time_s,qpos,qpos_unshifted,qvel,qact,target_qvel,qtorque_cmd,kp,kd
0.0,0.0263214111328125,0.0263214111328125,0.0,0.0,3.1415874858795636,2.746766318887376,15.0,1.0
0.001,0.0263214111328125,0.0263214111328125,-0.017581939697265625,0.0031415874858795635,3.141571982779476,2.8114565677727477,15.0,1.0
0.002,0.0263214111328125,0.0263214111328125,0.0,0.006283143965558951,3.141525473632222,2.8409514661234185,15.0,1.0
0.003,0.0263214111328125,0.0263214111328125,0.0,0.009424638433144006,3.1414479588968285,2.887996368401801,15.0,1.0
0.004,0.0263214111328125,0.0263214111328125,0.008790969848632812,0.012566039883352607,3.141339439338335,2.9262179007478037,15.0,1.0
0.005,0.0263214111328125,0.0263214111328125,0.03516578674316406,0.015707317311820675,3.1411999160277837,2.9468227219697423,15.0,1.0
0.006,0.0263214111328125,0.0263214111328125,0.026372909545898438,0.018848439715408175,3.141029390342215,3.0025619095352516,15.0,1.0
0.007,0.0263214111328125,0.0263214111328125,0.03516578674316406,0.021989376092505106,3.1408278639646525,3.0406815516168777,15.0,1.0
0.008,0.0263214111328125,0.0263214111328125,0.0615386962890625,0.02513009544333748,3.140595338884072,3.0611869072528846,15.0,1.0
0.009000000000000001,0.0263214111328125,0.0263214111328125,0.0615386962890625,0.028270566770273255,3.140331817395408,3.1080304556682568,15.0,1.0
0.01,0.0263214111328125,0.0263214111328125,0.07032966613769531,0.03141075907812829,3.1400373020995094,3.1460478551415507,15.0,1.0
0.011,0.026702880859375,0.026702880859375,0.07912063598632812,0.034550641374472266,3.1397117959031213,3.178307567643252,15.0,1.0
0.012,0.026702880859375,0.026702880859375,0.10549545288085938,0.03769018266993454,3.139355302018867,3.1986693762964005,15.0,1.0
0.013000000000000001,0.026702880859375,0.026702880859375,0.1318683624267578,0.04082935197851,3.138967823965185,3.2189965283254525,15.0,1.0
0.014,0.0270843505859375,0.0270843505859375,0.10549545288085938,0.0439681183178649,3.1385493655663304,3.286310428664382,15.0,1.0
0.015,0.0270843505859375,0.0270843505859375,0.1758251190185547,0.04710645070964266,3.138099930952322,3.2626063137893446,15.0,1.0
0.016,0.0270843505859375,0.0270843505859375,0.16703224182128906,0.050244318179769556,3.137619524558904,3.3179867966450955,15.0,1.0
0.017,0.0274658203125,0.0274658203125,0.21098899841308594,0.053381689758760474,3.137108151127485,3.3148571944083063,15.0,1.0
0.018000000000000002,0.0278472900390625,0.0278472900390625,0.22857093811035156,0.056518534482024534,3.136565815705115,3.338063544239194,15.0,1.0
0.019,0.0278472900390625,0.0278472900390625,0.1934070587158203,0.0596548213901707,3.1359925236444255,3.419698435195228,15.0,1.0
0.02,0.028228759765625,0.028228759765625,0.21098899841308594,0.06279051952931337,3.1353882806035713,3.442825678645811,15.0,1.0
0.021,0.028228759765625,0.028228759765625,0.20219802856445312,0.06592559795137785,3.1347530925462053,3.498007636768045,15.0,1.0
0.022,0.0286102294921875,0.0286102294921875,0.20219802856445312,0.06906002571440578,3.134086965741382,3.5386358805102027,15.0,1.0
0.023,0.0286102294921875,0.0286102294921875,0.21977996826171875,0.0721937718828606,3.133389906763469,3.5673630743618467,15.0,1.0
0.024,0.02899169921875,0.02899169921875,0.21098899841308594,0.07532680552793272,3.1326619224921757,3.6166995187168305,15.0,1.0
0.025,0.02899169921875,0.02899169921875,0.21098899841308594,0.07845909572784494,3.1319030201124107,3.662924969335749,15.0,1.0
0.026000000000000002,0.0293731689453125,0.0293731689453125,0.1758251190185547,0.08159061156815756,3.1311132071142467,3.738549727438368,15.0,1.0
0.027,0.0293731689453125,0.0293731689453125,0.1758251190185547,0.08472132214207344,3.1302924912928063,3.784689670225666,15.0,1.0
0.028,0.029754638671875,0.029754638671875,0.15824127197265625,0.08785119655074317,3.1294408807482412,3.8426479769586077,15.0,1.0
0.029,0.029754638671875,0.029754638671875,0.14065933227539062,0.09098020390356992,3.1285583838855757,3.906282530085609,15.0,1.0
0.03,0.0301361083984375,0.0301361083984375,0.14945030212402344,0.09410831331851431,3.1276450094147066,3.9377777810918353,15.0,1.0
0.031,0.0301361083984375,0.0301361083984375,0.14065933227539062,0.09723549392239932,3.1267007663502895,3.9925322169343263,15.0,1.0
0.032,0.0301361083984375,0.0301361083984375,0.1318683624267578,0.1003617148512149,3.125725664011604,4.047241398376507,15.0,1.0
0.033,0.030517578125,0.030517578125,0.1758251190185547,0.10348694525042253,3.124719712022504,4.043435099885287,15.0,1.0
0.034,0.030517578125,0.030517578125,0.15824127197265625,0.10661115427525991,3.1236829203113743,4.1068452905926165,15.0,1.0
0.035,0.0308990478515625,0.0308990478515625,0.16703224182128906,0.10973431109104528,3.1226152991108833,4.138112005881836,15.0,1.0
0.036000000000000004,0.0308990478515625,0.0308990478515625,0.1758251190185547,0.1128563848734817,3.121516858958053,4.175051795268287,15.0,1.0
0.037,0.0308990478515625,0.0308990478515625,0.14945030212402344,0.11597734480896137,3.120387610694017,4.2471117629309765,15.0,1.0
0.038,0.031281471252441406,0.031281471252441406,0.1934070587158203,0.11909716009486973,3.11922756546403,4.243055839384635,15.0,1.0
0.039,0.031281471252441406,0.031281471252441406,0.1846160888671875,0.12221579993988943,3.1180367347172577,4.29743557616179,15.0,1.0
0.04,0.031662940979003906,0.031662940979003906,0.1934070587158203,0.12533323356430426,3.1168151302067173,4.328462460270402,15.0,1.0
0.041,0.031662940979003906,0.031662940979003906,0.21098899841308594,0.12844943020030286,3.115562763989118,4.356371103895516,15.0,1.0
0.042,0.032044410705566406,0.032044410705566406,0.21098899841308594,0.1315643590922825,3.114279648424855,4.39608987581251,15.0,1.0
0.043000000000000003,0.032044410705566406,0.032044410705566406,0.1934070587158203,0.1346779894971526,3.1129657961777895,4.459062419335762,15.0,1.0
0.044,0.032425880432128906,0.032425880432128906,0.21977996826171875,0.13779029068463805,3.111621220215028,4.472307405740946,15.0,1.0
0.045,0.032807350158691406,0.032807350158691406,0.21977996826171875,0.14090123193758267,3.1102459338070503,4.5118741922287,15.0,1.0
0.046,0.032807350158691406,0.032807350158691406,0.2637367248535156,0.14401078255225216,3.1088399505273543,4.513154711577251,15.0,1.0
0.047,0.033188819885253906,0.033188819885253906,0.3076915740966797,0.14711891183863737,3.107403284252456,4.508663089456528,15.0,1.0
0.048,0.033570289611816406,0.033570289611816406,0.33406639099121094,0.15022558912075706,3.1059359491616334,4.521699050804532,15.0,1.0
0.049,0.033951759338378906,0.033951759338378906,0.3692302703857422,0.15333078373696063,3.1044379597368987,4.525893055329883,15.0,1.0
0.05,0.034333229064941406,0.034333229064941406,0.3604393005371094,0.15643446504023087,3.1029093307628273,4.57398856985506,15.0,1.0
0.051000000000000004,0.034714698791503906,0.034714698791503906,0.3604393005371094,0.1595366023984863,3.1013500773263587,4.613239330893985,15.0,1.0
0.052000000000000005,0.035096168518066406,0.035096168518066406,0.3868141174316406,0.1626371651948836,3.099760214816726,4.626061047537343,15.0,1.0
0.053,0.035477638244628906,0.035477638244628906,0.40439605712890625,0.1657361228281197,3.098139758925143,4.647620970548599,15.0,1.0
0.054,0.035859107971191406,0.035859107971191406,0.4219779968261719,0.16883344471273387,3.096488725644903,4.669125779941869,15.0,1.0
0.055,0.036240577697753906,0.036240577697753906,0.4307689666748047,0.17192910027940952,3.0948071312710823,4.699366003321112,15.0,1.0
0.056,0.036622047424316406,0.036622047424316406,0.4395599365234375,0.17502305897527604,3.09309499240031,4.729550229141267,15.0,1.0
0.057,0.037003517150878906,0.037003517150878906,0.4395599365234375,0.17811529026421014,3.0913523259306572,4.768468986107188,15.0,1.0
0.058,0.037766456604003906,0.037766456604003906,0.4923076629638672,0.18120576362713736,3.089579149061578,4.748861091444713,15.0,1.0
0.059000000000000004,0.038147926330566406,0.038147926330566406,0.5010986328125,0.18429444856233332,3.08777547929364,4.778874679957644,15.0,1.0
0.06,0.038529396057128906,0.038529396057128906,0.4219779968261719,0.1873813145857246,3.085941334428256,4.896742115531019,15.0,1.0
0.061,0.038910865783691406,0.038910865783691406,0.4835166931152344,0.19046633123118986,3.084076732567823,4.873892021165066,15.0,1.0
0.062,0.039673805236816406,0.039673805236816406,0.4835166931152344,0.19354946805086023,3.0821816921150997,4.906799941210522,15.0,1.0
0.063,0.040055274963378906,0.040055274963378906,0.45714378356933594,0.19663069461542007,3.08025623177339,4.971743742984671,15.0,1.0
0.064,0.040436744689941406,0.040436744689941406,0.4219779968261719,0.19970998051440703,3.0783003705462164,5.045420911087029,15.0,1.0
0.065,0.040818214416503906,0.040818214416503906,0.40439605712890625,0.2027872953565125,3.076314127737149,5.101454284708371,15.0,1.0
0.066,0.041199684143066406,0.041199684143066406,0.4307689666748047,0.20586260876988133,3.0742975229495926,5.113472425677012,15.0,1.0
0.067,0.041581153869628906,0.041581153869628906,0.4835166931152344,0.2089358904024117,3.0722505760866454,5.0990549309631525,15.0,1.0
0.068,0.042344093322753906,0.042344093322753906,0.5098896026611328,0.21200710992205463,3.070173307350842,5.10522895367922,15.0,1.0
0.069,0.042725563049316406,0.042725563049316406,0.4923076629638672,0.21507623701711337,3.0680657372439697,5.161018183797057,15.0,1.0
0.07,0.043488502502441406,0.043488502502441406,0.5362644195556641,0.21814324139654256,3.0659278865668824,5.149484550422736,15.0,1.0
0.07100000000000001,0.043869972229003906,0.043869972229003906,0.5626373291015625,0.22120809279024714,3.063759776419303,5.161194255736389,15.0,1.0
0.07200000000000001,0.044632911682128906,0.044632911682128906,0.5890102386474609,0.2242707609493812,3.061561428199653,5.167118928560976,15.0,1.0
0.073,0.045014381408691406,0.045014381408691406,0.5802192687988281,0.2273312156466464,3.059332863604695,5.213866108375192,15.0,1.0
0.074,0.045777320861816406,0.045777320861816406,0.6593399047851562,0.23038942667659057,3.0570741046294927,5.166915787065949,15.0,1.0
0.075,0.046540260314941406,0.046540260314941406,0.6681327819824219,0.2334453638559054,3.0547851735670406,5.190228944699078,15.0,1.0
0.076,0.046921730041503906,0.046921730041503906,0.5978031158447266,0.23649899702372468,3.0524660930082064,5.298321981896791,15.0,1.0
0.077,0.047684669494628906,0.047684669494628906,0.6593399047851562,0.23955029604192182,3.050116885841362,5.2687613792656,15.0,1.0
0.078,0.048066139221191406,0.048066139221191406,0.6329669952392578,0.2425992307954074,3.047737575252256,5.332766953626239,15.0,1.0
0.079,0.048829078674316406,0.048829078674316406,0.5890102386474609,0.24564577119242634,3.045328184723701,5.408568333847889,15.0,1.0
0.08,0.049210548400878906,0.049210548400878906,0.5450553894042969,0.2486898871648548,3.0428887380353586,5.4900234300907,15.0,1.0
0.081,0.049973487854003906,0.049973487854003906,0.5890102386474609,0.25173154866849706,3.040419259263672,5.477779932833608,15.0,1.0
0.082,0.050736427307128906,0.050736427307128906,0.6417579650878906,0.25477072568338216,3.037919772781393,5.456676283337302,15.0,1.0
0.083,0.051117897033691406,0.051117897033691406,0.5802192687988281,0.25780738821405985,3.035390303257401,5.5555134021641,15.0,1.0
0.084,0.051880836486816406,0.051880836486816406,0.6769237518310547,0.26084150628989694,3.0328308756565434,5.4903171708716965,15.0,1.0
0.085,0.052643775939941406,0.052643775939941406,0.6593399047851562,0.2638730499653729,3.0302415152392825,5.5393407208355985,15.0,1.0
0.08600000000000001,0.053025245666503906,0.053025245666503906,0.6681327819824219,0.26690198932037557,3.027622247561709,5.567640620387362,15.0,1.0
0.08700000000000001,0.053788185119628906,0.053788185119628906,0.6945056915283203,0.2699282944604964,3.0249730984748453,5.572569047059537,15.0,1.0
0.088,0.054551124572753906,0.054551124572753906,0.7296695709228516,0.27295193551732516,3.0222940941246463,5.568636687370363,15.0,1.0
0.089,0.055314064025878906,0.055314064025878906,0.6681327819824219,0.2759728826487457,3.0195852609520557,5.661334758312636,15.0,1.0
0.09,0.056077003479003906,0.056077003479003906,0.7208786010742188,0.2789911060392293,3.0168466256918407,5.639679563021002,15.0,1.0
0.091,0.056839942932128906,0.056839942932128906,0.6945056915283203,0.2820065759001294,3.0140782153734165,5.697072018365104,15.0,1.0
0.092,0.057221412658691406,0.057221412658691406,0.6505489349365234,0.2850192624699761,3.0112800573198797,5.777698869552626,15.0,1.0
0.093,0.057984352111816406,0.057984352111816406,0.6769237518310547,0.28802913601476915,3.008452179147838,5.7822001858610745,15.0,1.0
0.094,0.058747291564941406,0.058747291564941406,0.7648353576660156,0.2910361668282718,3.0055946087673817,5.725092380051322,15.0,1.0
0.095,0.059510231018066406,0.059510231018066406,0.7560443878173828,0.29404032523230395,3.0027073743815436,5.764614399777724,15.0,1.0
0.096,0.060273170471191406,0.060273170471191406,0.8527469635009766,0.2970415815770349,2.999790504486157,5.698569707572833,15.0,1.0
0.097,0.061417579650878906,0.061417579650878906,0.8879127502441406,0.30003990624127624,2.996844027869514,5.688266176481333,15.0,1.0
0.098,0.062180519104003906,0.062180519104003906,0.9230766296386719,0.30303526963277394,2.9938679736122538,5.683612601905132,15.0,1.0
0.099,0.0633249282836914,0.0633249282836914,1.002197265625,0.30602764218850076,2.9908623710867346,5.629205814033875,15.0,1.0
0.1,0.0640878677368164,0.0640878677368164,0.9230766296386719,0.3090169943749474,2.9878272499570357,5.738687519890329,15.0,1.0
0.101,0.0652322769165039,0.0652322769165039,0.9318675994873047,0.31200329668841487,2.9847626401786727,5.754460337270032,15.0,1.0
0.10200000000000001,0.0659952163696289,0.0659952163696289,0.8263740539550781,0.3149865196553048,2.981668571998057,5.890164067328117,15.0,1.0
0.10300000000000001,0.0667581558227539,0.0667581558227539,0.8527469635009766,0.31796663383241097,2.9785450759523826,5.893925282596262,15.0,1.0
0.10400000000000001,0.0675210952758789,0.0675210952758789,0.9054946899414062,0.32094360980720954,2.9753921828692285,5.871235210897781,15.0,1.0
0.105,0.0686655044555664,0.0686655044555664,0.9582424163818359,0.3239174181981494,2.972209923866444,5.842746213623354,15.0,1.0
0.106,0.0694284439086914,0.0694284439086914,0.9494514465332031,0.32688802965494246,2.968998330351752,5.881440670012315,15.0,1.0
0.107,0.0705728530883789,0.0705728530883789,0.9934062957763672,0.3298554148588529,2.9657574340220947,5.861589564802838,15.0,1.0
0.108,0.0717172622680664,0.0717172622680664,1.0637359619140625,0.3328195445229866,2.96248726686386,5.815285538773601,15.0,1.0
0.109,0.0724802017211914,0.0724802017211914,0.9494514465332031,0.33578038939258065,2.9591878611523725,5.959239229690008,15.0,1.0
0.11,0.0736246109008789,0.0736246109008789,0.9406585693359375,0.33873792024529137,2.9558592494513505,5.9919003202816,15.0,1.0
0.111,0.0743875503540039,0.0743875503540039,0.8263740539550781,0.3416921078914833,2.9525014646128227,6.135695773719935,15.0,1.0
0.112,0.0751504898071289,0.0751504898071289,0.9054946899414062,0.34464292317451706,2.9491145397768435,6.08600635034626,15.0,1.0
0.113,0.0762948989868164,0.0762948989868164,0.8967037200927734,0.34759033697103703,2.945698508370981,6.118426358041517,15.0,1.0
0.114,0.0770578384399414,0.0770578384399414,1.037363052368164,0.350534320191259,2.942253404110062,6.007037578011662,15.0,1.0
0.115,0.0782022476196289,0.0782022476196289,1.0725269317626953,0.35347484377925714,2.938779260995858,5.995341271627586,15.0,1.0
0.116,0.0793466567993164,0.0793466567993164,1.213186264038086,0.35641187871325075,2.935276113316746,5.878068177987675,15.0,1.0
0.117,0.0804910659790039,0.0804910659790039,1.1868133544921875,0.35934539600589066,2.93174399564748,5.927745591558594,15.0,1.0
0.11800000000000001,0.0816354751586914,0.0816354751586914,1.1516475677490234,0.3622753667045457,2.9281829428485935,5.986133748287385,15.0,1.0
0.11900000000000001,0.0827798843383789,0.0827798843383789,1.002197265625,0.3652017618915878,2.9245929900661736,6.158723887739307,15.0,1.0
0.12,0.0839242935180664,0.0839242935180664,1.037363052368164,0.3681245526846779,2.9209741727316043,6.1466150078626125,15.0,1.0
0.121,0.0846872329711914,0.0846872329711914,1.0197811126708984,0.371043710237051,2.917326526561226,6.192892572878222,15.0,1.0
0.122,0.0858316421508789,0.0858316421508789,1.1076927185058594,0.3739592057378004,2.9136500875558227,6.127870822853786,15.0,1.0
0.123,0.0869760513305664,0.0869760513305664,1.1516475677490234,0.37687101041216264,2.9099448920003397,6.106721710475259,15.0,1.0
0.124,0.0885019302368164,0.0885019302368164,1.2395610809326172,0.37977909552180106,2.9062109764635693,6.035807374805722,15.0,1.0
0.125,0.0896463394165039,0.0896463394165039,1.1692314147949219,0.3826834323650898,2.9024483777977252,6.128773357231592,15.0,1.0
0.126,0.0904092788696289,0.0904092788696289,1.0549449920654297,0.38558399227739654,2.89865713313813,6.2713328421892145,15.0,1.0
0.127,0.0915536880493164,0.0915536880493164,1.0109882354736328,0.38848074663136606,2.8948372799029585,6.3377549231600705,15.0,1.0
0.128,0.0926980972290039,0.0926980972290039,1.037363052368164,0.3913736668372024,2.8909888557924432,6.333759347547257,15.0,1.0
0.129,0.09384346008300781,0.09384346008300781,1.1340656280517578,0.39426272434295095,2.8871118987890725,6.2593352346364615,15.0,1.0
0.13,0.09498786926269531,0.09498786926269531,1.2219772338867188,0.3971478906347806,2.88320644715688,6.193629533851441,15.0,1.0
0.131,0.09651374816894531,0.09651374816894531,1.4065933227539062,0.40002913723726474,2.8792725394410184,6.025410052711903,15.0,1.0
0.132,0.09765815734863281,0.09765815734863281,1.3450546264648438,0.40290643571366264,2.875310214467646,6.10897976347825,15.0,1.0
0.133,0.09880256652832031,0.09880256652832031,1.2219772338867188,0.4057797576662,2.871319511343188,6.254000144524665,15.0,1.0
0.134,0.09994697570800781,0.09994697570800781,1.1516475677490234,0.40864907473634904,2.867300469454392,6.346184387130487,15.0,1.0
0.135,0.10109138488769531,0.10109138488769531,1.1692314147949219,0.4115143586051088,2.863253128467562,6.350366319433843,15.0,1.0
0.136,0.10261726379394531,0.10261726379394531,1.2659339904785156,0.41437558099328414,2.859177528328246,6.269618295839813,15.0,1.0
0.137,0.10376167297363281,0.10376167297363281,1.292306900024414,0.4172327136617653,2.8550737092610348,6.264832419558608,15.0,1.0
0.138,0.10528755187988281,0.10528755187988281,1.3978023529052734,0.42008572841180625,2.8509417117689964,6.175112006842575,15.0,1.0
0.139,0.10643196105957031,0.10643196105957031,1.3538455963134766,0.4229345970853033,2.846781576633248,6.240475520705766,15.0,1.0
0.14,0.10757637023925781,0.10757637023925781,1.1780223846435547,0.4257792915650727,2.8425933449125296,6.437614780156198,15.0,1.0
0.14100000000000001,0.10910224914550781,0.10910224914550781,1.2307701110839844,0.4286197837751284,2.8383770579431484,6.400369966303472,15.0,1.0
0.14200000000000002,0.11024665832519531,0.11024665832519531,1.2747249603271484,0.431456045680959,2.834132757338125,6.377548607347432,15.0,1.0
0.14300000000000002,0.11177253723144531,0.11177253723144531,1.371429443359375,0.43428804928980463,2.8298604849869378,6.2961637225029525,15.0,1.0
0.14400000000000002,0.11329841613769531,0.11329841613769531,1.5736255645751953,0.43711576665093294,2.825560283055239,6.109194976178608,15.0,1.0
0.145,0.11482429504394531,0.11482429504394531,1.5120887756347656,0.4399391698559151,2.821232193984315,6.185866540529096,15.0,1.0
0.146,0.11596870422363281,0.11596870422363281,1.336263656616211,0.44275823103890144,2.8168762604905737,6.382455506103392,15.0,1.0
0.147,0.11749458312988281,0.11749458312988281,1.3802204132080078,0.4455729223768963,2.8124925255654034,6.353447201062598,15.0,1.0
0.148,0.11902046203613281,0.11902046203613281,1.415384292602539,0.44838321609003223,2.8080810324743766,6.333138050680329,15.0,1.0
0.149,0.12016487121582031,0.12016487121582031,1.4505500793457031,0.451189084441845,2.80364182475725,6.3184549438019175,15.0,1.0
0.15,0.12169075012207031,0.12169075012207031,1.538461685180664,0.45399049973954675,2.7991749462272253,6.245209505308708,15.0,1.0
0.151,0.12321662902832031,0.12321662902832031,1.5032958984375,0.45678743433429947,2.7946804409705237,6.294946622122711,15.0,1.0
0.152,0.12474250793457031,0.12474250793457031,1.292306900024414,0.4595798606214878,2.790158353346129,6.520411743625478,15.0,1.0
0.153,0.1258869171142578,0.1258869171142578,1.3186817169189453,0.46236775104099176,2.785608727985249,6.514139519967313,15.0,1.0
0.154,0.1274127960205078,0.1274127960205078,1.4241752624511719,0.4651510780774583,2.78103160979083,6.422930578193916,15.0,1.0
0.155,0.1289386749267578,0.1289386749267578,1.538461685180664,0.4679298142605734,2.7764270439371046,6.322832448763674,15.0,1.0
0.156,0.1304645538330078,0.1304645538330078,1.6703300476074219,0.4707039321653325,2.7717950758693632,6.205055703246812,15.0,1.0
0.157,0.1319904327392578,0.1319904327392578,1.5648345947265625,0.4734734044123121,2.7671357513032717,6.324545731672524,15.0,1.0
0.158,0.1335163116455078,0.1335163116455078,1.4945049285888672,0.47623820366793906,2.7624491162244453,6.408772567972047,15.0,1.0
0.159,0.1350421905517578,0.1350421905517578,1.4505500793457031,0.478998302644761,2.7577352168881077,6.466526818937453,15.0,1.0
0.16,0.1365680694580078,0.1365680694580078,1.5032958984375,0.4817536741017153,2.7529940998184372,6.42748227103655,15.0,1.0
0.161,0.1380939483642578,0.1380939483642578,1.6351642608642578,0.4845042908443979,2.7482258118084815,6.309216688146325,15.0,1.0
0.162,0.1396198272705078,0.1396198272705078,1.5648345947265625,0.4872501257253323,2.7434303999193332,6.393050282015138,15.0,1.0
0.163,0.1411457061767578,0.1411457061767578,1.4241752624511719,0.48999115164423657,2.7386079114796473,6.547114331040657,15.0,1.0
0.164,0.1426715850830078,0.1426715850830078,1.459341049194336,0.49272734154829156,2.7337583940854984,6.525253691870419,15.0,1.0
0.165,0.1441974639892578,0.1441974639892578,1.5648345947265625,0.4954586684324076,2.7288818955996135,6.432965367520298,15.0,1.0
0.166,0.1461048126220703,0.1461048126220703,1.7318687438964844,0.4981851053394908,2.7239784641511164,6.273314111015939,15.0,1.0
0.167,0.1476306915283203,0.1476306915283203,1.7934074401855469,0.5009066253607098,2.7190481481349877,6.224779715435284,15.0,1.0
0.168,0.1495380401611328,0.1495380401611328,1.626373291015625,0.5036232016357608,2.714090996211354,6.398995127315149,15.0,1.0
0.169,0.1510639190673828,0.1510639190673828,1.6175823211669922,0.5063348073531325,2.7091070573052605,6.420588060424514,15.0,1.0
0.17,0.1525897979736328,0.1525897979736328,1.626373291015625,0.5090414157503713,2.704096380606188,6.424497356241641,15.0,1.0
0.171,0.1541156768798828,0.1541156768798828,1.6703300476074219,0.5117430001143449,2.6990590155675704,6.39313881647708,15.0,1.0
0.17200000000000001,0.1560230255126953,0.1560230255126953,1.6879119873046875,0.5144395337815064,2.6939950119061393,6.382330648633618,15.0,1.0
0.17300000000000001,0.15754985809326172,0.15754985809326172,1.5736255645751953,0.5171309901381572,2.688904419601556,6.5089958356997935,15.0,1.0
0.17400000000000002,0.15907573699951172,0.15907573699951172,1.6351642608642578,0.5198173426207096,2.6837872888958145,6.4597471123495245,15.0,1.0
0.17500000000000002,0.16098308563232422,0.16098308563232422,1.7318687438964844,0.5224985647159488,2.67864367029307,6.369507112650954,15.0,1.0
0.176,0.16289043426513672,0.16289043426513672,1.7846145629882812,0.5251746299612956,2.673473614558816,6.323121987012918,15.0,1.0
0.177,0.16441631317138672,0.16441631317138672,1.7934074401855469,0.5278455119450663,2.668277172719229,6.326307714138877,15.0,1.0
0.178,0.16632366180419922,0.16632366180419922,1.7318687438964844,0.530511184306734,2.6630543960611135,6.393998489702652,15.0,1.0
0.179,0.16784954071044922,0.16784954071044922,1.7846145629882812,0.5331716207371886,2.6578053361312755,6.3530219735440845,15.0,1.0
0.18,0.16975688934326172,0.16975688934326172,1.7846145629882812,0.5358267949789967,2.6525300447357836,6.3589640662835265,15.0,1.0
0.181,0.17166423797607422,0.17166423797607422,1.7670326232910156,0.5384766808266601,2.6472285739395716,6.382382593407344,15.0,1.0
0.182,0.17319011688232422,0.17319011688232422,1.7318687438964844,0.5411212521268758,2.641900976066097,6.428999260837886,15.0,1.0
0.183,0.17509746551513672,0.17509746551513672,1.7318687438964844,0.5437604827787924,2.636547303696659,6.43462381875501,15.0,1.0
0.184,0.17700481414794922,0.17700481414794922,1.8197803497314453,0.5463943467342691,2.631167609669717,6.35223024873307,15.0,1.0
0.185,0.17853069305419922,0.17853069305419922,1.7582416534423828,0.5490228179981318,2.625761947080548,6.424902167797153,15.0,1.0
0.186,0.18043804168701172,0.18043804168701172,1.7934074401855469,0.5516458706284302,2.6203303692810778,6.395040363216808,15.0,1.0
0.187,0.18196392059326172,0.18196392059326172,1.7318687438964844,0.554263478736694,2.6148729298788567,6.467497558133857,15.0,1.0
0.188,0.18387126922607422,0.18387126922607422,1.7582416534423828,0.556875616488188,2.6093896827364915,6.446213238225814,15.0,1.0
0.189,0.18577861785888672,0.18577861785888672,1.7670326232910156,0.559482258102167,2.6038806819713045,6.442402662329493,15.0,1.0
0.19,0.18730449676513672,0.18730449676513672,1.714284896850586,0.5620833778521306,2.598345981955049,6.505744301409371,15.0,1.0
0.191,0.18921184539794922,0.18921184539794922,1.714284896850586,0.564678950066077,2.592785637313,6.510507310484331,15.0,1.0
0.192,0.19073772430419922,0.19073772430419922,1.5912094116210938,0.5672689491267565,2.5871997029233853,6.643958663640651,15.0,1.0
0.193,0.19226360321044922,0.19226360321044922,1.6791210174560547,0.5698533494719238,2.5815882339171594,6.5663134103832235,15.0,1.0
0.194,0.19417095184326172,0.19417095184326172,1.8285713195800781,0.5724321255945909,2.5759512856773767,6.421297572367236,15.0,1.0
0.195,0.19607830047607422,0.19607830047607422,1.872528076171875,0.5750052520432786,2.5702889138383966,6.381665111174587,15.0,1.0
0.196,0.19798564910888672,0.19798564910888672,1.9076919555664062,0.5775727034222676,2.5646011742854284,6.3507150334197355,15.0,1.0
0.197,0.19989299774169922,0.19989299774169922,1.8285713195800781,0.5801344543918494,2.5588881231542473,6.433938653326422,15.0,1.0
0.198,0.20180034637451172,0.20180034637451172,1.9252738952636719,0.5826904796685761,2.5531498168303415,6.341227920977635,15.0,1.0
0.199,0.20370769500732422,0.20370769500732422,1.8901100158691406,0.5852407540255101,2.5473863119485145,6.380272181352162,15.0,1.0
0.2,0.20561504364013672,0.20561504364013672,1.9252738952636719,0.5877852522924731,2.541597665392203,6.348876899913577,15.0,1.0
0.201,0.20752239227294922,0.20752239227294922,1.8461532592773438,0.5903239493562945,2.535783934293022,6.431654031265857,15.0,1.0
0.202,0.20942974090576172,0.20942974090576172,1.9076919555664062,0.5928568201610592,2.5299451760301963,6.373659409293253,15.0,1.0
0.203,0.21133708953857422,0.21133708953857422,2.0219783782958984,0.595383839708355,2.524081448229765,6.262804322480577,15.0,1.0
0.20400000000000001,0.21324443817138672,0.21324443817138672,2.074726104736328,0.5979049830575188,2.5181928087645247,6.213374877320178,15.0,1.0
0.20500000000000002,0.21553325653076172,0.21553325653076172,2.0219783782958984,0.600420225325884,2.5122793157529486,6.263605469383885,15.0,1.0
0.20600000000000002,0.21744060516357422,0.21744060516357422,2.039560317993164,0.6029295416890247,2.506341027558676,6.249114757447269,15.0,1.0
0.20700000000000002,0.21934890747070312,0.21934890747070312,2.0659332275390625,0.6054329073810014,2.5003780027903986,6.225704773905811,15.0,1.0
0.20800000000000002,0.22163772583007812,0.22163772583007812,1.960439682006836,0.6079302976946055,2.4943903003006085,6.328339196261683,15.0,1.0
0.209,0.22354507446289062,0.22354507446289062,1.9076919555664062,0.6104216879816026,2.4883779791854863,6.383835226399759,15.0,1.0
0.21,0.22545242309570312,0.22545242309570312,1.9692306518554688,0.6129070536529764,2.4823410987843886,6.324929905288019,15.0,1.0
0.211,0.22735977172851562,0.22735977172851562,2.0659332275390625,0.6153863701791714,2.4762797186789953,6.230745467899769,15.0,1.0
0.212,0.22964859008789062,0.22964859008789062,2.0571422576904297,0.6178596130903343,2.4701938986923437,6.23621698603857,15.0,1.0
0.213,0.23155593872070312,0.23155593872070312,1.9956035614013672,0.620326757976556,2.4640836988891124,6.300042426325539,15.0,1.0
0.214,0.23346328735351562,0.23346328735351562,2.039560317993164,0.6227877804881126,2.4579491795744843,6.258256258600275,15.0,1.0
0.215,0.23575210571289062,0.23575210571289062,2.083517074584961,0.6252426563357051,2.45179040129392,6.210631586051176,15.0,1.0
0.216,0.23765945434570312,0.23765945434570312,1.9516487121582031,0.6276913612907005,2.445607424832019,6.344437316848776,15.0,1.0
0.217,0.23956680297851562,0.23956680297851562,1.837362289428711,0.6301338711853691,2.4394003112120117,6.460544044886103,15.0,1.0
0.218,0.24109268188476562,0.24109268188476562,1.8637371063232422,0.6325701619131244,2.433169121695755,6.441594215797895,15.0,1.0
0.219,0.24338150024414062,0.24338150024414062,2.1010990142822266,0.6350002094287606,2.426913917782599,6.200095541269672,15.0,1.0
0.22,0.24528884887695312,0.24528884887695312,1.9868125915527344,0.6374239897486896,2.4206347612088734,6.315849282732187,15.0,1.0
0.221,0.24719619750976562,0.24719619750976562,1.9340667724609375,0.6398414789511784,2.4143317139473766,6.369944163107631,15.0,1.0
0.222,0.24910354614257812,0.24910354614257812,1.8813190460205078,0.6422526531765844,2.408004838206466,6.423922397696053,15.0,1.0
0.223,0.2513923645019531,0.2513923645019531,2.127471923828125,0.6446574886275913,2.401654196429888,6.173159134486336,15.0,1.0
0.224,0.2532997131347656,0.2532997131347656,2.0219783782958984,0.6470559615694442,2.395279851296209,6.279645199520489,15.0,1.0
0.225,0.2552070617675781,0.2552070617675781,1.8549442291259766,0.6494480483301837,2.3888818657172806,6.447552435030387,15.0,1.0
0.226,0.2571144104003906,0.2571144104003906,1.8021984100341797,0.6518337253008788,2.3824603028386946,6.5010516163118375,15.0,1.0
0.227,0.2590217590332031,0.2590217590332031,2.004396438598633,0.6542129689358611,2.3760152260388736,6.299486935980111,15.0,1.0
0.228,0.2609291076660156,0.2609291076660156,2.136262893676758,0.6565857557529565,2.369546698927934,6.168133526555289,15.0,1.0
0.229,0.2632179260253906,0.2632179260253906,1.9780216217041016,0.658952062333717,2.3630547853476855,6.321045208268479,15.0,1.0
0.23,0.2651252746582031,0.2651252746582031,1.960439682006836,0.6613118653236518,2.356539549370723,6.338898727345617,15.0,1.0
0.231,0.2670326232910156,0.2670326232910156,2.171428680419922,0.6636651414324585,2.350001055299913,6.128060147001634,15.0,1.0
0.232,0.2693214416503906,0.2693214416503906,2.259340286254883,0.6660118674342517,2.3434393676673153,6.034455468170348,15.0,1.0
0.233,0.2712287902832031,0.2712287902832031,1.9076919555664062,0.668352020167793,2.3368545512341257,6.386011043936568,15.0,1.0
0.234,0.2731361389160156,0.2731361389160156,1.8989009857177734,0.67068557653672,2.330246670990107,6.394587249582899,15.0,1.0
0.23500000000000001,0.2754249572753906,0.2754249572753906,2.136262893676758,0.6730125135097733,2.323615792152225,6.151166241991207,15.0,1.0
0.23600000000000002,0.2777137756347656,0.2777137756347656,2.3120880126953125,0.6753328081210245,2.3169619801645354,5.969159454763106,15.0,1.0
0.23700000000000002,0.2796211242675781,0.2796211242675781,2.074726104736328,0.6776464374701023,2.3102853006973874,6.205938893998923,15.0,1.0
0.23800000000000002,0.28191089630126953,0.28191089630126953,2.0571422576904297,0.6799533787224192,2.3035858196470826,6.217080798273899,15.0,1.0
0.23900000000000002,0.28419971466064453,0.28419971466064453,2.3032970428466797,0.6822536091093965,2.2968636031347387,5.964374977019338,15.0,1.0
0.24,0.28648853302001953,0.28648853302001953,2.2769222259521484,0.6845471059286886,2.2901187175059476,5.984075085183836,15.0,1.0
0.241,0.28839588165283203,0.28839588165283203,1.9956035614013672,0.6868338465444083,2.2833512293299805,6.264317141302257,15.0,1.0
0.242,0.29030323028564453,0.29030323028564453,1.9516487121582031,0.6891138083873485,2.276561205399048,6.307071164766404,15.0,1.0
0.243,0.29259204864501953,0.29259204864501953,2.3208789825439453,0.6913869689552065,2.2697487127281875,5.930793534837046,15.0,1.0
0.244,0.29488086700439453,0.29488086700439453,2.2681312561035156,0.6936533058128049,2.2629138185539546,5.976369144576595,15.0,1.0
0.245,0.29716968536376953,0.29716968536376953,2.1098899841308594,0.6959127965923143,2.2560565903338556,6.127313274631168,15.0,1.0
0.246,0.29907703399658203,0.29907703399658203,2.0659332275390625,0.6981654189934726,2.249177095746006,6.169569643160303,15.0,1.0
0.247,0.30136585235595703,0.30136585235595703,2.3999996185302734,0.7004111507838063,2.2422754026882785,5.827955260575744,15.0,1.0
0.248,0.30365467071533203,0.30365467071533203,2.1978015899658203,0.7026499697988492,2.2353515792775056,6.022479475564443,15.0,1.0
0.249,0.30594348907470703,0.30594348907470703,2.048351287841797,0.7048818539423614,2.2284056938491403,6.164129879022158,15.0,1.0
0.25,0.30785083770751953,0.30785083770751953,2.0219783782958984,0.7071067811865475,2.221437814956232,6.188298588845752,15.0,1.0
0.251,0.31013965606689453,0.31013965606689453,2.259340286254883,0.7093247295722739,2.2144480113689156,5.942883827694723,15.0,1.0
0.252,0.31242847442626953,0.31242847442626953,2.1890106201171875,0.7115356772092853,2.207436352073728,6.005033773701777,15.0,1.0
0.253,0.31433582305908203,0.31433582305908203,2.136262893676758,0.7137396022764213,2.2004029062728705,6.055196700856202,15.0,1.0
0.254,0.31662464141845703,0.31662464141845703,2.1978015899658203,0.7159364830218311,2.193347743383754,5.985223777468544,15.0,1.0
0.255,0.31891345977783203,0.31891345977783203,2.259340286254883,0.7181262977631888,2.1862709330379175,5.915123216563386,15.0,1.0
0.256,0.32082080841064453,0.32082080841064453,2.1010990142822266,0.7203090248879069,2.179172545080519,6.070396777957228,15.0,1.0
0.257,0.32310962677001953,0.32310962677001953,2.004396438598633,0.7224846428533498,2.172052649569821,6.158281452221142,15.0,1.0
0.258,0.32501697540283203,0.32501697540283203,2.1098899841308594,0.7246531301870466,2.164911316776511,6.049563654408869,15.0,1.0
0.259,0.32730579376220703,0.32730579376220703,2.1802196502685547,0.7268144654869029,2.1577486171825058,5.970159042784388,15.0,1.0
0.26,0.32959461212158203,0.32959461212158203,2.1802196502685547,0.7289686274214116,2.150564621480612,5.9609552007095,15.0,1.0
0.261,0.33150196075439453,0.33150196075439453,2.1802196502685547,0.7311155947298641,2.143359400574184,5.957344259937672,15.0,1.0
0.262,0.33379077911376953,0.33379077911376953,2.206592559814453,0.73325534622256,2.136133025575873,5.921508972393276,15.0,1.0
0.263,0.33607959747314453,0.33607959747314453,2.1890106201171875,0.7353878607810158,2.1288855678070036,5.9294988973078855,15.0,1.0
0.264,0.33798694610595703,0.33798694610595703,2.0923080444335938,0.7375131173581739,2.1216170987968894,6.022201623146549,15.0,1.0
0.265,0.34027576446533203,0.34027576446533203,2.1010990142822266,0.7396310949786097,2.1143276902826074,6.003558633699545,15.0,1.0
0.266,0.34256458282470703,0.34256458282470703,2.171428680419922,0.7417417727387392,2.1070174142076894,5.92324658249825,15.0,1.0
0.267,0.34447288513183594,0.34447288513183594,2.241758346557617,0.743845129807025,2.0996863427214407,5.848511666291659,15.0,1.0
0.268,0.34676170349121094,0.34676170349121094,2.3208789825439453,0.7459411454241821,2.092334548178769,5.759147194629391,15.0,1.0
0.269,0.34905052185058594,0.34905052185058594,2.171428680419922,0.7480297989033825,2.084962103138764,5.898222578510791,15.0,1.0
0.27,0.35133934020996094,0.35133934020996094,2.294506072998047,0.7501110696304596,2.0775690803644125,5.764638948673845,15.0,1.0
0.271,0.35362815856933594,0.35362815856933594,2.241758346557617,0.7521849370641114,2.0701555528220865,5.806748883686101,15.0,1.0
0.272,0.35591697692871094,0.35591697692871094,2.1978015899658203,0.7542513807361038,2.062721593680294,5.839936060825366,15.0,1.0
0.273,0.35782432556152344,0.35782432556152344,2.0659332275390625,0.756310380251472,2.0552672763090527,5.966624869119219,15.0,1.0
0.274,0.36011314392089844,0.36011314392089844,2.2241764068603516,0.7583619152887219,2.047792674279549,5.797347837936549,15.0,1.0
0.275,0.36240196228027344,0.36240196228027344,2.373626708984375,0.760405965600031,2.040297861363001,5.636731202174991,15.0,1.0
0.276,0.36469078063964844,0.36469078063964844,2.2769222259521484,0.7624425110114479,2.032782911530262,5.722136641155105,15.0,1.0
0.277,0.36697959899902344,0.36697959899902344,2.136262893676758,0.7644715314230917,2.0252478989509655,5.851363991635231,15.0,1.0
0.278,0.36926841735839844,0.36926841735839844,2.285715103149414,0.7664930068093498,2.0176928979925606,5.690346636607417,15.0,1.0
0.279,0.37155723571777344,0.37155723571777344,2.3912086486816406,0.7685069172190767,2.010117983219743,5.573154557057651,15.0,1.0
0.28,0.37384605407714844,0.37384605407714844,2.083517074584961,0.7705132427757893,2.002523229393887,5.869013985288539,15.0,1.0
0.281,0.37575340270996094,0.37575340270996094,2.083517074584961,0.7725119636778645,1.9949087114722488,5.862770051405841,15.0,1.0
0.28200000000000003,0.37804222106933594,0.37804222106933594,2.3120880126953125,0.7745030601987338,1.9872745046070577,5.622099078852713,15.0,1.0
0.28300000000000003,0.38071250915527344,0.38071250915527344,2.452747344970703,0.7764865126870786,1.9796206841448338,5.463483392151208,15.0,1.0
0.28400000000000003,0.38261985778808594,0.38261985778808594,2.136262893676758,0.7784623015670235,1.9719473256255355,5.773321088632841,15.0,1.0
0.28500000000000003,0.38490867614746094,0.38490867614746094,2.241758346557617,0.7804304073383297,1.9642545047823319,5.655322126087746,15.0,1.0
0.28600000000000003,0.38719749450683594,0.38719749450683594,2.3560447692871094,0.7823908105765881,1.9565422975402385,5.528397269299411,15.0,1.0
0.28700000000000003,0.38948631286621094,0.38948631286621094,2.1890106201171875,0.7843434919334101,1.9488107800153784,5.682657845906179,15.0,1.0
0.28800000000000003,0.39139366149902344,0.39139366149902344,2.039560317993164,0.7862884321366189,1.9410600285150394,5.824921270085808,15.0,1.0
0.289,0.39368247985839844,0.39368247985839844,2.2153854370117188,0.78822561199044,1.933290119535684,5.6360516645045875,15.0,1.0
0.29,0.39597129821777344,0.39597129821777344,2.3999996185302734,0.7901550123756903,1.9255011297635178,5.4382572236019975,15.0,1.0
0.291,0.39826011657714844,0.39826011657714844,2.2153854370117188,0.792076614249967,1.9176931360725007,5.60955516415306,15.0,1.0
0.292,0.40054893493652344,0.40054893493652344,2.1450557708740234,0.7939903986478353,1.9098662155244028,5.666432400320057,15.0,1.0
0.293,0.40283775329589844,0.40283775329589844,2.294506072998047,0.7958963466810158,1.9020204453678389,5.503393273146553,15.0,1.0
0.294,0.40512657165527344,0.40512657165527344,2.285715103149414,0.797794439538571,1.8941559030373583,5.498458818137408,15.0,1.0
0.295,0.40703487396240234,0.40703487396240234,2.0219783782958984,0.7996846584870905,1.8862726661527631,5.754041055727186,15.0,1.0
0.296,0.40932369232177734,0.40932369232177734,2.1538467407226562,0.8015669848708765,1.878370812518483,5.608173460032314,15.0,1.0
0.297,0.41161251068115234,0.41161251068115234,2.338460922241211,0.8034414001121275,1.8704504201227223,5.4094228393461385,15.0,1.0
0.298,0.41390132904052734,0.41390132904052734,2.373626708984375,0.8053078857111219,1.86251156713638,5.359983208210923,15.0,1.0
0.299,0.41580867767333984,0.41580867767333984,2.0659332275390625,0.8071664232464002,1.854554331912766,5.658987287969609,15.0,1.0
0.3,0.41809749603271484,0.41809749603271484,2.206592559814453,0.8090169943749475,1.846578792986577,5.503778708305613,15.0,1.0
0.301,0.42038631439208984,0.42038631439208984,2.3560447692871094,0.8108595808323734,1.838585029073215,5.33963925639036,15.0,1.0
0.302,0.42267513275146484,0.42267513275146484,2.171428680419922,0.812694164433094,1.8305731190679921,5.5094299138725065,15.0,1.0
0.303,0.42458248138427734,0.42458248138427734,1.9780216217041016,0.8145207270705094,1.8225431420449922,5.693595205634371,15.0,1.0
0.304,0.42687129974365234,0.42687129974365234,2.1450557708740234,0.8163392507171839,1.8144951772570153,5.511458670985966,15.0,1.0
0.305,0.42916011810302734,0.42916011810302734,2.4703292846679688,0.8181497174250234,1.8064293041341557,5.170944009296128,15.0,1.0
0.306,0.43144893646240234,0.43144893646240234,2.2681312561035156,0.8199521093254523,1.7983456022834048,5.357761939125638,15.0,1.0
0.307,0.43373775482177734,0.43373775482177734,2.048351287841797,0.8217464086295903,1.7902441514876273,5.5620226707630245,15.0,1.0
0.308,0.43602657318115234,0.43602657318115234,2.2241764068603516,0.8235325976284275,1.782125031704652,5.370538991553427,15.0,1.0
0.309,0.43831539154052734,0.43831539154052734,2.3999996185302734,0.8253106586929996,1.773988323067158,5.178917711823968,15.0,1.0
0.31,0.44022274017333984,0.44022274017333984,2.039560317993164,0.8270805742745618,1.765834105881197,5.529141299406363,15.0,1.0
0.311,0.44213008880615234,0.44213008880615234,2.004396438598633,0.8288423269047619,1.7576624606253972,5.553949593505908,15.0,1.0
0.312,0.44441890716552734,0.44441890716552734,2.3032970428466797,0.8305958991958126,1.749473467950736,5.238831305558334,15.0,1.0
0.313,0.44708919525146484,0.44708919525146484,2.5142860412597656,0.8323412738406634,1.7412672086792895,5.005762346257502,15.0,1.0
0.314,0.44937801361083984,0.44937801361083984,2.0923080444335938,0.8340784336131711,1.73304376380338,5.411242019404756,15.0,1.0
0.315,0.45128536224365234,0.45128536224365234,2.127471923828125,0.8358073613682702,1.7248032144852345,5.365161277526377,15.0,1.0
0.316,0.45357418060302734,0.45357418060302734,2.329669952392578,0.8375280400421417,1.7165456420557348,5.146183581249871,15.0,1.0
0.317,0.45586299896240234,0.45586299896240234,2.259340286254883,0.8392404526523817,1.7082711280136778,5.199592647108485,15.0,1.0
0.318,0.45777034759521484,0.45777034759521484,2.004396438598633,0.840944582298169,1.6999797540253212,5.443196835971001,15.0,1.0
0.319,0.46005916595458984,0.46005916595458984,2.127471923828125,0.8426404121604323,1.6916716019230194,5.302918371182531,15.0,1.0
0.32,0.46234798431396484,0.46234798431396484,2.3912086486816406,0.8443279255020151,1.6833467537049387,5.021837222844051,15.0,1.0
0.321,0.46463680267333984,0.46463680267333984,2.2769222259521484,0.8460071056678422,1.6750052915340348,5.118637610499421,15.0,1.0
0.322,0.46692562103271484,0.46692562103271484,2.074726104736328,0.8476779360850831,1.6666472977371427,5.303205918786339,15.0,1.0
0.323,0.46921539306640625,0.46921539306640625,2.259340286254883,0.8493404002633165,1.658272854804352,5.1008076765031225,15.0,1.0
0.324,0.47150421142578125,0.47150421142578125,2.373626708984375,0.8509944817946918,1.6498820453878693,4.968609391937153,15.0,1.0
0.325,0.47341156005859375,0.47341156005859375,2.083517074584961,0.8526401643540922,1.641474952301678,5.2463869421491935,15.0,1.0
0.326,0.47531890869140625,0.47531890869140625,1.9956035614013672,0.8542774316992952,1.633051658520401,5.321825942237368,15.0,1.0
0.327,0.47760772705078125,0.47760772705078125,2.259340286254883,0.855906267671133,1.6246122471785611,5.039750070228954,15.0,1.0
0.328,0.48027801513671875,0.48027801513671875,2.4703292846679688,0.8575266561936523,1.6161568015697299,4.804557132755765,15.0,1.0
0.329,0.48256683349609375,0.48256683349609375,2.1538467407226562,0.8591385812742725,1.6076854051456735,5.102414881095697,15.0,1.0
0.33,0.48447418212890625,0.48447418212890625,2.127471923828125,0.8607420270039436,1.5991981415157852,5.115743890813221,15.0,1.0
0.331,0.48676300048828125,0.48676300048828125,2.206592559814453,0.862336977557304,1.5906950944457776,5.017712190666666,15.0,1.0
0.332,0.48905181884765625,0.48905181884765625,2.25054931640625,0.8639234171928353,1.5821763478573985,4.9547010066288335,15.0,1.0
0.333,0.49095916748046875,0.49095916748046875,2.004396438598633,0.8655013302530189,1.5736419858274076,5.187377988817027,15.0,1.0
0.334,0.49286651611328125,0.49286651611328125,2.083517074584961,0.86707070116449,1.5650920925861556,5.094637793769326,15.0,1.0
0.335,0.49515533447265625,0.49515533447265625,2.2681312561035156,0.8686315144381912,1.5565267525178115,4.89053819589732,15.0,1.0
0.336,0.49744415283203125,0.49744415283203125,2.2769222259521484,0.8701837546695257,1.5479460501588846,4.862117851769153,15.0,1.0
0.337,0.49973297119140625,0.49973297119140625,2.118680953979492,0.8717274065385089,1.5393500701972584,5.000585646424306,15.0,1.0
0.338,0.5016403198242188,0.5016403198242188,2.083517074584961,0.8732624548099202,1.530738897471963,5.021553847672523,15.0,1.0
0.339,0.5039291381835938,0.5039291381835938,2.1098899841308594,0.8747888843334528,1.5221126169717536,4.97511882508878,15.0,1.0
0.34,0.5058364868164062,0.5058364868164062,2.083517074584961,0.8763066800438637,1.5134713138344296,4.9870071376613305,15.0,1.0
0.341,0.5081253051757812,0.5081253051757812,2.0307693481445312,0.8778158269611217,1.5048150733462649,5.01940355198184,15.0,1.0
0.342,0.5100326538085938,0.5100326538085938,2.1098899841308594,0.8793163101905562,1.4961439809409285,4.925508842539506,15.0,1.0
0.343,0.5123214721679688,0.5123214721679688,2.162637710571289,0.8808081149230036,1.4874581221985181,4.852120052952752,15.0,1.0
0.34400000000000003,0.5146102905273438,0.5146102905273438,2.136262893676758,0.8822912264349533,1.4787575828449349,4.85770872778232,15.0,1.0
0.34500000000000003,0.5165176391601562,0.5165176391601562,2.074726104736328,0.8837656300886935,1.4700424487509736,4.904036207942704,15.0,1.0
0.34600000000000003,0.5188064575195312,0.5188064575195312,2.118680953979492,0.8852313113324553,1.4613128059315272,4.839004659145895,15.0,1.0
0.34700000000000003,0.5207138061523438,0.5207138061523438,2.0659332275390625,0.8866882557005565,1.4525687405446774,4.876252256228807,15.0,1.0
0.34800000000000003,0.5226211547851562,0.5226211547851562,1.9780216217041016,0.8881364488135446,1.443810338890728,4.948518127612451,15.0,1.0
0.34900000000000003,0.5245285034179688,0.5245285034179688,1.9868125915527344,0.889575876378338,1.4350376874115796,4.9239356902643845,15.0,1.0
0.35000000000000003,0.5268173217773438,0.5268173217773438,2.1098899841308594,0.8910065241883678,1.4262508726899341,4.779198924724435,15.0,1.0
0.35100000000000003,0.5287246704101562,0.5287246704101562,2.1010990142822266,0.8924283781237179,1.4174499814480441,4.771906582869242,15.0,1.0
0.352,0.5310134887695312,0.5310134887695312,2.083517074584961,0.8938414241512637,1.4086351005468032,4.767537056687829,15.0,1.0
0.353,0.5329217910766602,0.5329217910766602,2.083517074584961,0.8952456483248116,1.3998063169860302,4.75114710112334,15.0,1.0
0.354,0.5352106094360352,0.5352106094360352,2.1450557708740234,0.8966410367852358,1.3909637179019683,4.667364357265954,15.0,1.0
0.355,0.5371179580688477,0.5371179580688477,2.0659332275390625,0.8980275757606155,1.382107390567569,4.729818428405025,15.0,1.0
0.356,0.5394067764282227,0.5394067764282227,1.9780216217041016,0.899405251566371,1.3732374223912984,4.795192927759421,15.0,1.0
0.357,0.5413141250610352,0.5413141250610352,1.9868125915527344,0.9007740506053981,1.364353900915944,4.769440192528653,15.0,1.0
0.358,0.5432214736938477,0.5432214736938477,2.074726104736328,0.9021339593682028,1.3554569138183865,4.664418094197386,15.0,1.0
0.359,0.5455102920532227,0.5455102920532227,2.127471923828125,0.9034849644330348,1.3465465489084067,4.588694710777465,15.0,1.0
0.36,0.5474176406860352,0.5474176406860352,2.127471923828125,0.9048270524660196,1.3376228941274917,4.5712921469991326,15.0,1.0
0.361,0.5497064590454102,0.5497064590454102,2.0571422576904297,0.9061602102212899,1.3286860375486071,4.6183500474963735,15.0,1.0
0.362,0.5516138076782227,0.5516138076782227,2.1098899841308594,0.9074844245411169,1.3197360673750609,4.547905336187615,15.0,1.0
0.363,0.5539026260375977,0.5539026260375977,2.048351287841797,0.90879968235604,1.3107730719394226,4.585877628874261,15.0,1.0
0.364,0.5558099746704102,0.5558099746704102,1.9868125915527344,0.9101059706849957,1.3017971397026145,4.629424488368663,15.0,1.0
0.365,0.5577173233032227,0.5577173233032227,1.960439682006836,0.9114032766354452,1.2928083592535131,4.637657977230015,15.0,1.0
0.366,0.5596246719360352,0.5596246719360352,2.0307693481445312,0.9126915874035028,1.2838068193079835,4.549041203175467,15.0,1.0
0.367,0.5619134902954102,0.5619134902954102,2.083517074584961,0.9139708902740612,1.2747926087074006,4.472136533802205,15.0,1.0
0.368,0.5638208389282227,0.5638208389282227,2.048351287841797,0.9152411726209175,1.2657658164184227,4.488719533967049,15.0,1.0
0.369,0.5661096572875977,0.5661096572875977,2.0219783782958984,0.916502421906898,1.2567265315317968,4.4906396225254035,15.0,1.0
0.37,0.5680170059204102,0.5680170059204102,2.039560317993164,0.9177546256839811,1.2476748432616205,4.454178821722021,15.0,1.0
0.371,0.5699243545532227,0.5699243545532227,1.960439682006836,0.9189977715934213,1.2386108409446024,4.514272414540747,15.0,1.0
0.372,0.5718317031860352,0.5718317031860352,1.8637371063232422,0.9202318473658703,1.2295346140385277,4.591799670412812,15.0,1.0
0.373,0.5737390518188477,0.5737390518188477,1.8285713195800781,0.9214568408214984,1.2204462521222013,4.6076417675818835,15.0,1.0
0.374,0.5756464004516602,0.5756464004516602,2.0219783782958984,0.9226727398701148,1.211345844894197,4.394762557875118,15.0,1.0
0.375,0.5775537490844727,0.5775537490844727,1.9340667724609375,0.9238795325112867,1.202233482171664,4.4630534611129375,15.0,1.0
0.376,0.5794610977172852,0.5794610977172852,1.9692306518554688,0.925077206834458,1.1931092538899293,4.408120238792054,15.0,1.0
0.377,0.5813684463500977,0.5813684463500977,1.8637371063232422,0.9262657510190666,1.1839732501016442,4.4936957138129365,15.0,1.0
0.378,0.5832757949829102,0.5832757949829102,1.960439682006836,0.9274451533346614,1.1748255609753642,4.376926254244797,15.0,1.0
0.379,0.5851831436157227,0.5851831436157227,1.9340667724609375,0.9286154021410173,1.1656662767949797,4.383083382213463,15.0,1.0
0.38,0.5870904922485352,0.5870904922485352,1.7934074401855469,0.9297764858882513,1.1564954879591482,4.503377952369345,15.0,1.0
0.381,0.5889978408813477,0.5889978408813477,1.74945068359375,0.9309283931169356,1.1473132849798162,4.526820884919886,15.0,1.0
0.382,0.5905237197875977,0.5905237197875977,1.7934074401855469,0.932071112458211,1.138119758481423,4.467923208355075,15.0,1.0
0.383,0.5924310684204102,0.5924310684204102,1.9428577423095703,0.9332046326338985,1.1289149992005605,4.297660720093315,15.0,1.0
0.384,0.5943393707275391,0.5943393707275391,1.8637371063232422,0.934328942456612,1.1196990979844372,4.355805567597289,15.0,1.0
0.385,0.5962467193603516,0.5962467193603516,1.8021984100341797,0.9354440308298674,1.1104721457901405,4.396233407798698,15.0,1.0
0.386,0.5981540679931641,0.5981540679931641,1.7406597137451172,0.9365498867481924,1.1012342336841243,4.436511801264432,15.0,1.0
0.387,0.6000614166259766,0.6000614166259766,1.9340667724609375,0.9376464992972356,1.091985452840845,4.221694920448794,15.0,1.0
0.388,0.6019687652587891,0.6019687652587891,1.9428577423095703,0.9387338576538741,1.0827258945420226,4.191344538158727,15.0,1.0
0.389,0.6034946441650391,0.6034946441650391,1.7406597137451172,0.9398119510863197,1.0734556501756742,4.377555540249766,15.0,1.0
0.39,0.6054019927978516,0.6054019927978516,1.6791210174560547,0.9408807689542255,1.064174811235489,4.4172354361250425,15.0,1.0
0.391,0.6069278717041016,0.6069278717041016,1.7054939270019531,0.9419403007087906,1.0548834693195204,4.374575977387903,15.0,1.0
0.392,0.6088352203369141,0.6088352203369141,1.9340667724609375,0.9429905358928644,1.0455817161295613,4.123844677007879,15.0,1.0
0.393,0.6107425689697266,0.6107425689697266,1.8461532592773438,0.9440314641410498,1.0362696434701775,4.189449811762682,15.0,1.0
0.394,0.6126499176025391,0.6126499176025391,1.7670326232910156,0.9450630751798048,1.026947343247798,4.246112083615769,15.0,1.0
0.395,0.6141757965087891,0.6141757965087891,1.6879119873046875,0.9460853588275453,1.0176149074697491,4.308346354946405,15.0,1.0
0.396,0.6160831451416016,0.6160831451416016,1.9340667724609375,0.9470983049947443,1.0082724282433446,4.039433053579549,15.0,1.0
0.397,0.6179904937744141,0.6179904937744141,1.9868125915527344,0.948101903684032,0.9989199977751468,3.963778554866682,15.0,1.0
0.398,0.6198978424072266,0.6198978424072266,1.714284896850586,0.9490961449902946,0.9895577083698299,4.213247350265265,15.0,1.0
0.399,0.6214237213134766,0.6214237213134766,1.5560436248779297,0.9500810191007717,0.9801856524294408,4.354001494360938,15.0,1.0
0.4,0.6229496002197266,0.6229496002197266,1.5912094116210938,0.9510565162951535,0.9708039224524896,4.3011982519628,15.0,1.0
0.401,0.6248569488525391,0.6248569488525391,1.8637371063232422,0.9520226269456766,0.9614126110326993,4.00516067610652,15.0,1.0
0.402,0.6267642974853516,0.6267642974853516,1.9076919555664062,0.9529793415172189,0.952011810858437,3.93754551577004,15.0,1.0
0.403,0.6282901763916016,0.6282901763916016,1.714284896850586,0.9539266505673936,0.9426016147120322,4.112863830498326,15.0,1.0
0.404,0.6301975250244141,0.6301975250244141,1.6175823211669922,0.954864544746643,0.9331821154682984,4.1856050901347395,15.0,1.0
0.405,0.6317234039306641,0.6317234039306641,1.6791210174560547,0.9557930147983301,0.9237534060937946,4.1056765516527305,15.0,1.0
0.406,0.6336307525634766,0.6336307525634766,1.872528076171875,0.9567120515588305,0.9143155796460292,3.888006988404464,15.0,1.0
0.40700000000000003,0.6355381011962891,0.6355381011962891,1.714284896850586,0.9576216459576222,0.904868729272664,4.021837003842076,15.0,1.0
0.40800000000000003,0.6370639801025391,0.6370639801025391,1.5648345947265625,0.9585217890173758,0.8954129482103212,4.15244548720631,15.0,1.0
0.40900000000000003,0.6385898590087891,0.6385898590087891,1.4769229888916016,0.9594124718540429,0.8859483297836164,4.2213645335708225,15.0,1.0
0.41000000000000003,0.6397342681884766,0.6397342681884766,1.5120887756347656,0.9602936856769431,0.8764749674045333,4.1727774540967655,15.0,1.0
0.41100000000000003,0.6416416168212891,0.6416416168212891,1.7582416534423828,0.9611654217888519,0.8669929545714012,3.9016083756424607,15.0,1.0
0.41200000000000003,0.6435489654541016,0.6435489654541016,1.74945068359375,0.9620276715860859,0.8575023848678711,3.8852322932538863,15.0,1.0
0.41300000000000003,0.6450748443603516,0.6450748443603516,1.5912094116210938,0.9628804265585876,0.8480033519618928,4.02387767331434,15.0,1.0
0.41400000000000003,0.6466007232666016,0.6466007232666016,1.4681320190429688,0.9637236782900097,0.8384959496052034,4.127208255913357,15.0,1.0
0.41500000000000004,0.6481266021728516,0.6481266021728516,1.4505500793457031,0.9645574184577981,0.8289802716320764,4.124892436560571,15.0,1.0
0.41600000000000004,0.6496524810791016,0.6496524810791016,1.6439552307128906,0.9653816388332739,0.8194564119583561,3.91143854755805,15.0,1.0
0.417,0.6511783599853516,0.6511783599853516,1.6879119873046875,0.9661963312817147,0.809924464580547,3.847282046721306,15.0,1.0
0.418,0.6527042388916016,0.6527042388916016,1.5032958984375,0.967001487762435,0.8003845235753602,4.011547358200362,15.0,1.0
0.419,0.6542301177978516,0.6542301177978516,1.3978023529052734,0.9677971003288655,0.790836683098064,4.096539068157999,15.0,1.0
0.42,0.6553745269775391,0.6553745269775391,1.3802204132080078,0.9685831611286311,0.7812810373819161,4.0991901364402885,15.0,1.0
0.421,0.6569013595581055,0.6569013595581055,1.4505500793457031,0.9693596624036293,0.7717176807373676,4.008042144074521,15.0,1.0
0.422,0.6584272384643555,0.6584272384643555,1.5560436248779297,0.9701265964901058,0.762146707550869,3.8815934530591942,15.0,1.0
0.423,0.6599531173706055,0.6599531173706055,1.5032958984375,0.970883955818731,0.752568212284018,3.9132348905684005,15.0,1.0
0.424,0.6614789962768555,0.6614789962768555,1.5208797454833984,0.9716317329146739,0.7429822894727636,3.8743935935566407,15.0,1.0
0.425,0.6630048751831055,0.6630048751831055,1.4329662322998047,0.9723699203976766,0.7333890337263256,3.940898479645087,15.0,1.0
0.426,0.6645307540893555,0.6645307540893555,1.4241752624511719,0.9730985109821265,0.7237885397261721,3.9281296306665663,15.0,1.0
0.427,0.6660566329956055,0.6660566329956055,1.5120887756347656,0.9738174974771289,0.7141809022253369,3.818505093813422,15.0,1.0
0.428,0.6675825119018555,0.6675825119018555,1.5472526550292969,0.9745268727865771,0.704566216047283,3.761478974288811,15.0,1.0
0.429,0.668726921081543,0.668726921081543,1.371429443359375,0.9752266299092234,0.6949445760850494,3.9210107651408803,15.0,1.0
0.43,0.670252799987793,0.670252799987793,1.3538455963134766,0.9759167619387473,0.6853160773005698,3.9164299102514084,15.0,1.0
0.431,0.671778678894043,0.671778678894043,1.3626365661621094,0.9765972620638246,0.67568081472308,3.8853229961076945,15.0,1.0
0.432,0.6729230880737305,0.6729230880737305,1.292306900024414,0.9772681235681935,0.6660388834486071,3.938907515841138,15.0,1.0
0.433,0.6744489669799805,0.6744489669799805,1.3978023529052734,0.9779293398307218,0.6563903786392871,3.8107936184951345,15.0,1.0
0.434,0.675593376159668,0.675593376159668,1.459341049194336,0.9785809043254721,0.6467353955220005,3.732207268814726,15.0,1.0
0.435,0.677119255065918,0.677119255065918,1.3450546264648438,0.9792228106217657,0.6370740293874064,3.82357273626028,15.0,1.0
0.436,0.678645133972168,0.678645133972168,1.371429443359375,0.9798550523842469,0.6274063755893167,3.774125708411125,15.0,1.0
0.437,0.6797895431518555,0.6797895431518555,1.3978023529052734,0.9804776233729444,0.6177325295436162,3.7302513799546766,15.0,1.0
0.438,0.6813154220581055,0.6813154220581055,1.292306900024414,0.9810905174433341,0.6080525867271831,3.812372117481198,15.0,1.0
0.439,0.682459831237793,0.682459831237793,1.3626365661621094,0.9816937285463988,0.5983666426772629,3.7242385361442407,15.0,1.0
0.44,0.683985710144043,0.683985710144043,1.3450546264648438,0.9822872507286886,0.5886747929902185,3.718143275295059,15.0,1.0
0.441,0.6851301193237305,0.6851301193237305,1.2219772338867188,0.9828710781323792,0.5789771333205636,3.8231142815635755,15.0,1.0
0.442,0.686274528503418,0.686274528503418,1.2659339904785156,0.9834452049953297,0.5692737593802235,3.7608999162803842,15.0,1.0
0.443,0.6874189376831055,0.6874189376831055,1.2219772338867188,0.9840096256511397,0.5595647669377968,3.786447852571591,15.0,1.0
0.444,0.6889448165893555,0.6889448165893555,1.2043952941894531,0.9845643345292053,0.5498502518171335,3.7797477267254287,15.0,1.0
0.445,0.690089225769043,0.690089225769043,1.2043952941894531,0.985109326154774,0.5401303098963695,3.7610365214928816,15.0,1.0
0.446,0.6912336349487305,0.6912336349487305,1.2307701110839844,0.985644595148998,0.5304050371074709,3.7157993290275,15.0,1.0
0.447,0.692378044128418,0.692378044128418,1.3186817169189453,0.9861701362289889,0.5206745294349844,3.6088741940246027,15.0,1.0
0.448,0.693903923034668,0.693903923034668,1.1868133544921875,0.986685944207868,0.5109388829151271,3.7158558460209408,15.0,1.0
0.449,0.6950483322143555,0.6950483322143555,1.2747249603271484,0.9871920139948192,0.5011981936348775,3.6086284600146845,15.0,1.0
0.45,0.696192741394043,0.696192741394043,1.2219772338867188,0.9876883405951378,0.4914525577307245,3.6419093118604273,15.0,1.0
0.451,0.6973371505737305,0.6973371505737305,1.1340656280517578,0.9881749191102805,0.48170207138815613,3.71020297138465,15.0,1.0
0.452,0.698481559753418,0.698481559753418,1.160440444946289,0.9886517447379141,0.4719468308405794,3.664059160661732,15.0,1.0
0.453,0.6996259689331055,0.6996259689331055,1.1516475677490234,0.9891188127719618,0.4621869323684109,3.652932022202232,15.0,1.0
0.454,0.700770378112793,0.700770378112793,1.1956043243408203,0.9895761186026509,0.4524224722978829,3.588904255304932,15.0,1.0
0.455,0.7019147872924805,0.7019147872924805,1.1076927185058594,0.9900236577165575,0.44265354700013404,3.6565938848554307,15.0,1.0
0.456,0.703059196472168,0.703059196472168,1.160440444946289,0.9904614256966512,0.43288025289058396,3.5834732463115433,15.0,1.0
0.457,0.7042036056518555,0.7042036056518555,1.0725269317626953,0.9908894182223387,0.4231026864276828,3.6508629432222355,15.0,1.0
0.458,0.705348014831543,0.705348014831543,1.0109882354736328,0.9913076310695066,0.4133209441121153,3.6917269522079366,15.0,1.0
0.459,0.706110954284668,0.706110954284668,0.9582424163818359,0.9917160601105629,0.40353512248566403,3.729369293492252,15.0,1.0
0.46,0.7072553634643555,0.7072553634643555,1.0285720825195312,0.9921147013144779,0.3937453181304136,3.6380633033627188,15.0,1.0
0.461,0.7080183029174805,0.7080183029174805,0.9846153259277344,0.9925035507468237,0.3839516276678978,3.6666150191803126,15.0,1.0
0.462,0.709162712097168,0.709162712097168,1.0637359619140625,0.9928826045698137,0.37415414775779254,3.566216572933416,15.0,1.0
0.463,0.7103071212768555,0.7103071212768555,0.9846153259277344,0.9932518590423394,0.3643529750973471,3.6239087156518712,15.0,1.0
0.464,0.711451530456543,0.711451530456543,1.1340656280517578,0.9936113105200084,0.3545482064201906,3.452879279320414,15.0,1.0
0.465,0.712214469909668,0.712214469909668,1.0285720825195312,0.9939609554551797,0.34473993849525186,3.542365139158397,15.0,1.0
0.466,0.7133588790893555,0.7133588790893555,0.9670333862304688,0.9943007903969989,0.33492826812630483,3.5820235515104883,15.0,1.0
0.467,0.7141218185424805,0.7141218185424805,0.8615379333496094,0.9946308119914323,0.325113292150661,3.6712102605353296,15.0,1.0
0.468,0.715266227722168,0.715266227722168,0.8967037200927734,0.9949510169813002,0.31529510743797573,3.6138632262321853,15.0,1.0
0.46900000000000003,0.716029167175293,0.716029167175293,0.8527469635009766,0.9952614022063083,0.3054738108899073,3.641210372854161,15.0,1.0
0.47000000000000003,0.716792106628418,0.716792106628418,0.9054946899414062,0.99556196460308,0.2956494994386958,3.5717026791172195,15.0,1.0
0.47100000000000003,0.7179365158081055,0.7179365158081055,0.8879127502441406,0.9958527012051857,0.2858222700462534,3.5666523007583155,15.0,1.0
0.47200000000000003,0.7186994552612305,0.7186994552612305,0.8791217803955078,0.9961336091431725,0.27599221970336885,3.5583827475369914,15.0,1.0
0.47300000000000003,0.7194633483886719,0.7194633483886719,0.9406585693359375,0.9964046856445924,0.2661594454286842,3.479620934931554,15.0,1.0
0.47400000000000003,0.7206077575683594,0.7206077575683594,0.8439559936523438,0.9966659280340299,0.2563240442677852,3.5532406076004985,15.0,1.0
0.47500000000000003,0.7213706970214844,0.7213706970214844,0.8615379333496094,0.996917333733128,0.24648611329200776,3.518147730617052,15.0,1.0
0.47600000000000003,0.7221336364746094,0.7221336364746094,0.7648353576660156,0.9971589002606139,0.23664574959786933,3.5971893487219218,15.0,1.0
0.47700000000000004,0.7228965759277344,0.7228965759277344,0.7208786010742188,0.9973906252323237,0.22680305030564796,3.6233351888002687,15.0,1.0
0.47800000000000004,0.7236595153808594,0.7236595153808594,0.7912082672119141,0.9976125063612252,0.21695811255887065,3.5350447100524445,15.0,1.0
0.47900000000000004,0.7244224548339844,0.7244224548339844,0.7736263275146484,0.9978245414574415,0.2071110335232902,3.5345160053604987,15.0,1.0
0.48,0.7251853942871094,0.7251853942871094,0.8615379333496094,0.9980267284282716,0.19726191038506613,3.4283439891528893,15.0,1.0
0.481,0.7259483337402344,0.7259483337402344,0.8439559936523438,0.9982190652782118,0.18741084035173117,3.4275158197690487,15.0,1.0
0.482,0.7270927429199219,0.7270927429199219,0.8791217803955078,0.998401550108975,0.17755792064895104,3.3680682480892408,15.0,1.0
0.483,0.7278556823730469,0.7278556823730469,0.9670333862304688,0.9985741811195097,0.16770324852120666,3.2614473434876796,15.0,1.0
0.484,0.7286186218261719,0.7286186218261719,0.8439559936523438,0.9987369566060175,0.15784692123014565,3.3656659492754857,15.0,1.0
0.485,0.7297630310058594,0.7297630310058594,0.8703289031982422,0.99888987496197,0.14798903605361602,3.3145627921970338,15.0,1.0
0.486,0.7305259704589844,0.7305259704589844,0.74725341796875,0.9990329346781247,0.13812969028504085,3.4184807356033957,15.0,1.0
0.487,0.7309074401855469,0.7309074401855469,0.7032966613769531,0.9991661343425401,0.12826898123228148,3.4488527322102263,15.0,1.0
0.488,0.7316703796386719,0.7316703796386719,0.7208786010742188,0.9992894726405892,0.11840700621638689,3.4118148001709283,15.0,1.0
0.489,0.7324333190917969,0.7324333190917969,0.6857147216796875,0.9994029483549729,0.10854386257119586,3.4273735798391485,15.0,1.0
0.49,0.7331962585449219,0.7331962585449219,0.6857147216796875,0.9995065603657316,0.09867964764185899,3.407619453274317,15.0,1.0
0.491,0.7339591979980469,0.7339591979980469,0.6945056915283203,0.9996003076502565,0.08881445878415661,3.3789254120389813,15.0,1.0
0.492,0.7343406677246094,0.7343406677246094,0.6417579650878906,0.9996841892832999,0.07894839336370296,3.417343251656171,15.0,1.0
0.493,0.7351036071777344,0.7351036071777344,0.624176025390625,0.999758204436984,0.0690815487545251,3.414724482252645,15.0,1.0
0.494,0.7358665466308594,0.7358665466308594,0.6417579650878906,0.999822352380809,0.05921402233832396,3.376793143499677,15.0,1.0
0.495,0.7362480163574219,0.7362480163574219,0.6417579650878906,0.9998766324816606,0.04934591150356482,3.362017188279255,15.0,1.0
0.496,0.7370109558105469,0.7370109558105469,0.5010986328125,0.9999210442038161,0.0394773136446247,3.482030006731163,15.0,1.0
0.497,0.7373924255371094,0.7373924255371094,0.5714282989501953,0.9999555871089498,0.02960832616048492,3.3966274507878964,15.0,1.0
0.498,0.7377738952636719,0.7377738952636719,0.5010986328125,0.9999802608561371,0.01973904645416269,3.4517358975286414,15.0,1.0
0.499,0.7385368347167969,0.7385368347167969,0.4483509063720703,0.9999950652018582,0.009869571931460541,3.48339212283531,15.0,1.0
0.5,0.7389183044433594,0.7389183044433594,0.40439605712890625,1.0,0.0,3.511829376220703,15.0,1.0
0.501,0.7392997741699219,0.7392997741699219,0.41318702697753906,0.9999950652018582,-0.009869571931460541,3.4873727665700454,15.0,1.0
0.502,0.7396812438964844,0.7396812438964844,0.4307689666748047,0.9999802608561371,-0.01973904645416269,3.453977241265824,15.0,1.0
0.503,0.7400627136230469,0.7400627136230469,0.4483509063720703,0.9999555871089498,-0.02960832616048492,3.420433869755989,15.0,1.0
0.504,0.7404441833496094,0.7404441833496094,0.45714378356933594,0.9999210442038161,-0.0394773136446247,3.3955318155991403,15.0,1.0
0.505,0.7408256530761719,0.7408256530761719,0.39560508728027344,0.9998766324816606,-0.04934591150356482,3.4408136922984927,15.0,1.0
0.506,0.7415885925292969,0.7415885925292969,0.4483509063720703,0.999822352380809,-0.05921402233832396,3.365941469062287,15.0,1.0
0.507,0.7419700622558594,0.7419700622558594,0.45714378356933594,0.999758204436984,-0.0690815487545251,3.340596800393009,15.0,1.0
0.508,0.7423515319824219,0.7423515319824219,0.47472572326660156,0.9996841892832999,-0.07894839336370296,3.3063157428828664,15.0,1.0
0.509,0.7427330017089844,0.7427330017089844,0.4395599365234375,0.9996003076502565,-0.08881445878415661,3.3246351938114884,15.0,1.0
0.51,0.7431144714355469,0.7431144714355469,0.4395599365234375,0.9995065603657316,-0.09867964764185899,3.307641749787474,15.0,1.0
0.511,0.7438774108886719,0.7438774108886719,0.47472572326660156,0.9994029483549729,-0.10854386257119586,3.2496134761567177,15.0,1.0
0.512,0.7442588806152344,0.7442588806152344,0.4483509063720703,0.9992894726405892,-0.11840700621638689,3.2587009677918655,15.0,1.0
0.513,0.7446403503417969,0.7446403503417969,0.45714378356933594,0.9991661343425401,-0.12826898123228148,3.232473995209531,15.0,1.0
0.514,0.7450218200683594,0.7450218200683594,0.39560508728027344,0.9990329346781247,-0.13812969028504085,3.2764319415811656,15.0,1.0
0.515,0.7454032897949219,0.7454032897949219,0.4219779968261719,0.99888987496197,-0.14798903605361602,3.232331744625934,15.0,1.0
0.516,0.7457847595214844,0.7457847595214844,0.40439605712890625,0.9987369566060175,-0.1578469212300888,3.232039977909001,15.0,1.0
0.517,0.7461662292480469,0.7461662292480469,0.3692302703857422,0.9985741811195098,-0.16770324852120666,3.249185759164995,15.0,1.0
0.518,0.7465476989746094,0.7465476989746094,0.3252754211425781,0.998401550108975,-0.17755792064900788,3.2749744252238986,15.0,1.0
0.519,0.7469291687011719,0.7469291687011719,0.2989006042480469,0.9982190652782118,-0.18741084035173117,3.2830370040558208,15.0,1.0
0.52,0.7469291687011719,0.7469291687011719,0.2549457550048828,0.9980267284282716,-0.19726191038517982,3.3142557305164324,15.0,1.0
0.521,0.7473106384277344,0.7473106384277344,0.22857093811035156,0.9978245414574415,-0.2071110335231765,3.3220265738120784,15.0,1.0
0.522,0.7476921081542969,0.7476921081542969,0.22857093811035156,0.9976125063612252,-0.21695811255887065,3.303276922434703,15.0,1.0
0.523,0.7476921081542969,0.7476921081542969,0.23736190795898438,0.9973906252323237,-0.22680305030564796,3.2813127979057697,15.0,1.0
0.524,0.7480735778808594,0.7480735778808594,0.23736190795898438,0.9971589002606139,-0.23664574959786933,3.262272178139465,15.0,1.0
0.525,0.7480735778808594,0.7480735778808594,0.21098899841308594,0.996917333733128,-0.24648611329200776,3.275181226078935,15.0,1.0
0.526,0.7484550476074219,0.7484550476074219,0.20219802856445312,0.9966659280340299,-0.2563240442677852,3.2646411335668817,15.0,1.0
0.527,0.7484550476074219,0.7484550476074219,0.1846160888671875,0.9964046856445924,-0.2661594454286842,3.268469036261686,15.0,1.0
0.528,0.7488365173339844,0.7488365173339844,0.16703224182128906,0.9961336091431725,-0.27599221970336885,3.266431915613164,15.0,1.0
0.529,0.7488365173339844,0.7488365173339844,0.1318683624267578,0.9958527012051857,-0.2858222700462534,3.287552125595008,15.0,1.0
0.53,0.7492179870605469,0.7492179870605469,0.123077392578125,0.99556196460308,-0.2956494994386958,3.276432771121176,15.0,1.0
0.531,0.7492179870605469,0.7492179870605469,0.11428642272949219,0.9952614022063083,-0.3054738108899073,3.270890993567022,15.0,1.0
0.532,0.7492179870605469,0.7492179870605469,0.10549545288085938,0.9949510169813002,-0.31529510743797573,3.2652048884924643,15.0,1.0
0.533,0.7492179870605469,0.7492179870605469,0.08791160583496094,0.9946308119914323,-0.325113292150661,3.26816747597766,15.0,1.0
0.534,0.7495994567871094,0.7495994567871094,0.07032966613769531,0.9943007903969989,-0.33492826812630483,3.265262069884343,15.0,1.0
0.535,0.7495994567871094,0.7495994567871094,0.05274772644042969,0.9939609554551797,-0.34473993849525186,3.2679348150853733,15.0,1.0
0.536,0.7495994567871094,0.7495994567871094,0.043956756591796875,0.9936113105200084,-0.3545482064201906,3.261672842981498,15.0,1.0
0.537,0.7495994567871094,0.7495994567871094,0.026372909545898438,0.9932518590423394,-0.3643529750973471,3.2640601491852044,15.0,1.0
0.538,0.7495994567871094,0.7495994567871094,0.008790969848632812,0.9928826045698137,-0.37415414775779254,3.2663020991341396,15.0,1.0
0.539,0.7495994567871094,0.7495994567871094,-0.008790969848632812,0.9925035507468237,-0.38395162766795465,3.2684007515763933,15.0,1.0
0.54,0.7495994567871094,0.7495994567871094,-0.008790969848632812,0.9921147013144778,-0.3937453181304704,3.2527743196286885,15.0,1.0
0.541,0.7495994567871094,0.7495994567871094,-0.026372909545898438,0.9917160601105628,-0.4035351224856072,3.2545868369120923,15.0,1.0
0.542,0.7495994567871094,0.7495994567871094,-0.017581939697265625,0.9913076310695066,-0.41332094411205844,3.229883609821165,15.0,1.0
0.543,0.7495994567871094,0.7495994567871094,-0.026372909545898438,0.9908894182223387,-0.4231026864276828,3.222619644646655,15.0,1.0
0.544,0.7495994567871094,0.7495994567871094,-0.026372909545898438,0.9904614256966512,-0.43288025289058396,3.2064221902984418,15.0,1.0
0.545,0.7492179870605469,0.7492179870605469,-0.03516578674316406,0.9900236577165575,-0.44265354700013404,3.20459729958319,15.0,1.0
0.546,0.7492179870605469,0.7492179870605469,-0.03516578674316406,0.9895761186026509,-0.4524224722978829,3.188115287576842,15.0,1.0
0.547,0.7492179870605469,0.7492179870605469,-0.026372909545898438,0.9891188127719618,-0.46218693236846775,3.1626983628486545,15.0,1.0
0.548,0.7492179870605469,0.7492179870605469,-0.05274772644042969,0.988651744737914,-0.47194683084063627,3.1723072607602996,15.0,1.0
0.549,0.7492179870605469,0.7492179870605469,-0.026372909545898438,0.9881749191102804,-0.48170207138815613,3.129024818903746,15.0,1.0
0.55,0.7492179870605469,0.7492179870605469,-0.043956756591796875,0.9876883405951377,-0.49145255773066765,3.129559501879991,15.0,1.0
0.551,0.7492179870605469,0.7492179870605469,-0.05274772644042969,0.9871920139948192,-0.5011981936348207,3.1211599368196934,15.0,1.0
0.552,0.7492179870605469,0.7492179870605469,-0.043956756591796875,0.986685944207868,-0.5109388829151271,3.0950372308864873,15.0,1.0
0.553,0.7492179870605469,0.7492179870605469,-0.05274772644042969,0.9861701362289889,-0.5206745294349844,3.086355434532075,15.0,1.0
0.554,0.7488365173339844,0.7488365173339844,-0.05274772644042969,0.985644595148998,-0.5304050371075277,3.074463856558107,15.0,1.0
0.555,0.7488365173339844,0.7488365173339844,-0.07032966613769531,0.9851093261547739,-0.5401303098963695,3.0742914885531683,15.0,1.0
0.556,0.7488365173339844,0.7488365173339844,-0.07032966613769531,0.9845643345292053,-0.5498502518170767,3.056396672248933,15.0,1.0
0.557,0.7488365173339844,0.7488365173339844,-0.08791160583496094,0.9840096256511397,-0.5595647669378536,3.055943463654437,15.0,1.0
0.558,0.7488365173339844,0.7488365173339844,-0.09670257568359375,0.9834452049953296,-0.5692737593802235,3.0465591312235487,15.0,1.0
0.559,0.7484550476074219,0.7484550476074219,-0.123077392578125,0.9828710781323792,-0.5789771333205067,3.060340717131978,15.0,1.0
0.56,0.7484550476074219,0.7484550476074219,-0.14945030212402344,0.9822872507286886,-0.5886747929901617,3.0682585559528626,15.0,1.0
0.561,0.7480735778808594,0.7480735778808594,-0.15824127197265625,0.9816937285463989,-0.5983666426772629,3.064176889278486,15.0,1.0
0.562,0.7480735778808594,0.7480735778808594,-0.20219802856445312,0.9810905174433341,-0.6080525867272399,3.089399535274334,15.0,1.0
0.5630000000000001,0.7476921081542969,0.7476921081542969,-0.21098899841308594,0.9804776233729444,-0.6177325295436162,3.085039197149183,15.0,1.0
0.5640000000000001,0.7476921081542969,0.7476921081542969,-0.21098899841308594,0.9798550523842469,-0.6274063755893167,3.066026786273019,15.0,1.0
0.5650000000000001,0.7473106384277344,0.7473106384277344,-0.21098899841308594,0.9792228106217657,-0.6370740293874064,3.05259755193615,15.0,1.0
0.5660000000000001,0.7473106384277344,0.7473106384277344,-0.23736190795898438,0.9785809043254721,-0.6467353955220005,3.059680500903049,15.0,1.0
0.5670000000000001,0.7469291687011719,0.7469291687011719,-0.24615478515625,0.9779293398307218,-0.6563903786393439,3.0547669734601555,15.0,1.0
0.5680000000000001,0.7465476989746094,0.7465476989746094,-0.2989006042480469,0.9772681235681934,-0.6660388834486071,3.0936680897031996,15.0,1.0
0.5690000000000001,0.7461662292480469,0.7461662292480469,-0.3164844512939453,0.9765972620638246,-0.6756808147229663,3.0972691288076444,15.0,1.0
0.5700000000000001,0.7457847595214844,0.7457847595214844,-0.35164833068847656,0.9759167619387474,-0.6853160773005698,3.1183122896468527,15.0,1.0
0.5710000000000001,0.7454032897949219,0.7454032897949219,-0.3868141174316406,0.9752266299092234,-0.6949445760851063,3.1392196430610566,15.0,1.0
0.5720000000000001,0.7450218200683594,0.7450218200683594,-0.3868141174316406,0.9745268727865771,-0.704566216047283,3.124823692157624,15.0,1.0
0.5730000000000001,0.7446403503417969,0.7446403503417969,-0.35164833068847656,0.9738174974771289,-0.7141809022253369,3.0751246354931197,15.0,1.0
0.5740000000000001,0.7442588806152344,0.7442588806152344,-0.39560508728027344,0.9730985109821265,-0.7237885397261721,3.1044110030574834,15.0,1.0
0.5750000000000001,0.7438774108886719,0.7438774108886719,-0.4219779968261719,0.9723699203976766,-0.7333890337263256,3.1159766057349163,15.0,1.0
0.5760000000000001,0.7434959411621094,0.7434959411621094,-0.4307689666748047,0.9716317329146739,-0.7429822894728773,3.109823553490395,15.0,1.0
0.577,0.7431144714355469,0.7431144714355469,-0.40439605712890625,0.9708839558187311,-0.752568212284018,3.0683701105926517,15.0,1.0
0.578,0.7427330017089844,0.7427330017089844,-0.41318702697753906,0.9701265964901059,-0.762146707550869,3.061944241143493,15.0,1.0
0.579,0.7423515319824219,0.7423515319824219,-0.3868141174316406,0.9693596624036294,-0.7717176807373676,3.020218393012385,15.0,1.0
0.58,0.7419700622558594,0.7419700622558594,-0.41318702697753906,0.9685831611286312,-0.781281037381973,3.0311024726871434,15.0,1.0
0.581,0.7415885925292969,0.7415885925292969,-0.41318702697753906,0.9677971003288655,-0.790836683098064,3.015477960873004,15.0,1.0
0.582,0.7412071228027344,0.7412071228027344,-0.41318702697753906,0.9670014877624351,-0.8003845235753033,2.9997179777977467,15.0,1.0
0.583,0.7408256530761719,0.7408256530761719,-0.3868141174316406,0.9661963312817148,-0.809924464580547,2.957449825934237,15.0,1.0
0.584,0.7404441833496094,0.7404441833496094,-0.3692302703857422,0.965381638833274,-0.8194564119582992,2.923835690682412,15.0,1.0
0.585,0.7400627136230469,0.7400627136230469,-0.4219779968261719,0.9645574184577982,-0.8289802716320764,2.960418297715365,15.0,1.0
0.586,0.7396812438964844,0.7396812438964844,-0.39560508728027344,0.9637236782900098,-0.8384959496052602,2.917745653577895,15.0,1.0
0.587,0.7392997741699219,0.7392997741699219,-0.378021240234375,0.9628804265585876,-0.8480033519619496,2.8837276741024116,15.0,1.0
0.588,0.7389183044433594,0.7389183044433594,-0.378021240234375,0.9620276715860859,-0.8575023848678143,2.867159362507459,15.0,1.0
0.589,0.7385368347167969,0.7385368347167969,-0.41318702697753906,0.961165421788852,-0.8669929545714012,2.8856228784869646,15.0,1.0
0.59,0.7377738952636719,0.7377738952636719,-0.45714378356933594,0.9602936856769431,-0.8764749674045902,2.918465672363814,15.0,1.0
0.591,0.7373924255371094,0.7373924255371094,-0.4923076629638672,0.9594124718540429,-0.8859483297835595,2.9366600279343102,15.0,1.0
0.592,0.7370109558105469,0.7370109558105469,-0.5450553894042969,0.958521789017376,-0.8954129482102644,2.9723049392964684,15.0,1.0
0.593,0.7362480163574219,0.7362480163574219,-0.5098896026611328,0.9576216459576223,-0.9048687292727209,2.925625317391419,15.0,1.0
0.594,0.7358665466308594,0.7358665466308594,-0.5626373291015625,0.9567120515588305,-0.9143155796460292,2.961004323375101,15.0,1.0
0.595,0.7351036071777344,0.7351036071777344,-0.6065940856933594,0.9557930147983302,-0.9237534060937378,2.993181793908559,15.0,1.0
0.596,0.7347221374511719,0.7347221374511719,-0.5890102386474609,0.9548645447466431,-0.9331821154683553,2.9579642326111735,15.0,1.0
0.597,0.7339591979980469,0.7339591979980469,-0.5802192687988281,0.9539266505673936,-0.942601614712089,2.937129442626939,15.0,1.0
0.598,0.7335777282714844,0.7335777282714844,-0.6153850555419922,0.9529793415172189,-0.952011810858437,2.9543974433695723,15.0,1.0
0.599,0.7328147888183594,0.7328147888183594,-0.624176025390625,0.9520226269456766,-0.9614126110326424,2.9508809862677414,15.0,1.0
0.6,0.7320518493652344,0.7320518493652344,-0.5714282989501953,0.9510565162951536,-0.9708039224524896,2.8856943804464947,15.0,1.0
0.601,0.7316703796386719,0.7316703796386719,-0.6329669952392578,0.9500810191007717,-0.9801856524294408,2.9289409347413145,15.0,1.0
0.602,0.7309074401855469,0.7309074401855469,-0.6417579650878906,0.9490961449902947,-0.9895577083698299,2.925030828789278,15.0,1.0
0.603,0.7305259704589844,0.7305259704589844,-0.5890102386474609,0.948101903684032,-0.9989199977752037,2.853729239247972,15.0,1.0
0.604,0.7297630310058594,0.7297630310058594,-0.6153850555419922,0.9470983049947443,-1.0082724282432878,2.8671417371319787,15.0,1.0
0.605,0.7290000915527344,0.7290000915527344,-0.6945056915283203,0.9460853588275454,-1.0176149074696923,2.9331697931807934,15.0,1.0
0.606,0.7282371520996094,0.7282371520996094,-0.7384624481201172,0.9450630751798049,-1.0269473432478549,2.9639039510751957,15.0,1.0
0.607,0.7274742126464844,0.7274742126464844,-0.7296695709228516,0.9440314641410498,-1.0362696434701775,2.941758699871155,15.0,1.0
0.608,0.7267112731933594,0.7267112731933594,-0.7560443878173828,0.9429905358928645,-1.0455817161295613,2.954651612180399,15.0,1.0
0.609,0.7259483337402344,0.7259483337402344,-0.7120876312255859,0.9419403007087906,-1.0548834693195772,2.897083666434353,15.0,1.0
0.61,0.7255668640136719,0.7255668640136719,-0.6945056915283203,0.9408807689542255,-1.064174811235489,2.860039454401135,15.0,1.0
0.611,0.7248039245605469,0.7248039245605469,-0.6857147216796875,0.9398119510863197,-1.0734556501756174,2.8373794693906618,15.0,1.0
0.612,0.7240409851074219,0.7240409851074219,-0.6329669952392578,0.9387338576538742,-1.0827258945419658,2.7706341888940766,15.0,1.0
0.613,0.7236595153808594,0.7236595153808594,-0.624176025390625,0.9376464992972358,-1.0919854528409019,2.741995331295369,15.0,1.0
0.614,0.7228965759277344,0.7228965759277344,-0.6329669952392578,0.9365498867481924,-1.1012342336841812,2.736532423861947,15.0,1.0
0.615,0.7221336364746094,0.7221336364746094,-0.5978031158447266,0.9354440308298674,-1.1104721457900837,2.686986885383513,15.0,1.0
0.616,0.7217521667480469,0.7217521667480469,-0.6065940856933594,0.9343289424566121,-1.1196990979843804,2.675546623337458,15.0,1.0
0.617,0.7209892272949219,0.7209892272949219,-0.6857147216796875,0.9332046326338986,-1.1289149992006173,2.7400308025637217,15.0,1.0
0.618,0.7202262878417969,0.7202262878417969,-0.7560443878173828,0.932071112458211,-1.138119758481423,2.795596998582171,15.0,1.0
0.619,0.7194633483886719,0.7194633483886719,-0.7296695709228516,0.9309283931169358,-1.1473132849798162,2.7543319568669937,15.0,1.0
0.62,0.7186994552612305,0.7186994552612305,-0.8087921142578125,0.9297764858882513,-1.156495487959205,2.8184520857039206,15.0,1.0
0.621,0.7179365158081055,0.7179365158081055,-0.8087921142578125,0.9286154021410173,-1.1656662767949797,2.803309132456511,15.0,1.0
0.622,0.7171735763549805,0.7171735763549805,-0.7824172973632812,0.9274451533346614,-1.1748255609753073,2.7616653910831874,15.0,1.0
0.623,0.7164106369018555,0.7164106369018555,-0.8175830841064453,0.9262657510190667,-1.1839732501016442,2.7814365457629697,15.0,1.0
0.624,0.7156476974487305,0.7156476974487305,-0.7736263275146484,0.925077206834458,-1.1931092538899861,2.721959714410576,15.0,1.0
0.625,0.714503288269043,0.714503288269043,-0.8263740539550781,0.9238795325112867,-1.2022334821716072,2.7647842354171273,15.0,1.0
0.626,0.713740348815918,0.713740348815918,-0.7912082672119141,0.9226727398701149,-1.21134584489414,2.7138482881307278,15.0,1.0
0.627,0.712977409362793,0.712977409362793,-0.8351650238037109,0.9214568408214985,-1.220446252122258,2.7419102435620353,15.0,1.0
0.628,0.712214469909668,0.712214469909668,-0.9582424163818359,0.9202318473658704,-1.2295346140385846,2.848968464186288,15.0,1.0
0.629,0.7110700607299805,0.7110700607299805,-0.9582424163818359,0.9189977715934213,-1.2386108409445455,2.8385472383889034,15.0,1.0
0.63,0.709925651550293,0.709925651550293,-1.0461540222167969,0.9177546256839813,-1.2476748432616205,2.9159137909605004,15.0,1.0
0.631,0.709162712097168,0.709162712097168,-0.9494514465332031,0.916502421906898,-1.2567265315317968,2.8028205621473568,15.0,1.0
0.632,0.7080183029174805,0.7080183029174805,-0.9582424163818359,0.9152411726209176,-1.2657658164184227,2.800819645514971,15.0,1.0
0.633,0.7072553634643555,0.7072553634643555,-0.9054946899414062,0.9139708902740612,-1.2747926087074006,2.7314349833795917,15.0,1.0
0.634,0.7064924240112305,0.7064924240112305,-0.9494514465332031,0.9126915874035029,-1.2838068193079266,2.7586320781093625,15.0,1.0
0.635,0.705348014831543,0.705348014831543,-0.8527469635009766,0.9114032766354453,-1.29280835925357,2.6507675313059416,15.0,1.0
0.636,0.704585075378418,0.704585075378418,-0.8791217803955078,0.9101059706849957,-1.3017971397026145,2.6601380702915587,15.0,1.0
0.637,0.7034406661987305,0.7034406661987305,-0.9758243560791016,0.9087996823560401,-1.3107730719394226,2.745436526499324,15.0,1.0
0.638,0.7026777267456055,0.7026777267456055,-0.9318675994873047,0.9074844245411169,-1.3197360673751177,2.684231999044858,15.0,1.0
0.639,0.701533317565918,0.701533317565918,-0.9934062957763672,0.9061602102212899,-1.328686037548664,2.734123648058282,15.0,1.0
0.64,0.700770378112793,0.700770378112793,-0.9758243560791016,0.9048270524660195,-1.3376228941274917,2.699051577250007,15.0,1.0
0.641,0.6996259689331055,0.6996259689331055,-1.037363052368164,0.9034849644330348,-1.3465465489084067,2.7487014359586976,15.0,1.0
0.642,0.6988630294799805,0.6988630294799805,-0.9758243560791016,0.9021339593682027,-1.3554569138183865,2.669431390584049,15.0,1.0
0.643,0.697718620300293,0.697718620300293,-1.0197811126708984,0.9007740506053981,-1.3643539009157735,2.701258666331701,15.0,1.0
0.644,0.6965742111206055,0.6965742111206055,-0.9582424163818359,0.8994052515663712,-1.3732374223912416,2.6274706006770803,15.0,1.0
0.645,0.6958112716674805,0.6958112716674805,-1.0197811126708984,0.8980275757606156,-1.382107390567569,2.6709182835003573,15.0,1.0
0.646,0.694666862487793,0.694666862487793,-1.0197811126708984,0.896641036785236,-1.3909637179019683,2.6584300092305755,15.0,1.0
0.647,0.6935224533081055,0.6935224533081055,-1.125274658203125,0.8952456483248117,-1.3998063169860302,2.751316266467688,15.0,1.0
0.648,0.692378044128418,0.692378044128418,-1.0197811126708984,0.8938414241512639,-1.4086351005469169,2.63309671246667,15.0,1.0
0.649,0.691615104675293,0.691615104675293,-1.0461540222167969,0.8924283781237179,-1.4174499814480441,2.6409031424951266,15.0,1.0
0.65,0.6904706954956055,0.6904706954956055,-1.0197811126708984,0.8910065241883679,-1.426250872689991,2.601567670372344,15.0,1.0
0.651,0.689326286315918,0.689326286315918,-1.0461540222167969,0.8895758763783379,-1.4350376874116364,2.6148601857414597,15.0,1.0
0.652,0.688563346862793,0.688563346862793,-0.9670333862304688,0.8881364488135446,-1.4438103388906711,2.5168195766010717,15.0,1.0
0.653,0.6874189376831055,0.6874189376831055,-1.0109882354736328,0.8866882557005565,-1.4525687405446774,2.5474592651907213,15.0,1.0
0.654,0.686274528503418,0.686274528503418,-0.9934062957763672,0.8852313113324553,-1.4613128059315272,2.5164452322803994,15.0,1.0
0.655,0.685511589050293,0.685511589050293,-1.0637359619140625,0.8837656300886935,-1.4700424487509736,2.5675041287390963,15.0,1.0
0.656,0.6843671798706055,0.6843671798706055,-1.0197811126708984,0.8822912264349533,-1.478757582844878,2.5098842282912375,15.0,1.0
0.657,0.683222770690918,0.683222770690918,-1.1340656280517578,0.8808081149230037,-1.4874581221985181,2.610387669334526,15.0,1.0
0.658,0.6820783615112305,0.6820783615112305,-1.1340656280517578,0.8793163101905562,-1.4961439809409853,2.596490877300659,15.0,1.0
0.659,0.680933952331543,0.680933952331543,-1.1780223846435547,0.8778158269611217,-1.5048150733463785,2.626435430740857,15.0,1.0
0.66,0.6797895431518555,0.6797895431518555,-1.125274658203125,0.8763066800438635,-1.5134713138344296,2.5595603977488155,15.0,1.0
0.661,0.678645133972168,0.678645133972168,-1.2307701110839844,0.8747888843334528,-1.5221126169716968,2.6508137495315602,15.0,1.0
0.662,0.6775007247924805,0.6775007247924805,-1.2043952941894531,0.87326245480992,-1.530738897471963,2.610082346979084,15.0,1.0
0.663,0.6759748458862305,0.6759748458862305,-1.1956043243408203,0.8717274065385089,-1.5393500701972016,2.592542663927795,15.0,1.0
0.664,0.674830436706543,0.674830436706543,-1.2659339904785156,0.8701837546695257,-1.5479460501588846,2.6482877097643716,15.0,1.0
0.665,0.6736860275268555,0.6736860275268555,-1.2307701110839844,0.8686315144381912,-1.5565267525177546,2.5984256622362656,15.0,1.0
0.666,0.672541618347168,0.672541618347168,-1.2219772338867188,0.8670707011644901,-1.5650920925861556,2.574821383560396,15.0,1.0
0.667,0.6713972091674805,0.6713972091674805,-1.1516475677490234,0.8655013302530189,-1.5736419858274076,2.4895673982046924,15.0,1.0
0.668,0.670252799987793,0.670252799987793,-1.1868133544921875,0.8639234171928354,-1.5821763478574553,2.509696264710368,15.0,1.0
0.669,0.668726921081543,0.668726921081543,-1.24835205078125,0.8623369775573039,-1.5906950944458345,2.561807803471829,15.0,1.0
0.67,0.6675825119018555,0.6675825119018555,-1.2219772338867188,0.8607420270039436,-1.599198141515842,2.5201718189021993,15.0,1.0
0.671,0.6660566329956055,0.6660566329956055,-1.4065933227539062,0.8591385812742722,-1.6076854051457303,2.6951371417881775,15.0,1.0
0.672,0.664912223815918,0.664912223815918,-1.3626365661621094,0.8575266561936522,-1.6161568015695593,2.6356962502585635,15.0,1.0
0.673,0.6637678146362305,0.6637678146362305,-1.2659339904785156,0.8559062676711331,-1.6246122471785043,2.5233985388235505,15.0,1.0
0.674,0.6622419357299805,0.6622419357299805,-1.292306900024414,0.8542774316992952,-1.633051658520401,2.5397876810437334,15.0,1.0
0.675,0.661097526550293,0.661097526550293,-1.2835159301757812,0.8526401643540923,-1.641474952301735,2.5151805449310363,15.0,1.0
0.676,0.659571647644043,0.659571647644043,-1.3098907470703125,0.8509944817946917,-1.6498820453878693,2.5313512139421745,15.0,1.0
0.677,0.6584272384643555,0.6584272384643555,-1.3626365661621094,0.8493404002633166,-1.658272854804295,2.568061138342231,15.0,1.0
0.678,0.6569013595581055,0.6569013595581055,-1.3450546264648438,0.8476779360850831,-1.6666472977371996,2.540055976632309,15.0,1.0
0.679,0.6557559967041016,0.6557559967041016,-1.292306900024414,0.8460071056678422,-1.6750052915340916,2.471068242946432,15.0,1.0
0.68,0.6546115875244141,0.6546115875244141,-1.1868133544921875,0.844327925502015,-1.6833467537049955,2.3492116704512056,15.0,1.0
0.681,0.6534671783447266,0.6534671783447266,-1.2307701110839844,0.8426404121604322,-1.6916716019229057,2.3766970163966628,15.0,1.0
0.682,0.6519412994384766,0.6519412994384766,-1.3274726867675781,0.8409445822981692,-1.6999797540252644,2.4625421756377026,15.0,1.0
0.683,0.6504154205322266,0.6504154205322266,-1.3890113830566406,0.8392404526523817,-1.7082711280136778,2.5131157368452897,15.0,1.0
0.684,0.6492710113525391,0.6492710113525391,-1.4681320190429688,0.8375280400421418,-1.7165456420557348,2.5754418073312744,15.0,1.0
0.685,0.6477451324462891,0.6477451324462891,-1.4681320190429688,0.8358073613682702,-1.7248032144852345,2.5642622383874505,15.0,1.0
0.686,0.6462192535400391,0.6462192535400391,-1.2659339904785156,0.8340784336131712,-1.7330437638034368,2.3507779277720617,15.0,1.0
0.687,0.6450748443603516,0.6450748443603516,-1.292306900024414,0.8323412738406633,-1.7412672086792895,2.3600361335497997,15.0,1.0
0.6880000000000001,0.6435489654541016,0.6435489654541016,-1.415384292602539,0.8305958991958127,-1.749473467950736,2.4716148307774697,15.0,1.0
0.6890000000000001,0.6420230865478516,0.6420230865478516,-1.4681320190429688,0.8288423269047618,-1.757662460625511,2.512758163771111,15.0,1.0
0.6900000000000001,0.6404972076416016,0.6404972076416016,-1.5736255645751953,0.8270805742745617,-1.7658341058810834,2.6065419581885143,15.0,1.0
0.6910000000000001,0.6389713287353516,0.6389713287353516,-1.4857139587402344,0.8253106586929997,-1.773988323067158,2.506815585037798,15.0,1.0
0.6920000000000001,0.6378269195556641,0.6378269195556641,-1.2747249603271484,0.8235325976284273,-1.7821250317047088,2.278185099713889,15.0,1.0
0.6930000000000001,0.6366825103759766,0.6366825103759766,-1.2835159301757812,0.8217464086295903,-1.7902441514875704,2.269230252492416,15.0,1.0
0.6940000000000001,0.6351566314697266,0.6351566314697266,-1.4329662322998047,0.8199521093254523,-1.7983456022834048,2.406552797852285,15.0,1.0
0.6950000000000001,0.6336307525634766,0.6336307525634766,-1.5560436248779297,0.8181497174250234,-1.8064293041342125,2.5173987936669198,15.0,1.0
0.6960000000000001,0.6321048736572266,0.6321048736572266,-1.6439552307128906,0.8163392507171838,-1.8144951772570153,2.592975709355234,15.0,1.0
0.6970000000000001,0.6305789947509766,0.6305789947509766,-1.5032958984375,0.8145207270705094,-1.822543142045049,2.439878741185443,15.0,1.0
0.6980000000000001,0.6290531158447266,0.6290531158447266,-1.415384292602539,0.8126941644330937,-1.8305731190679921,2.3394269023600542,15.0,1.0
0.6990000000000001,0.6275272369384766,0.6275272369384766,-1.415384292602539,0.8108595808323734,-1.8385850290731014,2.3267844219378904,15.0,1.0
0.7000000000000001,0.6260013580322266,0.6260013580322266,-1.5208797454833984,0.8090169943749475,-1.846578792986577,2.419535497637635,15.0,1.0
0.7010000000000001,0.6244754791259766,0.6244754791259766,-1.6703300476074219,0.8071664232464002,-1.854554331912766,2.5561398775010105,15.0,1.0
0.7020000000000001,0.6229496002197266,0.6229496002197266,-1.6000003814697266,0.805307885711122,-1.86251156713638,2.4728630967042777,15.0,1.0
0.7030000000000001,0.6214237213134766,0.6214237213134766,-1.3626365661621094,0.8034414001121275,-1.8704504201227223,2.222451328019151,15.0,1.0
0.704,0.6202793121337891,0.6202793121337891,-1.3450546264648438,0.8015669848708769,-1.8783708125184262,2.1859989050027346,15.0,1.0
0.705,0.6187534332275391,0.6187534332275391,-1.459341049194336,0.7996846584870907,-1.88627266615282,2.2870367619347904,15.0,1.0
0.706,0.6168460845947266,0.6168460845947266,-1.6351642608642578,0.7977944395385712,-1.894155903037415,2.455233681984512,15.0,1.0
0.707,0.6153202056884766,0.6153202056884766,-1.7670326232910156,0.7958963466810159,-1.9020204453678389,2.5736542928112676,15.0,1.0
0.708,0.6137943267822266,0.6137943267822266,-1.5648345947265625,0.7939903986478355,-1.9098662155244028,2.3579094571862935,15.0,1.0
0.709,0.6122684478759766,0.6122684478759766,-1.5208797454833984,0.7920766142499671,-1.9176931360725007,2.300309105020756,15.0,1.0
0.71,0.6107425689697266,0.6107425689697266,-1.5560436248779297,0.7901550123756905,-1.9255011297635178,2.321729146203871,15.0,1.0
0.711,0.6088352203369141,0.6088352203369141,-1.6087913513183594,0.7882256119904401,-1.9332901195357408,2.3663571065855082,15.0,1.0
0.712,0.6073093414306641,0.6073093414306641,-1.7318687438964844,0.786288432136619,-1.941060028514869,2.47549507597094,15.0,1.0
0.713,0.6057834625244141,0.6057834625244141,-1.5912094116210938,0.7843434919334104,-1.9488107800153784,2.3207990727406598,15.0,1.0
0.714,0.6042575836181641,0.6042575836181641,-1.5032958984375,0.7823908105765882,-1.9565422975401816,2.2187520052736804,15.0,1.0
0.715,0.6027317047119141,0.6027317047119141,-1.5120887756347656,0.7804304073383299,-1.9642545047823887,2.2133148102486144,15.0,1.0
0.716,0.6008243560791016,0.6008243560791016,-1.661539077758789,0.7784623015670235,-1.9719473256255355,2.3541609344520817,15.0,1.0
0.717,0.5992984771728516,0.5992984771728516,-1.7934074401855469,0.7764865126870788,-1.9796206841448338,2.4716072887541216,15.0,1.0
0.718,0.5973911285400391,0.5973911285400391,-1.714284896850586,0.7745030601987338,-1.9872745046071145,2.383689367123893,15.0,1.0
0.719,0.5958652496337891,0.5958652496337891,-1.6000003814697266,0.7725119636778646,-1.9949087114722488,2.2547923806586105,15.0,1.0
0.72,0.5943393707275391,0.5943393707275391,-1.626373291015625,0.7705132427757893,-2.002523229393944,2.266458142345434,15.0,1.0
0.721,0.5924310684204102,0.5924310684204102,-1.714284896850586,0.7685069172190767,-2.010117983219743,2.3453046456108413,15.0,1.0
0.722,0.5909051895141602,0.5909051895141602,-1.7846145629882812,0.7664930068093498,-2.0176928979925606,2.4007389244235657,15.0,1.0
0.723,0.5889978408813477,0.5889978408813477,-1.6791210174560547,0.7644715314230917,-2.0252478989508518,2.285978476631363,15.0,1.0
0.724,0.5874719619750977,0.5874719619750977,-1.5912094116210938,0.7624425110114481,-2.032782911530262,2.1829847356360883,15.0,1.0
0.725,0.5859460830688477,0.5859460830688477,-1.626373291015625,0.760405965600031,-2.040297861363058,2.2029736676203178,15.0,1.0
0.726,0.5840387344360352,0.5840387344360352,-1.7054939270019531,0.758361915288722,-2.047792674279549,2.2725489655127067,15.0,1.0
0.727,0.5821313858032227,0.5821313858032227,-1.8197803497314453,0.756310380251472,-2.055267276308996,2.3771979901461897,15.0,1.0
0.728,0.5806055068969727,0.5806055068969727,-1.7406597137451172,0.754251380736104,-2.062721593680294,2.282626227651793,15.0,1.0
0.729,0.5786981582641602,0.5786981582641602,-1.74945068359375,0.7521849370641114,-2.0701555528221434,2.281596812770875,15.0,1.0
0.73,0.5767908096313477,0.5767908096313477,-1.7758235931396484,0.7501110696304597,-2.0775690803644125,2.298058412761917,15.0,1.0
0.731,0.5752649307250977,0.5752649307250977,-1.7934074401855469,0.7480297989033825,-2.084962103138764,2.2999183597210555,15.0,1.0
0.732,0.5733575820922852,0.5733575820922852,-1.7846145629882812,0.7459411454241822,-2.0923345481786555,2.2810334647880817,15.0,1.0
0.733,0.5718317031860352,0.5718317031860352,-1.6000003814697266,0.7438451298070252,-2.0996863427214976,2.08051543806308,15.0,1.0
0.734,0.5703058242797852,0.5703058242797852,-1.6087913513183594,0.7417417727387392,-2.1070174142076894,2.073313163994981,15.0,1.0
0.735,0.5687799453735352,0.5687799453735352,-1.6879119873046875,0.7396310949786099,-2.1143276902826074,2.1363515410982012,15.0,1.0
0.736,0.5668725967407227,0.5668725967407227,-1.7318687438964844,0.7375131173581739,-2.1216170987968894,2.1698594543613643,15.0,1.0
0.737,0.5649652481079102,0.5649652481079102,-1.7846145629882812,0.735387860781016,-2.1288855678070036,2.212068185277866,15.0,1.0
0.738,0.5634393692016602,0.5634393692016602,-1.7054939270019531,0.73325534622256,-2.13613302557593,2.1166005567395203,15.0,1.0
0.739,0.5615320205688477,0.5615320205688477,-1.8109893798828125,0.7311155947298642,-2.1433594005742407,2.21138359172382,15.0,1.0
0.74,0.5596246719360352,0.5596246719360352,-1.8021984100341797,0.7289686274214114,-2.150564621480669,2.1917931208341552,15.0,1.0
0.741,0.5580987930297852,0.5580987930297852,-1.7846145629882812,0.7268144654869029,-2.1577486171822784,2.1576010326627686,15.0,1.0
0.742,0.5561914443969727,0.5561914443969727,-1.6879119873046875,0.7246531301870469,-2.164911316776454,2.0499259573793474,15.0,1.0
0.743,0.5546655654907227,0.5546655654907227,-1.6879119873046875,0.7224846428533499,-2.1720526495699346,2.0331454981741617,15.0,1.0
0.744,0.5527582168579102,0.5527582168579102,-1.8197803497314453,0.720309024887907,-2.1791725450805757,2.153869925100823,15.0,1.0
0.745,0.5508508682250977,0.5508508682250977,-1.8285713195800781,0.7181262977631888,-2.1862709330378607,2.1514318296135846,15.0,1.0
0.746,0.5489435195922852,0.5489435195922852,-1.8989009857177734,0.7159364830218313,-2.193347743383754,2.210447693777212,15.0,1.0
0.747,0.5474176406860352,0.5474176406860352,-1.837362289428711,0.7137396022764213,-2.2004029062729273,2.131788807011576,15.0,1.0
0.748,0.5455102920532227,0.5455102920532227,-1.9076919555664062,0.7115356772092855,-2.207436352073728,2.1906363808336202,15.0,1.0
0.749,0.5432214736938477,0.5432214736938477,-1.9692306518554688,0.7093247295722738,-2.2144480113689156,2.246331478662945,15.0,1.0
0.75,0.5413141250610352,0.5413141250610352,-1.960439682006836,0.7071067811865476,-2.2214378149561185,2.225891708933404,15.0,1.0
0.751,0.5394067764282227,0.5394067764282227,-1.8549442291259766,0.7048818539423616,-2.228405693849197,2.1086646979888632,15.0,1.0
0.752,0.5378808975219727,0.5378808975219727,-1.8549442291259766,0.7026499697988492,-2.2353515792775056,2.091128734001619,15.0,1.0
0.753,0.5355920791625977,0.5355920791625977,-1.9516487121582031,0.7004111507838066,-2.2422754026882785,2.181659383788058,15.0,1.0
0.754,0.5336847305297852,0.5336847305297852,-1.9692306518554688,0.6981654189934726,-2.249177095746063,2.1872638830647175,15.0,1.0
0.755,0.5317773818969727,0.5317773818969727,-2.0043954849243164,0.6959127965923144,-2.2560565903338556,2.210370115020587,15.0,1.0
0.756,0.5298690795898438,0.5298690795898438,-1.8989009857177734,0.6936533058128049,-2.2629138185540114,2.09275056050818,15.0,1.0
0.757,0.5279617309570312,0.5279617309570312,-2.048351287841797,0.6913869689552065,-2.2697487127282443,2.229981145086181,15.0,1.0
0.758,0.5260543823242188,0.5260543823242188,-1.9428577423095703,0.6891138083873484,-2.276561205399048,2.1121879278574665,15.0,1.0
0.759,0.5237655639648438,0.5237655639648438,-1.9956035614013672,0.6868338465444083,-2.28335122932981,2.158276570765025,15.0,1.0
0.76,0.5218582153320312,0.5218582153320312,-1.837362289428711,0.6845471059286888,-2.290118717505891,1.987576930872684,15.0,1.0
0.761,0.5203323364257812,0.5203323364257812,-1.8637371063232422,0.6822536091093965,-2.2968636031347387,1.9956925934427319,15.0,1.0
0.762,0.5184249877929688,0.5184249877929688,-1.916482925415039,0.6799533787224193,-2.3035858196471395,2.0358229697096584,15.0,1.0
0.763,0.5161361694335938,0.5161361694335938,-1.960439682006836,0.6776464374701022,-2.3102853006973874,2.072808401857076,15.0,1.0
0.764,0.5142288208007812,0.5142288208007812,-1.960439682006836,0.6753328081210246,-2.3169619801644785,2.0600375116460077,15.0,1.0
0.765,0.5123214721679688,0.5123214721679688,-2.013186454772949,0.6730125135097733,-2.323615792152225,2.0999362827477928,15.0,1.0
0.766,0.5104141235351562,0.5104141235351562,-2.039560317993164,0.6706855765367201,-2.3302466709901637,2.113385442026458,15.0,1.0
0.767,0.5081253051757812,0.5081253051757812,-1.9780216217041016,0.6683520201677929,-2.3368545512341825,2.0445677953500945,15.0,1.0
0.768,0.5065994262695312,0.5065994262695312,-1.8461532592773438,0.6660118674342517,-2.343439367667145,1.8939005090810053,15.0,1.0
0.769,0.5046920776367188,0.5046920776367188,-1.8461532592773438,0.6636651414324587,-2.350001055299913,1.8807481609135301,15.0,1.0
0.77,0.5027847290039062,0.5027847290039062,-1.960439682006836,0.6613118653236518,-2.3565395493707797,1.9818071774322399,15.0,1.0
0.771,0.5008773803710938,0.5008773803710938,-1.916482925415039,0.6589520623337171,-2.3630547853477424,1.9245483695066463,15.0,1.0
0.772,0.49897003173828125,0.49897003173828125,-1.9076919555664062,0.6565857557529564,-2.369546698927934,1.9023811168585998,15.0,1.0
0.773,0.49706268310546875,0.49706268310546875,-1.9252738952636719,0.6542129689358612,-2.3760152260388736,1.9065129566806855,15.0,1.0
0.774,0.49477386474609375,0.49477386474609375,-2.118680953979492,0.6518337253008787,-2.3824603028386946,2.0921185594625715,15.0,1.0
0.775,0.49286651611328125,0.49286651611328125,-1.9692306518554688,0.6494480483301838,-2.3888818657172237,1.9290717693917827,15.0,1.0
0.776,0.49095916748046875,0.49095916748046875,-1.8197803497314453,0.6470559615694442,-2.395279851296209,1.7659524097698682,15.0,1.0
0.777,0.48905181884765625,0.48905181884765625,-1.8021984100341797,0.6446574886275914,-2.4016541964298312,1.7346292603033762,15.0,1.0
0.778,0.48714447021484375,0.48714447021484375,-1.9956035614013672,0.6422526531765845,-2.408004838206523,1.9142214676209561,15.0,1.0
0.779,0.48523712158203125,0.48523712158203125,-2.1010990142822266,0.6398414789511784,-2.4143317139473197,2.0058326608721138,15.0,1.0
0.78,0.48294830322265625,0.48294830322265625,-1.9780216217041016,0.6374239897486899,-2.4206347612088734,1.8745221583857323,15.0,1.0
0.781,0.48104095458984375,0.48104095458984375,-1.9340667724609375,0.6350002094287606,-2.426913917782656,1.816541677262034,15.0,1.0
0.782,0.47913360595703125,0.47913360595703125,-2.118680953979492,0.6325701619131245,-2.433169121695812,1.9870601716250795,15.0,1.0
0.783,0.47684478759765625,0.47684478759765625,-2.1890106201171875,0.630133871185369,-2.4394003112120117,2.048946562720867,15.0,1.0
0.784,0.47493743896484375,0.47493743896484375,-1.9956035614013672,0.6276913612907006,-2.4456074248319624,1.8413049714572574,15.0,1.0
0.785,0.47303009033203125,0.47303009033203125,-1.8637371063232422,0.6252426563357051,-2.4517904012939766,1.6951351950843732,15.0,1.0
0.786,0.47112274169921875,0.47112274169921875,-2.048351287841797,0.6227877804881126,-2.457949179574541,1.865377690100663,15.0,1.0
0.787,0.46883392333984375,0.46883392333984375,-2.1802196502685547,0.6203267579765559,-2.4640836988891124,1.9885284709301247,15.0,1.0
0.788,0.46654415130615234,0.46654415130615234,-2.0835161209106445,0.6178596130903343,-2.470193898692173,1.8830541489812012,15.0,1.0
0.789,0.46463680267333984,0.46463680267333984,-1.9076919555664062,0.6153863701791716,-2.4762797186789953,1.6926557494748877,15.0,1.0
0.79,0.46272945404052734,0.46272945404052734,-2.118680953979492,0.6129070536529764,-2.4823410987845023,1.8890038493817256,15.0,1.0
0.791,0.46044063568115234,0.46044063568115234,-2.3032970428466797,0.6104216879816026,-2.488377979185543,2.06463484816789,15.0,1.0
0.792,0.45815181732177734,0.45815181732177734,-2.1098899841308594,0.6079302976946053,-2.4943903003006085,1.8621768894226696,15.0,1.0
0.793,0.45624446868896484,0.45624446868896484,-1.9252738952636719,0.6054329073810014,-2.5003780027903417,1.6627224728538788,15.0,1.0
0.794,0.45433712005615234,0.45433712005615234,-2.1010990142822266,0.6029295416890246,-2.506341027558676,1.8236443112166336,15.0,1.0
0.795,0.45204830169677734,0.45204830169677734,-2.2329673767089844,0.600420225325884,-2.5122793157529486,1.946266915392636,15.0,1.0
0.796,0.44975948333740234,0.44975948333740234,-2.0747251510620117,0.5979049830575187,-2.5181928087645815,1.7787148380991757,15.0,1.0
0.797,0.44785213470458984,0.44785213470458984,-1.9428577423095703,0.5953838397083548,-2.5240814482296514,1.631751869136394,15.0,1.0
0.798,0.44556331634521484,0.44556331634521484,-2.241758346557617,0.5928568201610593,-2.5299451760301395,1.9212157277651452,15.0,1.0
0.799,0.44327449798583984,0.44327449798583984,-2.34725284576416,0.5903239493562945,-2.535783934293079,2.017210682027901,15.0,1.0
0.8,0.44136714935302734,0.44136714935302734,-2.013186454772949,0.5877852522924732,-2.54159766539226,1.6678603334723778,15.0,1.0
0.801,0.43945980072021484,0.43945980072021484,-1.8549442291259766,0.58524075402551,-2.5473863119485145,1.4942722167568894,15.0,1.0
0.802,0.43755245208740234,0.43755245208740234,-2.048351287841797,0.5826904796685761,-2.5531498168303983,1.672271884729005,15.0,1.0
0.803,0.43526363372802734,0.43526363372802734,-2.1802196502685547,0.5801344543918492,-2.5588881231542473,1.794393837071635,15.0,1.0
0.804,0.43335628509521484,0.43335628509521484,-2.039560317993164,0.5775727034222676,-2.5646011742854284,1.6382054186135275,15.0,1.0
0.805,0.43144893646240234,0.43144893646240234,-1.9252738952636719,0.5750052520432783,-2.5702889138384535,1.5083297151383586,15.0,1.0
0.806,0.42916011810302734,0.42916011810302734,-2.1890106201171875,0.5724321255945908,-2.575951285677206,1.7621394468134328,15.0,1.0
0.807,0.42687129974365234,0.42687129974365234,-2.34725284576416,0.5698533494719239,-2.5815882339171594,1.910395357771074,15.0,1.0
0.808,0.42496395111083984,0.42496395111083984,-2.0307693481445312,0.5672689491267564,-2.5871997029233853,1.5781446154598946,15.0,1.0
0.809,0.42305660247802734,0.42305660247802734,-1.8549442291259766,0.5646789500660772,-2.592785637313,1.386493805633724,15.0,1.0
0.81,0.42076778411865234,0.42076778411865234,-2.0307693481445312,0.5620833778521305,-2.598345981955106,1.5521572721915975,15.0,1.0
0.811,0.41847896575927734,0.41847896575927734,-2.268132209777832,0.559482258102167,-2.6038806819713045,1.7793009129498722,15.0,1.0
0.812,0.41657161712646484,0.41657161712646484,-2.15384578704834,0.5568756164881878,-2.6093896827364915,1.6490160947376933,15.0,1.0
0.8130000000000001,0.41428279876708984,0.41428279876708984,-2.013186454772949,0.554263478736694,-2.6148729298789135,1.4980237244380983,15.0,1.0
0.8140000000000001,0.41237545013427734,0.41237545013427734,-2.1098899841308594,0.55164587062843,-2.6203303692811346,1.578615922262014,15.0,1.0
0.8150000000000001,0.41008663177490234,0.41008663177490234,-2.3032970428466797,0.5490228179981317,-2.6257619470803775,1.7615778891147422,15.0,1.0
0.8160000000000001,0.40779781341552734,0.40779781341552734,-2.1098899841308594,0.5463943467342692,-2.63116760966966,1.5576703742423277,15.0,1.0
0.8170000000000001,0.40588951110839844,0.40588951110839844,-1.9340667724609375,0.5437604827787924,-2.636547303696659,1.365584043820188,15.0,1.0
0.8180000000000001,0.40398216247558594,0.40398216247558594,-2.065934181213379,0.5411212521268759,-2.641900976066154,1.4811195499165746,15.0,1.0
0.8190000000000001,0.40169334411621094,0.40169334411621094,-2.2857141494750977,0.53847668082666,-2.6472285739396284,1.6902356261922051,15.0,1.0
0.8200000000000001,0.39940452575683594,0.39940452575683594,-2.2329673767089844,0.5358267949789967,-2.6525300447358404,1.6267713703055549,15.0,1.0
0.8210000000000001,0.39749717712402344,0.39749717712402344,-2.057143211364746,0.5331716207371884,-2.6578053361312755,1.434454529430945,15.0,1.0
0.8220000000000001,0.39520835876464844,0.39520835876464844,-2.2945051193237305,0.530511184306734,-2.6630543960611135,1.6609931063939012,15.0,1.0
0.8230000000000001,0.39291954040527344,0.39291954040527344,-2.2857141494750977,0.5278455119450661,-2.668277172719229,1.6413265498527592,15.0,1.0
0.8240000000000001,0.39063072204589844,0.39063072204589844,-2.1098899841308594,0.5251746299612956,-2.6734736145585885,1.4545749883032286,15.0,1.0
0.8250000000000001,0.38872337341308594,0.38872337341308594,-1.9868125915527344,0.5224985647159489,-2.678643670293127,1.3147967908025522,15.0,1.0
0.8260000000000001,0.38643455505371094,0.38643455505371094,-2.3120880126953125,0.5198173426207093,-2.6837872888958714,1.629042537304417,15.0,1.0
0.8270000000000001,0.38414573669433594,0.38414573669433594,-2.276923179626465,0.5171309901381572,-2.6889044196014993,1.582797561682285,15.0,1.0
0.8280000000000001,0.38185691833496094,0.38185691833496094,-2.145054817199707,0.5144395337815063,-2.6939950119061393,1.4397990369917482,15.0,1.0
0.8290000000000001,0.37994956970214844,0.37994956970214844,-2.1098899841308594,0.5117430001143449,-2.6990590155676273,1.3877324247461793,15.0,1.0
0.8300000000000001,0.37766075134277344,0.37766075134277344,-2.373626708984375,0.5090414157503711,-2.704096380606188,1.6402402944921517,15.0,1.0
0.8310000000000001,0.37537193298339844,0.37537193298339844,-2.2329673767089844,0.5063348073531325,-2.7091070573052605,1.488303434949735,15.0,1.0
0.8320000000000001,0.37308311462402344,0.37308311462402344,-2.048351287841797,0.5036232016357606,-2.714090996211354,1.2923615968064999,15.0,1.0
0.833,0.37079429626464844,0.37079429626464844,-2.2065935134887695,0.5009066253607102,-2.7190481481349593,1.4392303017947363,15.0,1.0
0.834,0.36850547790527344,0.36850547790527344,-2.4087915420532227,0.4981851053394909,-2.7239784641512017,1.630007489415283,15.0,1.0
0.835,0.36621665954589844,0.36621665954589844,-2.276923179626465,0.49545866843240777,-2.728881895599642,1.4866714173244628,15.0,1.0
0.836,0.36430931091308594,0.36430931091308594,-2.15384578704834,0.4927273415482916,-2.73375839408547,1.3463578524909552,15.0,1.0
0.837,0.36163902282714844,0.36163902282714844,-2.382417678833008,0.4899911516442368,-2.738607911479477,1.5690916996098563,15.0,1.0
0.838,0.35935020446777344,0.35935020446777344,-2.329669952392578,0.48725012572533266,-2.7434303999193617,1.5047383713366047,15.0,1.0
0.839,0.35706138610839844,0.35706138610839844,-2.2153844833374023,0.4845042908443981,-2.7482258118085383,1.378802242568859,15.0,1.0
0.84,0.35515403747558594,0.35515403747558594,-2.1010990142822266,0.4817536741017156,-2.7529940998184657,1.2470994638557058,15.0,1.0
0.841,0.35286521911621094,0.35286521911621094,-2.3032970428466797,0.4789983026447611,-2.7577352168880793,1.4375580788868532,15.0,1.0
0.842,0.35057640075683594,0.35057640075683594,-2.2945051193237305,0.4762382036679394,-2.7624491162244453,1.416983046765837,15.0,1.0
0.843,0.34828758239746094,0.34828758239746094,-2.2329673767089844,0.4734734044123122,-2.7671357513033,1.3436189556284535,15.0,1.0
0.844,0.34599876403808594,0.34599876403808594,-2.224175453186035,0.4707039321653328,-2.77179507586942,1.322957899225318,15.0,1.0
0.845,0.34370899200439453,0.34370899200439453,-2.276923179626465,0.4679298142605734,-2.776427043937133,1.3638084695320147,15.0,1.0
0.846,0.34142017364501953,0.34142017364501953,-2.2857141494750977,0.46515107807745854,-2.78103160979083,1.3606461061708528,15.0,1.0
0.847,0.33913135528564453,0.33913135528564453,-2.1978025436401367,0.46236775104099176,-2.7856087279852773,1.2607397519850678,15.0,1.0
0.848,0.33722400665283203,0.33722400665283203,-2.2065935134887695,0.459579860621488,-2.7901583533459586,1.25177296967265,15.0,1.0
0.849,0.33493518829345703,0.33493518829345703,-2.2329673767089844,0.4567874343342998,-2.794680440970552,1.2660706263510737,15.0,1.0
0.85,0.33264636993408203,0.33264636993408203,-2.373626708984375,0.45399049973954686,-2.7991749462272537,1.3946137098390938,15.0,1.0
0.851,0.33035755157470703,0.33035755157470703,-2.268132209777832,0.4511890844418453,-2.8036418247572783,1.2769633780276277,15.0,1.0
0.852,0.32806873321533203,0.32806873321533203,-2.329669952392578,0.4483832160900323,-2.808081032474405,1.326306163038677,15.0,1.0
0.853,0.32577991485595703,0.32577991485595703,-2.2945051193237305,0.4455729223768965,-2.812492525565375,1.2789077065724475,15.0,1.0
0.854,0.32349109649658203,0.32349109649658203,-2.241758346557617,0.44275823103890155,-2.816876260490602,1.2138891042018078,15.0,1.0
0.855,0.32120227813720703,0.32120227813720703,-2.162637710571289,0.4399391698559153,-2.8212321939843434,1.1224588923675696,15.0,1.0
0.856,0.31891345977783203,0.31891345977783203,-2.2065935134887695,0.4371157666509329,-2.8255602830552675,1.1540678335300147,15.0,1.0
0.857,0.31662464141845703,0.31662464141845703,-2.3999996185302734,0.43428804928980475,-2.8298604849867672,1.335090251613722,15.0,1.0
0.858,0.31433582305908203,0.31433582305908203,-2.3208789825439453,0.4314560456809593,-2.8341327573381534,1.243549564533951,15.0,1.0
0.859,0.31204700469970703,0.31204700469970703,-2.2857141494750977,0.42861978377512844,-2.8383770579432053,1.1959287776632135,15.0,1.0
0.86,0.30975818634033203,0.30975818634033203,-2.3120880126953125,0.4257792915650729,-2.842593344912558,1.2098112461538673,15.0,1.0
0.861,0.30746936798095703,0.30746936798095703,-2.3912086486816406,0.4229345970853033,-2.8467815766332194,1.276405508613615,15.0,1.0
0.862,0.30518054962158203,0.30518054962158203,-2.1274728775024414,0.42008572841180647,-2.8509417117689964,1.0001088475868116,15.0,1.0
0.863,0.30289173126220703,0.30289173126220703,-2.224175453186035,0.4172327136617653,-2.855073709261063,1.0842164799183458,15.0,1.0
0.864,0.30060291290283203,0.30060291290283203,-2.5142860412597656,0.4143755809932843,-2.8591775283283027,1.361698534288247,15.0,1.0
0.865,0.29793262481689453,0.29793262481689453,-2.373626708984375,0.4115143586051087,-2.8632531284675906,1.2140995873399971,15.0,1.0
0.866,0.29602527618408203,0.29602527618408203,-2.145054817199707,0.40864907473634915,-2.867300469454193,0.9671113260295208,15.0,1.0
0.867,0.29373645782470703,0.29373645782470703,-2.34725284576416,0.4057797576662003,-2.871319511343188,1.1565828320433709,15.0,1.0
0.868,0.29106616973876953,0.29106616973876953,-2.5318679809570312,0.40290643571366275,-2.875310214467646,1.3341617561127834,15.0,1.0
0.869,0.28877735137939453,0.28877735137939453,-2.145054817199707,0.400029137237265,-2.879272539441075,0.9345590656266891,15.0,1.0
0.87,0.28687000274658203,0.28687000274658203,-2.1010990142822266,0.3971478906347806,-2.8832064471569083,0.8720608854482972,15.0,1.0
0.871,0.28458118438720703,0.28458118438720703,-2.3912086486816406,0.3942627243429512,-2.887111898789101,1.1493198492287018,15.0,1.0
0.872,0.28191089630126953,0.28191089630126953,-2.5142860412597656,0.39137366683720237,-2.8909888557924717,1.2652387435062866,15.0,1.0
0.873,0.2796211242675781,0.2796211242675781,-2.2065935134887695,0.3884807466313662,-2.8948372799029585,0.9446505690426326,15.0,1.0
0.874,0.2773323059082031,0.2773323059082031,-2.268132209777832,0.3855839922773965,-2.8986571331381583,0.9932503721775741,15.0,1.0
0.875,0.2750434875488281,0.2750434875488281,-2.5230770111083984,0.3826834323650899,-2.9024483777975263,1.2352278055547987,15.0,1.0
0.876,0.2727546691894531,0.2727546691894531,-2.224175453186035,0.3797790955218014,-2.9062109764635977,0.9233308717076614,15.0,1.0
0.877,0.2704658508300781,0.2704658508300781,-2.039560317993164,0.3768710104121627,-2.909944892000368,0.7256928197240646,15.0,1.0
0.878,0.2681770324707031,0.2681770324707031,-2.3208789825439453,0.37395920573780067,-2.913650087555851,0.9939614939945574,15.0,1.0
0.879,0.2658882141113281,0.2658882141113281,-2.5758237838745117,0.371043710237051,-2.9173265265612542,1.235829699199101,15.0,1.0
0.88,0.2635993957519531,0.2635993957519531,-2.25054931640625,0.36812455268467814,-2.9209741727316043,0.8974524976655209,15.0,1.0
0.881,0.2613105773925781,0.2613105773925781,-2.268132209777832,0.36520176189158776,-2.9245929900661736,0.9019069871968031,15.0,1.0
0.882,0.2586402893066406,0.2586402893066406,-2.461538314819336,0.3622753667045458,-2.9281829428485935,1.08788153293932,15.0,1.0
0.883,0.2563514709472656,0.2563514709472656,-2.2945051193237305,0.3593453960058906,-2.9317439956475084,0.9076699995555968,15.0,1.0
0.884,0.2544441223144531,0.2544441223144531,-2.145054817199707,0.3564118787132508,-2.9352761133165757,0.7392950498650965,15.0,1.0
0.885,0.2517738342285156,0.2517738342285156,-2.34725284576416,0.3534748437792574,-2.9387792609958865,0.9339887280294006,15.0,1.0
0.886,0.24948501586914062,0.24948501586914062,-2.5758237838745117,0.350534320191259,-2.9422534041100903,1.1493099445961974,15.0,1.0
0.887,0.24719619750976562,0.24719619750976562,-2.3120880126953125,0.34759033697103725,-2.945698508370981,0.872301596243406,15.0,1.0
0.888,0.24452590942382812,0.24452590942382812,-2.34725284576416,0.34464292317451706,-2.9491145397769003,0.8998935122475937,15.0,1.0
0.889,0.24223709106445312,0.24223709106445312,-2.5230770111083984,0.34169210789148347,-2.952501464612851,1.0624007989010025,15.0,1.0
0.89,0.23994827270507812,0.23994827270507812,-2.356043815612793,0.3387379202452913,-2.9558592494513505,0.8820292792646403,15.0,1.0
0.891,0.23765945434570312,0.23765945434570312,-2.2329673767089844,0.33578038939258076,-2.959187861152401,0.7455935412597479,15.0,1.0
0.892,0.23537063598632812,0.23537063598632812,-2.364834785461426,0.3328195445229865,-2.9624872668638886,0.864081146647413,15.0,1.0
0.893,0.23270034790039062,0.23270034790039062,-2.5142860412597656,0.32985541485885295,-2.9657574340218957,1.0058546116148048,15.0,1.0
0.894,0.23041152954101562,0.23041152954101562,-2.364834785461426,0.32688802965494274,-2.968998330351752,0.8429839568185802,15.0,1.0
0.895,0.22774124145507812,0.22774124145507812,-2.4263734817504883,0.32391741819814945,-2.972209923866501,0.8968062090300573,15.0,1.0
0.896,0.22545242309570312,0.22545242309570312,-2.4439563751220703,0.3209436098072097,-2.975392182869257,0.900931992925412,15.0,1.0
0.897,0.22316360473632812,0.22316360473632812,-2.3120880126953125,0.3179666338324109,-2.9785450759523826,0.7555883731841717,15.0,1.0
0.898,0.22087478637695312,0.22087478637695312,-2.25054931640625,0.31498651965530494,-2.9816685719980853,0.6805567435834419,15.0,1.0
0.899,0.21858501434326172,0.21858501434326172,-2.382417678833008,0.31200329668841476,-2.984762640178701,0.7989292738316023,15.0,1.0
0.9,0.21591472625732422,0.21591472625732422,-2.487912178039551,0.3090169943749475,-2.987827249957064,0.896618949846836,15.0,1.0
0.901,0.21362590789794922,0.21362590789794922,-2.382417678833008,0.3060276421885006,-2.9908623710867346,0.7775813221045438,15.0,1.0
0.902,0.21133708953857422,0.21133708953857422,-2.452747344970703,0.30303526963277405,-2.993867973612055,0.8343520727716458,15.0,1.0
0.903,0.20866680145263672,0.20866680145263672,-2.364834785461426,0.30003990624127647,-2.996844027869571,0.7385873294214511,15.0,1.0
0.904,0.20675945281982422,0.20675945281982422,-2.268132209777832,0.2970415815770349,-2.999790504486157,0.6225736366498358,15.0,1.0
0.905,0.20447063446044922,0.20447063446044922,-2.2857141494750977,0.29404032523230417,-3.002707374381572,0.62655213667135,15.0,1.0
0.906,0.20180034637451172,0.20180034637451172,-2.364834785461426,0.29103616682827177,-3.0055946087674386,0.697777483500388,15.0,1.0
0.907,0.19951152801513672,0.19951152801513672,-2.435164451599121,0.2880291360147693,-3.008452179147838,0.754476392445772,15.0,1.0
0.908,0.19722270965576172,0.19722270965576172,-2.356043815612793,0.28501926246997605,-3.0112800573198797,0.6617120505061282,15.0,1.0
0.909,0.19455242156982422,0.19455242156982422,-2.461538314819336,0.2820065759001295,-3.0140782153734733,0.7592724144004419,15.0,1.0
0.91,0.19226360321044922,0.19226360321044922,-2.364834785461426,0.2789911060392291,-3.016846625691869,0.648900702201255,15.0,1.0
0.911,0.18997478485107422,0.18997478485107422,-2.25054931640625,0.27597288264874575,-3.0195852609520273,0.5209355224192957,15.0,1.0
0.912,0.18768596649169922,0.18768596649169922,-2.259340286254883,0.27295193551732505,-3.0222940941247316,0.5160357275145386,15.0,1.0
0.913,0.18539714813232422,0.18539714813232422,-2.3999996185302734,0.2699282944604963,-3.0249730984746748,0.6429937149781801,15.0,1.0
0.914,0.18272686004638672,0.18272686004638672,-2.4967031478881836,0.26690198932037573,-3.0276222475617374,0.7317078394362815,15.0,1.0
0.915,0.18043804168701172,0.18043804168701172,-2.373626708984375,0.2638730499653728,-3.030241515239311,0.5949103179204804,15.0,1.0
0.916,0.17814922332763672,0.17814922332763672,-2.479121208190918,0.26084150628989705,-3.0328308756565434,0.6866745769682796,15.0,1.0
0.917,0.17547893524169922,0.17547893524169922,-2.4263734817504883,0.25780738821405974,-3.035390303257401,0.6259099730784952,15.0,1.0
0.918,0.17319011688232422,0.17319011688232422,-2.3120880126953125,0.25477072568338227,-3.037919772781393,0.4978773719297902,15.0,1.0
0.919,0.17090129852294922,0.17090129852294922,-2.34725284576416,0.25173154866849695,-3.0404192592637145,0.5192873386836616,15.0,1.0
0.92,0.16861248016357422,0.16861248016357422,-2.487912178039551,0.24868988716485482,-3.0428887380354155,0.6461845450233443,15.0,1.0
0.921,0.16594219207763672,0.16594219207763672,-2.487912178039551,0.24564577119242612,-3.045328184723715,0.6381376800376768,15.0,1.0
0.922,0.16365337371826172,0.16365337371826172,-2.479121208190918,0.2425992307954074,-3.0477375752520572,0.615571489096046,15.0,1.0
0.923,0.16098308563232422,0.16098308563232422,-2.5142860412597656,0.239550296041922,-3.0501168858414047,0.6426773115623274,15.0,1.0
0.924,0.15869426727294922,0.15869426727294922,-2.452747344970703,0.2364989970237246,-3.0524660930082206,0.5673521982241132,15.0,1.0
0.925,0.1560230255126953,0.1560230255126953,-2.364834785461426,0.23344536385590553,-3.054785173567055,0.47138468704252423,15.0,1.0
0.926,0.1537342071533203,0.1537342071533203,-2.4967031478881836,0.23038942667659046,-3.057074104629521,0.5894573361077147,15.0,1.0
0.927,0.1514453887939453,0.1514453887939453,-2.4087915420532227,0.2273312156466465,-3.0593328636047232,0.4877460812390171,15.0,1.0
0.928,0.1487751007080078,0.1487751007080078,-2.382417678833008,0.224270760949381,-3.061561428199667,0.4532911542539386,15.0,1.0
0.929,0.1464862823486328,0.1464862823486328,-2.567032814025879,0.22120809279024714,-3.063759776419346,0.624100194230748,15.0,1.0
0.93,0.1438159942626953,0.1438159942626953,-2.540658950805664,0.21814324139654231,-3.0659278865668966,0.5896397712464725,15.0,1.0
0.931,0.1415271759033203,0.1415271759033203,-2.3120880126953125,0.21507623701711334,-3.0680657372437565,0.34725819215845144,15.0,1.0
0.932,0.1392383575439453,0.1392383575439453,-2.259340286254883,0.2120071099220548,-3.0701733073508564,0.2806982645756686,15.0,1.0
0.933,0.1365680694580078,0.1365680694580078,-2.5142860412597656,0.20893589040241162,-3.072250576086688,0.5275527793391346,15.0,1.0
0.934,0.1342792510986328,0.1342792510986328,-2.356043815612793,0.2058626087698814,-3.0742975229496494,0.35549665773187256,15.0,1.0
0.935,0.1319904327392578,0.1319904327392578,-2.259340286254883,0.20278729535651233,-3.0763141277371773,0.24497909777652316,15.0,1.0
0.936,0.1297016143798828,0.1297016143798828,-2.5230770111083984,0.19970998051440705,-3.0783003705462306,0.49490213258003135,15.0,1.0
0.937,0.1270313262939453,0.1270313262939453,-2.479121208190918,0.19663069461541985,-3.08025623177339,0.4428555012396458,15.0,1.0
0.9380000000000001,0.12474250793457031,0.12474250793457031,-2.2065935134887695,0.19354946805086026,-3.0821816921150997,0.15651622311801905,15.0,1.0
0.9390000000000001,0.12283515930175781,0.12283515930175781,-2.171428680419922,0.19046633123118964,-3.0840767325678513,0.101819526793548,15.0,1.0
0.9400000000000001,0.12016487121582031,0.12016487121582031,-2.5230770111083984,0.18738131458572457,-3.0859413344281137,0.44538232722884863,15.0,1.0
0.9410000000000001,0.11787605285644531,0.11787605285644531,-2.3999996185302734,0.18429444856233343,-3.0877754792936543,0.3085000748249409,15.0,1.0
0.9420000000000001,0.11558723449707031,0.11558723449707031,-2.2065935134887695,0.18120576362713725,-3.089579149061592,0.10129230137818157,15.0,1.0
0.9430000000000001,0.11329841613769531,0.11329841613769531,-2.4087915420532227,0.17811529026421022,-3.0913523259306857,0.28969232802026057,15.0,1.0
0.9440000000000001,0.11062812805175781,0.11062812805175781,-2.558241844177246,0.17502305897527587,-3.0930949924003244,0.4310708156296925,15.0,1.0
0.9450000000000001,0.10833930969238281,0.10833930969238281,-2.224175453186035,0.17192910027940958,-3.0948071312711107,0.08321518072032597,15.0,1.0
0.9460000000000001,0.10605049133300781,0.10605049133300781,-2.15384578704834,0.16883344471273365,-3.096488725644946,-0.0008986379007184242,15.0,1.0
0.9470000000000001,0.10376167297363281,0.10376167297363281,-2.5494508743286133,0.16573612282811967,-3.098139758925157,0.380927863220759,15.0,1.0
0.9480000000000001,0.10109138488769531,0.10109138488769531,-2.4087915420532227,0.16263716519488333,-3.099760214816726,0.23221803184431689,15.0,1.0
0.9490000000000001,0.09918403625488281,0.09918403625488281,-2.224175453186035,0.15953660239848622,-3.1013500773261597,0.028113868013926457,15.0,1.0
0.9500000000000001,0.09651374816894531,0.09651374816894531,-2.487912178039551,0.15643446504023098,-3.1029093307628557,0.28381360034598013,15.0,1.0
0.9510000000000001,0.09384346008300781,0.09384346008300781,-2.637362480163574,0.1533307837369605,-3.104437959736927,0.4252343752359372,15.0,1.0
0.9520000000000001,0.0915536880493164,0.0915536880493164,-2.276923179626465,0.15022558912075712,-3.1059359491616476,0.051065746536427925,15.0,1.0
0.9530000000000001,0.0892648696899414,0.0892648696899414,-2.224175453186035,0.1471189118386372,-3.1074032842524844,-0.015417198836012225,15.0,1.0
0.9540000000000001,0.0869760513305664,0.0869760513305664,-2.637362480163574,0.14401078255225216,-3.1088399505273827,0.38404349796147785,15.0,1.0
0.9550000000000001,0.0843057632446289,0.0843057632446289,-2.4703292846679688,0.14090123193758242,-3.1102459338070645,0.2090153812552069,15.0,1.0
0.9560000000000001,0.0820169448852539,0.0820169448852539,-2.224175453186035,0.13779029068463802,-3.1116212202150564,-0.05084558003825945,15.0,1.0
0.9570000000000001,0.0793466567993164,0.0793466567993164,-2.6109886169433594,0.13467798949715232,-3.1129657961778037,0.3279928112330943,15.0,1.0
0.9580000000000001,0.0770578384399414,0.0770578384399414,-2.6197805404663086,0.1315643590922824,-3.1142796484246844,0.32309870182673905,15.0,1.0
0.9590000000000001,0.0747690200805664,0.0747690200805664,-2.276923179626465,0.12844943020030294,-3.115562763989118,-0.033433432566605026,15.0,1.0
0.96,0.0724802017211914,0.0724802017211914,-2.224175453186035,0.12533323356430454,-3.116815130206895,-0.09984419937416278,15.0,1.0
0.961,0.0698099136352539,0.0698099136352539,-2.558241844177246,0.12221579993988949,-3.118036734717272,0.22629340402950782,15.0,1.0
0.962,0.0675210952758789,0.0675210952758789,-2.4263734817504883,0.11909716009486998,-3.119227565463838,0.08078688857151639,15.0,1.0
0.963,0.0652322769165039,0.0652322769165039,-2.259340286254883,0.11597734480896181,-3.1203876106940527,-0.09987130605230132,15.0,1.0
0.964,0.0625619888305664,0.0625619888305664,-2.5054941177368164,0.11285638487348187,-3.1215168589580813,0.1383931994224672,15.0,1.0
0.965,0.060273170471191406,0.060273170471191406,-2.5318679809570312,0.10973431109104564,-3.1226152991109117,0.15116979114393314,15.0,1.0
0.966,0.057984352111816406,0.057984352111816406,-2.276923179626465,0.10661115427526005,-3.1236829203113885,-0.11735770823326896,15.0,1.0
0.967,0.055695533752441406,0.055695533752441406,-2.171428680419922,0.10348694525042286,-3.1247197120225323,-0.23641985913288865,15.0,1.0
0.968,0.053025245666503906,0.053025245666503906,-2.4439563751220703,0.10036171485121498,-3.125725664011618,0.028277748881118114,15.0,1.0
0.969,0.050736427307128906,0.050736427307128906,-2.382417678833008,0.09723549392239961,-3.1267007663503037,-0.04679708828823537,15.0,1.0
0.97,0.048447608947753906,0.048447608947753906,-2.224175453186035,0.09410831331851435,-3.127645009414728,-0.218558990667286,15.0,1.0
0.971,0.046158790588378906,0.046158790588378906,-2.4087915420532227,0.09098020390357014,-3.128558383885597,-0.04744564210450575,15.0,1.0
0.972,0.043869972229003906,0.043869972229003906,-2.479121208190918,0.08785119655074315,-3.1294408807482625,0.009398692268744124,15.0,1.0
0.973,0.041581153869628906,0.041581153869628906,-2.2329673767089844,0.08472132214207362,-3.1302924912926144,-0.2502225904969594,15.0,1.0
0.974,0.039292335510253906,0.039292335510253906,-2.118680953979492,0.08159061156815792,-3.131113207114275,-0.3779581122662228,15.0,1.0
0.975,0.037003517150878906,0.037003517150878906,-2.452747344970703,0.07845909572784507,-3.131903020112439,-0.057321996487243565,15.0,1.0
0.976,0.034333229064941406,0.034333229064941406,-2.4175825119018555,0.07532680552793304,-3.132661922492197,-0.10017576364546699,15.0,1.0
0.977,0.032425880432128906,0.032425880432128906,-2.2329673767089844,0.07219377188286066,-3.133389906763483,-0.30390415829352246,15.0,1.0
0.978,0.029754638671875,0.029754638671875,-2.3999996185302734,0.06906002571440606,-3.134086965741396,-0.1445065415731568,15.0,1.0
0.979,0.0274658203125,0.0274658203125,-2.540658950805664,0.06592559795137787,-3.1347530925462372,-0.01719747715740516,15.0,1.0
0.98,0.025177001953125,0.025177001953125,-2.276923179626465,0.06279051952931358,-3.1353882806035998,-0.2942623373343062,15.0,1.0
0.981,0.02288818359375,0.02288818359375,-2.1890106201171875,0.059654821390170656,-3.1359925236444504,-0.395482336580953,15.0,1.0
0.982,0.0202178955078125,0.0202178955078125,-2.558241844177246,0.05651853448202468,-3.136565815704916,-0.03381438691448735,15.0,1.0
0.983,0.0179290771484375,0.0179290771484375,-2.4439563751220703,0.05338168975876082,-3.1371081511275065,-0.16136258685058635,15.0,1.0
0.984,0.0156402587890625,0.0156402587890625,-2.268132209777832,0.05024431817976966,-3.1376195245589287,-0.3504264239204893,15.0,1.0
0.985,0.012969970703125,0.012969970703125,-2.479121208190918,0.04710645070964296,-3.1380999309523503,-0.14693152266366294,15.0,1.0
0.986,0.01068115234375,0.01068115234375,-2.5318679809570312,0.04396811831786495,-3.1385493655663517,-0.10737689499759617,15.0,1.0
0.987,0.008392333984375,0.008392333984375,-2.364834785461426,0.040829351978510245,-3.1389678239652063,-0.2875777685917519,15.0,1.0
0.988,0.006103515625,0.006103515625,-2.241758346557617,0.037690182669934534,-3.1393553020188882,-0.423796949787253,15.0,1.0
0.989,0.0034332275390625,0.0034332275390625,-2.4263734817504883,0.03455064137447246,-3.1397117959031444,-0.24657710662150673,15.0,1.0
0.99,0.0011444091796875,0.0011444091796875,-2.452747344970703,0.031410759078128236,-3.1400373020995325,-0.2332947086522183,15.0,1.0
0.991,-0.0011444091796875,-0.0011444091796875,-2.382417678833008,0.02827056677027339,-3.140331817395209,-0.3166894993127879,15.0,1.0
0.992,-0.003814697265625,-0.003814697265625,-2.4439563751220703,0.025130095443337813,-3.1405953388840935,-0.262467073127581,15.0,1.0
0.993,-0.006103515625,-0.006103515625,-2.4439563751220703,0.021989376092505196,-3.140827863964674,-0.27547811308002557,15.0,1.0
0.994,-0.0087738037109375,-0.0087738037109375,-2.4175825119018555,0.01884843971540846,-3.141029390342241,-0.30911322704519595,15.0,1.0
0.995,-0.01068115234375,-0.01068115234375,-2.268132209777832,0.01570731731182071,-3.1411999160278077,-0.477240661416415,15.0,1.0
0.996,-0.012969970703125,-0.012969970703125,-2.2857141494750977,0.012566039883352836,-3.141339439338358,-0.4725851310660928,15.0,1.0
0.997,-0.0156402587890625,-0.0156402587890625,-2.382417678833008,0.009424638433143987,-3.1414479588968516,-0.3830568217307465,15.0,1.0
0.998,-0.0179290771484375,-0.0179290771484375,-2.3912086486816406,0.006283143965559127,-3.141525473632245,-0.38713350824065507,15.0,1.0
0.999,-0.0202178955078125,-0.0202178955078125,-2.364834785461426,0.0031415874858794902,-3.141571982779499,-0.4263449524126934,15.0,1.0
1.0,-0.0225067138671875,-0.0225067138671875,-2.373626708984375,1.2246467991473532e-16,-3.1415874858794126,-0.4303600688872233,15.0,1.0
1.0010000000000001,-0.025177001953125,-0.025177001953125,-2.3912086486816406,-0.0031415874858796893,-3.1415719827794995,-0.41983211708917917,15.0,1.0
1.002,-0.0270843505859375,-0.0270843505859375,-2.1978025436401367,-0.006283143965558882,-3.141525473632246,-0.6317048306864299,15.0,1.0
1.0030000000000001,-0.0293731689453125,-0.0293731689453125,-2.25054931640625,-0.009424638433144186,-3.1414479588968525,-0.5916706848080777,15.0,1.0
1.004,-0.032044410705566406,-0.032044410705566406,-2.3912086486816406,-0.012566039883352592,-3.141339439338358,-0.4579552283235102,15.0,1.0
1.0050000000000001,-0.034333229064941406,-0.034333229064941406,-2.373626708984375,-0.015707317311820908,-3.1411999160278086,-0.4881845307466261,15.0,1.0
1.006,-0.036622047424316406,-0.036622047424316406,-2.276923179626465,-0.018848439715408213,-3.14102939034224,-0.5975020950821521,15.0,1.0
1.0070000000000001,-0.038910865783691406,-0.038910865783691406,-2.356043815612793,-0.021989376092505394,-3.1408278639646756,-0.5309617029840925,15.0,1.0
1.008,-0.041199684143066406,-0.041199684143066406,-2.3999996185302734,-0.02513009544333757,-3.1405953388840953,-0.49955188985788923,15.0,1.0
1.0090000000000001,-0.043488502502441406,-0.043488502502441406,-2.162637710571289,-0.028270566770273592,-3.140331817395211,-0.7494250708414045,15.0,1.0
1.01,-0.045777320861816406,-0.045777320861816406,-2.2065935134887695,-0.031410759078127994,-3.1400373020995307,-0.717945361855435,15.0,1.0
1.0110000000000001,-0.048066139221191406,-0.048066139221191406,-2.3912086486816406,-0.03455064137447266,-3.139711795903148,-0.5457706795207262,15.0,1.0
1.012,-0.050354957580566406,-0.050354957580566406,-2.461538314819336,-0.03769018266993429,-3.1393553020188847,-0.487845363540067,15.0,1.0
1.0130000000000001,-0.052643775939941406,-0.052643775939941406,-2.15384578704834,-0.04082935197851044,-3.1389678239652063,-0.807905677495402,15.0,1.0
1.014,-0.054932594299316406,-0.054932594299316406,-2.241758346557617,-0.04396811831786471,-3.138549365566135,-0.7323238792867423,15.0,1.0
1.0150000000000001,-0.057602882385253906,-0.057602882385253906,-2.4967031478881836,-0.047106450709642714,-3.1380999309523574,-0.48395030793000593,15.0,1.0
1.016,-0.059510231018066406,-0.059510231018066406,-2.25054931640625,-0.05024431817976942,-3.137619524558925,-0.7480815155782203,15.0,1.0
1.0170000000000001,-0.061799049377441406,-0.061799049377441406,-2.0747251510620117,-0.05338168975876058,-3.13710815112751,-0.9361226057852859,15.0,1.0
1.018,-0.0640878677368164,-0.0640878677368164,-2.268132209777832,-0.056518534482024436,-3.136565815705133,-0.7548936071054213,15.0,1.0
1.0190000000000001,-0.0663766860961914,-0.0663766860961914,-2.558241844177246,-0.05965482139017086,-3.135992523644454,-0.4769227088768996,15.0,1.0
1.02,-0.0686655044555664,-0.0686655044555664,-2.2153844833374023,-0.06279051952931335,-3.1353882806035998,-0.8318790233724015,15.0,1.0
1.0210000000000001,-0.0709543228149414,-0.0709543228149414,-2.241758346557617,-0.06592559795137808,-3.1347530925462337,-0.8175638730351665,15.0,1.0
1.022,-0.0736246109008789,-0.0736246109008789,-2.452747344970703,-0.06906002571440581,-3.134086965741389,-0.6128708429735894,15.0,1.0
1.0230000000000001,-0.0759134292602539,-0.0759134292602539,-2.34725284576416,-0.07219377188286087,-3.1333899067634903,-0.7303422003384346,15.0,1.0
1.024,-0.0778207778930664,-0.0778207778930664,-2.048351287841797,-0.07532680552793279,-3.1326619224920904,-1.0469010491732893,15.0,1.0
1.025,-0.0801095962524414,-0.0801095962524414,-2.2065935134887695,-0.07845909572784437,-3.131903020112439,-0.9005519987547141,15.0,1.0
1.026,-0.0827798843383789,-0.0827798843383789,-2.540658950805664,-0.08159061156815768,-3.131113207114275,-0.5726151647552926,15.0,1.0
1.027,-0.0850687026977539,-0.0850687026977539,-2.3208789825439453,-0.08472132214207292,-3.1302924912926073,-0.8042028004134473,15.0,1.0
1.028,-0.0869760513305664,-0.0869760513305664,-2.2329673767089844,-0.0878511965507429,-3.1294408807482696,-0.9096006823419327,15.0,1.0
1.029,-0.0896463394165039,-0.0896463394165039,-2.382417678833008,-0.09098020390356945,-3.12855838388559,-0.7661486723585653,15.0,1.0
1.03,-0.0919351577758789,-0.0919351577758789,-2.4087915420532227,-0.0941083133185141,-3.127645009414742,-0.7514508005010474,15.0,1.0
1.031,-0.09422492980957031,-0.09422492980957031,-2.1098899841308594,-0.09723549392239893,-3.126700766350311,-1.0619692439118806,15.0,1.0
1.032,-0.09613227844238281,-0.09613227844238281,-2.1978025436401367,-0.10036171485121473,-3.1257256640116253,-0.9913646665039674,15.0,1.0
1.033,-0.09880256652832031,-0.09880256652832031,-2.479121208190918,-0.10348694525042217,-3.1247197120225323,-0.7158641846631422,15.0,1.0
1.034,-0.10109138488769531,-0.10109138488769531,-2.364834785461426,-0.1066111542752598,-3.1236829203114027,-0.8416446756634443,15.0,1.0
1.035,-0.10338020324707031,-0.10338020324707031,-2.25054931640625,-0.10973431109104496,-3.1226152991109117,-0.9673776003642816,15.0,1.0
1.036,-0.10566902160644531,-0.10566902160644531,-2.3912086486816406,-0.11285638487348164,-3.121516858958074,-0.8381186592819785,15.0,1.0
1.037,-0.10833930969238281,-0.10833930969238281,-2.4703292846679688,-0.11597734480896112,-3.1203876106940314,-0.7646288527747371,15.0,1.0
1.038,-0.11024665832519531,-0.11024665832519531,-2.171428680419922,-0.11909716009486973,-3.1192275654640653,-1.0805564115892596,15.0,1.0
1.039,-0.11253547668457031,-0.11253547668457031,-2.25054931640625,-0.12221579993988924,-3.118036734717265,-1.0126922671407987,15.0,1.0
1.04,-0.11520576477050781,-0.11520576477050781,-2.4439563751220703,-0.12533323356430429,-3.1168151302067244,-0.8247707869916012,15.0,1.0
1.041,-0.11749458312988281,-0.11749458312988281,-2.364834785461426,-0.1284494302003027,-3.1155627639891534,-0.9150506845840258,15.0,1.0
1.042,-0.11978340148925781,-0.11978340148925781,-2.329669952392578,-0.13156435909228262,-3.1142796484246844,-0.9613240600774784,15.0,1.0
1.043,-0.12207221984863281,-0.12207221984863281,-2.4175825119018555,-0.13467798949715207,-3.1129657961777895,-0.8844698290037228,15.0,1.0
1.044,-0.12474250793457031,-0.12474250793457031,-2.435164451599121,-0.13779029068463822,-3.1116212202150706,-0.8721735098669681,15.0,1.0
1.045,-0.1266498565673828,-0.1266498565673828,-2.2153844833374023,-0.1409012319375822,-3.1102459338070787,-1.108632081022667,15.0,1.0
1.046,-0.1293201446533203,-0.1293201446533203,-2.3120880126953125,-0.14401078255225236,-3.1088399505273827,-1.017111506316051,15.0,1.0
1.047,-0.1316089630126953,-0.1316089630126953,-2.4175825119018555,-0.14711891183863696,-3.107403284252257,-0.9224700047395262,15.0,1.0
1.048,-0.1338977813720703,-0.1338977813720703,-2.3912086486816406,-0.15022558912075687,-3.105935949161662,-0.9596444167103195,15.0,1.0
1.049,-0.1365680694580078,-0.1365680694580078,-2.4175825119018555,-0.15333078373696027,-3.104437959736913,-0.9382961620193443,15.0,1.0
1.05,-0.1388568878173828,-0.1388568878173828,-2.4439563751220703,-0.15643446504023073,-3.10290933076287,-0.9226166139835184,15.0,1.0
1.051,-0.1411457061767578,-0.1411457061767578,-2.3912086486816406,-0.159536602398486,-3.101350077326387,-0.9860048719706692,15.0,1.0
1.052,-0.1434345245361328,-0.1434345245361328,-2.25054931640625,-0.16263716519488353,-3.099760214816726,-1.1372505082917368,15.0,1.0
1.053,-0.1457233428955078,-0.1457233428955078,-2.382417678833008,-0.16573612282811945,-3.098139758925157,-1.0159137790813237,15.0,1.0
1.054,-0.1483936309814453,-0.1483936309814453,-2.435164451599121,-0.16883344471273384,-3.096488725644946,-0.9679214800151527,15.0,1.0
1.055,-0.1506824493408203,-0.1506824493408203,-2.3384618759155273,-0.17192910027940933,-3.0948071312711107,-1.0750450194344188,15.0,1.0
1.056,-0.1529712677001953,-0.1529712677001953,-2.382417678833008,-0.1750230589752761,-3.0930949924003244,-1.0414541826935282,15.0,1.0
1.057,-0.1552600860595703,-0.1552600860595703,-2.4087915420532227,-0.17811529026420997,-3.0913523259306572,-1.0253888469470294,15.0,1.0
1.058,-0.15754985809326172,-0.15754985809326172,-2.276923179626465,-0.18120576362713745,-3.0895791490616347,-1.1674945524433058,15.0,1.0
1.059,-0.15983867645263672,-0.15983867645263672,-2.1010990142822266,-0.1842944485623332,-3.0877754792936543,-1.353513046656875,15.0,1.0
1.06,-0.16212749481201172,-0.16212749481201172,-2.2329673767089844,-0.18738131458572477,-3.0859413344280853,-1.2317812543247966,15.0,1.0
1.061,-0.16441631317138672,-0.16441631317138672,-2.2153844833374023,-0.1904663312311894,-3.084076732567823,-1.2594425201274606,15.0,1.0
1.062,-0.16632366180419922,-0.16632366180419922,-2.241758346557617,-0.19354946805086046,-3.082181692115128,-1.2488104392574295,15.0,1.0
1.063,-0.16861248016357422,-0.16861248016357422,-2.136263847351074,-0.19663069461541963,-3.080256231773376,-1.3642656011999827,15.0,1.0
1.064,-0.17090129852294922,-0.17090129852294922,-2.1802196502685547,-0.19970998051440725,-3.078300370546245,-1.3302109501495605,15.0,1.0
1.065,-0.17280864715576172,-0.17280864715576172,-2.1098899841308594,-0.2027872953565121,-3.076314127736964,-1.4161038666173607,15.0,1.0
1.066,-0.17509746551513672,-0.17509746551513672,-2.0043954849243164,-0.2058626087698812,-3.074297522949635,-1.5313791868464859,15.0,1.0
1.067,-0.17700481414794922,-0.17700481414794922,-1.916482925415039,-0.20893589040241137,-3.072250576086674,-1.6347337944885671,15.0,1.0
1.068,-0.17891216278076172,-0.17891216278076172,-2.0043954849243164,-0.21200710992205454,-3.0701733073508706,-1.5622020295459467,15.0,1.0
1.069,-0.18081951141357422,-0.18081951141357422,-2.0043954849243164,-0.2150762370171131,-3.0680657372439697,-1.5775211363727364,15.0,1.0
1.07,-0.18272686004638672,-0.18272686004638672,-2.039560317993164,-0.2181432413965425,-3.065927886566911,-1.5576132888260836,15.0,1.0
1.071,-0.18501567840576172,-0.18501567840576172,-1.9956035614013672,-0.2212080927902469,-3.0637597764193174,-1.6110424307852278,15.0,1.0
1.072,-0.18692302703857422,-0.18692302703857422,-2.1098899841308594,-0.2242707609493812,-3.0615614281996955,-1.5118874527309407,15.0,1.0
1.073,-0.18883037567138672,-0.18883037567138672,-2.0307693481445312,-0.22733121564664627,-3.0593328636047232,-1.6060761150890852,15.0,1.0
1.074,-0.19111919403076172,-0.19111919403076172,-1.9956035614013672,-0.23038942667659065,-3.057074104629507,-1.6505240329155737,15.0,1.0
1.075,-0.19302654266357422,-0.19302654266357422,-1.8813190460205078,-0.23344536385590528,-3.054785173567069,-1.779748445431527,15.0,1.0
1.076,-0.19493389129638672,-0.19493389129638672,-2.065934181213379,-0.2364989970237248,-3.052466093008263,-1.6100084977049554,15.0,1.0
1.077,-0.19684123992919922,-0.19684123992919922,-1.9692306518554688,-0.23955029604192177,-3.0501168858413905,-1.72152207567676,15.0,1.0
1.078,-0.19874858856201172,-0.19874858856201172,-1.9868125915527344,-0.2425992307954076,-3.0477375752520572,-1.7186846172002612,15.0,1.0
1.079,-0.20103740692138672,-0.20103740692138672,-2.0307693481445312,-0.2456457711924259,-3.045328184723701,-1.683684300644757,15.0,1.0
1.08,-0.20332622528076172,-0.20332622528076172,-2.2857141494750977,-0.24868988716485502,-3.042888738035387,-1.4376295168216888,15.0,1.0
1.081,-0.20523357391357422,-0.20523357391357422,-2.1010990142822266,-0.2517315486684967,-3.0404192592637003,-1.6367898663053104,15.0,1.0
1.082,-0.20714092254638672,-0.20714092254638672,-1.9692306518554688,-0.25477072568338244,-3.0379197727814216,-1.7831361679808886,15.0,1.0
1.083,-0.20904827117919922,-0.20904827117919922,-1.9340667724609375,-0.2578073882140595,-3.0353903032571736,-1.8327102863191407,15.0,1.0
1.084,-0.21133708953857422,-0.21133708953857422,-2.15384578704834,-0.26084150628989683,-3.032830875656515,-1.6215513398780144,15.0,1.0
1.085,-0.21362590789794922,-0.21362590789794922,-2.1010990142822266,-0.2638730499653726,-3.030241515239368,-1.6828496319684918,15.0,1.0
1.086,-0.21553325653076172,-0.21553325653076172,-2.0307693481445312,-0.2669019893203755,-3.027622247561766,-1.7673838912614415,15.0,1.0
1.087,-0.21744060516357422,-0.21744060516357422,-2.057143211364746,-0.2699282944604961,-3.0249730984748453,-1.7551452265639274,15.0,1.0
1.088,-0.21973037719726562,-0.21973037719726562,-2.329669952392578,-0.2729519355173252,-3.02229409412476,-1.4909475165330757,15.0,1.0
1.089,-0.22201919555664062,-0.22201919555664062,-2.1802196502685547,-0.27597288264874553,-3.019585260951999,-1.6486709170650178,15.0,1.0
1.09,-0.22392654418945312,-0.22392654418945312,-1.9780216217041016,-0.2789911060392293,-3.016846625691869,-1.8647934317344097,15.0,1.0
1.091,-0.22583389282226562,-0.22583389282226562,-1.8989009857177734,-0.2820065759001293,-3.014078215373445,-1.9577674758236263,15.0,1.0
1.092,-0.22812271118164062,-0.22812271118164062,-2.1890106201171875,-0.2850192624699762,-3.011280057319908,-1.6757177065277546,15.0,1.0
1.093,-0.23003005981445312,-0.23003005981445312,-2.0835161209106445,-0.2880291360147691,-3.0084521791478664,-1.7949222012419614,15.0,1.0
1.094,-0.23231887817382812,-0.23231887817382812,-2.0219783782958984,-0.291036166828272,-3.00559460876741,-1.8643755602881698,15.0,1.0
1.095,-0.23422622680664062,-0.23422622680664062,-1.9076919555664062,-0.2940403252323039,-3.002707374381515,-1.992226895200058,15.0,1.0
1.096,-0.23651504516601562,-0.23651504516601562,-2.1978025436401367,-0.2970415815770351,-2.9997905044861852,-1.7098860070113404,15.0,1.0
1.097,-0.23842239379882812,-0.23842239379882812,-2.136263847351074,-0.30003990624127624,-2.9968440278695425,-1.7848428671551901,15.0,1.0
1.098,-0.24032974243164062,-0.24032974243164062,-1.8901100158691406,-0.3030352696327742,-2.9938679736120832,-2.0443408657599464,15.0,1.0
1.099,-0.24223709106445312,-0.24223709106445312,-1.7758235931396484,-0.30602764218850037,-2.9908623710867346,-2.1718970448077948,15.0,1.0
1.1,-0.24414443969726562,-0.24414443969726562,-1.9780216217041016,-0.30901699437494773,-2.9878272499570926,-1.9828939484182226,15.0,1.0
1.101,-0.24605178833007812,-0.24605178833007812,-2.0835161209106445,-0.31200329668841453,-2.984762640178701,-1.8905191446431027,15.0,1.0
1.102,-0.24795913696289062,-0.24795913696289062,-1.9252738952636719,-0.31498651965530516,-2.9816685719980853,-2.0618054171206315,15.0,1.0
1.103,-0.24986648559570312,-0.24986648559570312,-1.7934074401855469,-0.3179666338324107,-2.978545075952127,-2.2066398593171934,15.0,1.0
1.104,-0.2517738342285156,-0.2517738342285156,-1.9868125915527344,-0.3209436098072095,-2.975392182869257,-2.0261262249969305,15.0,1.0
1.105,-0.2540626525878906,-0.2540626525878906,-2.1978025436401367,-0.3239174181981492,-2.972209923866501,-1.8222288643802425,15.0,1.0
1.106,-0.2559700012207031,-0.2559700012207031,-1.9516487121582031,-0.3268880296549425,-2.9689983303517806,-2.081120044707168,15.0,1.0
1.107,-0.2578773498535156,-0.2578773498535156,-1.7318687438964844,-0.3298554148588527,-2.9657574340220947,-2.3135596652056667,15.0,1.0
1.108,-0.2594032287597656,-0.2594032287597656,-1.714284896850586,-0.33281954452298673,-2.962487266863917,-2.349447106461648,15.0,1.0
1.109,-0.2616920471191406,-0.2616920471191406,-2.057143211364746,-0.33578038939258054,-2.959187861152344,-2.0133697838891966,15.0,1.0
1.11,-0.2635993957519531,-0.2635993957519531,-1.9780216217041016,-0.3387379202452915,-2.955859249451379,-2.1049154951473525,15.0,1.0
1.111,-0.2655067443847656,-0.2655067443847656,-1.8285713195800781,-0.34169210789148324,-2.952501464612851,-2.266710597633537,15.0,1.0
1.112,-0.2670326232910156,-0.2670326232910156,-1.7670326232910156,-0.3446429231745172,-2.949114539776872,-2.3462364147383803,15.0,1.0
1.113,-0.2693214416503906,-0.2693214416503906,-2.048351287841797,-0.34759033697103703,-2.9456985083710094,-2.0713806503389085,15.0,1.0
1.114,-0.2712287902832031,-0.2712287902832031,-2.1802196502685547,-0.35053432019125924,-2.942253404110062,-1.951616702462349,15.0,1.0
1.115,-0.2731361389160156,-0.2731361389160156,-1.8813190460205078,-0.35347484377925714,-2.938779260995858,-2.2625407879239727,15.0,1.0
1.116,-0.2750434875488281,-0.2750434875488281,-1.7318687438964844,-0.356411878713251,-2.9352761133166325,-2.4239332368864908,15.0,1.0
1.117,-0.2769508361816406,-0.2769508361816406,-1.8109893798828125,-0.3593453960058904,-2.93174399564748,-2.3566730131284137,15.0,1.0
1.118,-0.2788581848144531,-0.2788581848144531,-2.039560317993164,-0.362275366704546,-2.928182942848622,-2.139880353206851,15.0,1.0
1.119,-0.2807655334472656,-0.2807655334472656,-1.9780216217041016,-0.36520176189158754,-2.9245929900661167,-2.213114795026844,15.0,1.0
1.12,-0.28267383575439453,-0.28267383575439453,-1.8637371063232422,-0.3681245526846783,-2.9209741727316327,-2.338997820362647,15.0,1.0
1.121,-0.28458118438720703,-0.28458118438720703,-1.7758235931396484,-0.3710437102370508,-2.9173265265610553,-2.4384408211690634,15.0,1.0
1.122,-0.28648853302001953,-0.28648853302001953,-2.0219783782958984,-0.37395920573780045,-2.913650087555851,-2.2037318000266666,15.0,1.0
1.123,-0.28839588165283203,-0.28839588165283203,-2.0219783782958984,-0.3768710104121625,-2.9099448920003397,-2.215093445094398,15.0,1.0
1.124,-0.29030323028564453,-0.29030323028564453,-1.8637371063232422,-0.37977909552180117,-2.9062109764635977,-2.384611848682705,15.0,1.0
1.125,-0.29182910919189453,-0.29182910919189453,-1.6879119873046875,-0.38268343236508967,-2.9024483777977252,-2.577351238090965,15.0,1.0
1.1260000000000001,-0.29373645782470703,-0.29373645782470703,-1.7846145629882812,-0.38558399227739665,-2.8986571331381867,-2.4917555869402497,15.0,1.0
1.127,-0.29564380645751953,-0.29564380645751953,-1.8989009857177734,-0.388480746631366,-2.8948372799029585,-2.388490396792882,15.0,1.0
1.1280000000000001,-0.29755115509033203,-0.29755115509033203,-1.872528076171875,-0.3913736668372026,-2.8909888557925,-2.4257984558236836,15.0,1.0
1.129,-0.29945850372314453,-0.29945850372314453,-1.7670326232910156,-0.39426272434295095,-2.8871118987890725,-2.5421425847951533,15.0,1.0
1.1300000000000001,-0.30098438262939453,-0.30098438262939453,-1.7054939270019531,-0.3971478906347808,-2.8832064471569367,-2.6201651402357777,15.0,1.0
1.131,-0.30289173126220703,-0.30289173126220703,-1.9516487121582031,-0.4000291372372648,-2.8792725394410468,-2.38468491690871,15.0,1.0
1.1320000000000001,-0.30479907989501953,-0.30479907989501953,-1.9252738952636719,-0.4029064357136629,-2.8753102144676177,-2.4216466564835963,15.0,1.0
1.133,-0.30670642852783203,-0.30670642852783203,-1.7670326232910156,-0.40577975766620006,-2.871319511343188,-2.590386825127693,15.0,1.0
1.1340000000000001,-0.30823230743408203,-0.30823230743408203,-1.6439552307128906,-0.4086490747363493,-2.867300469454193,-2.729596748275312,15.0,1.0
1.135,-0.31013965606689453,-0.31013965606689453,-1.6791210174560547,-0.4115143586051085,-2.863253128467562,-2.7047526490847167,15.0,1.0
1.1360000000000001,-0.31204700469970703,-0.31204700469970703,-1.8637371063232422,-0.4143755809932845,-2.8591775283283027,-2.5303690664087224,15.0,1.0
1.137,-0.31357288360595703,-0.31357288360595703,-1.8285713195800781,-0.41723271366176506,-2.855073709261063,-2.5813998405181056,15.0,1.0
1.1380000000000001,-0.31548023223876953,-0.31548023223876953,-1.7846145629882812,-0.42008572841180664,-2.8509417117690248,-2.6354095913763,15.0,1.0
1.139,-0.31700611114501953,-0.31700611114501953,-1.6879119873046875,-0.42293459708530307,-2.8467815766329636,-2.747796878432529,15.0,1.0
1.1400000000000001,-0.31891345977783203,-0.31891345977783203,-1.872528076171875,-0.42577929156507266,-2.8425933449125864,-2.5730527455493206,15.0,1.0
1.141,-0.32082080841064453,-0.32082080841064453,-1.960439682006836,-0.4286197837751282,-2.8383770579432053,-2.4949220064036246,15.0,1.0
1.1420000000000001,-0.32272815704345703,-0.32272815704345703,-1.8021984100341797,-0.4314560456809591,-2.8341327573381534,-2.662852676866504,15.0,1.0
1.143,-0.32463550567626953,-0.32463550567626953,-1.6351642608642578,-0.4342880492898045,-2.829860484986966,-2.839484378325733,15.0,1.0
1.1440000000000001,-0.32616138458251953,-0.32616138458251953,-1.5912094116210938,-0.43711576665093305,-2.825560283055296,-2.8986666024604046,15.0,1.0
1.145,-0.32806873321533203,-0.32806873321533203,-1.8637371063232422,-0.4399391698559151,-2.821232193984315,-2.6355516372698187,15.0,1.0
1.1460000000000001,-0.32959461212158203,-0.32959461212158203,-1.8461532592773438,-0.4427582310389017,-2.816876260490602,-2.6681772849730536,15.0,1.0
1.147,-0.33150196075439453,-0.33150196075439453,-1.7670326232910156,-0.4455729223768963,-2.8124925255653466,-2.7565243266118573,15.0,1.0
1.1480000000000001,-0.33340930938720703,-0.33340930938720703,-1.714284896850586,-0.44838321609003245,-2.808081032474405,-2.8184047361662,15.0,1.0
1.149,-0.33493518829345703,-0.33493518829345703,-1.8021984100341797,-0.4511890844418451,-2.8036418247572783,-2.7452518569489195,15.0,1.0
1.1500000000000001,-0.33684253692626953,-0.33684253692626953,-1.916482925415039,-0.4539904997395471,-2.7991749462272537,-2.639911463011378,15.0,1.0
1.151,-0.33874988555908203,-0.33874988555908203,-1.8197803497314453,-0.4567874343342996,-2.7946804409705237,-2.7454633228673417,15.0,1.0
1.1520000000000001,-0.34027576446533203,-0.34027576446533203,-1.6967029571533203,-0.45957986062148815,-2.790158353345987,-2.8830168385350086,15.0,1.0
1.153,-0.34218311309814453,-0.34218311309814453,-1.6000003814697266,-0.46236775104099154,-2.785608727985192,-2.9883779156581705,15.0,1.0
1.154,-0.34370899200439453,-0.34370899200439453,-1.6879119873046875,-0.4651510780774579,-2.7810316097908014,-2.914750913582065,15.0,1.0
1.155,-0.34561729431152344,-0.34561729431152344,-1.74945068359375,-0.4679298142605732,-2.776427043937133,-2.861664159579129,15.0,1.0
1.156,-0.34714317321777344,-0.34714317321777344,-1.7582416534423828,-0.4707039321653322,-2.7717950758693632,-2.866964806640362,15.0,1.0
1.157,-0.34905052185058594,-0.34905052185058594,-1.7582416534423828,-0.473473404412312,-2.7671357513033286,-2.875237336286837,15.0,1.0
1.158,-0.35057640075683594,-0.35057640075683594,-1.661539077758789,-0.4762382036679388,-2.7624491162244453,-2.985837082132199,15.0,1.0
1.159,-0.35248374938964844,-0.35248374938964844,-1.74945068359375,-0.4789983026447609,-2.7577352168881077,-2.906002832121045,15.0,1.0
1.16,-0.35439109802246094,-0.35439109802246094,-1.7846145629882812,-0.481753674101715,-2.7529940998184657,-2.878818178018995,15.0,1.0
1.161,-0.35591697692871094,-0.35591697692871094,-1.7230777740478516,-0.4845042908443979,-2.7482258118085667,-2.9539577464960196,15.0,1.0
1.162,-0.35744285583496094,-0.35744285583496094,-1.6703300476074219,-0.4872501257253321,-2.7434303999193332,-3.020209400667479,15.0,1.0
1.163,-0.35896873474121094,-0.35896873474121094,-1.5560436248779297,-0.48999115164423657,-2.7386079114796757,-3.1479005401471305,15.0,1.0
1.164,-0.36087608337402344,-0.36087608337402344,-1.6000003814697266,-0.4927273415482914,-2.7337583940854415,-3.1115268852297344,15.0,1.0
1.165,-0.36240196228027344,-0.36240196228027344,-1.6175823211669922,-0.49545866843240755,-2.7288818955996703,-3.10715016671469,15.0,1.0
1.166,-0.36392784118652344,-0.36392784118652344,-1.6791210174560547,-0.4981851053394907,-2.7239784641511733,-3.058716408989627,15.0,1.0
1.167,-0.36583518981933594,-0.36583518981933594,-1.7230777740478516,-0.50090662536071,-2.719048148134874,-3.0220419072076328,15.0,1.0
1.168,-0.36736106872558594,-0.36736106872558594,-1.6351642608642578,-0.5036232016357604,-2.7140909962113255,-3.122858728999684,15.0,1.0
1.169,-0.36926841735839844,-0.36926841735839844,-1.6879119873046875,-0.5063348073531326,-2.709107057305289,-3.0771909199216143,15.0,1.0
1.17,-0.37079429626464844,-0.37079429626464844,-1.7054939270019531,-0.5090414157503709,-2.704096380606245,-3.0723092458901284,15.0,1.0
1.171,-0.37232017517089844,-0.37232017517089844,-1.6527481079101562,-0.5117430001143451,-2.699059015567599,-3.1376532818091434,15.0,1.0
1.172,-0.37422752380371094,-0.37422752380371094,-1.6439552307128906,-0.5144395337815061,-2.693995011905912,-3.1532199308599487,15.0,1.0
1.173,-0.37575340270996094,-0.37575340270996094,-1.5032958984375,-0.517130990138157,-2.6889044196014993,-3.30627233258694,15.0,1.0
1.174,-0.37727928161621094,-0.37727928161621094,-1.5208797454833984,-0.5198173426207091,-2.6837872888958714,-3.3009784584799453,15.0,1.0
1.175,-0.37880516052246094,-0.37880516052246094,-1.5736255645751953,-0.5224985647159487,-2.6786436702931837,-3.2604191686203046,15.0,1.0
1.176,-0.38033103942871094,-0.38033103942871094,-1.6000003814697266,-0.5251746299612954,-2.673473614558816,-3.246127091077856,15.0,1.0
1.177,-0.38185691833496094,-0.38185691833496094,-1.7230777740478516,-0.5278455119450663,-2.668277172719229,-3.1350283028229584,15.0,1.0
1.178,-0.38376426696777344,-0.38376426696777344,-1.582418441772461,-0.5305111843067338,-2.6630543960610567,-3.2818397143730014,15.0,1.0
1.179,-0.38529014587402344,-0.38529014587402344,-1.6000003814697266,-0.5331716207371886,-2.6578053361313323,-3.276027077609083,15.0,1.0
1.18,-0.38681602478027344,-0.38681602478027344,-1.5648345947265625,-0.5358267949789964,-2.6525300447357836,-3.322857002990066,15.0,1.0
1.181,-0.38834190368652344,-0.38834190368652344,-1.5560436248779297,-0.5384766808266602,-2.6472285739396852,-3.3432066061638075,15.0,1.0
1.182,-0.38986778259277344,-0.38986778259277344,-1.6087913513183594,-0.5411212521268757,-2.641900976066154,-3.301911667759328,15.0,1.0
1.183,-0.39139366149902344,-0.39139366149902344,-1.5120887756347656,-0.5437604827787925,-2.636547303696659,-3.4099608472584295,15.0,1.0
1.184,-0.39291954040527344,-0.39291954040527344,-1.3978023529052734,-0.546394346734269,-2.6311676096696033,-3.5354873516992633,15.0,1.0
1.185,-0.39444541931152344,-0.39444541931152344,-1.4417591094970703,-0.5490228179981318,-2.6257619470803775,-3.5026638178824325,15.0,1.0
1.186,-0.39597129821777344,-0.39597129821777344,-1.5296707153320312,-0.5516458706284298,-2.6203303692811915,-3.4257782401090062,15.0,1.0
1.187,-0.39749717712402344,-0.39749717712402344,-1.6879119873046875,-0.5542634787366942,-2.6148729298789135,-3.278455466764288,15.0,1.0
1.188,-0.39902305603027344,-0.39902305603027344,-1.626373291015625,-0.5568756164881876,-2.609389682736378,-3.350804798589466,15.0,1.0
1.189,-0.40054893493652344,-0.40054893493652344,-1.4417591094970703,-0.5594822581021671,-2.6038806819713614,-3.546121419958946,15.0,1.0
1.19,-0.40207481384277344,-0.40207481384277344,-1.4241752624511719,-0.5620833778521303,-2.5983459819549353,-3.5742991796441155,15.0,1.0
1.191,-0.40360069274902344,-0.40360069274902344,-1.5208797454833984,-0.5646789500660769,-2.592785637313,-3.4880797515854036,15.0,1.0
1.192,-0.40512657165527344,-0.40512657165527344,-1.5736255645751953,-0.5672689491267562,-2.5871997029233285,-3.4457098004203743,15.0,1.0
1.193,-0.40665340423583984,-0.40665340423583984,-1.6527481079101562,-0.5698533494719237,-2.5815882339172163,-3.3768393045483176,15.0,1.0
1.194,-0.40817928314208984,-0.40817928314208984,-1.4681320190429688,-0.5724321255945907,-2.5759512856773767,-3.5716119034219203,15.0,1.0
1.195,-0.40970516204833984,-0.40970516204833984,-1.3274726867675781,-0.5750052520432786,-2.5702889138383966,-3.7223175769948993,15.0,1.0
1.196,-0.41084957122802734,-0.41084957122802734,-1.3186817169189453,-0.5775727034222674,-2.5646011742853716,-3.746766440280027,15.0,1.0
1.197,-0.41237545013427734,-0.41237545013427734,-1.4241752624511719,-0.5801344543918494,-2.558888123154304,-3.651097924566713,15.0,1.0
1.198,-0.41390132904052734,-0.41390132904052734,-1.6175823211669922,-0.5826904796685759,-2.5531498168302846,-3.467404755084021,15.0,1.0
1.199,-0.41542720794677734,-0.41542720794677734,-1.626373291015625,-0.5852407540255101,-2.547386311948628,-3.468216212113995,15.0,1.0
1.2,-0.41695308685302734,-0.41695308685302734,-1.4329662322998047,-0.587785252292473,-2.541597665392203,-3.6711139146840837,15.0,1.0
1.201,-0.41847896575927734,-0.41847896575927734,-1.4241752624511719,-0.5903239493562946,-2.535783934293079,-3.689283425797166,15.0,1.0
1.202,-0.41962337493896484,-0.41962337493896484,-1.3978023529052734,-0.5928568201610591,-2.5299451760301963,-3.7306445014563367,15.0,1.0
1.203,-0.42114925384521484,-0.42114925384521484,-1.4681320190429688,-0.5953838397083551,-2.5240814482296514,-3.669468217133786,15.0,1.0
1.204,-0.42267513275146484,-0.42267513275146484,-1.6000003814697266,-0.5979049830575185,-2.5181928087645815,-3.5466401818856594,15.0,1.0
1.205,-0.42420101165771484,-0.42420101165771484,-1.5296707153320312,-0.6004202253258842,-2.5122793157530054,-3.625896805443515,15.0,1.0
1.206,-0.42572689056396484,-0.42572689056396484,-1.2659339904785156,-0.6029295416890244,-2.506341027558676,-3.898446803956053,15.0,1.0
1.207,-0.42687129974365234,-0.42687129974365234,-1.292306900024414,-0.6054329073810016,-2.5003780027903986,-3.8864952173262237,15.0,1.0
1.208,-0.42839717864990234,-0.42839717864990234,-1.3626365661621094,-0.607930297694605,-2.494390300300381,-3.8247505198088123,15.0,1.0
1.209,-0.42992305755615234,-0.42992305755615234,-1.4505500793457031,-0.6104216879816025,-2.488377979185657,-3.7453073562217054,15.0,1.0
1.21,-0.43144893646240234,-0.43144893646240234,-1.6439552307128906,-0.6129070536529763,-2.4823410987844454,-3.5602576259301637,15.0,1.0
1.211,-0.43297481536865234,-0.43297481536865234,-1.5472526550292969,-0.6153863701791714,-2.4762797186789385,-3.665200385807428,15.0,1.0
1.212,-0.43411922454833984,-0.43411922454833984,-1.3538455963134766,-0.6178596130903341,-2.4701938986923437,-3.872454130508781,15.0,1.0
1.213,-0.43564510345458984,-0.43564510345458984,-1.3450546264648438,-0.620326757976556,-2.4640836988891692,-3.889253890253818,15.0,1.0
1.214,-0.43717098236083984,-0.43717098236083984,-1.4417591094970703,-0.6227877804881123,-2.457949179574598,-3.8004420419866154,15.0,1.0
1.215,-0.43869686126708984,-0.43869686126708984,-1.459341049194336,-0.6252426563357052,-2.4517904012940903,-3.790636278128985,15.0,1.0
1.216,-0.43984127044677734,-0.43984127044677734,-1.4417591094970703,-0.6276913612907004,-2.4456074248319055,-3.8215996779936803,15.0,1.0
1.217,-0.44136714935302734,-0.44136714935302734,-1.3450546264648438,-0.6301338711853691,-2.4394003112120686,-3.9258465122323516,15.0,1.0
1.218,-0.44251155853271484,-0.44251155853271484,-1.2043952941894531,-0.6325701619131243,-2.433169121695812,-4.079652878212501,15.0,1.0
1.219,-0.44365596771240234,-0.44365596771240234,-1.2307701110839844,-0.6350002094287608,-2.426913917782713,-4.0663074324441055,15.0,1.0
1.22,-0.44518184661865234,-0.44518184661865234,-1.3098907470703125,-0.6374239897486896,-2.4206347612088734,-3.99437616108912,15.0,1.0
1.221,-0.44632625579833984,-0.44632625579833984,-1.3274726867675781,-0.6398414789511786,-2.4143317139474334,-3.9895873744724364,15.0,1.0
1.222,-0.44785213470458984,-0.44785213470458984,-1.4329662322998047,-0.6422526531765844,-2.408004838206466,-3.89104638298658,15.0,1.0
1.223,-0.44937801361083984,-0.44937801361083984,-1.3978023529052734,-0.6446574886275915,-2.4016541964298312,-3.9330439687758334,15.0,1.0
1.224,-0.45052242279052734,-0.45052242279052734,-1.2307701110839844,-0.647055961569444,-2.395279851296152,-4.112512821895917,15.0,1.0
1.225,-0.45166683197021484,-0.45166683197021484,-1.2659339904785156,-0.6494480483301839,-2.3888818657172806,-4.0896661206383005,15.0,1.0
1.226,-0.45281124114990234,-0.45281124114990234,-1.2835159301757812,-0.6518337253008785,-2.3824603028386946,-4.084281634927555,15.0,1.0
1.227,-0.45433712005615234,-0.45433712005615234,-1.2747249603271484,-0.6542129689358613,-2.3760152260388736,-4.09942799890736,15.0,1.0
1.228,-0.45548152923583984,-0.45548152923583984,-1.3802204132080078,-0.6565857557529562,-2.3695466989277634,-4.005889683476501,15.0,1.0
1.229,-0.45700740814208984,-0.45700740814208984,-1.3010997772216797,-0.6589520623337168,-2.3630547853477424,-4.091124821000467,15.0,1.0
1.23,-0.45815181732177734,-0.45815181732177734,-1.1956043243408203,-0.6613118653236517,-2.3565395493707797,-4.208335945058074,15.0,1.0
1.231,-0.45929622650146484,-0.45929622650146484,-1.1428565979003906,-0.6636651414324585,-2.350001055299913,-4.272678181364427,15.0,1.0
1.232,-0.46044063568115234,-0.46044063568115234,-1.1692314147949219,-0.6660118674342514,-2.3434393676672585,-4.257776429168823,15.0,1.0
1.233,-0.46158504486083984,-0.46158504486083984,-1.2659339904785156,-0.668352020167793,-2.3368545512342394,-4.172425190360022,15.0,1.0
1.234,-0.46311092376708984,-0.46311092376708984,-1.24835205078125,-0.6706855765367199,-2.3302466709901637,-4.195514411753365,15.0,1.0
1.235,-0.46425533294677734,-0.46425533294677734,-1.336263656616211,-0.6730125135097734,-2.3236157921522818,-4.118709843981012,15.0,1.0
1.236,-0.46578121185302734,-0.46578121185302734,-1.3186817169189453,-0.6753328081210244,-2.3169619801644785,-4.1415542072654885,15.0,1.0
1.237,-0.46692562103271484,-0.46692562103271484,-1.2043952941894531,-0.6776464374701024,-2.310285300697501,-4.266702253068862,15.0,1.0
1.238,-0.46807003021240234,-0.46807003021240234,-1.2747249603271484,-0.6799533787224192,-2.303585819647026,-4.207111086970131,15.0,1.0
1.239,-0.46921539306640625,-0.46921539306640625,-1.2219772338867188,-0.6822536091093966,-2.2968636031347955,-4.2704596098929315,15.0,1.0
1.24,-0.47074127197265625,-0.47074127197265625,-1.2571430206298828,-0.6845471059286887,-2.2901187175059476,-4.240063206216552,15.0,1.0
1.241,-0.47188568115234375,-0.47188568115234375,-1.2395610809326172,-0.6868338465444085,-2.28335122932981,-4.268012629278164,15.0,1.0
1.242,-0.47303009033203125,-0.47303009033203125,-1.2219772338867188,-0.6891138083873483,-2.276561205399105,-4.2958397423421415,15.0,1.0
1.243,-0.47417449951171875,-0.47417449951171875,-1.213186264038086,-0.6913869689552067,-2.2697487127282443,-4.314749490342477,15.0,1.0
1.244,-0.47531890869140625,-0.47531890869140625,-1.0549449920654297,-0.6936533058128047,-2.2629138185539546,-4.482984783309502,15.0,1.0
1.245,-0.47646331787109375,-0.47646331787109375,-1.1516475677490234,-0.6959127965923146,-2.2560565903339693,-4.396151203403259,15.0,1.0
1.246,-0.47760772705078125,-0.47760772705078125,-1.1164836883544922,-0.6981654189934725,-2.2491770957458357,-4.441058786531713,15.0,1.0
1.247,-0.47875213623046875,-0.47875213623046875,-1.1516475677490234,-0.7004111507838063,-2.2422754026883354,-4.415513053239376,15.0,1.0
1.248,-0.47989654541015625,-0.47989654541015625,-1.1780223846435547,-0.7026499697988491,-2.2353515792775625,-4.3986305604644,15.0,1.0
1.249,-0.48104095458984375,-0.48104095458984375,-1.1868133544921875,-0.7048818539423615,-2.228405693849254,-4.399205829644832,15.0,1.0
1.25,-0.48218536376953125,-0.48218536376953125,-1.2307701110839844,-0.7071067811865475,-2.221437814956232,-4.3644889651274905,15.0,1.0
1.2510000000000001,-0.48332977294921875,-0.48332977294921875,-1.1164836883544922,-0.709324729572274,-2.2144480113688587,-4.487888672360195,15.0,1.0
1.252,-0.48447418212890625,-0.48447418212890625,-1.213186264038086,-0.7115356772092852,-2.207436352073671,-4.4001725142412695,15.0,1.0
1.2530000000000001,-0.48600006103515625,-0.48600006103515625,-1.1780223846435547,-0.7137396022764214,-2.200402906272984,-4.438473640248407,15.0,1.0
1.254,-0.48714447021484375,-0.48714447021484375,-1.2043952941894531,-0.7159364830218311,-2.193347743383754,-4.420832641299111,15.0,1.0
1.2550000000000001,-0.48828887939453125,-0.48828887939453125,-1.125274658203125,-0.7181262977631889,-2.1862709330379744,-4.508557550364714,15.0,1.0
1.256,-0.48943328857421875,-0.48943328857421875,-1.1164836883544922,-0.7203090248879069,-2.179172545080519,-4.525824901431349,15.0,1.0
1.2570000000000001,-0.49057769775390625,-0.49057769775390625,-1.1340656280517578,-0.72248464285335,-2.1720526495699346,-4.516591198009833,15.0,1.0
1.258,-0.49134063720703125,-0.49134063720703125,-1.0285720825195312,-0.7246531301870467,-2.164911316776511,-4.636026628957211,15.0,1.0
1.2590000000000001,-0.49248504638671875,-0.49248504638671875,-1.0725269317626953,-0.7268144654869031,-2.1577486171823352,-4.600162971922405,15.0,1.0
1.26,-0.49362945556640625,-0.49362945556640625,-1.0901107788085938,-0.7289686274214113,-2.150564621480612,-4.590541420497095,15.0,1.0
1.2610000000000001,-0.49477386474609375,-0.49477386474609375,-1.1164836883544922,-0.7311155947298643,-2.1433594005742975,-4.572001661976364,15.0,1.0
1.262,-0.49591827392578125,-0.49591827392578125,-1.0901107788085938,-0.7332553462225598,-2.136133025575873,-4.606078331218958,15.0,1.0
1.2630000000000001,-0.49706268310546875,-0.49706268310546875,-1.1164836883544922,-0.7353878607810161,-2.1288855678069467,-4.587279544585666,15.0,1.0
1.264,-0.49782562255859375,-0.49782562255859375,-1.0813179016113281,-0.7375131173581737,-2.1216170987967757,-4.635611619179147,15.0,1.0
1.2650000000000001,-0.49897003173828125,-0.49897003173828125,-1.0901107788085938,-0.7396310949786097,-2.114327690282721,-4.634132860079054,15.0,1.0
1.266,-0.5001144409179688,-0.5001144409179688,-1.0285720825195312,-0.7417417727387391,-2.1070174142076894,-4.702855308999713,15.0,1.0
1.2670000000000001,-0.5012588500976562,-0.5012588500976562,-1.0989017486572266,-0.7438451298070251,-2.0996863427215544,-4.639578789704861,15.0,1.0
1.268,-0.5024032592773438,-0.5024032592773438,-1.0901107788085938,-0.7459411454241821,-2.0923345481787123,-4.655292061572694,15.0,1.0
1.2690000000000001,-0.5035476684570312,-0.5035476684570312,-1.0813179016113281,-0.7480297989033826,-2.084962103138764,-4.670876158222707,15.0,1.0
1.27,-0.5043106079101562,-0.5043106079101562,-1.0197811126708984,-0.7501110696304595,-2.0775690803644125,-4.744794893498062,15.0,1.0
1.2710000000000001,-0.5054550170898438,-0.5054550170898438,-1.0285720825195312,-0.7521849370641115,-2.0701555528222,-4.742532269916685,15.0,1.0
1.272,-0.5062179565429688,-0.5062179565429688,-0.9406585693359375,-0.7542513807361038,-2.062721593680294,-4.8425643872413815,15.0,1.0
1.2730000000000001,-0.5073623657226562,-0.5073623657226562,-0.9494514465332031,-0.7563103802514721,-2.055267276308939,-4.840036047707974,15.0,1.0
1.274,-0.5081253051757812,-0.5081253051757812,-0.8527469635009766,-0.7583619152887215,-2.0477926742794352,-4.948594862472563,15.0,1.0
1.2750000000000001,-0.5092697143554688,-0.5092697143554688,-0.9142856597900391,-0.7604059656000312,-2.0402978613632285,-4.893055970241626,15.0,1.0
1.276,-0.5100326538085938,-0.5100326538085938,-0.9318675994873047,-0.7624425110114479,-2.0327829115301483,-4.887063170085655,15.0,1.0
1.2770000000000001,-0.5111770629882812,-0.5111770629882812,-0.9494514465332031,-0.7644715314230915,-2.0252478989509086,-4.87521347893986,15.0,1.0
1.278,-0.5119400024414062,-0.5119400024414062,-0.9670333862304688,-0.7664930068093496,-2.0176928979926174,-4.868954577281299,15.0,1.0
1.2790000000000001,-0.5130844116210938,-0.5130844116210938,-0.9758243560791016,-0.7685069172190768,-2.0101179832199136,-4.865631211110558,15.0,1.0
1.28,-0.5138473510742188,-0.5138473510742188,-1.0549449920654297,-0.7705132427757894,-2.0025232293940576,-4.7975666128521866,15.0,1.0
1.281,-0.5149917602539062,-0.5149917602539062,-1.0109882354736328,-0.7725119636778645,-1.994908711472135,-4.8467235273578755,15.0,1.0
1.282,-0.5161361694335938,-0.5161361694335938,-1.0285720825195312,-0.7745030601987337,-1.9872745046070008,-4.834205783564569,15.0,1.0
1.283,-0.5168991088867188,-0.5168991088867188,-0.9846153259277344,-0.7764865126870784,-1.9796206841448907,-4.88881641522255,15.0,1.0
1.284,-0.5180435180664062,-0.5180435180664062,-1.0813179016113281,-0.7784623015670236,-1.9719473256254787,-4.796911176523411,15.0,1.0
1.285,-0.5191879272460938,-0.5191879272460938,-1.037363052368164,-0.7804304073383292,-1.9642545047822182,-4.845528653797587,15.0,1.0
1.286,-0.5203323364257812,-0.5203323364257812,-1.0725269317626953,-0.7823908105765881,-1.9565422975403521,-4.814892478039759,15.0,1.0
1.287,-0.5210952758789062,-0.5210952758789062,-1.0285720825195312,-0.7843434919334099,-1.948810780015208,-4.868961938313232,15.0,1.0
1.288,-0.5222396850585938,-0.5222396850585938,-1.0813179016113281,-0.7862884321366186,-1.941060028514869,-4.820473333073913,15.0,1.0
1.289,-0.5233840942382812,-0.5233840942382812,-1.0109882354736328,-0.7882256119904396,-1.9332901195359113,-4.894924650344654,15.0,1.0
1.29,-0.5241470336914062,-0.5241470336914062,-0.9846153259277344,-0.7901550123756904,-1.9255011297636315,-4.93100548410016,15.0,1.0
1.291,-0.5252914428710938,-0.5252914428710938,-0.9318675994873047,-0.7920766142499669,-1.9176931360722733,-4.9876031072680655,15.0,1.0
1.292,-0.5260543823242188,-0.5260543823242188,-1.0109882354736328,-0.793990398647835,-1.909866215524346,-4.917918224904958,15.0,1.0
1.293,-0.5271987915039062,-0.5271987915039062,-0.9934062957763672,-0.7958963466810155,-1.9020204453680094,-4.939077477248281,15.0,1.0
1.294,-0.5283432006835938,-0.5283432006835938,-1.0461540222167969,-0.7977944395385711,-1.8941559030375288,-4.889770463645392,15.0,1.0
1.295,-0.5291061401367188,-0.5291061401367188,-1.0109882354736328,-0.7996846584870905,-1.8862726661526494,-4.933962205934592,15.0,1.0
1.296,-0.5302505493164062,-0.5302505493164062,-1.1076927185058594,-0.8015669848708764,-1.8783708125184262,-4.840424627329619,15.0,1.0
1.297,-0.5313959121704102,-0.5313959121704102,-1.0197811126708984,-0.8034414001121273,-1.870450420122836,-4.931351626577694,15.0,1.0
1.298,-0.5325403213500977,-0.5325403213500977,-1.0637359619140625,-0.8053078857111221,-1.8625115671365506,-4.890289070637855,15.0,1.0
1.299,-0.5336847305297852,-0.5336847305297852,-1.037363052368164,-0.8071664232464003,-1.8545543319125954,-4.919416670293659,15.0,1.0
1.3,-0.5344476699829102,-0.5344476699829102,-1.1076927185058594,-0.8090169943749473,-1.846578792986577,-4.857425940361275,15.0,1.0
1.301,-0.5355920791625977,-0.5355920791625977,-1.0901107788085938,-0.8108595808323733,-1.8385850290733856,-4.877486775311427,15.0,1.0
1.302,-0.5367364883422852,-0.5367364883422852,-1.0813179016113281,-0.8126941644330942,-1.8305731190678216,-4.8886203588186286,15.0,1.0
1.303,-0.5378808975219727,-0.5378808975219727,-1.0285720825195312,-0.8145207270705089,-1.8225431420448786,-4.943568502753392,15.0,1.0
1.304,-0.5390253067016602,-0.5390253067016602,-1.0637359619140625,-0.8163392507171839,-1.8144951772571858,-4.91046837557598,15.0,1.0
1.305,-0.5397882461547852,-0.5397882461547852,-0.9670333862304688,-0.8181497174250233,-1.806429304134042,-5.014817986957145,15.0,1.0
1.306,-0.5409326553344727,-0.5409326553344727,-0.9670333862304688,-0.819952109325452,-1.798345602283348,-5.0166040259175695,15.0,1.0
1.307,-0.5416955947875977,-0.5416955947875977,-0.9406585693359375,-0.8217464086295899,-1.7902441514876841,-5.050347789781631,15.0,1.0
1.308,-0.5428400039672852,-0.5428400039672852,-1.002197265625,-0.8235325976284275,-1.7821250317048225,-4.990316670996957,15.0,1.0
1.309,-0.5436029434204102,-0.5436029434204102,-0.9670333862304688,-0.8253106586929995,-1.7739883230670443,-5.032570665925415,15.0,1.0
1.31,-0.5447473526000977,-0.5447473526000977,-1.0109882354736328,-0.8270805742745616,-1.7658341058810834,-4.98984419552441,15.0,1.0
1.311,-0.5455102920532227,-0.5455102920532227,-0.9054946899414062,-0.8288423269047616,-1.7576624606255677,-5.102148293457245,15.0,1.0
1.312,-0.5466547012329102,-0.5466547012329102,-0.9582424163818359,-0.8305958991958128,-1.7494734679509065,-5.05034902101261,15.0,1.0
1.313,-0.5474176406860352,-0.5474176406860352,-0.9230766296386719,-0.8323412738406634,-1.7412672086790622,-5.092045076359813,15.0,1.0
1.314,-0.5485620498657227,-0.5485620498657227,-0.9582424163818359,-0.834078433613171,-1.73304376380338,-5.0575471036332695,15.0,1.0
1.315,-0.5493249893188477,-0.5493249893188477,-0.9406585693359375,-0.83580736136827,-1.724803214485405,-5.081380225890803,15.0,1.0
1.316,-0.5504693984985352,-0.5504693984985352,-0.9758243560791016,-0.8375280400421419,-1.7165456420559053,-5.0466009091309045,15.0,1.0
1.317,-0.5516138076782227,-0.5516138076782227,-1.0549449920654297,-0.8392404526523818,-1.708271128013564,-4.9677258105605215,15.0,1.0
1.318,-0.5523767471313477,-0.5523767471313477,-1.0285720825195312,-0.840944582298169,-1.6999797540251507,-4.99992519900794,15.0,1.0
1.319,-0.5535211563110352,-0.5535211563110352,-0.9758243560791016,-0.8426404121604321,-1.691671601923133,-5.052636083584985,15.0,1.0
1.32,-0.5542840957641602,-0.5542840957641602,-0.8791217803955078,-0.8443279255020153,-1.6833467537048818,-5.154882419377201,15.0,1.0
1.321,-0.5550470352172852,-0.5550470352172852,-0.8791217803955078,-0.8460071056678418,-1.675005291533921,-5.160284567896762,15.0,1.0
1.322,-0.5558099746704102,-0.5558099746704102,-0.7560443878173828,-0.8476779360850832,-1.666647297737427,-5.28862233114014,15.0,1.0
1.323,-0.5569543838500977,-0.5569543838500977,-0.8087921142578125,-0.8493404002633165,-1.6582728548044088,-5.235270986744879,15.0,1.0
1.324,-0.5577173233032227,-0.5577173233032227,-0.74725341796875,-0.8509944817946921,-1.6498820453878125,-5.301786004791103,15.0,1.0
1.325,-0.5580987930297852,-0.5580987930297852,-0.74725341796875,-0.852640164354092,-1.6414749523015644,-5.312342104197416,15.0,1.0
1.326,-0.5592432022094727,-0.5592432022094727,-0.7999992370605469,-0.8542774316992953,-1.6330516585205146,-5.2585658638073065,15.0,1.0
1.327,-0.5600061416625977,-0.5600061416625977,-0.7999992370605469,-0.855906267671133,-1.6246122471783337,-5.263114900245816,15.0,1.0
1.328,-0.5607690811157227,-0.5607690811157227,-0.8175830841064453,-0.8575266561936521,-1.6161568015696162,-5.249937343632112,15.0,1.0
1.329,-0.5615320205688477,-0.5615320205688477,-0.8263740539550781,-0.8591385812742721,-1.6076854051457872,-5.245409761772076,15.0,1.0
1.33,-0.5622949600219727,-0.5622949600219727,-0.7296695709228516,-0.8607420270039438,-1.5991981415159557,-5.34623457532267,15.0,1.0
1.331,-0.5630578994750977,-0.5630578994750977,-0.7560443878173828,-0.862336977557304,-1.590695094445664,-5.3238368778613765,15.0,1.0
1.332,-0.5638208389282227,-0.5638208389282227,-0.7384624481201172,-0.8639234171928352,-1.5821763478574553,-5.345252573706526,15.0,1.0
1.333,-0.5645837783813477,-0.5645837783813477,-0.6769237518310547,-0.8655013302530188,-1.5736419858275212,-5.4104815120715335,15.0,1.0
1.334,-0.5649652481079102,-0.5649652481079102,-0.7120876312255859,-0.8670707011644903,-1.565092092586326,-5.384586257209442,15.0,1.0
1.335,-0.5657281875610352,-0.5657281875610352,-0.7120876312255859,-0.8686315144381913,-1.556526752517641,-5.387989024449397,15.0,1.0
1.336,-0.5664911270141602,-0.5664911270141602,-0.7208786010742188,-0.8701837546695256,-1.547946050158771,-5.382456863915033,15.0,1.0
1.337,-0.5672540664672852,-0.5672540664672852,-0.7648353576660156,-0.8717274065385088,-1.5393500701973721,-5.341614813599711,15.0,1.0
1.338,-0.5680170059204102,-0.5680170059204102,-0.8087921142578125,-0.8732624548099204,-1.530738897471906,-5.300628516556747,15.0,1.0
1.339,-0.5687799453735352,-0.5687799453735352,-0.8263740539550781,-0.8747888843334525,-1.5221126169715262,-5.285872647415208,15.0,1.0
1.34,-0.5699243545532227,-0.5699243545532227,-0.7824172973632812,-0.8763066800438636,-1.5134713138346,-5.326788898830933,15.0,1.0
1.341,-0.5703058242797852,-0.5703058242797852,-0.7296695709228516,-0.8778158269611216,-1.5048150733464354,-5.38779554264363,15.0,1.0
1.342,-0.5710687637329102,-0.5710687637329102,-0.6857147216796875,-0.8793163101905564,-1.4961439809409285,-5.434142456125936,15.0,1.0
1.343,-0.5718317031860352,-0.5718317031860352,-0.6857147216796875,-0.8808081149230034,-1.4874581221984613,-5.436389576573297,15.0,1.0
1.344,-0.5725946426391602,-0.5725946426391602,-0.6153850555419922,-0.8822912264349534,-1.4787575828450485,-5.508821284239955,15.0,1.0
1.345,-0.5729761123657227,-0.5729761123657227,-0.6329669952392578,-0.8837656300886934,-1.470042448750803,-5.4989182193561055,15.0,1.0
1.346,-0.5737390518188477,-0.5737390518188477,-0.624176025390625,-0.8852313113324551,-1.4613128059315272,-5.509520673245015,15.0,1.0
1.347,-0.5741205215454102,-0.5741205215454102,-0.6065940856933594,-0.8866882557005563,-1.4525687405446774,-5.534490667178511,15.0,1.0
1.348,-0.5748834609985352,-0.5748834609985352,-0.624176025390625,-0.8881364488135446,-1.4438103388909553,-5.518429130725472,15.0,1.0
1.349,-0.5756464004516602,-0.5756464004516602,-0.6857147216796875,-0.889575876378338,-1.4350376874115796,-5.45826510463206,15.0,1.0
1.35,-0.5764093399047852,-0.5764093399047852,-0.7120876312255859,-0.8910065241883678,-1.4262508726899341,-5.433121005718087,15.0,1.0
1.351,-0.5771722793579102,-0.5771722793579102,-0.7296695709228516,-0.8924283781237178,-1.4174499814480441,-5.416621892012307,15.0,1.0
1.352,-0.5779352188110352,-0.5779352188110352,-0.7912082672119141,-0.8938414241512639,-1.4086351005469737,-5.356019913438491,15.0,1.0
1.353,-0.5786981582641602,-0.5786981582641602,-0.6945056915283203,-0.8952456483248117,-1.3998063169859734,-5.453512976367426,15.0,1.0
1.354,-0.5794610977172852,-0.5794610977172852,-0.7384624481201172,-0.8966410367852359,-1.3909637179019114,-5.410200355801055,15.0,1.0
1.355,-0.5798425674438477,-0.5798425674438477,-0.7384624481201172,-0.8980275757606155,-1.3821073905676258,-5.416420067199027,15.0,1.0
1.356,-0.5806055068969727,-0.5806055068969727,-0.6769237518310547,-0.8994052515663712,-1.3732374223912416,-5.478309840601165,15.0,1.0
1.357,-0.5813684463500977,-0.5813684463500977,-0.6681327819824219,-0.9007740506053978,-1.3643539009157735,-5.487305182762855,15.0,1.0
1.358,-0.5821313858032227,-0.5821313858032227,-0.6945056915283203,-0.9021339593682028,-1.3554569138185002,-5.460989825764883,15.0,1.0
1.359,-0.5828943252563477,-0.5828943252563477,-0.6505489349365234,-0.9034849644330347,-1.3465465489084067,-5.5048572016221895,15.0,1.0
1.36,-0.5832757949829102,-0.5832757949829102,-0.6945056915283203,-0.9048270524660198,-1.3376228941274917,-5.466386064845816,15.0,1.0
1.361,-0.5840387344360352,-0.5840387344360352,-0.7560443878173828,-0.9061602102212896,-1.3286860375486071,-5.404463786510041,15.0,1.0
1.362,-0.5848016738891602,-0.5848016738891602,-0.7384624481201172,-0.907484424541117,-1.3197360673752314,-5.421514879034467,15.0,1.0
1.363,-0.5855646133422852,-0.5855646133422852,-0.7912082672119141,-0.90879968235604,-1.310773071939252,-5.368090839933661,15.0,1.0
1.364,-0.5863275527954102,-0.5863275527954102,-0.7560443878173828,-0.9101059706849955,-1.3017971397025576,-5.402429020228956,15.0,1.0
1.365,-0.5870904922485352,-0.5870904922485352,-0.6681327819824219,-0.9114032766354451,-1.2928083592536268,-5.4893673430748535,15.0,1.0
1.366,-0.5878534317016602,-0.5878534317016602,-0.6417579650878906,-0.9126915874035029,-1.2838068193080971,-5.514621189747848,15.0,1.0
1.367,-0.5882349014282227,-0.5882349014282227,-0.6417579650878906,-0.9139708902740612,-1.274792608707287,-5.519074476306974,15.0,1.0
1.368,-0.5889978408813477,-0.5889978408813477,-0.5626373291015625,-0.9152411726209175,-1.2657658164183658,-5.5967784634103515,15.0,1.0
1.369,-0.5893793106079102,-0.5893793106079102,-0.5362644195556641,-0.9165024219068978,-1.2567265315318537,-5.627308781461004,15.0,1.0
1.37,-0.5901422500610352,-0.5901422500610352,-0.5538463592529297,-0.9177546256839813,-1.2476748432618479,-5.608014118353109,15.0,1.0
1.371,-0.5905237197875977,-0.5905237197875977,-0.5362644195556641,-0.9189977715934214,-1.2386108409445455,-5.6294571984762385,15.0,1.0
1.372,-0.5912866592407227,-0.5912866592407227,-0.5274734497070312,-0.9202318473658704,-1.2295346140384709,-5.636238986208656,15.0,1.0
1.373,-0.5916681289672852,-0.5916681289672852,-0.5450553894042969,-0.9214568408214984,-1.2204462521222013,-5.622221540531102,15.0,1.0
1.374,-0.5924310684204102,-0.5924310684204102,-0.5978031158447266,-0.922672739870115,-1.2113458448940833,-5.5671678007949295,15.0,1.0
1.375,-0.5928125381469727,-0.5928125381469727,-0.6153850555419922,-0.9238795325112865,-1.2022334821714935,-5.55285334209421,15.0,1.0
1.3760000000000001,-0.5935754776000977,-0.5935754776000977,-0.5978031158447266,-0.925077206834458,-1.193109253890043,-5.567832076560722,15.0,1.0
1.377,-0.5939579010009766,-0.5939579010009766,-0.6593399047851562,-0.9262657510190666,-1.183973250101701,-5.509251095587896,15.0,1.0
1.3780000000000001,-0.5947208404541016,-0.5947208404541016,-0.6153850555419922,-0.9274451533346615,-1.1748255609753073,-5.5503051986417145,15.0,1.0
1.379,-0.5954837799072266,-0.5954837799072266,-0.5714282989501953,-0.9286154021410171,-1.1656662767949229,-5.591212311351586,15.0,1.0
1.3800000000000001,-0.5958652496337891,-0.5958652496337891,-0.5802192687988281,-0.9297764858882515,-1.1564954879593188,-5.584944762977426,15.0,1.0
1.381,-0.5966281890869141,-0.5966281890869141,-0.6065940856933594,-0.9309283931169358,-1.1473132849796457,-5.555222259736611,15.0,1.0
1.3820000000000001,-0.5970096588134766,-0.5970096588134766,-0.5714282989501953,-0.9320711124582108,-1.1381197584813663,-5.5926132642021855,15.0,1.0
1.383,-0.5973911285400391,-0.5973911285400391,-0.4923076629638672,-0.9332046326338984,-1.1289149992006173,-5.673809897644641,15.0,1.0
1.3840000000000001,-0.5981540679931641,-0.5981540679931641,-0.5450553894042969,-0.9343289424566121,-1.119699097984494,-5.617266825531918,15.0,1.0
1.385,-0.5985355377197266,-0.5985355377197266,-0.5450553894042969,-0.9354440308298674,-1.1104721457900268,-5.6190441530378425,15.0,1.0
1.3860000000000001,-0.5992984771728516,-0.5992984771728516,-0.5274734497070312,-0.9365498867481923,-1.1012342336841812,-5.6325319276072605,15.0,1.0
1.387,-0.5996799468994141,-0.5996799468994141,-0.5362644195556641,-0.9376464992972355,-1.0919854528409587,-5.625219319252617,15.0,1.0
1.3880000000000001,-0.6004428863525391,-0.6004428863525391,-0.5538463592529297,-0.9387338576538742,-1.0827258945421363,-5.603244104809233,15.0,1.0
1.389,-0.6008243560791016,-0.6008243560791016,-0.6065940856933594,-0.9398119510863198,-1.0734556501756174,-5.551675489590531,15.0,1.0
1.3900000000000001,-0.6015872955322266,-0.6015872955322266,-0.5890102386474609,-0.9408807689542255,-1.0641748112354321,-5.5645666739179545,15.0,1.0
1.391,-0.6019687652587891,-0.6019687652587891,-0.6153850555419922,-0.9419403007087905,-1.0548834693195204,-5.539071445527551,15.0,1.0
1.3920000000000001,-0.6027317047119141,-0.6027317047119141,-0.624176025390625,-0.9429905358928646,-1.045581716129675,-5.525288158453309,15.0,1.0
1.393,-0.6031131744384766,-0.6031131744384766,-0.5362644195556641,-0.9440314641410499,-1.0362696434701206,-5.613779569453056,15.0,1.0
1.3940000000000001,-0.6038761138916016,-0.6038761138916016,-0.4835166931152344,-0.9450630751798049,-1.0269473432477412,-5.661235069455557,15.0,1.0
1.395,-0.6042575836181641,-0.6042575836181641,-0.47472572326660156,-0.9460853588275453,-1.0176149074697491,-5.670305812343866,15.0,1.0
1.3960000000000001,-0.6046390533447266,-0.6046390533447266,-0.5098896026611328,-0.9470983049947445,-1.008272428243231,-5.635271600332366,15.0,1.0
1.397,-0.6050205230712891,-0.6050205230712891,-0.45714378356933594,-0.9481019036840318,-0.99891999777509,-5.687996923396895,15.0,1.0
1.3980000000000001,-0.6054019927978516,-0.6054019927978516,-0.40439605712890625,-0.9490961449902947,-0.9895577083700005,-5.740573934127742,15.0,1.0
1.399,-0.6061649322509766,-0.6061649322509766,-0.40439605712890625,-0.9500810191007717,-0.9801856524293839,-5.734530898047405,15.0,1.0
1.4000000000000001,-0.6065464019775391,-0.6065464019775391,-0.4219779968261719,-0.9510565162951535,-0.9708039224524896,-5.716477640390535,15.0,1.0
1.401,-0.6069278717041016,-0.6069278717041016,-0.4395599365234375,-0.9520226269456765,-0.9614126110326993,-5.6982740031328865,15.0,1.0
1.4020000000000001,-0.6073093414306641,-0.6073093414306641,-0.4307689666748047,-0.952979341517219,-0.9520118108585507,-5.70629284548207,15.0,1.0
1.403,-0.6076908111572266,-0.6076908111572266,-0.4307689666748047,-0.9539266505673936,-0.9426016147119185,-5.705370239189619,15.0,1.0
1.4040000000000001,-0.6080722808837891,-0.6080722808837891,-0.4483509063720703,-0.954864544746643,-0.9331821154682416,-5.6867151670389795,15.0,1.0
1.405,-0.6084537506103516,-0.6084537506103516,-0.46593475341796875,-0.95579301479833,-0.9237534060938515,-5.66790761549556,15.0,1.0
1.4060000000000001,-0.6092166900634766,-0.6092166900634766,-0.5274734497070312,-0.9567120515588307,-0.9143155796461997,-5.59927255236948,15.0,1.0
1.407,-0.6095981597900391,-0.6095981597900391,-0.5450553894042969,-0.9576216459576223,-0.9048687292725504,-5.580165632382003,15.0,1.0
1.408,-0.6103610992431641,-0.6103610992431641,-0.5626373291015625,-0.9585217890173756,-0.8954129482101507,-5.555185965721762,15.0,1.0
1.409,-0.6107425689697266,-0.6107425689697266,-0.6065940856933594,-0.9594124718540428,-0.8859483297836732,-5.509402787355057,15.0,1.0
1.41,-0.6115055084228516,-0.6115055084228516,-0.5538463592529297,-0.960293685676943,-0.8764749674045333,-5.554451266962975,15.0,1.0
1.411,-0.6118869781494141,-0.6118869781494141,-0.5098896026611328,-0.961165421788852,-0.8669929545714012,-5.596280006501837,15.0,1.0
1.412,-0.6122684478759766,-0.6122684478759766,-0.5186805725097656,-0.9620276715860857,-0.8575023848677006,-5.5852101680095725,15.0,1.0
1.413,-0.6130313873291016,-0.6130313873291016,-0.5010986328125,-0.9628804265585875,-0.8480033519620065,-5.594640307591796,15.0,1.0
1.414,-0.6134128570556641,-0.6134128570556641,-0.5098896026611328,-0.9637236782900096,-0.8384959496052034,-5.583268665459253,15.0,1.0
1.415,-0.6137943267822266,-0.6137943267822266,-0.4307689666748047,-0.964557418457798,-0.8289802716321333,-5.659657680090899,15.0,1.0
1.416,-0.6141757965087891,-0.6141757965087891,-0.40439605712890625,-0.9653816388332738,-0.8194564119583561,-5.68314798969672,15.0,1.0
1.417,-0.6145572662353516,-0.6145572662353516,-0.4395599365234375,-0.9661963312817148,-0.8099244645806607,-5.644950503752671,15.0,1.0
1.418,-0.6153202056884766,-0.6153202056884766,-0.4307689666748047,-0.967001487762435,-0.8003845235751896,-5.644834788009762,15.0,1.0
1.419,-0.6157016754150391,-0.6157016754150391,-0.4219779968261719,-0.9677971003288653,-0.790836683098064,-5.6502900599792865,15.0,1.0
1.42,-0.6160831451416016,-0.6160831451416016,-0.41318702697753906,-0.968583161128631,-0.7812810373820298,-5.655594250209932,15.0,1.0
1.421,-0.6164646148681641,-0.6164646148681641,-0.4219779968261719,-0.9693596624036294,-0.7717176807374244,-5.643165396943232,15.0,1.0
1.422,-0.6168460845947266,-0.6168460845947266,-0.4307689666748047,-0.9701265964901058,-0.7621467075508122,-5.630585419306696,15.0,1.0
1.423,-0.6172275543212891,-0.6172275543212891,-0.4395599365234375,-0.970883955818731,-0.7525682122840749,-5.617854298222266,15.0,1.0
1.424,-0.6176090240478516,-0.6176090240478516,-0.4835166931152344,-0.9716317329146739,-0.7429822894727636,-5.569806229359863,15.0,1.0
1.425,-0.6183719635009766,-0.6183719635009766,-0.4483509063720703,-0.9723699203976767,-0.7333890337263256,-5.595007480804757,15.0,1.0
1.426,-0.6187534332275391,-0.6187534332275391,-0.5186805725097656,-0.9730985109821264,-0.7237885397260584,-5.520284133535103,15.0,1.0
1.427,-0.6191349029541016,-0.6191349029541016,-0.5010986328125,-0.9738174974771289,-0.7141809022253938,-5.533321187258303,15.0,1.0
1.428,-0.6195163726806641,-0.6195163726806641,-0.4307689666748047,-0.9745268727865771,-0.704566216047283,-5.598954750961174,15.0,1.0
1.429,-0.6198978424072266,-0.6198978424072266,-0.378021240234375,-0.9752266299092235,-0.6949445760851063,-5.646855148380685,15.0,1.0
1.43,-0.6202793121337891,-0.6202793121337891,-0.378021240234375,-0.9759167619387472,-0.6853160773005129,-5.64185658414051,15.0,1.0
1.431,-0.6206607818603516,-0.6206607818603516,-0.3692302703857422,-0.9765972620638246,-0.6756808147231368,-5.64549774738949,15.0,1.0
1.432,-0.6210422515869141,-0.6210422515869141,-0.378021240234375,-0.9772681235681934,-0.6660388834485502,-5.631405722933365,15.0,1.0
1.433,-0.6214237213134766,-0.6214237213134766,-0.35164833068847656,-0.9779293398307217,-0.6563903786393439,-5.652326325709545,15.0,1.0
1.434,-0.6218051910400391,-0.6218051910400391,-0.3252754211425781,-0.978580904325472,-0.6467353955220005,-5.6730956736609155,15.0,1.0
1.435,-0.6221866607666016,-0.6221866607666016,-0.28131866455078125,-0.9792228106217657,-0.6370740293875201,-5.711297612664202,15.0,1.0
1.436,-0.6225681304931641,-0.6225681304931641,-0.2637367248535156,-0.9798550523842469,-0.6274063755892598,-5.722973479101986,15.0,1.0
1.437,-0.6225681304931641,-0.6225681304931641,-0.2637367248535156,-0.9804776233729443,-0.6177325295435594,-5.722638197886748,15.0,1.0
1.438,-0.6229496002197266,-0.6229496002197266,-0.27252769470214844,-0.981090517443334,-0.6080525867272399,-5.707638650379202,15.0,1.0
1.439,-0.6233310699462891,-0.6233310699462891,-0.27252769470214844,-0.9816937285463989,-0.5983666426774334,-5.701278826976933,15.0,1.0
1.44,-0.6233310699462891,-0.6233310699462891,-0.28131866455078125,-0.9822872507286887,-0.5886747929901048,-5.691698840175318,15.0,1.0
1.441,-0.6237125396728516,-0.6237125396728516,-0.2637367248535156,-0.9828710781323792,-0.5789771333205067,-5.702618485359905,15.0,1.0
1.442,-0.6240940093994141,-0.6240940093994141,-0.27252769470214844,-0.9834452049953296,-0.5692737593802804,-5.687013998616865,15.0,1.0
1.443,-0.6240940093994141,-0.6240940093994141,-0.2549457550048828,-0.9840096256511398,-0.5595647669379673,-5.70335325570897,15.0,1.0
1.444,-0.6244754791259766,-0.6244754791259766,-0.2637367248535156,-0.9845643345292054,-0.549850251816963,-5.687446358011881,15.0,1.0
1.445,-0.6248569488525391,-0.6248569488525391,-0.27252769470214844,-0.9851093261547739,-0.5401303098963126,-5.671388274727686,15.0,1.0
1.446,-0.6252384185791016,-0.6252384185791016,-0.27252769470214844,-0.9856445951489979,-0.5304050371074709,-5.663969990953768,15.0,1.0
1.447,-0.6252384185791016,-0.6252384185791016,-0.2989006042480469,-0.9861701362289889,-0.5206745294350412,-5.635749689935304,15.0,1.0
1.448,-0.6256198883056641,-0.6256198883056641,-0.3164844512939453,-0.9866859442078679,-0.5109388829150703,-5.610445270154183,15.0,1.0
1.449,-0.6260013580322266,-0.6260013580322266,-0.3604393005371094,-0.9871920139948192,-0.5011981936349343,-5.558618732536714,15.0,1.0
1.45,-0.6263828277587891,-0.6263828277587891,-0.3164844512939453,-0.9876883405951377,-0.4914525577306108,-5.594550798981895,15.0,1.0
1.451,-0.6267642974853516,-0.6267642974853516,-0.3252754211425781,-0.9881749191102804,-0.48170207138821297,-5.577585974619568,15.0,1.0
1.452,-0.6271457672119141,-0.6271457672119141,-0.3692302703857422,-0.988651744737914,-0.47194683084063627,-5.525306223344892,15.0,1.0
1.453,-0.6275272369384766,-0.6275272369384766,-0.35164833068847656,-0.9891188127719618,-0.4621869323685246,-5.534412239182326,15.0,1.0
1.454,-0.6279087066650391,-0.6279087066650391,-0.34285736083984375,-0.9895761186026509,-0.4524224722978829,-5.534576290522217,15.0,1.0
1.455,-0.6279087066650391,-0.6279087066650391,-0.2989006042480469,-0.9900236577165575,-0.44265354700013404,-5.575477208524864,15.0,1.0
1.456,-0.6282901763916016,-0.6282901763916016,-0.3164844512939453,-0.9904614256966512,-0.43288025289058396,-5.548964541172383,15.0,1.0
1.457,-0.6286716461181641,-0.6286716461181641,-0.3164844512939453,-0.9908894182223388,-0.4231026864276828,-5.539884816696358,15.0,1.0
1.458,-0.6290531158447266,-0.6290531158447266,-0.35164833068847656,-0.9913076310695066,-0.41332094411194475,-5.495490341795168,15.0,1.0
1.459,-0.6294345855712891,-0.6294345855712891,-0.3252754211425781,-0.9917160601105628,-0.40353512248566403,-5.512481819432192,15.0,1.0
1.46,-0.6298160552978516,-0.6298160552978516,-0.33406639099121094,-0.9921147013144778,-0.3937453181304136,-5.494158617388596,15.0,1.0
1.461,-0.6301975250244141,-0.6301975250244141,-0.3164844512939453,-0.9925035507468237,-0.3839516276680115,-5.5020575622102115,15.0,1.0
1.462,-0.6301975250244141,-0.6301975250244141,-0.28131866455078125,-0.9928826045698137,-0.37415414775779254,-5.533111676388006,15.0,1.0
1.463,-0.6305789947509766,-0.6305789947509766,-0.2549457550048828,-0.9932518590423394,-0.36435297509740394,-5.549500184462963,15.0,1.0
1.464,-0.6309604644775391,-0.6309604644775391,-0.2549457550048828,-0.9936113105200084,-0.35454820642013374,-5.539365142052291,15.0,1.0
1.465,-0.6309604644775391,-0.6309604644775391,-0.24615478515625,-0.9939609554551797,-0.344739938495195,-5.543592518003555,15.0,1.0
1.466,-0.6313419342041016,-0.6313419342041016,-0.27252769470214844,-0.9943007903969988,-0.33492826812630483,-5.5067834163176155,15.0,1.0
1.467,-0.6317234039306641,-0.6317234039306641,-0.27252769470214844,-0.9946308119914323,-0.3251132921507178,-5.4961967183600935,15.0,1.0
1.468,-0.6317234039306641,-0.6317234039306641,-0.2637367248535156,-0.9949510169813002,-0.31529510743797573,-5.499972578344002,15.0,1.0
1.469,-0.6321048736572266,-0.6321048736572266,-0.2549457550048828,-0.9952614022063083,-0.3054738108899073,-5.497875984121251,15.0,1.0
1.47,-0.6324863433837891,-0.6324863433837891,-0.21098899841308594,-0.99556196460308,-0.29564949943863894,-5.530794819314917,15.0,1.0
1.471,-0.6324863433837891,-0.6324863433837891,-0.23736190795898438,-0.9958527012051857,-0.2858222700462534,-5.498955729408218,15.0,1.0
1.472,-0.6328678131103516,-0.6328678131103516,-0.20219802856445312,-0.9961336091431725,-0.275992219703312,-5.522781131631173,15.0,1.0
1.473,-0.6328678131103516,-0.6328678131103516,-0.1934070587158203,-0.9964046856445924,-0.26615944542874104,-5.525805474726533,15.0,1.0
1.474,-0.6332492828369141,-0.6332492828369141,-0.1934070587158203,-0.9966659280340299,-0.25632404426772837,-5.514166663508645,15.0,1.0
1.475,-0.6332492828369141,-0.6332492828369141,-0.1758251190185547,-0.996917333733128,-0.24648611329212144,-5.525681757716775,15.0,1.0
1.476,-0.6336307525634766,-0.6336307525634766,-0.15824127197265625,-0.9971589002606139,-0.23664574959781248,-5.5313266930822165,15.0,1.0
1.477,-0.6336307525634766,-0.6336307525634766,-0.16703224182128906,-0.9973906252323237,-0.2268030503057048,-5.516168898517122,15.0,1.0
1.478,-0.6340122222900391,-0.6340122222900391,-0.1758251190185547,-0.9976125063612252,-0.21695811255887065,-5.4951372546081085,15.0,1.0
1.479,-0.6340122222900391,-0.6340122222900391,-0.1934070587158203,-0.9978245414574415,-0.2071110335231765,-5.470888762318393,15.0,1.0
1.48,-0.6343936920166016,-0.6343936920166016,-0.1934070587158203,-0.9980267284282716,-0.19726191038512297,-5.458350397844352,15.0,1.0
1.481,-0.6343936920166016,-0.6343936920166016,-0.1846160888671875,-0.9982190652782118,-0.187410840351788,-5.460175350408754,15.0,1.0
1.482,-0.6347751617431641,-0.6347751617431641,-0.1846160888671875,-0.998401550108975,-0.17755792064895104,-5.447337657268928,15.0,1.0
1.483,-0.6347751617431641,-0.6347751617431641,-0.15824127197265625,-0.9985741811195098,-0.1677032485212635,-5.466447267193793,15.0,1.0
1.484,-0.6347751617431641,-0.6347751617431641,-0.14065933227539062,-0.9987369566060175,-0.15784692123003197,-5.476614511897442,15.0,1.0
1.485,-0.6351566314697266,-0.6351566314697266,-0.14065933227539062,-0.99888987496197,-0.14798903605367286,-5.463328356161934,15.0,1.0
1.486,-0.6351566314697266,-0.6351566314697266,-0.123077392578125,-0.9990329346781247,-0.138129690284984,-5.473196845832831,15.0,1.0
1.487,-0.6351566314697266,-0.6351566314697266,-0.14065933227539062,-0.9991661343425401,-0.12826898123228148,-5.4477521920490934,15.0,1.0
1.488,-0.6355381011962891,-0.6355381011962891,-0.09670257568359375,-0.9992894726405892,-0.11840700621633005,-5.477975002197239,15.0,1.0
1.489,-0.6355381011962891,-0.6355381011962891,-0.123077392578125,-0.9994029483549729,-0.1085438625712527,-5.443439177373385,15.0,1.0
1.49,-0.6355381011962891,-0.6355381011962891,-0.08791160583496094,-0.9995065603657316,-0.0986796476417453,-5.470294929348422,15.0,1.0
1.491,-0.6355381011962891,-0.6355381011962891,-0.07912063598632812,-0.9996003076502565,-0.08881445878415661,-5.470626919607341,15.0,1.0
1.492,-0.6359195709228516,-0.6359195709228516,-0.07912063598632812,-0.9996841892832999,-0.07894839336370296,-5.4562970327841,15.0,1.0
1.493,-0.6359195709228516,-0.6359195709228516,-0.09670257568359375,-0.999758204436984,-0.06908154875458195,-5.429958475782976,15.0,1.0
1.494,-0.6359195709228516,-0.6359195709228516,-0.07032966613769531,-0.999822352380809,-0.059214022338267114,-5.447426078069933,15.0,1.0
1.495,-0.6359195709228516,-0.6359195709228516,-0.07912063598632812,-0.9998766324816606,-0.049345911503621664,-5.429581198899429,15.0,1.0
1.496,-0.6359195709228516,-0.6359195709228516,-0.07912063598632812,-0.9999210442038161,-0.0394773136446247,-5.420378776872765,15.0,1.0
1.497,-0.6363010406494141,-0.6363010406494141,-0.07032966613769531,-0.9999555871089498,-0.029608326160541765,-5.414096856915883,15.0,1.0
1.498,-0.6363010406494141,-0.6363010406494141,-0.0615386962890625,-0.9999802608561371,-0.01973904645416269,-5.413388653265946,15.0,1.0
1.499,-0.6363010406494141,-0.6363010406494141,-0.07032966613769531,-0.9999950652018582,-0.009869571931517385,-5.394950274080484,15.0,1.0
1.5,-0.6363010406494141,-0.6363010406494141,-0.05274772644042969,-1.0,5.684341886080802e-14,-5.4027366638183025,15.0,1.0
1.5010000000000001,-0.6363010406494141,-0.6363010406494141,-0.07912063598632812,-0.9999950652018582,0.009869571931403698,-5.36642016036893,15.0,1.0
1.502,-0.6363010406494141,-0.6363010406494141,-0.05274772644042969,-0.9999802608561371,0.019739046454219533,-5.382701530206196,15.0,1.0
1.5030000000000001,-0.6366825103759766,-0.6366825103759766,-0.07032966613769531,-0.9999555871089498,0.029608326160428078,-5.349158158696476,15.0,1.0
1.504,-0.6366825103759766,-0.6366825103759766,-0.07912063598632812,-0.9999210442038161,0.0394773136446247,-5.32998005778664,15.0,1.0
1.5050000000000001,-0.6366825103759766,-0.6366825103759766,-0.08791160583496094,-0.9998766324816606,0.04934591150350798,-5.310654314246792,15.0,1.0
1.506,-0.6366825103759766,-0.6366825103759766,-0.08791160583496094,-0.999822352380809,0.059214022338267114,-5.299972001899258,15.0,1.0
1.5070000000000001,-0.6370639801025391,-0.6370639801025391,-0.10549545288085938,-0.999758204436984,0.06908154875446826,-5.265836363381347,15.0,1.0
1.508,-0.6370639801025391,-0.6370639801025391,-0.09670257568359375,-0.9996841892832999,0.07894839336381665,-5.263652168664002,15.0,1.0
1.5090000000000001,-0.6370639801025391,-0.6370639801025391,-0.10549545288085938,-0.9996003076502565,0.08881445878415661,-5.243735001550746,15.0,1.0
1.51,-0.6370639801025391,-0.6370639801025391,-0.11428642272949219,-0.9995065603657316,0.09867964764191584,-5.22367263357648,15.0,1.0
1.5110000000000001,-0.6374454498291016,-0.6374454498291016,-0.09670257568359375,-0.9994029483549729,0.10854386257119586,-5.22411603963328,15.0,1.0
1.512,-0.6374454498291016,-0.6374454498291016,-0.10549545288085938,-0.9992894726405892,0.11840700621644373,-5.203757883075012,15.0,1.0
1.5130000000000001,-0.6374454498291016,-0.6374454498291016,-0.0615386962890625,-0.9991661343425401,0.1282689812321678,-5.236002590180347,15.0,1.0
1.514,-0.6374454498291016,-0.6374454498291016,-0.043956756591796875,-0.9990329346781247,0.13812969028515454,-5.241725825858396,15.0,1.0
1.5150000000000001,-0.6374454498291016,-0.6374454498291016,-0.017581939697265625,-0.9988898749619699,0.14798903605355918,-5.2560954012422005,15.0,1.0
1.516,-0.6374454498291016,-0.6374454498291016,-0.017581939697265625,-0.9987369566060175,0.15784692123014565,-5.243943740726327,15.0,1.0
1.5170000000000001,-0.6374454498291016,-0.6374454498291016,0.026372909545898438,-0.9985741811195097,0.16770324852120666,-5.275600630380813,15.0,1.0
1.518,-0.6374454498291016,-0.6374454498291016,0.026372909545898438,-0.998401550108975,0.17755792064900788,-5.263156493094993,15.0,1.0
1.5190000000000001,-0.6374454498291016,-0.6374454498291016,0.017581939697265625,-0.9982190652782118,0.18741084035167432,-5.241775331082245,15.0,1.0
1.52,-0.6374454498291016,-0.6374454498291016,0.043956756591796875,-0.9980267284282716,0.19726191038512297,-5.255414025194224,15.0,1.0
1.5210000000000001,-0.6374454498291016,-0.6374454498291016,0.03516578674316406,-0.9978245414574415,0.20711103352311966,-5.2337411276451435,15.0,1.0
1.522,-0.6374454498291016,-0.6374454498291016,0.008790969848632812,-0.9976125063612252,0.21695811255898434,-5.1943387052715035,15.0,1.0
1.5230000000000001,-0.6374454498291016,-0.6374454498291016,0.043956756591796875,-0.9973906252323236,0.22680305030559111,-5.216331337334536,15.0,1.0
1.524,-0.6374454498291016,-0.6374454498291016,0.008790969848632812,-0.9971589002606139,0.23664574959786933,-5.167846976723449,15.0,1.0
1.5250000000000001,-0.6374454498291016,-0.6374454498291016,0.026372909545898438,-0.996917333733128,0.24648611329200776,-5.171965054814287,15.0,1.0
1.526,-0.6374454498291016,-0.6374454498291016,0.0,-0.9966659280340299,0.25632404426784205,-5.131983128806082,15.0,1.0
1.5270000000000001,-0.6374454498291016,-0.6374454498291016,0.017581939697265625,-0.9964046856445924,0.26615944542862735,-5.135811031501,15.0,1.0
1.528,-0.6374454498291016,-0.6374454498291016,0.0,-0.9961336091431725,0.2759922197034257,-5.104330170007638,15.0,1.0
1.5290000000000001,-0.6374454498291016,-0.6374454498291016,0.017581939697265625,-0.9958527012051857,0.28582227004619654,-5.1078684402923304,15.0,1.0
1.53,-0.6374454498291016,-0.6374454498291016,-0.017581939697265625,-0.99556196460308,0.2956494994386958,-5.058516282473715,15.0,1.0
1.5310000000000001,-0.6374454498291016,-0.6374454498291016,0.03516578674316406,-0.9952614022063083,0.3054738108899073,-5.096931261511358,15.0,1.0
1.532,-0.6370639801025391,-0.6370639801025391,0.017581939697265625,-0.9949510169813002,0.31529510743797573,-5.0705923854407065,15.0,1.0
1.5330000000000001,-0.6370639801025391,-0.6370639801025391,0.03516578674316406,-0.9946308119914323,0.325113292150661,-5.073554972925902,15.0,1.0
1.534,-0.6370639801025391,-0.6370639801025391,0.026372909545898438,-0.9943007903969988,0.3349282681263617,-5.049996795836433,15.0,1.0
1.5350000000000001,-0.6370639801025391,-0.6370639801025391,0.026372909545898438,-0.9939609554551797,0.344739938495195,-5.035087601340313,15.0,1.0
1.536,-0.6370639801025391,-0.6370639801025391,0.05274772644042969,-0.9936113105200084,0.35454820642013374,-5.046409476282336,15.0,1.0
1.537,-0.6370639801025391,-0.6370639801025391,0.0615386962890625,-0.9932518590423395,0.36435297509740394,-5.040003905288665,15.0,1.0
1.538,-0.6370639801025391,-0.6370639801025391,0.043956756591796875,-0.9928826045698137,0.37415414775779254,-5.007081975843124,15.0,1.0
1.539,-0.6370639801025391,-0.6370639801025391,0.07912063598632812,-0.9925035507468238,0.38395162766795465,-5.0267625679826455,15.0,1.0
1.54,-0.6366825103759766,-0.6366825103759766,0.05274772644042969,-0.9921147013144779,0.39374531813035674,-4.990485272387593,15.0,1.0
1.541,-0.6366825103759766,-0.6366825103759766,0.05274772644042969,-0.9917160601105629,0.4035351224857209,-4.974715849973504,15.0,1.0
1.542,-0.6366825103759766,-0.6366825103759766,0.10549545288085938,-0.9913076310695066,0.4133209441120016,-5.011551319171808,15.0,1.0
1.543,-0.6366825103759766,-0.6366825103759766,0.10549545288085938,-0.9908894182223388,0.4231026864276828,-4.99549638414861,15.0,1.0
1.544,-0.6366825103759766,-0.6366825103759766,0.09670257568359375,-0.9904614256966512,0.43288025289058396,-4.970506052603129,15.0,1.0
1.545,-0.6363010406494141,-0.6363010406494141,0.14945030212402344,-0.9900236577165575,0.4426535470000772,-5.012636011131098,15.0,1.0
1.546,-0.6363010406494141,-0.6363010406494141,0.1318683624267578,-0.989576118602651,0.45242247229782606,-4.978572059427487,15.0,1.0
1.547,-0.6359195709228516,-0.6359195709228516,0.1758251190185547,-0.9891188127719619,0.46218693236858144,-5.011626814386628,15.0,1.0
1.548,-0.6359195709228516,-0.6359195709228516,0.1758251190185547,-0.988651744737914,0.47194683084063627,-4.994860895403854,15.0,1.0
1.549,-0.6355381011962891,-0.6355381011962891,0.1934070587158203,-0.9881749191102805,0.48170207138815613,-5.001257256037537,15.0,1.0
1.55,-0.6355381011962891,-0.6355381011962891,0.15824127197265625,-0.9876883405951378,0.4914525577306108,-4.949042305224776,15.0,1.0
1.551,-0.6355381011962891,-0.6355381011962891,0.14065933227539062,-0.9871920139948193,0.5011981936349343,-4.91426983061841,15.0,1.0
1.552,-0.6351566314697266,-0.6351566314697266,0.14065933227539062,-0.986685944207868,0.5109388829150703,-4.902660140432443,15.0,1.0
1.553,-0.6351566314697266,-0.6351566314697266,0.14065933227539062,-0.986170136228989,0.5206745294350412,-4.885187374229286,15.0,1.0
1.554,-0.6351566314697266,-0.6351566314697266,0.10549545288085938,-0.985644595148998,0.5304050371074709,-4.8324098709624606,15.0,1.0
1.555,-0.6347751617431641,-0.6347751617431641,0.11428642272949219,-0.985109326154774,0.5401303098963695,-4.829168579007272,15.0,1.0
1.556,-0.6347751617431641,-0.6347751617431641,0.123077392578125,-0.9845643345292054,0.5498502518170199,-4.820064732551726,15.0,1.0
1.557,-0.6347751617431641,-0.6347751617431641,0.09670257568359375,-0.9840096256511398,0.5595647669379105,-4.775654767365319,15.0,1.0
1.558,-0.6343936920166016,-0.6343936920166016,0.08791160583496094,-0.9834452049953297,0.5692737593802235,-4.75441054113566,15.0,1.0
1.559,-0.6343936920166016,-0.6343936920166016,0.11428642272949219,-0.9828710781323793,0.5789771333205636,-4.762470081145595,15.0,1.0
1.56,-0.6343936920166016,-0.6343936920166016,0.1318683624267578,-0.9822872507286887,0.5886747929901048,-4.76159695011796,15.0,1.0
1.561,-0.6343936920166016,-0.6343936920166016,0.10549545288085938,-0.981693728546399,0.5983666426773766,-4.716629358150445,15.0,1.0
1.562,-0.6340122222900391,-0.6340122222900391,0.11428642272949219,-0.9810905174433341,0.6080525867272399,-4.712408263301677,15.0,1.0
1.563,-0.6340122222900391,-0.6340122222900391,0.09670257568359375,-0.9804776233729444,0.6177325295435594,-4.675951062383614,15.0,1.0
1.564,-0.6340122222900391,-0.6340122222900391,0.10549545288085938,-0.979855052384247,0.6274063755892598,-4.665731528704718,15.0,1.0
1.565,-0.6336307525634766,-0.6336307525634766,0.10549545288085938,-0.9792228106217659,0.6370740293875201,-4.652302294367678,15.0,1.0
1.566,-0.6336307525634766,-0.6336307525634766,0.11428642272949219,-0.9785809043254721,0.6467353955220005,-4.641803303637424,15.0,1.0
1.567,-0.6336307525634766,-0.6336307525634766,0.123077392578125,-0.9779293398307218,0.6563903786393439,-4.631165822947461,15.0,1.0
1.568,-0.6332492828369141,-0.6332492828369141,0.14945030212402344,-0.9772681235681935,0.6660388834485502,-4.6436940296446645,15.0,1.0
1.569,-0.6332492828369141,-0.6332492828369141,0.14945030212402344,-0.9765972620638247,0.6756808147231368,-4.623989175804546,15.0,1.0
1.57,-0.6332492828369141,-0.6332492828369141,0.16703224182128906,-0.9759167619387473,0.6853160773005129,-4.621728351048275,15.0,1.0
1.571,-0.6328678131103516,-0.6328678131103516,0.1758251190185547,-0.9752266299092236,0.6949445760851631,-4.616262794916472,15.0,1.0
1.572,-0.6328678131103516,-0.6328678131103516,0.16703224182128906,-0.9745268727865771,0.704566216047283,-4.587351920917389,15.0,1.0
1.573,-0.6324863433837891,-0.6324863433837891,0.14065933227539062,-0.973817497477129,0.7141809022253938,-4.546445741450095,15.0,1.0
1.574,-0.6324863433837891,-0.6324863433837891,0.14945030212402344,-0.9730985109821264,0.7237885397260584,-4.5348442763730255,15.0,1.0
1.575,-0.6324863433837891,-0.6324863433837891,0.1318683624267578,-0.9723699203976768,0.7333890337263256,-4.496732983908748,15.0,1.0
1.576,-0.6321048736572266,-0.6321048736572266,0.14065933227539062,-0.971631732914674,0.7429822894728204,-4.490579931664281,15.0,1.0
1.577,-0.6321048736572266,-0.6321048736572266,0.14065933227539062,-0.970883955818731,0.7525682122840749,-4.469777352413882,15.0,1.0
1.578,-0.6317234039306641,-0.6317234039306641,0.15824127197265625,-0.9701265964901059,0.7621467075508122,-4.472142452813472,15.0,1.0
1.579,-0.6317234039306641,-0.6317234039306641,0.15824127197265625,-0.9693596624036294,0.7717176807374244,-4.451067468329711,15.0,1.0
1.58,-0.6317234039306641,-0.6317234039306641,0.15824127197265625,-0.9685831611286311,0.781281037381973,-4.4298565925601885,15.0,1.0
1.581,-0.6313419342041016,-0.6313419342041016,0.15824127197265625,-0.9677971003288655,0.790836683098064,-4.414232080746051,15.0,1.0
1.582,-0.6313419342041016,-0.6313419342041016,0.1758251190185547,-0.9670014877624351,0.8003845235752465,-4.410333898818312,15.0,1.0
1.583,-0.6309604644775391,-0.6309604644775391,0.1318683624267578,-0.9661963312817148,0.8099244645807175,-4.350481899908676,15.0,1.0
1.584,-0.6309604644775391,-0.6309604644775391,0.1758251190185547,-0.9653816388332738,0.8194564119582992,-4.372686322396276,15.0,1.0
1.585,-0.6305789947509766,-0.6305789947509766,0.1934070587158203,-0.9645574184577981,0.8289802716320764,-4.374103142686066,15.0,1.0
1.586,-0.6305789947509766,-0.6305789947509766,0.21098899841308594,-0.9637236782900097,0.8384959496052034,-4.36966330189338,15.0,1.0
1.587,-0.6301975250244141,-0.6301975250244141,0.1934070587158203,-0.9628804265585876,0.8480033519620065,-4.335647229766417,15.0,1.0
1.588,-0.6301975250244141,-0.6301975250244141,0.22857093811035156,-0.9620276715860858,0.8575023848677006,-4.348520751667728,15.0,1.0
1.589,-0.6298160552978516,-0.6298160552978516,0.2549457550048828,-0.9611654217888521,0.8669929545714012,-4.35819329779849,15.0,1.0
1.59,-0.6294345855712891,-0.6294345855712891,0.23736190795898438,-0.9602936856769431,0.8764749674045333,-4.323773442139261,15.0,1.0
1.591,-0.6294345855712891,-0.6294345855712891,0.24615478515625,-0.9594124718540429,0.8859483297836732,-4.3098747496138845,15.0,1.0
1.592,-0.6290531158447266,-0.6290531158447266,0.23736190795898438,-0.9585217890173757,0.8954129482101507,-4.283979057338571,15.0,1.0
1.593,-0.6290531158447266,-0.6290531158447266,0.21977996826171875,-0.9576216459576224,0.904868729272664,-4.243439190682493,15.0,1.0
1.594,-0.6286716461181641,-0.6286716461181641,0.21977996826171875,-0.9567120515588304,0.9143155796461429,-4.226070470225571,15.0,1.0
1.595,-0.6286716461181641,-0.6286716461181641,0.20219802856445312,-0.9557930147983301,0.923753406093681,-4.185265152673263,15.0,1.0
1.596,-0.6282901763916016,-0.6282901763916016,0.20219802856445312,-0.9548645447466431,0.9331821154681847,-4.167631438421891,15.0,1.0
1.597,-0.6279087066650391,-0.6279087066650391,0.21098899841308594,-0.9539266505673937,0.9426016147122027,-4.158656542236202,15.0,1.0
1.598,-0.6279087066650391,-0.6279087066650391,0.22857093811035156,-0.9529793415172187,0.9520118108584938,-4.152618650034553,15.0,1.0
1.599,-0.6275272369384766,-0.6275272369384766,0.2549457550048828,-0.9520226269456766,0.9614126110325856,-4.160963994080298,15.0,1.0
1.6,-0.6271457672119141,-0.6271457672119141,0.29010963439941406,-0.9510565162951536,0.9708039224523759,-4.177966948195632,15.0,1.0
1.601,-0.6271457672119141,-0.6271457672119141,0.28131866455078125,-0.9500810191007718,0.9801856524296682,-4.1451617904539795,15.0,1.0
1.602,-0.6267642974853516,-0.6267642974853516,0.2637367248535156,-0.9490961449902945,0.9895577083698299,-4.10915672905783,15.0,1.0
1.603,-0.6263828277587891,-0.6263828277587891,0.2637367248535156,-0.948101903684032,0.99891999777509,-4.09060286595707,15.0,1.0
1.604,-0.6263828277587891,-0.6263828277587891,0.22857093811035156,-0.9470983049947443,1.0082724282432878,-4.031030668406393,15.0,1.0
1.605,-0.6260013580322266,-0.6260013580322266,0.2549457550048828,-0.9460853588275454,1.0176149074698628,-4.038590859464803,15.0,1.0
1.606,-0.6256198883056641,-0.6256198883056641,0.27252769470214844,-0.9450630751798047,1.0269473432476843,-4.037228154566574,15.0,1.0
1.607,-0.6256198883056641,-0.6256198883056641,0.24615478515625,-0.94403146414105,1.0362696434701775,-3.9860587792168616,15.0,1.0
1.608,-0.6252384185791016,-0.6252384185791016,0.24615478515625,-0.9429905358928644,1.0455817161296181,-3.9668548287330747,15.0,1.0
1.609,-0.6248569488525391,-0.6248569488525391,0.24615478515625,-0.9419403007087906,1.0548834693195772,-3.947521593680446,15.0,1.0
1.61,-0.6248569488525391,-0.6248569488525391,0.2549457550048828,-0.9408807689542253,1.0641748112353184,-3.9311282452948584,15.0,1.0
1.611,-0.6244754791259766,-0.6244754791259766,0.27252769470214844,-0.9398119510863199,1.0734556501756742,-3.929119123931624,15.0,1.0
1.612,-0.6240940093994141,-0.6240940093994141,0.2549457550048828,-0.9387338576538741,1.0827258945420226,-3.89181758427976,15.0,1.0
1.613,-0.6240940093994141,-0.6240940093994141,0.2637367248535156,-0.9376464992972356,1.091985452840845,-3.8750386204799945,15.0,1.0
1.614,-0.6237125396728516,-0.6237125396728516,0.28131866455078125,-0.9365498867481924,1.1012342336840106,-3.872644636996883,15.0,1.0
1.615,-0.6233310699462891,-0.6233310699462891,0.29010963439941406,-0.9354440308298675,1.1104721457901974,-3.8613319018628935,15.0,1.0
1.616,-0.6229496002197266,-0.6229496002197266,0.2989006042480469,-0.934328942456612,1.1196990979844372,-3.8498916398168914,15.0,1.0
1.617,-0.6229496002197266,-0.6229496002197266,0.3076915740966797,-0.9332046326338985,1.1289149992005036,-3.832602061108755,15.0,1.0
1.618,-0.6225681304931641,-0.6225681304931641,0.3076915740966797,-0.9320711124582111,1.1381197584813094,-3.812116545091075,15.0,1.0
1.619,-0.6221866607666016,-0.6221866607666016,0.3076915740966797,-0.9309283931169359,1.1473132849799867,-3.7915042743717073,15.0,1.0
1.62,-0.6218051910400391,-0.6218051910400391,0.34285736083984375,-0.9297764858882512,1.156495487959262,-3.8059312956037648,15.0,1.0
1.621,-0.6214237213134766,-0.6214237213134766,0.3692302703857422,-0.9286154021410172,1.1656662767949797,-3.8114392060038726,15.0,1.0
1.622,-0.6210422515869141,-0.6210422515869141,0.39560508728027344,-0.9274451533346614,1.1748255609752505,-3.816823052521233,15.0,1.0
1.623,-0.6206607818603516,-0.6206607818603516,0.41318702697753906,-0.9262657510190667,1.183973250101758,-3.813288314256509,15.0,1.0
1.624,-0.6202793121337891,-0.6202793121337891,0.378021240234375,-0.9250772068344579,1.193109253890043,-3.756880406854365,15.0,1.0
1.625,-0.6198978424072266,-0.6198978424072266,0.3868141174316406,-0.9238795325112866,1.2022334821716072,-3.744305986820934,15.0,1.0
1.6260000000000001,-0.6195163726806641,-0.6195163726806641,0.41318702697753906,-0.9226727398701148,1.2113458448940264,-3.7491866899252733,15.0,1.0
1.627,-0.6191349029541016,-0.6191349029541016,0.4395599365234375,-0.9214568408214985,1.2204462521223718,-3.7539427524120192,15.0,1.0
1.6280000000000001,-0.6187534332275391,-0.6187534332275391,0.4307689666748047,-0.9202318473658702,1.2295346140384709,-3.7234105647113003,15.0,1.0
1.629,-0.6179904937744141,-0.6179904937744141,0.47472572326660156,-0.9189977715934216,1.2386108409446024,-3.751224049607112,15.0,1.0
1.6300000000000001,-0.6176090240478516,-0.6176090240478516,0.39560508728027344,-0.917754625683981,1.2476748432617342,-3.650114268560481,15.0,1.0
1.631,-0.6172275543212891,-0.6172275543212891,0.4395599365234375,-0.916502421906898,1.2567265315316831,-3.6719564187758884,15.0,1.0
1.6320000000000001,-0.6168460845947266,-0.6168460845947266,0.39560508728027344,-0.9152411726209176,1.2657658164182521,-3.6057655912548876,15.0,1.0
1.633,-0.6164646148681641,-0.6164646148681641,0.3868141174316406,-0.9139708902740614,1.2747926087074575,-3.5746156398126434,15.0,1.0
1.6340000000000001,-0.6160831451416016,-0.6160831451416016,0.39560508728027344,-0.9126915874035028,1.2838068193080971,-3.5609249019006946,15.0,1.0
1.635,-0.6157016754150391,-0.6157016754150391,0.3604393005371094,-0.9114032766354452,1.29280835925357,-3.503154959589631,15.0,1.0
1.6360000000000001,-0.6153202056884766,-0.6153202056884766,0.35164833068847656,-0.9101059706849958,1.301797139702444,-3.4716376659338204,15.0,1.0
1.637,-0.6149387359619141,-0.6149387359619141,0.3868141174316406,-0.9087996823560403,1.3107730719395363,-3.483955241403997,15.0,1.0
1.6380000000000001,-0.6145572662353516,-0.6145572662353516,0.3692302703857422,-0.9074844245411168,1.3197360673751746,-3.4434015775970455,15.0,1.0
1.639,-0.6141757965087891,-0.6141757965087891,0.3868141174316406,-0.9061602102212898,1.328686037548664,-3.4378942855704873,15.0,1.0
1.6400000000000001,-0.6137943267822266,-0.6137943267822266,0.3692302703857422,-0.9048270524660196,1.337622894127378,-3.397098261515259,15.0,1.0
1.641,-0.6134128570556641,-0.6134128570556641,0.40439605712890625,-0.9034849644330349,1.3465465489085773,-3.4089311188808917,15.0,1.0
1.6420000000000001,-0.6130313873291016,-0.6130313873291016,0.4395599365234375,-0.9021339593682026,1.3554569138184434,-3.42064160329151,15.0,1.0
1.643,-0.6126499176025391,-0.6126499176025391,0.46593475341796875,-0.900774050605398,1.3643539009158303,-3.4234428475450214,15.0,1.0
1.6440000000000001,-0.6122684478759766,-0.6122684478759766,0.45714378356933594,-0.899405251566371,1.373237422391071,-3.390958416534181,15.0,1.0
1.645,-0.6115055084228516,-0.6115055084228516,0.41318702697753906,-0.8980275757606156,1.3821073905676826,-3.3289106464763174,15.0,1.0
1.6460000000000001,-0.6111240386962891,-0.6111240386962891,0.47472572326660156,-0.8966410367852357,1.3909637179018546,-3.3665169766989456,15.0,1.0
1.647,-0.6107425689697266,-0.6107425689697266,0.5186805725097656,-0.8952456483248119,1.3998063169860302,-3.386420445850016,15.0,1.0
1.6480000000000001,-0.6103610992431641,-0.6103610992431641,0.5186805725097656,-0.8938414241512637,1.4086351005470306,-3.362250345584229,15.0,1.0
1.649,-0.6095981597900391,-0.6095981597900391,0.5098896026611328,-0.8924283781237179,1.4174499814478736,-3.3348928962184416,15.0,1.0
1.6500000000000001,-0.6092166900634766,-0.6092166900634766,0.46593475341796875,-0.891006524188368,1.4262508726897636,-3.2665313926015767,15.0,1.0
1.651,-0.6088352203369141,-0.6088352203369141,0.4923076629638672,-0.8895758763783381,1.435037687411807,-3.2683798161734217,15.0,1.0
1.6520000000000001,-0.6080722808837891,-0.6080722808837891,0.46593475341796875,-0.8881364488135444,1.4438103388907848,-3.223086933473514,15.0,1.0
1.653,-0.6076908111572266,-0.6076908111572266,0.4483509063720703,-0.8866882557005564,1.4525687405445638,-3.1807438339774547,15.0,1.0
1.6540000000000001,-0.6073093414306641,-0.6073093414306641,0.4483509063720703,-0.8852313113324553,1.4613128059313567,-3.1558676489675817,15.0,1.0
1.655,-0.6069278717041016,-0.6069278717041016,0.46593475341796875,-0.8837656300886936,1.470042448751144,-3.148458680435705,15.0,1.0
1.6560000000000001,-0.6065464019775391,-0.6065464019775391,0.4923076629638672,-0.8822912264349531,1.4787575828449917,-3.1497224469800855,15.0,1.0
1.657,-0.6057834625244141,-0.6057834625244141,0.4923076629638672,-0.8808081149230035,1.4874581221984045,-3.130219326744304,15.0,1.0
1.6580000000000001,-0.6054019927978516,-0.6054019927978516,0.4835166931152344,-0.8793163101905562,1.4961439809408148,-3.0960874730649897,15.0,1.0
1.659,-0.6050205230712891,-0.6050205230712891,0.5714282989501953,-0.8778158269611218,1.5048150733464354,-3.158542783951251,15.0,1.0
1.6600000000000001,-0.6042575836181641,-0.6042575836181641,0.6065940856933594,-0.8763066800438634,1.5134713138345433,-3.1738592182443055,15.0,1.0
1.661,-0.6034946441650391,-0.6034946441650391,0.5978031158447266,-0.8747888843334526,1.52211261697164,-3.1451041013992898,15.0,1.0
1.6620000000000001,-0.6031131744384766,-0.6031131744384766,0.6769237518310547,-0.8732624548099202,1.5307388974717924,-3.1984240599309164,15.0,1.0
1.663,-0.6023502349853516,-0.6023502349853516,0.74725341796875,-0.8717274065385089,1.539350070197429,-3.248560921068681,15.0,1.0
1.6640000000000001,-0.6015872955322266,-0.6015872955322266,0.74725341796875,-0.8701837546695254,1.5479460501586573,-3.228254254869575,15.0,1.0
1.665,-0.6008243560791016,-0.6008243560791016,0.7032966613769531,-0.8686315144381915,1.556526752517641,-3.163877284245662,15.0,1.0
1.666,-0.6000614166259766,-0.6000614166259766,0.6945056915283203,-0.8670707011644904,1.5650920925862692,-3.1345528670197584,15.0,1.0
1.667,-0.5992984771728516,-0.5992984771728516,0.624176025390625,-0.865501330253019,1.5736419858274644,-3.0435768357656725,15.0,1.0
1.668,-0.5989170074462891,-0.5989170074462891,0.5890102386474609,-0.8639234171928354,1.5821763478575122,-2.9819300369881434,15.0,1.0
1.669,-0.5981540679931641,-0.5981540679931641,0.5890102386474609,-0.8623369775573041,1.590695094445664,-2.9610587876638976,15.0,1.0
1.67,-0.5977725982666016,-0.5977725982666016,0.6065940856933594,-0.860742027003944,1.599198141515899,-2.9519373752375966,15.0,1.0
1.671,-0.5970096588134766,-0.5970096588134766,0.5714282989501953,-0.8591385812742723,1.607685405145844,-2.895676730716288,15.0,1.0
1.672,-0.5966281890869141,-0.5966281890869141,0.6065940856933594,-0.8575266561936523,1.616156801569673,-2.90391429072476,15.0,1.0
1.673,-0.5958652496337891,-0.5958652496337891,0.624176025390625,-0.8559062676711331,1.6246122471783906,-2.9001790487723946,15.0,1.0
1.674,-0.5951023101806641,-0.5951023101806641,0.6329669952392578,-0.8542774316992954,1.6330516585205714,-2.887542159498156,15.0,1.0
1.675,-0.5947208404541016,-0.5947208404541016,0.624176025390625,-0.8526401643540921,1.6414749523015075,-2.851490931588975,15.0,1.0
1.676,-0.5939579010009766,-0.5939579010009766,0.7032966613769531,-0.8509944817946923,1.6498820453878125,-2.9089633278948765,15.0,1.0
1.677,-0.5931940078735352,-0.5931940078735352,0.7296695709228516,-0.8493404002633166,1.6582728548044088,-2.9135926019651643,15.0,1.0
1.678,-0.5924310684204102,-0.5924310684204102,0.6505489349365234,-0.8476779360850835,1.66664729773737,-2.812604652169253,15.0,1.0
1.679,-0.5916681289672852,-0.5916681289672852,0.6857147216796875,-0.846007105667842,1.675005291533921,-2.825794080654119,15.0,1.0
1.68,-0.5912866592407227,-0.5912866592407227,0.624176025390625,-0.8443279255020155,1.6833467537048818,-2.7364482656051363,15.0,1.0
1.681,-0.5905237197875977,-0.5905237197875977,0.5978031158447266,-0.8426404121604323,1.691671601923133,-2.687881899514113,15.0,1.0
1.682,-0.5901422500610352,-0.5901422500610352,0.6153850555419922,-0.8409445822981693,1.6999797540252075,-2.6774402850737964,15.0,1.0
1.683,-0.5893793106079102,-0.5893793106079102,0.6417579650878906,-0.8392404526523819,1.708271128013564,-2.6814039677414025,15.0,1.0
1.684,-0.5886163711547852,-0.5886163711547852,0.5978031158447266,-0.8375280400421421,1.7165456420558485,-2.6149325070992324,15.0,1.0
1.685,-0.5882349014282227,-0.5882349014282227,0.7296695709228516,-0.8358073613682703,1.724803214485405,-2.7184532555381606,15.0,1.0
1.686,-0.5874719619750977,-0.5874719619750977,0.7384624481201172,-0.8340784336131712,1.73304376380338,-2.7045157588878412,15.0,1.0
1.687,-0.5867090225219727,-0.5867090225219727,0.7296695709228516,-0.8323412738406636,1.7412672086791758,-2.67288613202404,15.0,1.0
1.688,-0.5859460830688477,-0.5859460830688477,0.8175830841064453,-0.8305958991958129,1.7494734679509065,-2.7378568580600176,15.0,1.0
1.689,-0.5848016738891602,-0.5848016738891602,0.8879127502441406,-0.8288423269047618,1.757662460625511,-2.790860084852654,15.0,1.0
1.69,-0.5840387344360352,-0.5840387344360352,0.8263740539550781,-0.8270805742745618,1.7658341058810834,-2.706167545651895,15.0,1.0
1.691,-0.5832757949829102,-0.5832757949829102,0.8087921142578125,-0.8253106586929997,1.7739883230670443,-2.665326746842111,15.0,1.0
1.692,-0.5825128555297852,-0.5825128555297852,0.7384624481201172,-0.8235325976284277,1.7821250317048225,-2.5716335478949324,15.0,1.0
1.693,-0.5817499160766602,-0.5817499160766602,0.7384624481201172,-0.8217464086295901,1.7902441514876841,-2.5481656849263827,15.0,1.0
1.694,-0.5809869766235352,-0.5809869766235352,0.7648353576660156,-0.8199521093254523,1.798345602283348,-2.550966745911424,15.0,1.0
1.695,-0.5802240371704102,-0.5802240371704102,0.6945056915283203,-0.8181497174250235,1.806429304134042,-2.456961591213479,15.0,1.0
1.696,-0.5794610977172852,-0.5794610977172852,0.7912082672119141,-0.8163392507171842,1.8144951772571858,-2.5298853849532135,15.0,1.0
1.697,-0.5786981582641602,-0.5786981582641602,0.7999992370605469,-0.8145207270705092,1.8225431420448786,-2.5147946271109034,15.0,1.0
1.698,-0.5779352188110352,-0.5779352188110352,0.7912082672119141,-0.8126941644330944,1.8305731190678216,-2.482019332474981,15.0,1.0
1.699,-0.5771722793579102,-0.5771722793579102,0.8791217803955078,-0.8108595808323735,1.8385850290733856,-2.5458462734390728,15.0,1.0
1.7,-0.5760278701782227,-0.5760278701782227,0.8351650238037109,-0.8090169943749476,1.84657879298652,-2.4834230937680646,15.0,1.0
1.701,-0.5752649307250977,-0.5752649307250977,0.8703289031982422,-0.8071664232464005,1.8545543319125954,-2.49429695910519,15.0,1.0
1.702,-0.5745019912719727,-0.5745019912719727,0.7824172973632812,-0.8053078857111223,1.8625115671365506,-2.381994146813976,15.0,1.0
1.703,-0.5737390518188477,-0.5737390518188477,0.7648353576660156,-0.8034414001121275,1.8704504201227792,-2.339920161942434,15.0,1.0
1.704,-0.5729761123657227,-0.5729761123657227,0.8087921142578125,-0.8015669848708766,1.8783708125184262,-2.359284389316696,15.0,1.0
1.705,-0.5722131729125977,-0.5722131729125977,0.7824172973632812,-0.7996846584870907,1.8862726661526494,-2.3082169148280274,15.0,1.0
1.706,-0.5714502334594727,-0.5714502334594727,0.8879127502441406,-0.7977944395385713,1.8941559030375288,-2.3889199383930917,15.0,1.0
1.707,-0.5703058242797852,-0.5703058242797852,0.9142856597900391,-0.7958963466810157,1.9020204453680094,-2.396123050440488,15.0,1.0
1.708,-0.5695428848266602,-0.5695428848266602,0.9846153259277344,-0.7939903986478353,1.9098662155242891,-2.441461817721072,15.0,1.0
1.709,-0.5683984756469727,-0.5683984756469727,1.0989017486572266,-0.7920766142499671,1.9176931360722733,-2.53638069162987,15.0,1.0
1.71,-0.5672540664672852,-0.5672540664672852,1.0637359619140625,-0.7901550123756906,1.9255011297636315,-2.481749020776513,15.0,1.0
1.711,-0.5661096572875977,-0.5661096572875977,0.9934062957763672,-0.7882256119904398,1.9332901195359113,-2.3918554967830885,15.0,1.0
1.712,-0.5653467178344727,-0.5653467178344727,0.9318675994873047,-0.7862884321366188,1.9410600285149258,-2.304933285504571,15.0,1.0
1.713,-0.5642023086547852,-0.5642023086547852,0.9582424163818359,-0.7843434919334101,1.948810780015208,-2.3115493855460025,15.0,1.0
1.714,-0.5634393692016602,-0.5634393692016602,0.9054946899414062,-0.7823908105765883,1.9565422975403521,-2.2332240130249765,15.0,1.0
1.715,-0.5626764297485352,-0.5626764297485352,0.9406585693359375,-0.7804304073383295,1.9642545047821613,-2.242713728400691,15.0,1.0
1.716,-0.5615320205688477,-0.5615320205688477,0.9318675994873047,-0.7784623015670239,1.9719473256254787,-2.2138744888344695,15.0,1.0
1.717,-0.5607690811157227,-0.5607690811157227,0.9934062957763672,-0.7764865126870786,1.9796206841449475,-2.2495470852017583,15.0,1.0
1.718,-0.5596246719360352,-0.5596246719360352,0.9934062957763672,-0.7745030601987339,1.9872745046070008,-2.229307615109848,15.0,1.0
1.719,-0.5584802627563477,-0.5584802627563477,1.0109882354736328,-0.7725119636778647,1.994908711472135,-2.226555037824253,15.0,1.0
1.72,-0.5577173233032227,-0.5577173233032227,0.8967037200927734,-0.7705132427757896,2.0025232293941144,-2.086119282787163,15.0,1.0
1.721,-0.5569543838500977,-0.5569543838500977,0.8703289031982422,-0.7685069172190765,2.0101179832198,-2.0334989205131246,15.0,1.0
1.722,-0.5558099746704102,-0.5558099746704102,0.9406585693359375,-0.7664930068093498,2.01769289799239,-2.0832111534276425,15.0,1.0
1.723,-0.5550470352172852,-0.5550470352172852,0.9142856597900391,-0.7644715314230918,2.025247898950795,-2.0304052039263434,15.0,1.0
1.724,-0.5539026260375977,-0.5539026260375977,1.002197265625,-0.7624425110114481,2.0327829115305462,-2.0975126287022103,15.0,1.0
1.725,-0.5531396865844727,-0.5531396865844727,1.0197811126708984,-0.7604059656000308,2.040297861363115,-2.0884774365411563,15.0,1.0
1.726,-0.5516138076782227,-0.5516138076782227,1.1868133544921875,-0.7583619152887218,2.0477926742794352,-2.2402422943702387,15.0,1.0
1.727,-0.5508508682250977,-0.5508508682250977,1.1164836883544922,-0.756310380251472,2.0552672763088253,-2.143109092441282,15.0,1.0
1.728,-0.5497064590454102,-0.5497064590454102,1.1076927185058594,-0.7542513807361041,2.0627215936804646,-2.113144950185804,15.0,1.0
1.729,-0.5485620498657227,-0.5485620498657227,1.0109882354736328,-0.7521849370641112,2.070155552822257,-1.995175990627203,15.0,1.0
1.73,-0.5474176406860352,-0.5474176406860352,1.0549449920654297,-0.7501110696304595,2.0775690803644125,-2.017777345867382,15.0,1.0
1.731,-0.5462732315063477,-0.5462732315063477,1.037363052368164,-0.7480297989033825,2.084962103138537,-1.97874946018515,15.0,1.0
1.732,-0.5455102920532227,-0.5455102920532227,1.0285720825195312,-0.7459411454241823,2.092334548178883,-1.9427003349050436,15.0,1.0
1.733,-0.5443658828735352,-0.5443658828735352,1.0285720825195312,-0.7438451298070248,2.099686342721327,-1.9210744438005483,15.0,1.0
1.734,-0.5432214736938477,-0.5432214736938477,1.1076927185058594,-0.7417417727387396,2.1070174142075757,-1.9784797899716633,15.0,1.0
1.735,-0.5420770645141602,-0.5420770645141602,1.0813179016113281,-0.7396310949786097,2.114327690282721,-1.93030066829535,15.0,1.0
1.736,-0.5413141250610352,-0.5413141250610352,1.037363052368164,-0.737513117358174,2.1216170987967757,-1.8587308380284715,15.0,1.0
1.737,-0.5401697158813477,-0.5401697158813477,1.0285720825195312,-0.7353878607810161,2.128885567806776,-1.8279586882077825,15.0,1.0
1.738,-0.5390253067016602,-0.5390253067016602,1.0813179016113281,-0.7332553462225604,2.1361330255761004,-1.858635468848731,15.0,1.0
1.739,-0.5378808975219727,-0.5378808975219727,1.1164836883544922,-0.731115594729864,2.143359400574411,-1.8716447458984509,15.0,1.0
1.74,-0.5367364883422852,-0.5367364883422852,1.1340656280517578,-0.7289686274214116,2.1505646214804983,-1.8669830927581552,15.0,1.0
1.741,-0.5355920791625977,-0.5355920791625977,1.1780223846435547,-0.726814465486903,2.1577486171822784,-1.8886095623258563,15.0,1.0
1.742,-0.5344476699829102,-0.5344476699829102,1.1868133544921875,-0.7246531301870469,2.1649113167766814,-1.8749839407775575,15.0,1.0
1.743,-0.5333032608032227,-0.5333032608032227,1.213186264038086,-0.7224846428533497,2.1720526495699914,-1.8788543452199997,15.0,1.0
1.744,-0.5321588516235352,-0.5321588516235352,1.1428565979003906,-0.7203090248879068,2.179172545080405,-1.7859366517855606,15.0,1.0
1.745,-0.5310134887695312,-0.5310134887695312,1.2043952941894531,-0.7181262977631889,2.1862709330376333,-1.8248164960566848,15.0,1.0
1.746,-0.5298690795898438,-0.5298690795898438,1.1956043243408203,-0.7159364830218314,2.1933477433839244,-1.7932676324367112,15.0,1.0
1.747,-0.5287246704101562,-0.5287246704101562,1.1516475677490234,-0.7137396022764211,2.200402906273098,-1.726468639469898,15.0,1.0
1.748,-0.5271987915039062,-0.5271987915039062,1.1780223846435547,-0.7115356772092852,2.207436352073671,-1.7356393181505685,15.0,1.0
1.749,-0.5260543823242188,-0.5260543823242188,1.1692314147949219,-0.7093247295722739,2.214448011368745,-1.703838612147004,15.0,1.0
1.75,-0.5249099731445312,-0.5249099731445312,1.160440444946289,-0.7071067811865477,2.2214378149564595,-1.6719547506200758,15.0,1.0
1.7510000000000001,-0.5237655639648438,-0.5237655639648438,1.0901107788085938,-0.704881853942361,2.22840569384897,-1.578449434622383,15.0,1.0
1.752,-0.5226211547851562,-0.5226211547851562,1.2043952941894531,-0.7026499697988496,2.235351579277335,-1.6694759401175188,15.0,1.0
1.7530000000000001,-0.5214767456054688,-0.5214767456054688,1.2395610809326172,-0.7004111507838063,2.242275402688392,-1.6813017559192889,15.0,1.0
1.754,-0.5203323364257812,-0.5203323364257812,1.2571430206298828,-0.6981654189934727,2.2491770957462336,-1.6754621633990214,15.0,1.0
1.7550000000000001,-0.5188064575195312,-0.5188064575195312,1.2659339904785156,-0.6959127965923139,2.2560565903336283,-1.6664724862366267,15.0,1.0
1.756,-0.5176620483398438,-0.5176620483398438,1.3010997772216797,-0.6936533058128054,2.262913818553784,-1.6780548207623198,15.0,1.0
1.7570000000000001,-0.5165176391601562,-0.5165176391601562,1.3186817169189453,-0.6913869689552062,2.269748712728415,-1.6719729511162802,15.0,1.0
1.758,-0.5149917602539062,-0.5149917602539062,1.2835159301757812,-0.6891138083873485,2.2765612053989344,-1.6187854467784804,15.0,1.0
1.7590000000000001,-0.5138473510742188,-0.5138473510742188,1.3274726867675781,-0.6868338465444084,2.2833512293296963,-1.6389188894907263,15.0,1.0
1.76,-0.5123214721679688,-0.5123214721679688,1.3890113830566406,-0.684547105928689,2.2901187175060613,-1.682277171961382,15.0,1.0
1.7610000000000001,-0.5111770629882812,-0.5111770629882812,1.3098907470703125,-0.6822536091093963,2.2968636031348524,-1.5791753357521854,15.0,1.0
1.762,-0.5096511840820312,-0.5096511840820312,1.3274726867675781,-0.6799533787224191,2.303585819646969,-1.5784197867264274,15.0,1.0
1.7630000000000001,-0.5085067749023438,-0.5085067749023438,1.3010997772216797,-0.6776464374701023,2.31028530069716,-1.5279094150408987,15.0,1.0
1.764,-0.5073623657226562,-0.5073623657226562,1.2395610809326172,-0.6753328081210247,2.316961980164649,-1.4421557367434947,15.0,1.0
1.7650000000000001,-0.5058364868164062,-0.5058364868164062,1.3274726867675781,-0.6730125135097731,2.3236157921523386,-1.511497295015742,15.0,1.0
1.766,-0.5043106079101562,-0.5043106079101562,1.3802204132080078,-0.6706855765367199,2.33024667099005,-1.5455982716164125,15.0,1.0
1.7670000000000001,-0.5031661987304688,-0.5031661987304688,1.371429443359375,-0.668352020167793,2.336854551234012,-1.5123622136852273,15.0,1.0
1.768,-0.5016403198242188,-0.5016403198242188,1.4681320190429688,-0.6660118674342518,2.343439367667486,-1.5902658655259785,15.0,1.0
1.7690000000000001,-0.5001144409179688,-0.5001144409179688,1.4681320190429688,-0.6636651414324581,2.3500010552997423,-1.5713914714605672,15.0,1.0
1.77,-0.49897003173828125,-0.49897003173828125,1.3626365661621094,-0.6613118653236523,2.356539549370666,-1.4412245205720087,15.0,1.0
1.7710000000000001,-0.49744415283203125,-0.49744415283203125,1.4241752624511719,-0.6589520623337168,2.363054785347856,-1.4837391196285994,15.0,1.0
1.772,-0.49591827392578125,-0.49591827392578125,1.4857139587402344,-0.6565857557529565,2.3695466989281613,-1.5261794872197023,15.0,1.0
1.7730000000000001,-0.49439239501953125,-0.49439239501953125,1.4241752624511719,-0.6542129689358606,2.376015226038703,-1.4454686451574084,15.0,1.0
1.774,-0.49324798583984375,-0.49324798583984375,1.4065933227539062,-0.6518337253008791,2.382460302838581,-1.402919111830856,15.0,1.0
1.7750000000000001,-0.49172210693359375,-0.49172210693359375,1.4329662322998047,-0.6494480483301834,2.3888818657173942,-1.4099734875312557,15.0,1.0
1.776,-0.49019622802734375,-0.49019622802734375,1.336263656616211,-0.6470559615694443,2.3952798512959816,-1.293879808451738,15.0,1.0
1.7770000000000001,-0.48905181884765625,-0.48905181884765625,1.4241752624511719,-0.6446574886275914,2.4016541964297744,-1.3566061127204252,15.0,1.0
1.778,-0.48752593994140625,-0.48752593994140625,1.4769229888916016,-0.6422526531765846,2.4080048382066934,-1.3898188492125838,15.0,1.0
1.7790000000000001,-0.48600006103515625,-0.48600006103515625,1.4945049285888672,-0.6398414789511782,2.4143317139474334,-1.3877944833817626,15.0,1.0
1.78,-0.48447418212890625,-0.48447418212890625,1.5296707153320312,-0.6374239897486896,2.4206347612087598,-1.4032830684200222,15.0,1.0
1.7810000000000001,-0.48294830322265625,-0.48294830322265625,1.5120887756347656,-0.6350002094287607,2.4269139177824854,-1.3659534509438465,15.0,1.0
1.782,-0.48142242431640625,-0.48142242431640625,1.5472526550292969,-0.6325701619131247,2.4331691216959825,-1.3812995972840905,15.0,1.0
1.7830000000000001,-0.47989654541015625,-0.47989654541015625,1.5648345947265625,-0.6301338711853688,2.4394003112121254,-1.378994170142625,15.0,1.0
1.784,-0.47837066650390625,-0.47837066650390625,1.4857139587402344,-0.6276913612907002,2.4456074248318487,-1.2799169557102958,15.0,1.0
1.7850000000000001,-0.47684478759765625,-0.47684478759765625,1.5120887756347656,-0.6252426563357051,2.4517904012937493,-1.286266405411749,15.0,1.0
1.786,-0.47531890869140625,-0.47531890869140625,1.459341049194336,-0.6227877804881127,2.4579491795747686,-1.2134249465701639,15.0,1.0
1.7870000000000001,-0.47379302978515625,-0.47379302978515625,1.4065933227539062,-0.6203267579765556,2.464083698888885,-1.1405155467360109,15.0,1.0
1.788,-0.47226715087890625,-0.47226715087890625,1.538461685180664,-0.6178596130903348,2.4701938986920595,-1.2521547196600324,15.0,1.0
1.7890000000000001,-0.47074127197265625,-0.47074127197265625,1.6351642608642578,-0.6153863701791714,2.476279718679166,-1.3285610152828196,15.0,1.0
1.79,-0.46921539306640625,-0.46921539306640625,1.5736255645751953,-0.6129070536529765,2.4823410987847296,-1.246659374589019,15.0,1.0
1.7910000000000001,-0.46768856048583984,-0.46768856048583984,1.582418441772461,-0.610421687981602,2.488377979185316,-1.2350373750235777,15.0,1.0
1.792,-0.46616268157958984,-0.46616268157958984,1.5472526550292969,-0.6079302976946057,2.494390300300381,-1.179376596454154,15.0,1.0
1.793,-0.46425533294677734,-0.46425533294677734,1.6439552307128906,-0.6054329073810019,2.500378002790569,-1.2612408444356893,15.0,1.0
1.794,-0.46272945404052734,-0.46272945404052734,1.661539077758789,-0.6029295416890247,2.5063410275588467,-1.2581993649274024,15.0,1.0
1.795,-0.46120357513427734,-0.46120357513427734,1.5560436248779297,-0.6004202253258841,2.512279315752835,-1.1320140619991967,15.0,1.0
1.796,-0.45967769622802734,-0.45967769622802734,1.5208797454833984,-0.5979049830575192,2.518192808764354,-1.0760962391614215,15.0,1.0
1.797,-0.45815181732177734,-0.45815181732177734,1.4857139587402344,-0.5953838397083554,2.5240814482299925,-1.0201128463089129,15.0,1.0
1.798,-0.45662593841552734,-0.45662593841552734,1.5472526550292969,-0.5928568201610591,2.529945176030367,-1.0607707051819064,15.0,1.0
1.799,-0.45471858978271484,-0.45471858978271484,1.6967029571533203,-0.5903239493562946,2.5357839342929083,-1.1949994164641087,15.0,1.0
1.8,-0.45319271087646484,-0.45319271087646484,1.661539077758789,-0.5877852522924734,2.5415976653920325,-1.1388295336068843,15.0,1.0
1.801,-0.45166683197021484,-0.45166683197021484,1.6000003814697266,-0.5852407540255105,2.5473863119488556,-1.0562229003503054,15.0,1.0
1.802,-0.45014095306396484,-0.45014095306396484,1.5912094116210938,-0.5826904796685758,2.553149816830114,-1.0263024938601437,15.0,1.0
1.803,-0.44823360443115234,-0.44823360443115234,1.6527481079101562,-0.5801344543918501,2.5588881231540768,-1.0723727341665454,15.0,1.0
1.804,-0.44670772552490234,-0.44670772552490234,1.8197803497314453,-0.5775727034222677,2.564601174285599,-1.2181538439063273,15.0,1.0
1.805,-0.44480037689208984,-0.44480037689208984,1.6791210174560547,-0.5750052520432788,2.570288913838226,-1.061905230885663,15.0,1.0
1.806,-0.44327449798583984,-0.44327449798583984,1.5736255645751953,-0.5724321255945913,2.5759512856771494,-0.9350386930293184,15.0,1.0
1.807,-0.44174861907958984,-0.44174861907958984,1.5560436248779297,-0.5698533494719243,2.581588233917387,-0.8960263468455603,15.0,1.0
1.808,-0.44022274017333984,-0.44022274017333984,1.5912094116210938,-0.5672689491267565,2.587199702923499,-0.9097028429988447,15.0,1.0
1.809,-0.43831539154052734,-0.43831539154052734,1.8109893798828125,-0.5646789500660773,2.5927856373128293,-1.1136571204532322,15.0,1.0
1.81,-0.43678951263427734,-0.43678951263427734,1.7230777740478516,-0.5620833778521309,2.5983459819549353,-1.00413977036072,15.0,1.0
1.811,-0.43488216400146484,-0.43488216400146484,1.6527481079101562,-0.5594822581021675,2.603880681971532,-0.9178688374491635,15.0,1.0
1.812,-0.43335628509521484,-0.43335628509521484,1.6527481079101562,-0.556875616488188,2.609389682736605,-0.8961483960681478,15.0,1.0
1.813,-0.43144893646240234,-0.43144893646240234,1.7846145629882812,-0.5542634787366941,2.614872929878743,-1.0119597672239151,15.0,1.0
1.814,-0.42954158782958984,-0.42954158782958984,1.9428577423095703,-0.5516458706284305,2.620330369280964,-1.1540916150112164,15.0,1.0
1.815,-0.42801570892333984,-0.42801570892333984,1.714284896850586,-0.5490228179981321,2.6257619470807754,-0.9036295858916947,15.0,1.0
1.816,-0.42648983001708984,-0.42648983001708984,1.5736255645751953,-0.5463943467342689,2.631167609669774,-0.7410257056631073,15.0,1.0
1.817,-0.42458248138427734,-0.42458248138427734,1.5472526550292969,-0.5437604827787925,2.6365473036964318,-0.6983753722505928,15.0,1.0
1.818,-0.42305660247802734,-0.42305660247802734,1.7846145629882812,-0.541121252126876,2.6419009760659833,-0.9136833316550279,15.0,1.0
1.819,-0.42114925384521484,-0.42114925384521484,1.916482925415039,-0.5384766808266606,2.6472285739399126,-1.0291657561968122,15.0,1.0
1.82,-0.41924190521240234,-0.41924190521240234,1.7934074401855469,-0.5358267949789963,2.652530044735613,-0.8896507419488435,15.0,1.0
1.821,-0.41771602630615234,-0.41771602630615234,1.714284896850586,-0.5331716207371893,2.657805336131105,-0.7883134771850349,15.0,1.0
1.822,-0.41580867767333984,-0.41580867767333984,1.714284896850586,-0.5305111843067342,2.663054396061227,-0.7717681002902737,15.0,1.0
1.823,-0.41390132904052734,-0.41390132904052734,1.9780216217041016,-0.5278455119450667,2.6682771727193995,-1.0189071925527922,15.0,1.0
1.824,-0.41199398040771484,-0.41199398040771484,1.916482925415039,-0.5251746299612954,2.6734736145585316,-0.9407190541602155,15.0,1.0
1.825,-0.41008663177490234,-0.41008663177490234,1.7054939270019531,-0.5224985647159495,2.678643670293013,-0.7130292508246467,15.0,1.0
1.826,-0.40856075286865234,-0.40856075286865234,1.6351642608642578,-0.5198173426207094,2.6837872888960987,-0.6202258182490157,15.0,1.0
1.827,-0.40703487396240234,-0.40703487396240234,1.74945068359375,-0.5171309901381573,2.6889044196013856,-0.7119880066286892,15.0,1.0
1.828,-0.40474510192871094,-0.40474510192871094,2.039560317993164,-0.5144395337815068,2.693995011905997,-0.990981783879104,15.0,1.0
1.829,-0.40283775329589844,-0.40283775329589844,1.9252738952636719,-0.5117430001143454,2.6990590155677694,-0.8597935819726064,15.0,1.0
1.83,-0.40093040466308594,-0.40093040466308594,1.7934074401855469,-0.5090414157503712,2.7040963806063587,-0.7109762258884671,15.0,1.0
1.831,-0.39940452575683594,-0.39940452575683594,1.74945068359375,-0.5063348073531326,2.7091070573051184,-0.6442978502330821,15.0,1.0
1.832,-0.39749717712402344,-0.39749717712402344,1.9868125915527344,-0.503623201635761,2.714090996211155,-0.864611963017643,15.0,1.0
1.833,-0.39520835876464844,-0.39520835876464844,1.9780216217041016,-0.5009066253607103,2.719048148135215,-0.8444474725098141,15.0,1.0
1.834,-0.39368247985839844,-0.39368247985839844,1.8197803497314453,-0.4981851053394906,2.7239784641513722,-0.6633412677964559,15.0,1.0
1.835,-0.39177513122558594,-0.39177513122558594,1.7318687438964844,-0.4954586684324075,2.7288818955995,-0.558239906399308,15.0,1.0
1.836,-0.38986778259277344,-0.38986778259277344,1.8109893798828125,-0.4927273415482917,2.733758394085271,-0.620124370130315,15.0,1.0
1.837,-0.38796043395996094,-0.38796043395996094,1.960439682006836,-0.4899911516442369,2.7386079114798463,-0.752292535791129,15.0,1.0
1.838,-0.38605308532714844,-0.38605308532714844,1.9252738952636719,-0.487250125725332,2.7434303999191343,-0.6997991013172911,15.0,1.0
1.839,-0.38414573669433594,-0.38414573669433594,1.8989009857177734,-0.4845042908443986,2.7482258118083394,-0.6560534861603742,15.0,1.0
1.84,-0.38223838806152344,-0.38223838806152344,1.8549442291259766,-0.4817536741017153,2.752994099818693,-0.5946794199101619,15.0,1.0
1.841,-0.38033103942871094,-0.38033103942871094,1.9780216217041016,-0.47899830264476123,2.7577352168883067,-0.7002953530565492,15.0,1.0
1.842,-0.37842369079589844,-0.37842369079589844,1.8901100158691406,-0.47623820366793873,2.762449116224218,-0.5948785927255271,15.0,1.0
1.843,-0.37689781188964844,-0.37689781188964844,1.8109893798828125,-0.4734734044123127,2.7671357513031296,-0.49248751641964716,15.0,1.0
1.844,-0.37499046325683594,-0.37499046325683594,1.8021984100341797,-0.4707039321653325,2.7717950758695906,-0.4661053677920377,15.0,1.0
1.845,-0.37308311462402344,-0.37308311462402344,1.916482925415039,-0.4679298142605735,2.776427043936934,-0.5627563760263561,15.0,1.0
1.846,-0.37117576599121094,-0.37117576599121094,1.9692306518554688,-0.46515107807745865,2.7810316097906025,-0.597828723358582,15.0,1.0
1.847,-0.36888694763183594,-0.36888694763183594,1.9780216217041016,-0.46236775104099226,2.7856087279855046,-0.5946249448559418,15.0,1.0
1.848,-0.36697959899902344,-0.36697959899902344,1.9692306518554688,-0.4595798606214877,2.790158353346328,-0.5680762228461047,15.0,1.0
1.849,-0.36507225036621094,-0.36507225036621094,1.9428577423095703,-0.4567874343342995,2.7946804409703816,-0.5239050608605176,15.0,1.0
1.85,-0.36316490173339844,-0.36316490173339844,2.004396438598633,-0.45399049973954697,2.7991749462270548,-0.567605462463806,15.0,1.0
1.851,-0.36125755310058594,-0.36125755310058594,1.8549442291259766,-0.4511890844418454,2.8036418247575057,-0.40027537448736306,15.0,1.0
1.852,-0.35935020446777344,-0.35935020446777344,1.9252738952636719,-0.448383216090032,2.8080810324745755,-0.4526880371229749,15.0,1.0
1.853,-0.35744285583496094,-0.35744285583496094,1.872528076171875,-0.4455729223768962,2.8124925255652045,-0.3819865487356997,15.0,1.0
1.854,-0.35553550720214844,-0.35553550720214844,2.039560317993164,-0.44275823103890166,2.8168762604903748,-0.5310249150540876,15.0,1.0
1.855,-0.35324668884277344,-0.35324668884277344,2.0659332275390625,-0.4399391698559154,2.821232193984571,-0.5450882487516213,15.0,1.0
1.856,-0.35133934020996094,-0.35133934020996094,2.136262893676758,-0.43711576665093255,2.8255602830550686,-0.5973490072362635,15.0,1.0
1.857,-0.34905052185058594,-0.34905052185058594,2.004396438598633,-0.43428804928980524,2.829860484986824,-0.45309886520009846,15.0,1.0
1.858,-0.34714317321777344,-0.34714317321777344,2.0923080444335938,-0.43145604568095897,2.834132757338324,-0.5228683740430529,15.0,1.0
1.859,-0.34523582458496094,-0.34523582458496094,2.0571422576904297,-0.42861978377512855,2.838377057943376,-0.46952458759956794,15.0,1.0
1.86,-0.34294605255126953,-0.34294605255126953,2.074726104736328,-0.4257792915650722,2.842593344912359,-0.47463134503100934,15.0,1.0
1.861,-0.34103870391845703,-0.34103870391845703,1.9076919555664062,-0.4229345970853038,2.846781576633049,-0.2893487764360587,15.0,1.0
1.862,-0.33913135528564453,-0.33913135528564453,1.9956035614013672,-0.4200857284118062,2.850941711769167,-0.35897744652462515,15.0,1.0
1.863,-0.33684253692626953,-0.33684253692626953,2.118680953979492,-0.4172327136617654,2.8550737092608927,-0.4694598957510374,15.0,1.0
1.864,-0.33455371856689453,-0.33455371856689453,2.259340286254883,-0.4143755809932844,2.8591775283280754,-0.5974906943226559,15.0,1.0
1.865,-0.33264636993408203,-0.33264636993408203,2.039560317993164,-0.4115143586051092,2.8632531284677896,-0.3593270195907823,15.0,1.0
1.866,-0.33073902130126953,-0.33073902130126953,2.039560317993164,-0.40864907473634887,2.8673004694546194,-0.34091065006473475,15.0,1.0
1.867,-0.32845020294189453,-0.32845020294189453,2.127471923828125,-0.4057797576662,2.8713195113430174,-0.41609573334968974,15.0,1.0
1.868,-0.32616138458251953,-0.32616138458251953,2.1978015899658203,-0.40290643571366286,2.875310214467447,-0.473667142465523,15.0,1.0
1.869,-0.32425403594970703,-0.32425403594970703,1.8989009857177734,-0.40002913723726513,2.879272539441274,-0.15625496558987084,15.0,1.0
1.87,-0.32234668731689453,-0.32234668731689453,1.9428577423095703,-0.39714789063478034,2.8832064471571073,-0.18166934492075026,15.0,1.0
1.871,-0.32043933868408203,-0.32043933868408203,2.118680953979492,-0.3942627243429509,2.8871118987889304,-0.3389198400735949,15.0,1.0
1.872,-0.31815052032470703,-0.31815052032470703,2.294506072998047,-0.3913736668372025,2.8909888557922727,-0.5018644148932059,15.0,1.0
1.873,-0.31586170196533203,-0.31586170196533203,2.039560317993164,-0.38848074663136634,2.894837279903186,-0.23400870808049268,15.0,1.0
1.874,-0.31395435333251953,-0.31395435333251953,2.074726104736328,-0.38558399227739615,2.898657133137931,-0.2505135557715463,15.0,1.0
1.875,-0.31166553497314453,-0.31166553497314453,2.1450557708740234,-0.3826834323650904,2.9024483777975263,-0.30787585395568495,15.0,1.0
1.8760000000000001,-0.30975818634033203,-0.30975818634033203,2.206592559814453,-0.3797790955218011,2.9062109764637967,-0.3506952210726926,15.0,1.0
1.877,-0.30785083770751953,-0.30785083770751953,1.8989009857177734,-0.3768710104121628,2.909944892000624,-0.02425868428679867,15.0,1.0
1.8780000000000001,-0.30556201934814453,-0.30556201934814453,1.9868125915527344,-0.37395920573779995,2.913650087555652,-0.09912029984191362,15.0,1.0
1.879,-0.30365467071533203,-0.30365467071533203,2.162637710571289,-0.3710437102370515,2.917326526561027,-0.25614677683605436,15.0,1.0
1.8800000000000001,-0.30136585235595703,-0.30136585235595703,2.294506072998047,-0.36812455268467786,2.9209741727318033,-0.37491240519705604,15.0,1.0
1.881,-0.29907703399658203,-0.29907703399658203,2.004396438598633,-0.3652017618915879,2.9245929900659746,-0.07167436695774576,15.0,1.0
1.8820000000000001,-0.29716968536376953,-0.29716968536376953,2.1010990142822266,-0.3622753667045459,2.928182942848366,-0.14950129154550607,15.0,1.0
1.883,-0.29488086700439453,-0.29488086700439453,2.1978015899658203,-0.3593453960058911,2.931743995647736,-0.2330255293405331,15.0,1.0
1.8840000000000001,-0.29259204864501953,-0.29259204864501953,2.1802196502685547,-0.3564118787132505,2.9352761133169736,-0.2022409879750453,15.0,1.0
1.885,-0.29068470001220703,-0.29068470001220703,1.9340667724609375,-0.3534748437792571,2.9387792609956307,0.06286033202894237,15.0,1.0
1.8860000000000001,-0.28877735137939453,-0.28877735137939453,2.0923080444335938,-0.3505343201912592,2.942253404109863,-0.07640917250170065,15.0,1.0
1.887,-0.28648853302001953,-0.28648853302001953,2.294506072998047,-0.34759033697103736,2.945698508371237,-0.2653346238920775,15.0,1.0
1.8880000000000001,-0.28419971466064453,-0.28419971466064453,2.2769222259521484,-0.3446429231745167,2.949114539777071,-0.2344558138831605,15.0,1.0
1.889,-0.28229236602783203,-0.28229236602783203,2.004396438598633,-0.3416921078914832,2.9525014646126806,0.05710889805928043,15.0,1.0
1.8900000000000001,-0.2800025939941406,-0.2800025939941406,2.171428680419922,-0.3387379202452914,2.9558592494511515,-0.09659932473603239,15.0,1.0
1.891,-0.2777137756347656,-0.2777137756347656,2.3032970428466797,-0.33578038939258087,2.9591878611526,-0.2151083880613085,15.0,1.0
1.8920000000000001,-0.2754249572753906,-0.2754249572753906,2.1890106201171875,-0.33281954452298623,2.9624872668640876,-0.08744216196703403,15.0,1.0
1.893,-0.2735176086425781,-0.2735176086425781,1.9516487121582031,-0.32985541485885267,2.965757434021924,0.1690416286196028,15.0,1.0
1.8940000000000001,-0.2716102600097656,-0.2716102600097656,2.1010990142822266,-0.3268880296549424,2.968998330351525,0.03873277139164655,15.0,1.0
1.895,-0.2689399719238281,-0.2689399719238281,2.452747344970703,-0.32391741819814956,2.9722099238667283,-0.3051991152187964,15.0,1.0
1.8960000000000001,-0.2666511535644531,-0.2666511535644531,2.3120880126953125,-0.320943609807209,2.9753921828690295,-0.15108267346762094,15.0,1.0
1.897,-0.2647438049316406,-0.2647438049316406,2.039560317993164,-0.31796663383241147,2.9785450759521837,0.14064232444745683,15.0,1.0
1.8980000000000001,-0.2624549865722656,-0.2624549865722656,2.25054931640625,-0.31498651965530466,2.9816685719982843,-0.05685374065355131,15.0,1.0
1.899,-0.2597846984863281,-0.2597846984863281,2.4439563751220703,-0.31200329668841487,2.9847626401785305,-0.24247270797484088,15.0,1.0
1.9000000000000001,-0.2578773498535156,-0.2578773498535156,2.118680953979492,-0.3090169943749476,2.987827249956837,0.10205162815586477,15.0,1.0
1.901,-0.2555885314941406,-0.2555885314941406,2.083517074584961,-0.30602764218850115,2.990862371086962,0.15075863608659312,15.0,1.0
1.9020000000000001,-0.2532997131347656,-0.2532997131347656,2.3560447692871094,-0.3030352696327737,2.9938679736124527,-0.10821014314477806,15.0,1.0
1.903,-0.2510108947753906,-0.2510108947753906,2.5582408905029297,-0.3000399062412762,2.996844027869372,-0.29683203462184116,15.0,1.0
1.9040000000000001,-0.24872207641601562,-0.24872207641601562,2.171428680419922,-0.29704158157703503,2.9997905044859294,0.10356924665071654,15.0,1.0
1.905,-0.24643325805664062,-0.24643325805664062,2.1802196502685547,-0.2940403252323043,3.0027073743817994,0.10838171647828987,15.0,1.0
1.9060000000000001,-0.24414443969726562,-0.24414443969726562,2.4439563751220703,-0.2910361668282715,3.005594608767609,-0.14173767331954923,15.0,1.0
1.907,-0.24185562133789062,-0.24185562133789062,2.2681312561035156,-0.28802913601476904,3.0084521791476675,0.047718202890975725,15.0,1.0
1.9080000000000001,-0.23956680297851562,-0.23956680297851562,2.048351287841797,-0.28501926246997616,3.011280057319709,0.28114187710600413,15.0,1.0
1.909,-0.23727798461914062,-0.23727798461914062,2.3032970428466797,-0.2820065759001296,3.0140782153737007,0.03985230331218603,15.0,1.0
1.9100000000000001,-0.23498916625976562,-0.23498916625976562,2.5582408905029297,-0.2789911060392288,3.016846625692068,-0.20142336150280893,15.0,1.0
1.911,-0.23270034790039062,-0.23270034790039062,2.241758346557617,-0.2759728826487455,3.0195852609518283,0.12873889316888842,15.0,1.0
1.9120000000000001,-0.23041152954101562,-0.23041152954101562,2.25054931640625,-0.27295193551732516,3.022294094124476,0.1336386880735827,15.0,1.0
1.913,-0.22812271118164062,-0.22812271118164062,2.3912086486816406,-0.26992829446049643,3.0249730984750727,0.006680700610594892,15.0,1.0
1.9140000000000001,-0.22545242309570312,-0.22545242309570312,2.373626708984375,-0.266901989320375,3.02762224756151,0.03225204520705671,15.0,1.0
1.915,-0.22354507446289062,-0.22354507446289062,2.118680953979492,-0.26387304996537336,3.030241515239112,0.3066409287223788,15.0,1.0
1.9160000000000001,-0.22125625610351562,-0.22125625610351562,2.171428680419922,-0.2608415062898968,3.0328308756567424,0.26762344244110325,15.0,1.0
1.917,-0.21896743774414062,-0.21896743774414062,2.4879112243652344,-0.25780738821405985,3.0353903032572163,-0.03512017815680646,15.0,1.0
1.9180000000000001,-0.21629619598388672,-0.21629619598388672,2.382417678833008,-0.2547707256833824,3.037919772781194,0.07838414845575148,15.0,1.0
1.919,-0.21438884735107422,-0.21438884735107422,2.2153854370117188,-0.25173154866849745,3.0404192592638566,0.26489330249078935,15.0,1.0
1.92,-0.21210002899169922,-0.21210002899169922,2.25054931640625,-0.24868988716485535,3.0428887380356144,0.24349154903202241,15.0,1.0
1.921,-0.20942974090576172,-0.20942974090576172,2.4351654052734375,-0.24564577119242623,3.0453281847238998,0.06692232515049468,15.0,1.0
1.922,-0.20752239227294922,-0.20752239227294922,2.1538467407226562,-0.24259923079540752,3.047737575252043,0.36773825669251226,15.0,1.0
1.923,-0.20523357391357422,-0.20523357391357422,2.1978015899658203,-0.23955029604192213,3.0501168858411773,0.3375644639501384,15.0,1.0
1.924,-0.20256328582763672,-0.20256328582763672,2.452747344970703,-0.23649899702372515,3.0524660930084764,0.09068308009644677,15.0,1.0
1.925,-0.20027446746826172,-0.20027446746826172,2.461538314819336,-0.2334453638559052,3.054785173566856,0.09568341293286775,15.0,1.0
1.926,-0.19798564910888672,-0.19798564910888672,2.3032970428466797,-0.23038942667659143,3.0570741046292937,0.2677203982670434,15.0,1.0
1.927,-0.19569683074951172,-0.19569683074951172,2.285715103149414,-0.22733121564664663,3.059332863604922,0.29910198699848445,15.0,1.0
1.928,-0.19340801239013672,-0.19340801239013672,2.4263744354248047,-0.22427076094938156,3.0615614281999086,0.17224576438643135,15.0,1.0
1.929,-0.19111919403076172,-0.19111919403076172,2.259340286254883,-0.22120809279024684,3.0637597764191042,0.3530860087719447,15.0,1.0
1.93,-0.18844890594482422,-0.18844890594482422,2.3912086486816406,-0.2181432413965433,3.065927886566712,0.2293042061092848,15.0,1.0
1.931,-0.18616008758544922,-0.18616008758544922,2.4703292846679688,-0.21507623701711345,3.068065737244197,0.16399421110126478,15.0,1.0
1.932,-0.18387126922607422,-0.18387126922607422,2.4439563751220703,-0.2120071099220549,3.070173307350643,0.2041793217888626,15.0,1.0
1.933,-0.18120098114013672,-0.18120098114013672,2.3912086486816406,-0.20893589040241217,3.0722505760864607,0.26501828847068826,15.0,1.0
1.934,-0.17891216278076172,-0.17891216278076172,2.452747344970703,-0.20586260876988197,3.0742975229498484,0.2172934881423415,15.0,1.0
1.935,-0.17662334442138672,-0.17662334442138672,2.4087905883789062,-0.20278729535651246,3.0763141277373762,0.2750642753315838,15.0,1.0
1.936,-0.17433452606201172,-0.17433452606201172,2.2681312561035156,-0.1997099805144072,3.078300370546046,0.42953729765659815,15.0,1.0
1.937,-0.17166423797607422,-0.17166423797607422,2.4439563751220703,-0.1966306946154204,3.0802562317731628,0.26180300706089965,15.0,1.0
1.938,-0.16937541961669922,-0.16937541961669922,2.4703292846679688,-0.19354946805086082,3.0821816921153413,0.24924168093494858,15.0,1.0
1.939,-0.16670513153076172,-0.16670513153076172,2.417581558227539,-0.19046633123118975,3.0840767325680503,0.3100771788340907,15.0,1.0
1.94,-0.16441631317138672,-0.16441631317138672,2.5142860412597656,-0.18738131458572468,3.0859413344280995,0.2271802719532644,15.0,1.0
1.941,-0.16174602508544922,-0.16174602508544922,2.4351654052734375,-0.18429444856233357,3.087775479293427,0.31438372186672414,15.0,1.0
1.942,-0.15945720672607422,-0.15945720672607422,2.382417678833008,-0.1812057636271378,3.089579149061848,0.3809331167128862,15.0,1.0
1.943,-0.15716838836669922,-0.15716838836669922,2.2769222259521484,-0.17811529026420989,3.0913523259308846,0.5002265715160762,15.0,1.0
1.944,-0.1548786163330078,-0.1548786163330078,2.4087905883789062,-0.175023058975276,3.093094992400097,0.38213776438716784,15.0,1.0
1.945,-0.1522083282470703,-0.1522083282470703,2.461538314819336,-0.1719291002794097,3.0948071312708834,0.3374572359664567,15.0,1.0
1.946,-0.1499195098876953,-0.1499195098876953,2.4351654052734375,-0.1688334447127342,3.096488725645173,0.3776142979961523,15.0,1.0
1.947,-0.1476306915283203,-0.1476306915283203,2.4703292846679688,-0.16573612282811936,3.098139758924944,0.3562290047599894,15.0,1.0
1.948,-0.1449604034423828,-0.1449604034423828,2.4087905883789062,-0.16263716519488433,3.099760214816513,0.42581820015008387,15.0,1.0
1.949,-0.1426715850830078,-0.1426715850830078,2.364835739135742,-0.15953660239848635,3.1013500773266003,0.48353907845867994,15.0,1.0
1.95,-0.1403827667236328,-0.1403827667236328,2.329669952392578,-0.15643446504023112,3.1029093307626425,0.5324639036210899,15.0,1.0
1.951,-0.1380939483642578,-0.1380939483642578,2.382417678833008,-0.15333078373696107,3.104437959736714,0.49346775031315726,15.0,1.0
1.952,-0.1354236602783203,-0.1354236602783203,2.5142860412597656,-0.15022558912075767,3.105935949161875,0.36962097526554893,15.0,1.0
1.953,-0.1331348419189453,-0.1331348419189453,2.4351654052734375,-0.14711891183863732,3.1074032842526833,0.46247683018386576,15.0,1.0
1.954,-0.1304645538330078,-0.1304645538330078,2.5318679809570312,-0.1440107825522523,3.1088399505271695,0.37377853878147094,15.0,1.0
1.955,-0.1281757354736328,-0.1281757354736328,2.4439563751220703,-0.140901231937583,3.1102459338068655,0.4754071117255424,15.0,1.0
1.956,-0.1258869171142578,-0.1258869171142578,2.3208789825439453,-0.13779029068463858,3.1116212202152838,0.6121916341156269,15.0,1.0
1.957,-0.12321662902832031,-0.12321662902832031,2.382417678833008,-0.13467798949715243,3.112965796178017,0.5586277103125272,15.0,1.0
1.958,-0.12092781066894531,-0.12092781066894531,2.549449920654297,-0.13156435909228253,3.1142796484246844,0.4052815014203292,15.0,1.0
1.959,-0.11825752258300781,-0.11825752258300781,2.549449920654297,-0.12844943020030306,3.115562763988933,0.4132342290752077,15.0,1.0
1.96,-0.11558723449707031,-0.11558723449707031,2.4791202545166016,-0.12533323356430465,3.116815130206952,0.4915048896818352,15.0,1.0
1.961,-0.11329841613769531,-0.11329841613769531,2.6109886169433594,-0.12221579993988917,3.118036734717485,0.37328736074121793,15.0,1.0
1.962,-0.11062812805175781,-0.11062812805175781,2.4087905883789062,-0.11909716009486966,3.119227565463838,0.5834014964382539,15.0,1.0
1.963,-0.10833930969238281,-0.10833930969238281,2.3472518920898438,-0.11597734480896149,3.120387610693818,0.6585651918552943,15.0,1.0
1.964,-0.10566902160644531,-0.10566902160644531,2.6461544036865234,-0.112856384873482,3.1215168589583016,0.3675520062662278,15.0,1.0
1.965,-0.10299873352050781,-0.10299873352050781,2.575824737548828,-0.1097343110910449,3.1226152991106844,0.44575689800380003,15.0,1.0
1.966,-0.10070991516113281,-0.10070991516113281,2.4263744354248047,-0.1066111542752606,3.1236829203111753,0.6087898981744537,15.0,1.0
1.967,-0.09803962707519531,-0.09803962707519531,2.6461544036865234,-0.10348694525042254,3.1247197120227526,0.39685553570782073,15.0,1.0
1.968,-0.09536933898925781,-0.09536933898925781,2.628570556640625,-0.10036171485121509,3.125725664011405,0.4222694694414209,15.0,1.0
1.969,-0.0930795669555664,-0.0930795669555664,2.3560447692871094,-0.09723549392239973,3.1267007663500905,0.7083170925604813,15.0,1.0
1.97,-0.0907907485961914,-0.0907907485961914,2.417581558227539,-0.09410831331851491,3.1276450094149624,0.6602999803525708,15.0,1.0
1.971,-0.0881204605102539,-0.0881204605102539,2.6461544036865234,-0.09098020390356981,3.12855838388581,0.4395078292995482,15.0,1.0
1.972,-0.0854501724243164,-0.0854501724243164,2.4703292846679688,-0.08785119655074328,3.129440880748035,0.6230962341836633,15.0,1.0
1.973,-0.0831613540649414,-0.0831613540649414,2.4351654052734375,-0.08472132214207374,3.1302924912926144,0.6717275648621919,15.0,1.0
1.974,-0.0804910659790039,-0.0804910659790039,2.839559555053711,-0.08159061156815804,3.1311132071144954,0.2750604682234724,15.0,1.0
1.975,-0.0778207778930664,-0.0778207778930664,2.4263744354248047,-0.07845909572784475,3.1319030201126523,0.6959538171661724,15.0,1.0
1.976,-0.0755319595336914,-0.0755319595336914,2.2241764068603516,-0.07532680552793272,3.1326619224919767,0.9115628257180054,15.0,1.0
1.977,-0.0728616714477539,-0.0728616714477539,2.6549453735351562,-0.07219377188286079,3.133389906763263,0.48846302670150343,15.0,1.0
1.978,-0.0705728530883789,-0.0705728530883789,2.619779586791992,-0.06906002571440618,3.1340869657416235,0.5369997895592221,15.0,1.0
1.979,-0.0679025650024414,-0.0679025650024414,2.3912086486816406,-0.06592559795137755,3.134753092546454,0.7731989496307712,15.0,1.0
1.98,-0.0656137466430664,-0.0656137466430664,2.5670337677001953,-0.06279051952931326,3.1353882806033866,0.6107029196094884,15.0,1.0
1.981,-0.0629434585571289,-0.0629434585571289,2.6901092529296875,-0.05965482139017078,3.135992523644223,0.49521282821890733,15.0,1.0
1.982,-0.060273170471191406,-0.060273170471191406,2.329669952392578,-0.056518534482024804,3.13656581570536,0.8632154031502811,15.0,1.0
1.983,-0.057984352111816406,-0.057984352111816406,2.294506072998047,-0.05338168975876006,3.1371081511272862,0.9116420134250847,15.0,1.0
1.984,-0.055314064025878906,-0.055314064025878906,2.742856979370117,-0.05024431817977022,3.137619524558712,0.470808732880225,15.0,1.0
1.985,-0.053025245666503906,-0.053025245666503906,2.4879112243652344,-0.04710645070964264,3.138099930952567,0.7389706309402517,15.0,1.0
1.986,-0.050736427307128906,-0.050736427307128906,2.364835739135742,-0.043968118317865075,3.1385493655661385,0.8752382612693538,15.0,1.0
1.987,-0.047684669494628906,-0.047684669494628906,2.707693099975586,-0.04082935197851036,3.1389678239649825,0.5341044867311747,15.0,1.0
1.988,-0.045395851135253906,-0.045395851135253906,2.5934066772460938,-0.0376901826699351,3.1393553020191085,0.6615336517527968,15.0,1.0
1.989,-0.042725563049316406,-0.042725563049316406,2.373626708984375,-0.03455064137447214,3.1397117959033647,0.8887089120416537,15.0,1.0
1.99,-0.040436744689941406,-0.040436744689941406,2.461538314819336,-0.03141075907812836,3.1400373020993104,0.8138887714571701,15.0,1.0
1.991,-0.037766456604003906,-0.037766456604003906,2.6021976470947266,-0.028270566770273516,3.140331817395209,0.6805725178064383,15.0,1.0
1.992,-0.035096168518066406,-0.035096168518066406,2.5582408905029297,-0.025130095443337937,3.140595338884321,0.7318455445023182,15.0,1.0
1.993,-0.032807350158691406,-0.032807350158691406,2.5582408905029297,-0.021989376092504873,3.140827863964896,0.7448565844547642,15.0,1.0
1.994,-0.0301361083984375,-0.0301361083984375,2.663736343383789,-0.018848439715408137,3.141029390342019,0.6466080772036702,15.0,1.0
1.995,-0.0274658203125,-0.0274658203125,2.4351654052734375,-0.01570731731182083,3.1411999160275847,0.8824120557643348,15.0,1.0
1.996,-0.025177001953125,-0.025177001953125,2.3912086486816406,-0.01256603988335296,3.14133943933858,0.93929522170352,15.0,1.0
1.997,-0.0225067138671875,-0.0225067138671875,2.619779586791992,-0.009424638433143666,3.1414479588970736,0.717899503615739,15.0,1.0
1.998,-0.01983642578125,-0.01983642578125,2.584615707397461,-0.006283143965558805,3.1415254736320235,0.7602089934699305,15.0,1.0
1.999,-0.017547607421875,-0.017547607421875,2.549449920654297,-0.003141587485879613,3.1415719827792774,0.8082123611649114,15.0,1.0
2.0,-0.0148773193359375,-0.0148773193359375,2.628570556640625,-2.4492935982947064e-16,3.1415874858797137,0.7361767192781475,15.0,1.0
2.001,-0.01220703125,-0.01220703125,2.5230770111083984,0.003141587485879123,3.1415719827793724,0.8487242527091609,15.0,1.0
2.0020000000000002,-0.009918212890625,-0.009918212890625,2.505495071411133,0.0062831439655592035,3.141525473632118,0.8790507550637483,15.0,1.0
2.003,-0.0072479248046875,-0.0072479248046875,2.4967041015625,0.009424638433144063,3.141447958896978,0.8948323059019516,15.0,1.0
2.004,-0.00457763671875,-0.00457763671875,2.6021976470947266,0.012566039883352469,3.141339439338485,0.7962969412752955,15.0,1.0
2.005,-0.0019073486328125,-0.0019073486328125,2.663736343383789,0.015707317311820342,3.1411999160276824,0.741683561813386,15.0,1.0
2.0060000000000002,0.0003814697265625,0.0003814697265625,2.549449920654297,0.018848439715408536,3.141029390342113,0.8685840195205066,15.0,1.0
2.007,0.0030517578125,0.0030517578125,2.628570556640625,0.021989376092505272,3.1408278639648,0.796321581524254,15.0,1.0
2.008,0.0057220458984375,0.0057220458984375,2.5934066772460938,0.025130095443337445,3.140595338884223,0.8383094048116286,15.0,1.0
2.009,0.0080108642578125,0.0080108642578125,2.417581558227539,0.028270566770273026,3.140331817395305,1.0266457968546738,15.0,1.0
2.0100000000000002,0.01068115234375,0.01068115234375,2.540658950805664,0.03141075907812876,3.140037302099401,0.9103224523094183,15.0,1.0
2.011,0.0133514404296875,0.0133514404296875,2.7340660095214844,0.034550641374472536,3.139711795903274,0.7236338005535652,15.0,1.0
2.012,0.016021728515625,0.016021728515625,2.5670337677001953,0.03769018266993461,3.139355302019016,0.897348346633465,15.0,1.0
2.013,0.0186920166015625,0.0186920166015625,2.5318679809570312,0.04082935197850988,3.138967823965082,0.9391598736622614,15.0,1.0
2.0140000000000002,0.0213623046875,0.0213623046875,2.6901092529296875,0.04396811831786547,3.1385493655662238,0.7875273170920183,15.0,1.0
2.015,0.023651123046875,0.023651123046875,2.6021976470947266,0.04710645070964303,3.138099930952478,0.8877321987992721,15.0,1.0
2.016,0.0263214111328125,0.0263214111328125,2.338460922241211,0.05024431817976974,3.1376195245586125,1.15800220802176,15.0,1.0
2.017,0.02899169921875,0.02899169921875,2.6549453735351562,0.053381689758759565,3.1371081511273857,0.848012635692373,15.0,1.0
2.0180000000000002,0.031662940979003906,0.031662940979003906,2.8043956756591797,0.0565185344820252,3.1365658157054526,0.7050040425915922,15.0,1.0
2.019,0.033951759338378906,0.033951759338378906,2.505495071411133,0.05965482139017118,3.135992523644134,1.0160433830098854,15.0,1.0
2.02,0.036622047424316406,0.036622047424316406,2.6109886169433594,0.06279051952931278,3.1353882806032836,0.9169267452348697,15.0,1.0
2.021,0.039292335510253906,0.039292335510253906,2.7340660095214844,0.06592559795137706,3.1347530925465534,0.8001860196419164,15.0,1.0
2.0220000000000002,0.041962623596191406,0.041962623596191406,2.373626708984375,0.06906002571440659,3.1340869657417088,1.1669212885305615,15.0,1.0
2.023,0.044632911682128906,0.044632911682128906,2.6021976470947266,0.07219377188286119,3.1333899067631634,0.9446051626794212,15.0,1.0
2.024,0.047303199768066406,0.047303199768066406,2.786813735961914,0.07532680552793222,3.1326619224918772,0.7662022729279504,15.0,1.0
2.025,0.049592018127441406,0.049592018127441406,2.5582408905029297,0.07845909572784425,3.131903020112766,1.006668293615879,15.0,1.0
2.0260000000000002,0.052262306213378906,0.052262306213378906,2.619779586791992,0.08159061156815844,3.13111320711414,0.951258200643841,15.0,1.0
2.027,0.055314064025878906,0.055314064025878906,2.742856979370117,0.08472132214207324,3.130292491292515,0.8285443836653128,15.0,1.0
2.028,0.057602882385253906,0.057602882385253906,2.4791202545166016,0.08785119655074279,3.1294408807483904,1.1040453387141222,15.0,1.0
2.029,0.060273170471191406,0.060273170471191406,2.5230770111083984,0.09098020390356933,3.128558383885469,1.0660868742627394,15.0,1.0
2.0300000000000002,0.0629434585571289,0.0629434585571289,2.839559555053711,0.09410831331851442,3.1276450094146,0.7555582757816718,15.0,1.0
2.031,0.0656137466430664,0.0656137466430664,2.672527313232422,0.09723549392239925,3.1267007663504316,0.9284996623080023,15.0,1.0
2.032,0.0682840347290039,0.0682840347290039,2.5142860412597656,0.1003617148512146,3.125725664011746,1.092604824585141,15.0,1.0
2.033,0.0709543228149414,0.0709543228149414,2.8131866455078125,0.10348694525042205,3.1247197120224186,0.7995224030468158,15.0,1.0
2.0340000000000003,0.0736246109008789,0.0736246109008789,2.6989002227783203,0.10661115427526012,3.1236829203112606,0.9195808481486585,15.0,1.0
2.035,0.0759134292602539,0.0759134292602539,2.3560447692871094,0.10973431109104528,3.1226152991110467,1.273883757285808,15.0,1.0
2.036,0.0785837173461914,0.0785837173461914,2.7252750396728516,0.11285638487348151,3.121516858958202,0.9103318321947022,15.0,1.0
2.037,0.0816354751586914,0.0816354751586914,2.9802188873291016,0.115977344808961,3.120387610693925,0.6552967681188672,15.0,1.0
2.0380000000000003,0.0843057632446289,0.0843057632446289,2.4791202545166016,0.11909716009487005,3.119227565463916,1.1619782637009317,15.0,1.0
2.039,0.0869760513305664,0.0869760513305664,2.663736343383789,0.12221579993988956,3.118036734717407,0.9828966204734652,15.0,1.0
2.04,0.0896463394165039,0.0896463394165039,2.883516311645508,0.12533323356430418,3.1168151302068523,0.7686022307783485,15.0,1.0
2.041,0.0923166275024414,0.0923166275024414,2.4087905883789062,0.12844943020030258,3.1155627639890326,1.248764216078044,15.0,1.0
2.0420000000000003,0.09460639953613281,0.09460639953613281,2.575824737548828,0.13156435909228292,3.1142796484247697,1.092824304218193,15.0,1.0
2.043,0.09765815734863281,0.09765815734863281,2.9714279174804688,0.13467798949715282,3.1129657961779316,0.6968353609252629,15.0,1.0
2.044,0.10032844543457031,0.10032844543457031,2.540658950805664,0.1377902906846381,3.1116212202151843,1.1328899481605372,15.0,1.0
2.045,0.10261726379394531,0.10261726379394531,2.5230770111083984,0.1409012319375825,3.110245933806951,1.1614284448531103,15.0,1.0
2.0460000000000003,0.10566902160644531,0.10566902160644531,2.8043956756591797,0.1440107825522527,3.108839950527255,0.8795706890551858,15.0,1.0
2.047,0.10795783996582031,0.10795783996582031,2.461538314819336,0.1471189118386377,3.107403284252598,1.233281047525523,15.0,1.0
2.048,0.11062812805175781,0.11062812805175781,2.461538314819336,0.1502255891207572,3.1059359491617755,1.2383595503774303,15.0,1.0
2.049,0.11329841613769531,0.11329841613769531,2.7692298889160156,0.15333078373696057,3.1044379597366145,0.9356935848095778,15.0,1.0
2.05,0.11596870422363281,0.11596870422363281,2.6373634338378906,0.15643446504022973,3.102909330762742,1.072532309173805,15.0,1.0
2.051,0.11825752258300781,0.11825752258300781,2.4791202545166016,0.15953660239848674,3.1013500773266856,1.241416020042268,15.0,1.0
2.052,0.12092781066894531,0.12092781066894531,2.6901092529296875,0.16263716519488383,3.0997602148164134,1.0352912797758038,15.0,1.0
2.053,0.12359809875488281,0.12359809875488281,2.5934066772460938,0.1657361228281189,3.0981397589248445,1.136803442777292,15.0,1.0
2.054,0.1258869171142578,0.1258869171142578,2.285715103149414,0.16883344471273284,3.0964887256452442,1.4549715364729556,15.0,1.0
2.055,0.1285572052001953,0.1285572052001953,2.5142860412597656,0.17192910027941008,3.094807131270983,1.2310995161994387,15.0,1.0
2.056,0.1312274932861328,0.1312274932861328,2.795604705810547,0.1750230589752755,3.0930949924000117,0.9544237719266053,15.0,1.0
2.057,0.1338977813720703,0.1338977813720703,2.4703292846679688,0.1781152902642094,3.0913523259308135,1.2842856746449314,15.0,1.0
2.058,0.1361865997314453,0.1361865997314453,2.417581558227539,0.18120576362713645,3.089579149061933,1.347285049269761,15.0,1.0
2.059,0.1388568878173828,0.1388568878173828,2.584615707397461,0.18429444856233396,3.0877754792935406,1.1847231830703469,15.0,1.0
2.06,0.1411457061767578,0.1411457061767578,2.382417678833008,0.1873813145857242,3.085941334428,1.3970577817294882,15.0,1.0
2.061,0.1434345245361328,0.1434345245361328,2.338460922241211,0.19046633123118928,3.084076732567965,1.451092910752601,15.0,1.0
2.062,0.1461048126220703,0.1461048126220703,2.540658950805664,0.19354946805085946,3.082181692114986,1.2531925727411592,15.0,1.0
2.063,0.1487751007080078,0.1487751007080078,2.628570556640625,0.19663069461541993,3.0802562317732622,1.169519583743819,15.0,1.0
2.064,0.1510639190673828,0.1510639190673828,2.373626708984375,0.1997099805144067,3.0783003705463585,1.4343645832673417,15.0,1.0
2.065,0.1533527374267578,0.1533527374267578,2.3912086486816406,0.20278729535651197,3.076314127737305,1.4266238480019768,15.0,1.0
2.066,0.1560230255126953,0.1560230255126953,2.4703292846679688,0.20586260876988063,3.0742975229495073,1.3515619871393185,15.0,1.0
2.067,0.15831279754638672,0.15831279754638672,2.3032970428466797,0.20893589040241167,3.07225057608656,1.5282999260802548,15.0,1.0
2.068,0.16060161590576172,0.16060161590576172,2.4087905883789062,0.21200710992205443,3.0701733073509843,1.4324651292164687,15.0,1.0
2.069,0.16289043426513672,0.16289043426513672,2.4879112243652344,0.21507623701711298,3.068065737244112,1.3629415541585215,15.0,1.0
2.07,0.16556072235107422,0.16556072235107422,2.452747344970703,0.21814324139654195,3.065927886566783,1.401918327278096,15.0,1.0
2.071,0.16784954071044922,0.16784954071044922,2.4351654052734375,0.22120809279024722,3.063759776419218,1.4289726523427504,15.0,1.0
2.072,0.17051982879638672,0.17051982879638672,2.4263744354248047,0.2242707609493811,3.061561428199795,1.4414509750699058,15.0,1.0
2.073,0.17280864715576172,0.17280864715576172,2.4087905883789062,0.22733121564664613,3.059332863604837,1.4683808025891967,15.0,1.0
2.074,0.17509746551513672,0.17509746551513672,2.2681312561035156,0.2303894266765901,3.057074104629393,1.6183222659476781,15.0,1.0
2.075,0.17738628387451172,0.17738628387451172,2.4439563751220703,0.23344536385590559,3.054785173566941,1.4517149981657789,15.0,1.0
2.076,0.18005657196044922,0.18005657196044922,2.4351654052734375,0.23649899702372468,3.052466093008377,1.4639370636840714,15.0,1.0
2.077,0.18234539031982422,0.18234539031982422,2.452747344970703,0.23955029604192166,3.0501168858415326,1.4554431267022911,15.0,1.0
2.078,0.18501567840576172,0.18501567840576172,2.4967041015625,0.24259923079540704,3.0477375752521425,1.4147867595343224,15.0,1.0
2.079,0.18730449676513672,0.18730449676513672,2.452747344970703,0.24564577119242662,3.045328184723573,1.4676999561622184,15.0,1.0
2.08,0.18959331512451172,0.18959331512451172,2.373626708984375,0.24868988716485488,3.042888738035529,1.5557106096563016,15.0,1.0
2.081,0.19188213348388672,0.19188213348388672,2.285715103149414,0.251731548668497,3.0404192592638424,1.6524453838835826,15.0,1.0
2.082,0.19455242156982422,0.19455242156982422,2.3912086486816406,0.2547707256833819,3.0379197727812937,1.5499856858030179,15.0,1.0
2.083,0.19684123992919922,0.19684123992919922,2.5142860412597656,0.25780738821406024,3.035390303257273,1.435596486270423,15.0,1.0
2.084,0.19913005828857422,0.19913005828857422,2.4263744354248047,0.2608415062898971,3.0328308756566855,1.532128160251724,15.0,1.0
2.085,0.20180034637451172,0.20180034637451172,2.4967041015625,0.2638730499653729,3.0302415152390267,1.4646279675394447,15.0,1.0
2.086,0.20408916473388672,0.20408916473388672,2.417581558227539,0.2669019893203745,3.0276222475615953,1.552233058131373,15.0,1.0
2.087,0.20637798309326172,0.20637798309326172,2.329669952392578,0.2699282944604968,3.024973098475158,1.6485578165911063,15.0,1.0
2.088,0.20866680145263672,0.20866680145263672,2.294506072998047,0.27295193551732555,3.022294094124419,1.6920650320967046,15.0,1.0
2.089,0.21133708953857422,0.21133708953857422,2.373626708984375,0.275972882648745,3.019585260951743,1.6154954486199293,15.0,1.0
2.09,0.21362590789794922,0.21362590789794922,2.4439563751220703,0.27899110603922833,3.0168466256921818,1.5533682226892982,15.0,1.0
2.091,0.21591472625732422,0.21591472625732422,2.364835739135742,0.28200657590013,3.014078215373786,1.6406202208801306,15.0,1.0
2.092,0.21858501434326172,0.21858501434326172,2.461538314819336,0.28501926246997655,3.0112800573195955,1.546255464400982,15.0,1.0
2.093,0.22087478637695312,0.22087478637695312,2.329669952392578,0.28802913601476854,3.008452179147554,1.6860974713222068,15.0,1.0
2.094,0.22316360473632812,0.22316360473632812,2.2241764068603516,0.291036166828271,3.0055946087677228,1.7995066332865142,15.0,1.0
2.095,0.22545242309570312,0.22545242309570312,2.241758346557617,0.29404032523230467,3.0027073743814583,1.7897675598728642,15.0,1.0
2.096,0.22774124145507812,0.22774124145507812,2.3560447692871094,0.2970415815770346,2.999790504485844,1.6832508370280816,15.0,1.0
2.097,0.23003005981445312,0.23003005981445312,2.338460922241211,0.3000399062412757,2.9968440278696846,1.708530802030812,15.0,1.0
2.098,0.23231887817382812,0.23231887817382812,2.3120880126953125,0.3030352696327733,2.9938679736121685,1.7425258328010331,15.0,1.0
2.099,0.23460769653320312,0.23460769653320312,2.4351654052734375,0.30602764218850065,2.990862371086621,1.6269961506426462,15.0,1.0
2.1,0.23689651489257812,0.23689651489257812,2.3208789825439453,0.3090169943749472,2.9878272499572347,1.748755459648825,15.0,1.0
2.101,0.23918533325195312,0.23918533325195312,2.171428680419922,0.3120032966884144,2.9847626401788148,1.9056034113058122,15.0,1.0
2.102,0.24147415161132812,0.24147415161132812,2.171428680419922,0.31498651965530416,2.981668571997943,1.912925412237662,15.0,1.0
2.103,0.24376296997070312,0.24376296997070312,2.417581558227539,0.31796663383241097,2.978545075952269,1.6740184756503476,15.0,1.0
2.104,0.24605178833007812,0.24605178833007812,2.3120880126953125,0.3209436098072094,2.9753921828693706,1.7866814923310268,15.0,1.0
2.105,0.24834060668945312,0.24834060668945312,2.162637710571289,0.32391741819814907,2.9722099238666146,1.9432243859257647,15.0,1.0
2.106,0.2506294250488281,0.2506294250488281,2.3472518920898438,0.32688802965494196,2.9689983303516385,1.7656255073535023,15.0,1.0
2.107,0.2529182434082031,0.2529182434082031,2.417581558227539,0.329855414858853,2.965757434021981,1.70223344755419,15.0,1.0
2.108,0.2552070617675781,0.2552070617675781,2.1538467407226562,0.3328195445229866,2.9624872668640307,1.9728277674725019,15.0,1.0
2.109,0.2571144104003906,0.2571144104003906,2.083517074584961,0.3357803893925804,2.959187861152486,2.0556604714503726,15.0,1.0
2.11,0.2597846984863281,0.2597846984863281,2.3999996185302734,0.338737920245291,2.955859249451265,1.7401579573054347,15.0,1.0
2.111,0.2620735168457031,0.2620735168457031,2.3120880126953125,0.3416921078914836,2.9525014646127374,1.8346923176041317,15.0,1.0
2.112,0.2643623352050781,0.2643623352050781,2.2153854370117188,0.3446429231745171,2.9491145397769856,1.9379379223068516,15.0,1.0
2.113,0.2666511535644531,0.2666511535644531,2.294506072998047,0.3475903369710369,2.9456985083710947,1.8652801864718047,15.0,1.0
2.114,0.2693214416503906,0.2693214416503906,2.4967041015625,0.3505343201912587,2.942253404109948,1.663742480660469,15.0,1.0
2.115,0.2712287902832031,0.2712287902832031,2.1802196502685547,0.3534748437792575,2.9387792609957444,1.992250413168005,15.0,1.0
2.116,0.2731361389160156,0.2731361389160156,2.0131874084472656,0.35641187871325086,2.9352761133169167,2.1712248018281795,15.0,1.0
2.117,0.2754249572753906,0.2754249572753906,2.3032970428466797,0.35934539600589066,2.931743995647622,1.887253533758443,15.0,1.0
2.118,0.2780952453613281,0.2780952453613281,2.4351654052734375,0.36227536670454547,2.928182942848508,1.7557193577233308,15.0,1.0
2.119,0.2800025939941406,0.2800025939941406,2.1802196502685547,0.36520176189158826,2.9245929900660315,2.022360858259191,15.0,1.0
2.12,0.28229236602783203,0.28229236602783203,2.162637710571289,0.3681245526846782,2.920974172731718,2.0458192620131213,15.0,1.0
2.121,0.28458118438720703,0.28458118438720703,2.4879112243652344,0.37104371023705107,2.91732652656097,1.7263531899433961,15.0,1.0
2.122,0.28687000274658203,0.28687000274658203,2.259340286254883,0.3739592057377995,2.9136500875557374,1.9606478461691168,15.0,1.0
2.123,0.28915882110595703,0.28915882110595703,2.0219783782958984,0.3768710104121632,2.909944892000624,2.203649353297818,15.0,1.0
2.124,0.29106616973876953,0.29106616973876953,2.048351287841797,0.37977909552180145,2.906210976463683,2.188553575367365,15.0,1.0
2.125,0.29373645782470703,0.29373645782470703,2.452747344970703,0.38268343236508995,2.9024483777974694,1.78390565093251,15.0,1.0
2.126,0.29564380645751953,0.29564380645751953,2.2241764068603516,0.3855839922773957,2.8986571331381015,2.0235835135758924,15.0,1.0
2.1270000000000002,0.29793262481689453,0.29793262481689453,2.0571422576904297,0.3884807466313667,2.8948372799032427,2.1959168494298957,15.0,1.0
2.128,0.30022144317626953,0.30022144317626953,2.2153854370117188,0.39137366683720287,2.890988855792159,2.0428867736944403,15.0,1.0
2.129,0.30251026153564453,0.30251026153564453,2.3472518920898438,0.39426272434295045,2.8871118987888167,1.9161469488085618,15.0,1.0
2.13,0.30441761016845703,0.30441761016845703,2.118680953979492,0.3971478906347799,2.883206447157164,2.1554797001725152,15.0,1.0
2.1310000000000002,0.30670642852783203,0.30670642852783203,2.0131874084472656,0.40002913723726546,2.879272539440933,2.265925761635169,15.0,1.0
2.132,0.30861377716064453,0.30861377716064453,2.118680953979492,0.4029064357136624,2.8753102144673335,2.1710191387831097,15.0,1.0
2.133,0.31090259552001953,0.31090259552001953,2.241758346557617,0.4057797576661995,2.87131951134333,2.0527185969784125,15.0,1.0
2.134,0.31319141387939453,0.31319141387939453,2.127471923828125,0.4086490747363484,2.867300469454733,2.1716934584809167,15.0,1.0
2.1350000000000002,0.31509876251220703,0.31509876251220703,2.127471923828125,0.4115143586051096,2.8632531284674485,2.182015146032862,15.0,1.0
2.136,0.31738758087158203,0.31738758087158203,2.241758346557617,0.414375580993284,2.85917752832799,2.072239183595902,15.0,1.0
2.137,0.31967639923095703,0.31967639923095703,2.1802196502685547,0.41723271366176495,2.8550737092612053,2.1381987754547693,15.0,1.0
2.138,0.32158374786376953,0.32158374786376953,2.048351287841797,0.42008572841180575,2.8509417117688827,2.280120132147629,15.0,1.0
2.1390000000000002,0.32349109649658203,0.32349109649658203,1.9868125915527344,0.42293459708530334,2.8467815766330773,2.3516214939111624,15.0,1.0
2.14,0.32577991485595703,0.32577991485595703,2.127471923828125,0.42577929156507255,2.8425933449127,2.215112071721308,15.0,1.0
2.141,0.32806873321533203,0.32806873321533203,2.162637710571289,0.4286197837751281,2.8383770579432905,2.1840051057689425,15.0,1.0
2.142,0.32997608184814453,0.32997608184814453,2.162637710571289,0.4314560456809585,2.834132757338068,2.193694504258989,15.0,1.0
2.1430000000000002,0.33226490020751953,0.33226490020751953,2.118680953979492,0.4342880492898048,2.829860484986881,2.241526767241668,15.0,1.0
2.144,0.33455371856689453,0.33455371856689453,2.206592559814453,0.43711576665093294,2.825560283055381,2.157398444501504,15.0,1.0
2.145,0.33646106719970703,0.33646106719970703,2.074726104736328,0.43993916985591497,2.821232193984457,2.298677629091248,15.0,1.0
2.146,0.33836841583251953,0.33836841583251953,2.048351287841797,0.4427582310389012,2.8168762604904884,2.3343722007444168,15.0,1.0
2.1470000000000002,0.34065723419189453,0.34065723419189453,1.9868125915527344,0.44557292237689655,2.812492525565233,2.399415256787529,15.0,1.0
2.148,0.34256458282470703,0.34256458282470703,2.1098899841308594,0.44838321609003234,2.8080810324745187,2.285470547323539,15.0,1.0
2.149,0.34485435485839844,0.34485435485839844,2.1098899841308594,0.45118908444184497,2.8036418247574204,2.288772784378259,15.0,1.0
2.15,0.34676170349121094,0.34676170349121094,2.1802196502685547,0.4539904997395466,2.7991749462271684,2.2273872396836483,15.0,1.0
2.1510000000000002,0.34905052185058594,0.34905052185058594,2.0307693481445312,0.45678743433429986,2.7946804409704384,2.379964780081616,15.0,1.0
2.152,0.35095787048339844,0.35095787048339844,2.1538467407226562,0.4595798606214881,2.7901583533462997,2.2656414646949883,15.0,1.0
2.153,0.35324668884277344,0.35324668884277344,2.083517074584961,0.4623677510409918,2.7856087279853625,2.3389075863736775,15.0,1.0
2.154,0.35515403747558594,0.35515403747558594,2.0659332275390625,0.4651510780774582,2.781031609790716,2.365053991279738,15.0,1.0
2.1550000000000002,0.35706138610839844,0.35706138610839844,1.8813190460205078,0.46792981426057384,2.7764270439370193,2.5581344201991425,15.0,1.0
2.156,0.35896873474121094,0.35896873474121094,1.9868125915527344,0.47070393216533285,2.7717950758695338,2.461010445678628,15.0,1.0
2.157,0.36125755310058594,0.36125755310058594,2.074726104736328,0.4734734044123123,2.7671357513030443,2.3756474162426113,15.0,1.0
2.158,0.36354637145996094,0.36354637145996094,2.206592559814453,0.4762382036679383,2.7624491162243316,2.246234039529539,15.0,1.0
2.1590000000000003,0.36545372009277344,0.36545372009277344,1.960439682006836,0.47899830264476156,2.7577352168883635,2.5004642731613496,15.0,1.0
2.16,0.36736106872558594,0.36736106872558594,1.9780216217041016,0.48175367410171566,2.7529940998186078,2.490861558756452,15.0,1.0
2.161,0.36926841735839844,0.36926841735839844,2.048351287841797,0.48450429084439817,2.748225811808254,2.428412626256453,15.0,1.0
2.162,0.37155723571777344,0.37155723571777344,2.1098899841308594,0.4872501257253316,2.7434303999192196,2.3689337659017324,15.0,1.0
2.1630000000000003,0.37346458435058594,0.37346458435058594,1.8813190460205078,0.48999115164423723,2.738607911479903,2.6051873748641645,15.0,1.0
2.164,0.37499046325683594,0.37499046325683594,1.8021984100341797,0.49272734154829206,2.7337583940852426,2.6976131584229046,15.0,1.0
2.165,0.37727928161621094,0.37727928161621094,1.9868125915527344,0.4954586684324071,2.728881895599386,2.514760106289594,15.0,1.0
2.166,0.37918663024902344,0.37918663024902344,2.127471923828125,0.49818510533949023,2.7239784641514575,2.3814836666803343,15.0,1.0
2.1670000000000003,0.38147544860839844,0.38147544860839844,2.0219783782958984,0.5009066253607106,2.7190481481349025,2.488537421123687,15.0,1.0
2.168,0.38338279724121094,0.38338279724121094,1.8989009857177734,0.5036232016357607,2.7140909962110698,2.6187960764115426,15.0,1.0
2.169,0.38529014587402344,0.38529014587402344,1.9692306518554688,0.5063348073531322,2.7091070573053457,2.5555463276365082,15.0,1.0
2.17,0.38719749450683594,0.38719749450683594,2.0571422576904297,0.5090414157503708,2.7040963806065292,2.474612941569122,15.0,1.0
2.1710000000000003,0.38910484313964844,0.38910484313964844,1.9252738952636719,0.5117430001143458,2.6990590155674568,2.6133574749242454,15.0,1.0
2.172,0.39101219177246094,0.39101219177246094,1.7406597137451172,0.5144395337815063,2.6939950119058267,2.80474542829639,15.0,1.0
2.173,0.39291954040527344,0.39291954040527344,1.8637371063232422,0.5171309901381569,2.688904419601613,2.6883390592716223,15.0,1.0
2.174,0.39482688903808594,0.39482688903808594,2.0131874084472656,0.519817342620709,2.6837872888958145,2.545456684187895,15.0,1.0
2.1750000000000003,0.39673423767089844,0.39673423767089844,2.1010990142822266,0.522498564715949,2.67864367029307,2.464009561686602,15.0,1.0
2.176,0.39864158630371094,0.39864158630371094,1.8109893798828125,0.5251746299612957,2.6734736145588727,2.7604798895398317,15.0,1.0
2.177,0.40054893493652344,0.40054893493652344,1.8637371063232422,0.5278455119450662,2.6682771727192858,2.713988721524186,15.0,1.0
2.178,0.40245628356933594,0.40245628356933594,1.9692306518554688,0.5305111843067337,2.663054396061284,2.614647255266782,15.0,1.0
2.179,0.40436363220214844,0.40436363220214844,1.9516487121582031,0.5331716207371882,2.6578053361311618,2.6382764519985544,15.0,1.0
2.18,0.40627193450927734,0.40627193450927734,1.7934074401855469,0.5358267949789967,2.65253004473567,2.802445511595913,15.0,1.0
2.181,0.40817928314208984,0.40817928314208984,1.7406597137451172,0.5384766808266601,2.647228573939742,2.861029825463179,15.0,1.0
2.182,0.40970516204833984,0.40970516204833984,1.872528076171875,0.5411212521268756,2.6419009760662675,2.7406142510724285,15.0,1.0
2.183,0.41199398040771484,0.41199398040771484,2.004396438598633,0.5437604827787921,2.6365473036965454,2.6086484006640713,15.0,1.0
2.184,0.41390132904052734,0.41390132904052734,1.9692306518554688,0.5463943467342692,2.6311676096695464,2.649332223220206,15.0,1.0
2.185,0.41542720794677734,0.41542720794677734,1.7230777740478516,0.5490228179981318,2.6257619470806617,2.906618323803127,15.0,1.0
2.186,0.41733455657958984,0.41733455657958984,1.8021984100341797,0.5516458706284301,2.620330369281305,2.832801669979729,15.0,1.0
2.187,0.41924190521240234,0.41924190521240234,1.9076919555664062,0.5542634787366938,2.6148729298788567,2.7325045771768224,15.0,1.0
2.188,0.42114925384521484,0.42114925384521484,1.9340667724609375,0.5568756164881883,2.609389682736264,2.7112183499199283,15.0,1.0
2.189,0.42305660247802734,0.42305660247802734,1.7318687438964844,0.559482258102167,2.6038806819713614,2.9183967724369717,15.0,1.0
2.19,0.42458248138427734,0.42458248138427734,1.626373291015625,0.5620833778521305,2.5983459819547647,3.034486137956937,15.0,1.0
2.191,0.42648983001708984,0.42648983001708984,1.7406597137451172,0.564678950066076,2.592785637312943,2.9249627243026186,15.0,1.0
2.192,0.42839717864990234,0.42839717864990234,1.9252738952636719,0.5672689491267568,2.5871997029236695,2.745002364812815,15.0,1.0
2.193,0.43030452728271484,0.43030452728271484,2.0307693481445312,0.569853349471924,2.581588233917273,2.6440512186108793,15.0,1.0
2.194,0.43183040618896484,0.43183040618896484,1.6967029571533203,0.5724321255945909,2.5759512856770925,2.988274119608163,15.0,1.0
2.195,0.43373775482177734,0.43373775482177734,1.626373291015625,0.5750052520432777,2.570288913838283,3.062928081145163,15.0,1.0
2.196,0.43526363372802734,0.43526363372802734,1.7670326232910156,0.577572703422268,2.564601174285656,2.9322045964082495,15.0,1.0
2.197,0.43717098236083984,0.43717098236083984,1.916482925415039,0.5801344543918496,2.55888812315402,2.7868572782041277,15.0,1.0
2.198,0.43907833099365234,0.43907833099365234,1.7670326232910156,0.5826904796685755,2.553149816830114,2.940299423662945,15.0,1.0
2.199,0.44060420989990234,0.44060420989990234,1.5472526550292969,0.5852407540255093,2.5473863119487987,3.169681818803607,15.0,1.0
2.2,0.44213008880615234,0.44213008880615234,1.5472526550292969,0.5877852522924736,2.5415976653920893,3.179172462657611,15.0,1.0
2.201,0.44403743743896484,0.44403743743896484,1.7846145629882812,0.5903239493562942,2.5357839342928514,2.94546705006451,15.0,1.0
2.202,0.44594478607177734,0.44594478607177734,1.9516487121582031,0.5928568201610587,2.52994517603031,2.781976975211327,15.0,1.0
2.203,0.44785213470458984,0.44785213470458984,1.8461532592773438,0.5953838397083543,2.524081448230106,2.890903764009229,15.0,1.0
2.204,0.44937801361083984,0.44937801361083984,1.6175823211669922,0.5979049830575195,2.518192808764411,3.1285150292976134,15.0,1.0
2.205,0.45090389251708984,0.45090389251708984,1.6175823211669922,0.6004202253258838,2.5122793157526644,3.1374419867175813,15.0,1.0
2.206,0.45281124114990234,0.45281124114990234,1.714284896850586,0.6029295416890242,2.50634102755879,3.0438306387950322,15.0,1.0
2.207,0.45433712005615234,0.45433712005615234,1.8285713195800781,0.6054329073810008,2.500378002790285,2.9382434930829326,15.0,1.0
2.208,0.45624446868896484,0.45624446868896484,1.6703300476074219,0.6079302976946054,2.494390300300495,3.099347687777681,15.0,1.0
2.209,0.45777034759521484,0.45777034759521484,1.5296707153320312,0.6104216879816023,2.488377979185657,3.248477369649438,15.0,1.0
2.21,0.45929622650146484,0.45929622650146484,1.5648345947265625,0.6129070536529762,2.482341098784559,3.2216689113306662,15.0,1.0
2.211,0.46082210540771484,0.46082210540771484,1.714284896850586,0.615386370179171,2.4762797186788816,3.0804587934001377,15.0,1.0
2.212,0.46272945404052734,0.46272945404052734,1.8637371063232422,0.6178596130903344,2.470193898692173,2.9334091781160376,15.0,1.0
2.213,0.46463680267333984,0.46463680267333984,1.714284896850586,0.6203267579765559,2.4640836988891692,3.0851481315868243,15.0,1.0
2.214,0.46616268157958984,0.46616268157958984,1.5648345947265625,0.6227877804881122,2.4579491795747117,3.242491068475985,15.0,1.0
2.215,0.46768856048583984,0.46768856048583984,1.5912094116210938,0.6252426563357047,2.45179040129392,3.2238924274207994,15.0,1.0
2.216,0.46921539306640625,0.46921539306640625,1.661539077758789,0.6276913612907006,2.4456074248319055,3.1612078704375315,15.0,1.0
2.217,0.47112274169921875,0.47112274169921875,1.7230777740478516,0.6301338711853691,2.4394003112121823,3.1014894794565864,15.0,1.0
2.218,0.47264862060546875,0.47264862060546875,1.626373291015625,0.6325701619131243,2.433169121695869,3.2056189502950776,15.0,1.0
2.219,0.47417449951171875,0.47417449951171875,1.4681320190429688,0.6350002094287603,2.4269139177825423,3.3711675474951974,15.0,1.0
2.22,0.47570037841796875,0.47570037841796875,1.4945049285888672,0.6374239897486899,2.4206347612087598,3.3519840025807093,15.0,1.0
2.221,0.47722625732421875,0.47722625732421875,1.582418441772461,0.6398414789511785,2.4143317139474902,3.2711415965794255,15.0,1.0
2.222,0.47913360595703125,0.47913360595703125,1.7846145629882812,0.6422526531765843,2.4080048382065797,3.0701759835115943,15.0,1.0
2.223,0.48065948486328125,0.48065948486328125,1.7318687438964844,0.6446574886275911,2.4016541964298312,3.1297555089979943,15.0,1.0
2.224,0.48218536376953125,0.48218536376953125,1.5560436248779297,0.6470559615694446,2.3952798512960385,3.3122951934168086,15.0,1.0
2.225,0.48371124267578125,0.48371124267578125,1.5032958984375,0.6494480483301838,2.3888818657173942,3.371638052095932,15.0,1.0
2.226,0.48523712158203125,0.48523712158203125,1.538461685180664,0.6518337253008788,2.382460302838467,3.3429476734405164,15.0,1.0
2.227,0.48714447021484375,0.48714447021484375,1.6527481079101562,0.6542129689358602,2.37601522603876,3.229294598943851,15.0,1.0
2.228,0.48867034912109375,0.48867034912109375,1.5912094116210938,0.6565857557529567,2.3695466989281613,3.2970683867850124,15.0,1.0
2.229,0.49019622802734375,0.49019622802734375,1.415384292602539,0.6589520623337172,2.363054785347856,3.4790080073409184,15.0,1.0
2.23,0.49134063720703125,0.49134063720703125,1.415384292602539,0.6613118653236519,2.3565395493705523,3.4907236785173237,15.0,1.0
2.231,0.49286651611328125,0.49286651611328125,1.4769229888916016,0.6636651414324577,2.350001055299799,3.4350574461958443,15.0,1.0
2.232,0.49439239501953125,0.49439239501953125,1.5296707153320312,0.666011867434252,2.3434393676675427,3.3880607385563226,15.0,1.0
2.233,0.49629974365234375,0.49629974365234375,1.6527481079101562,0.6683520201677934,2.336854551234012,3.2648905910556003,15.0,1.0
2.234,0.49782562255859375,0.49782562255859375,1.5736255645751953,0.6706855765367196,2.3302466709899363,3.3495204160866283,15.0,1.0
2.235,0.49935150146484375,0.49935150146484375,1.4681320190429688,0.6730125135097726,2.3236157921523954,3.4603989537833604,15.0,1.0
2.236,0.5004959106445312,0.5004959106445312,1.4065933227539062,0.6753328081210249,2.316961980164365,3.5329221195578637,15.0,1.0
2.237,0.5020217895507812,0.5020217895507812,1.3890113830566406,0.677646437470102,2.31028530069716,3.5556436364303305,15.0,1.0
2.238,0.5035476684570312,0.5035476684570312,1.459341049194336,0.6799533787224188,2.3035858196471395,3.4903304244336164,15.0,1.0
2.239,0.5046920776367188,0.5046920776367188,1.4505500793457031,0.6822536091093958,2.296863603134966,3.5097364958794186,15.0,1.0
2.24,0.5062179565429688,0.5062179565429688,1.3626365661621094,0.6845471059286893,2.290118717505834,3.6024193921295327,15.0,1.0
2.241,0.5077438354492188,0.5077438354492188,1.371429443359375,0.686833846544408,2.2833512293296963,3.5982719523981608,15.0,1.0
2.242,0.5088882446289062,0.5088882446289062,1.3802204132080078,0.6891138083873481,2.2765612053992186,3.5997242485678393,15.0,1.0
2.243,0.5104141235351562,0.5104141235351562,1.4329662322998047,0.6913869689552059,2.2697487127281306,3.5513751617290708,15.0,1.0
2.244,0.5119400024414062,0.5119400024414062,1.5032958984375,0.6936533058128049,2.2629138185538977,3.485317470687378,15.0,1.0
2.245,0.5134658813476562,0.5134658813476562,1.4417591094970703,0.6959127965923142,2.2560565903339693,3.5510012095067682,15.0,1.0
2.246,0.5146102905273438,0.5146102905273438,1.3626365661621094,0.6981654189934724,2.24917709574612,3.6398674565759404,15.0,1.0
2.247,0.5161361694335938,0.5161361694335938,1.4065933227539062,0.7004111507838059,2.2422754026882217,3.5998068001874977,15.0,1.0
2.248,0.5176620483398438,0.5176620483398438,1.371429443359375,0.7026499697988493,2.2353515792774488,3.638740957803157,15.0,1.0
2.249,0.5188064575195312,0.5188064575195312,1.3450546264648438,0.7048818539423614,2.228405693849254,3.6744820137268617,15.0,1.0
2.25,0.5203323364257812,0.5203323364257812,1.371429443359375,0.7071067811865474,2.221437814956346,3.6516250430084622,15.0,1.0
2.251,0.5214767456054688,0.5214767456054688,1.2835159301757812,0.7093247295722735,2.2144480113688587,3.7486518406951497,15.0,1.0
2.2520000000000002,0.5226211547851562,0.5226211547851562,1.2395610809326172,0.7115356772092855,2.2074363520735574,3.801593107502878,15.0,1.0
2.253,0.5241470336914062,0.5241470336914062,1.2571430206298828,0.7137396022764213,2.200402906273041,3.7871484144183842,15.0,1.0
2.254,0.5252914428710938,0.5252914428710938,1.3098907470703125,0.715936483021831,2.1933477433839244,3.7431325985746704,15.0,1.0
2.255,0.5268173217773438,0.5268173217773438,1.336263656616211,0.7181262977631886,2.1862709330378607,3.7196419162093224,15.0,1.0
2.2560000000000002,0.5279617309570312,0.5279617309570312,1.3098907470703125,0.7203090248879072,2.179172545080405,3.7544912069732312,15.0,1.0
2.257,0.5291061401367188,0.5291061401367188,1.3010997772216797,0.7224846428533499,2.1720526495699346,3.7716304130977223,15.0,1.0
2.258,0.5306320190429688,0.5306320190429688,1.3098907470703125,0.7246531301870466,2.1649113167766245,3.7653372368674796,15.0,1.0
2.259,0.5317773818969727,0.5317773818969727,1.2659339904785156,0.7268144654869026,2.1577486171823352,3.8173708805527697,15.0,1.0
2.2600000000000002,0.5329217910766602,0.5329217910766602,1.2747249603271484,0.7289686274214118,2.150564621480555,3.816542206324681,15.0,1.0
2.261,0.5344476699829102,0.5344476699829102,1.3450546264648438,0.7311155947298643,2.1433594005743544,3.748323645313823,15.0,1.0
2.262,0.5355920791625977,0.5355920791625977,1.2307701110839844,0.7332553462225601,2.1361330255759867,3.8703119203914382,15.0,1.0
2.263,0.5371179580688477,0.5371179580688477,1.2835159301757812,0.7353878607810158,2.128885567806833,3.8194181783135743,15.0,1.0
2.2640000000000002,0.5382623672485352,0.5382623672485352,1.213186264038086,0.7375131173581743,2.1216170987967757,3.8971920864032765,15.0,1.0
2.265,0.5394067764282227,0.5394067764282227,1.1340656280517578,0.7396310949786099,2.114327690282778,3.9836268404868287,15.0,1.0
2.266,0.5405511856079102,0.5405511856079102,1.1692314147949219,0.7417417727387393,2.107017414207462,3.9556448063749774,15.0,1.0
2.267,0.5416955947875977,0.5416955947875977,1.1692314147949219,0.7438451298070244,2.099686342721384,3.9626979532178637,15.0,1.0
2.2680000000000002,0.5428400039672852,0.5428400039672852,1.2835159301757812,0.7459411454241826,2.092334548178883,3.8553357398565624,15.0,1.0
2.269,0.5439844131469727,0.5439844131469727,1.213186264038086,0.7480297989033828,2.084962103138537,3.9324566254466036,15.0,1.0
2.27,0.5455102920532227,0.5455102920532227,1.292306900024414,0.7501110696304591,2.077569080364242,3.8542738439983752,15.0,1.0
2.271,0.5466547012329102,0.5466547012329102,1.2571430206298828,0.7521849370641108,2.0701555528223707,3.895966069660498,15.0,1.0
2.2720000000000002,0.5477991104125977,0.5477991104125977,1.1428565979003906,0.7542513807361043,2.0627215936804646,4.016649050632674,15.0,1.0
2.273,0.5489435195922852,0.5489435195922852,1.2043952941894531,0.7563103802514723,2.0552672763088253,3.9613748920071803,15.0,1.0
2.274,0.5500879287719727,0.5500879287719727,1.1692314147949219,0.7583619152887215,2.0477926742792647,4.002671057235576,15.0,1.0
2.275,0.5512323379516602,0.5512323379516602,1.1868133544921875,0.7604059656000305,2.0402978613632854,3.9910889215966527,15.0,1.0
2.2760000000000002,0.5523767471313477,0.5523767471313477,1.1164836883544922,0.7624425110114484,2.0327829115301483,4.067285681377168,15.0,1.0
2.277,0.5535211563110352,0.5535211563110352,1.1692314147949219,0.7644715314230914,2.025247898950795,4.020272110836717,15.0,1.0
2.278,0.5546655654907227,0.5546655654907227,1.0813179016113281,0.7664930068093496,2.0176928979926743,4.11378661616075,15.0,1.0
2.279,0.5558099746704102,0.5558099746704102,1.037363052368164,0.7685069172190763,2.0101179832196294,4.163209069081457,15.0,1.0
2.2800000000000002,0.5569543838500977,0.5569543838500977,1.0109882354736328,0.7705132427757893,2.0025232293937734,4.194917877805515,15.0,1.0
2.281,0.5577173233032227,0.5577173233032227,1.0637359619140625,0.7725119636778643,1.9949087114724193,4.153092355177982,15.0,1.0
2.282,0.5588617324829102,0.5588617324829102,1.0813179016113281,0.7745030601987336,1.9872745046071714,4.140576518733194,15.0,1.0
2.283,0.5600061416625977,0.5600061416625977,1.037363052368164,0.7764865126870782,1.9796206841447201,4.189463197143764,15.0,1.0
2.2840000000000003,0.5611505508422852,0.5611505508422852,1.0637359619140625,0.7784623015670236,1.9719473256254787,4.167887624582493,15.0,1.0
2.285,0.5622949600219727,0.5622949600219727,1.0901107788085938,0.7804304073383297,1.9642545047824456,4.146175435719208,15.0,1.0
2.286,0.5630578994750977,0.5630578994750977,1.0725269317626953,0.782390810576588,1.9565422975402953,4.174009032299955,15.0,1.0
2.287,0.5642023086547852,0.5642023086547852,1.0109882354736328,0.7843434919334098,1.9488107800153216,4.239940293721059,15.0,1.0
2.2880000000000003,0.5653467178344727,0.5653467178344727,0.9934062957763672,0.786288432136619,1.9410600285149258,4.261779447270754,15.0,1.0
2.289,0.5661096572875977,0.5661096572875977,1.0197811126708984,0.7882256119904401,1.9332901195358545,4.245248327407592,15.0,1.0
2.29,0.5672540664672852,0.5672540664672852,1.0461540222167969,0.7901550123756903,1.9255011297636315,4.222861296172912,15.0,1.0
2.291,0.5683984756469727,0.5683984756469727,0.9846153259277344,0.7920766142499669,1.9176931360725007,4.28824988918968,15.0,1.0
2.2920000000000003,0.5691614151000977,0.5691614151000977,0.9318675994873047,0.7939903986478356,1.9098662155242891,4.350433369253054,15.0,1.0
2.293,0.5703058242797852,0.5703058242797852,0.9670333862304688,0.7958963466810159,1.9020204453678957,4.318844895155889,15.0,1.0
2.294,0.5710687637329102,0.5710687637329102,0.8791217803955078,0.797794439538571,1.894155903037472,4.415919259726877,15.0,1.0
2.295,0.5718317031860352,0.5718317031860352,0.9054946899414062,0.7996846584870905,1.8862726661527631,4.398572305727186,15.0,1.0
2.2960000000000003,0.5725946426391602,0.5725946426391602,0.8527469635009766,0.8015669848708769,1.8783708125184262,4.4602089824932,15.0,1.0
2.297,0.5737390518188477,0.5737390518188477,0.9142856597900391,0.8034414001121278,1.8704504201227792,4.401699984731943,15.0,1.0
2.298,0.5745019912719727,0.5745019912719727,0.9582424163818359,0.805307885711122,1.86251156713638,4.366357567341784,15.0,1.0
2.299,0.5756464004516602,0.5756464004516602,1.0197811126708984,0.8071664232464002,1.8545543319127091,4.307573561162911,15.0,1.0
2.3000000000000003,0.5767908096313477,0.5767908096313477,0.9758243560791016,0.8090169943749478,1.846578792986577,4.354147208061477,15.0,1.0
2.301,0.5775537490844727,0.5775537490844727,0.9846153259277344,0.8108595808323737,1.8385850290733288,4.353557179364111,15.0,1.0
2.302,0.5786981582641602,0.5786981582641602,1.0109882354736328,0.8126941644330941,1.8305731190678216,4.329524976128197,15.0,1.0
2.303,0.5794610977172852,0.5794610977172852,0.9582424163818359,0.8145207270705089,1.8225431420449922,4.390195165961513,15.0,1.0
2.3040000000000003,0.5806055068969727,0.5806055068969727,0.9582424163818359,0.8163392507171844,1.814495177257129,4.392258918178468,15.0,1.0
2.305,0.5813684463500977,0.5813684463500977,0.9318675994873047,0.8181497174250237,1.8064293041339852,4.426280770770571,15.0,1.0
2.306,0.5825128555297852,0.5825128555297852,1.0197811126708984,0.819952109325452,1.7983456022832343,4.340153296547339,15.0,1.0
2.307,0.5836572647094727,0.5836572647094727,0.9846153259277344,0.8217464086295898,1.7902441514876273,4.37696598436165,15.0,1.0
2.308,0.5844202041625977,0.5844202041625977,1.002197265625,0.8235325976284269,1.7821250317048793,4.366613668067318,15.0,1.0
2.309,0.5855646133422852,0.5855646133422852,0.9318675994873047,0.8253106586929999,1.773988323067158,4.438311403840575,15.0,1.0
2.31,0.5863275527954102,0.5863275527954102,0.9142856597900391,0.8270805742745616,1.7658341058810265,4.462843768278259,15.0,1.0
2.311,0.5870904922485352,0.5870904922485352,0.8527469635009766,0.8288423269047616,1.757662460625454,4.531193016967873,15.0,1.0
2.312,0.5882349014282227,0.5882349014282227,0.8703289031982422,0.8305958991958121,1.749473467950736,4.514559531266336,15.0,1.0
2.313,0.5889978408813477,0.5889978408813477,0.8351650238037109,0.8323412738406634,1.7412672086792327,4.556253679265257,15.0,1.0
2.314,0.5897607803344727,0.5897607803344727,0.8351650238037109,0.834078433613171,1.7330437638034368,4.562643539180201,15.0,1.0
2.315,0.5905237197875977,0.5905237197875977,0.9670333862304688,0.8358073613682699,1.7248032144853482,4.437024451964964,15.0,1.0
2.316,0.5916681289672852,0.5916681289672852,0.9494514465332031,0.8375280400421413,1.716545642055678,4.454992861645318,15.0,1.0
2.317,0.5928125381469727,0.5928125381469727,1.002197265625,0.8392404526523817,1.708271128013564,4.4024925799696994,15.0,1.0
2.318,0.5935754776000977,0.5935754776000977,0.9494514465332031,0.8409445822981689,1.6999797540253212,4.461064877963187,15.0,1.0
2.319,0.5943393707275391,0.5943393707275391,0.9406585693359375,0.842640412160432,1.6916716019230762,4.475528654080533,15.0,1.0
2.32,0.5954837799072266,0.5954837799072266,0.8879127502441406,0.8443279255020147,1.6833467537049387,4.528096187382621,15.0,1.0
2.321,0.5962467193603516,0.5962467193603516,0.9142856597900391,0.8460071056678422,1.6750052915340348,4.507125426356355,15.0,1.0
2.322,0.5973911285400391,0.5973911285400391,0.8703289031982422,0.8476779360850831,1.6666472977372564,4.550620507714675,15.0,1.0
2.323,0.5981540679931641,0.5981540679931641,0.8703289031982422,0.8493404002633164,1.6582728548044088,4.555738935658451,15.0,1.0
2.324,0.5989170074462891,0.5989170074462891,0.9758243560791016,0.8509944817946916,1.6498820453877556,4.455219804534693,15.0,1.0
2.325,0.6000614166259766,0.6000614166259766,0.9406585693359375,0.8526401643540923,1.6414749523015644,4.489497598887363,15.0,1.0
2.326,0.6008243560791016,0.6008243560791016,0.9846153259277344,0.8542774316992952,1.6330516585204577,4.450232466895628,15.0,1.0
2.327,0.6019687652587891,0.6019687652587891,0.8791217803955078,0.8559062676711329,1.6246122471786748,4.5545530029683245,15.0,1.0
2.328,0.6027317047119141,0.6027317047119141,0.8527469635009766,0.8575266561936521,1.616156801569673,4.585334110294767,15.0,1.0
2.329,0.6034946441650391,0.6034946441650391,0.7999992370605469,0.8591385812742726,1.6076854051455598,4.642345224723515,15.0,1.0
2.33,0.6042575836181641,0.6042575836181641,0.74725341796875,0.8607420270039436,1.599198141515842,4.699211374333785,15.0,1.0
2.331,0.6050205230712891,0.6050205230712891,0.7824172973632812,0.8623369775573039,1.5906950944458913,4.668024614372833,15.0,1.0
2.332,0.6057834625244141,0.6057834625244141,0.7384624481201172,0.8639234171928352,1.5821763478574553,4.715813219763655,15.0,1.0
2.333,0.6065464019775391,0.6065464019775391,0.7648353576660156,0.8655013302530191,1.573641985827237,4.693130552293422,15.0,1.0
2.334,0.6073093414306641,0.6073093414306641,0.8703289031982422,0.8670707011644901,1.5650920925862124,4.5911835853953615,15.0,1.0
2.335,0.6084537506103516,0.6084537506103516,0.8703289031982422,0.8686315144381912,1.556526752517641,4.588864306736993,15.0,1.0
2.336,0.6092166900634766,0.6092166900634766,0.8879127502441406,0.8701837546695251,1.5479460501588278,4.574539269005416,15.0,1.0
2.337,0.6099796295166016,0.6099796295166016,0.8351650238037109,0.8717274065385091,1.5393500701973721,4.630401701722274,15.0,1.0
2.338,0.6107425689697266,0.6107425689697266,0.8263740539550781,0.8732624548099203,1.5307388974717924,4.64216313111962,15.0,1.0
2.339,0.6115055084228516,0.6115055084228516,0.8175830841064453,0.8747888843334524,1.522112616971583,4.65378017152415,15.0,1.0
2.34,0.6122684478759766,0.6122684478759766,0.7208786010742188,0.8763066800438631,1.5134713138346,4.753166195278681,15.0,1.0
2.341,0.6130313873291016,0.6130313873291016,0.7648353576660156,0.8778158269611219,1.5048150733464354,4.711746310160725,15.0,1.0
2.342,0.6137943267822266,0.6137943267822266,0.7296695709228516,0.8793163101905564,1.4961439809408716,4.749304161142968,15.0,1.0
2.343,0.6145572662353516,0.6145572662353516,0.7208786010742188,0.8808081149230033,1.4874581221983476,4.760342251438905,15.0,1.0
2.344,0.6153202056884766,0.6153202056884766,0.7999992370605469,0.8822912264349528,1.4787575828451622,4.683323656981759,15.0,1.0
2.345,0.6160831451416016,0.6160831451416016,0.7912082672119141,0.8837656300886938,1.4700424487509167,4.694071455745386,15.0,1.0
2.346,0.6168460845947266,0.6168460845947266,0.8175830841064453,0.885231311332455,1.4613128059314135,4.669508122890895,15.0,1.0
2.347,0.6176090240478516,0.6176090240478516,0.74725341796875,0.8866882557005562,1.4525687405447343,4.741503797366554,15.0,1.0
2.348,0.6183719635009766,0.6183719635009766,0.6769237518310547,0.8881364488135441,1.4438103388907848,4.813353866748244,15.0,1.0
2.349,0.6191349029541016,0.6191349029541016,0.6505489349365234,0.8895758763783379,1.4350376874115796,4.8411033538386015,15.0,1.0
2.35,0.6195163726806641,0.6195163726806641,0.5978031158447266,0.8910065241883677,1.4262508726900478,4.900800029460876,15.0,1.0
2.351,0.6202793121337891,0.6202793121337891,0.5714282989501953,0.8924283781237177,1.4174499814480441,4.928257672346778,15.0,1.0
2.352,0.6206607818603516,0.6206607818603516,0.5450553894042969,0.8938414241512634,1.40863510054686,4.961289345506241,15.0,1.0
2.353,0.6214237213134766,0.6214237213134766,0.5626373291015625,0.8952456483248117,1.3998063169859734,4.944497893054438,15.0,1.0
2.354,0.6218051910400391,0.6218051910400391,0.5362644195556641,0.8966410367852358,1.390963717902025,4.977236984524311,15.0,1.0
2.355,0.6225681304931641,0.6225681304931641,0.5186805725097656,0.8980275757606154,1.3821073905676258,4.995318497069631,15.0,1.0
2.356,0.6229496002197266,0.6229496002197266,0.5450553894042969,0.8994052515663707,1.3732374223912416,4.975016803186607,15.0,1.0
2.357,0.6237125396728516,0.6237125396728516,0.624176025390625,0.9007740506053982,1.3643539009158872,4.896100539513461,15.0,1.0
2.358,0.6240940093994141,0.6240940093994141,0.6681327819824219,0.9021339593682028,1.3554569138183865,4.8579233813677964,15.0,1.0
2.359,0.6248569488525391,0.6248569488525391,0.6153850555419922,0.9034849644330347,1.3465465489084067,4.91058172707385,15.0,1.0
2.36,0.6256198883056641,0.6256198883056641,0.6505489349365234,0.9048270524660194,1.3376228941274348,4.875181421596241,15.0,1.0
2.361,0.6260013580322266,0.6260013580322266,0.624176025390625,0.9061602102212899,1.328686037548664,4.906892794993989,15.0,1.0
2.362,0.6267642974853516,0.6267642974853516,0.5714282989501953,0.907484424541117,1.3197360673751746,4.959109674261461,15.0,1.0
2.363,0.6271457672119141,0.6271457672119141,0.5714282989501953,0.90879968235604,1.3107730719394226,4.964153500151117,15.0,1.0
2.364,0.6279087066650391,0.6279087066650391,0.5714282989501953,0.9101059706849955,1.3017971397025576,4.96332780105171,15.0,1.0
2.365,0.6282901763916016,0.6282901763916016,0.5450553894042969,0.9114032766354454,1.2928083592535131,4.994449473506874,15.0,1.0
2.366,0.6286716461181641,0.6286716461181641,0.45714378356933594,0.9126915874035029,1.2838068193080403,5.086962155018787,15.0,1.0
2.367,0.6294345855712891,0.6294345855712891,0.5450553894042969,0.9139708902740612,1.2747926087074006,4.9977817898446855,15.0,1.0
2.368,0.6298160552978516,0.6298160552978516,0.5098896026611328,0.9152411726209174,1.265765816418309,5.037252973603164,15.0,1.0
2.369,0.6305789947509766,0.6305789947509766,0.4835166931152344,0.9165024219068981,1.25672653153174,5.062061245755329,15.0,1.0
2.37,0.6309604644775391,0.6309604644775391,0.4395599365234375,0.9177546256839813,1.2476748432617342,5.110027324834929,15.0,1.0
2.371,0.6313419342041016,0.6313419342041016,0.46593475341796875,0.9189977715934213,1.2386108409444887,5.087513648366317,15.0,1.0
2.372,0.6317234039306641,0.6317234039306641,0.4923076629638672,0.9202318473658699,1.2295346140385846,5.064853602602805,15.0,1.0
2.373,0.6324863433837891,0.6324863433837891,0.5186805725097656,0.9214568408214987,1.2204462521223718,5.036323141178251,15.0,1.0
2.374,0.6328678131103516,0.6328678131103516,0.47472572326660156,0.922672739870115,1.2113458448940833,5.083694023023933,15.0,1.0
2.375,0.6332492828369141,0.6332492828369141,0.47472572326660156,0.9238795325112865,1.2022334821714935,5.086961504020479,15.0,1.0
2.376,0.6336307525634766,0.6336307525634766,0.4923076629638672,0.9250772068344577,1.1931092538900998,5.07249840499095,15.0,1.0
2.3770000000000002,0.6343936920166016,0.6343936920166016,0.4483509063720703,0.9262657510190669,1.183973250101758,5.113703228766668,15.0,1.0
2.378,0.6347751617431641,0.6347751617431641,0.4307689666748047,0.9274451533346615,1.1748255609751936,5.134106468172851,15.0,1.0
2.379,0.6351566314697266,0.6351566314697266,0.4219779968261719,0.9286154021410171,1.1656662767949797,5.145569840038166,15.0,1.0
2.38,0.6355381011962891,0.6355381011962891,0.3868141174316406,0.9297764858882511,1.1564954879593188,5.183257140907109,15.0,1.0
2.3810000000000002,0.6359195709228516,0.6359195709228516,0.378021240234375,0.930928393116936,1.1473132849797025,5.194424377656594,15.0,1.0
2.382,0.6363010406494141,0.6363010406494141,0.3868141174316406,0.9320711124582108,1.1381197584813094,5.187856718181621,15.0,1.0
2.383,0.6366825103759766,0.6366825103759766,0.3604393005371094,0.9332046326338984,1.1289149992005605,5.216307532532279,15.0,1.0
2.384,0.6370639801025391,0.6370639801025391,0.3252754211425781,0.9343289424566118,1.1196990979844372,5.25339811215295,15.0,1.0
2.3850000000000002,0.6370639801025391,0.6370639801025391,0.35164833068847656,0.9354440308298676,1.1104721457900837,5.234524576011535,15.0,1.0
2.386,0.6374454498291016,0.6374454498291016,0.378021240234375,0.9365498867481923,1.1012342336840675,5.209779547236053,15.0,1.0
2.387,0.6378269195556641,0.6378269195556641,0.39560508728027344,0.9376464992972355,1.0919854528409019,5.1936740616842005,15.0,1.0
2.388,0.6382083892822266,0.6382083892822266,0.35164833068847656,0.9387338576538738,1.0827258945419658,5.238959589428198,15.0,1.0
2.3890000000000002,0.6385898590087891,0.6385898590087891,0.35164833068847656,0.9398119510863197,1.0734556501756742,5.2401387006501565,15.0,1.0
2.39,0.6389713287353516,0.6389713287353516,0.34285736083984375,0.9408807689542255,1.0641748112355458,5.24995905367881,15.0,1.0
2.391,0.6393527984619141,0.6393527984619141,0.378021240234375,0.9419403007087905,1.0548834693195204,5.215674762788293,15.0,1.0
2.392,0.6397342681884766,0.6397342681884766,0.4395599365234375,0.9429905358928643,1.0455817161295045,5.154865795171883,15.0,1.0
2.3930000000000002,0.6404972076416016,0.6404972076416016,0.47472572326660156,0.9440314641410498,1.0362696434701206,5.114557767695242,15.0,1.0
2.394,0.6408786773681641,0.6408786773681641,0.4835166931152344,0.9450630751798048,1.0269473432479117,5.106196617307289,15.0,1.0
2.395,0.6412601470947266,0.6412601470947266,0.41318702697753906,0.9460853588275453,1.017614907469806,5.176806056484548,15.0,1.0
2.396,0.6416416168212891,0.6416416168212891,0.4395599365234375,0.9470983049947441,1.0082724282432878,5.150562814321676,15.0,1.0
2.3970000000000002,0.6420230865478516,0.6420230865478516,0.4395599365234375,0.9481019036840321,0.99891999777509,5.150542318294361,15.0,1.0
2.398,0.6424045562744141,0.6424045562744141,0.4307689666748047,0.9490961449902946,0.9895577083698868,5.15916257243329,15.0,1.0
2.399,0.6427860260009766,0.6427860260009766,0.4219779968261719,0.9500810191007717,0.9801856524296113,5.1676325521003665,15.0,1.0
2.4,0.6431674957275391,0.6431674957275391,0.3692302703857422,0.9510565162951535,0.9708039224524327,5.2199089605809075,15.0,1.0
2.4010000000000002,0.6435489654541016,0.6435489654541016,0.3604393005371094,0.9520226269456767,0.9614126110325287,5.228078232869047,15.0,1.0
2.402,0.6439304351806641,0.6439304351806641,0.3604393005371094,0.9529793415172189,0.9520118108584938,5.227306105369706,15.0,1.0
2.403,0.6443119049072266,0.6443119049072266,0.3252754211425781,0.9539266505673936,0.9426016147121459,5.2615473784720725,15.0,1.0
2.404,0.6446933746337891,0.6446933746337891,0.3164844512939453,0.954864544746643,0.9331821154682416,5.2692652158671045,15.0,1.0
2.4050000000000002,0.6450748443603516,0.6450748443603516,0.29010963439941406,0.9557930147983302,0.923753406093681,5.294416328263947,15.0,1.0
2.406,0.6450748443603516,0.6450748443603516,0.2637367248535156,0.9567120515588305,0.9143155796461429,5.325136962769812,15.0,1.0
2.407,0.6454563140869141,0.6454563140869141,0.27252769470214844,0.9576216459576222,0.9048687292726072,5.314821012631081,15.0,1.0
2.408,0.6458377838134766,0.6458377838134766,0.28131866455078125,0.9585217890173756,0.8954129482102644,5.304354361717969,15.0,1.0
2.4090000000000003,0.6462192535400391,0.6462192535400391,0.2549457550048828,0.959412471854043,0.8859483297836732,5.328900849488849,15.0,1.0
2.41,0.6462192535400391,0.6462192535400391,0.2549457550048828,0.9602936856769432,0.876474967404647,5.332645694453326,15.0,1.0
2.411,0.6466007232666016,0.6466007232666016,0.23736190795898438,0.961165421788852,0.8669929545713444,5.3481015244461165,15.0,1.0
2.412,0.6466007232666016,0.6466007232666016,0.21977996826171875,0.9620276715860857,0.8575023848678143,5.369126641398358,15.0,1.0
2.4130000000000003,0.6469821929931641,0.6469821929931641,0.21098899841308594,0.9628804265585877,0.8480033519618928,5.375487857030162,15.0,1.0
2.414,0.6469821929931641,0.6469821929931641,0.1846160888671875,0.9637236782900098,0.8384959496052034,5.405002140190702,15.0,1.0
2.415,0.6473636627197266,0.6473636627197266,0.16703224182128906,0.964557418457798,0.8289802716319628,5.419854365881744,15.0,1.0
2.416,0.6473636627197266,0.6473636627197266,0.1846160888671875,0.9653816388332737,0.8194564119584129,5.405109964794432,15.0,1.0
2.4170000000000003,0.6477451324462891,0.6477451324462891,0.20219802856445312,0.9661963312817149,0.8099244645806039,5.384494418547538,15.0,1.0
2.418,0.6477451324462891,0.6477451324462891,0.21977996826171875,0.967001487762435,0.8003845235753033,5.369449885055774,15.0,1.0
2.419,0.6481266021728516,0.6481266021728516,0.23736190795898438,0.9677971003288653,0.790836683098064,5.3485322474792865,15.0,1.0
2.42,0.6485080718994141,0.6485080718994141,0.24615478515625,0.968583161128631,0.7812810373820298,5.336252590664033,15.0,1.0
2.4210000000000003,0.6485080718994141,0.6485080718994141,0.23736190795898438,0.9693596624036295,0.7717176807373107,5.347129630341557,15.0,1.0
2.422,0.6488895416259766,0.6488895416259766,0.23736190795898438,0.9701265964901058,0.7621467075508122,5.343340622553766,15.0,1.0
2.423,0.6492710113525391,0.6492710113525391,0.23736190795898438,0.9708839558187309,0.752568212284018,5.339400471317911,15.0,1.0
2.424,0.6492710113525391,0.6492710113525391,0.20219802856445312,0.9716317329146738,0.7429822894728204,5.376195084340388,15.0,1.0
2.4250000000000003,0.6496524810791016,0.6496524810791016,0.1758251190185547,0.9723699203976767,0.7333890337262119,5.398325504486284,15.0,1.0
2.426,0.6496524810791016,0.6496524810791016,0.20219802856445312,0.9730985109821265,0.7237885397262289,5.3732809597071505,15.0,1.0
2.427,0.6500339508056641,0.6500339508056641,0.1846160888671875,0.9738174974771289,0.7141809022253369,5.386318013430121,15.0,1.0
2.428,0.6500339508056641,0.6500339508056641,0.15824127197265625,0.974526872786577,0.704566216047283,5.413718773788321,15.0,1.0
2.4290000000000003,0.6500339508056641,0.6500339508056641,0.14065933227539062,0.9752266299092235,0.6949445760851063,5.432175430363107,15.0,1.0
2.43,0.6504154205322266,0.6504154205322266,0.1846160888671875,0.9759167619387474,0.6853160773006266,5.383220109531252,15.0,1.0
2.431,0.6504154205322266,0.6504154205322266,0.1758251190185547,0.9765972620638246,0.6756808147230231,5.392583318678438,15.0,1.0
2.432,0.6507968902587891,0.6507968902587891,0.1758251190185547,0.9772681235681934,0.6660388834486639,5.387282264071174,15.0,1.0
2.433,0.6507968902587891,0.6507968902587891,0.1758251190185547,0.9779293398307217,0.6563903786393439,5.3875520031997794,15.0,1.0
2.434,0.6511783599853516,0.6511783599853516,0.15824127197265625,0.9785809043254722,0.6467353955219437,5.399532288651097,15.0,1.0
2.435,0.6511783599853516,0.6511783599853516,0.1758251190185547,0.9792228106217657,0.6370740293874064,5.381915669915065,15.0,1.0
2.436,0.6515598297119141,0.6515598297119141,0.14065933227539062,0.9798550523842469,0.6274063755893735,5.411175383398975,15.0,1.0
2.437,0.6515598297119141,0.6515598297119141,0.11428642272949219,0.9804776233729443,0.6177325295436162,5.437213011729578,15.0,1.0
2.438,0.6515598297119141,0.6515598297119141,0.1318683624267578,0.9810905174433341,0.6080525867272399,5.419144540271782,15.0,1.0
2.439,0.6515598297119141,0.6515598297119141,0.10549545288085938,0.9816937285463989,0.5983666426773198,5.444879672313733,15.0,1.0
2.44,0.6519412994384766,0.6519412994384766,0.08791160583496094,0.9822872507286886,0.5886747929901048,5.455952456508324,15.0,1.0
2.441,0.6519412994384766,0.6519412994384766,0.09670257568359375,0.982871078132379,0.5789771333205636,5.4462212380455055,15.0,1.0
2.442,0.6519412994384766,0.6519412994384766,0.07912063598632812,0.9834452049953297,0.5692737593803372,5.4627117067468065,15.0,1.0
2.443,0.6519412994384766,0.6519412994384766,0.07912063598632812,0.9840096256511398,0.5595647669378536,5.461469024141474,15.0,1.0
2.444,0.6523227691650391,0.6523227691650391,0.08791160583496094,0.9845643345292053,0.5498502518170199,5.445562126444553,15.0,1.0
2.445,0.6523227691650391,0.6523227691650391,0.07032966613769531,0.9851093261547738,0.5401303098963695,5.461598998604694,15.0,1.0
2.446,0.6523227691650391,0.6523227691650391,0.07032966613769531,0.9856445951489982,0.5304050371074709,5.459902760729162,15.0,1.0
2.447,0.6523227691650391,0.6523227691650391,0.07912063598632812,0.9861701362289889,0.5206745294349275,5.449264399407847,15.0,1.0
2.448,0.6523227691650391,0.6523227691650391,0.05274772644042969,0.9866859442078679,0.510938882915184,5.473638782117187,15.0,1.0
2.449,0.6523227691650391,0.6523227691650391,0.07912063598632812,0.987192013994819,0.5011981936348775,5.445116230095249,15.0,1.0
2.45,0.6527042388916016,0.6527042388916016,0.026372909545898438,0.9876883405951378,0.4914525577306108,5.489841173737755,15.0,1.0
2.451,0.6527042388916016,0.6527042388916016,0.043956756591796875,0.9881749191102804,0.48170207138815613,5.469805518076543,15.0,1.0
2.452,0.6527042388916016,0.6527042388916016,0.017581939697265625,0.988651744737914,0.4719468308406931,5.493577478838113,15.0,1.0
2.453,0.6527042388916016,0.6527042388916016,0.008790969848632812,0.9891188127719617,0.46218693236846775,5.499614570725237,15.0,1.0
2.454,0.6527042388916016,0.6527042388916016,0.026372909545898438,0.989576118602651,0.45242247229782606,5.47912775841767,15.0,1.0
2.455,0.6527042388916016,0.6527042388916016,0.0,0.9900236577165575,0.44265354700013404,5.502444829374474,15.0,1.0
2.456,0.6527042388916016,0.6527042388916016,-0.008790969848632812,0.9904614256966512,0.43288025289058396,5.508029024814961,15.0,1.0
2.457,0.6527042388916016,0.6527042388916016,-0.03516578674316406,0.9908894182223386,0.4231026864276828,5.531046163131902,15.0,1.0
2.458,0.6527042388916016,0.6527042388916016,-0.008790969848632812,0.9913076310695066,0.41332094411205844,5.501162796629266,15.0,1.0
2.459,0.6527042388916016,0.6527042388916016,-0.017581939697265625,0.9917160601105628,0.4035351224856072,5.506294380467291,15.0,1.0
2.46,0.6527042388916016,0.6527042388916016,0.008790969848632812,0.9921147013144778,0.3937453181304704,5.476111284624981,15.0,1.0
2.461,0.6527042388916016,0.6527042388916016,-0.008790969848632812,0.9925035507468236,0.38395162766795465,5.4897322753449185,15.0,1.0
2.462,0.6527042388916016,0.6527042388916016,-0.017581939697265625,0.9928826045698137,0.3741541477578494,5.494411572628297,15.0,1.0
2.463,0.6527042388916016,0.6527042388916016,0.008790969848632812,0.9932518590423394,0.36435297509740394,5.463776307509838,15.0,1.0
2.464,0.6527042388916016,0.6527042388916016,-0.008790969848632812,0.9936113105200084,0.35454820642013374,5.476945250694869,15.0,1.0
2.465,0.6527042388916016,0.6527042388916016,0.008790969848632812,0.9939609554551796,0.344739938495195,5.454799717100233,15.0,1.0
2.466,0.6527042388916016,0.6527042388916016,-0.017581939697265625,0.9943007903969989,0.33492826812630483,5.476458480404531,15.0,1.0
2.467,0.6527042388916016,0.6527042388916016,-0.008790969848632812,0.9946308119914323,0.325113292150661,5.462802858496755,15.0,1.0
2.468,0.6527042388916016,0.6527042388916016,0.0,0.9949510169813002,0.3152951074380326,5.448996778783512,15.0,1.0
2.469,0.6527042388916016,0.6527042388916016,0.0,0.9952614022063083,0.3054738108899073,5.443831260610509,15.0,1.0
2.47,0.6523227691650391,0.6523227691650391,-0.017581939697265625,0.99556196460308,0.2956494994385821,5.461819370706461,15.0,1.0
2.471,0.6527042388916016,0.6527042388916016,0.0,0.9958527012051857,0.2858222700462534,5.433049204750015,15.0,1.0
2.472,0.6523227691650391,0.6523227691650391,-0.017581939697265625,0.9961336091431725,0.27599221970336885,5.450736759072636,15.0,1.0
2.473,0.6523227691650391,0.6523227691650391,0.0,0.9964046856445924,0.26615944542862735,5.427388192621927,15.0,1.0
2.474,0.6523227691650391,0.6523227691650391,-0.026372909545898438,0.9966659280340299,0.2563240442677852,5.447844336848545,15.0,1.0
2.475,0.6523227691650391,0.6523227691650391,-0.008790969848632812,0.996917333733128,0.2464861132920646,5.424195551662031,15.0,1.0
2.476,0.6523227691650391,0.6523227691650391,-0.026372909545898438,0.9971589002606139,0.23664574959781248,5.435560625577334,15.0,1.0
2.477,0.6523227691650391,0.6523227691650391,-0.017581939697265625,0.9973906252323236,0.22680305030564796,5.420402831012181,15.0,1.0
2.478,0.6523227691650391,0.6523227691650391,-0.026372909545898438,0.9976125063612252,0.21695811255887065,5.422677080047562,15.0,1.0
2.479,0.6523227691650391,0.6523227691650391,-0.026372909545898438,0.9978245414574415,0.2071110335231765,5.416010527455112,15.0,1.0
2.48,0.6523227691650391,0.6523227691650391,-0.026372909545898438,0.9980267284282716,0.19726191038512297,5.409194208879509,15.0,1.0
2.481,0.6523227691650391,0.6523227691650391,-0.017581939697265625,0.9982190652782117,0.187410840351788,5.393437221746643,15.0,1.0
2.482,0.6523227691650391,0.6523227691650391,-0.008790969848632812,0.998401550108975,0.17755792064900788,5.37753060465668,15.0,1.0
2.483,0.6523227691650391,0.6523227691650391,-0.008790969848632812,0.9985741811195098,0.16770324852120666,5.3702653976869,15.0,1.0
2.484,0.6523227691650391,0.6523227691650391,-0.017581939697265625,0.9987369566060175,0.1578469212300888,5.37164167254203,15.0,1.0
2.485,0.6523227691650391,0.6523227691650391,0.008790969848632812,0.9988898749619699,0.14798903605361602,5.337704653158946,15.0,1.0
2.486,0.6523227691650391,0.6523227691650391,0.008790969848632812,0.9990329346781247,0.13812969028504085,5.329991203132693,15.0,1.0
2.487,0.6523227691650391,0.6523227691650391,0.0,0.9991661343425401,0.12826898123228148,5.330919458894797,15.0,1.0
2.488,0.6523227691650391,0.6523227691650391,0.017581939697265625,0.9992894726405892,0.11840700621644373,5.3053256186524305,15.0,1.0
2.489,0.6523227691650391,0.6523227691650391,-0.017581939697265625,0.9994029483549729,0.10854386257119586,5.332328490117469,15.0,1.0
2.49,0.6523227691650391,0.6523227691650391,0.008790969848632812,0.9995065603657316,0.0986796476417453,5.2976455458035,15.0,1.0
2.491,0.6523227691650391,0.6523227691650391,-0.008790969848632812,0.9996003076502565,0.08881445878421346,5.3067685059111085,15.0,1.0
2.492,0.6523227691650391,0.6523227691650391,0.0,0.9996841892832999,0.0789483933637598,5.2893696951376725,15.0,1.0
2.493,0.6523227691650391,0.6523227691650391,0.008790969848632812,0.999758204436984,0.06908154875458195,5.271822107985124,15.0,1.0
2.494,0.6523227691650391,0.6523227691650391,-0.008790969848632812,0.999822352380809,0.05921402233821027,5.280498740423392,15.0,1.0
2.495,0.6523227691650391,0.6523227691650391,-0.017581939697265625,0.9998766324816606,0.04934591150356482,5.2802358009501535,15.0,1.0
2.496,0.6523227691650391,0.6523227691650391,-0.017581939697265625,0.9999210442038161,0.0394773136446247,5.271033378923546,15.0,1.0
2.497,0.6523227691650391,0.6523227691650391,0.008790969848632812,0.9999555871089498,0.02960832616048492,5.235309625470514,15.0,1.0
2.498,0.6523227691650391,0.6523227691650391,-0.008790969848632812,0.9999802608561371,0.01973904645416269,5.243392391669266,15.0,1.0
2.499,0.6523227691650391,0.6523227691650391,-0.008790969848632812,0.9999950652018582,0.009869571931460541,5.2337449823323805,15.0,1.0
2.5,0.6523227691650391,0.6523227691650391,-0.017581939697265625,1.0,0.0,5.23274040222168,15.0,1.0
2.501,0.6523227691650391,0.6523227691650391,-0.017581939697265625,0.9999950652018582,-0.009869571931460541,5.222796808318092,15.0,1.0
2.5020000000000002,0.6523227691650391,0.6523227691650391,0.0,0.9999802608561371,-0.019739046454219533,5.195123328912251,15.0,1.0
2.503,0.6523227691650391,0.6523227691650391,-0.008790969848632812,0.9999555871089498,-0.02960832616048492,5.193674912846809,15.0,1.0
2.504,0.6519412994384766,0.6519412994384766,-0.043956756591796875,0.9999210442038161,-0.0394773136446247,5.224175614427265,15.0,1.0
2.505,0.6519412994384766,0.6519412994384766,-0.008790969848632812,0.9998766324816606,-0.04934591150350798,5.178475053992885,15.0,1.0
2.5060000000000002,0.6519412994384766,0.6519412994384766,-0.026372909545898438,0.999822352380809,-0.059214022338267114,5.185374681342617,15.0,1.0
2.507,0.6519412994384766,0.6519412994384766,-0.017581939697265625,0.999758204436984,-0.0690815487545251,5.165753965920353,15.0,1.0
2.508,0.6519412994384766,0.6519412994384766,-0.017581939697265625,0.9996841892832999,-0.0789483933637598,5.154776894005856,15.0,1.0
2.509,0.6519412994384766,0.6519412994384766,-0.03516578674316406,0.9996003076502565,-0.08881445878421346,5.16123645113565,15.0,1.0
2.5100000000000002,0.6519412994384766,0.6519412994384766,-0.03516578674316406,0.9995065603657315,-0.09867964764185899,5.149965053010129,15.0,1.0
2.511,0.6519412994384766,0.6519412994384766,-0.0615386962890625,0.9994029483549729,-0.10854386257113902,5.164919567465368,15.0,1.0
2.512,0.6519412994384766,0.6519412994384766,-0.043956756591796875,0.9992894726405892,-0.11840700621644373,5.135772348407043,15.0,1.0
2.513,0.6519412994384766,0.6519412994384766,-0.0615386962890625,0.9991661343425401,-0.12826898123222463,5.1416422386177905,15.0,1.0
2.5140000000000002,0.6519412994384766,0.6519412994384766,-0.05274772644042969,0.9990329346781247,-0.1381296902850977,5.120992564750054,15.0,1.0
2.515,0.6515598297119141,0.6515598297119141,-0.07912063598632812,0.9988898749619699,-0.14798903605361602,5.14108227868355,15.0,1.0
2.516,0.6515598297119141,0.6515598297119141,-0.08791160583496094,0.9987369566060175,-0.1578469212300888,5.137721588016423,15.0,1.0
2.517,0.6515598297119141,0.6515598297119141,-0.08791160583496094,0.9985741811195098,-0.16770324852120666,5.12542362842769,15.0,1.0
2.5180000000000002,0.6515598297119141,0.6515598297119141,-0.09670257568359375,0.998401550108975,-0.17755792064900788,5.121770460990501,15.0,1.0
2.519,0.6511783599853516,0.6511783599853516,-0.1318683624267578,0.9982190652782118,-0.187410840351788,5.150068101467873,15.0,1.0
2.52,0.6511783599853516,0.6511783599853516,-0.14065933227539062,0.9980267284282716,-0.19726191038517982,5.1461229485340105,15.0,1.0
2.521,0.6511783599853516,0.6511783599853516,-0.14065933227539062,0.9978245414574415,-0.20711103352311966,5.13324102083362,15.0,1.0
2.5220000000000002,0.6507968902587891,0.6507968902587891,-0.11428642272949219,0.9976125063612251,-0.21695811255898434,5.099562551707049,15.0,1.0
2.523,0.6507968902587891,0.6507968902587891,-0.16703224182128906,0.9973906252323236,-0.22680305030559111,5.139135216118715,15.0,1.0
2.524,0.6504154205322266,0.6504154205322266,-0.10549545288085938,0.9971589002606139,-0.23664574959775564,5.070001899208914,15.0,1.0
2.525,0.6504154205322266,0.6504154205322266,-0.14945030212402344,0.9969173337331281,-0.24648611329200776,5.100492886845538,15.0,1.0
2.5260000000000002,0.6504154205322266,0.6504154205322266,-0.16703224182128906,0.9966659280340299,-0.25632404426784205,5.104465810080496,15.0,1.0
2.527,0.6500339508056641,0.6500339508056641,-0.1846160888671875,0.9964046856445924,-0.26615944542874104,5.114017666022371,15.0,1.0
2.528,0.6500339508056641,0.6500339508056641,-0.20219802856445312,0.9961336091431725,-0.275992219703312,5.1177006839237675,15.0,1.0
2.529,0.6496524810791016,0.6496524810791016,-0.22857093811035156,0.9958527012051858,-0.28582227004619654,5.135751969955418,15.0,1.0
2.5300000000000002,0.6492710113525391,0.6492710113525391,-0.22857093811035156,0.99556196460308,-0.2956494994386958,5.127285737429769,15.0,1.0
2.531,0.6492710113525391,0.6492710113525391,-0.20219802856445312,0.9952614022063083,-0.30547381088996417,5.086580080481028,15.0,1.0
2.532,0.6488895416259766,0.6488895416259766,-0.21098899841308594,0.9949510169813002,-0.31529510743797573,5.086616021304964,15.0,1.0
2.533,0.6488895416259766,0.6488895416259766,-0.21098899841308594,0.9946308119914324,-0.3251132921505473,5.071994761744377,15.0,1.0
2.5340000000000003,0.6485080718994141,0.6485080718994141,-0.21098899841308594,0.9943007903969989,-0.3349282681263617,5.062951507750498,15.0,1.0
2.535,0.6485080718994141,0.6485080718994141,-0.20219802856445312,0.9939609554551797,-0.3447399384953087,5.039251343405629,15.0,1.0
2.536,0.6481266021728516,0.6481266021728516,-0.20219802856445312,0.9936113105200084,-0.35454820642013374,5.029920447351672,15.0,1.0
2.537,0.6481266021728516,0.6481266021728516,-0.1934070587158203,0.9932518590423395,-0.3643529750973471,5.005932936660792,15.0,1.0
2.5380000000000003,0.6477451324462891,0.6477451324462891,-0.1846160888671875,0.9928826045698136,-0.3741541477578494,4.987524022962206,15.0,1.0
2.539,0.6477451324462891,0.6477451324462891,-0.16703224182128906,0.9925035507468237,-0.3839516276678978,4.9544568886614115,15.0,1.0
2.54,0.6473636627197266,0.6473636627197266,-0.14945030212402344,0.9921147013144779,-0.3937453181304704,4.926970562914823,15.0,1.0
2.541,0.6473636627197266,0.6473636627197266,-0.14945030212402344,0.9917160601105629,-0.4035351224856072,4.911201140500961,15.0,1.0
2.5420000000000003,0.6469821929931641,0.6469821929931641,-0.16703224182128906,0.9913076310695065,-0.4133209441121153,4.91859286885431,15.0,1.0
2.543,0.6469821929931641,0.6469821929931641,-0.15824127197265625,0.9908894182223387,-0.4231026864276828,4.893746963982593,15.0,1.0
2.544,0.6469821929931641,0.6469821929931641,-0.1846160888671875,0.9904614256966512,-0.43288025289058396,4.9039243265289105,15.0,1.0
2.545,0.6466007232666016,0.6466007232666016,-0.1846160888671875,0.9900236577165576,-0.44265354700002035,4.8933065586165085,15.0,1.0
2.5460000000000003,0.6466007232666016,0.6466007232666016,-0.1846160888671875,0.9895761186026509,-0.4524224722978829,4.876824546610045,15.0,1.0
2.547,0.6462192535400391,0.6462192535400391,-0.1758251190185547,0.9891188127719619,-0.4621869323684109,4.857131575128986,15.0,1.0
2.548,0.6462192535400391,0.6462192535400391,-0.15824127197265625,0.9886517447379142,-0.4719468308406931,4.82278180910009,15.0,1.0
2.549,0.6458377838134766,0.6458377838134766,-0.1758251190185547,0.9881749191102807,-0.48170207138815613,4.82918007708246,15.0,1.0
2.5500000000000003,0.6458377838134766,0.6458377838134766,-0.1758251190185547,0.9876883405951377,-0.49145255773066765,4.812130913012804,15.0,1.0
2.551,0.6454563140869141,0.6454563140869141,-0.20219802856445312,0.9871920139948192,-0.5011981936348775,4.827035333548152,15.0,1.0
2.552,0.6454563140869141,0.6454563140869141,-0.1934070587158203,0.986685944207868,-0.5109388829152408,4.800912627614889,15.0,1.0
2.553,0.6450748443603516,0.6450748443603516,-0.16703224182128906,0.9861701362289889,-0.5206745294349275,4.762787090415921,15.0,1.0
2.5540000000000003,0.6450748443603516,0.6450748443603516,-0.16703224182128906,0.985644595148998,-0.5304050371073572,4.745173466543629,15.0,1.0
2.555,0.6446933746337891,0.6446933746337891,-0.1846160888671875,0.985109326154774,-0.5401303098963695,4.750725051785592,15.0,1.0
2.556,0.6446933746337891,0.6446933746337891,-0.20219802856445312,0.9845643345292054,-0.5498502518170767,4.750412175178623,15.0,1.0
2.557,0.6443119049072266,0.6443119049072266,-0.23736190795898438,0.9840096256511399,-0.5595647669378536,4.773262952179831,15.0,1.0
2.5580000000000003,0.6443119049072266,0.6443119049072266,-0.21977996826171875,0.9834452049953295,-0.569273759380394,4.737505710202869,15.0,1.0
2.559,0.6439304351806641,0.6439304351806641,-0.24615478515625,0.9828710781323791,-0.5789771333205067,4.751287296111468,15.0,1.0
2.56,0.6435489654541016,0.6435489654541016,-0.22857093811035156,0.9822872507286886,-0.5886747929902185,4.7209704242389385,15.0,1.0
2.561,0.6435489654541016,0.6435489654541016,-0.21977996826171875,0.9816937285463988,-0.5983666426773198,4.693584771968857,15.0,1.0
2.562,0.6431674957275391,0.6431674957275391,-0.20219802856445312,0.9810905174433341,-0.6080525867271263,4.662990767574252,15.0,1.0
2.563,0.6431674957275391,0.6431674957275391,-0.20219802856445312,0.9804776233729444,-0.6177325295435594,4.644117413701974,15.0,1.0
2.564,0.6427860260009766,0.6427860260009766,-0.21098899841308594,0.979855052384247,-0.6274063755893735,4.639618018572769,15.0,1.0
2.565,0.6427860260009766,0.6427860260009766,-0.21977996826171875,0.9792228106217659,-0.6370740293874633,4.629257708186095,15.0,1.0
2.566,0.6424045562744141,0.6424045562744141,-0.1934070587158203,0.9785809043254723,-0.6467353955220574,4.589316883959636,15.0,1.0
2.567,0.6424045562744141,0.6424045562744141,-0.20219802856445312,0.9779293398307216,-0.6563903786394008,4.578679403269666,15.0,1.0
2.568,0.6420230865478516,0.6420230865478516,-0.21098899841308594,0.9772681235681934,-0.6660388834486639,4.573625670269549,15.0,1.0
2.569,0.6416416168212891,0.6416416168212891,-0.22857093811035156,0.9765972620638245,-0.6756808147228526,4.57722480202553,15.0,1.0
2.57,0.6416416168212891,0.6416416168212891,-0.22857093811035156,0.9759167619387478,-0.6853160773004561,4.557382037571776,15.0,1.0
2.571,0.6412601470947266,0.6412601470947266,-0.28131866455078125,0.9752266299092234,-0.69494457608522,4.595871330683013,15.0,1.0
2.572,0.6408786773681641,0.6408786773681641,-0.2549457550048828,0.9745268727865772,-0.704566216047283,4.555102470233797,15.0,1.0
2.573,0.6408786773681641,0.6408786773681641,-0.27252769470214844,0.973817497477129,-0.7141809022253369,4.552429094111285,15.0,1.0
2.574,0.6404972076416016,0.6404972076416016,-0.2637367248535156,0.9730985109821267,-0.7237885397262289,4.528967735235164,15.0,1.0
2.575,0.6401157379150391,0.6401157379150391,-0.27252769470214844,0.9723699203976763,-0.7333890337262119,4.522951398215495,15.0,1.0
2.576,0.6401157379150391,0.6401157379150391,-0.2637367248535156,0.9716317329146742,-0.7429822894725362,4.493494360375506,15.0,1.0
2.577,0.6397342681884766,0.6397342681884766,-0.2549457550048828,0.9708839558187313,-0.7525682122840749,4.469622857174629,15.0,1.0
2.578,0.6393527984619141,0.6393527984619141,-0.24615478515625,0.9701265964901061,-0.7621467075509258,4.4456150480282055,15.0,1.0
2.579,0.6393527984619141,0.6393527984619141,-0.22857093811035156,0.9693596624036293,-0.7717176807374813,4.406956216498598,15.0,1.0
2.58,0.6389713287353516,0.6389713287353516,-0.21977996826171875,0.9685831611286311,-0.781281037381973,4.3826764167789385,15.0,1.0
2.581,0.6385898590087891,0.6385898590087891,-0.22857093811035156,0.9677971003288655,-0.790836683098064,4.375842874813434,15.0,1.0
2.582,0.6385898590087891,0.6385898590087891,-0.24615478515625,0.9670014877624351,-0.8003845235751328,4.371944692885808,15.0,1.0
2.583,0.6382083892822266,0.6382083892822266,-0.2637367248535156,0.9661963312817149,-0.8099244645804333,4.373631390265407,15.0,1.0
2.584,0.6378269195556641,0.6378269195556641,-0.2637367248535156,0.9653816388332741,-0.8194564119584129,4.357601102059253,15.0,1.0
2.585,0.6378269195556641,0.6378269195556641,-0.27252769470214844,0.9645574184577983,-0.8289802716320764,4.3445049066020855,15.0,1.0
2.586,0.6374454498291016,0.6374454498291016,-0.28131866455078125,0.96372367829001,-0.8384959496052602,4.3369961418591485,15.0,1.0
2.587,0.6370639801025391,0.6370639801025391,-0.27252769470214844,0.9628804265585875,-0.8480033519620633,4.311771039580812,15.0,1.0
2.588,0.6370639801025391,0.6370639801025391,-0.2637367248535156,0.9620276715860858,-0.8575023848678711,4.280689712238846,15.0,1.0
2.589,0.6366825103759766,0.6366825103759766,-0.23736190795898438,0.9611654217888519,-0.8669929545714581,4.237612624580656,15.0,1.0
2.59,0.6363010406494141,0.6363010406494141,-0.27252769470214844,0.9602936856769431,-0.8764749674044197,4.255942402710664,15.0,1.0
2.591,0.6359195709228516,0.6359195709228516,-0.3164844512939453,0.9594124718540429,-0.8859483297834458,4.28292963547837,15.0,1.0
2.592,0.6359195709228516,0.6359195709228516,-0.3604393005371094,0.9585217890173761,-0.8954129482102644,4.304059623744712,15.0,1.0
2.593,0.6355381011962891,0.6355381011962891,-0.33406639099121094,0.9576216459576224,-0.9048687292727209,4.260450833138491,15.0,1.0
2.594,0.6351566314697266,0.6351566314697266,-0.3692302703857422,0.9567120515588308,-0.9143155796461429,4.278245992076163,15.0,1.0
2.595,0.6347751617431641,0.6347751617431641,-0.378021240234375,0.9557930147983299,-0.9237534060938515,4.269535629968011,15.0,1.0
2.596,0.6343936920166016,0.6343936920166016,-0.35164833068847656,0.9548645447466428,-0.9331821154682984,4.225529006170797,15.0,1.0
2.597,0.6340122222900391,0.6340122222900391,-0.3692302703857422,0.9539266505673935,-0.9426016147121459,4.225345079833912,15.0,1.0
2.598,0.6336307525634766,0.6336307525634766,-0.40439605712890625,0.9529793415172187,-0.9520118108582665,4.242613080576772,15.0,1.0
2.599,0.6332492828369141,0.6332492828369141,-0.41318702697753906,0.9520226269456766,-0.9614126110324719,4.233374577576505,15.0,1.0
2.6,0.6328678131103516,0.6328678131103516,-0.40439605712890625,0.9510565162951536,-0.9708039224524896,4.206422682448448,15.0,1.0
2.601,0.6321048736572266,0.6321048736572266,-0.39560508728027344,0.9500810191007719,-0.9801856524295545,4.1850616165039,15.0,1.0
2.602,0.6317234039306641,0.6317234039306641,-0.4219779968261719,0.9490961449902948,-0.9895577083700005,4.193011404350633,15.0,1.0
2.603,0.6313419342041016,0.6313419342041016,-0.378021240234375,0.9481019036840317,-0.9989199977753742,4.1305007846579525,15.0,1.0
2.604,0.6313419342041016,0.6313419342041016,-0.378021240234375,0.947098304994744,-1.0082724282433446,4.1060943738506674,15.0,1.0
2.605,0.6309604644775391,0.6309604644775391,-0.3076915740966797,0.9460853588275452,-1.017614907469465,4.016950081877306,15.0,1.0
2.606,0.6305789947509766,0.6305789947509766,-0.3076915740966797,0.9450630751798054,-1.0269473432476843,3.998005437281427,15.0,1.0
2.607,0.6301975250244141,0.6301975250244141,-0.3076915740966797,0.9440314641410497,-1.0362696434702912,3.9789310173759223,15.0,1.0
2.608,0.6298160552978516,0.6298160552978516,-0.33406639099121094,0.9429905358928645,-1.0455817161295613,3.9861018837868443,15.0,1.0
2.609,0.6294345855712891,0.6294345855712891,-0.3164844512939453,0.9419403007087908,-1.0548834693195204,3.94918670903695,15.0,1.0
2.61,0.6290531158447266,0.6290531158447266,-0.35164833068847656,0.9408807689542257,-1.0641748112355458,3.9648883160954176,15.0,1.0
2.611,0.6290531158447266,0.6290531158447266,-0.34285736083984375,0.9398119510863193,-1.0734556501755037,3.930784239288231,15.0,1.0
2.612,0.6286716461181641,0.6286716461181641,-0.3076915740966797,0.9387338576538744,-1.0827258945417952,3.87589885259054,15.0,1.0
2.613,0.6282901763916016,0.6282901763916016,-0.29010963439941406,0.937646499297236,-1.0919854528409019,3.838469025143029,15.0,1.0
2.614,0.6279087066650391,0.6279087066650391,-0.33406639099121094,0.9365498867481928,-1.101234233684238,3.86244985855428,15.0,1.0
2.615,0.6275272369384766,0.6275272369384766,-0.3604393005371094,0.9354440308298673,-1.110472145790311,3.868719063117659,15.0,1.0
2.616,0.6271457672119141,0.6271457672119141,-0.3604393005371094,0.934328942456612,-1.1196990979844372,3.8484878312231414,15.0,1.0
2.617,0.6267642974853516,0.6267642974853516,-0.3604393005371094,0.9332046326338986,-1.1289149992005605,3.8281293285647546,15.0,1.0
2.618,0.6263828277587891,0.6263828277587891,-0.35164833068847656,0.9320711124582111,-1.1381197584812526,3.7988528426985537,15.0,1.0
2.619,0.6260013580322266,0.6260013580322266,-0.3604393005371094,0.9309283931169359,-1.1473132849796457,3.787031541828103,15.0,1.0
2.62,0.6256198883056641,0.6256198883056641,-0.3868141174316406,0.9297764858882517,-1.156495487959262,3.792667593211193,15.0,1.0
2.621,0.6252384185791016,0.6252384185791016,-0.40439605712890625,0.9286154021410177,-1.1656662767951502,3.7893845337624974,15.0,1.0
2.622,0.6248569488525391,0.6248569488525391,-0.4395599365234375,0.9274451533346617,-1.174825560975421,3.803557442779856,15.0,1.0
2.623,0.6244754791259766,0.6244754791259766,-0.45714378356933594,0.9262657510190665,-1.183973250101758,3.800024611863927,15.0,1.0
2.624,0.6240940093994141,0.6240940093994141,-0.40439605712890625,0.9250772068344579,-1.1931092538899861,3.726034764764578,15.0,1.0
2.625,0.6237125396728516,0.6237125396728516,-0.4923076629638672,0.9238795325112867,-1.202233482171664,3.7925790733687306,15.0,1.0
2.626,0.6233310699462891,0.6233310699462891,-0.4395599365234375,0.9226727398701149,-1.2113458448939127,3.718339140486912,15.0,1.0
2.6270000000000002,0.6225681304931641,0.6225681304931641,-0.40439605712890625,0.9214568408214986,-1.2204462521220876,3.6672804599318365,15.0,1.0
2.628,0.6221866607666016,0.6221866607666016,-0.378021240234375,0.9202318473658705,-1.2295346140385846,3.6191644251848247,15.0,1.0
2.629,0.6218051910400391,0.6218051910400391,-0.378021240234375,0.9189977715934217,-1.2386108409446024,3.597299107590512,15.0,1.0
2.63,0.6214237213134766,0.6214237213134766,-0.41318702697753906,0.9177546256839815,-1.247674843261791,3.6104757492733217,15.0,1.0
2.6310000000000002,0.6210422515869141,0.6210422515869141,-0.4307689666748047,0.9165024219068977,-1.2567265315319673,3.605944989942592,15.0,1.0
2.632,0.6206607818603516,0.6206607818603516,-0.4483509063720703,0.9152411726209173,-1.2657658164184227,3.6012909513621336,15.0,1.0
2.633,0.6202793121337891,0.6202793121337891,-0.4219779968261719,0.9139708902740611,-1.2747926087074006,3.552559060222851,15.0,1.0
2.634,0.6198978424072266,0.6198978424072266,-0.4219779968261719,0.9126915874035028,-1.283806819307756,3.530077352462559,15.0,1.0
2.6350000000000002,0.6195163726806641,0.6195163726806641,-0.47472572326660156,0.9114032766354453,-1.2928083592533994,3.5602209233349207,15.0,1.0
2.636,0.6187534332275391,0.6187534332275391,-0.5186805725097656,0.9101059706849958,-1.3017971397026713,3.5871714946689446,15.0,1.0
2.637,0.6183719635009766,0.6183719635009766,-0.5186805725097656,0.9087996823560403,-1.3107730719394226,3.5643232833962983,15.0,1.0
2.638,0.6179904937744141,0.6179904937744141,-0.5450553894042969,0.9074844245411172,-1.3197360673751746,3.5677282835296698,15.0,1.0
2.6390000000000002,0.6172275543212891,0.6172275543212891,-0.5890102386474609,0.9061602102212895,-1.3286860375488345,3.5943140395986326,15.0,1.0
2.64,0.6164646148681641,0.6164646148681641,-0.6417579650878906,0.9048270524660192,-1.3376228941276054,3.629571634928113,15.0,1.0
2.641,0.6160831451416016,0.6160831451416016,-0.6065940856933594,0.9034849644330346,-1.3465465489081225,3.5710748261567327,15.0,1.0
2.642,0.6153202056884766,0.6153202056884766,-0.6417579650878906,0.9021339593682034,-1.3554569138181023,3.5885073564656906,15.0,1.0
2.6430000000000002,0.6145572662353516,0.6145572662353516,-0.6065940856933594,0.9007740506053981,-1.3643539009160008,3.5354919503280557,15.0,1.0
2.644,0.6141757965087891,0.6141757965087891,-0.5362644195556641,0.8994052515663711,-1.3732374223912984,3.441468823028096,15.0,1.0
2.645,0.6137943267822266,0.6137943267822266,-0.5186805725097656,0.8980275757606158,-1.3821073905676258,3.4000719166179776,15.0,1.0
2.646,0.6130313873291016,0.6130313873291016,-0.5186805725097656,0.8966410367852361,-1.390963717902082,3.381861596449702,15.0,1.0
2.6470000000000002,0.6126499176025391,0.6126499176025391,-0.5538463592529297,0.8952456483248111,-1.3998063169862007,3.3929760031008103,15.0,1.0
2.648,0.6118869781494141,0.6118869781494141,-0.5362644195556641,0.8938414241512633,-1.4086351005465758,3.356946009036827,15.0,1.0
2.649,0.6115055084228516,0.6115055084228516,-0.5010986328125,0.8924283781237183,-1.4174499814475894,3.2974916968779127,15.0,1.0
2.65,0.6111240386962891,0.6111240386962891,-0.5538463592529297,0.8910065241883685,-1.4262508726900478,3.325832768944073,15.0,1.0
2.6510000000000002,0.6103610992431641,0.6103610992431641,-0.5626373291015625,0.8895758763783378,-1.4350376874118638,3.315821298717305,15.0,1.0
2.652,0.6099796295166016,0.6099796295166016,-0.5186805725097656,0.8881364488135445,-1.4438103388907848,3.247222523073124,15.0,1.0
2.653,0.6095981597900391,0.6095981597900391,-0.5186805725097656,0.8866882557005565,-1.4525687405447343,3.222463270622794,15.0,1.0
2.654,0.6088352203369141,0.6088352203369141,-0.5626373291015625,0.8852313113324554,-1.461312805931243,3.2472658881034393,15.0,1.0
2.6550000000000002,0.6084537506103516,0.6084537506103516,-0.5890102386474609,0.8837656300886936,-1.4700424487507462,3.248645982071845,15.0,1.0
2.656,0.6076908111572266,0.6076908111572266,-0.5186805725097656,0.8822912264349536,-1.4787575828449349,3.1589292188307363,15.0,1.0
2.657,0.6073093414306641,0.6073093414306641,-0.5098896026611328,0.880808114923004,-1.487458122198575,3.124913082847657,15.0,1.0
2.658,0.6065464019775391,0.6065464019775391,-0.5450553894042969,0.8793163101905568,-1.4961439809411559,3.1404600316584066,15.0,1.0
2.6590000000000003,0.6061649322509766,0.6061649322509766,-0.4835166931152344,0.8778158269611214,-1.504815073346549,3.053465040420857,15.0,1.0
2.66,0.6057834625244141,0.6057834625244141,-0.4835166931152344,0.8763066800438634,-1.5134713138344864,3.0278936420724873,15.0,1.0
2.661,0.6054019927978516,0.6054019927978516,-0.46593475341796875,0.8747888843334527,-1.5221126169717536,2.9846255094802325,15.0,1.0
2.662,0.6046390533447266,0.6046390533447266,-0.5098896026611328,0.8732624548099202,-1.5307388974716787,3.008501727167358,15.0,1.0
2.6630000000000003,0.6042575836181641,0.6042575836181641,-0.5362644195556641,0.871727406538509,-1.5393500701969174,3.0089616931639203,15.0,1.0
2.664,0.6034946441650391,0.6034946441650391,-0.5538463592529297,0.8701837546695259,-1.5479460501588846,3.0062369666613478,15.0,1.0
2.665,0.6031131744384766,0.6031131744384766,-0.5274734497070312,0.8686315144381915,-1.5565267525178683,2.9537217971848877,15.0,1.0
2.666,0.6023502349853516,0.6023502349853516,-0.6153850555419922,0.8670707011644905,-1.5650920925862692,3.0210999556428066,15.0,1.0
2.6670000000000003,0.6019687652587891,0.6019687652587891,-0.6593399047851562,0.8655013302530186,-1.573641985827578,3.0386863938710205,15.0,1.0
2.668,0.6012058258056641,0.6012058258056641,-0.6681327819824219,0.863923417192835,-1.582176347857569,3.0267203049324176,15.0,1.0
2.669,0.6004428863525391,0.6004428863525391,-0.7560443878173828,0.8623369775573038,-1.5906950944458913,3.0937606614429622,15.0,1.0
2.67,0.5996799468994141,0.5996799468994141,-0.7648353576660156,0.8607420270039435,-1.5991981415154441,3.0815684177185134,15.0,1.0
2.6710000000000003,0.5989170074462891,0.5989170074462891,-0.7384624481201172,0.8591385812742723,-1.6076854051454461,3.03410065039442,15.0,1.0
2.672,0.5981540679931641,0.5981540679931641,-0.7824172973632812,0.8575266561936523,-1.6161568015697299,3.056849318800875,15.0,1.0
2.673,0.5973911285400391,0.5973911285400391,-0.7032966613769531,0.8559062676711332,-1.624612247178618,2.956411501164747,15.0,1.0
2.674,0.5966281890869141,0.5966281890869141,-0.6857147216796875,0.8542774316992955,-1.6330516585205714,2.9174017023448373,15.0,1.0
2.6750000000000003,0.5958652496337891,0.5958652496337891,-0.74725341796875,0.8526401643540917,-1.6414749523018486,2.9574021864714415,15.0,1.0
2.676,0.5951023101806641,0.5951023101806641,-0.7120876312255859,0.8509944817946914,-1.6498820453879262,2.90058816004807,15.0,1.0
2.677,0.5947208404541016,0.5947208404541016,-0.7384624481201172,0.8493404002633163,-1.6582728548038972,2.89948299045444,15.0,1.0
2.678,0.5935754776000977,0.5935754776000977,-0.7912082672119141,0.8476779360850839,-1.6666472977369153,2.9360978467497922,15.0,1.0
2.6790000000000003,0.5928125381469727,0.5928125381469727,-0.7736263275146484,0.8460071056678421,-1.6750052915342621,2.896539548793428,15.0,1.0
2.68,0.5920495986938477,0.5920495986938477,-0.8175830841064453,0.8443279255020151,-1.6833467537051092,2.918411232523847,15.0,1.0
2.681,0.5912866592407227,0.5912866592407227,-0.8175830841064453,0.8426404121604323,-1.6916716019230762,2.8962177759790135,15.0,1.0
2.682,0.5905237197875977,0.5905237197875977,-0.7648353576660156,0.8409445822981693,-1.6999797540254349,2.821168541299155,15.0,1.0
2.6830000000000003,0.5897607803344727,0.5897607803344727,-0.7912082672119141,0.839240452652381,-1.708271128013962,2.8251322239665773,15.0,1.0
2.684,0.5889978408813477,0.5889978408813477,-0.6857147216796875,0.8375280400421411,-1.71654564205528,2.697122067036309,15.0,1.0
2.685,0.5882349014282227,0.5882349014282227,-0.6593399047851562,0.8358073613682708,-1.7248032144848366,2.648123589401042,15.0,1.0
2.686,0.5878534317016602,0.5878534317016602,-0.6945056915283203,0.8340784336131718,-1.7330437638036642,2.6548369563973306,15.0,1.0
2.6870000000000003,0.5870904922485352,0.5870904922485352,-0.7032966613769531,0.8323412738406631,-1.741267208679517,2.640791176579356,15.0,1.0
2.688,0.5863275527954102,0.5863275527954102,-0.6945056915283203,0.8305958991958126,-1.7494734679508497,2.6090574195835066,15.0,1.0
2.689,0.5855646133422852,0.5855646133422852,-0.7648353576660156,0.8288423269047619,-1.757662460625511,2.656338600477656,15.0,1.0
2.69,0.5848016738891602,0.5848016738891602,-0.7384624481201172,0.8270805742745619,-1.765834105881197,2.606811848019947,15.0,1.0
2.691,0.5840387344360352,0.5840387344360352,-0.8087921142578125,0.8253106586929998,-1.7739883230668738,2.6538826550454084,15.0,1.0
2.692,0.5832757949829102,0.5832757949829102,-0.8527469635009766,0.8235325976284278,-1.7821250317043678,2.6744739714793733,15.0,1.0
2.693,0.5825128555297852,0.5825128555297852,-0.7999992370605469,0.8217464086295907,-1.7902441514876841,2.598258382069946,15.0,1.0
2.694,0.5813684463500977,0.5813684463500977,-0.8527469635009766,0.8199521093254528,-1.7983456022835185,2.6331563058477854,15.0,1.0
2.695,0.5806055068969727,0.5806055068969727,-0.7912082672119141,0.8181497174250241,-1.8064293041343262,2.547942120998359,15.0,1.0
2.696,0.5798425674438477,0.5798425674438477,-0.7912082672119141,0.8163392507171837,-1.8144951772572426,2.5241633390547125,15.0,1.0
2.697,0.5790796279907227,0.5790796279907227,-0.8615379333496094,0.8145207270705093,-1.822543142045106,2.5706112775013024,15.0,1.0
2.698,0.5783166885375977,0.5783166885375977,-0.8263740539550781,0.812694164433094,-1.8305731190681058,2.5114630733194168,15.0,1.0
2.699,0.5775537490844727,0.5775537490844727,-0.8791217803955078,0.8108595808323735,-1.8385850290729309,2.54012422754109,15.0,1.0
2.7,0.5764093399047852,0.5764093399047852,-0.8615379333496094,0.8090169943749477,-1.8465787929862927,2.5040739574157547,15.0,1.0
2.701,0.5756464004516602,0.5756464004516602,-0.8351650238037109,0.8071664232464005,-1.8545543319128797,2.453411033811937,15.0,1.0
2.702,0.5748834609985352,0.5748834609985352,-0.9142856597900391,0.8053078857111223,-1.86251156713638,2.5081404633424667,15.0,1.0
2.703,0.5737390518188477,0.5737390518188477,-0.8351650238037109,0.8034414001121282,-1.870450420122836,2.4102498280800826,15.0,1.0
2.704,0.5729761123657227,0.5729761123657227,-0.8439559936523438,0.8015669848708762,-1.8783708125187673,2.3944482687108795,15.0,1.0
2.705,0.5722131729125977,0.5722131729125977,-0.7736263275146484,0.7996846584870902,-1.8862726661528768,2.2994259449791605,15.0,1.0
2.706,0.5714502334594727,0.5714502334594727,-0.7824172973632812,0.7977944395385709,-1.894155903037415,2.2834244855123393,15.0,1.0
2.707,0.5706872940063477,0.5706872940063477,-0.8439559936523438,0.7958963466810158,-1.9020204453674978,2.3200713384048686,15.0,1.0
2.708,0.5699243545532227,0.5699243545532227,-0.7912082672119141,0.7939903986478354,-1.9098662155241186,2.242332713106986,15.0,1.0
2.709,0.5691614151000977,0.5691614151000977,-0.8615379333496094,0.7920766142499672,-1.9176931360725575,2.2875727845250955,15.0,1.0
2.71,0.5680170059204102,0.5680170059204102,-0.8527469635009766,0.7901550123756906,-1.9255011297635747,2.259315930566609,15.0,1.0
2.711,0.5672540664672852,0.5672540664672852,-0.9054946899414062,0.7882256119904405,-1.9332901195358545,2.286777753252882,15.0,1.0
2.712,0.5661096572875977,0.5661096572875977,-0.9582424163818359,0.7862884321366184,-1.94106002851521,2.3198640106019366,15.0,1.0
2.713,0.5653467178344727,0.5653467178344727,-0.9406585693359375,0.7843434919334097,-1.9488107800149237,2.276799400805069,15.0,1.0
2.714,0.5645837783813477,0.5645837783813477,-0.9142856597900391,0.7823908105765889,-1.9565422975397269,2.2248488451789306,15.0,1.0
2.715,0.5634393692016602,0.5634393692016602,-0.9054946899414062,0.7804304073383307,-1.9642545047825593,2.196105757208905,15.0,1.0
2.716,0.5622949600219727,0.5622949600219727,-1.0197811126708984,0.7784623015670233,-1.9719473256258198,2.290343910220839,15.0,1.0
2.717,0.5615320205688477,0.5615320205688477,-1.0109882354736328,0.7764865126870787,-1.9796206841448338,2.2556849331022644,15.0,1.0
2.718,0.5603876113891602,0.5603876113891602,-1.037363052368164,0.774503060198734,-1.9872745046071714,2.261820279904601,15.0,1.0
2.719,0.5596246719360352,0.5596246719360352,-0.9846153259277344,0.7725119636778648,-1.9949087114724762,2.1830159905827027,15.0,1.0
2.72,0.5584802627563477,0.5584802627563477,-1.0285720825195312,0.7705132427757886,-2.0025232293936597,2.2065435534174855,15.0,1.0
2.721,0.5573358535766602,0.5573358535766602,-0.9934062957763672,0.7685069172190772,-2.0101179832192315,2.150854267193391,15.0,1.0
2.722,0.5565729141235352,0.5565729141235352,-1.0197811126708984,0.7664930068093505,-2.0176928979925606,2.150889604965568,15.0,1.0
2.723,0.5554285049438477,0.5554285049438477,-0.9406585693359375,0.7644715314230924,-2.025247898951193,2.051056067573416,15.0,1.0
2.724,0.5546655654907227,0.5546655654907227,-1.0197811126708984,0.7624425110114477,-2.032782911530603,2.1036523839511707,15.0,1.0
2.725,0.5535211563110352,0.5535211563110352,-1.0197811126708984,0.7604059656000308,-2.040297861363115,2.0827553906427188,15.0,1.0
2.726,0.5523767471313477,0.5523767471313477,-1.0901107788085938,0.7583619152887219,-2.047792674279549,2.132095626889658,15.0,1.0
2.727,0.5512323379516602,0.5512323379516602,-1.0461540222167969,0.7563103802514721,-2.055267276308598,2.0670573804053785,15.0,1.0
2.728,0.5500879287719727,0.5500879287719727,-1.125274658203125,0.7542513807361041,-2.062721593679953,2.1250048439851437,15.0,1.0
2.729,0.5493249893188477,0.5493249893188477,-1.0637359619140625,0.7521849370641118,-2.0701555528222,2.036479625270825,15.0,1.0
2.73,0.5481805801391602,0.5481805801391602,-1.1076927185058594,0.7501110696304601,-2.077569080364583,2.0590809805107764,15.0,1.0
2.731,0.5470361709594727,0.5470361709594727,-1.0725269317626953,0.7480297989033832,-2.0849621031389347,2.002469247782418,15.0,1.0
2.732,0.5458917617797852,0.5458917617797852,-1.160440444946289,0.7459411454241818,-2.0923345481789966,2.0688466514332418,15.0,1.0
2.733,0.5447473526000977,0.5447473526000977,-1.1340656280517578,0.7438451298070249,-2.0996863427215544,2.0208459434341117,15.0,1.0
2.734,0.5436029434204102,0.5436029434204102,-1.1780223846435547,0.7417417727387391,-2.1070174142077462,2.0430874102107426,15.0,1.0
2.735,0.5424585342407227,0.5424585342407227,-1.125274658203125,0.7396310949786098,-2.114327690282323,1.9685353789891087,15.0,1.0
2.736,0.5413141250610352,0.5413141250610352,-1.1164836883544922,0.737513117358174,-2.121617098796662,1.9378514740149133,15.0,1.0
2.737,0.5401697158813477,0.5401697158813477,-1.1076927185058594,0.7353878607810161,-2.1288855678070036,1.9070793241938833,15.0,1.0
2.738,0.5390253067016602,0.5390253067016602,-1.0197811126708984,0.7332553462225605,-2.1361330255759867,1.7970986799084168,15.0,1.0
2.739,0.5382623672485352,0.5382623672485352,-1.037363052368164,0.7311155947298646,-2.143359400574468,1.7868020640136386,15.0,1.0
2.74,0.5371179580688477,0.5371179580688477,-1.0813179016113281,0.728968627421411,-2.150564621480896,1.8085133204188821,15.0,1.0
2.741,0.5359735488891602,0.5359735488891602,-1.1692314147949219,0.7268144654869024,-2.1577486171825058,1.8740965465785502,15.0,1.0
2.742,0.5348291397094727,0.5348291397094727,-1.1076927185058594,0.7246531301870465,-2.1649113167766245,1.790141258892842,15.0,1.0
2.743,0.5336847305297852,0.5336847305297852,-1.1956043243408203,0.7224846428533497,-2.1720526495695367,1.8555503596247513,15.0,1.0
2.744,0.5325403213500977,0.5325403213500977,-1.160440444946289,0.7203090248879069,-2.179172545080064,1.797798452933364,15.0,1.0
2.745,0.5310134887695312,0.5310134887695312,-1.1780223846435547,0.718126297763189,-2.1862709330379744,1.7984435865104471,15.0,1.0
2.746,0.5298690795898438,0.5298690795898438,-1.1428565979003906,0.7159364830218314,-2.1933477433838675,1.7405199059963383,15.0,1.0
2.747,0.5287246704101562,0.5287246704101562,-1.2043952941894531,0.7137396022764217,-2.200402906273098,1.7792163659103375,15.0,1.0
2.748,0.5275802612304688,0.5275802612304688,-1.2571430206298828,0.7115356772092847,-2.207436352074012,1.8090379082381096,15.0,1.0
2.749,0.5264358520507812,0.5264358520507812,-1.2043952941894531,0.7093247295722733,-2.214448011368404,1.7332804456434303,15.0,1.0
2.75,0.5252914428710938,0.5252914428710938,-1.2835159301757812,0.7071067811865483,-2.2214378149556637,1.7893081899519365,15.0,1.0
2.751,0.5237655639648438,0.5237655639648438,-1.213186264038086,0.7048818539423625,-2.228405693849311,1.7015249198515559,15.0,1.0
2.7520000000000002,0.5226211547851562,0.5226211547851562,-1.1780223846435547,0.7026499697988491,-2.2353515792778467,1.6431030305711003,15.0,1.0
2.753,0.5214767456054688,0.5214767456054688,-1.1516475677490234,0.7004111507838063,-2.2422754026883354,1.593388242735752,15.0,1.0
2.754,0.5203323364257812,0.5203323364257812,-1.213186264038086,0.6981654189934728,-2.24917709574612,1.63150540680734,15.0,1.0
2.755,0.5191879272460938,0.5191879272460938,-1.3010997772216797,0.6959127965923146,-2.256056590334026,1.695916227080967,15.0,1.0
2.7560000000000002,0.5176620483398438,0.5176620483398438,-1.2571430206298828,0.6936533058128042,-2.2629138185535567,1.6340980641707321,15.0,1.0
2.757,0.5165176391601562,0.5165176391601562,-1.3186817169189453,0.691386968955207,-2.2697487127277327,1.6719729511169739,15.0,1.0
2.758,0.5149917602539062,0.5149917602539062,-1.3098907470703125,0.6891138083873493,-2.2765612053992186,1.645160263672739,15.0,1.0
2.759,0.5138473510742188,0.5138473510742188,-1.2659339904785156,0.6868338465444092,-2.283351229330151,1.5773801932012206,15.0,1.0
2.7600000000000002,0.5127029418945312,0.5127029418945312,-1.336263656616211,0.6845471059286884,-2.290118717506175,1.6238073996223932,15.0,1.0
2.761,0.5111770629882812,0.5111770629882812,-1.371429443359375,0.6822536091093963,-2.2968636031348524,1.6407140320412479,15.0,1.0
2.762,0.5100326538085938,0.5100326538085938,-1.3450546264648438,0.6799533787224192,-2.3035858196471395,1.5902796805250867,15.0,1.0
2.763,0.5085067749023438,0.5085067749023438,-1.3274726867675781,0.6776464374701024,-2.3102853006970463,1.5542823245869122,15.0,1.0
2.7640000000000002,0.5073623657226562,0.5073623657226562,-1.292306900024414,0.6753328081210247,-2.3169619801641375,1.4949015558358032,15.0,1.0
2.765,0.5058364868164062,0.5058364868164062,-1.24835205078125,0.6730125135097738,-2.3236157921522818,1.4323766590294809,15.0,1.0
2.766,0.5046920776367188,0.5046920776367188,-1.2835159301757812,0.6706855765367207,-2.3302466709902205,1.4431717426855895,15.0,1.0
2.767,0.5035476684570312,0.5035476684570312,-1.3186817169189453,0.6683520201677938,-2.33685455123441,1.4538924413459742,15.0,1.0
2.7680000000000002,0.5020217895507812,0.5020217895507812,-1.3450546264648438,0.6660118674342512,-2.3434393676675427,1.4614664270493507,15.0,1.0
2.769,0.5008773803710938,0.5008773803710938,-1.2747249603271484,0.6636651414324582,-2.3500010553000266,1.3665403209475895,15.0,1.0
2.77,0.49935150146484375,0.49935150146484375,-1.2747249603271484,0.6613118653236517,-2.3565395493709502,1.3475908688383176,15.0,1.0
2.771,0.49820709228515625,0.49820709228515625,-1.3538455963134766,0.658952062333717,-2.363054785347231,1.4019653616946561,15.0,1.0
2.7720000000000002,0.49668121337890625,0.49668121337890625,-1.3626365661621094,0.6565857557529566,-2.369546698927593,1.391658002845272,15.0,1.0
2.773,0.49515533447265625,0.49515533447265625,-1.4857139587402344,0.6542129689358613,-2.3760152260389305,1.49556324964938,15.0,1.0
2.774,0.49362945556640625,0.49362945556640625,-1.5208797454833984,0.6518337253008792,-2.3824603028388083,1.511483488661685,15.0,1.0
2.775,0.49248504638671875,0.49248504638671875,-1.3802204132080078,0.6494480483301842,-2.388881865717451,1.3457835766425386,15.0,1.0
2.7760000000000002,0.49095916748046875,0.49095916748046875,-1.3098907470703125,0.6470559615694437,-2.3952798512964364,1.2560628071085,15.0,1.0
2.777,0.48981475830078125,0.48981475830078125,-1.3274726867675781,0.6446574886275909,-2.4016541964300586,1.2484594452396638,15.0,1.0
2.778,0.48828887939453125,0.48828887939453125,-1.3186817169189453,0.6422526531765841,-2.4080048382065797,1.2201334854431582,15.0,1.0
2.779,0.48676300048828125,0.48676300048828125,-1.4769229888916016,0.6398414789511783,-2.414331713946865,1.3587684518881917,15.0,1.0
2.7800000000000002,0.48523712158203125,0.48523712158203125,-1.5296707153320312,0.6374239897486897,-2.4206347612085324,1.3918389766233763,15.0,1.0
2.781,0.48409271240234375,0.48409271240234375,-1.3978023529052734,0.6350002094287608,-2.4269139177827697,1.2345008905187593,15.0,1.0
2.782,0.48256683349609375,0.48256683349609375,-1.371429443359375,0.6325701619131248,-2.433169121695869,1.188310247918971,15.0,1.0
2.783,0.48104095458984375,0.48104095458984375,-1.4241752624511719,0.6301338711853696,-2.439400311212239,1.22116870017182,15.0,1.0
2.7840000000000003,0.47951507568359375,0.47951507568359375,-1.5120887756347656,0.6276913612906997,-2.4456074248323034,1.2891256349090514,15.0,1.0
2.785,0.47798919677734375,0.47798919677734375,-1.6527481079101562,0.6252426563357045,-2.4517904012940903,1.4097595999914776,15.0,1.0
2.786,0.47646331787109375,0.47646331787109375,-1.538461685180664,0.622787780488112,-2.4579491795739727,1.275379444861965,15.0,1.0
2.787,0.47493743896484375,0.47493743896484375,-1.4857139587402344,0.6203267579765571,-2.4640836988886576,1.2024700450272774,15.0,1.0
2.7880000000000003,0.47379302978515625,0.47379302978515625,-1.3538455963134766,0.6178596130903342,-2.470193898692628,1.044650447198518,15.0,1.0
2.789,0.47226715087890625,0.47226715087890625,-1.336263656616211,0.6153863701791714,-2.476279718679052,1.0067722274411364,15.0,1.0
2.79,0.47074127197265625,0.47074127197265625,-1.5648345947265625,0.6129070536529766,-2.482341098784559,1.2149802211468086,15.0,1.0
2.791,0.46921539306640625,0.46921539306640625,-1.6351642608642578,0.6104216879816028,-2.4883779791858274,1.2648807054063784,15.0,1.0
2.7920000000000003,0.46768856048583984,0.46768856048583984,-1.5296707153320312,0.6079302976946044,-2.4943903003001537,1.1389064731633454,15.0,1.0
2.793,0.46616268157958984,0.46616268157958984,-1.4945049285888672,0.605432907381002,-2.5003780027897164,1.0831803128203328,15.0,1.0
2.794,0.46463680267333984,0.46463680267333984,-1.4681320190429688,0.6029295416890255,-2.506341027558733,1.0361820767195198,15.0,1.0
2.795,0.46311092376708984,0.46311092376708984,-1.5912094116210938,0.600420225325885,-2.512279315753119,1.1385696192499024,15.0,1.0
2.7960000000000003,0.46120357513427734,0.46120357513427734,-1.7670326232910156,0.5979049830575185,-2.5181928087648657,1.2993609333747669,15.0,1.0
2.797,0.45967769622802734,0.45967769622802734,-1.6439552307128906,0.5953838397083547,-2.524081448229879,1.1554659346879226,15.0,1.0
2.798,0.45815181732177734,0.45815181732177734,-1.538461685180664,0.5928568201610592,-2.52994517603031,1.0290915517395822,15.0,1.0
2.799,0.45662593841552734,0.45662593841552734,-1.4681320190429688,0.5903239493562946,-2.535783934292624,0.9378182488618538,15.0,1.0
2.8000000000000003,0.45510005950927734,0.45510005950927734,-1.4857139587402344,0.5877852522924734,-2.541597665391805,0.9343941850963695,15.0,1.0
2.801,0.45357418060302734,0.45357418060302734,-1.7230777740478516,0.5852407540255106,-2.547386311948628,1.1506900634364716,15.0,1.0
2.802,0.45166683197021484,0.45166683197021484,-1.714284896850586,0.5826904796685767,-2.553149816830455,1.1264897954955582,15.0,1.0
2.803,0.45014095306396484,0.45014095306396484,-1.626373291015625,0.5801344543918502,-2.5588881231545315,1.0173876877793737,15.0,1.0
2.8040000000000003,0.44861507415771484,0.44861507415771484,-1.5032958984375,0.5775727034222671,-2.564601174285656,0.8730591631201277,15.0,1.0
2.805,0.44708919525146484,0.44708919525146484,-1.5648345947265625,0.5750052520432782,-2.5702889138385103,0.9132865327652531,15.0,1.0
2.806,0.44518184661865234,0.44518184661865234,-1.7934074401855469,0.5724321255945907,-2.5759512856775473,1.1262103391470744,15.0,1.0
2.807,0.44327449798583984,0.44327449798583984,-1.8197803497314453,0.5698533494719237,-2.5815882339167615,1.1368748881059414,15.0,1.0
2.8080000000000003,0.44174861907958984,0.44174861907958984,-1.6527481079101562,0.5672689491267566,-2.5871997029229306,0.9483533556947275,15.0,1.0
2.809,0.44022274017333984,0.44022274017333984,-1.4769229888916016,0.5646789500660774,-2.5927856373131135,0.7509804999695511,15.0,1.0
2.81,0.43869686126708984,0.43869686126708984,-1.4681320190429688,0.562083377852131,-2.5983459819551626,0.7205837858634239,15.0,1.0
2.811,0.43717098236083984,0.43717098236083984,-1.7318687438964844,0.5594822581021676,-2.603880681971532,0.9626571980448682,15.0,1.0
2.8120000000000003,0.43526363372802734,0.43526363372802734,-1.8109893798828125,0.5568756164881873,-2.609389682736719,1.0257794385484926,15.0,1.0
2.813,0.43373775482177734,0.43373775482177734,-1.7054939270019531,0.5542634787366936,-2.614872929879027,0.8985068558466693,15.0,1.0
2.814,0.43183040618896484,0.43183040618896484,-1.538461685180664,0.5516458706284298,-2.620330369281362,0.715363282491277,15.0,1.0
2.815,0.43030452728271484,0.43030452728271484,-1.5912094116210938,0.5490228179981315,-2.6257619470799796,0.7462218252723636,15.0,1.0
2.816,0.42839717864990234,0.42839717864990234,-1.8813190460205078,0.5463943467342705,-2.6311676096690917,1.0201089576169378,15.0,1.0
2.817,0.42648983001708984,0.42648983001708984,-1.8989009857177734,0.5437604827787926,-2.6365473036968297,1.0214134734464855,15.0,1.0
2.818,0.42496395111083984,0.42496395111083984,-1.6879119873046875,0.5411212521268761,-2.6419009760662675,0.788370526478964,15.0,1.0
2.819,0.42343807220458984,0.42343807220458984,-1.5648345947265625,0.5384766808266607,-2.647228573939742,0.6431851501178829,15.0,1.0
2.82,0.42191219329833984,0.42191219329833984,-1.5736255645751953,0.5358267949789972,-2.652530044736068,0.629814545048988,15.0,1.0
2.821,0.42000484466552734,0.42000484466552734,-1.837362289428711,0.5331716207371879,-2.6578053361315597,0.8770585943720601,15.0,1.0
2.822,0.41809749603271484,0.41809749603271484,-1.8637371063232422,0.5305111843067335,-2.663054396060545,0.8868880343729768,15.0,1.0
2.823,0.41619014739990234,0.41619014739990234,-1.7318687438964844,0.5278455119450675,-2.6682771727186037,0.7384220393553576,15.0,1.0
2.824,0.41466426849365234,0.41466426849365234,-1.6703300476074219,0.5251746299612969,-2.6734736145589864,0.6545118550631044,15.0,1.0
2.825,0.41313838958740234,0.41313838958740234,-1.7318687438964844,0.5224985647159488,-2.678643670293411,0.6936277005312701,15.0,1.0
2.826,0.41084957122802734,0.41084957122802734,-1.916482925415039,0.5198173426207096,-2.683787288895985,0.8672122074092872,15.0,1.0
2.827,0.40894222259521484,0.40894222259521484,-1.837362289428711,0.5171309901381574,-2.688904419601613,0.7712893829712368,15.0,1.0
2.828,0.40741634368896484,0.40741634368896484,-1.7406597137451172,0.5144395337815069,-2.6939950119063667,0.6520125532268808,15.0,1.0
2.829,0.40588951110839844,0.40588951110839844,-1.6000003814697266,0.511743000114344,-2.6990590155670873,0.4887437009918232,15.0,1.0
2.83,0.40398216247558594,0.40398216247558594,-1.7318687438964844,0.5090414157503721,-2.7040963806055345,0.6036611624127421,15.0,1.0
2.831,0.40207481384277344,0.40207481384277344,-1.9076919555664062,0.5063348073531335,-2.7091070573054026,0.7624848009164049,15.0,1.0
2.832,0.40054893493652344,0.40054893493652344,-1.8461532592773438,0.5036232016357619,-2.7140909962116098,0.6781762635543109,15.0,1.0
2.833,0.39864158630371094,0.39864158630371094,-1.714284896850586,0.5009066253607096,-2.7190481481353004,0.529212334570266,15.0,1.0
2.834,0.39711570739746094,0.39711570739746094,-1.6967029571533203,0.49818510533949073,-2.7239784641513154,0.48876546213245176,15.0,1.0
2.835,0.39520835876464844,0.39520835876464844,-1.960439682006836,0.4954586684324076,-2.7288818955997556,0.7353124314234678,15.0,1.0
2.836,0.39291954040527344,0.39291954040527344,-1.9516487121582031,0.4927273415482918,-2.7337583940849868,0.7150073352184916,15.0,1.0
2.837,0.39139366149902344,0.39139366149902344,-1.8197803497314453,0.489991151644237,-2.738607911479164,0.5601347904304848,15.0,1.0
2.838,0.38948631286621094,0.38948631286621094,-1.6967029571533203,0.4872501257253329,-2.743430399919447,0.4197297501207027,15.0,1.0
2.839,0.38757896423339844,0.38757896423339844,-1.8461532592773438,0.4845042908443987,-2.748225811808652,0.5518073466336961,15.0,1.0
2.84,0.38567161560058594,0.38567161560058594,-1.9956035614013672,0.4817536741017162,-2.75299409981875,0.6838403390995715,15.0,1.0
2.841,0.38376426696777344,0.38376426696777344,-1.9428577423095703,0.47899830264476057,-2.7577352168883635,0.6136330605760136,15.0,1.0
2.842,0.38185691833496094,0.38185691833496094,-1.8109893798828125,0.47623820366793884,-2.7624491162245874,0.46425954365289357,15.0,1.0
2.843,0.37994956970214844,0.37994956970214844,-1.8197803497314453,0.473473404412312,-2.767135751303414,0.4555021190804851,15.0,1.0
2.844,0.37804222106933594,0.37804222106933594,-2.0747251510620117,0.47070393216533263,-2.7717950758688517,0.6928557416331105,15.0,1.0
2.845,0.37613487243652344,0.37613487243652344,-1.960439682006836,0.4679298142605736,-2.7764270439366214,0.5609367654309672,15.0,1.0
2.846,0.37422752380371094,0.37422752380371094,-1.837362289428711,0.46515107807745876,-2.7810316097909435,0.42018399374398463,15.0,1.0
2.847,0.37232017517089844,0.37232017517089844,-1.7406597137451172,0.46236775104099237,-2.785608727985391,0.3057646238111351,15.0,1.0
2.848,0.37041282653808594,0.37041282653808594,-1.9780216217041016,0.4595798606214886,-2.790158353346442,0.5253687796086997,15.0,1.0
2.849,0.36850547790527344,0.36850547790527344,-2.057143211364746,0.45678743433429886,-2.7946804409708363,0.5866921168292911,15.0,1.0
2.85,0.36659812927246094,0.36659812927246094,-1.9428577423095703,0.4539904997395463,-2.7991749462273674,0.4545683530884834,15.0,1.0
2.851,0.36469078063964844,0.36469078063964844,-1.8461532592773438,0.45118908444184475,-2.803641824756596,0.33998599155369225,15.0,1.0
2.852,0.36278343200683594,0.36278343200683594,-1.9956035614013672,0.44838321609003373,-2.808081032473865,0.47151929017546923,15.0,1.0
2.853,0.36049461364746094,0.36049461364746094,-2.065934181213379,0.44557292237689633,-2.8124925255656876,0.5296162865892222,15.0,1.0
2.854,0.35858726501464844,0.35858726501464844,-1.9956035614013672,0.4427582310389018,-2.816876260490716,0.4412917912744514,15.0,1.0
2.855,0.35667991638183594,0.35667991638183594,-1.8549442291259766,0.4399391698559155,-2.821232193984457,0.28260083725271334,15.0,1.0
2.856,0.35477256774902344,0.35477256774902344,-1.8549442291259766,0.4371157666509335,-2.8255602830555517,0.26453192959907557,15.0,1.0
2.857,0.35286521911621094,0.35286521911621094,-1.9956035614013672,0.43428804928980375,-2.8298604849873072,0.387085529017952,15.0,1.0
2.858,0.35095787048339844,0.35095787048339844,-2.0219783782958984,0.4314560456809583,-2.8341327573374713,0.395318248921825,15.0,1.0
2.859,0.34905052185058594,0.34905052185058594,-2.048351287841797,0.42861978377512944,-2.8383770579424947,0.4035131587674545,15.0,1.0
2.86,0.34676170349121094,0.34676170349121094,-1.9252738952636719,0.42577929156507394,-2.842593344912842,0.2679443714587746,15.0,1.0
2.861,0.34485435485839844,0.34485435485839844,-2.0747251510620117,0.4229345970853031,-2.8467815766335036,0.39914720783207835,15.0,1.0
2.862,0.34294605255126953,0.34294605255126953,-2.0043954849243164,0.4200857284118063,-2.85094171176911,0.310548911063258,15.0,1.0
2.863,0.34065723419189453,0.34065723419189453,-2.039560317993164,0.4172327136617655,-2.8550737092612053,0.3331188007800234,15.0,1.0
2.864,0.33913135528564453,0.33913135528564453,-1.8813190460205078,0.41437558099328453,-2.8591775283285585,0.15080490330654928,15.0,1.0
2.865,0.33684253692626953,0.33684253692626953,-1.9692306518554688,0.4115143586051077,-2.8632531284670506,0.22605484857099079,15.0,1.0
2.866,0.33493518829345703,0.33493518829345703,-1.9692306518554688,0.4086490747363498,-2.8673004694537383,0.20763847904512223,15.0,1.0
2.867,0.33302783966064453,0.33302783966064453,-2.1010990142822266,0.4057797576662009,-2.8713195113433585,0.32105827302221357,15.0,1.0
2.868,0.33073902130126953,0.33073902130126953,-2.057143211364746,0.40290643571366375,-2.875310214467902,0.26434421308275735,15.0,1.0
2.869,0.32883167266845703,0.32883167266845703,-2.0747251510620117,0.4000291372372644,-2.8792725394413026,0.2634145801528198,15.0,1.0
2.87,0.32654285430908203,0.32654285430908203,-2.065934181213379,0.39714789063478045,-2.883206447157022,0.24180327894183318,15.0,1.0
2.871,0.32463550567626953,0.32463550567626953,-2.1274728775024414,0.394262724342951,-2.887111898789243,0.2847692587134205,15.0,1.0
2.872,0.32272815704345703,0.32272815704345703,-1.9692306518554688,0.3913736668372026,-2.8909888557919317,0.10792444296972059,15.0,1.0
2.873,0.32082080841064453,0.32082080841064453,-1.960439682006836,0.38848074663136645,-2.894837279902447,0.0805014754152178,15.0,1.0
2.874,0.31853199005126953,0.31853199005126953,-2.0219783782958984,0.3855839922773971,-2.8986571331383004,0.12910127854951137,15.0,1.0
2.875,0.31662464141845703,0.31662464141845703,-2.1802196502685547,0.3826834323650905,-2.9024483777978674,0.2686531366701894,15.0,1.0
2.876,0.31433582305908203,0.31433582305908203,-2.1098899841308594,0.379779095521802,-2.9062109764638535,0.18532809460780542,15.0,1.0
2.8770000000000002,0.31242847442626953,0.31242847442626953,-2.0835161209106445,0.37687101041216214,-2.9099448920006523,0.14020926869838135,15.0,1.0
2.878,0.31013965606689453,0.31013965606689453,-2.1098899841308594,0.37395920573780006,-2.9136500875559648,0.15353314163847753,15.0,1.0
2.879,0.30785083770751953,0.30785083770751953,-2.224175453186035,0.37104371023705085,-2.917326526561368,0.254742014567637,15.0,1.0
2.88,0.30594348907470703,0.30594348907470703,-2.0043954849243164,0.368124552684678,-2.9209741727310927,0.016137266342787893,15.0,1.0
2.8810000000000002,0.30403614044189453,0.30403614044189453,-2.0043954849243164,0.365201761891588,-2.924592990065605,-0.0027131833958868867,15.0,1.0
2.882,0.30174732208251953,0.30174732208251953,-2.15384578704834,0.3622753667045461,-2.928182942848707,0.13358351353003084,15.0,1.0
2.883,0.29945850372314453,0.29945850372314453,-2.373626708984375,0.3593453960058912,-2.9317439956476505,0.34018609757792473,15.0,1.0
2.884,0.29716968536376953,0.29716968536376953,-2.048351287841797,0.3564118787132514,-2.9352761133170873,0.001708074766937906,15.0,1.0
2.8850000000000002,0.29526233673095703,0.29526233673095703,-2.0307693481445312,0.35347484377925636,-2.9387792609961423,-0.03482230712712098,15.0,1.0
2.886,0.29297351837158203,0.29297351837158203,-2.2153844833374023,0.35053432019125846,-2.942253404110204,0.1365431065223448,15.0,1.0
2.887,0.29068470001220703,0.29068470001220703,-2.329669952392578,0.34759033697103664,-2.945698508371123,0.23755599840389907,15.0,1.0
2.888,0.28877735137939453,0.28877735137939453,-1.9428577423095703,0.34464292317451684,-2.949114539776332,-0.168273220539927,15.0,1.0
2.8890000000000002,0.28687000274658203,0.28687000274658203,-1.960439682006836,0.3416921078914833,-2.952501464612311,-0.16973020543195616,15.0,1.0
2.89,0.28458118438720703,0.28458118438720703,-2.1978025436401367,0.33873792024529153,-2.9558592494514926,0.05429433205991163,15.0,1.0
2.891,0.28229236602783203,0.28229236602783203,-2.356043815612793,0.335780389392581,-2.959187861152486,0.19917630493154093,15.0,1.0
2.892,0.2803840637207031,0.2803840637207031,-2.057143211364746,0.3328195445229872,-2.962487266864173,-0.11881184346516593,15.0,1.0
2.8930000000000002,0.2780952453613281,0.2780952453613281,-2.0835161209106445,0.32985541485885195,-2.9657574340224357,-0.10583877064893388,15.0,1.0
2.894,0.2758064270019531,0.2758064270019531,-2.276923179626465,0.3268880296549417,-2.96899833035107,0.0741488890702231,15.0,1.0
2.895,0.2735176086425781,0.2735176086425781,-2.276923179626465,0.3239174181981505,-2.9722099238657904,0.060710399094260126,15.0,1.0
2.896,0.2716102600097656,0.2716102600097656,-1.960439682006836,0.32094360980721076,-2.975392182869541,-0.27495225390102807,15.0,1.0
2.8970000000000002,0.2697029113769531,0.2697029113769531,-2.0043954849243164,0.31796663383241075,-2.978545075952667,-0.25019375419648604,15.0,1.0
2.898,0.2674140930175781,0.2674140930175781,-2.356043815612793,0.3149865196553048,-2.981668571998199,0.08796164318049371,15.0,1.0
2.899,0.2651252746582031,0.2651252746582031,-2.3120880126953125,0.31200329668841503,-2.9847626401788148,0.030495702969676408,15.0,1.0
2.9,0.2628364562988281,0.2628364562988281,-2.0747251510620117,0.3090169943749478,-2.9878272499574052,-0.22039402775359862,15.0,1.0
2.9010000000000002,0.2605476379394531,0.2605476379394531,-2.171428680419922,0.30602764218849954,-2.9908623710862514,-0.13723362693063335,15.0,1.0
2.902,0.2582588195800781,0.2582588195800781,-2.329669952392578,0.30303526963277466,-2.993867973611543,0.007448729571482904,15.0,1.0
2.903,0.2563514709472656,0.2563514709472656,-2.145054817199707,0.30003990624127713,-2.996844027869656,-0.1964626812597765,15.0,1.0
2.904,0.2540626525878906,0.2540626525878906,-2.057143211364746,0.297041581577036,-2.999790504486441,-0.2979633582845147,15.0,1.0
2.9050000000000002,0.2517738342285156,0.2517738342285156,-2.2329673767089844,0.29404032523230356,-3.0027073743818278,-0.13574263261602448,15.0,1.0
2.906,0.24948501586914062,0.24948501586914062,-2.461538314819336,0.2910361668282716,-3.005594608767524,0.07921097043877678,15.0,1.0
2.907,0.24719619750976562,0.24719619750976562,-2.1978025436401367,0.28802913601476915,-3.0084521791480086,-0.19815555793281892,15.0,1.0
2.908,0.24490737915039062,0.24490737915039062,-2.2065935134887695,0.2850192624699763,-3.011280057319368,-0.20300829403681386,15.0,1.0
2.9090000000000003,0.24261856079101562,0.24261856079101562,-2.373626708984375,0.28200657590012973,-3.0140782153729333,-0.04963127975184678,15.0,1.0
2.91,0.24032974243164062,0.24032974243164062,-2.3208789825439453,0.2789911060392298,-3.016846625691983,-0.1160471890342003,15.0,1.0
2.911,0.23842239379882812,0.23842239379882812,-2.136263847351074,0.2759728826487464,-3.0195852609521694,-0.32006408085232074,15.0,1.0
2.912,0.23613357543945312,0.23613357543945312,-2.2065935134887695,0.2729519355173261,-3.0222940941249874,-0.26342517946812316,15.0,1.0
2.9130000000000003,0.23384475708007812,0.23384475708007812,-2.364834785461426,0.2699282944604957,-3.024973098475158,-0.11888525230746838,15.0,1.0
2.914,0.23117446899414062,0.23117446899414062,-2.329669952392578,0.2669019893203751,-3.027622247561851,-0.16203949027575548,15.0,1.0
2.915,0.22888565063476562,0.22888565063476562,-2.2945051193237305,0.26387304996537264,-3.030241515239453,-0.21092540595661735,15.0,1.0
2.916,0.22659683227539062,0.22659683227539062,-2.329669952392578,0.2608415062898969,-3.032830875655975,-0.18949081304580295,15.0,1.0
2.9170000000000003,0.22430801391601562,0.22430801391601562,-2.373626708984375,0.25780738821405996,-3.035390303256861,-0.15927297980182087,15.0,1.0
2.918,0.22201919555664062,0.22201919555664062,-2.145054817199707,0.2547707256833825,-3.0379197727814926,-0.40159200368065756,15.0,1.0
2.919,0.21973037719726562,0.21973037719726562,-2.259340286254883,0.2517315486684976,-3.040419259263828,-0.30106140094046546,15.0,1.0
2.92,0.21744060516357422,0.21744060516357422,-2.3384618759155273,0.2486898871648555,-3.0428887380356997,-0.23568763210095334,15.0,1.0
2.9210000000000003,0.21515178680419922,0.21515178680419922,-2.329669952392578,0.2456457711924255,-3.0453281847240277,-0.2582484665080552,15.0,1.0
2.922,0.21286296844482422,0.21286296844482422,-2.3208789825439453,0.24259923079540677,-3.0477375752523983,-0.2808146574497148,15.0,1.0
2.923,0.21057415008544922,0.21057415008544922,-2.382417678833008,0.23955029604192138,-3.0501168858415184,-0.23305701766142817,15.0,1.0
2.924,0.20828533172607422,0.20828533172607422,-2.3032970428466797,0.2364989970237244,-3.0524660930076664,-0.32596407069623395,15.0,1.0
2.9250000000000003,0.20599651336669922,0.20599651336669922,-2.2153844833374023,0.23344536385590534,-3.054785173566515,-0.4276679328910207,15.0,1.0
2.926,0.20370769500732422,0.20370769500732422,-2.3384618759155273,0.23038942667659068,-3.057074104629635,-0.31838625367511053,15.0,1.0
2.927,0.20141887664794922,0.20141887664794922,-2.3384618759155273,0.22733121564664674,-3.059332863604851,-0.33218590270886095,15.0,1.0
2.928,0.19913005828857422,0.19913005828857422,-2.373626708984375,0.22427076094938167,-3.0615614281999797,-0.31082417930349293,15.0,1.0
2.9290000000000003,0.19684123992919922,0.19684123992919922,-2.34725284576416,0.22120809279024609,-3.0637597764196585,-0.35100413773979533,15.0,1.0
2.93,0.19417095184326172,0.19417095184326172,-2.4263734817504883,0.21814324139654168,-3.0659278865661577,-0.27997006151647,15.0,1.0
2.931,0.19188213348388672,0.19188213348388672,-2.329669952392578,0.21507623701711445,-3.0680657372432307,-0.3904842318522366,15.0,1.0
2.932,0.18959331512451172,0.18959331512451172,-2.224175453186035,0.2120071099220559,-3.070173307351155,-0.5097909322019569,15.0,1.0
2.9330000000000003,0.18730449676513672,0.18730449676513672,-2.3120880126953125,0.20893589040241142,-3.0722505760870007,-0.43569165883256766,15.0,1.0
2.934,0.18501567840576172,0.18501567840576172,-2.4087915420532227,0.20586260876988122,-3.074297522949763,-0.352802025434748,15.0,1.0
2.935,0.18234539031982422,0.18234539031982422,-2.4703292846679688,0.20278729535651258,-3.076314127737291,-0.29935626751899685,15.0,1.0
2.936,0.18005657196044922,0.18005657196044922,-2.3912086486816406,0.1997099805144073,-3.078300370546529,-0.39229059355551715,15.0,1.0
2.9370000000000003,0.17776775360107422,0.17776775360107422,-2.4175825119018555,0.1966306946154188,-3.08025623177285,-0.37972960465582606,15.0,1.0
2.938,0.17509746551513672,0.17509746551513672,-2.3999996185302734,0.19354946805086093,-3.0821816921143608,-0.4054020355482242,15.0,1.0
2.939,0.17280864715576172,0.17280864715576172,-2.276923179626465,0.19046633123119075,-3.084076732567951,-0.5422882918100504,15.0,1.0
2.94,0.17051982879638672,0.17051982879638672,-2.373626708984375,0.18738131458572568,-3.085941334428611,-0.45939233860415163,15.0,1.0
2.9410000000000003,0.16823101043701172,0.16823101043701172,-2.4439563751220703,0.18429444856233282,-3.087775479293967,-0.40286753229208006,15.0,1.0
2.942,0.16556072235107422,0.16556072235107422,-2.4439563751220703,0.18120576362713706,-3.089579149061734,-0.41094715479872124,15.0,1.0
2.943,0.16327190399169922,0.16327190399169922,-2.452747344970703,0.17811529026421002,-3.0913523259307993,-0.41595418687243413,15.0,1.0
2.944,0.16060161590576172,0.16060161590576172,-2.487912178039551,0.17502305897527612,-3.0930949924004523,-0.3888611683181855,15.0,1.0
2.945,0.15831279754638672,0.15831279754638672,-2.4263734817504883,0.1719291002794098,-3.094807131270528,-0.46418910852469353,15.0,1.0
2.946,0.1560230255126953,0.1560230255126953,-2.329669952392578,0.16883344471273434,-3.0964887256443774,-0.5746624852512138,15.0,1.0
2.947,0.1533527374267578,0.1533527374267578,-2.4967031478881836,0.16573612282812036,-3.098139758925285,-0.41568583001666315,15.0,1.0
2.948,0.1510639190673828,0.1510639190673828,-2.3999996185302734,0.16263716519488444,-3.099760214816854,-0.5261619043740561,15.0,1.0
2.949,0.1487751007080078,0.1487751007080078,-2.373626708984375,0.15953660239848735,-3.1013500773266998,-0.5663008429851316,15.0,1.0
2.95,0.1461048126220703,0.1461048126220703,-2.5758237838745117,0.15643446504023034,-3.1029093307631967,-0.3721407606162846,15.0,1.0
2.951,0.1438159942626953,0.1438159942626953,-2.540658950805664,0.1533307837369603,-3.104437959737055,-0.42105716681741623,15.0,1.0
2.952,0.1415271759033203,0.1415271759033203,-2.3208789825439453,0.15022558912075692,-3.1059359491617755,-0.654580768356281,15.0,1.0
2.953,0.1388568878173828,0.1388568878173828,-2.3120880126953125,0.14711891183863743,-3.1074032842519017,-0.67138491123777,15.0,1.0
2.954,0.1365680694580078,0.1365680694580078,-2.567032814025879,0.14401078255225241,-3.1088399505268143,-0.43016644008726634,15.0,1.0
2.955,0.1338977813720703,0.1338977813720703,-2.382417678833008,0.1409012319375831,-3.1102459338071924,-0.6227764964914926,15.0,1.0
2.956,0.1316089630126953,0.1316089630126953,-2.3384618759155273,0.13779029068463872,-3.1116212202151843,-0.6804394292205058,15.0,1.0
2.957,0.1289386749267578,0.1289386749267578,-2.6813182830810547,0.13467798949715343,-3.1129657961781163,-0.3455577945411274,15.0,1.0
2.958,0.1266498565673828,0.1266498565673828,-2.479121208190918,0.13156435909228176,-3.11427964842521,-0.561440902360808,15.0,1.0
2.959,0.12436103820800781,0.12436103820800781,-2.259340286254883,0.1284494302003023,-3.1155627639892742,-0.794896597849974,15.0,1.0
2.96,0.12207221984863281,0.12207221984863281,-2.382417678833008,0.1253332335643039,-3.116815130205964,-0.6854822456378901,15.0,1.0
2.961,0.11940193176269531,0.11940193176269531,-2.584615707397461,0.12221579993989105,-3.1180367347167035,-0.49121300466130646,15.0,1.0
2.962,0.11711311340332031,0.11711311340332031,-2.3999996185302734,0.11909716009486979,-3.119227565464385,-0.6894672465608696,15.0,1.0
2.963,0.11444282531738281,0.11444282531738281,-2.329669952392578,0.1159773448089616,-3.1203876106941735,-0.7676998659279135,15.0,1.0
2.964,0.11177253723144531,0.11177253723144531,-2.7252750396728516,0.11285638487348212,-3.121516858958195,-0.37998410465479127,15.0,1.0
2.965,0.10948371887207031,0.10948371887207031,-2.479121208190918,0.1097343110910459,-3.1226152991112315,-0.6397352076356798,15.0,1.0
2.966,0.10719490051269531,0.10719490051269531,-2.1890106201171875,0.10661115427525897,-3.1236829203117082,-0.943428493756066,15.0,1.0
2.967,0.10452461242675781,0.10452461242675781,-2.4439563751220703,0.10348694525042178,-3.124719712021772,-0.6963283445447422,15.0,1.0
2.968,0.10223579406738281,0.10223579406738281,-2.5758237838745117,0.1003617148512161,-3.125725664010872,-0.5780130683788611,15.0,1.0
2.969,0.09994697570800781,0.09994697570800781,-2.3384618759155273,0.09723549392240073,-3.1267007663506305,-0.8289111172192094,15.0,1.0
2.97,0.09765815734863281,0.09765815734863281,-2.382417678833008,0.09410831331851414,-3.1276450094150476,-0.7984749910338198,15.0,1.0
2.971,0.09460639953613281,0.09460639953613281,-2.760439872741699,0.09098020390356994,-3.128558383885718,-0.42251144563246174,15.0,1.0
2.972,0.0923166275024414,0.0923166275024414,-2.3999996185302734,0.0878511965507434,-3.1294408807483904,-0.796422726493587,15.0,1.0
2.973,0.0900278091430664,0.0900278091430664,-2.2065935134887695,0.08472132214207385,-3.130292491292259,-1.003296282818378,15.0,1.0
2.974,0.0877389907836914,0.0877389907836914,-2.5758237838745117,0.08159061156815817,-3.1311132071137067,-0.6475151114721935,15.0,1.0
2.975,0.0850687026977539,0.0850687026977539,-2.558241844177246,0.07845909572784575,-3.131903020112567,-0.6728052804839433,15.0,1.0
2.976,0.0827798843383789,0.0827798843383789,-2.329669952392578,0.07532680552793372,-3.132661922492318,-0.9147881522564174,15.0,1.0
2.977,0.0801095962524414,0.0801095962524414,-2.5230770111083984,0.0721937718828618,-3.133389906763803,-0.7290502611990985,15.0,1.0
2.978,0.0774393081665039,0.0774393081665039,-2.7252750396728516,0.06906002571440542,-3.134086965741716,-0.5345011628503415,15.0,1.0
2.979,0.0751504898071289,0.0751504898071289,-2.3912086486816406,0.06592559795137767,-3.1347530925463616,-0.8819178217009894,15.0,1.0
2.98,0.0728616714477539,0.0728616714477539,-2.2329673767089844,0.06279051952931339,-3.1353882806037277,-1.0534881826713511,15.0,1.0
2.981,0.0701913833618164,0.0701913833618164,-2.646153450012207,0.059654821390170906,-3.135992523643875,-0.6478875032063502,15.0,1.0
2.982,0.0675210952758789,0.0675210952758789,-2.567032814025879,0.05651853448202493,-3.1365658157045715,-0.7345714135865022,15.0,1.0
2.983,0.0652322769165039,0.0652322769165039,-2.3208789825439453,0.053381689758761064,-3.137108151127638,-0.9939879759498353,15.0,1.0
2.984,0.0625619888305664,0.0625619888305664,-2.584615707397461,0.05024431817977035,-3.137619524559053,-0.737768876923533,15.0,1.0
2.985,0.059891700744628906,0.059891700744628906,-2.663736343383789,0.04710645070964365,-3.138099930952663,-0.6661423380936526,15.0,1.0
2.986,0.057602882385253906,0.057602882385253906,-2.373626708984375,0.04396811831786431,-3.138549365566675,-0.9694441175931439,15.0,1.0
2.987,0.055314064025878906,0.055314064025878906,-2.364834785461426,0.0408293519785096,-3.1389678239653342,-0.991403719214448,15.0,1.0
2.988,0.052643775939941406,0.052643775939941406,-2.5934066772460938,0.03769018266993433,-3.1393553020190126,-0.7702525238230249,15.0,1.0
2.989,0.049973487854003906,0.049973487854003906,-2.5318679809570312,0.034550641374472266,-3.139711795902574,-0.8391865121385176,15.0,1.0
2.99,0.047684669494628906,0.047684669494628906,-2.3999996185302734,0.03141075907812848,-3.140037302098964,-0.984146339816197,15.0,1.0
2.991,0.045014381408691406,0.045014381408691406,-2.742856979370117,0.028270566770273637,-3.1403318173955554,-0.6486320576017048,15.0,1.0
2.992,0.042344093322753906,0.042344093322753906,-2.5230770111083984,0.02513009544333806,-3.140595338884223,-0.8757282959670625,15.0,1.0
2.993,0.040436744689941406,0.040436744689941406,-2.276923179626465,0.021989376092505883,-3.1408278639649936,-1.1406152133000615,15.0,1.0
2.994,0.037766456604003906,0.037766456604003906,-2.540658950805664,0.01884843971540737,-3.141029390342559,-0.8841406928658428,15.0,1.0
2.995,0.035096168518066406,0.035096168518066406,-2.646153450012207,0.015707317311820065,-3.1411999160279356,-0.7858792341094236,15.0,1.0
2.996,0.032425880432128906,0.032425880432128906,-2.452747344970703,0.012566039883352193,-3.141339439337597,-0.9864897025985444,15.0,1.0
2.997,0.0301361083984375,0.0301361083984375,-2.558241844177246,0.009424638433145564,-3.141447958896281,-0.8938781641984139,15.0,1.0
2.998,0.0274658203125,0.0274658203125,-2.7164831161499023,0.006283143965558928,-3.141525473632563,-0.7427825026867768,15.0,1.0
2.999,0.0247955322265625,0.0247955322265625,-2.4439563751220703,0.0031415874858797353,-3.141571982779626,-1.0224247787677971,15.0,1.0
3.0,0.0225067138671875,0.0225067138671875,-2.3999996185302734,3.6739403974420594e-16,-3.141587485879714,-1.0791885753572477,15.0,1.0
3.001,0.01983642578125,0.01983642578125,-2.6813182830810547,-0.0031415874858790006,-3.1415719827798165,-0.8049238987056968,15.0,1.0
3.0020000000000002,0.0171661376953125,0.0171661376953125,-2.5230770111083984,-0.006283143965559969,-3.141525473632563,-0.9701876874372517,15.0,1.0
3.003,0.0148773193359375,0.0148773193359375,-2.4703292846679688,-0.00942463843314483,-3.141447958896091,-1.0356480407643571,15.0,1.0
3.004,0.01220703125,0.01220703125,-2.760439872741699,-0.012566039883351459,-3.141339439337596,-0.7524956335961686,15.0,1.0
3.005,0.0095367431640625,0.0095367431640625,-2.5934066772460938,-0.01570731731181933,-3.1411999160281248,-0.9264541459202584,15.0,1.0
3.0060000000000002,0.0072479248046875,0.0072479248046875,-2.4087915420532227,-0.01884843971540841,-3.1410293903425597,-1.1236833160907758,15.0,1.0
3.007,0.00457763671875,0.00457763671875,-2.5494508743286133,-0.02198937609250515,-3.1408278639648017,-0.9898821818050156,15.0,1.0
3.008,0.0019073486328125,0.0019073486328125,-2.6285715103149414,-0.025130095443337323,-3.1405953388842214,-0.9175854897115273,15.0,1.0
3.009,-0.000762939453125,-0.000762939453125,-2.6285715103149414,-0.0282705667702729,-3.1403318173957473,-0.9243747168380244,15.0,1.0
3.0100000000000002,-0.0034332275390625,-0.0034332275390625,-2.5758237838745117,-0.03141075907812952,-3.1400373020989623,-0.9838764913104558,15.0,1.0
3.011,-0.006103515625,-0.006103515625,-2.7076921463012695,-0.03455064137447153,-3.1397117959023877,-0.8587265358431911,15.0,1.0
3.012,-0.0087738037109375,-0.0087738037109375,-2.646153450012207,-0.037690182669933604,-3.139355302019016,-0.9269475363917506,15.0,1.0
3.013,-0.011444091796875,-0.011444091796875,-2.5142860412597656,-0.040829351978508864,-3.138967823965526,-1.0654606854302684,15.0,1.0
3.0140000000000002,-0.01373291015625,-0.01373291015625,-2.5230770111083984,-0.04396811831786535,-3.138549365566675,-1.0690004768825068,15.0,1.0
3.015,-0.0164031982421875,-0.0164031982421875,-2.7076921463012695,-0.047106450709642915,-3.138099930952478,-0.8909565716630399,15.0,1.0
3.016,-0.019073486328125,-0.019073486328125,-2.637362480163574,-0.05024431817976961,-3.1376195245590566,-0.9678195221701515,15.0,1.0
3.017,-0.0217437744140625,-0.0217437744140625,-2.6549453735351562,-0.053381689758760335,-3.1371081511269416,-0.9567315077622529,15.0,1.0
3.0180000000000002,-0.0244140625,-0.0244140625,-2.6813182830810547,-0.056518534482024194,-3.1365658157045644,-0.9368146123538725,15.0,1.0
3.019,-0.0270843505859375,-0.0270843505859375,-2.5318679809570312,-0.05965482139017017,-3.1359925236445747,-1.0926816047510335,15.0,1.0
3.02,-0.0293731689453125,-0.0293731689453125,-2.5494508743286133,-0.06279051952931265,-3.135388280603731,-1.08719766503512,15.0,1.0
3.021,-0.032044410705566406,-0.032044410705566406,-2.7164831161499023,-0.06592559795137694,-3.1347530925465605,-0.9264877850838161,15.0,1.0
3.0220000000000002,-0.034714698791503906,-0.034714698791503906,-2.690110206604004,-0.06906002571440646,-3.134086965741716,-0.9591566629812502,15.0,1.0
3.023,-0.037766456604003906,-0.037766456604003906,-2.663736343383789,-0.07219377188286107,-3.133389906763611,-0.9860632925626794,15.0,1.0
3.024,-0.040055274963378906,-0.040055274963378906,-2.6989011764526367,-0.07532680552793299,-3.132661922492318,-0.9628337045079922,15.0,1.0
3.025,-0.042725563049316406,-0.042725563049316406,-2.5494508743286133,-0.07845909572784501,-3.131903020111878,-1.1184551359611936,15.0,1.0
3.0260000000000002,-0.045014381408691406,-0.045014381408691406,-2.4263734817504883,-0.08159061156815743,-3.1311132071137138,-1.2533831777552158,15.0,1.0
3.027,-0.047684669494628906,-0.047684669494628906,-2.672527313232422,-0.08472132214207313,-3.1302924912929626,-1.013314967772204,15.0,1.0
3.028,-0.050736427307128906,-0.050736427307128906,-2.760439872741699,-0.08785119655074267,-3.1294408807483833,-0.9257225466608905,15.0,1.0
3.029,-0.053025245666503906,-0.053025245666503906,-2.382417678833008,-0.09098020390356922,-3.1285583838859097,-1.3154650786088815,15.0,1.0
3.0300000000000002,-0.055695533752441406,-0.055695533752441406,-2.6021976470947266,-0.09410831331851519,-3.1276450094150405,-1.1016390558114206,15.0,1.0
3.031,-0.058365821838378906,-0.058365821838378906,-2.795604705810547,-0.09723549392240001,-3.1267007663504387,-0.9141411418002083,15.0,1.0
3.032,-0.060654640197753906,-0.060654640197753906,-2.3384618759155273,-0.10036171485121537,-3.125725664010858,-1.3828699078972524,15.0,1.0
3.033,-0.0629434585571289,-0.0629434585571289,-2.364834785461426,-0.10348694525042104,-3.124719712021978,-1.3680372269599343,15.0,1.0
3.0340000000000003,-0.0659952163696289,-0.0659952163696289,-2.769230842590332,-0.10661115427526001,-3.123682920311701,-0.9636911463058356,15.0,1.0
3.035,-0.0686655044555664,-0.0686655044555664,-2.5230770111083984,-0.10973431109104516,-3.1226152991110325,-1.2155703875348154,15.0,1.0
3.036,-0.0709543228149414,-0.0709543228149414,-2.452747344970703,-0.11285638487348139,-3.121516858958202,-1.2973004448655987,15.0,1.0
3.037,-0.0736246109008789,-0.0736246109008789,-2.690110206604004,-0.11597734480896088,-3.1203876106943724,-1.065568412711598,15.0,1.0
3.0380000000000003,-0.0759134292602539,-0.0759134292602539,-2.5230770111083984,-0.11909716009487081,-3.1192275654643637,-1.243906516875219,15.0,1.0
3.039,-0.0782022476196289,-0.0782022476196289,-2.224175453186035,-0.12221579993989032,-3.118036734716526,-1.554064566334412,15.0,1.0
3.04,-0.0808725357055664,-0.0808725357055664,-2.479121208190918,-0.12533323356430318,-3.1168151302059783,-1.304604389896112,15.0,1.0
3.041,-0.0835428237915039,-0.0835428237915039,-2.7868127822875977,-0.12844943020030158,-3.115562763989473,-1.0023490778338406,15.0,1.0
3.0420000000000003,-0.0858316421508789,-0.0858316421508789,-2.3912086486816406,-0.1315643590922828,-3.11427964842521,-1.4090617538646282,15.0,1.0
3.043,-0.0885019302368164,-0.0885019302368164,-2.4263734817504883,-0.1346779894971527,-3.1129657961779174,-1.3792332033324737,15.0,1.0
3.044,-0.0907907485961914,-0.0907907485961914,-2.6197805404663086,-0.13779029068463797,-3.1116212202151843,-1.196833811075574,15.0,1.0
3.045,-0.0934610366821289,-0.0934610366821289,-2.34725284576416,-0.1409012319375824,-3.1102459338073913,-1.4745960168750334,15.0,1.0
3.0460000000000003,-0.09575080871582031,-0.09575080871582031,-2.3120880126953125,-0.14401078255225344,-3.1088399505268143,-1.5206515453779987,15.0,1.0
3.047,-0.09803962707519531,-0.09803962707519531,-2.5758237838745117,-0.1471189118386367,-3.107403284251717,-1.2677687718288262,15.0,1.0
3.048,-0.10070991516113281,-0.10070991516113281,-2.5318679809570312,-0.1502255891207562,-3.1059359491617755,-1.316803077599095,15.0,1.0
3.049,-0.10299873352050781,-0.10299873352050781,-2.356043815612793,-0.15333078373695957,-3.10443795973724,-1.5033748973712233,15.0,1.0
3.0500000000000003,-0.10566902160644531,-0.10566902160644531,-2.5054941177368164,-0.15643446504023137,-3.1029093307631683,-1.3588968645331427,15.0,1.0
3.051,-0.10833930969238281,-0.10833930969238281,-2.5934066772460938,-0.15953660239848663,-3.101350077326515,-1.2759027906719784,15.0,1.0
3.052,-0.11062812805175781,-0.11062812805175781,-2.276923179626465,-0.16263716519488372,-3.0997602148168397,-1.6029725923372635,15.0,1.0
3.053,-0.11291694641113281,-0.11291694641113281,-2.364834785461426,-0.16573612282811964,-3.098139758924603,-1.5255926197179797,15.0,1.0
3.0540000000000003,-0.11520576477050781,-0.11520576477050781,-2.5054941177368164,-0.16883344471273362,-3.0964887256443774,-1.3954098070409482,15.0,1.0
3.055,-0.11787605285644531,-0.11787605285644531,-2.4703292846679688,-0.17192910027940908,-3.0948071312712244,-1.435273557947712,15.0,1.0
3.056,-0.12016487121582031,-0.12016487121582031,-2.487912178039551,-0.1750230589752754,-3.0930949924004523,-1.428055630752728,15.0,1.0
3.057,-0.12283515930175781,-0.12283515930175781,-2.5230770111083984,-0.1781152902642093,-3.0913523259309983,-1.3974772792593722,15.0,1.0
3.0580000000000003,-0.1255054473876953,-0.1255054473876953,-2.435164451599121,-0.18120576362713808,-3.0895791490619047,-1.4899194410544252,15.0,1.0
3.059,-0.1274127960205078,-0.1274127960205078,-2.3032970428466797,-0.18429444856233382,-3.087775479293782,-1.6377032245744925,15.0,1.0
3.06,-0.1300830841064453,-0.1300830841064453,-2.373626708984375,-0.18738131458572496,-3.0859413344284405,-1.5717880826332604,15.0,1.0
3.061,-0.1323719024658203,-0.1323719024658203,-2.4703292846679688,-0.19046633123119003,-3.084076732567283,-1.4851638793798598,15.0,1.0
3.0620000000000003,-0.1350421905517578,-0.1350421905517578,-2.4175825119018555,-0.1935494680508602,-3.0821816921145455,-1.542208342699226,15.0,1.0
3.063,-0.1373310089111328,-0.1373310089111328,-2.5318679809570312,-0.19663069461541982,-3.0802562317735322,-1.4378835363808062,15.0,1.0
3.064,-0.1400012969970703,-0.1400012969970703,-2.461538314819336,-0.19970998051440658,-3.0783003705463585,-1.5123923084870667,15.0,1.0
3.065,-0.1422901153564453,-0.1422901153564453,-2.3120880126953125,-0.20278729535651185,-3.07631412773749,-1.6716838150431754,15.0,1.0
3.0660000000000003,-0.1445789337158203,-0.1445789337158203,-2.3120880126953125,-0.20586260876988224,-3.074297522949948,-1.6814646360655643,15.0,1.0
3.067,-0.1468677520751953,-0.1468677520751953,-2.4087915420532227,-0.20893589040241242,-3.072250576086816,-1.5944811089418498,15.0,1.0
3.068,-0.1495380401611328,-0.1495380401611328,-2.461538314819336,-0.21200710992205518,-3.0701733073509985,-1.545671038945498,15.0,1.0
3.069,-0.1518268585205078,-0.1518268585205078,-2.3912086486816406,-0.21507623701711373,-3.0680657372434297,-1.6255977660108778,15.0,1.0
3.0700000000000003,-0.1541156768798828,-0.1541156768798828,-2.5230770111083984,-0.2181432413965427,-3.065927886566328,-1.503264343207828,15.0,1.0
3.071,-0.15678691864013672,-0.15678691864013672,-2.4439563751220703,-0.22120809279024709,-3.0637597764194595,-1.5861210135490447,15.0,1.0
3.072,-0.15907573699951172,-0.15907573699951172,-2.25054931640625,-0.22427076094938095,-3.061561428199809,-1.7889374710415975,15.0,1.0
3.073,-0.16136455535888672,-0.16136455535888672,-2.276923179626465,-0.22733121564664602,-3.059332863604851,-1.7719095882947757,15.0,1.0
3.074,-0.16365337371826172,-0.16365337371826172,-2.4087915420532227,-0.23038942667659,-3.0570741046298195,-1.6493233569515209,15.0,1.0
3.075,-0.16594219207763672,-0.16594219207763672,-2.461538314819336,-0.23344536385590633,-3.054785173566515,-1.605794435421223,15.0,1.0
3.076,-0.16861248016357422,-0.16861248016357422,-2.373626708984375,-0.2364989970237237,-3.052466093007496,-1.6971371369253632,15.0,1.0
3.077,-0.17090129852294922,-0.17090129852294922,-2.4175825119018555,-0.23955029604192066,-3.0501168858415184,-1.6622693367242345,15.0,1.0
3.078,-0.17357158660888672,-0.17357158660888672,-2.3912086486816406,-0.24259923079540607,-3.047737575252583,-1.6919435893687327,15.0,1.0
3.079,-0.17547893524169922,-0.17547893524169922,-2.25054931640625,-0.2456457711924265,-3.0453281847239992,-1.8472814075786586,15.0,1.0
3.08,-0.17776775360107422,-0.17776775360107422,-2.241758346557617,-0.24868988716485477,-3.042888738035529,-1.8649623949346201,15.0,1.0
3.081,-0.18005657196044922,-0.18005657196044922,-2.34725284576416,-0.2517315486684969,-3.0404192592638424,-1.7682910641203975,15.0,1.0
3.082,-0.18272686004638672,-0.18272686004638672,-2.4263734817504883,-0.25477072568338177,-3.0379197727808673,-1.6922042755853048,15.0,1.0
3.083,-0.18501567840576172,-0.18501567840576172,-2.34725284576416,-0.2578073882140593,-3.0353903032568468,-1.7800131046171503,15.0,1.0
3.084,-0.18730449676513672,-0.18730449676513672,-2.461538314819336,-0.26084150628989616,-3.0328308756566287,-1.6743477037086845,15.0,1.0
3.085,-0.18959331512451172,-0.18959331512451172,-2.3999996185302734,-0.2638730499653719,-3.030241515239453,-1.7444379193220827,15.0,1.0
3.086,-0.19188213348388672,-0.19188213348388672,-2.241758346557617,-0.2669019893203744,-3.02762224756205,-1.911161738551748,15.0,1.0
3.087,-0.19417095184326172,-0.19417095184326172,-2.2857141494750977,-0.2699282944604967,-3.024973098475158,-1.8756190882585853,15.0,1.0
3.088,-0.19645977020263672,-0.19645977020263672,-2.329669952392578,-0.27295193551732544,-3.0222940941248453,-1.840006621452598,15.0,1.0
3.089,-0.19874858856201172,-0.19874858856201172,-2.259340286254883,-0.27597288264874575,-3.019585260952141,-1.9186093859982687,15.0,1.0
3.09,-0.20103740692138672,-0.20103740692138672,-2.34725284576416,-0.27899110603922905,-3.0168466256913007,-1.8388992666947757,15.0,1.0
3.091,-0.20370769500732422,-0.20370769500732422,-2.584615707397461,-0.28200657590012906,-3.014078215372905,-1.6039457213675166,15.0,1.0
3.092,-0.20599651336669922,-0.20599651336669922,-2.34725284576416,-0.28501926246997555,-3.0112800573199934,-1.8493684481049781,15.0,1.0
3.093,-0.20828533172607422,-0.20828533172607422,-2.162637710571289,-0.2880291360147684,-3.0084521791480086,-2.041971532907133,15.0,1.0
3.094,-0.21057415008544922,-0.21057415008544922,-2.3032970428466797,-0.2910361668282709,-3.0055946087677228,-1.909227817063368,15.0,1.0
3.095,-0.21286296844482422,-0.21286296844482422,-2.373626708984375,-0.29404032523230456,-3.0027073743818846,-1.8467410172097147,15.0,1.0
3.096,-0.21515178680419922,-0.21515178680419922,-2.25054931640625,-0.2970415815770353,-2.999790504486242,-1.9775881096725334,15.0,1.0
3.097,-0.21744060516357422,-0.21744060516357422,-2.259340286254883,-0.3000399062412764,-2.9968440278696846,-1.9764932577803347,15.0,1.0
3.098,-0.22011184692382812,-0.22011184692382812,-2.5758237838745117,-0.303035269632774,-2.993867973611742,-1.6618955303714185,15.0,1.0
3.099,-0.22240066528320312,-0.22240066528320312,-2.373626708984375,-0.30602764218850054,-2.9908623710861946,-1.8716403156812809,15.0,1.0
3.1,-0.22468948364257812,-0.22468948364257812,-2.118680953979492,-0.30901699437494706,-2.9878272499572347,-2.1340589569632766,15.0,1.0
3.101,-0.22659683227539062,-0.22659683227539062,-2.1802196502685547,-0.3120032966884143,-2.9847626401788148,-2.0856399561056156,15.0,1.0
3.102,-0.22926712036132812,-0.22926712036132812,-2.4439563751220703,-0.31498651965530405,-2.9816685719983695,-1.823503186285938,15.0,1.0
3.103,-0.23155593872070312,-0.23155593872070312,-2.3032970428466797,-0.3179666338324117,-2.978545075952667,-1.9714084597816157,15.0,1.0
3.104,-0.23346328735351562,-0.23346328735351562,-2.118680953979492,-0.3209436098072101,-2.9753921828693706,-2.1689160656952957,15.0,1.0
3.105,-0.23613357543945312,-0.23613357543945312,-2.364834785461426,-0.3239174181981498,-2.9722099238657904,-1.9241327797848147,15.0,1.0
3.106,-0.23842239379882812,-0.23842239379882812,-2.4703292846679688,-0.326888029654941,-2.9689983303512406,-1.8256535835249652,15.0,1.0
3.107,-0.24071121215820312,-0.24071121215820312,-2.1274728775024414,-0.3298554148588529,-2.9657574340224073,-2.1754475970297125,15.0,1.0
3.108,-0.24261856079101562,-0.24261856079101562,-2.0747251510620117,-0.3328195445229865,-2.9624872668640307,-2.2407768717815824,15.0,1.0
3.109,-0.24490737915039062,-0.24490737915039062,-2.3999996185302734,-0.3357803893925803,-2.9591878611525146,-1.9222833962550865,15.0,1.0
3.11,-0.24719619750976562,-0.24719619750976562,-2.2945051193237305,-0.33873792024529087,-2.9558592494516915,-2.03447997116084,15.0,1.0
3.111,-0.24948501586914062,-0.24948501586914062,-2.118680953979492,-0.3416921078914843,-2.9525014646122827,-2.2169268909679456,15.0,1.0
3.112,-0.2517738342285156,-0.2517738342285156,-2.2329673767089844,-0.34464292317451617,-2.9491145397761613,-2.109183497257185,15.0,1.0
3.113,-0.2540626525878906,-0.2540626525878906,-2.540658950805664,-0.347590336971036,-2.9456985083710947,-1.8079548233126108,15.0,1.0
3.114,-0.2563514709472656,-0.2563514709472656,-2.2329673767089844,-0.35053432019125774,-2.9422534041103745,-2.122028766061272,15.0,1.0
3.115,-0.2582588195800781,-0.2582588195800781,-1.9780216217041016,-0.35347484377925736,-2.9387792609961707,-2.3889980022797577,15.0,1.0
3.116,-0.2605476379394531,-0.2605476379394531,-2.1890106201171875,-0.35641187871325075,-2.9352761133169167,-2.1842291048066937,15.0,1.0
3.117,-0.2628364562988281,-0.2628364562988281,-2.373626708984375,-0.35934539600589055,-2.931743995647622,-2.0057513822691835,15.0,1.0
3.118,-0.2651252746582031,-0.2651252746582031,-2.136263847351074,-0.36227536670454535,-2.928182942848082,-2.249170476192141,15.0,1.0
3.119,-0.2670326232910156,-0.2670326232910156,-2.0747251510620117,-0.3652017618915873,-2.924592990065605,-2.322404918012169,15.0,1.0
3.12,-0.2697029113769531,-0.2697029113769531,-2.4175825119018555,-0.36812455268467725,-2.920974172731718,-1.9797162804457245,15.0,1.0
3.121,-0.2719917297363281,-0.2719917297363281,-2.4175825119018555,-0.37104371023705013,-2.9173265265613963,-1.985523722170371,15.0,1.0
3.122,-0.2742805480957031,-0.2742805480957031,-2.0835161209106445,-0.3739592057377994,-2.9136500875561637,-2.3253138312769632,15.0,1.0
3.123,-0.2761878967285156,-0.2761878967285156,-1.9956035614013672,-0.3768710104121631,-2.909944892000624,-2.4245880358539686,15.0,1.0
3.124,-0.2784767150878906,-0.2784767150878906,-2.356043815612793,-0.37977909552180134,-2.906210976463683,-2.069702867359551,15.0,1.0
3.125,-0.2807655334472656,-0.2807655334472656,-2.2857141494750977,-0.38268343236508984,-2.9024483777978674,-2.145502712090133,15.0,1.0
3.126,-0.28267383575439453,-0.28267383575439453,-2.118680953979492,-0.3855839922773964,-2.898657133137675,-2.323628527003211,15.0,1.0
3.1270000000000002,-0.28496265411376953,-0.28496265411376953,-2.1274728775024414,-0.3884807466313658,-2.8948372799024185,-2.3201357901639206,15.0,1.0
3.128,-0.28725147247314453,-0.28725147247314453,-2.382417678833008,-0.39137366683720193,-2.8909888557925854,-2.0704040924204383,15.0,1.0
3.129,-0.28954029083251953,-0.28954029083251953,-2.259340286254883,-0.39426272434295034,-2.887111898789243,-2.1986081151908223,15.0,1.0
3.13,-0.29182910919189453,-0.29182910919189453,-2.0219783782958984,-0.3971478906347798,-2.883206447157164,-2.4410097905045447,15.0,1.0
3.1310000000000002,-0.29373645782470703,-0.29373645782470703,-2.048351287841797,-0.40002913723726535,-2.879272539441331,-2.425311442787909,15.0,1.0
3.132,-0.29602527618408203,-0.29602527618408203,-2.2153844833374023,-0.4029064357136631,-2.8753102144677314,-2.2631431240740447,15.0,1.0
3.133,-0.29793262481689453,-0.29793262481689453,-2.1978025436401367,-0.4057797576662002,-2.8713195113433017,-2.2912239604427502,15.0,1.0
3.134,-0.30022144317626953,-0.30022144317626953,-2.039560317993164,-0.4086490747363491,-2.8673004694538804,-2.4541546248619097,15.0,1.0
3.1350000000000002,-0.30251026153564453,-0.30251026153564453,-2.162637710571289,-0.41151435860510865,-2.8632531284670506,-2.3356768739377234,15.0,1.0
3.136,-0.30479907989501953,-0.30479907989501953,-2.34725284576416,-0.41437558099328387,-2.8591775283284164,-2.1555721990382213,15.0,1.0
3.137,-0.30670642852783203,-0.30670642852783203,-2.0923080444335938,-0.41723271366176484,-2.8550737092612053,-2.420659941836604,15.0,1.0
3.138,-0.30861377716064453,-0.30861377716064453,-1.9340667724609375,-0.42008572841180564,-2.850941711769309,-2.588954208075788,15.0,1.0
3.1390000000000002,-0.31090259552001953,-0.31090259552001953,-2.0747251510620117,-0.42293459708530406,-2.846781576633475,-2.4525364490507315,15.0,1.0
3.14,-0.31280994415283203,-0.31280994415283203,-2.2153844833374023,-0.42577929156507327,-2.8425933449126433,-2.3217490727588594,15.0,1.0
3.141,-0.31509876251220703,-0.31509876251220703,-2.0923080444335938,-0.42861978377512877,-2.8383770579424947,-2.448884332452727,15.0,1.0
3.142,-0.31700611114501953,-0.31700611114501953,-2.0307693481445312,-0.43145604568095763,-2.8341327573376702,-2.5201124272322106,15.0,1.0
3.1430000000000002,-0.31929492950439453,-0.31929492950439453,-2.2065935134887695,-0.4342880492898047,-2.8298604849872504,-2.3481637682796332,15.0,1.0
3.144,-0.32158374786376953,-0.32158374786376953,-2.25054931640625,-0.4371157666509328,-2.825560283055381,-2.3079912484565805,15.0,1.0
3.145,-0.32349109649658203,-0.32349109649658203,-2.0043954849243164,-0.43993916985591486,-2.821232193984457,-2.563557809450133,15.0,1.0
3.146,-0.32539844512939453,-0.32539844512939453,-1.8901100158691406,-0.4427582310389011,-2.8168762604908864,-2.687163033264344,15.0,1.0
3.1470000000000002,-0.32768726348876953,-0.32768726348876953,-2.0923080444335938,-0.4455729223768973,-2.812492525565659,-2.4884693644539815,15.0,1.0
3.148,-0.32959461212158203,-0.32959461212158203,-2.171428680419922,-0.44838321609003307,-2.808081032473723,-2.4184814115805664,15.0,1.0
3.149,-0.33188343048095703,-0.33188343048095703,-2.057143211364746,-0.4511890844418441,-2.803641824756596,-2.536083422805156,15.0,1.0
3.15,-0.33379077911376953,-0.33379077911376953,-1.9780216217041016,-0.45399049973954564,-2.7991749462275664,-2.624149133910106,15.0,1.0
3.1510000000000002,-0.33607959747314453,-0.33607959747314453,-2.1802196502685547,-0.45678743433429975,-2.7946804409708363,-2.42507834361961,15.0,1.0
3.152,-0.33798694610595703,-0.33798694610595703,-2.1978025436401367,-0.459579860621488,-2.7901583533462997,-2.416249527439127,15.0,1.0
3.153,-0.34027576446533203,-0.34027576446533203,-2.039560317993164,-0.4623677510409917,-2.7856087279853625,-2.5774282086270937,15.0,1.0
3.154,-0.34218311309814453,-0.34218311309814453,-1.8989009857177734,-0.4651510780774581,-2.7810316097903183,-2.7266500987622484,15.0,1.0
3.1550000000000002,-0.34409141540527344,-0.34409141540527344,-1.9780216217041016,-0.46792981426057295,-2.7764270439366214,-2.6559814050620125,15.0,1.0
3.156,-0.34599876403808594,-0.34599876403808594,-2.065934181213379,-0.47070393216533196,-2.7717950758695338,-2.5764384165648453,15.0,1.0
3.157,-0.34828758239746094,-0.34828758239746094,-2.0747251510620117,-0.4734734044123114,-2.767135751303414,-2.570197930464159,15.0,1.0
3.158,-0.35019493103027344,-0.35019493103027344,-2.048351287841797,-0.4762382036679382,-2.762449116224758,-2.6047469179479323,15.0,1.0
3.1590000000000003,-0.35210227966308594,-0.35210227966308594,-2.065934181213379,-0.4789983026447615,-2.7577352168883635,-2.595241380400118,15.0,1.0
3.16,-0.35439109802246094,-0.35439109802246094,-2.1098899841308594,-0.48175367410171555,-2.7529940998185793,-2.553542756876539,15.0,1.0
3.161,-0.35629844665527344,-0.35629844665527344,-2.039560317993164,-0.48450429084439806,-2.748225811808652,-2.631753156652357,15.0,1.0
3.162,-0.35858726501464844,-0.35858726501464844,-1.9692306518554688,-0.4872501257253323,-2.74343039991885,-2.704142658723639,15.0,1.0
3.1630000000000003,-0.36049461364746094,-0.36049461364746094,-1.9340667724609375,-0.48999115164423634,-2.7386079114791073,-2.7469892089698007,15.0,1.0
3.164,-0.36240196228027344,-0.36240196228027344,-1.9252738952636719,-0.4927273415482912,-2.7337583940856405,-2.7633651878422345,15.0,1.0
3.165,-0.36430931091308594,-0.36430931091308594,-2.0307693481445312,-0.495458668432407,-2.7288818955997556,-2.66535291024504,15.0,1.0
3.166,-0.36621665954589844,-0.36621665954589844,-2.048351287841797,-0.4981851053394901,-2.7239784641514575,-2.6551538632135356,15.0,1.0
3.1670000000000003,-0.36850547790527344,-0.36850547790527344,-2.013186454772949,-0.5009066253607105,-2.719048148135272,-2.691878905193879,15.0,1.0
3.168,-0.37041282653808594,-0.37041282653808594,-2.0219783782958984,-0.5036232016357614,-2.7140909962114677,-2.6902682443807002,15.0,1.0
3.169,-0.37232017517089844,-0.37232017517089844,-2.0043954849243164,-0.5063348073531329,-2.7091070573053457,-2.714931055114546,15.0,1.0
3.17,-0.37422752380371094,-0.37422752380371094,-1.9780216217041016,-0.5090414157503714,-2.7040963806057334,-2.7482831381015393,15.0,1.0
3.1710000000000003,-0.37613487243652344,-0.37613487243652344,-1.8109893798828125,-0.5117430001143449,-2.699059015567059,-2.9221915508515686,15.0,1.0
3.172,-0.37804222106933594,-0.37804222106933594,-1.872528076171875,-0.5144395337815062,-2.6939950119062246,-2.8674266264169033,15.0,1.0
3.173,-0.37994956970214844,-0.37994956970214844,-1.8989009857177734,-0.5171309901381568,-2.688904419601613,-2.8477247404239647,15.0,1.0
3.174,-0.38185691833496094,-0.38185691833496094,-2.065934181213379,-0.5198173426207089,-2.6837872888962124,-2.687259471969053,15.0,1.0
3.1750000000000003,-0.38376426696777344,-0.38376426696777344,-1.9076919555664062,-0.5224985647159497,-2.678643670293468,-2.8519661809497054,15.0,1.0
3.176,-0.38605308532714844,-0.38605308532714844,-1.9076919555664062,-0.5251746299612964,-2.6734736145589295,-2.8526048285047425,15.0,1.0
3.177,-0.38796043395996094,-0.38796043395996094,-1.9516487121582031,-0.5278455119450669,-2.668277172718547,-2.814904630336933,15.0,1.0
3.178,-0.38986778259277344,-0.38986778259277344,-1.9692306518554688,-0.5305111843067328,-2.6630543960606587,-2.803474769914581,15.0,1.0
3.1790000000000003,-0.39177513122558594,-0.39177513122558594,-1.8461532592773438,-0.5331716207371887,-2.6578053361315597,-2.9325994195282576,15.0,1.0
3.18,-0.39330101013183594,-0.39330101013183594,-1.7670326232910156,-0.5358267949789965,-2.652530044735954,-3.0233841941523476,15.0,1.0
3.181,-0.39520835876464844,-0.39520835876464844,-1.7934074401855469,-0.53847668082666,-2.647228573939742,-3.0028459646843686,15.0,1.0
3.182,-0.39711570739746094,-0.39711570739746094,-1.9956035614013672,-0.5411212521268755,-2.641900976066495,-2.8063805856063455,15.0,1.0
3.1830000000000003,-0.39940452575683594,-0.39940452575683594,-2.0043954849243164,-0.5437604827787934,-2.6365473036969433,-2.7974911741019888,15.0,1.0
3.184,-0.40093040466308594,-0.40093040466308594,-1.7582416534423828,-0.5463943467342699,-2.631167609669035,-3.0548850872944113,15.0,1.0
3.185,-0.40283775329589844,-0.40283775329589844,-1.7846145629882812,-0.5490228179981309,-2.6257619470799796,-3.0339233546251854,15.0,1.0
3.186,-0.40474510192871094,-0.40474510192871094,-1.8989009857177734,-0.5516458706284292,-2.620330369281419,-2.924940914059419,15.0,1.0
3.1870000000000003,-0.40665340423583984,-0.40665340423583984,-2.057143211364746,-0.5542634787366943,-2.6148729298791977,-2.771880836027269,15.0,1.0
3.188,-0.40856075286865234,-0.40856075286865234,-1.8021984100341797,-0.5568756164881882,-2.609389682736662,-3.0319142269955197,15.0,1.0
3.189,-0.41008663177490234,-0.41008663177490234,-1.6527481079101562,-0.559482258102167,-2.603880681971418,-3.1920669689702317,15.0,1.0
3.19,-0.41199398040771484,-0.41199398040771484,-1.6791210174560547,-0.5620833778521305,-2.5983459819552763,-3.170565926165456,15.0,1.0
3.1910000000000003,-0.41390132904052734,-0.41390132904052734,-1.9340667724609375,-0.5646789500660782,-2.5927856373124314,-2.920383180234756,15.0,1.0
3.192,-0.41580867767333984,-0.41580867767333984,-1.9780216217041016,-0.567268949126756,-2.58719970292276,-2.8810821530199,15.0,1.0
3.193,-0.41733455657958984,-0.41733455657958984,-1.7318687438964844,-0.5698533494719231,-2.58158823391733,-3.1375013834058447,15.0,1.0
3.194,-0.41924190521240234,-0.41924190521240234,-1.7054939270019531,-0.5724321255945901,-2.575951285677718,-3.1683106644085814,15.0,1.0
3.1950000000000003,-0.42114925384521484,-0.42114925384521484,-1.8021984100341797,-0.575005252043279,-2.570288913838624,-3.0759304767754068,15.0,1.0
3.196,-0.42305660247802734,-0.42305660247802734,-1.9340667724609375,-0.577572703422268,-2.564601174285542,-2.948275915988214,15.0,1.0
3.197,-0.42458248138427734,-0.42458248138427734,-1.8549442291259766,-0.5801344543918495,-2.558888123154304,-3.03722348914191,15.0,1.0
3.198,-0.42648983001708984,-0.42648983001708984,-1.5912094116210938,-0.582690479668576,-2.5531498168299436,-3.3049501499811424,15.0,1.0
3.1990000000000003,-0.42801570892333984,-0.42801570892333984,-1.6000003814697266,-0.5852407540255099,-2.5473863119481166,-3.305761607010941,15.0,1.0
3.2,-0.42992305755615234,-0.42992305755615234,-1.7846145629882812,-0.5877852522924728,-2.5415976653923735,-3.124916023448899,15.0,1.0
3.201,-0.43183040618896484,-0.43183040618896484,-1.9956035614013672,-0.5903239493562941,-2.5357839342931925,-2.9175835204017635,15.0,1.0
3.202,-0.43373775482177734,-0.43373775482177734,-1.7670326232910156,-0.5928568201610586,-2.52994517603031,-3.1496985328285128,15.0,1.0
3.203,-0.43526363372802734,-0.43526363372802734,-1.6879119873046875,-0.5953838397083542,-2.524081448230106,-3.237972550630321,15.0,1.0
3.204,-0.43678951263427734,-0.43678951263427734,-1.714284896850586,-0.5979049830575194,-2.518192808764752,-3.2206399682627964,15.0,1.0
3.205,-0.43869686126708984,-0.43869686126708984,-1.8109893798828125,-0.6004202253258843,-2.5122793157530623,-3.1271403967521674,15.0,1.0
3.206,-0.44060420989990234,-0.44060420989990234,-1.7846145629882812,-0.6029295416890249,-2.5063410275588467,-3.156606441407404,15.0,1.0
3.207,-0.44213008880615234,-0.44213008880615234,-1.5560436248779297,-0.6054329073810014,-2.500378002789887,-3.3938766565346934,15.0,1.0
3.208,-0.44365596771240234,-0.44365596771240234,-1.5472526550292969,-0.6079302976946053,-2.494390300300097,-3.4112525950038437,15.0,1.0
3.209,-0.44518184661865234,-0.44518184661865234,-1.6351642608642578,-0.6104216879816022,-2.488377979185657,-3.3318113387656476,15.0,1.0
3.21,-0.44708919525146484,-0.44708919525146484,-1.7582416534423828,-0.612907053652976,-2.482341098784559,-3.211367321364844,15.0,1.0
3.211,-0.44861507415771484,-0.44861507415771484,-1.7670326232910156,-0.6153863701791709,-2.4762797186792227,-3.2108165357100473,15.0,1.0
3.212,-0.45052242279052734,-0.45052242279052734,-1.5912094116210938,-0.617859613090335,-2.4701938986925143,-3.389042341568535,15.0,1.0
3.213,-0.45204830169677734,-0.45204830169677734,-1.5912094116210938,-0.6203267579765565,-2.464083698888487,-3.39705113146408,15.0,1.0
3.214,-0.45357418060302734,-0.45357418060302734,-1.6791210174560547,-0.6227877804881115,-2.4579491795740296,-3.3170321603942368,15.0,1.0
3.215,-0.45548152923583984,-0.45548152923583984,-1.7318687438964844,-0.625242656335704,-2.451790401294261,-3.2663385638957383,15.0,1.0
3.216,-0.45700740814208984,-0.45700740814208984,-1.6967029571533203,-0.6276913612907005,-2.4456074248322466,-3.3091637649080856,15.0,1.0
3.217,-0.45853328704833984,-0.45853328704833984,-1.4945049285888672,-0.630133871185369,-2.4394003112121823,-3.5189041446787526,15.0,1.0
3.218,-0.46005916595458984,-0.46005916595458984,-1.5032958984375,-0.6325701619131242,-2.433169121695869,-3.5175381626363844,15.0,1.0
3.219,-0.46158504486083984,-0.46158504486083984,-1.5560436248779297,-0.6350002094287602,-2.42691391778294,-3.472097761423816,15.0,1.0
3.22,-0.46311092376708984,-0.46311092376708984,-1.582418441772461,-0.6374239897486905,-2.4206347612084187,-3.452912309159968,15.0,1.0
3.221,-0.46501827239990234,-0.46501827239990234,-1.6967029571533203,-0.6398414789511777,-2.4143317139467513,-3.3399768550625613,15.0,1.0
3.222,-0.46654415130615234,-0.46654415130615234,-1.6000003814697266,-0.6422526531765835,-2.4080048382065797,-3.443631984793321,15.0,1.0
3.223,-0.46807003021240234,-0.46807003021240234,-1.6087913513183594,-0.6446574886275903,-2.4016541964301723,-3.4416747213396324,15.0,1.0
3.224,-0.46959686279296875,-0.46959686279296875,-1.6000003814697266,-0.6470559615694444,-2.3952798512963795,-3.4571659514737885,15.0,1.0
3.225,-0.47112274169921875,-0.47112274169921875,-1.5736255645751953,-0.6494480483301837,-2.3888818657173942,-3.4901359006066723,15.0,1.0
3.226,-0.47303009033203125,-0.47303009033203125,-1.5912094116210938,-0.6518337253008787,-2.3824603028388083,-3.473305415750426,15.0,1.0
3.227,-0.47455596923828125,-0.47455596923828125,-1.5208797454833984,-0.6542129689358608,-2.3760152260384757,-3.5499904760187704,15.0,1.0
3.228,-0.47570037841796875,-0.47570037841796875,-1.3978023529052734,-0.6565857557529561,-2.369546698927536,-3.6850250060470726,15.0,1.0
3.229,-0.47722625732421875,-0.47722625732421875,-1.459341049194336,-0.6589520623337164,-2.3630547853477992,-3.629600811295928,15.0,1.0
3.23,-0.47875213623046875,-0.47875213623046875,-1.5032958984375,-0.6613118653236512,-2.3565395493709502,-3.591639587331186,15.0,1.0
3.231,-0.48027801513671875,-0.48027801513671875,-1.5648345947265625,-0.6636651414324577,-2.350001055300197,-3.5359733550097188,15.0,1.0
3.232,-0.48180389404296875,-0.48180389404296875,-1.538461685180664,-0.666011867434252,-2.343439367667486,-3.5680972833560705,15.0,1.0
3.233,-0.48332977294921875,-0.48332977294921875,-1.4857139587402344,-0.6683520201677933,-2.336854551234296,-3.6264743007726796,15.0,1.0
3.234,-0.48485565185546875,-0.48485565185546875,-1.5648345947265625,-0.6706855765367201,-2.3302466709902205,-3.5528609464824283,15.0,1.0
3.235,-0.48638153076171875,-0.48638153076171875,-1.5648345947265625,-0.6730125135097732,-2.323615792151884,-3.558245938646138,15.0,1.0
3.236,-0.48790740966796875,-0.48790740966796875,-1.4769229888916016,-0.6753328081210243,-2.3169619801640238,-3.6514199680682546,15.0,1.0
3.237,-0.48943328857421875,-0.48943328857421875,-1.4681320190429688,-0.6776464374701019,-2.310285300697444,-3.6653505150927224,15.0,1.0
3.238,-0.49095916748046875,-0.49095916748046875,-1.459341049194336,-0.6799533787224187,-2.3035858196471963,-3.6791579390821094,15.0,1.0
3.239,-0.49210357666015625,-0.49210357666015625,-1.371429443359375,-0.6822536091093958,-2.296863603134966,-3.7776846465141842,15.0,1.0
3.24,-0.49362945556640625,-0.49362945556640625,-1.4417591094970703,-0.6845471059286892,-2.290118717506118,-3.7121243634432917,15.0,1.0
3.241,-0.49515533447265625,-0.49515533447265625,-1.4681320190429688,-0.6868338465444086,-2.2833512293299805,-3.6903968913632967,15.0,1.0
3.242,-0.49668121337890625,-0.49668121337890625,-1.4417591094970703,-0.6891138083873487,-2.2765612053992186,-3.721291021028785,15.0,1.0
3.243,-0.49820709228515625,-0.49820709228515625,-1.4769229888916016,-0.6913869689552065,-2.2697487127278464,-3.690523873886998,15.0,1.0
3.244,-0.49973297119140625,-0.49973297119140625,-1.459341049194336,-0.6936533058128049,-2.2629138185535567,-3.712377788680201,15.0,1.0
3.245,-0.5008773803710938,-0.5008773803710938,-1.459341049194336,-0.6959127965923141,-2.2560565903339125,-3.7222467844578815,15.0,1.0
3.246,-0.5024032592773438,-0.5024032592773438,-1.4945049285888672,-0.6981654189934723,-2.24917709574612,-3.6911045628991808,15.0,1.0
3.247,-0.5039291381835938,-0.5039291381835938,-1.4505500793457031,-0.7004111507838059,-2.2422754026885627,-3.738955512346042,15.0,1.0
3.248,-0.5054550170898438,-0.5054550170898438,-1.4241752624511719,-0.7026499697988499,-2.235351579277733,-3.769100607461653,15.0,1.0
3.249,-0.5065994262695312,-0.5065994262695312,-1.3450546264648438,-0.7048818539423619,-2.228405693849254,-3.85758748247687,15.0,1.0
3.25,-0.5081253051757812,-0.5081253051757812,-1.24835205078125,-0.7071067811865479,-2.2214378149557206,-3.9578079043359704,15.0,1.0
3.251,-0.5092697143554688,-0.5092697143554688,-1.3010997772216797,-0.7093247295722729,-2.2144480113685745,-3.914173462398957,15.0,1.0
3.2520000000000002,-0.5107955932617188,-0.5107955932617188,-1.3098907470703125,-0.7115356772092855,-2.2074363520738984,-3.9086468642170864,15.0,1.0
3.253,-0.5119400024414062,-0.5119400024414062,-1.3538455963134766,-0.7137396022764213,-2.200402906273041,-3.8735513074847905,15.0,1.0
3.254,-0.5134658813476562,-0.5134658813476562,-1.3626365661621094,-0.715936483021831,-2.1933477433838675,-3.867770202334379,15.0,1.0
3.255,-0.5146102905273438,-0.5146102905273438,-1.3450546264648438,-0.7181262977631885,-2.186270933038088,-3.893956415110915,15.0,1.0
3.2560000000000002,-0.5161361694335938,-0.5161361694335938,-1.3626365661621094,-0.7203090248879076,-2.1791725450801778,-3.879128810732776,15.0,1.0
3.257,-0.5172805786132812,-0.5172805786132812,-1.292306900024414,-0.7224846428533492,-2.172052649569366,-3.9578067131459718,15.0,1.0
3.258,-0.5188064575195312,-0.5188064575195312,-1.3538455963134766,-0.7246531301870459,-2.1649113167766245,-3.898765810475868,15.0,1.0
3.259,-0.5199508666992188,-0.5199508666992188,-1.3626365661621094,-0.726814465486902,-2.1577486171826763,-3.8980660328358154,15.0,1.0
3.2600000000000002,-0.5214767456054688,-0.5214767456054688,-1.3010997772216797,-0.7289686274214118,-2.1505646214808394,-3.961843071498305,15.0,1.0
3.261,-0.5226211547851562,-0.5226211547851562,-1.2659339904785156,-0.7311155947298642,-2.1433594005742975,-4.004842009266401,15.0,1.0
3.262,-0.5241470336914062,-0.5241470336914062,-1.24835205078125,-0.73325534622256,-2.1361330255759867,-4.024405662762042,15.0,1.0
3.263,-0.5249099731445312,-0.5249099731445312,-1.125274658203125,-0.7353878607810157,-2.128885567806549,-4.160779224150691,15.0,1.0
3.2640000000000002,-0.5264358520507812,-0.5264358520507812,-1.2219772338867188,-0.7375131173581736,-2.1216170987964915,-4.065798844520658,15.0,1.0
3.265,-0.5275802612304688,-0.5275802612304688,-1.1868133544921875,-0.7396310949786092,-2.114327690282778,-4.108276842012698,15.0,1.0
3.266,-0.5287246704101562,-0.5287246704101562,-1.2219772338867188,-0.7417417727387386,-2.1070174142077462,-4.080296715249764,15.0,1.0
3.267,-0.5298690795898438,-0.5298690795898438,-1.2395610809326172,-0.7438451298070243,-2.099686342721668,-4.06976601504676,15.0,1.0
3.2680000000000002,-0.5310134887695312,-0.5310134887695312,-1.1868133544921875,-0.7459411454241824,-2.092334548178883,-4.129436043506463,15.0,1.0
3.269,-0.5325403213500977,-0.5325403213500977,-1.213186264038086,-0.7480297989033827,-2.084962103138821,-4.104118002400011,15.0,1.0
3.27,-0.5333032608032227,-0.5333032608032227,-1.1516475677490234,-0.7501110696304596,-2.077569080364583,-4.178038645024113,15.0,1.0
3.271,-0.5348291397094727,-0.5348291397094727,-1.24835205078125,-0.7521849370641114,-2.0701555528218023,-4.082140462360133,15.0,1.0
3.2720000000000002,-0.5359735488891602,-0.5359735488891602,-1.213186264038086,-0.7542513807361036,-2.0627215936798393,-4.123702807345905,15.0,1.0
3.273,-0.5371179580688477,-0.5371179580688477,-1.1516475677490234,-0.7563103802514717,-2.0552672763091095,-4.191506041299446,15.0,1.0
3.274,-0.5382623672485352,-0.5382623672485352,-1.1516475677490234,-0.7583619152887214,-2.0477926742796058,-4.197638327133376,15.0,1.0
3.275,-0.5394067764282227,-0.5394067764282227,-1.0813179016113281,-0.7604059656000304,-2.0402978613632854,-4.273967797329073,15.0,1.0
3.2760000000000002,-0.5405511856079102,-0.5405511856079102,-1.1076927185058594,-0.7624425110114483,-2.0327829115304894,-4.253460074077703,15.0,1.0
3.277,-0.5413141250610352,-0.5413141250610352,-1.0197811126708984,-0.764471531423092,-2.025247898951079,-4.352827881711033,15.0,1.0
3.278,-0.5424585342407227,-0.5424585342407227,-1.0813179016113281,-0.7664930068093501,-2.0176928979925606,-4.296892084910644,15.0,1.0
3.279,-0.5436029434204102,-0.5436029434204102,-1.0725269317626953,-0.7685069172190767,-2.010117983219402,-4.311150658436706,15.0,1.0
3.2800000000000002,-0.5447473526000977,-0.5447473526000977,-1.125274658203125,-0.7705132427757893,-2.002523229393489,-4.263736923825738,15.0,1.0
3.281,-0.5458917617797852,-0.5458917617797852,-1.037363052368164,-0.7725119636778642,-1.9949087114723625,-4.3568486875753845,15.0,1.0
3.282,-0.5470361709594727,-0.5470361709594727,-1.0637359619140625,-0.7745030601987335,-1.9872745046072282,-4.3355418812820785,15.0,1.0
3.283,-0.5477991104125977,-0.5477991104125977,-1.0285720825195312,-0.7764865126870782,-1.9796206841450044,-4.381359635742681,15.0,1.0
3.2840000000000003,-0.5489435195922852,-0.5489435195922852,-1.0813179016113281,-0.778462301567024,-1.971947325625706,-4.333411153635461,15.0,1.0
3.285,-0.5500879287719727,-0.5500879287719727,-1.0725269317626953,-0.7804304073383302,-1.9642545047824456,-4.346864751515114,15.0,1.0
3.286,-0.5512323379516602,-0.5512323379516602,-1.213186264038086,-0.7823908105765884,-1.95654229753967,-4.210733122875508,15.0,1.0
3.287,-0.5523767471313477,-0.5523767471313477,-1.160440444946289,-0.7843434919334091,-1.9488107800150942,-4.267871507099727,15.0,1.0
3.2880000000000003,-0.5535211563110352,-0.5535211563110352,-1.1164836883544922,-0.786288432136619,-1.94106002851521,-4.316085477544476,15.0,1.0
3.289,-0.5546655654907227,-0.5546655654907227,-1.0285720825195312,-0.7882256119904401,-1.9332901195357977,-4.408118734512027,15.0,1.0
3.29,-0.5554285049438477,-0.5554285049438477,-0.9846153259277344,-0.7901550123756902,-1.9255011297635747,-4.461783415313478,15.0,1.0
3.291,-0.5565729141235352,-0.5565729141235352,-0.9230766296386719,-0.7920766142499668,-1.917693136072728,-4.527172008330531,15.0,1.0
3.2920000000000003,-0.5573358535766602,-0.5573358535766602,-0.9142856597900391,-0.793990398647836,-1.9098662155241186,-4.545398731801718,15.0,1.0
3.293,-0.5580987930297852,-0.5580987930297852,-0.8791217803955078,-0.7958963466810154,-1.902020445367441,-4.589861969740387,15.0,1.0
3.294,-0.5592432022094727,-0.5592432022094727,-0.9934062957763672,-0.7977944395385704,-1.894155903037415,-4.479018167197514,15.0,1.0
3.295,-0.5603876113891602,-0.5603876113891602,-0.9846153259277344,-0.7996846584870898,-1.8862726661529905,-4.491113046694201,15.0,1.0
3.2960000000000003,-0.5611505508422852,-0.5611505508422852,-1.0285720825195312,-0.8015669848708767,-1.8783708125187104,-4.456045240428053,15.0,1.0
3.297,-0.5622949600219727,-0.5622949600219727,-0.9142856597900391,-0.8034414001121277,-1.870450420122836,-4.573361361685123,15.0,1.0
3.298,-0.5630578994750977,-0.5630578994750977,-0.9670333862304688,-0.805307885711122,-1.862511567136437,-4.529227974446333,15.0,1.0
3.299,-0.5642023086547852,-0.5642023086547852,-0.9494514465332031,-0.8071664232464002,-1.854554331912425,-4.549564604253447,15.0,1.0
3.3000000000000003,-0.5649652481079102,-0.5649652481079102,-0.9494514465332031,-0.8090169943749472,-1.8465787929862358,-4.557903540458589,15.0,1.0
3.301,-0.5661096572875977,-0.5661096572875977,-0.9406585693359375,-0.8108595808323731,-1.8385850290733288,-4.569175312909023,15.0,1.0
3.302,-0.5668725967407227,-0.5668725967407227,-1.0197811126708984,-0.8126941644330935,-1.8305731190681058,-4.49811552178277,15.0,1.0
3.303,-0.5680170059204102,-0.5680170059204102,-1.1164836883544922,-0.8145207270705088,-1.8225431420451628,-4.403615270942151,15.0,1.0
3.3040000000000003,-0.5691614151000977,-0.5691614151000977,-1.1340656280517578,-0.8163392507171843,-1.814495177257129,-4.388097083461671,15.0,1.0
3.305,-0.5703058242797852,-0.5703058242797852,-1.0549449920654297,-0.8181497174250236,-1.8064293041342694,-4.469142709247417,15.0,1.0
3.306,-0.5714502334594727,-0.5714502334594727,-1.002197265625,-0.8199521093254525,-1.7983456022835185,-4.523676474648216,15.0,1.0
3.307,-0.5722131729125977,-0.5722131729125977,-0.9406585693359375,-0.8217464086295903,-1.7902441514872294,-4.592584117906181,15.0,1.0
3.3080000000000003,-0.5729761123657227,-0.5729761123657227,-0.8967037200927734,-0.8235325976284273,-1.7821250317043678,-4.643768590552165,15.0,1.0
3.309,-0.5741205215454102,-0.5741205215454102,-0.8967037200927734,-0.8253106586929994,-1.7739883230672717,-4.645136660188337,15.0,1.0
3.31,-0.5748834609985352,-0.5748834609985352,-0.8967037200927734,-0.8270805742745615,-1.765834105881197,-4.6520870849288185,15.0,1.0
3.311,-0.5760278701782227,-0.5760278701782227,-1.037363052368164,-0.8288423269047615,-1.7576624606256246,-4.512516259155543,15.0,1.0
3.3120000000000003,-0.5771722793579102,-0.5771722793579102,-1.0285720825195312,-0.8305958991958131,-1.7494734679509634,-4.522255682999976,15.0,1.0
3.313,-0.5779352188110352,-0.5779352188110352,-1.0637359619140625,-0.8323412738406638,-1.7412672086792895,-4.493622072209657,15.0,1.0
3.314,-0.5790796279907227,-0.5790796279907227,-1.0197811126708984,-0.8340784336131714,-1.7330437638034368,-4.538244735469268,15.0,1.0
3.315,-0.5802240371704102,-0.5802240371704102,-1.0109882354736328,-0.8358073613682704,-1.724803214485064,-4.547564841979335,15.0,1.0
3.3160000000000003,-0.5809869766235352,-0.5809869766235352,-0.9230766296386719,-0.8375280400421418,-1.7165456420553369,-4.641584963695764,15.0,1.0
3.317,-0.5821313858032227,-0.5821313858032227,-0.9758243560791016,-0.8392404526523816,-1.7082711280137914,-4.5890827746720735,15.0,1.0
3.318,-0.5828943252563477,-0.5828943252563477,-0.9318675994873047,-0.8409445822981689,-1.699979754025378,-4.638866010165392,15.0,1.0
3.319,-0.5840387344360352,-0.5840387344360352,-1.0285720825195312,-0.842640412160432,-1.6916716019231899,-4.542124685269611,15.0,1.0
3.3200000000000003,-0.5851831436157227,-0.5851831436157227,-1.0725269317626953,-0.8443279255020156,-1.683346753705166,-4.497991550236865,15.0,1.0
3.321,-0.5863275527954102,-0.5863275527954102,-1.160440444946289,-0.8460071056678427,-1.6750052915341485,-4.409758139674347,15.0,1.0
3.322,-0.5870904922485352,-0.5870904922485352,-1.0109882354736328,-0.8476779360850836,-1.6666472977367448,-4.564470719811338,15.0,1.0
3.323,-0.5882349014282227,-0.5882349014282227,-0.9846153259277344,-0.8493404002633158,-1.6582728548040109,-4.590240011402674,15.0,1.0
3.3240000000000003,-0.5889978408813477,-0.5889978408813477,-0.8791217803955078,-0.850994481794692,-1.6498820453880398,-4.700709878692696,15.0,1.0
3.325,-0.5901422500610352,-0.5901422500610352,-0.8791217803955078,-0.8526401643540923,-1.641474952301735,-4.699821886302084,15.0,1.0
3.326,-0.5909051895141602,-0.5909051895141602,-0.8351650238037109,-0.854277431699295,-1.6330516585204577,-4.74847026749377,15.0,1.0
3.327,-0.5916681289672852,-0.5916681289672852,-0.8351650238037109,-0.8559062676711329,-1.6246122471787316,-4.753019303932737,15.0,1.0
3.3280000000000003,-0.5924310684204102,-0.5924310684204102,-0.9230766296386719,-0.8575266561936529,-1.6161568015698435,-4.669513988529813,15.0,1.0
3.329,-0.5935754776000977,-0.5935754776000977,-0.9054946899414062,-0.8591385812742729,-1.6076854051453324,-4.685637270316555,15.0,1.0
3.33,-0.5943393707275391,-0.5943393707275391,-0.9494514465332031,-0.8607420270039432,-1.5991981415154441,-4.645786539128303,15.0,1.0
3.331,-0.5951023101806641,-0.5951023101806641,-0.8791217803955078,-0.8623369775573034,-1.5906950944458913,-4.720093324699974,15.0,1.0
3.332,-0.5962467193603516,-0.5962467193603516,-0.8351650238037109,-0.8639234171928346,-1.5821763478576827,-4.762161791541217,15.0,1.0
3.333,-0.5970096588134766,-0.5970096588134766,-0.8351650238037109,-0.8655013302530191,-1.5736419858274644,-4.765852033616892,15.0,1.0
3.334,-0.5977725982666016,-0.5977725982666016,-0.7384624481201172,-0.86707070116449,-1.5650920925862124,-4.866101187934422,15.0,1.0
3.335,-0.5985355377197266,-0.5985355377197266,-0.7648353576660156,-0.8686315144381912,-1.5565267525178683,-4.843131045628822,15.0,1.0
3.336,-0.5992984771728516,-0.5992984771728516,-0.7384624481201172,-0.8701837546695255,-1.5479460501586004,-4.872762764488591,15.0,1.0
3.337,-0.6000614166259766,-0.6000614166259766,-0.7560443878173828,-0.8717274065385087,-1.5393500701969742,-4.858295531067573,15.0,1.0
3.338,-0.6008243560791016,-0.6008243560791016,-0.8263740539550781,-0.8732624548099198,-1.5307388974720197,-4.790936324479215,15.0,1.0
3.339,-0.6015872955322266,-0.6015872955322266,-0.8351650238037109,-0.8747888843334524,-1.5221126169717536,-4.78497142518643,15.0,1.0
3.34,-0.6023502349853516,-0.6023502349853516,-0.8879127502441406,-0.876306680043863,-1.5134713138346,-4.734905239468132,15.0,1.0
3.341,-0.6034946441650391,-0.6034946441650391,-0.7824172973632812,-0.8778158269611219,-1.5048150733464354,-4.837215517924397,15.0,1.0
3.342,-0.6038761138916016,-0.6038761138916016,-0.7296695709228516,-0.8793163101905563,-1.4961439809410422,-4.8980773545025125,15.0,1.0
3.343,-0.6046390533447266,-0.6046390533447266,-0.6857147216796875,-0.8808081149230036,-1.487458122198575,-4.944279324193043,15.0,1.0
3.344,-0.6054019927978516,-0.6054019927978516,-0.6769237518310547,-0.8822912264349532,-1.4787575828447075,-4.955172335570177,15.0,1.0
3.345,-0.6057834625244141,-0.6057834625244141,-0.5538463592529297,-0.8837656300886932,-1.4700424487506893,-5.085928602961947,15.0,1.0
3.346,-0.6065464019775391,-0.6065464019775391,-0.5978031158447266,-0.8852313113324549,-1.461312805931641,-5.043783330410652,15.0,1.0
3.347,-0.6069278717041016,-0.6069278717041016,-0.5714282989501953,-0.8866882557005562,-1.4525687405447911,-5.0775462015414154,15.0,1.0
3.348,-0.6076908111572266,-0.6076908111572266,-0.5450553894042969,-0.8881364488135441,-1.4438103388908985,-5.105439514331366,15.0,1.0
3.349,-0.6080722808837891,-0.6080722808837891,-0.5626373291015625,-0.8895758763783382,-1.435037687411807,-5.094954290728482,15.0,1.0
3.35,-0.6088352203369141,-0.6088352203369141,-0.6065940856933594,-0.8910065241883681,-1.4262508726900478,-5.052226344768499,15.0,1.0
3.351,-0.6095981597900391,-0.6095981597900391,-0.6593399047851562,-0.892428378123718,-1.4174499814475894,-5.000563351667617,15.0,1.0
3.352,-0.6099796295166016,-0.6099796295166016,-0.624176025390625,-0.893841424151263,-1.4086351005466895,-5.042385994675986,15.0,1.0
3.353,-0.6107425689697266,-0.6107425689697266,-0.7296695709228516,-0.8952456483248116,-1.3998063169862007,-4.937682936389624,15.0,1.0
3.354,-0.6115055084228516,-0.6115055084228516,-0.6505489349365234,-0.8966410367852358,-1.390963717902082,-5.017447708401321,15.0,1.0
3.355,-0.6118869781494141,-0.6118869781494141,-0.5978031158447266,-0.8980275757606154,-1.3821073905676258,-5.07641323889092,15.0,1.0
3.356,-0.6126499176025391,-0.6126499176025391,-0.6329669952392578,-0.8994052515663707,-1.373237422391412,-5.041600436609629,15.0,1.0
3.357,-0.6134128570556641,-0.6134128570556641,-0.6417579650878906,-0.9007740506053985,-1.3643539009160008,-5.033013839074127,15.0,1.0
3.358,-0.6137943267822266,-0.6137943267822266,-0.5626373291015625,-0.9021339593682032,-1.3554569138180455,-5.117914073506132,15.0,1.0
3.359,-0.6145572662353516,-0.6145572662353516,-0.5362644195556641,-0.9034849644330343,-1.3465465489080088,-5.144197602317585,15.0,1.0
3.36,-0.6149387359619141,-0.6149387359619141,-0.5626373291015625,-0.9048270524660189,-1.3376228941276622,-5.123310312587672,15.0,1.0
3.361,-0.6157016754150391,-0.6157016754150391,-0.5626373291015625,-0.9061602102212899,-1.3286860375488345,-5.122926730541034,15.0,1.0
3.362,-0.6160831451416016,-0.6160831451416016,-0.5362644195556641,-0.9074844245411169,-1.3197360673751746,-5.15449083881224,15.0,1.0
3.363,-0.6168460845947266,-0.6168460845947266,-0.5890102386474609,-0.90879968235604,-1.3107730719394226,-5.101066799711663,15.0,1.0
3.364,-0.6172275543212891,-0.6172275543212891,-0.6417579650878906,-0.9101059706849954,-1.3017971397027281,-5.053215420070433,15.0,1.0
3.365,-0.6179904937744141,-0.6179904937744141,-0.6505489349365234,-0.9114032766354457,-1.2928083592533426,-5.043451167232294,15.0,1.0
3.366,-0.6187534332275391,-0.6187534332275391,-0.6417579650878906,-0.9126915874035024,-1.2838068193076424,-5.051121166859202,15.0,1.0
3.367,-0.6195163726806641,-0.6195163726806641,-0.6769237518310547,-0.9139708902740608,-1.2747926087074575,-5.014686620777353,15.0,1.0
3.368,-0.6198978424072266,-0.6198978424072266,-0.6065940856933594,-0.9152411726209171,-1.2657658164185364,-5.089321683930535,15.0,1.0
3.369,-0.6202793121337891,-0.6202793121337891,-0.5538463592529297,-0.9165024219068981,-1.2567265315318537,-5.14622681887556,15.0,1.0
3.37,-0.6210422515869141,-0.6210422515869141,-0.5714282989501953,-0.9177546256839811,-1.2476748432617342,-5.126932155767545,15.0,1.0
3.371,-0.6214237213134766,-0.6214237213134766,-0.5450553894042969,-0.9189977715934213,-1.2386108409446592,-5.157166205739534,15.0,1.0
3.372,-0.6221866607666016,-0.6221866607666016,-0.5098896026611328,-0.9202318473658703,-1.2295346140383572,-5.190322810366255,15.0,1.0
3.373,-0.6225681304931641,-0.6225681304931641,-0.4219779968261719,-0.9214568408214983,-1.2204462521219739,-5.2817989102208145,15.0,1.0
3.374,-0.6229496002197266,-0.6229496002197266,-0.4219779968261719,-0.9226727398701146,-1.2113458448942538,-5.2852149428239015,15.0,1.0
3.375,-0.6233310699462891,-0.6233310699462891,-0.4483509063720703,-0.9238795325112864,-1.202233482171664,-5.262109514274554,15.0,1.0
3.376,-0.6237125396728516,-0.6237125396728516,-0.41318702697753906,-0.9250772068344576,-1.1931092538900998,-5.300392234336651,15.0,1.0
3.3770000000000002,-0.6240940093994141,-0.6240940093994141,-0.41318702697753906,-0.9262657510190668,-1.1839732501018148,-5.303362347419068,15.0,1.0
3.378,-0.6244754791259766,-0.6244754791259766,-0.40439605712890625,-0.9274451533346615,-1.1748255609753642,-5.314974616976732,15.0,1.0
3.379,-0.6248569488525391,-0.6248569488525391,-0.41318702697753906,-0.9286154021410173,-1.1656662767950934,-5.308856049144729,15.0,1.0
3.38,-0.6252384185791016,-0.6252384185791016,-0.4483509063720703,-0.9297764858882513,-1.1564954879590346,-5.2762155912242115,15.0,1.0
3.3810000000000002,-0.6260013580322266,-0.6260013580322266,-0.4923076629638672,-0.9309283931169356,-1.1473132849795888,-5.2289111482863575,15.0,1.0
3.382,-0.6263828277587891,-0.6263828277587891,-0.47472572326660156,-0.9320711124582108,-1.138119758481423,-5.248718305706149,15.0,1.0
3.383,-0.6267642974853516,-0.6267642974853516,-0.4923076629638672,-0.9332046326338983,-1.1289149992005605,-5.233212363464895,15.0,1.0
3.384,-0.6275272369384766,-0.6275272369384766,-0.5450553894042969,-0.9343289424566118,-1.119699097984494,-5.176669291352225,15.0,1.0
3.3850000000000002,-0.6279087066650391,-0.6279087066650391,-0.4923076629638672,-0.9354440308298676,-1.1104721457901974,-5.231194345298758,15.0,1.0
3.386,-0.6282901763916016,-0.6282901763916016,-0.4835166931152344,-0.9365498867481925,-1.1012342336841812,-5.241613195917811,15.0,1.0
3.387,-0.6290531158447266,-0.6290531158447266,-0.47472572326660156,-0.9376464992972358,-1.0919854528409587,-5.246160481361995,15.0,1.0
3.388,-0.6294345855712891,-0.6294345855712891,-0.4923076629638672,-0.9387338576538742,-1.082725894541852,-5.229907312816762,15.0,1.0
3.3890000000000002,-0.6298160552978516,-0.6298160552978516,-0.4923076629638672,-0.9398119510863197,-1.0734556501754469,-5.231086424038601,15.0,1.0
3.39,-0.6301975250244141,-0.6301975250244141,-0.4483509063720703,-0.9408807689542253,-1.0641748112355458,-5.2760725638106445,15.0,1.0
3.391,-0.6305789947509766,-0.6305789947509766,-0.39560508728027344,-0.9419403007087905,-1.0548834693195772,-5.329697971406514,15.0,1.0
3.392,-0.6309604644775391,-0.6309604644775391,-0.4219779968261719,-0.9429905358928643,-1.0455817161296181,-5.304054790533325,15.0,1.0
3.3930000000000002,-0.6317234039306641,-0.6317234039306641,-0.4219779968261719,-0.94403146414105,-1.0362696434702343,-5.2989125497998515,15.0,1.0
3.394,-0.6321048736572266,-0.6321048736572266,-0.40439605712890625,-0.945063075179805,-1.0269473432476275,-5.3169243089573985,15.0,1.0
3.395,-0.6324863433837891,-0.6324863433837891,-0.3692302703857422,-0.946085358827545,-1.0176149074695218,-5.352369868740118,15.0,1.0
3.396,-0.6328678131103516,-0.6328678131103516,-0.378021240234375,-0.9470983049947438,-1.0082724282434015,-5.34370856627491,15.0,1.0
3.3970000000000002,-0.6332492828369141,-0.6332492828369141,-0.3692302703857422,-0.948101903684032,-0.9989199977752605,-5.352479040096288,15.0,1.0
3.398,-0.6336307525634766,-0.6336307525634766,-0.3692302703857422,-0.9490961449902946,-0.9895577083699436,-5.352308324386472,15.0,1.0
3.399,-0.6340122222900391,-0.6340122222900391,-0.39560508728027344,-0.9500810191007717,-0.9801856524295545,-5.325612517310271,15.0,1.0
3.4,-0.6343936920166016,-0.6343936920166016,-0.41318702697753906,-0.9510565162951534,-0.9708039224525464,-5.307559259653285,15.0,1.0
3.4010000000000002,-0.6347751617431641,-0.6347751617431641,-0.41318702697753906,-0.952022626945677,-0.961412611032415,-5.306937562092569,15.0,1.0
3.402,-0.6351566314697266,-0.6351566314697266,-0.4307689666748047,-0.9529793415172185,-0.9520118108582096,-5.288583494895784,15.0,1.0
3.403,-0.6355381011962891,-0.6355381011962891,-0.4395599365234375,-0.9539266505673932,-0.9426016147121459,-5.278869918755271,15.0,1.0
3.404,-0.6359195709228516,-0.6359195709228516,-0.4219779968261719,-0.9548645447466426,-0.9331821154684121,-5.295378725999106,15.0,1.0
3.4050000000000002,-0.6363010406494141,-0.6363010406494141,-0.3868141174316406,-0.9557930147983302,-0.9237534060938515,-5.329318900895953,15.0,1.0
3.406,-0.6366825103759766,-0.6366825103759766,-0.3604393005371094,-0.9567120515588305,-0.9143155796461429,-5.354319396851843,15.0,1.0
3.407,-0.6370639801025391,-0.6370639801025391,-0.3604393005371094,-0.9576216459576222,-0.9048687292727209,-5.352794416561859,15.0,1.0
3.408,-0.6374454498291016,-0.6374454498291016,-0.3868141174316406,-0.9585217890173758,-0.8954129482101507,-5.324743918602624,15.0,1.0
3.4090000000000003,-0.6378269195556641,-0.6378269195556641,-0.3692302703857422,-0.9594124718540428,-0.8859483297834458,-5.340501343873385,15.0,1.0
3.41,-0.6382083892822266,-0.6382083892822266,-0.34285736083984375,-0.960293685676943,-0.8764749674045902,-5.364897052485492,15.0,1.0
3.411,-0.6385898590087891,-0.6385898590087891,-0.33406639099121094,-0.9611654217888517,-0.8669929545714012,-5.371560005281129,15.0,1.0
3.412,-0.6385898590087891,-0.6385898590087891,-0.27252769470214844,-0.9620276715860856,-0.8575023848679848,-5.436541878825285,15.0,1.0
3.4130000000000003,-0.6389713287353516,-0.6389713287353516,-0.2637367248535156,-0.9628804265585877,-0.8480033519619496,-5.442903094456977,15.0,1.0
3.414,-0.6393527984619141,-0.6393527984619141,-0.28131866455078125,-0.9637236782900098,-0.838495949605317,-5.422740482475972,15.0,1.0
3.415,-0.6397342681884766,-0.6397342681884766,-0.2637367248535156,-0.9645574184577982,-0.8289802716320764,-5.437590800818385,15.0,1.0
3.416,-0.6397342681884766,-0.6397342681884766,-0.27252769470214844,-0.9653816388332739,-0.8194564119581855,-5.431639276927997,15.0,1.0
3.4170000000000003,-0.6401157379150391,-0.6401157379150391,-0.28131866455078125,-0.9661963312817147,-0.8099244645804902,-5.419814700529843,15.0,1.0
3.418,-0.6404972076416016,-0.6404972076416016,-0.24615478515625,-0.967001487762435,-0.800384523575417,-5.451793940231669,15.0,1.0
3.419,-0.6404972076416016,-0.6404972076416016,-0.22857093811035156,-0.9677971003288653,-0.790836683098064,-5.471764135296669,15.0,1.0
3.42,-0.6408786773681641,-0.6408786773681641,-0.21098899841308594,-0.968583161128631,-0.7812810373820298,-5.485859295375947,15.0,1.0
3.4210000000000003,-0.6408786773681641,-0.6408786773681641,-0.20219802856445312,-0.9693596624036295,-0.7717176807374244,-5.496734427704952,15.0,1.0
3.422,-0.6412601470947266,-0.6412601470947266,-0.21098899841308594,-0.970126596490106,-0.7621467075509258,-5.484154450068532,15.0,1.0
3.423,-0.6416416168212891,-0.6416416168212891,-0.21098899841308594,-0.9708839558187311,-0.752568212284018,-5.480214298832562,15.0,1.0
3.424,-0.6416416168212891,-0.6416416168212891,-0.20219802856445312,-0.971631732914674,-0.7429822894726499,-5.49063600230897,15.0,1.0
3.4250000000000003,-0.6420230865478516,-0.6420230865478516,-0.21098899841308594,-0.9723699203976766,-0.7333890337260982,-5.477602543060387,15.0,1.0
3.426,-0.6420230865478516,-0.6420230865478516,-0.21098899841308594,-0.9730985109821265,-0.7237885397262289,-5.478930907827268,15.0,1.0
3.427,-0.6424045562744141,-0.6424045562744141,-0.23736190795898438,-0.9738174974771288,-0.7141809022253369,-5.448013112307073,15.0,1.0
3.428,-0.6427860260009766,-0.6427860260009766,-0.27252769470214844,-0.974526872786577,-0.7045662160473398,-5.408151223129198,15.0,1.0
3.4290000000000003,-0.6427860260009766,-0.6427860260009766,-0.2637367248535156,-0.9752266299092236,-0.6949445760851631,-5.417816909855353,15.0,1.0
3.43,-0.6431674957275391,-0.6431674957275391,-0.21977996826171875,-0.9759167619387475,-0.6853160773004561,-5.456775102206865,15.0,1.0
3.431,-0.6431674957275391,-0.6431674957275391,-0.24615478515625,-0.9765972620638244,-0.6756808147228526,-5.4309725246108815,15.0,1.0
3.432,-0.6435489654541016,-0.6435489654541016,-0.2549457550048828,-0.9772681235681931,-0.6660388834486639,-5.4168805001551545,15.0,1.0
3.4330000000000003,-0.6439304351806641,-0.6439304351806641,-0.24615478515625,-0.9779293398307218,-0.6563903786394008,-5.420219163234018,15.0,1.0
3.434,-0.6439304351806641,-0.6439304351806641,-0.2549457550048828,-0.9785809043254721,-0.6467353955220005,-5.411546677689238,15.0,1.0
3.435,-0.6443119049072266,-0.6443119049072266,-0.22857093811035156,-0.9792228106217657,-0.6370740293874064,-5.432166676995143,15.0,1.0
3.436,-0.6446933746337891,-0.6446933746337891,-0.22857093811035156,-0.9798550523842467,-0.6274063755893735,-5.426260603735887,15.0,1.0
3.4370000000000003,-0.6446933746337891,-0.6446933746337891,-0.22857093811035156,-0.9804776233729446,-0.6177325295435026,-5.425925322520484,15.0,1.0
3.438,-0.6450748443603516,-0.6450748443603516,-0.20219802856445312,-0.981090517443334,-0.6080525867270694,-5.446089654407352,15.0,1.0
3.439,-0.6450748443603516,-0.6450748443603516,-0.24615478515625,-0.9816937285463987,-0.5983666426773198,-5.401495120311777,15.0,1.0
3.44,-0.6454563140869141,-0.6454563140869141,-0.2549457550048828,-0.9822872507286885,-0.5886747929902185,-5.386193087611952,15.0,1.0
3.4410000000000003,-0.6458377838134766,-0.6458377838134766,-0.2549457550048828,-0.9828710781323793,-0.5789771333205067,-5.379530793099165,15.0,1.0
3.442,-0.6458377838134766,-0.6458377838134766,-0.23736190795898438,-0.9834452049953297,-0.5692737593803372,-5.39602316914915,15.0,1.0
3.443,-0.6462192535400391,-0.6462192535400391,-0.23736190795898438,-0.9840096256511398,-0.5595647669378536,-5.38905844064538,15.0,1.0
3.444,-0.6462192535400391,-0.6462192535400391,-0.1934070587158203,-0.9845643345292053,-0.5498502518170199,-5.431619407938694,15.0,1.0
3.4450000000000003,-0.6466007232666016,-0.6466007232666016,-0.1846160888671875,-0.9851093261547739,-0.5401303098961989,-5.433143264351596,15.0,1.0
3.446,-0.6466007232666016,-0.6466007232666016,-0.1934070587158203,-0.9856445951489979,-0.5304050371074709,-5.422656056627596,15.0,1.0
3.447,-0.6469821929931641,-0.6469821929931641,-0.16703224182128906,-0.9861701362289887,-0.5206745294350412,-5.441461436151123,15.0,1.0
3.448,-0.6469821929931641,-0.6469821929931641,-0.14945030212402344,-0.9866859442078679,-0.5109388829152408,-5.457044849011775,15.0,1.0
3.4490000000000003,-0.6473636627197266,-0.6473636627197266,-0.11428642272949219,-0.9871920139948193,-0.5011981936348775,-5.484337040031776,15.0,1.0
3.45,-0.6473636627197266,-0.6473636627197266,-0.14065933227539062,-0.9876883405951378,-0.49145255773066765,-5.455663393586445,15.0,1.0
3.451,-0.6473636627197266,-0.6473636627197266,-0.123077392578125,-0.9881749191102805,-0.48170207138821297,-5.470793524668398,15.0,1.0
3.452,-0.6477451324462891,-0.6477451324462891,-0.123077392578125,-0.9886517447379141,-0.4719468308405794,-5.4624686226368295,15.0,1.0
3.4530000000000003,-0.6477451324462891,-0.6477451324462891,-0.1318683624267578,-0.9891188127719618,-0.4621869323684109,-5.450923774826744,15.0,1.0
3.454,-0.6477451324462891,-0.6477451324462891,-0.1318683624267578,-0.9895761186026509,-0.4524224722978829,-5.448018902216553,15.0,1.0
3.455,-0.6481266021728516,-0.6481266021728516,-0.1318683624267578,-0.9900236577165575,-0.44265354700013404,-5.439241017728966,15.0,1.0
3.456,-0.6481266021728516,-0.6481266021728516,-0.14065933227539062,-0.9904614256966511,-0.43288025289058396,-5.427243273472186,15.0,1.0
3.457,-0.6481266021728516,-0.6481266021728516,-0.1318683624267578,-0.9908894182223386,-0.42310268642779647,-5.4326765647433435,15.0,1.0
3.458,-0.6485080718994141,-0.6485080718994141,-0.123077392578125,-0.9913076310695067,-0.4133209441121153,-5.43223693908538,15.0,1.0
3.459,-0.6485080718994141,-0.6485080718994141,-0.10549545288085938,-0.9917160601105629,-0.4035351224856072,-5.44615949277198,15.0,1.0
3.46,-0.6485080718994141,-0.6485080718994141,-0.08791160583496094,-0.9921147013144779,-0.39374531813035674,-5.459933153521353,15.0,1.0
3.461,-0.6485080718994141,-0.6485080718994141,-0.0615386962890625,-0.9925035507468235,-0.3839516276678978,-5.482345114089977,15.0,1.0
3.462,-0.6488895416259766,-0.6488895416259766,-0.05274772644042969,-0.9928826045698137,-0.3741541477578494,-5.481302365474977,15.0,1.0
3.463,-0.6488895416259766,-0.6488895416259766,-0.043956756591796875,-0.9932518590423394,-0.36435297509740394,-5.485830979751049,15.0,1.0
3.464,-0.6488895416259766,-0.6488895416259766,-0.03516578674316406,-0.9936113105200084,-0.35454820642013374,-5.490208953087447,15.0,1.0
3.465,-0.6488895416259766,-0.6488895416259766,-0.026372909545898438,-0.9939609554551796,-0.34473993849525186,-5.494438236387399,15.0,1.0
3.466,-0.6488895416259766,-0.6488895416259766,-0.026372909545898438,-0.994300790396999,-0.3349282681263617,-5.4897240901458,15.0,1.0
3.467,-0.6488895416259766,-0.6488895416259766,-0.008790969848632812,-0.9946308119914324,-0.3251132921505473,-5.502441377783753,15.0,1.0
3.468,-0.6488895416259766,-0.6488895416259766,-0.008790969848632812,-0.9949510169813001,-0.3152951074379189,-5.497426267919138,15.0,1.0
3.469,-0.6488895416259766,-0.6488895416259766,-0.017581939697265625,-0.9952614022063082,-0.30547381088996417,-5.483469779897673,15.0,1.0
3.47,-0.6488895416259766,-0.6488895416259766,-0.017581939697265625,-0.99556196460308,-0.29564949943863894,-5.478153904397924,15.0,1.0
3.471,-0.6488895416259766,-0.6488895416259766,-0.008790969848632812,-0.9958527012051857,-0.28582227004619654,-5.4814786938857,15.0,1.0
3.472,-0.6488895416259766,-0.6488895416259766,-0.026372909545898438,-0.9961336091431724,-0.27599221970336885,-5.4582803229154075,15.0,1.0
3.473,-0.6488895416259766,-0.6488895416259766,-0.017581939697265625,-0.9964046856445924,-0.2661594454286842,-5.461304666010656,15.0,1.0
3.474,-0.6488895416259766,-0.6488895416259766,-0.026372909545898438,-0.9966659280340299,-0.25632404426772837,-5.446596930842629,15.0,1.0
3.475,-0.6488895416259766,-0.6488895416259766,-0.03516578674316406,-0.9969173337331279,-0.24648611329200776,-5.431737208156113,15.0,1.0
3.476,-0.6488895416259766,-0.6488895416259766,-0.026372909545898438,-0.9971589002606138,-0.23664574959786933,-5.43431321957153,15.0,1.0
3.477,-0.6492710113525391,-0.6492710113525391,-0.03516578674316406,-0.9973906252323236,-0.2268030503057048,-5.413431471759308,15.0,1.0
3.478,-0.6492710113525391,-0.6492710113525391,-0.043956756591796875,-0.9976125063612252,-0.21695811255887065,-5.398123781097366,15.0,1.0
3.479,-0.6492710113525391,-0.6492710113525391,-0.043956756591796875,-0.9978245414574415,-0.2071110335231765,-5.391457228504916,15.0,1.0
3.48,-0.6492710113525391,-0.6492710113525391,-0.05274772644042969,-0.9980267284282716,-0.19726191038517982,-5.375849940080737,15.0,1.0
3.481,-0.6492710113525391,-0.6492710113525391,-0.043956756591796875,-0.9982190652782118,-0.187410840351788,-5.377674892645082,15.0,1.0
3.482,-0.6492710113525391,-0.6492710113525391,-0.043956756591796875,-0.998401550108975,-0.1775579206488942,-5.370559245403637,15.0,1.0
3.483,-0.6492710113525391,-0.6492710113525391,-0.026372909545898438,-0.9985741811195097,-0.16770324852120666,-5.380877885479867,15.0,1.0
3.484,-0.6492710113525391,-0.6492710113525391,-0.03516578674316406,-0.9987369566060175,-0.15784692123014565,-5.3646703132891576,15.0,1.0
3.485,-0.6492710113525391,-0.6492710113525391,-0.026372909545898438,-0.9988898749619699,-0.14798903605361602,-5.36589908064918,15.0,1.0
3.486,-0.6492710113525391,-0.6492710113525391,-0.026372909545898438,-0.9990329346781247,-0.13812969028504085,-5.358185630622927,15.0,1.0
3.487,-0.6492710113525391,-0.6492710113525391,-0.008790969848632812,-0.9991661343425401,-0.12826898123228148,-5.367904856233664,15.0,1.0
3.488,-0.6492710113525391,-0.6492710113525391,0.0,-0.9992894726405892,-0.11840700621644373,-5.368683925537196,15.0,1.0
3.489,-0.6492710113525391,-0.6492710113525391,-0.017581939697265625,-0.9994029483549729,-0.10854386257119586,-5.3429409779104375,15.0,1.0
3.49,-0.6492710113525391,-0.6492710113525391,0.017581939697265625,-0.9995065603657316,-0.0986796476417453,-5.369794822536899,15.0,1.0
3.491,-0.6492710113525391,-0.6492710113525391,0.0,-0.9996003076502565,-0.08881445878421346,-5.343753903249976,15.0,1.0
3.492,-0.6492710113525391,-0.6492710113525391,0.026372909545898438,-0.9996841892832999,-0.0789483933637598,-5.361518971871071,15.0,1.0
3.493,-0.6492710113525391,-0.6492710113525391,0.008790969848632812,-0.999758204436984,-0.06908154875463879,-5.335180414869947,15.0,1.0
3.494,-0.6492710113525391,-0.6492710113525391,0.008790969848632812,-0.9998223523808091,-0.05921402233821027,-5.326275107610893,15.0,1.0
3.495,-0.6492710113525391,-0.6492710113525391,0.0,-0.9998766324816606,-0.04934591150350798,-5.308430228440331,15.0,1.0
3.496,-0.6492710113525391,-0.6492710113525391,0.0,-0.9999210442038161,-0.0394773136446247,-5.29922780641378,15.0,1.0
3.497,-0.6492710113525391,-0.6492710113525391,0.017581939697265625,-0.9999555871089498,-0.02960832616048492,-5.307458902203912,15.0,1.0
3.498,-0.6492710113525391,-0.6492710113525391,0.008790969848632812,-0.9999802608561371,-0.01973904645416269,-5.289168758856766,15.0,1.0
3.499,-0.6492710113525391,-0.6492710113525391,0.0,-0.9999950652018582,-0.009869571931460541,-5.270730379671248,15.0,1.0
3.5,-0.6492710113525391,-0.6492710113525391,0.008790969848632812,-1.0,0.0,-5.269725799560547,15.0,1.0
3.501,-0.6492710113525391,-0.6492710113525391,0.008790969848632812,-0.9999950652018582,0.009869571931460541,-5.259782205656959,15.0,1.0
3.5020000000000002,-0.6492710113525391,-0.6492710113525391,0.017581939697265625,-0.9999802608561371,0.019739046454219533,-5.2584816357970166,15.0,1.0
3.503,-0.6492710113525391,-0.6492710113525391,0.008790969848632812,-0.9999555871089498,0.02960832616048492,-5.239451280034309,15.0,1.0
3.504,-0.6492710113525391,-0.6492710113525391,0.026372909545898438,-0.9999210442038161,0.0394773136446247,-5.246646088670429,15.0,1.0
3.505,-0.6492710113525391,-0.6492710113525391,0.026372909545898438,-0.9998766324816606,0.04934591150350798,-5.236111314979214,15.0,1.0
3.5060000000000002,-0.6492710113525391,-0.6492710113525391,0.017581939697265625,-0.999822352380809,0.059214022338267114,-5.216638032783047,15.0,1.0
3.507,-0.6492710113525391,-0.6492710113525391,0.017581939697265625,-0.999758204436984,0.0690815487545251,-5.205808287209416,15.0,1.0
3.508,-0.6492710113525391,-0.6492710113525391,0.017581939697265625,-0.9996841892832999,0.0789483933637598,-5.1948312152949185,15.0,1.0
3.509,-0.6492710113525391,-0.6492710113525391,0.026372909545898438,-0.9996003076502565,0.08881445878421346,-5.192497895227447,15.0,1.0
3.5100000000000002,-0.6492710113525391,-0.6492710113525391,0.017581939697265625,-0.9995065603657315,0.09867964764185899,-5.172435527253293,15.0,1.0
3.511,-0.6492710113525391,-0.6492710113525391,0.026372909545898438,-0.9994029483549729,0.10854386257108217,-5.169808102011324,15.0,1.0
3.512,-0.6492710113525391,-0.6492710113525391,0.017581939697265625,-0.9992894726405893,0.11840700621638689,-5.149451852801633,15.0,1.0
3.513,-0.6492710113525391,-0.6492710113525391,0.026372909545898438,-0.9991661343425402,0.12826898123228148,-5.146530773163634,15.0,1.0
3.5140000000000002,-0.6492710113525391,-0.6492710113525391,0.017581939697265625,-0.9990329346781247,0.1381296902850977,-5.1258810992959525,15.0,1.0
3.515,-0.6488895416259766,-0.6488895416259766,0.026372909545898438,-0.99888987496197,0.14798903605361602,-5.1283888735321845,15.0,1.0
3.516,-0.6488895416259766,-0.6488895416259766,0.017581939697265625,-0.9987369566060175,0.15784692123014565,-5.107446243167733,15.0,1.0
3.517,-0.6488895416259766,-0.6488895416259766,0.03516578674316406,-0.9985741811195098,0.16770324852120666,-5.112732130624956,15.0,1.0
3.5180000000000002,-0.6488895416259766,-0.6488895416259766,0.026372909545898438,-0.998401550108975,0.17755792064900788,-5.091495116141868,15.0,1.0
3.519,-0.6488895416259766,-0.6488895416259766,0.03516578674316406,-0.9982190652782118,0.187410840351788,-5.0876978011749046,15.0,1.0
3.52,-0.6488895416259766,-0.6488895416259766,0.03516578674316406,-0.9980267284282716,0.19726191038517982,-5.074961678392409,15.0,1.0
3.521,-0.6488895416259766,-0.6488895416259766,0.03516578674316406,-0.9978245414574415,0.20711103352311966,-5.0620797506920185,15.0,1.0
3.5220000000000002,-0.6488895416259766,-0.6488895416259766,0.0615386962890625,-0.9976125063612251,0.21695811255898434,-5.0754250547588065,15.0,1.0
3.523,-0.6488895416259766,-0.6488895416259766,0.05274772644042969,-0.9973906252323236,0.22680305030559111,-5.0534609302300435,15.0,1.0
3.524,-0.6488895416259766,-0.6488895416259766,0.07912063598632812,-0.9971589002606139,0.23664574959781248,-5.066515265908076,15.0,1.0
3.525,-0.6485080718994141,-0.6485080718994141,0.08791160583496094,-0.996917333733128,0.24648611329200776,-5.067564420048662,15.0,1.0
3.5260000000000002,-0.6485080718994141,-0.6485080718994141,0.07912063598632812,-0.9966659280340299,0.2563240442677852,-5.04516443373778,15.0,1.0
3.527,-0.6485080718994141,-0.6485080718994141,0.07912063598632812,-0.9964046856445924,0.26615944542874104,-5.031410396735262,15.0,1.0
3.528,-0.6485080718994141,-0.6485080718994141,0.08791160583496094,-0.9961336091431725,0.275992219703312,-5.026302444788025,15.0,1.0
3.529,-0.6481266021728516,-0.6481266021728516,0.08791160583496094,-0.9958527012051858,0.2858222700462534,-5.017980821273721,15.0,1.0
3.5300000000000002,-0.6481266021728516,-0.6481266021728516,0.07912063598632812,-0.9955619646030799,0.2956494994386958,-4.9950015730010575,15.0,1.0
3.531,-0.6481266021728516,-0.6481266021728516,0.09670257568359375,-0.9952614022063083,0.30547381088996417,-4.998250765295481,15.0,1.0
3.532,-0.6481266021728516,-0.6481266021728516,0.07032966613769531,-0.9949510169813001,0.3152951074379189,-4.957400780826504,15.0,1.0
3.533,-0.6481266021728516,-0.6481266021728516,0.0615386962890625,-0.9946308119914326,0.32511329215049045,-4.933988551417287,15.0,1.0
3.5340000000000003,-0.6477451324462891,-0.6477451324462891,0.07912063598632812,-0.9943007903969989,0.3349282681264185,-4.942527237120558,15.0,1.0
3.535,-0.6477451324462891,-0.6477451324462891,0.07032966613769531,-0.9939609554551797,0.3447399384953087,-4.918827072775747,15.0,1.0
3.536,-0.6477451324462891,-0.6477451324462891,0.07912063598632812,-0.9936113105200084,0.35454820642013374,-4.912565100671984,15.0,1.0
3.537,-0.6477451324462891,-0.6477451324462891,0.07032966613769531,-0.9932518590423395,0.3643529750973471,-4.888577589981105,15.0,1.0
3.5380000000000003,-0.6477451324462891,-0.6477451324462891,0.07912063598632812,-0.9928826045698136,0.37415414775790623,-4.88202857008129,15.0,1.0
3.539,-0.6473636627197266,-0.6473636627197266,0.09670257568359375,-0.9925035507468236,0.38395162766784097,-4.889849268422209,15.0,1.0
3.54,-0.6473636627197266,-0.6473636627197266,0.11428642272949219,-0.992114701314478,0.39374531813035674,-4.891806683520407,15.0,1.0
3.541,-0.6473636627197266,-0.6473636627197266,0.123077392578125,-0.991716060110563,0.4035351224856072,-4.884828230955065,15.0,1.0
3.5420000000000003,-0.6469821929931641,-0.6469821929931641,0.1318683624267578,-0.9913076310695066,0.41332094411217213,-4.883428989459723,15.0,1.0
3.543,-0.6469821929931641,-0.6469821929931641,0.123077392578125,-0.9908894182223387,0.4231026864277396,-4.8585830845880045,15.0,1.0
3.544,-0.6469821929931641,-0.6469821929931641,0.14945030212402344,-0.9904614256966512,0.43288025289058396,-4.8687585397857465,15.0,1.0
3.545,-0.6466007232666016,-0.6466007232666016,0.15824127197265625,-0.9900236577165576,0.4426535470000772,-4.8669317417219204,15.0,1.0
3.5460000000000003,-0.6466007232666016,-0.6466007232666016,0.1318683624267578,-0.9895761186026508,0.4524224722978829,-4.824076820169614,15.0,1.0
3.547,-0.6466007232666016,-0.6466007232666016,0.123077392578125,-0.9891188127719619,0.46218693236835406,-4.798661802790176,15.0,1.0
3.548,-0.6462192535400391,-0.6462192535400391,0.16703224182128906,-0.9886517447379142,0.4719468308406931,-4.831572778948723,15.0,1.0
3.549,-0.6462192535400391,-0.6462192535400391,0.11428642272949219,-0.9881749191102807,0.48170207138815613,-4.76191933489496,15.0,1.0
3.5500000000000003,-0.6462192535400391,-0.6462192535400391,0.11428642272949219,-0.9876883405951377,0.49145255773066765,-4.744870170825304,15.0,1.0
3.551,-0.6458377838134766,-0.6458377838134766,0.14065933227539062,-0.9871920139948192,0.5011981936348775,-4.759774591360652,15.0,1.0
3.552,-0.6458377838134766,-0.6458377838134766,0.14065933227539062,-0.986685944207868,0.5109388829152408,-4.742442855276022,15.0,1.0
3.553,-0.6454563140869141,-0.6454563140869141,0.14945030212402344,-0.9861701362289889,0.5206745294349275,-4.739483104820218,15.0,1.0
3.5540000000000003,-0.6454563140869141,-0.6454563140869141,0.14945030212402344,-0.985644595148998,0.5304050371073572,-4.721869480947926,15.0,1.0
3.555,-0.6454563140869141,-0.6454563140869141,0.14065933227539062,-0.985109326154774,0.5401303098963126,-4.695324203396977,15.0,1.0
3.556,-0.6450748443603516,-0.6450748443603516,0.123077392578125,-0.9845643345292056,0.5498502518170767,-4.665569493293858,15.0,1.0
3.557,-0.6450748443603516,-0.6450748443603516,0.123077392578125,-0.9840096256511399,0.5595647669378536,-4.6475343450020965,15.0,1.0
3.5580000000000003,-0.6450748443603516,-0.6450748443603516,0.14065933227539062,-0.9834452049953296,0.5692737593803372,-4.646940982419724,15.0,1.0
3.559,-0.6446933746337891,-0.6446933746337891,0.123077392578125,-0.9828710781323792,0.5789771333205636,-4.616765811736413,15.0,1.0
3.56,-0.6446933746337891,-0.6446933746337891,0.15824127197265625,-0.9822872507286886,0.5886747929902754,-4.633474620405874,15.0,1.0
3.561,-0.6446933746337891,-0.6446933746337891,0.1318683624267578,-0.9816937285463988,0.5983666426771492,-4.588507028438754,15.0,1.0
3.5620000000000003,-0.6443119049072266,-0.6443119049072266,0.15824127197265625,-0.9810905174433341,0.6080525867271831,-4.601867873287086,15.0,1.0
3.563,-0.6443119049072266,-0.6443119049072266,0.21977996826171875,-0.9804776233729444,0.6177325295436162,-4.64453321570387,15.0,1.0
3.564,-0.6439304351806641,-0.6439304351806641,0.20219802856445312,-0.979855052384247,0.6274063755893167,-4.61366091102888,15.0,1.0
3.565,-0.6439304351806641,-0.6439304351806641,0.21098899841308594,-0.979222810621766,0.6370740293874064,-4.603300600642208,15.0,1.0
3.5660000000000003,-0.6435489654541016,-0.6435489654541016,0.20219802856445312,-0.978580904325472,0.6467353955220574,-4.580941716112951,15.0,1.0
3.567,-0.6435489654541016,-0.6435489654541016,0.20219802856445312,-0.9779293398307217,0.6563903786394008,-4.561513265574355,15.0,1.0
3.568,-0.6431674957275391,-0.6431674957275391,0.1758251190185547,-0.9772681235681934,0.6660388834487208,-4.521295653179648,15.0,1.0
3.569,-0.6431674957275391,-0.6431674957275391,0.1758251190185547,-0.9765972620638245,0.6756808147229094,-4.501590799339926,15.0,1.0
3.5700000000000003,-0.6427860260009766,-0.6427860260009766,0.16703224182128906,-0.9759167619387473,0.6853160773003992,-4.478677203587451,15.0,1.0
3.571,-0.6427860260009766,-0.6427860260009766,0.1934070587158203,-0.9752266299092235,0.6949445760851063,-4.485071541254418,15.0,1.0
3.572,-0.6424045562744141,-0.6424045562744141,0.1846160888671875,-0.9745268727865772,0.7045662160473398,-4.461884620502295,15.0,1.0
3.573,-0.6424045562744141,-0.6424045562744141,0.1846160888671875,-0.973817497477129,0.7141809022253369,-4.441629304682574,15.0,1.0
3.5740000000000003,-0.6420230865478516,-0.6420230865478516,0.1846160888671875,-0.9730985109821263,0.7237885397262289,-4.42695891565508,15.0,1.0
3.575,-0.6420230865478516,-0.6420230865478516,0.1758251190185547,-0.9723699203976764,0.733389033726155,-4.397638593039773,15.0,1.0
3.576,-0.6416416168212891,-0.6416416168212891,0.20219802856445312,-0.9716317329146742,0.742982289472593,-4.409067480492637,15.0,1.0
3.577,-0.6416416168212891,-0.6416416168212891,0.20219802856445312,-0.9708839558187313,0.7525682122840749,-4.388264901242012,15.0,1.0
3.5780000000000003,-0.6412601470947266,-0.6412601470947266,0.21977996826171875,-0.9701265964901058,0.7621467075509827,-4.390630001641425,15.0,1.0
3.579,-0.6412601470947266,-0.6412601470947266,0.22857093811035156,-0.9693596624036293,0.7717176807374244,-4.378345987006467,15.0,1.0
3.58,-0.6408786773681641,-0.6408786773681641,0.22857093811035156,-0.9685831611286312,0.7812810373819161,-4.362857157135442,15.0,1.0
3.581,-0.6404972076416016,-0.6404972076416016,0.22857093811035156,-0.9677971003288656,0.790836683098064,-4.347232645321248,15.0,1.0
3.5820000000000003,-0.6404972076416016,-0.6404972076416016,0.23736190795898438,-0.9670014877624348,0.8003845235753033,-4.334541586196179,15.0,1.0
3.583,-0.6401157379150391,-0.6401157379150391,0.2549457550048828,-0.9661963312817149,0.8099244645804333,-4.336230190924587,15.0,1.0
3.584,-0.6397342681884766,-0.6397342681884766,0.24615478515625,-0.9653816388332741,0.8194564119583561,-4.311408932869857,15.0,1.0
3.585,-0.6397342681884766,-0.6397342681884766,0.23736190795898438,-0.9645574184577984,0.8289802716320764,-4.280728890366736,15.0,1.0
3.586,-0.6393527984619141,-0.6393527984619141,0.2549457550048828,-0.96372367829001,0.838495949605317,-4.282013002821006,15.0,1.0
3.587,-0.6389713287353516,-0.6389713287353516,0.2637367248535156,-0.9628804265585875,0.8480033519620633,-4.2743698402399914,15.0,1.0
3.588,-0.6389713287353516,-0.6389713287353516,0.2637367248535156,-0.9620276715860858,0.8575023848678711,-4.252079482746659,15.0,1.0
3.589,-0.6385898590087891,-0.6385898590087891,0.24615478515625,-0.9611654217888519,0.8669929545714012,-4.217795272285791,15.0,1.0
3.59,-0.6382083892822266,-0.6382083892822266,0.29010963439941406,-0.9602936856769432,0.8764749674043628,-4.244914112915801,15.0,1.0
3.591,-0.6382083892822266,-0.6382083892822266,0.28131866455078125,-0.959412471854043,0.8859483297835027,-4.213431573344525,15.0,1.0
3.592,-0.6378269195556641,-0.6378269195556641,0.29010963439941406,-0.9585217890173761,0.8954129482103212,-4.205119728114773,15.0,1.0
3.593,-0.6374454498291016,-0.6374454498291016,0.29010963439941406,-0.9576216459576224,0.9048687292727209,-4.187883847054507,15.0,1.0
3.594,-0.6370639801025391,-0.6370639801025391,0.2989006042480469,-0.9567120515588308,0.9143155796461429,-4.17930609644628,15.0,1.0
3.595,-0.6370639801025391,-0.6370639801025391,0.2549457550048828,-0.95579301479833,0.9237534060938515,-4.112127869347896,15.0,1.0
3.596,-0.6366825103759766,-0.6366825103759766,0.24615478515625,-0.9548645447466428,0.9331821154682984,-4.0857031852479455,15.0,1.0
3.597,-0.6363010406494141,-0.6363010406494141,0.27252769470214844,-0.9539266505673936,0.942601614712089,-4.094310228759752,15.0,1.0
3.598,-0.6359195709228516,-0.6359195709228516,0.29010963439941406,-0.9529793415172189,0.9520118108582665,-4.093994382456657,15.0,1.0
3.599,-0.6355381011962891,-0.6355381011962891,0.34285736083984375,-0.9520226269456767,0.9614126110324719,-4.128712636048187,15.0,1.0
3.6,-0.6355381011962891,-0.6355381011962891,0.35164833068847656,-0.9510565162951538,0.9708039224525464,-4.113620634718901,15.0,1.0
3.601,-0.6351566314697266,-0.6351566314697266,0.33406639099121094,-0.9500810191007719,0.9801856524296113,-4.07774655302728,15.0,1.0
3.602,-0.6347751617431641,-0.6347751617431641,0.3252754211425781,-0.9490961449902948,0.9895577083699436,-4.050532461479596,15.0,1.0
3.603,-0.6343936920166016,-0.6343936920166016,0.28131866455078125,-0.9481019036840318,0.9989199977753174,-3.9880218417869173,15.0,1.0
3.604,-0.6340122222900391,-0.6340122222900391,0.29010963439941406,-0.9470983049947441,1.0082724282434015,-3.978128446726588,15.0,1.0
3.605,-0.6336307525634766,-0.6336307525634766,0.3076915740966797,-0.9460853588275452,1.0176149074695218,-3.976895760588187,15.0,1.0
3.606,-0.6336307525634766,-0.6336307525634766,0.2989006042480469,-0.9450630751798054,1.0269473432476275,-3.943438100245351,15.0,1.0
3.607,-0.6332492828369141,-0.6332492828369141,0.3076915740966797,-0.9440314641410498,1.0362696434702912,-3.933154650188424,15.0,1.0
3.608,-0.6328678131103516,-0.6328678131103516,0.3164844512939453,-0.9429905358928645,1.0455817161296181,-3.922743576902022,15.0,1.0
3.609,-0.6324863433837891,-0.6324863433837891,0.3076915740966797,-0.9419403007087908,1.0548834693195204,-3.8946174646521845,15.0,1.0
3.61,-0.6321048736572266,-0.6321048736572266,0.3164844512939453,-0.9408807689542257,1.0641748112355458,-3.8839480695133863,15.0,1.0
3.611,-0.6321048736572266,-0.6321048736572266,0.29010963439941406,-0.9398119510863193,1.0734556501755037,-3.8322601456603014,15.0,1.0
3.612,-0.6317234039306641,-0.6317234039306641,0.3076915740966797,-0.9387338576538744,1.0827258945417384,-3.8301224854030966,15.0,1.0
3.613,-0.6313419342041016,-0.6313419342041016,0.3252754211425781,-0.9376464992972361,1.0919854528409019,-3.827858444698694,15.0,1.0
3.614,-0.6309604644775391,-0.6309604644775391,0.3252754211425781,-0.9365498867481928,1.1012342336842948,-3.8078825215180903,15.0,1.0
3.615,-0.6305789947509766,-0.6305789947509766,0.35164833068847656,-0.9354440308298673,1.110472145790311,-3.8141517260815263,15.0,1.0
3.616,-0.6301975250244141,-0.6301975250244141,0.3252754211425781,-0.934328942456612,1.1196990979844372,-3.76754758464111,15.0,1.0
3.617,-0.6298160552978516,-0.6298160552978516,0.3868141174316406,-0.9332046326338986,1.1289149992005605,-3.808727778271786,15.0,1.0
3.618,-0.6294345855712891,-0.6294345855712891,0.40439605712890625,-0.9320711124582111,1.1381197584811957,-3.8058242019515403,15.0,1.0
3.619,-0.6290531158447266,-0.6290531158447266,0.40439605712890625,-0.930928393116936,1.1473132849796457,-3.7852119312324017,15.0,1.0
3.62,-0.6286716461181641,-0.6286716461181641,0.39560508728027344,-0.9297764858882517,1.1564954879593188,-3.755682195872269,15.0,1.0
3.621,-0.6282901763916016,-0.6282901763916016,0.3692302703857422,-0.9286154021410177,1.1656662767951502,-3.7084423798318333,15.0,1.0
3.622,-0.6279087066650391,-0.6279087066650391,0.3604393005371094,-0.9274451533346617,1.174825560975421,-3.678660439606028,15.0,1.0
3.623,-0.6275272369384766,-0.6275272369384766,0.4307689666748047,-0.9262657510190665,1.183973250101758,-3.727873427781896,15.0,1.0
3.624,-0.6271457672119141,-0.6271457672119141,0.46593475341796875,-0.9250772068344579,1.1931092538899861,-3.7417970938661407,15.0,1.0
3.625,-0.6267642974853516,-0.6267642974853516,0.45714378356933594,-0.9238795325112867,1.202233482171664,-3.7116388267866993,15.0,1.0
3.626,-0.6263828277587891,-0.6263828277587891,0.4219779968261719,-0.9226727398701149,1.2113458448939127,-3.6549808336021465,15.0,1.0
3.6270000000000002,-0.6260013580322266,-0.6260013580322266,0.4395599365234375,-0.9214568408214986,1.2204462521220307,-3.650945926240487,15.0,1.0
3.628,-0.6252384185791016,-0.6252384185791016,0.4307689666748047,-0.9202318473658706,1.2295346140385846,-3.6261357844377553,15.0,1.0
3.629,-0.6248569488525391,-0.6248569488525391,0.4307689666748047,-0.9189977715934217,1.2386108409446024,-3.6042704668434418,15.0,1.0
3.63,-0.6244754791259766,-0.6244754791259766,0.41318702697753906,-0.9177546256839816,1.247674843261791,-3.5646993820858235,15.0,1.0
3.6310000000000002,-0.6240940093994141,-0.6240940093994141,0.40439605712890625,-0.9165024219068977,1.2567265315319673,-3.5337957132091935,15.0,1.0
3.632,-0.6237125396728516,-0.6237125396728516,0.41318702697753906,-0.9152411726209174,1.2657658164184227,-3.520350704780104,15.0,1.0
3.633,-0.6233310699462891,-0.6233310699462891,0.4483509063720703,-0.9139708902740611,1.2747926087074575,-3.5331556025811928,15.0,1.0
3.634,-0.6229496002197266,-0.6229496002197266,0.47472572326660156,-0.9126915874035028,1.283806819307756,-3.5370487117154887,15.0,1.0
3.6350000000000002,-0.6221866607666016,-0.6221866607666016,0.4835166931152344,-0.9114032766354453,1.2928083592533426,-3.528957571894548,15.0,1.0
3.636,-0.6218051910400391,-0.6218051910400391,0.45714378356933594,-0.9101059706849959,1.3017971397026145,-3.4798583385410735,15.0,1.0
3.637,-0.6214237213134766,-0.6214237213134766,0.5538463592529297,-0.9087996823560404,1.3107730719394795,-3.5537127029519073,15.0,1.0
3.638,-0.6206607818603516,-0.6206607818603516,0.5626373291015625,-0.9074844245411172,1.3197360673752314,-3.545255901937816,15.0,1.0
3.6390000000000002,-0.6202793121337891,-0.6202793121337891,0.5626373291015625,-0.9061602102212895,1.3286860375488345,-3.522164762865234,15.0,1.0
3.64,-0.6195163726806641,-0.6195163726806641,0.5802192687988281,-0.9048270524660192,1.3376228941276054,-3.5222565714515506,15.0,1.0
3.641,-0.6191349029541016,-0.6191349029541016,0.6417579650878906,-0.9034849644330346,1.3465465489080657,-3.5604623383638208,15.0,1.0
3.642,-0.6183719635009766,-0.6183719635009766,0.6681327819824219,-0.9021339593682035,1.3554569138181023,-3.5691058061727237,15.0,1.0
3.6430000000000002,-0.6176090240478516,-0.6176090240478516,0.5802192687988281,-0.9007740506053981,1.3643539009160577,-3.4633407662459677,15.0,1.0
3.644,-0.6172275543212891,-0.6172275543212891,0.6065940856933594,-0.8994052515663711,1.3732374223912984,-3.466022121978291,15.0,1.0
3.645,-0.6164646148681641,-0.6164646148681641,0.5450553894042969,-0.8980275757606158,1.3821073905676258,-3.3863924122234463,15.0,1.0
3.646,-0.6160831451416016,-0.6160831451416016,0.5186805725097656,-0.8966410367852361,1.390963717902025,-3.3360852292622587,15.0,1.0
3.6470000000000002,-0.6157016754150391,-0.6157016754150391,0.4835166931152344,-0.8952456483248112,1.3998063169861439,-3.2768699697756727,15.0,1.0
3.648,-0.6149387359619141,-0.6149387359619141,0.4835166931152344,-0.8938414241512634,1.4086351005465758,-3.258421915408899,15.0,1.0
3.649,-0.6145572662353516,-0.6145572662353516,0.4835166931152344,-0.8924283781237184,1.4174499814476462,-3.234133389993091,15.0,1.0
3.65,-0.6141757965087891,-0.6141757965087891,0.5010986328125,-0.8910065241883685,1.4262508726900478,-3.2273086753161433,15.0,1.0
3.6510000000000002,-0.6137943267822266,-0.6137943267822266,0.46593475341796875,-0.8895758763783379,1.4350376874118638,-3.1676203099477753,15.0,1.0
3.652,-0.6130313873291016,-0.6130313873291016,0.5274734497070312,-0.8881364488135445,1.4438103388908416,-3.210239033082833,15.0,1.0
3.653,-0.6126499176025391,-0.6126499176025391,0.5802192687988281,-0.8866882557005565,1.4525687405447343,-3.2382255997243563,15.0,1.0
3.654,-0.6118869781494141,-0.6118869781494141,0.5362644195556641,-0.8852313113324554,1.4613128059311862,-3.1751166113700977,15.0,1.0
3.6550000000000002,-0.6115055084228516,-0.6115055084228516,0.5538463592529297,-0.8837656300886937,1.4700424487507462,-3.1677057354898155,15.0,1.0
3.656,-0.6111240386962891,-0.6111240386962891,0.5802192687988281,-0.8822912264349536,1.4787575828449917,-3.1689695020338045,15.0,1.0
3.657,-0.6103610992431641,-0.6103610992431641,0.6505489349365234,-0.880808114923004,1.487458122198575,-3.2197960479355476,15.0,1.0
3.658,-0.6095981597900391,-0.6095981597900391,0.5890102386474609,-0.8793163101905568,1.496143980941099,-3.1386385137141275,15.0,1.0
3.6590000000000003,-0.6088352203369141,-0.6088352203369141,0.6329669952392578,-0.8778158269611215,1.5048150733464922,-3.1628610212558765,15.0,1.0
3.66,-0.6084537506103516,-0.6084537506103516,0.6153850555419922,-0.8763066800438635,1.5134713138345433,-3.1197076832101276,15.0,1.0
3.661,-0.6076908111572266,-0.6076908111572266,0.5626373291015625,-0.8747888843334527,1.5221126169717536,-3.0469958097732013,15.0,1.0
3.662,-0.6073093414306641,-0.6073093414306641,0.5362644195556641,-0.8732624548099203,1.5307388974716787,-2.9948222227728283,15.0,1.0
3.6630000000000003,-0.6069278717041016,-0.6069278717041016,0.5626373291015625,-0.871727406538509,1.5393500701969742,-2.9952802814207,15.0,1.0
3.664,-0.6061649322509766,-0.6061649322509766,0.5890102386474609,-0.8701837546695259,1.5479460501588278,-3.0013465247668734,15.0,1.0
3.665,-0.6057834625244141,-0.6057834625244141,0.5978031158447266,-0.8686315144381916,1.5565267525178683,-2.983997142033522,15.0,1.0
3.666,-0.6050205230712891,-0.6050205230712891,0.5978031158447266,-0.8670707011644905,1.5650920925862692,-2.9634636946564785,15.0,1.0
3.6670000000000003,-0.6042575836181641,-0.6042575836181641,0.6945056915283203,-0.8655013302530187,1.573641985827578,-3.0395199052235613,15.0,1.0
3.668,-0.6034946441650391,-0.6034946441650391,0.6945056915283203,-0.863923417192835,1.582176347857569,-3.018760939087691,15.0,1.0
3.669,-0.6027317047119141,-0.6027317047119141,0.7384624481201172,-0.8623369775573039,1.5906950944458345,-3.04184644635513,15.0,1.0
3.67,-0.6019687652587891,-0.6019687652587891,0.8351650238037109,-0.8607420270039436,1.5991981415154441,-3.1175658084655855,15.0,1.0
3.6710000000000003,-0.6012058258056641,-0.6012058258056641,0.8263740539550781,-0.8591385812742725,1.6076854051454461,-3.087679980838758,15.0,1.0
3.672,-0.6004428863525391,-0.6004428863525391,0.8087921142578125,-0.8575266561936524,1.6161568015697299,-3.048891860304783,15.0,1.0
3.673,-0.5996799468994141,-0.5996799468994141,0.7296695709228516,-0.8559062676711333,1.6246122471786748,-2.9484521353199655,15.0,1.0
3.674,-0.5989170074462891,-0.5989170074462891,0.6769237518310547,-0.8542774316992955,1.6330516585206283,-2.8742784571055227,15.0,1.0
3.6750000000000003,-0.5981540679931641,-0.5981540679931641,0.6681327819824219,-0.8526401643540917,1.6414749523017917,-2.843949275094545,15.0,1.0
3.676,-0.5977725982666016,-0.5977725982666016,0.6945056915283203,-0.8509944817946915,1.6498820453879262,-2.8429518990617435,15.0,1.0
3.677,-0.5970096588134766,-0.5970096588134766,0.624176025390625,-0.8493404002633163,1.6582728548038972,-2.750864292334323,15.0,1.0
3.678,-0.5962467193603516,-0.5962467193603516,0.7384624481201172,-0.847677936085084,1.6666472977369153,-2.8432834012541885,15.0,1.0
3.6790000000000003,-0.5954837799072266,-0.5954837799072266,0.7208786010742188,-0.8460071056678421,1.675005291534319,-2.8037231959491327,15.0,1.0
3.68,-0.5947208404541016,-0.5947208404541016,0.7120876312255859,-0.8443279255020151,1.6833467537050524,-2.772847153239236,15.0,1.0
3.681,-0.5939579010009766,-0.5939579010009766,0.7824172973632812,-0.8426404121604324,1.6916716019230194,-2.8209833628320995,15.0,1.0
3.682,-0.5931940078735352,-0.5931940078735352,0.8351650238037109,-0.8409445822981694,1.6999797540254349,-2.8514438861477895,15.0,1.0
3.6830000000000003,-0.5924310684204102,-0.5924310684204102,0.7824172973632812,-0.8392404526523811,1.708271128013962,-2.7762869328288837,15.0,1.0
3.684,-0.5916681289672852,-0.5916681289672852,0.7912082672119141,-0.8375280400421412,1.7165456420553369,-2.762561291279418,15.0,1.0
3.685,-0.5909051895141602,-0.5909051895141602,0.7120876312255859,-0.8358073613682708,1.7248032144848366,-2.6608169945524094,15.0,1.0
3.686,-0.5901422500610352,-0.5901422500610352,0.6945056915283203,-0.8340784336131719,1.7330437638036074,-2.6205046810067643,15.0,1.0
3.6870000000000003,-0.5893793106079102,-0.5893793106079102,0.74725341796875,-0.8323412738406633,1.7412672086795737,-2.6504156577804725,15.0,1.0
3.688,-0.5886163711547852,-0.5886163711547852,0.7208786010742188,-0.8305958991958126,1.7494734679508497,-2.60109805373878,15.0,1.0
3.689,-0.5878534317016602,-0.5878534317016602,0.8263740539550781,-0.828842326904762,1.757662460625511,-2.683545021376095,15.0,1.0
3.69,-0.5870904922485352,-0.5870904922485352,0.8615379333496094,-0.8270805742745619,1.7658341058813676,-2.695555057858644,15.0,1.0
3.6910000000000003,-0.5859460830688477,-0.5859460830688477,0.9230766296386719,-0.8253106586929988,1.7739883230669307,-2.7395569409340084,15.0,1.0
3.692,-0.5851831436157227,-0.5851831436157227,1.037363052368164,-0.8235325976284278,1.782125031704254,-2.830479830854487,15.0,1.0
3.693,-0.5840387344360352,-0.5840387344360352,0.9406585693359375,-0.8217464086295907,1.7902441514876273,-2.7160295307516433,15.0,1.0
3.694,-0.5832757949829102,-0.5832757949829102,0.9494514465332031,-0.8199521093254529,1.7983456022835185,-2.701250559387826,15.0,1.0
3.6950000000000003,-0.5825128555297852,-0.5825128555297852,0.8527469635009766,-0.8181497174250232,1.80642930413444,-2.580870587795107,15.0,1.0
3.696,-0.5813684463500977,-0.5813684463500977,0.8527469635009766,-0.8163392507171837,1.814495177257129,-2.5628138517501386,15.0,1.0
3.697,-0.5806055068969727,-0.5806055068969727,0.8527469635009766,-0.8145207270705093,1.822543142045106,-2.5389321240589195,15.0,1.0
3.698,-0.5798425674438477,-0.5798425674438477,0.8791217803955078,-0.812694164433094,1.8305731190675942,-2.541322616166608,15.0,1.0
3.6990000000000003,-0.5786981582641602,-0.5786981582641602,0.8879127502441406,-0.8108595808323736,1.8385850290729877,-2.5317490596943553,15.0,1.0
3.7,-0.5779352188110352,-0.5779352188110352,0.8967037200927734,-0.8090169943749477,1.8465787929866906,-2.516351560564771,15.0,1.0
3.701,-0.5771722793579102,-0.5771722793579102,0.9934062957763672,-0.8071664232464006,1.8545543319128228,-2.5887641221909017,15.0,1.0
3.702,-0.5760278701782227,-0.5760278701782227,0.9054946899414062,-0.8053078857111224,1.8625115671365506,-2.4821833557983526,15.0,1.0
3.7030000000000003,-0.5752649307250977,-0.5752649307250977,0.9494514465332031,-0.8034414001121272,1.8704504201228929,-2.501648067215753,15.0,1.0
3.704,-0.5745019912719727,-0.5745019912719727,0.8351650238037109,-0.8015669848708763,1.8783708125185967,-2.362769115268669,15.0,1.0
3.705,-0.5737390518188477,-0.5737390518188477,0.8087921142578125,-0.7996846584870904,1.8862726661529337,-2.3117035481285195,15.0,1.0
3.706,-0.5725946426391602,-0.5725946426391602,0.8703289031982422,-0.7977944395385709,1.8941559030370172,-2.3541699536523857,15.0,1.0
3.7070000000000003,-0.5718317031860352,-0.5718317031860352,0.8175830841064453,-0.7958963466810158,1.9020204453674978,-2.2765322911636576,15.0,1.0
3.708,-0.5706872940063477,-0.5706872940063477,0.9758243560791016,-0.7939903986478355,1.9098662155244597,-2.4155047101769593,15.0,1.0
3.709,-0.5699243545532227,-0.5699243545532227,0.9582424163818359,-0.7920766142499673,1.9176931360725575,-2.372833175760449,15.0,1.0
3.71,-0.5687799453735352,-0.5687799453735352,1.0989017486572266,-0.7901550123756907,1.9255011297637452,-2.4940266239258153,15.0,1.0
3.7110000000000003,-0.5676355361938477,-0.5676355361938477,1.1164836883544922,-0.7882256119904394,1.9332901195359682,-2.4920447057674,15.0,1.0
3.712,-0.5664911270141602,-0.5664911270141602,1.1076927185058594,-0.7862884321366185,1.9410600285150394,-2.463592266827695,15.0,1.0
3.713,-0.5657281875610352,-0.5657281875610352,0.9846153259277344,-0.7843434919334097,1.9488107800149237,-2.3150341114984285,15.0,1.0
3.714,-0.5645837783813477,-0.5645837783813477,1.002197265625,-0.782390810576589,1.9565422975397269,-2.3127604510138933,15.0,1.0
3.715,-0.5638208389282227,-0.5638208389282227,0.9406585693359375,-0.7804304073383307,1.9642545047825593,-2.225547590704999,15.0,1.0
3.716,-0.5626764297485352,-0.5626764297485352,1.0285720825195312,-0.7784623015670235,1.9719473256258198,-2.293412834171036,15.0,1.0
3.717,-0.5615320205688477,-0.5615320205688477,0.9846153259277344,-0.7764865126870787,1.9796206841448907,-2.229312023556309,15.0,1.0
3.718,-0.5603876113891602,-0.5603876113891602,1.0813179016113281,-0.774503060198734,1.9872745046071714,-2.305775129147765,15.0,1.0
3.719,-0.5596246719360352,-0.5596246719360352,1.0813179016113281,-0.7725119636778648,1.9949087114724762,-2.2797185662662964,15.0,1.0
3.72,-0.5584802627563477,-0.5584802627563477,1.0725269317626953,-0.7705132427757886,2.002523229393603,-2.2504984026607064,15.0,1.0
3.721,-0.5573358535766602,-0.5573358535766602,0.9670333862304688,-0.7685069172190773,2.0101179832191747,-2.124481357647551,15.0,1.0
3.722,-0.5565729141235352,-0.5565729141235352,0.9670333862304688,-0.7664930068093506,2.0176928979925606,-2.0981418785251402,15.0,1.0
3.723,-0.5554285049438477,-0.5554285049438477,0.9582424163818359,-0.7644715314230925,2.025247898951193,-2.0686399146193164,15.0,1.0
3.724,-0.5546655654907227,-0.5546655654907227,1.0197811126708984,-0.7624425110114478,2.032782911530603,-2.103652383951172,15.0,1.0
3.725,-0.5535211563110352,-0.5535211563110352,1.0813179016113281,-0.7604059656000309,2.040297861363115,-2.1442921795831498,15.0,1.0
3.726,-0.5523767471313477,-0.5523767471313477,1.2043952941894531,-0.758361915288722,2.047792674279549,-2.246380142270519,15.0,1.0
3.727,-0.5508508682250977,-0.5508508682250977,1.2043952941894531,-0.7563103802514722,2.055267276308598,-2.231020698276474,15.0,1.0
3.728,-0.5497064590454102,-0.5497064590454102,1.2219772338867188,-0.7542513807361042,2.062721593679953,-2.2274294655671767,15.0,1.0
3.729,-0.5485620498657227,-0.5485620498657227,1.1076927185058594,-0.7521849370641119,2.070155552822257,-2.0918804736594416,15.0,1.0
3.73,-0.5474176406860352,-0.5474176406860352,1.1428565979003906,-0.7501110696304601,2.077569080364583,-2.1056889517021826,15.0,1.0
3.731,-0.5462732315063477,-0.5462732315063477,1.0813179016113281,-0.7480297989033833,2.084962103138878,-2.0227043094279846,15.0,1.0
3.732,-0.5455102920532227,-0.5455102920532227,1.125274658203125,-0.7459411454241819,2.0923345481790534,-2.03940291058846,15.0,1.0
3.733,-0.5443658828735352,-0.5443658828735352,1.1076927185058594,-0.7438451298070249,2.0996863427215544,-2.000195079786651,15.0,1.0
3.734,-0.5432214736938477,-0.5432214736938477,1.1780223846435547,-0.7417417727387392,2.1070174142077462,-2.048809456109182,15.0,1.0
3.735,-0.5420770645141602,-0.5420770645141602,1.1868133544921875,-0.7396310949786098,2.114327690282323,-2.0357961211766087,15.0,1.0
3.736,-0.5409326553344727,-0.5409326553344727,1.0725269317626953,-0.7375131173581742,2.121617098796605,-1.8996167633216126,15.0,1.0
3.737,-0.5397882461547852,-0.5397882461547852,1.1516475677490234,-0.7353878607810163,2.1288855678070604,-1.9567562193354293,15.0,1.0
3.738,-0.5386438369750977,-0.5386438369750977,1.125274658203125,-0.7332553462225605,2.1361330255759867,-1.9083142713390808,15.0,1.0
3.739,-0.5374994277954102,-0.5374994277954102,1.2395610809326172,-0.7311155947298648,2.143359400574411,-2.000444184375025,15.0,1.0
3.74,-0.5363550186157227,-0.5363550186157227,1.1780223846435547,-0.7289686274214111,2.150564621480896,-1.9166618952479855,15.0,1.0
3.741,-0.5348291397094727,-0.5348291397094727,1.2835159301757812,-0.7268144654869025,2.1577486171825626,-2.005547199654667,15.0,1.0
3.742,-0.5336847305297852,-0.5336847305297852,1.2835159301757812,-0.7246531301870465,2.1649113167766245,-1.9831306082580764,15.0,1.0
3.743,-0.5325403213500977,-0.5325403213500977,1.1956043243408203,-0.7224846428533498,2.17205264956948,-1.8727164973201225,15.0,1.0
3.744,-0.5310134887695312,-0.5310134887695312,1.2659339904785156,-0.720309024887907,2.179172545080121,-1.9261944871740315,15.0,1.0
3.745,-0.5298690795898438,-0.5298690795898438,1.2395610809326172,-0.718126297763189,2.186270933038031,-1.8771484204947653,15.0,1.0
3.746,-0.5287246704101562,-0.5287246704101562,1.2395610809326172,-0.7159364830218315,2.1933477433838107,-1.854390526723936,15.0,1.0
3.747,-0.5275802612304688,-0.5275802612304688,1.2395610809326172,-0.7137396022764219,2.200402906273098,-1.8315482903488158,15.0,1.0
3.748,-0.5260543823242188,-0.5260543823242188,1.2043952941894531,-0.7115356772092848,2.207436352074012,-1.7791783653914317,15.0,1.0
3.749,-0.5249099731445312,-0.5249099731445312,1.2043952941894531,-0.7093247295722734,2.214448011368404,-1.756168629237182,15.0,1.0
3.75,-0.5237655639648438,-0.5237655639648438,1.1340656280517578,-0.7071067811865485,2.2214378149557206,-1.662746071421608,15.0,1.0
3.751,-0.5226211547851562,-0.5226211547851562,1.2659339904785156,-0.7048818539423625,2.228405693849311,-1.771438783987298,15.0,1.0
3.7520000000000002,-0.5214767456054688,-0.5214767456054688,1.2747249603271484,-0.7026499697988492,2.23535157927779,-1.7569717439500652,15.0,1.0
3.753,-0.5199508666992188,-0.5199508666992188,1.2835159301757812,-0.7004111507838064,2.2422754026883354,-1.7481447887562611,15.0,1.0
3.754,-0.5188064575195312,-0.5188064575195312,1.3450546264648438,-0.698165418993473,2.24917709574612,-1.7862619528278492,15.0,1.0
3.755,-0.5172805786132812,-0.5172805786132812,1.3274726867675781,-0.6959127965923148,2.256056590334026,-1.7508993661190546,15.0,1.0
3.7560000000000002,-0.5161361694335938,-0.5161361694335938,1.3186817169189453,-0.6936533058128043,2.2629138185535567,-1.7185249440535464,15.0,1.0
3.757,-0.5146102905273438,-0.5146102905273438,1.371429443359375,-0.6913869689552071,2.2697487127277896,-1.753330907049536,15.0,1.0
3.758,-0.5134658813476562,-0.5134658813476562,1.371429443359375,-0.6891138083873493,2.2765612053991617,-1.7295871435556083,15.0,1.0
3.759,-0.5119400024414062,-0.5119400024414062,1.371429443359375,-0.6868338465444093,2.283351229330094,-1.711485875574326,15.0,1.0
3.7600000000000002,-0.5104141235351562,-0.5104141235351562,1.3626365661621094,-0.6845471059286885,2.290118717506175,-1.6845125845589184,15.0,1.0
3.761,-0.5092697143554688,-0.5092697143554688,1.3186817169189453,-0.6822536091093964,2.2968636031348524,-1.616576535093007,15.0,1.0
3.762,-0.5081253051757812,-0.5081253051757812,1.292306900024414,-0.6799533787224193,2.3035858196471395,-1.5661421835768459,15.0,1.0
3.763,-0.5065994262695312,-0.5065994262695312,1.2835159301757812,-0.6776464374701026,2.3102853006970463,-1.5389357974873046,15.0,1.0
3.7640000000000002,-0.5054550170898438,-0.5054550170898438,1.3186817169189453,-0.6753328081210248,2.3169619801641375,-1.5498866022225237,15.0,1.0
3.765,-0.5039291381835938,-0.5039291381835938,1.4417591094970703,-0.6730125135097739,2.3236157921523386,-1.6543939472374336,15.0,1.0
3.766,-0.5024032592773438,-0.5024032592773438,1.415384292602539,-0.6706855765367207,2.3302466709902774,-1.6093723805029154,15.0,1.0
3.767,-0.5012588500976562,-0.5012588500976562,1.4769229888916016,-0.6683520201677938,2.33685455123441,-1.6464659887092554,15.0,1.0
3.7680000000000002,-0.49973297119140625,-0.49973297119140625,1.459341049194336,-0.6660118674342512,2.3434393676675427,-1.610085125169468,15.0,1.0
3.769,-0.49820709228515625,-0.49820709228515625,1.4241752624511719,-0.6636651414324582,2.3500010552999697,-1.5560449443607323,15.0,1.0
3.77,-0.49668121337890625,-0.49668121337890625,1.459341049194336,-0.6613118653236518,2.3565395493708934,-1.5722612789946262,15.0,1.0
3.771,-0.49515533447265625,-0.49515533447265625,1.4769229888916016,-0.6589520623337171,2.3630547853472876,-1.570819121460226,15.0,1.0
3.7720000000000002,-0.49401092529296875,-0.49401092529296875,1.4681320190429688,-0.6565857557529566,2.369546698927593,-1.537207777015194,15.0,1.0
3.773,-0.49248504638671875,-0.49248504638671875,1.4241752624511719,-0.6542129689358614,2.3760152260388736,-1.4740788746494387,15.0,1.0
3.774,-0.49095916748046875,-0.49095916748046875,1.3978023529052734,-0.6518337253008794,2.3824603028388083,-1.4284604173726243,15.0,1.0
3.775,-0.48943328857421875,-0.48943328857421875,1.4417591094970703,-0.6494480483301843,2.388881865717451,-1.4530986401191028,15.0,1.0
3.7760000000000002,-0.48790740966796875,-0.48790740966796875,1.4857139587402344,-0.6470559615694438,2.3952798512964364,-1.4776623859659237,15.0,1.0
3.777,-0.48638153076171875,-0.48638153076171875,1.4769229888916016,-0.644657488627591,2.4016541964300586,-1.4494081604496265,15.0,1.0
3.778,-0.48485565185546875,-0.48485565185546875,1.5912094116210938,-0.6422526531765842,2.4080048382065797,-1.544159593231246,15.0,1.0
3.779,-0.48332977294921875,-0.48332977294921875,1.5912094116210938,-0.6398414789511784,2.414331713946922,-1.5245532877035664,15.0,1.0
3.7800000000000002,-0.48180389404296875,-0.48180389404296875,1.5120887756347656,-0.6374239897486897,2.4206347612085324,-1.4257554500120482,15.0,1.0
3.781,-0.48027801513671875,-0.48027801513671875,1.626373291015625,-0.6350002094287609,2.426913917782713,-1.5202922876135445,15.0,1.0
3.782,-0.47875213623046875,-0.47875213623046875,1.5912094116210938,-0.6325701619131249,2.433169121695869,-1.4653106751650666,15.0,1.0
3.783,-0.47722625732421875,-0.47722625732421875,1.582418441772461,-0.6301338711853697,2.439400311212239,-1.4366323384774855,15.0,1.0
3.7840000000000003,-0.47570037841796875,-0.47570037841796875,1.4945049285888672,-0.6276913612906998,2.4456074248323034,-1.3287622468475293,15.0,1.0
3.785,-0.47417449951171875,-0.47417449951171875,1.4681320190429688,-0.6252426563357046,2.4517904012940903,-1.2823639701086669,15.0,1.0
3.786,-0.47264862060546875,-0.47264862060546875,1.582418441772461,-0.6227877804881121,2.4579491795739727,-1.3765566604381387,15.0,1.0
3.787,-0.47074127197265625,-0.47074127197265625,1.6879119873046875,-0.6203267579765572,2.4640836988887145,-1.4676105784744875,15.0,1.0
3.7880000000000003,-0.46921539306640625,-0.46921539306640625,1.5912094116210938,-0.6178596130903342,2.470193898692628,-1.3506788132873853,15.0,1.0
3.789,-0.46768856048583984,-0.46768856048583984,1.6351642608642578,-0.6153863701791715,2.4762797186789953,-1.3743516875852375,15.0,1.0
3.79,-0.46616268157958984,-0.46616268157958984,1.582418441772461,-0.6129070536529767,2.482341098784559,-1.301242924088705,15.0,1.0
3.791,-0.46425533294677734,-0.46425533294677734,1.661539077758789,-0.6104216879816029,2.4883779791858274,-1.365656424095345,15.0,1.0
3.7920000000000003,-0.46272945404052734,-0.46272945404052734,1.6967029571533203,-0.6079302976946045,2.4943903003001537,-1.3803253116643237,15.0,1.0
3.793,-0.46120357513427734,-0.46120357513427734,1.6087913513183594,-0.6054329073810021,2.5003780027897164,-1.2718533322295142,15.0,1.0
3.794,-0.45967769622802734,-0.45967769622802734,1.5472526550292969,-0.6029295416890256,2.50634102755879,-1.1896893093854803,15.0,1.0
3.795,-0.45815181732177734,-0.45815181732177734,1.5032958984375,-0.600420225325885,2.512279315753176,-1.1250427027459393,15.0,1.0
3.7960000000000003,-0.45624446868896484,-0.45624446868896484,1.6087913513183594,-0.5979049830575186,2.518192808764809,-1.2155062580818567,15.0,1.0
3.797,-0.45471858978271484,-0.45471858978271484,1.6967029571533203,-0.5953838397083548,2.524081448229879,-1.2826002578080415,15.0,1.0
3.798,-0.45319271087646484,-0.45319271087646484,1.6791210174560547,-0.5928568201610593,2.52994517603031,-1.2441374806946621,15.0,1.0
3.799,-0.45128536224365234,-0.45128536224365234,1.6000003814697266,-0.5903239493562947,2.535783934292624,-1.1497952538667384,15.0,1.0
3.8000000000000003,-0.44975948333740234,-0.44975948333740234,1.6175823211669922,-0.5877852522924735,2.541597665391862,-1.1463711901011973,15.0,1.0
3.801,-0.44823360443115234,-0.44823360443115234,1.7054939270019531,-0.5852407540255106,2.547386311948628,-1.2132148589686982,15.0,1.0
3.802,-0.44632625579833984,-0.44632625579833984,1.8109893798828125,-0.5826904796685768,2.553149816830455,-1.3033029211059115,15.0,1.0
3.803,-0.44480037689208984,-0.44480037689208984,1.6703300476074219,-0.5801344543918502,2.5588881231545315,-1.1414530869492956,15.0,1.0
3.8040000000000003,-0.44327449798583984,-0.44327449798583984,1.582418441772461,-0.5775727034222672,2.564601174285599,-1.0322903490332722,15.0,1.0
3.805,-0.44136714935302734,-0.44136714935302734,1.538461685180664,-0.5750052520432783,2.5702889138385103,-0.9727443116959189,15.0,1.0
3.806,-0.43984127044677734,-0.43984127044677734,1.6439552307128906,-0.5724321255945908,2.5759512856775473,-1.0568667722525449,15.0,1.0
3.807,-0.43793392181396484,-0.43793392181396484,1.8021984100341797,-0.5698533494719238,2.5815882339167615,-1.1994015909868023,15.0,1.0
3.8080000000000003,-0.43640804290771484,-0.43640804290771484,1.6879119873046875,-0.5672689491267567,2.5871997029229306,-1.0636258776673855,15.0,1.0
3.809,-0.43488216400146484,-0.43488216400146484,1.6527481079101562,-0.5646789500660775,2.5927856373131135,-1.0069142615662323,15.0,1.0
3.81,-0.43297481536865234,-0.43297481536865234,1.6351642608642578,-0.5620833778521311,2.5983459819552195,-0.9734467161612201,15.0,1.0
3.811,-0.43106746673583984,-0.43106746673583984,1.8285713195800781,-0.5594822581021677,2.603880681971532,-1.1509125081034637,15.0,1.0
3.8120000000000003,-0.42954158782958984,-0.42954158782958984,1.9428577423095703,-0.5568756164881874,2.6093896827367757,-1.2434784894517579,15.0,1.0
3.813,-0.42763423919677734,-0.42763423919677734,1.7054939270019531,-0.5542634787366936,2.614872929879027,-0.9900595902216693,15.0,1.0
3.814,-0.42610836029052734,-0.42610836029052734,1.5736255645751953,-0.55164587062843,2.620330369281305,-0.8363578503624294,15.0,1.0
3.815,-0.42458248138427734,-0.42458248138427734,1.5560436248779297,-0.5490228179981316,2.6257619470800933,-0.7968867270056499,15.0,1.0
3.8160000000000003,-0.42267513275146484,-0.42267513275146484,1.8285713195800781,-0.5463943467342691,2.6311676096692054,-1.053191919652937,15.0,1.0
3.817,-0.42076778411865234,-0.42076778411865234,1.9692306518554688,-0.5437604827787926,2.636547303696773,-1.1775738280608001,15.0,1.0
3.818,-0.41886043548583984,-0.41886043548583984,1.8021984100341797,-0.5411212521268762,2.6419009760662675,-0.994209683583458,15.0,1.0
3.819,-0.41733455657958984,-0.41733455657958984,1.7406597137451172,-0.5384766808266607,2.647228573939856,-0.9105630035113239,15.0,1.0
3.8200000000000003,-0.41542720794677734,-0.41542720794677734,1.7934074401855469,-0.5358267949789958,2.6525300447361246,-0.9468712009326987,15.0,1.0
3.821,-0.41351985931396484,-0.41351985931396484,2.048351287841797,-0.5331716207371879,2.657805336131389,-1.185322373058754,15.0,1.0
3.822,-0.41161251068115234,-0.41161251068115234,1.8901100158691406,-0.5305111843067336,2.663054396060488,-1.0105357241923714,15.0,1.0
3.823,-0.40970516204833984,-0.40970516204833984,1.6791210174560547,-0.5278455119450676,2.6682771727186605,-0.7829490931883101,15.0,1.0
3.8240000000000003,-0.40817928314208984,-0.40817928314208984,1.6791210174560547,-0.5251746299612956,2.673473614559043,-0.7605776051850979,15.0,1.0
3.825,-0.40627193450927734,-0.40627193450927734,1.9076919555664062,-0.5224985647159489,2.6786436702932974,-0.9724477383731824,15.0,1.0
3.826,-0.40398216247558594,-0.40398216247558594,2.0571422576904297,-0.5198173426207097,2.683787288895985,-1.1108826709713004,15.0,1.0
3.827,-0.40245628356933594,-0.40245628356933594,1.8989009857177734,-0.5171309901381576,2.6889044196018403,-0.9301171646482573,15.0,1.0
3.8280000000000003,-0.40054893493652344,-0.40054893493652344,1.7934074401855469,-0.5144395337815054,2.693995011906395,-0.8077714109538814,15.0,1.0
3.829,-0.39864158630371094,-0.39864158630371094,1.8461532592773438,-0.5117430001143441,2.6990590155669167,-0.8436154508699252,15.0,1.0
3.83,-0.39673423767089844,-0.39673423767089844,2.074726104736328,-0.5090414157503722,2.7040963806055913,-1.0552373953228433,15.0,1.0
3.831,-0.39482688903808594,-0.39482688903808594,1.9076919555664062,-0.5063348073531335,2.709107057305573,-0.8712036729865469,15.0,1.0
3.8320000000000003,-0.39291954040527344,-0.39291954040527344,1.7758235931396484,-0.5036232016357605,2.7140909962115813,-0.7222875153853725,15.0,1.0
3.833,-0.39101219177246094,-0.39101219177246094,1.7230777740478516,-0.5009066253607097,2.7190481481351014,-0.6524461297364821,15.0,1.0
3.834,-0.38910484313964844,-0.38910484313964844,1.9340667724609375,-0.49818510533949084,2.7239784641513154,-0.8462922413072582,15.0,1.0
3.835,-0.38719749450683594,-0.38719749450683594,1.9692306518554688,-0.4954586684324077,2.7288818955991303,-0.864266365139915,15.0,1.0
3.8360000000000003,-0.38529014587402344,-0.38529014587402344,1.9516487121582031,-0.4927273415482919,2.733758394085015,-0.8294482531872149,15.0,1.0
3.837,-0.38338279724121094,-0.38338279724121094,1.8637371063232422,-0.4899911516442371,2.738607911479761,-0.724254510888874,15.0,1.0
3.838,-0.38147544860839844,-0.38147544860839844,1.9428577423095703,-0.487250125725333,2.743430399919447,-0.7860474991441417,15.0,1.0
3.839,-0.37956809997558594,-0.37956809997558594,1.9692306518554688,-0.48450429084439883,2.748225811808652,-0.7950477030790102,15.0,1.0
3.84,-0.37766075134277344,-0.37766075134277344,1.8461532592773438,-0.4817536741017163,2.75299409981875,-0.6545530008427372,15.0,1.0
3.841,-0.37575340270996094,-0.37575340270996094,1.8197803497314453,-0.4789983026447607,2.7577352168883635,-0.6107186318650779,15.0,1.0
3.842,-0.37384605407714844,-0.37384605407714844,1.7934074401855469,-0.47623820366793895,2.7624491162245874,-0.5668405678228172,15.0,1.0
3.843,-0.37193870544433594,-0.37193870544433594,1.9780216217041016,-0.4734734044123121,2.767135751303414,-0.7339063549203304,15.0,1.0
3.844,-0.37003135681152344,-0.37003135681152344,1.9340667724609375,-0.47070393216533274,2.7717950758688517,-0.6723603268992253,15.0,1.0
3.845,-0.36812400817871094,-0.36812400817871094,1.9868125915527344,-0.46792981426057373,2.7764270439366214,-0.7074726388440549,15.0,1.0
3.846,-0.36621665954589844,-0.36621665954589844,1.9076919555664062,-0.46515107807745887,2.7810316097909435,-0.6106766237488692,15.0,1.0
3.847,-0.36430931091308594,-0.36430931091308594,1.960439682006836,-0.4623677510409925,2.785608727985391,-0.6457075559400431,15.0,1.0
3.848,-0.36240196228027344,-0.36240196228027344,1.9516487121582031,-0.4595798606214887,2.790158353346442,-0.6191588339299903,15.0,1.0
3.849,-0.36049461364746094,-0.36049461364746094,1.8989009857177734,-0.45678743433429897,2.7946804409708363,-0.5486128550495075,15.0,1.0
3.85,-0.35858726501464844,-0.35858726501464844,1.916482925415039,-0.4539904997395464,2.7991749462273674,-0.5483565000611414,15.0,1.0
3.851,-0.35667991638183594,-0.35667991638183594,1.960439682006836,-0.45118908444184486,2.803641824756596,-0.5744353781503735,15.0,1.0
3.852,-0.35439109802246094,-0.35439109802246094,2.0571422576904297,-0.44838321609003384,2.808081032473865,-0.6589429962301583,15.0,1.0
3.853,-0.35248374938964844,-0.35248374938964844,2.1098899841308594,-0.44557292237689644,2.812492525565716,-0.6937350533738633,15.0,1.0
3.854,-0.35019493103027344,-0.35019493103027344,2.0571422576904297,-0.44275823103890183,2.816876260490716,-0.6287154973291398,15.0,1.0
3.855,-0.34828758239746094,-0.34828758239746094,2.0219783782958984,-0.43993916985591563,2.8212321939844287,-0.5755199961882902,15.0,1.0
3.856,-0.34638023376464844,-0.34638023376464844,2.0923080444335938,-0.4371157666509336,2.8255602830555517,-0.6277807546723195,15.0,1.0
3.857,-0.34409141540527344,-0.34409141540527344,2.0659332275390625,-0.43428804928980386,2.8298604849873072,-0.5890222508197116,15.0,1.0
3.858,-0.34218311309814453,-0.34218311309814453,2.004396438598633,-0.4314560456809584,2.8341327573374713,-0.5093576700033697,15.0,1.0
3.859,-0.34027576446533203,-0.34027576446533203,1.916482925415039,-0.42861978377512955,2.8383770579424947,-0.4032661571195071,15.0,1.0
3.86,-0.33836841583251953,-0.33836841583251953,2.0659332275390625,-0.42577929156507405,2.842593344912814,-0.5345030186145665,15.0,1.0
3.861,-0.33607959747314453,-0.33607959747314453,2.1978015899658203,-0.42293459708530323,2.8467815766335036,-0.6538450075146973,15.0,1.0
3.862,-0.33379077911376953,-0.33379077911376953,2.162637710571289,-0.4200857284118064,2.85094171176911,-0.6061202382727322,15.0,1.0
3.863,-0.33188343048095703,-0.33188343048095703,1.9780216217041016,-0.4172327136617656,2.8550737092612053,-0.4031871601550252,15.0,1.0
3.864,-0.32997608184814453,-0.32997608184814453,2.048351287841797,-0.41437558099328464,2.8591775283285585,-0.4551662466903399,15.0,1.0
3.865,-0.32768726348876953,-0.32768726348876953,2.171428680419922,-0.4115143586051078,2.863253128467079,-0.5655819786979173,15.0,1.0
3.866,-0.32539844512939453,-0.32539844512939453,2.0923080444335938,-0.4086490747363499,2.8673004694537383,-0.4737670190841863,15.0,1.0
3.867,-0.32349109649658203,-0.32349109649658203,1.8813190460205078,-0.405779757666201,2.8713195113433585,-0.24432945222143387,15.0,1.0
3.868,-0.32158374786376953,-0.32158374786376953,2.0307693481445312,-0.40290643571366386,2.875310214467902,-0.3752994514250443,15.0,1.0
3.869,-0.31929492950439453,-0.31929492950439453,2.2681312561035156,-0.4000291372372645,2.8792725394413026,-0.5998718326552628,15.0,1.0
3.87,-0.31700611114501953,-0.31700611114501953,2.1978015899658203,-0.39714789063478056,2.883206447157022,-0.5167218351552139,15.0,1.0
3.871,-0.31509876251220703,-0.31509876251220703,2.039560317993164,-0.3942627243429511,2.887111898789243,-0.33990784666508245,15.0,1.0
3.872,-0.31319141387939453,-0.31319141387939453,2.127471923828125,-0.3913736668372027,2.8909888557919317,-0.4092168624033159,15.0,1.0
3.873,-0.31090259552001953,-0.31090259552001953,2.2241764068603516,-0.38848074663136656,2.894837279902447,-0.4930113936281102,15.0,1.0
3.874,-0.30861377716064453,-0.30861377716064453,2.0571422576904297,-0.3855839922773972,2.8986571331383004,-0.3130383513034194,15.0,1.0
3.875,-0.30670642852783203,-0.30670642852783203,1.9076919555664062,-0.3826834323650906,2.9024483777978674,-0.14489863532741776,15.0,1.0
3.876,-0.30479907989501953,-0.30479907989501953,2.1010990142822266,-0.3797790955218021,2.9062109764638535,-0.31958827222011177,15.0,1.0
3.8770000000000002,-0.30251026153564453,-0.30251026153564453,2.294506072998047,-0.37687101041216226,2.9099448920006523,-0.49997241414516047,15.0,1.0
3.878,-0.30022144317626953,-0.30022144317626953,2.1450557708740234,-0.37395920573780017,2.9136500875559648,-0.33747212174101815,15.0,1.0
3.879,-0.29831409454345703,-0.29831409454345703,2.0131874084472656,-0.37104371023705096,2.917326526561368,-0.18680511728980664,15.0,1.0
3.88,-0.29602527618408203,-0.29602527618408203,2.171428680419922,-0.3681245526846781,2.9209741727310927,-0.3319436551977699,15.0,1.0
3.8810000000000002,-0.29373645782470703,-0.29373645782470703,2.2241764068603516,-0.3652017618915881,2.924592990065605,-0.3715629777979623,15.0,1.0
3.882,-0.29182910919189453,-0.29182910919189453,2.048351287841797,-0.3622753667045462,2.928182942848707,-0.17686220768286454,15.0,1.0
3.883,-0.28992176055908203,-0.28992176055908203,1.9868125915527344,-0.3593453960058913,2.9317439956476505,-0.09642312760722316,15.0,1.0
3.884,-0.28763294219970703,-0.28763294219970703,2.171428680419922,-0.35641187871325153,2.9352761133170873,-0.26783661480600207,15.0,1.0
3.8850000000000002,-0.28534412384033203,-0.28534412384033203,2.3032970428466797,-0.3534748437792565,2.9387792609961423,-0.386478580934404,15.0,1.0
3.886,-0.28305530548095703,-0.28305530548095703,2.1098899841308594,-0.3505343201912586,2.942253404110204,-0.1798218006751786,15.0,1.0
3.887,-0.2811470031738281,-0.2811470031738281,2.004396438598633,-0.34759033697103675,2.945698508371123,-0.05534793718563913,15.0,1.0
3.888,-0.2788581848144531,-0.2788581848144531,2.2241764068603516,-0.34464292317451695,2.949114539776332,-0.261832942484977,15.0,1.0
3.8890000000000002,-0.2765693664550781,-0.2765693664550781,2.294506072998047,-0.3416921078914834,2.952501464612311,-0.31884572993181504,15.0,1.0
3.89,-0.2746620178222656,-0.2746620178222656,1.9868125915527344,-0.33873792024529165,2.9558592494514926,0.007908121553367842,15.0,1.0
3.891,-0.2727546691894531,-0.2727546691894531,1.9692306518554688,-0.3357803893925811,2.959187861152486,0.04457140625009792,15.0,1.0
3.892,-0.2704658508300781,-0.2704658508300781,2.2769222259521484,-0.3328195445229873,2.962487266864173,-0.24974036448161296,15.0,1.0
3.8930000000000002,-0.2677955627441406,-0.2677955627441406,2.4967041015625,-0.32985541485885206,2.9657574340224357,-0.46184444926073576,15.0,1.0
3.894,-0.2658882141113281,-0.2658882141113281,2.0923080444335938,-0.3268880296549418,2.96899833035107,-0.03830694723672867,15.0,1.0
3.895,-0.2635993957519531,-0.2635993957519531,2.118680953979492,-0.3239174181981506,2.9722099238657904,-0.051241366806664246,15.0,1.0
3.896,-0.2613105773925781,-0.2613105773925781,2.3208789825439453,-0.3209436098072109,2.975392182869541,-0.23998228589389536,15.0,1.0
3.8970000000000002,-0.2590217590332031,-0.2590217590332031,2.3472518920898438,-0.31796663383241086,2.978545075952667,-0.25287993812529297,15.0,1.0
3.898,-0.2571144104003906,-0.2571144104003906,2.0131874084472656,-0.3149865196553049,2.981668571998199,0.10039952472721947,15.0,1.0
3.899,-0.2548255920410156,-0.2548255920410156,2.1538467407226562,-0.31200329668841514,2.9847626401788148,-0.026749670254834212,15.0,1.0
3.9,-0.2525367736816406,-0.2525367736816406,2.4703292846679688,-0.3090169943749479,2.9878272499574052,-0.3297053451101726,15.0,1.0
3.9010000000000002,-0.24986648559570312,-0.24986648559570312,2.3560447692871094,-0.30602764218849965,2.990862371086223,-0.20759974709283424,15.0,1.0
3.902,-0.24795913696289062,-0.24795913696289062,2.1098899841308594,-0.30303526963277483,2.993867973611543,0.05783599943242079,15.0,1.0
3.903,-0.24567031860351562,-0.24567031860351562,2.259340286254883,-0.30003990624127724,2.996844027869656,-0.07804007295165083,15.0,1.0
3.904,-0.24300003051757812,-0.24300003051757812,2.461538314819336,-0.29704158157703614,2.999790504486441,-0.2723710762247651,15.0,1.0
3.9050000000000002,-0.24109268188476562,-0.24109268188476562,2.118680953979492,-0.29404032523230367,3.002707374381856,0.08981177018929332,15.0,1.0
3.906,-0.23880386352539062,-0.23880386352539062,2.118680953979492,-0.2910361668282717,3.005594608767524,0.1034291052448153,15.0,1.0
3.907,-0.23651504516601562,-0.23651504516601562,2.373626708984375,-0.28802913601476926,3.00845217914798,-0.13788589256769934,15.0,1.0
3.908,-0.23422622680664062,-0.23422622680664062,2.505495071411133,-0.2850192624699764,3.0112800573193397,-0.2561105490418296,15.0,1.0
3.9090000000000003,-0.23193740844726562,-0.23193740844726562,2.1802196502685547,-0.2820065759001299,3.0140782153729333,0.08282105331141454,15.0,1.0
3.91,-0.22964859008789062,-0.22964859008789062,2.25054931640625,-0.2789911060392299,3.0168466256920112,0.026159570015672262,15.0,1.0
3.911,-0.22735977172851562,-0.22735977172851562,2.4263744354248047,-0.27597288264874653,3.0195852609521694,-0.1359858382760989,15.0,1.0
3.912,-0.22507095336914062,-0.22507095336914062,2.259340286254883,-0.2729519355173262,3.0222940941249874,0.044739075647320714,15.0,1.0
3.9130000000000003,-0.22278213500976562,-0.22278213500976562,2.0923080444335938,-0.2699282944604958,3.024973098475158,0.22547266228061125,15.0,1.0
3.914,-0.22049331665039062,-0.22049331665039062,2.3032970428466797,-0.26690198932037523,3.027622247561851,0.028195114665402254,15.0,1.0
3.915,-0.21820354461669922,-0.21820354461669922,2.549449920654297,-0.26387304996537275,3.030241515239453,-0.20425098564494681,15.0,1.0
3.916,-0.21591472625732422,-0.21591472625732422,2.2769222259521484,-0.260841506289897,3.0328308756559466,0.08200694921520646,15.0,1.0
3.9170000000000003,-0.21362590789794922,-0.21362590789794922,2.241758346557617,-0.25780738821406013,3.035390303256861,0.13090975195758014,15.0,1.0
3.918,-0.21133708953857422,-0.21133708953857422,2.3120880126953125,-0.2547707256833826,3.0379197727815352,0.07432721791409702,15.0,1.0
3.919,-0.20904827117919922,-0.20904827117919922,2.3120880126953125,-0.25173154866849773,3.040419259263828,0.08808208422903796,15.0,1.0
3.92,-0.20675945281982422,-0.20675945281982422,2.127471923828125,-0.2486898871648556,3.0428887380356997,0.286460299032104,15.0,1.0
3.9210000000000003,-0.20447063446044922,-0.20447063446044922,2.206592559814453,-0.24564577119242562,3.0453281847239992,0.22110857392990013,15.0,1.0
3.922,-0.20218181610107422,-0.20218181610107422,2.4967041015625,-0.2425992307954069,3.0477375752523983,-0.05522774672509201,15.0,1.0
3.923,-0.19989299774169922,-0.19989299774169922,2.417581558227539,-0.2395502960419215,3.0501168858415184,0.03767585311064525,15.0,1.0
3.924,-0.19722270965576172,-0.19722270965576172,2.3208789825439453,-0.23649899702372454,3.0524660930076664,0.14244279994427878,15.0,1.0
3.9250000000000003,-0.19493389129638672,-0.19493389129638672,2.3208789825439453,-0.23344536385590545,3.054785173566515,0.15623410262978854,15.0,1.0
3.926,-0.19264507293701172,-0.19264507293701172,2.373626708984375,-0.23038942667659082,3.057074104629635,0.11728208955157327,15.0,1.0
3.927,-0.19035625457763672,-0.19035625457763672,2.2769222259521484,-0.22733121564664685,3.0593328636048653,0.2277862216175649,15.0,1.0
3.928,-0.18806743621826172,-0.18806743621826172,2.3560447692871094,-0.22427076094938178,3.0615614281999797,0.1624667879460694,15.0,1.0
3.9290000000000003,-0.18539714813232422,-0.18539714813232422,2.452747344970703,-0.2212080927902462,3.0637597764196443,0.07384826158011149,15.0,1.0
3.93,-0.18310832977294922,-0.18310832977294922,2.4263744354248047,-0.21814324139654181,3.0659278865661577,0.11402977678746407,15.0,1.0
3.931,-0.18081951141357422,-0.18081951141357422,2.452747344970703,-0.21507623701711456,3.068065737243245,0.10146750821943662,15.0,1.0
3.932,-0.17814922332763672,-0.17814922332763672,2.382417678833008,-0.21200710992205601,3.070173307351169,0.1798873296018717,15.0,1.0
3.9330000000000003,-0.17586040496826172,-0.17586040496826172,2.338460922241211,-0.20893589040241153,3.0722505760869865,0.23765737233352835,15.0,1.0
3.934,-0.17357158660888672,-0.17357158660888672,2.285715103149414,-0.20586260876988136,3.074297522949763,0.3042170873854295,15.0,1.0
3.935,-0.17128276824951172,-0.17128276824951172,2.4087905883789062,-0.2027872953565127,3.076314127737305,0.1949556327533844,15.0,1.0
3.936,-0.16861248016357422,-0.16861248016357422,2.4351654052734375,-0.19970998051440741,3.078300370546529,0.1766724600105936,15.0,1.0
3.9370000000000003,-0.16632366180419922,-0.16632366180419922,2.3912086486816406,-0.1966306946154189,3.08025623177285,0.23444209092291424,15.0,1.0
3.938,-0.16403484344482422,-0.16403484344482422,2.4967041015625,-0.19354946805086104,3.0821816921143608,0.14275822146130845,15.0,1.0
3.939,-0.16136455535888672,-0.16136455535888672,2.4263744354248047,-0.19046633123119086,3.084076732567965,0.22117565905859815,15.0,1.0
3.94,-0.15907573699951172,-0.15907573699951172,2.3208789825439453,-0.1873813145857258,3.085941334428611,0.34047868809145465,15.0,1.0
3.9410000000000003,-0.15716838836669922,-0.15716838836669922,2.2769222259521484,-0.18429444856233293,3.087775479293967,0.40396235040731276,15.0,1.0
3.942,-0.1544971466064453,-0.1544971466064453,2.373626708984375,-0.18120576362713717,3.089579149061734,0.3153231847669813,15.0,1.0
3.943,-0.1522083282470703,-0.1522083282470703,2.4791202545166016,-0.17811529026421014,3.0913523259308135,0.22362764115711464,15.0,1.0
3.944,-0.1495380401611328,-0.1495380401611328,2.3999996185302734,-0.17502305897527623,3.0930949923997417,0.31082009165731705,15.0,1.0
3.9450000000000003,-0.1472492218017578,-0.1472492218017578,2.452747344970703,-0.17192910027940994,3.0948071312705565,0.27186160913507146,15.0,1.0
3.946,-0.1449604034423828,-0.1449604034423828,2.417581558227539,-0.16883344471273445,3.096488725645088,0.3208115483622742,15.0,1.0
3.947,-0.1422901153564453,-0.1422901153564453,2.3472518920898438,-0.16573612282812047,3.098139758925271,0.3991977547602996,15.0,1.0
3.948,-0.1400012969970703,-0.1400012969970703,2.3032970428466797,-0.16263716519488458,3.0997602148170387,0.45692514900314496,15.0,1.0
3.9490000000000003,-0.1377124786376953,-0.1377124786376953,2.4263744354248047,-0.15953660239848572,3.101350077326714,0.34761378549005323,15.0,1.0
3.95,-0.1350421905517578,-0.1350421905517578,2.5142860412597656,-0.15643446504023048,3.1029093307629836,0.26773917217612797,15.0,1.0
3.951,-0.1327533721923828,-0.1327533721923828,2.4263744354248047,-0.15333078373696044,3.1044379597370693,0.3694023511436002,15.0,1.0
3.952,-0.1300830841064453,-0.1300830841064453,2.5230770111083984,-0.15022558912075704,3.105935949161079,0.28072136283800486,15.0,1.0
3.9530000000000003,-0.1277942657470703,-0.1277942657470703,2.417581558227539,-0.14711891183863757,3.1074032842519017,0.3999520346508538,15.0,1.0
3.954,-0.1255054473876953,-0.1255054473876953,2.294506072998047,-0.14401078255225253,3.108839950527525,0.5367538500611198,15.0,1.0
3.955,-0.12321662902832031,-0.12321662902832031,2.417581558227539,-0.14090123193758322,3.1102459338071924,0.42739533194070967,15.0,1.0
3.956,-0.12054634094238281,-0.12054634094238281,2.5230770111083984,-0.13779029068463883,3.111621220215355,0.32988496297311615,15.0,1.0
3.9570000000000003,-0.11825752258300781,-0.11825752258300781,2.5142860412597656,-0.1346779894971518,3.1129657961781305,0.35237275120620526,15.0,1.0
3.958,-0.11558723449707031,-0.11558723449707031,2.4879112243652344,-0.1315643590922819,3.1142796484250397,0.3867115551316316,15.0,1.0
3.959,-0.11329841613769531,-0.11329841613769531,2.584615707397461,-0.12844943020030242,3.1155627639892884,0.30368184565272094,15.0,1.0
3.96,-0.11062812805175781,-0.11062812805175781,2.3912086486816406,-0.125333233564304,3.1168151302061418,0.5050298988363082,15.0,1.0
3.9610000000000003,-0.10833930969238281,-0.10833930969238281,2.329669952392578,-0.1222157999398894,3.1180367347167106,0.5802194286115336,15.0,1.0
3.962,-0.10566902160644531,-0.10566902160644531,2.6373634338378906,-0.1190971600948699,3.119227565464179,0.28044205429991964,15.0,1.0
3.963,-0.10299873352050781,-0.10299873352050781,2.540658950805664,-0.11597734480896173,3.1203876106941806,0.3850494905617078,15.0,1.0
3.964,-0.10070991516113281,-0.10070991516113281,2.417581558227539,-0.11285638487348224,3.1215168589583797,0.5217382550455993,15.0,1.0
3.9650000000000003,-0.09803962707519531,-0.09803962707519531,2.6109886169433594,-0.10973431109104426,3.1226152991112244,0.33620642193013084,15.0,1.0
3.966,-0.09575080871582031,-0.09575080871582031,2.6109886169433594,-0.10661115427525909,3.1236829203115164,0.3497891199765753,15.0,1.0
3.967,-0.0930795669555664,-0.0930795669555664,2.3560447692871094,-0.1034869452504219,3.124719712021779,0.6125642683118373,15.0,1.0
3.968,-0.0907907485961914,-0.0907907485961914,2.3999996185302734,-0.10036171485121623,3.125725664010872,0.5821615516552264,15.0,1.0
3.969,-0.0881204605102539,-0.0881204605102539,2.619779586791992,-0.09723549392240086,3.1267007663506305,0.3701956783764341,15.0,1.0
3.97,-0.0858316421508789,-0.0858316421508789,2.452747344970703,-0.09410831331851427,3.1276450094150547,0.5507475969298212,15.0,1.0
3.971,-0.0831613540649414,-0.0831613540649414,2.417581558227539,-0.09098020390357006,3.128558383885725,0.5936940780787561,15.0,1.0
3.972,-0.0804910659790039,-0.0804910659790039,2.795604705810547,-0.08785119655074351,3.1294408807483904,0.22343421636174948,15.0,1.0
3.973,-0.0782022476196289,-0.0782022476196289,2.4703292846679688,-0.08472132214207398,3.130292491292259,0.5621770887876143,15.0,1.0
3.974,-0.0759134292602539,-0.0759134292602539,2.1978015899658203,-0.08159061156815829,3.1311132071136996,0.8481538825293135,15.0,1.0
3.975,-0.0732431411743164,-0.0732431411743164,2.5142860412597656,-0.07845909572784587,3.131903020112567,0.5393776605498595,15.0,1.0
3.976,-0.0705728530883789,-0.0705728530883789,2.6461544036865234,-0.07532680552793385,3.132661922492325,0.41519823221247737,15.0,1.0
3.977,-0.0682840347290039,-0.0682840347290039,2.382417678833008,-0.07219377188286191,3.133389906763796,0.6923261706229179,15.0,1.0
3.978,-0.0656137466430664,-0.0656137466430664,2.5142860412597656,-0.06906002571440555,3.1340869657417016,0.5681067384118489,15.0,1.0
3.979,-0.0629434585571289,-0.0629434585571289,2.7252750396728516,-0.0659255979513778,3.134753092546365,0.3647459619597802,15.0,1.0
3.98,-0.060654640197753906,-0.060654640197753906,2.329669952392578,-0.06279051952931351,3.135388280603731,0.7736801382377589,15.0,1.0
3.981,-0.058365821838378906,-0.058365821838378906,2.241758346557617,-0.059654821390171024,3.1359925236438784,0.8748991838093794,15.0,1.0
3.982,-0.055695533752441406,-0.055695533752441406,2.7340660095214844,-0.05651853448202505,3.136565815704568,0.39015479523932894,15.0,1.0
3.983,-0.053025245666503906,-0.053025245666503906,2.540658950805664,-0.05338168975876119,3.137108151127631,0.5911025389381076,15.0,1.0
3.984,-0.050736427307128906,-0.050736427307128906,2.329669952392578,-0.05024431817977047,3.137619524559053,0.8153312090768514,15.0,1.0
3.985,-0.048066139221191406,-0.048066139221191406,2.5934066772460938,-0.04710645070964377,3.1380999309526665,0.5590885813797873,15.0,1.0
3.986,-0.045777320861816406,-0.045777320861816406,2.672527313232422,-0.04396811831786444,3.1385493655666714,0.4931600904935291,15.0,1.0
3.987,-0.043488502502441406,-0.043488502502441406,2.3912086486816406,-0.040829351978509724,3.138967823965338,0.7876464331426724,15.0,1.0
3.988,-0.040818214416503906,-0.040818214416503906,2.4351654052734375,-0.03769018266993446,3.139355302019016,0.7511103729441204,15.0,1.0
3.989,-0.038147926330566406,-0.038147926330566406,2.5934066772460938,-0.034550641374472384,3.1397117959025724,0.600264392997889,15.0,1.0
3.99,-0.035477638244628906,-0.035477638244628906,2.5230770111083984,-0.031410759078128604,3.1400373020989605,0.6779634784880666,15.0,1.0
3.991,-0.033188819885253906,-0.033188819885253906,2.4967041015625,-0.02827056677027376,3.1403318173955572,0.7174015125577594,15.0,1.0
3.992,-0.030517578125,-0.030517578125,2.6901092529296875,-0.02513009544333818,3.1405953388842214,0.5312983261794612,15.0,1.0
3.993,-0.028228759765625,-0.028228759765625,2.4791202545166016,-0.021989376092506008,3.1408278639649936,0.755298364545177,15.0,1.0
3.994,-0.02593994140625,-0.02593994140625,2.338460922241211,-0.018848439715407492,3.141029390342558,0.9089409934639846,15.0,1.0
3.995,-0.0232696533203125,-0.0232696533203125,2.5142860412597656,-0.01570731731182019,3.1411999160279347,0.7403489148955538,15.0,1.0
3.996,-0.020599365234375,-0.020599365234375,2.540658950805664,-0.012566039883352316,3.141339439337597,0.7211803687972731,15.0,1.0
3.997,-0.0179290771484375,-0.0179290771484375,2.5582408905029297,-0.009424638433145687,3.141447958896281,0.7107736491227284,15.0,1.0
3.998,-0.0152587890625,-0.0152587890625,2.549449920654297,-0.00628314396555905,3.141525473632563,0.7267102294323804,15.0,1.0
3.999,-0.012969970703125,-0.012969970703125,2.5318679809570312,-0.0031415874858798576,3.141571982779626,0.7571297500812719,15.0,1.0
4.0,-0.0102996826171875,-0.0102996826171875,2.4967041015625,-4.898587196589413e-16,3.1415874858799038,0.799378623575209,15.0,1.0
4.001,-0.0080108642578125,-0.0080108642578125,2.4263744354248047,0.0031415874858806542,3.141571982779626,0.8824843235102187,15.0,1.0
4.002,-0.005340576171875,-0.005340576171875,2.575824737548828,0.006283143965558071,3.141525473632373,0.7400565381450409,15.0,1.0
4.003,-0.0030517578125,-0.0030517578125,2.5934066772460938,0.009424638433144707,3.1414479588964714,0.7351872253350483,15.0,1.0
4.0040000000000004,-0.0003814697265625,-0.0003814697265625,2.5318679809570312,0.012566039883353112,3.141339439337596,0.8036841025292989,15.0,1.0
4.005,0.002288818359375,0.002288818359375,2.6021976470947266,0.015707317311819208,3.1411999160279365,0.740279753219873,15.0,1.0
4.006,0.0049591064453125,0.0049591064453125,2.6021976470947266,0.01884843971540829,3.141029390342366,0.7471717422990763,15.0,1.0
4.007,0.0072479248046875,0.0072479248046875,2.4351654052734375,0.02198937609250325,3.1408278639648035,0.9267842280086023,15.0,1.0
4.008,0.009918212890625,0.009918212890625,2.373626708984375,0.025130095443337202,3.140595338884605,0.9951468681909131,15.0,1.0
4.009,0.01220703125,0.01220703125,2.619779586791992,0.028270566770274556,3.1403318173955572,0.7615052634076833,15.0,1.0
4.01,0.0152587890625,0.0152587890625,2.707693099975586,0.031410759078127626,3.1400373020987704,0.6746237523575989,15.0,1.0
4.011,0.017547607421875,0.017547607421875,2.4439563751220703,0.034550641374471405,3.139711795902766,0.9508009300696418,15.0,1.0
4.0120000000000005,0.0202178955078125,0.0202178955078125,2.549449920654297,0.037690182669935256,3.1393553020190126,0.851989688796557,15.0,1.0
4.013,0.02288818359375,0.02288818359375,2.6901092529296875,0.040829351978508746,3.1389678239653307,0.7179760968070243,15.0,1.0
4.014,0.025177001953125,0.025177001953125,2.3472518920898438,0.04396811831786523,3.138549365566476,1.0731642189477357,15.0,1.0
4.015,0.0274658203125,0.0274658203125,2.4791202545166016,0.047106450709641014,3.1380999309524817,0.9535891323929954,15.0,1.0
4.016,0.0301361083984375,0.0301361083984375,2.6901092529296875,0.050244318179769494,3.137619524558552,0.7491334183488445,15.0,1.0
4.017,0.032807350158691406,0.032807350158691406,2.575824737548828,0.05338168975876021,3.137108151127631,0.8698985075798348,15.0,1.0
4.018,0.035477638244628906,0.035477638244628906,2.5230770111083984,0.05651853448202407,3.136565815705268,0.9291022481577969,15.0,1.0
4.019,0.038147926330566406,0.038147926330566406,2.6989002227783203,0.059654821390170046,3.1359925236440738,0.7596957267598081,15.0,1.0
4.0200000000000005,0.040436744689941406,0.040436744689941406,2.5142860412597656,0.0627905195293143,3.135388280603724,0.9564088619345519,15.0,1.0
4.021,0.042725563049316406,0.042725563049316406,2.3208789825439453,0.06592559795137681,3.1347530925463616,1.1618746335333223,15.0,1.0
4.022,0.045395851135253906,0.045395851135253906,2.6549453735351562,0.06906002571440634,3.13408696574151,0.8341042108936401,15.0,1.0
4.023,0.048447608947753906,0.048447608947753906,2.7692298889160156,0.07219377188285916,3.133389906763618,0.7203524618741814,15.0,1.0
4.024,0.050736427307128906,0.050736427307128906,2.452747344970703,0.07532680552793287,3.1326619224918204,1.0487702508331769,15.0,1.0
4.025,0.053406715393066406,0.053406715393066406,2.619779586791992,0.0784590957278449,3.13190302011256,0.8879091383422452,15.0,1.0
4.026,0.056077003479003906,0.056077003479003906,2.672527313232422,0.0815906115681573,3.131113207114403,0.8412900152192822,15.0,1.0
4.027,0.058365821838378906,0.058365821838378906,2.3560447692871094,0.08472132214207301,3.1302924912924652,1.1695802265607673,15.0,1.0
4.0280000000000005,0.061036109924316406,0.061036109924316406,2.584615707397461,0.08785119655074432,3.1294408807483833,0.9470514727473411,15.0,1.0
4.029,0.0637063980102539,0.0637063980102539,2.795604705810547,0.09098020390356909,3.128558383885725,0.7420607664749058,15.0,1.0
4.03,0.0663766860961914,0.0663766860961914,2.5230770111083984,0.09410831331851506,3.127645009414856,1.0205424066413122,15.0,1.0
4.031,0.0690469741821289,0.0690469741821289,2.584615707397461,0.09723549392239812,3.1267007663504387,0.9649128550570161,15.0,1.0
4.032,0.0717172622680664,0.0717172622680664,2.786813735961914,0.10036171485121524,3.1257256640112487,0.7685787167965672,15.0,1.0
4.033,0.0743875503540039,0.0743875503540039,2.4879112243652344,0.1034869452504227,3.124719712021779,1.0732994111028265,15.0,1.0
4.034,0.0766763687133789,0.0766763687133789,2.382417678833008,0.10661115427525812,3.1236829203115235,1.190287024906704,15.0,1.0
4.035,0.0793466567993164,0.0793466567993164,2.8043956756591797,0.10973431109104505,3.122615299111416,0.7740344378281662,15.0,1.0
4.0360000000000005,0.0820169448852539,0.0820169448852539,2.8043956756591797,0.11285638487348303,3.121516858958188,0.779712783122445,15.0,1.0
4.037,0.0843057632446289,0.0843057632446289,2.4087905883789062,0.11597734480896076,3.1203876106941806,1.1866707457802521,15.0,1.0
4.038,0.0869760513305664,0.0869760513305664,2.6901092529296875,0.11909716009487069,3.119227565464179,0.9109349439990557,15.0,1.0
4.039,0.0900278091430664,0.0900278091430664,2.8043956756591797,0.12221579993988843,3.118036734716526,0.7964609210096766,15.0,1.0
4.04,0.0923166275024414,0.0923166275024414,2.3472518920898438,0.12533323356430304,3.116815130206355,1.2648123290444357,15.0,1.0
4.041,0.09498786926269531,0.09498786926269531,2.575824737548828,0.12844943020030322,3.1155627639892884,1.041661440504579,15.0,1.0
4.042,0.09803962707519531,0.09803962707519531,2.962636947631836,0.13156435909228092,3.1142796484250397,0.6545136810494879,15.0,1.0
4.043,0.10032844543457031,0.10032844543457031,2.4967041015625,0.1346779894971526,3.112965796178301,1.1315048555545353,15.0,1.0
4.0440000000000005,0.10299873352050781,0.10299873352050781,2.4967041015625,0.1377902906846396,3.111621220215156,1.1367904761146328,15.0,1.0
4.045,0.10566902160644531,0.10566902160644531,2.75164794921875,0.14090123193758225,3.110245933807221,0.8870811395555249,15.0,1.0
4.046,0.10795783996582031,0.10795783996582031,2.452747344970703,0.14401078255225333,3.1088399505275106,1.1968867443533027,15.0,1.0
4.047,0.11062812805175781,0.11062812805175781,2.3912086486816406,0.1471189118386366,3.107403284251717,1.2635563923732582,15.0,1.0
4.048,0.11329841613769531,0.11329841613769531,2.760438919067383,0.15022558912075606,3.105935949161264,0.8994046248397924,15.0,1.0
4.049,0.11596870422363281,0.11596870422363281,2.575824737548828,0.1533307837369612,3.104437959737055,1.089044414888153,15.0,1.0
4.05,0.11825752258300781,0.11825752258300781,2.4703292846679688,0.1564344650402295,3.102909330762998,1.2052341829533546,15.0,1.0
4.051,0.12092781066894531,0.12092781066894531,2.6109886169433594,0.1595366023984865,3.1013500773268845,1.0694933363266428,15.0,1.0
4.0520000000000005,0.12359809875488281,0.12359809875488281,2.5670337677001953,0.16263716519488536,3.0997602148168255,1.1183124437166683,15.0,1.0
4.053,0.1258869171142578,0.1258869171142578,2.259340286254883,0.1657361228281195,3.098139758924418,1.4365375583774607,15.0,1.0
4.054,0.1281757354736328,0.1281757354736328,2.4087905883789062,0.16883344471273348,3.0964887256450737,1.2975637758526775,15.0,1.0
4.055,0.1308460235595703,0.1308460235595703,2.75164794921875,0.17192910027940897,3.094807131271253,0.9594053328500827,15.0,1.0
4.056,0.1335163116455078,0.1335163116455078,2.4351654052734375,0.1750230589752753,3.0930949923999407,1.2805307970730153,15.0,1.0
4.057,0.1358051300048828,0.1358051300048828,2.4087905883789062,0.1781152902642109,3.091352325930785,1.3172141414418004,15.0,1.0
4.058,0.1380939483642578,0.1380939483642578,2.505495071411133,0.1812057636271362,3.089579149061734,1.230761306593777,15.0,1.0
4.059,0.1403827667236328,0.1403827667236328,2.4087905883789062,0.1842944485623337,3.087775479293299,1.3376601184949062,15.0,1.0
4.0600000000000005,0.1426715850830078,0.1426715850830078,2.2329673767089844,0.18738131458572485,3.0859413344284405,1.5236199002602118,15.0,1.0
4.061,0.1453418731689453,0.1453418731689453,2.417581558227539,0.19046633123118992,3.084076732567965,1.343362045274095,15.0,1.0
4.062,0.1480121612548828,0.1480121612548828,2.672527313232422,0.1935494680508601,3.0821816921143466,1.092713980821584,15.0,1.0
4.063,0.1503009796142578,0.1503009796142578,2.3999996185302734,0.19663069461541796,3.0802562317735322,1.375202338260661,15.0,1.0
4.064,0.1525897979736328,0.1525897979736328,2.329669952392578,0.19970998051440647,3.078300370546728,1.4554331562657548,15.0,1.0
4.065,0.1548786163330078,0.1548786163330078,2.338460922241211,0.20278729535651346,3.076314127737291,1.4564833908486647,15.0,1.0
4.066,0.15716838836669922,0.15716838836669922,2.338460922241211,0.20586260876988038,3.074297522949763,1.4662499067562695,15.0,1.0
4.067,0.15983867645263672,0.15983867645263672,2.3208789825439453,0.2089358904024123,3.0722505760863186,1.4878298027890071,15.0,1.0
4.0680000000000005,0.16212749481201172,0.16212749481201172,2.382417678833008,0.21200710992205507,3.0701733073509843,1.4359498551686267,15.0,1.0
4.069,0.16441631317138672,0.16441631317138672,2.5142860412597656,0.2150762370171136,3.0680657372440976,1.3136785536702351,15.0,1.0
4.07,0.16670513153076172,0.16670513153076172,2.364835739135742,0.2181432413965426,3.0659278865661435,1.4726637954171142,15.0,1.0
4.071,0.16937541961669922,0.16937541961669922,2.4087905883789062,0.22120809279024523,3.0637597764194737,1.4324592856437577,15.0,1.0
4.072,0.17166423797607422,0.17166423797607422,2.3208789825439453,0.22427076094938084,3.0615614282001786,1.5297802902558326,15.0,1.0
4.073,0.17395305633544922,0.17395305633544922,2.25054931640625,0.22733121564664763,3.059332863604837,1.609455936866563,15.0,1.0
4.074,0.17624187469482422,0.17624187469482422,2.338460922241211,0.23038942667658985,3.057074104629649,1.5308264621149226,15.0,1.0
4.075,0.17853069305419922,0.17853069305419922,2.417581558227539,0.23344536385590622,3.0547851735667138,1.4609236773647798,15.0,1.0
4.0760000000000005,0.18120098114013672,0.18120098114013672,2.461538314819336,0.23649899702372532,3.0524660930074816,1.4203980164419745,15.0,1.0
4.077,0.18348979949951172,0.18348979949951172,2.3912086486816406,0.23955029604192055,3.0501168858415184,1.49981568529601,15.0,1.0
4.078,0.18577861785888672,0.18577861785888672,2.4703292846679688,0.24259923079540766,3.047737575252384,1.4297174846322294,15.0,1.0
4.079,0.18844890594482422,0.18844890594482422,2.3560447692871094,0.24564577119242467,3.045328184723843,1.5472363941507403,15.0,1.0
4.08,0.19073772430419922,0.19073772430419922,2.259340286254883,0.24868988716485466,3.0428887380358987,1.6528308946908474,15.0,1.0
4.081,0.19302654266357422,0.19302654266357422,2.3032970428466797,0.2517315486684985,3.040419259263828,1.6176973064910127,15.0,1.0
4.082,0.19531536102294922,0.19531536102294922,2.4087905883789062,0.25477072568338166,3.0379197727806684,1.5209596543082489,15.0,1.0
4.083,0.19798564910888672,0.19798564910888672,2.4967041015625,0.25780738821405913,3.0353903032570457,1.4360122882721318,15.0,1.0
4.0840000000000005,0.20027446746826172,0.20027446746826172,2.382417678833008,0.2608415062898978,3.032830875656657,1.5589187791481902,15.0,1.0
4.085,0.20256328582763672,0.20256328582763672,2.4087905883789062,0.2638730499653718,3.030241515239453,1.541097388926573,15.0,1.0
4.086,0.20485210418701172,0.20485210418701172,2.338460922241211,0.266901989320376,3.027622247561851,1.6199096023211044,15.0,1.0
4.087,0.20714092254638672,0.20714092254638672,2.2681312561035156,0.2699282944604949,3.0249730984749874,1.6986524210830942,15.0,1.0
4.088,0.20942974090576172,0.20942974090576172,2.285715103149414,0.2729519355173253,3.0222940941252148,1.689411910149254,15.0,1.0
4.089,0.21171855926513672,0.21171855926513672,2.3120880126953125,0.2759728826487473,3.019585260952141,1.6713120990109873,15.0,1.0
4.09,0.21438884735107422,0.21438884735107422,2.4263744354248047,0.27899110603922894,3.01684662569113,1.5595060705886463,15.0,1.0
4.091,0.21667766571044922,0.21667766571044922,2.3208789825439453,0.28200657590012895,3.014078215373104,1.6731328856743546,15.0,1.0
4.0920000000000005,0.21896743774414062,0.21896743774414062,2.4087905883789062,0.28501926246997716,3.0112800573199934,1.5932668398286352,15.0,1.0
4.093,0.22125625610351562,0.22125625610351562,2.25054931640625,0.2880291360147683,3.0084521791480086,1.759496061410549,15.0,1.0
4.094,0.22354507446289062,0.22354507446289062,2.1538467407226562,0.2910361668282725,3.005594608767524,1.8641142535255955,15.0,1.0
4.095,0.22583389282226562,0.22583389282226562,2.2153854370117188,0.2940403252323027,3.002707374381714,1.8104184235205518,15.0,1.0
4.096,0.22812271118164062,0.22812271118164062,2.3560447692871094,0.2970415815770352,2.9997905044857873,1.6775287911295966,15.0,1.0
4.097,0.23041152954101562,0.23041152954101562,2.3120880126953125,0.3000399062412763,2.996844027869656,1.729181665678254,15.0,1.0
4.098,0.23270034790039062,0.23270034790039062,2.2329673767089844,0.3030352696327739,2.9938679736124243,1.8159244228891889,15.0,1.0
4.099,0.23498916625976562,0.23498916625976562,2.4351654052734375,0.3060276421885004,2.9908623710859956,1.6212741047435801,15.0,1.0
4.1,0.23727798461914062,0.23727798461914062,2.25054931640625,0.30901699437494523,2.9878272499572347,1.8133630798880538,15.0,1.0
4.101,0.23956680297851562,0.23956680297851562,2.1098899841308594,0.3120032966884142,2.9847626401792127,1.961420061696832,15.0,1.0
4.102,0.24147415161132812,0.24147415161132812,2.1538467407226562,0.31498651965530566,2.9816685719981706,1.9305073519351774,15.0,1.0
4.103,0.24376296997070312,0.24376296997070312,2.3912086486816406,0.3179666338324099,2.978545075952468,1.7003913851964292,15.0,1.0
4.104,0.24605178833007812,0.24605178833007812,2.2681312561035156,0.32094360980720993,2.9753921828688874,1.830638248922349,15.0,1.0
4.105,0.24834060668945312,0.24834060668945312,2.136262893676758,0.3239174181981497,2.972209923865819,1.9695992028195093,15.0,1.0
4.106,0.2506294250488281,0.2506294250488281,2.329669952392578,0.3268880296549409,2.9689983303518943,1.7832074470510078,15.0,1.0
4.107,0.2529182434082031,0.2529182434082031,2.382417678833008,0.3298554148588528,2.9657574340222084,1.7373973269489453,15.0,1.0
4.108,0.2552070617675781,0.2552070617675781,2.127471923828125,0.3328195445229847,2.962487266864059,1.9992025843670325,15.0,1.0
4.109,0.2571144104003906,0.2571144104003906,2.0307693481445312,0.3357803893925802,2.959187861152884,2.1084081978911966,15.0,1.0
4.11,0.2594032287597656,0.2594032287597656,2.3032970428466797,0.3387379202452924,2.955859249451464,1.8425825788876864,15.0,1.0
4.111,0.2616920471191406,0.2616920471191406,2.3032970428466797,0.3416921078914825,2.952501464612169,1.8492053333506178,15.0,1.0
4.112,0.2639808654785156,0.2639808654785156,2.1802196502685547,0.34464292317451606,2.9491145397765024,1.9788257549479542,15.0,1.0
4.113,0.2662696838378906,0.2662696838378906,2.206592559814453,0.34759033697103753,2.9456985083710947,1.958915745553845,15.0,1.0
4.114,0.2685585021972656,0.2685585021972656,2.5230770111083984,0.35053432019125763,2.942253404110204,1.6488136629116856,15.0,1.0
4.115,0.2708473205566406,0.2708473205566406,2.1978015899658203,0.35347484377925725,2.9387792609959718,1.980390519369401,15.0,1.0
4.116,0.2727546691894531,0.2727546691894531,1.960439682006836,0.356411878713249,2.935276113316945,2.229694574167047,15.0,1.0
4.117,0.2750434875488281,0.2750434875488281,2.1978015899658203,0.35934539600589044,2.9317439956479916,1.9984710325381059,15.0,1.0
4.118,0.2773323059082031,0.2773323059082031,2.3912086486816406,0.3622753667045469,2.9281829428486787,1.811120206112195,15.0,1.0
4.119,0.2796211242675781,0.2796211242675781,2.1890106201171875,0.3652017618915872,2.9245929900654914,2.0192919343084403,15.0,1.0
4.12,0.28191089630126953,0.28191089630126953,2.1010990142822266,0.36812455268467714,2.9209741727312633,2.113080004200151,15.0,1.0
4.121,0.28419971466064453,0.28419971466064453,2.329669952392578,0.3710437102370517,2.917326526561368,1.8903165078148971,15.0,1.0
4.122,0.28648853302001953,0.28648853302001953,2.3560447692871094,0.3739592057377993,2.913650087555993,1.86966540903558,15.0,1.0
4.123,0.28839588165283203,0.28839588165283203,2.0131874084472656,0.376871010412163,2.909944892000482,2.2238844149431802,15.0,1.0
4.124,0.29030323028564453,0.29030323028564453,1.960439682006836,0.3797790955217996,2.9062109764637114,2.287909272999202,15.0,1.0
4.125,0.29259204864501953,0.29259204864501953,2.285715103149414,0.3826834323650897,2.902448377797384,1.9681040304490232,15.0,1.0
4.126,0.29488086700439453,0.29488086700439453,2.259340286254883,0.3855839922773963,2.8986571331383004,1.9998637259784444,15.0,1.0
4.127,0.29716968536376953,0.29716968536376953,2.0659332275390625,0.38848074663136567,2.8948372799031006,2.1985699713779803,15.0,1.0
4.128,0.29907703399658203,0.29907703399658203,2.048351287841797,0.3913736668372018,2.8909888557921306,2.2270870605596302,15.0,1.0
4.1290000000000004,0.30136585235595703,0.30136585235595703,2.3560447692871094,0.39426272434295184,2.8871118987892146,1.9245202093070275,15.0,1.0
4.13,0.30365467071533203,0.30365467071533203,2.206592559814453,0.3971478906347797,2.8832064471570504,2.079012186134312,15.0,1.0
4.131,0.30556201934814453,0.30556201934814453,2.0219783782958984,0.40002913723726524,2.879272539441132,2.2743009294820444,15.0,1.0
4.132,0.30746936798095703,0.30746936798095703,1.9692306518554688,0.40290643571366136,2.8753102144677882,2.3376355786028844,15.0,1.0
4.133,0.30975818634033203,0.30975818634033203,2.1978015899658203,0.4057797576662001,2.871319511342847,2.113841491265048,15.0,1.0
4.134,0.31204700469970703,0.31204700469970703,2.1538467407226562,0.408649074736349,2.8673004694536814,2.1624847792806543,15.0,1.0
4.135,0.31395435333251953,0.31395435333251953,2.118680953979492,0.41151435860510693,2.8632531284677327,2.2079722535770516,15.0,1.0
4.136,0.31624317169189453,0.31624317169189453,2.118680953979492,0.41437558099328375,2.8591775283287575,2.2124827138701035,15.0,1.0
4.1370000000000005,0.31853199005126953,0.31853199005126953,2.2241764068603516,0.41723271366176634,2.855073709261177,2.1114081565582774,15.0,1.0
4.138,0.32043933868408203,0.32043933868408203,2.074726104736328,0.4200857284118055,2.850941711769167,2.270911452948691,15.0,1.0
4.139,0.32234668731689453,0.32234668731689453,1.9868125915527344,0.42293459708530395,2.8467815766332762,2.368787631606683,15.0,1.0
4.14,0.32425403594970703,0.32425403594970703,1.9780216217041016,0.42577929156507155,2.8425933449127,2.3874505574390663,15.0,1.0
4.141,0.32654285430908203,0.32654285430908203,2.162637710571289,0.42861978377512866,2.838377057942836,2.206893289362246,15.0,1.0
4.142,0.32883167266845703,0.32883167266845703,2.083517074584961,0.43145604568095913,2.834132757337443,2.2899812779400133,15.0,1.0
4.143,0.33073902130126953,0.33073902130126953,2.1450557708740234,0.43428804928980297,2.8298604849871367,2.238040133941115,15.0,1.0
4.144,0.33302783966064453,0.33302783966064453,2.1098899841308594,0.4371157666509327,2.8255602830557507,2.2769892037792143,15.0,1.0
4.1450000000000005,0.33493518829345703,0.33493518829345703,2.1450557708740234,0.43993916985591636,2.8212321939844287,2.251236146547295,15.0,1.0
4.146,0.33722400665283203,0.33722400665283203,2.0219783782958984,0.442758231038901,2.8168762604907442,2.3779112479858804,15.0,1.0
4.147,0.33913135528564453,0.33913135528564453,2.004396438598633,0.44557292237689716,2.8124925255654603,2.404719593335617,15.0,1.0
4.148,0.34103870391845703,0.34103870391845703,1.9692306518554688,0.44838321609003134,2.8080810324737513,2.449018063191897,15.0,1.0
4.149,0.34332752227783203,0.34332752227783203,2.0571422576904297,0.45118908444184397,2.8036418247569657,2.364422999526715,15.0,1.0
4.15,0.34523582458496094,0.34523582458496094,2.118680953979492,0.45399049973954714,2.799174946227339,2.3118141195666397,15.0,1.0
4.151,0.34752464294433594,0.34752464294433594,2.118680953979492,0.4567874343342981,2.7946804409706942,2.314941357840634,15.0,1.0
4.152,0.34943199157714844,0.34943199157714844,2.0131874084472656,0.45957986062148787,2.7901583533466123,2.4291889805644384,15.0,1.0
4.1530000000000005,0.35133934020996094,0.35133934020996094,2.0923080444335938,0.4623677510409932,2.785608727985334,2.358726846017224,15.0,1.0
4.154,0.35362815856933594,0.35362815856933594,2.0659332275390625,0.465151078077458,2.7810316097901477,2.387942174872916,15.0,1.0
4.155,0.35553550720214844,0.35553550720214844,2.0131874084472656,0.46792981426057284,2.7764270439372183,2.449154241366319,15.0,1.0
4.156,0.35744285583496094,0.35744285583496094,1.8197803497314453,0.47070393216533185,2.771795075869562,2.6509308710936805,15.0,1.0
4.157,0.35935020446777344,0.35935020446777344,1.960439682006836,0.4734734044123113,2.767135751302959,2.518544068464191,15.0,1.0
4.158,0.36125755310058594,0.36125755310058594,2.048351287841797,0.4762382036679396,2.762449116224559,2.438807586893067,15.0,1.0
4.159,0.36354637145996094,0.36354637145996094,2.1538467407226562,0.47899830264475984,2.75773521688825,2.3356674439375773,15.0,1.0
4.16,0.36545372009277344,0.36545372009277344,1.9252738952636719,0.48175367410171543,2.7529940998189204,2.5722195146893787,15.0,1.0
4.1610000000000005,0.36736106872558594,0.36736106872558594,1.9340667724609375,0.4845042908443995,2.7482258118086236,2.5713073711298895,15.0,1.0
4.162,0.36926841735839844,0.36926841735839844,2.0219783782958984,0.48725012572533216,2.7434303999187364,2.491177647126844,15.0,1.0
4.163,0.37155723571777344,0.37155723571777344,2.0659332275390625,0.48999115164423623,2.7386079114797326,2.449183422837612,15.0,1.0
4.164,0.37346458435058594,0.37346458435058594,1.8549442291259766,0.49272734154829106,2.733758394085669,2.667755522925269,15.0,1.0
4.165,0.37499046325683594,0.37499046325683594,1.7582416534423828,0.4954586684324069,2.728881895599301,2.777663319790482,15.0,1.0
4.166,0.37689781188964844,0.37689781188964844,1.960439682006836,0.4981851053394915,2.7239784641512585,2.582848183892069,15.0,1.0
4.167,0.37918663024902344,0.37918663024902344,2.1098899841308594,0.5009066253607088,2.7190481481351867,2.4349580906796087,15.0,1.0
4.168,0.38109397888183594,0.38109397888183594,2.0131874084472656,0.5036232016357612,2.7140909962110413,2.5388419290726554,15.0,1.0
4.1690000000000005,0.38300132751464844,0.38300132751464844,1.8637371063232422,0.5063348073531327,2.709107057305289,2.6953721485593114,15.0,1.0
4.17,0.38490867614746094,0.38490867614746094,1.9340667724609375,0.5090414157503713,2.704096380606387,2.6320207021891053,15.0,1.0
4.171,0.38681602478027344,0.38681602478027344,1.9956035614013672,0.5117430001143448,2.6990590155669167,2.57736008417662,15.0,1.0
4.172,0.38872337341308594,0.38872337341308594,1.9516487121582031,0.5144395337815046,2.6939950119062246,2.628088705274302,15.0,1.0
4.173,0.39063072204589844,0.39063072204589844,1.6967029571533203,0.5171309901381567,2.688904419601954,2.889705483832507,15.0,1.0
4.174,0.39253807067871094,0.39253807067871094,1.8109893798828125,0.5198173426207103,2.683787288895985,2.7819869881431636,15.0,1.0
4.175,0.39444541931152344,0.39444541931152344,1.9692306518554688,0.522498564715948,2.6786436702932974,2.6302101995041975,15.0,1.0
4.176,0.39635276794433594,0.39635276794433594,2.0659332275390625,0.5251746299612963,2.6734736145584748,2.5398683172738172,15.0,1.0
4.1770000000000005,0.39826011657714844,0.39826011657714844,1.8549442291259766,0.5278455119450668,2.668277172718433,2.7571138741112318,15.0,1.0
4.178,0.40016746520996094,0.40016746520996094,1.7934074401855469,0.5305111843067327,2.663054396061227,2.824802742327257,15.0,1.0
4.179,0.40207481384277344,0.40207481384277344,1.9428577423095703,0.5331716207371887,2.657805336131389,2.681399697238048,15.0,1.0
4.18,0.40398216247558594,0.40398216247558594,1.960439682006836,0.535826794978995,2.6525300447358973,2.6697598502801974,15.0,1.0
4.181,0.40588951110839844,0.40588951110839844,1.7934074401855469,0.5384766808266599,2.6472285739400263,2.842628679528401,15.0,1.0
4.182,0.40741634368896484,0.40741634368896484,1.661539077758789,0.5411212521268769,2.6419009760662107,2.985935524876102,15.0,1.0
4.183,0.40932369232177734,0.40932369232177734,1.8021984100341797,0.5437604827787919,2.636547303696773,2.8509007505178108,15.0,1.0
4.184,0.41123104095458984,0.41123104095458984,1.9340667724609375,0.5463943467342698,2.631167609669319,2.7245504239035805,15.0,1.0
4.1850000000000005,0.41313838958740234,0.41313838958740234,1.9956035614013672,0.5490228179981322,2.6257619470799796,2.668424811839561,15.0,1.0
4.186,0.41504573822021484,0.41504573822021484,1.7582416534423828,0.5516458706284292,2.620330369281305,2.9110907019621375,15.0,1.0
4.187,0.41657161712646484,0.41657161712646484,1.7318687438964844,0.5542634787366942,2.614872929879027,2.9483821101359835,15.0,1.0
4.188,0.41847896575927734,0.41847896575927734,1.8197803497314453,0.5568756164881866,2.609389682736662,2.865559093938856,15.0,1.0
4.189,0.42038631439208984,0.42038631439208984,1.9428577423095703,0.5594822581021669,2.6038806819717024,2.747462095313288,15.0,1.0
4.19,0.42229366302490234,0.42229366302490234,1.8021984100341797,0.5620833778521318,2.598345981955106,2.892993294329368,15.0,1.0
4.191,0.42381954193115234,0.42381954193115234,1.5560436248779297,0.5646789500660766,2.5927856373123177,3.1496331344582518,15.0,1.0
4.192,0.42534542083740234,0.42534542083740234,1.626373291015625,0.5672689491267559,2.5871997029230442,3.089679336247722,15.0,1.0
4.1930000000000005,0.42725276947021484,0.42725276947021484,1.8197803497314453,0.5698533494719245,2.58158823391733,2.9008165842115288,15.0,1.0
4.194,0.42916011810302734,0.42916011810302734,2.0131874084472656,0.57243212559459,2.5759512856775473,2.7118439896037216,15.0,1.0
4.195,0.43106746673583984,0.43106746673583984,1.872528076171875,0.5750052520432789,2.5702889138385103,2.8568276172782214,15.0,1.0
4.196,0.43259334564208984,0.43259334564208984,1.6175823211669922,0.5775727034222664,2.564601174285599,3.1217092198212555,15.0,1.0
4.197,0.43450069427490234,0.43450069427490234,1.6439552307128906,0.5801344543918494,2.558888123153963,3.099439294195278,15.0,1.0
4.198,0.43602657318115234,0.43602657318115234,1.7670326232910156,0.582690479668576,2.5531498168303983,2.986075790850738,15.0,1.0
4.199,0.43793392181396484,0.43793392181396484,1.8637371063232422,0.5852407540255098,2.547386311948628,2.89325168879856,15.0,1.0
4.2,0.43984127044677734,0.43984127044677734,1.6439552307128906,0.5877852522924727,2.5415976653919756,3.1168021623645155,15.0,1.0
4.2010000000000005,0.44136714935302734,0.44136714935302734,1.5296707153320312,0.5903239493562954,2.5357839342931356,3.240465219010125,15.0,1.0
4.202,0.44289302825927734,0.44289302825927734,1.5912094116210938,0.5928568201610586,2.529945176030367,3.1881926429359915,15.0,1.0
4.203,0.44441890716552734,0.44441890716552734,1.7934074401855469,0.5953838397083555,2.524081448229879,2.9951479961867546,15.0,1.0
4.204,0.44632625579833984,0.44632625579833984,1.9340667724609375,0.5979049830575178,2.518192808764695,2.8578069451914274,15.0,1.0
4.205,0.44823360443115234,0.44823360443115234,1.6879119873046875,0.6004202253258842,2.5122793157526644,3.107166641868955,15.0,1.0
4.206,0.44975948333740234,0.44975948333740234,1.5736255645751953,0.6029295416890248,2.506341027558733,3.2302663382578745,15.0,1.0
4.207,0.45128536224365234,0.45128536224365234,1.6175823211669922,0.6054329073810013,2.5003780027905123,3.1950088586837544,15.0,1.0
4.208,0.45319271087646484,0.45319271087646484,1.6967029571533203,0.6079302976946052,2.4943903003002674,3.118751145419052,15.0,1.0
4.2090000000000005,0.45471858978271484,0.45471858978271484,1.7846145629882812,0.6104216879816036,2.4883779791856,3.0393098891806494,15.0,1.0
4.21,0.45662593841552734,0.45662593841552734,1.5736255645751953,0.6129070536529759,2.482341098784673,3.252932262771206,15.0,1.0
4.211,0.45777034759521484,0.45777034759521484,1.4945049285888672,0.6153863701791722,2.476279718679052,3.346015128849545,15.0,1.0
4.212,0.45967769622802734,0.45967769622802734,1.5472526550292969,0.6178596130903335,2.4701938986924574,3.295669996597754,15.0,1.0
4.213,0.46120357513427734,0.46120357513427734,1.7054939270019531,0.6203267579765565,2.4640836988887713,3.1454375145210047,15.0,1.0
4.214,0.46311092376708984,0.46311092376708984,1.8021984100341797,0.6227877804881128,2.4579491795739727,3.050903620355137,15.0,1.0
4.215,0.46463680267333984,0.46463680267333984,1.626373291015625,0.6252426563357039,2.4517904012940903,3.2345049152139254,15.0,1.0
4.216,0.46616268157958984,0.46616268157958984,1.538461685180664,0.6276913612907004,2.4456074248323603,3.3300759353183538,15.0,1.0
4.2170000000000005,0.46768856048583984,0.46768856048583984,1.5560436248779297,0.6301338711853702,2.4394003112120686,3.3200363468270946,15.0,1.0
4.218,0.46921539306640625,0.46921539306640625,1.6000003814697266,0.6325701619131241,2.4331691216959257,3.283490272926967,15.0,1.0
4.219,0.47112274169921875,0.47112274169921875,1.6967029571533203,0.6350002094287615,2.426913917782713,3.1883729765725333,15.0,1.0
4.22,0.47264862060546875,0.47264862060546875,1.5912094116210938,0.6374239897486891,2.4206347612084187,3.3010558867356297,15.0,1.0
4.221,0.47417449951171875,0.47417449951171875,1.4241752624511719,0.6398414789511776,2.4143317139470355,3.4751611430877465,15.0,1.0
4.222,0.47531890869140625,0.47531890869140625,1.4417591094970703,0.6422526531765848,2.408004838206523,3.47025189598713,15.0,1.0
4.223,0.47722625732421875,0.47722625732421875,1.5648345947265625,0.6446574886275902,2.4016541964301723,3.3482880712541814,15.0,1.0
4.224,0.47875213623046875,0.47875213623046875,1.7318687438964844,0.6470559615694444,2.395279851296266,3.187968487484417,15.0,1.0
4.225,0.48065948486328125,0.48065948486328125,1.6879119873046875,0.6494480483301822,2.3888818657173942,3.2327983304162213,15.0,1.0
4.226,0.48180389404296875,0.48180389404296875,1.5120887756347656,0.6518337253008786,2.3824603028390925,3.420818996072974,15.0,1.0
4.227,0.48332977294921875,0.48332977294921875,1.4505500793457031,0.654212968935862,2.3760152260389305,3.488713086492876,15.0,1.0
4.228,0.48485565185546875,0.48485565185546875,1.5296707153320312,0.656585755752956,2.369546698927479,3.415827542057756,15.0,1.0
4.229,0.48638153076171875,0.48638153076171875,1.5296707153320312,0.6589520623337163,2.3630547853474013,3.421942043595333,15.0,1.0
4.23,0.48790740966796875,0.48790740966796875,1.5912094116210938,0.6613118653236524,2.3565395493708365,3.3663969725849974,15.0,1.0
4.231,0.48943328857421875,0.48943328857421875,1.4505500793457031,0.6636651414324576,2.3500010553000834,3.5129287688279627,15.0,1.0
4.232,0.49095916748046875,0.49095916748046875,1.3802204132080078,0.6660118674342519,2.343439367667372,3.5890094537661117,15.0,1.0
4.233,0.49248504638671875,0.49248504638671875,1.3978023529052734,0.6683520201677918,2.336854551234353,3.5770568050451756,15.0,1.0
4.234,0.49362945556640625,0.49362945556640625,1.4505500793457031,0.67068557653672,2.3302466709899363,3.5355384061989397,15.0,1.0
4.235,0.49553680419921875,0.49553680419921875,1.6351642608642578,0.6730125135097732,2.3236157921522818,3.3505871709463406,15.0,1.0
4.236,0.49706268310546875,0.49706268310546875,1.5648345947265625,0.6753328081210241,2.316961980164592,3.4261792606713604,15.0,1.0
4.237,0.49820709228515625,0.49820709228515625,1.4241752624511719,0.6776464374701018,2.310285300697103,3.5777002160201143,15.0,1.0
4.238,0.49973297119140625,0.49973297119140625,1.4065933227539062,0.6799533787224199,2.3035858196471963,3.600298609858495,15.0,1.0
4.239,0.5012588500976562,0.5012588500976562,1.3978023529052734,0.6822536091093957,2.2968636031348524,3.6139826354056708,15.0,1.0
4.24,0.5024032592773438,0.5024032592773438,1.3450546264648438,0.6845471059286891,2.2901187175059476,3.6772217908112834,15.0,1.0
4.241,0.5039291381835938,0.5039291381835938,1.4417591094970703,0.6868338465444072,2.283351229330094,3.585162745245225,15.0,1.0
4.242,0.5054550170898438,0.5054550170898438,1.415384292602539,0.6891138083873486,2.2765612053988207,3.6160587822588544,15.0,1.0
4.243,0.5065994262695312,0.5065994262695312,1.2835159301757812,0.6913869689552063,2.269748712727676,3.758045922837021,15.0,1.0
4.244,0.5081253051757812,0.5081253051757812,1.3626365661621094,0.6936533058128035,2.2629138185540683,3.6831972619472926,15.0,1.0
4.245,0.5092697143554688,0.5092697143554688,1.3890113830566406,0.695912796592314,2.2560565903342535,3.6666914408302915,15.0,1.0
4.246,0.5107955932617188,0.5107955932617188,1.3450546264648438,0.6981654189934735,2.24917709574612,3.7146698552575974,15.0,1.0
4.247,0.5123214721679688,0.5123214721679688,1.4505500793457031,0.7004111507838058,2.242275402688392,3.6130705025802445,15.0,1.0
4.248,0.5134658813476562,0.5134658813476562,1.3978023529052734,0.7026499697988497,2.2353515792776193,3.6753105531402483,15.0,1.0
4.249,0.5149917602539062,0.5149917602539062,1.3186817169189453,0.7048818539423606,2.228405693849311,3.7580753822571804,15.0,1.0
4.25,0.5161361694335938,0.5161361694335938,1.3538455963134766,0.7071067811865478,2.221437814956005,3.732151394936839,15.0,1.0
4.251,0.5176620483398438,0.5176620483398438,1.3274726867675781,0.709324729572274,2.214448011368404,3.7619155430872793,15.0,1.0
4.252,0.5188064575195312,0.5188064575195312,1.3098907470703125,0.7115356772092841,2.2074363520738984,3.788483900349879,15.0,1.0
4.253,0.5203323364257812,0.5203323364257812,1.3186817169189453,0.7137396022764212,2.2004029062732684,3.7828301771139223,15.0,1.0
4.2540000000000004,0.5214767456054688,0.5214767456054688,1.24835205078125,0.7159364830218321,2.1933477433838107,3.861891753848011,15.0,1.0
4.255,0.5226211547851562,0.5226211547851562,1.1956043243408203,0.7181262977631884,2.186270933038088,3.9232437533677498,15.0,1.0
4.256,0.5237655639648438,0.5237655639648438,1.2219772338867188,0.7203090248879076,2.179172545080519,3.905347225039758,15.0,1.0
4.257,0.5249099731445312,0.5249099731445312,1.24835205078125,0.7224846428533491,2.172052649569366,3.8873206444203845,15.0,1.0
4.258,0.5264358520507812,0.5264358520507812,1.3186817169189453,0.7246531301870458,2.1649113167762835,3.819488771901306,15.0,1.0
4.259,0.5275802612304688,0.5275802612304688,1.24835205078125,0.7268144654869031,2.1577486171825626,3.8979096302478276,15.0,1.0
4.26,0.5291061401367188,0.5291061401367188,1.2747249603271484,0.7289686274214104,2.1505646214807825,3.8737769704240095,15.0,1.0
4.261,0.5302505493164062,0.5302505493164062,1.3010997772216797,0.7311155947298641,2.1433594005745817,3.85523530455477,15.0,1.0
4.2620000000000005,0.5313959121704102,0.5313959121704102,1.1868133544921875,0.733255346222561,2.13613302557593,3.977211181866006,15.0,1.0
4.263,0.5325403213500977,0.5325403213500977,1.292306900024414,0.7353878607810156,2.128885567806492,3.879291759245847,15.0,1.0
4.264,0.5340662002563477,0.5340662002563477,1.2659339904785156,0.7375131173581735,2.1216170987969463,3.907386864845818,15.0,1.0
4.265,0.5352106094360352,0.5352106094360352,1.2219772338867188,0.7396310949786091,2.114327690282778,3.9586577395346687,15.0,1.0
4.266,0.5363550186157227,0.5363550186157227,1.213186264038086,0.7417417727387385,2.107017414207462,3.9746324620146143,15.0,1.0
4.267,0.5374994277954102,0.5374994277954102,1.1780223846435547,0.7438451298070254,2.0996863427215544,4.0168494882522285,15.0,1.0
4.268,0.5386438369750977,0.5386438369750977,1.1516475677490234,0.7459411454241812,2.092334548178826,4.050146607166056,15.0,1.0
4.269,0.5397882461547852,0.5397882461547852,1.0901107788085938,0.7480297989033826,2.0849621031390484,4.118474615559417,15.0,1.0
4.2700000000000005,0.5409326553344727,0.5409326553344727,1.1780223846435547,0.7501110696304607,2.077569080364583,4.037222910160849,15.0,1.0
4.271,0.5420770645141602,0.5420770645141602,1.160440444946289,0.7521849370641113,2.0701555528217455,4.061333196124723,15.0,1.0
4.272,0.5432214736938477,0.5432214736938477,1.213186264038086,0.7542513807361035,2.0627215936797256,4.0149839352754775,15.0,1.0
4.273,0.5447473526000977,0.5447473526000977,1.2043952941894531,0.7563103802514703,2.0552672763091664,4.024317396890304,15.0,1.0
4.274,0.5458917617797852,0.5458917617797852,1.213186264038086,0.7583619152887213,2.04779267427989,4.021658712875847,15.0,1.0
4.275,0.5470361709594727,0.5470361709594727,1.1956043243408203,0.7604059656000315,2.040297861363058,4.04524045663062,15.0,1.0
4.276,0.5481805801391602,0.5481805801391602,1.0989017486572266,0.7624425110114471,2.0327829115304326,4.147810125957511,15.0,1.0
4.277,0.5493249893188477,0.5493249893188477,1.160440444946289,0.7644715314230919,2.025247898950738,4.092005585568113,15.0,1.0
4.2780000000000005,0.5504693984985352,0.5504693984985352,1.0989017486572266,0.76649300680935,2.0176928979925606,4.159145273997556,15.0,1.0
4.279,0.5516138076782227,0.5516138076782227,1.1516475677490234,0.7685069172190766,2.010117983219857,4.111867058583643,15.0,1.0
4.28,0.5527582168579102,0.5527582168579102,1.0725269317626953,0.7705132427757891,2.0025232293934323,4.196321686398922,15.0,1.0
4.281,0.5539026260375977,0.5539026260375977,1.0813179016113281,0.7725119636778631,1.9949087114724193,4.192730874465074,15.0,1.0
4.282,0.5546655654907227,0.5546655654907227,1.0461540222167969,0.7745030601987335,1.9872745046073987,4.238682903010765,15.0,1.0
4.283,0.5558099746704102,0.5558099746704102,1.002197265625,0.7764865126870792,1.9796206841448338,4.287571488769871,15.0,1.0
4.284,0.5565729141235352,0.5565729141235352,0.9582424163818359,0.7784623015670228,1.9719473256256492,4.342045720896127,15.0,1.0
4.285,0.5577173233032227,0.5577173233032227,1.0285720825195312,0.7804304073383301,1.9642545047821613,4.276378682789242,15.0,1.0
4.2860000000000005,0.5588617324829102,0.5588617324829102,1.002197265625,0.7823908105765884,1.95654229753967,4.307281203319844,15.0,1.0
4.287,0.5596246719360352,0.5596246719360352,1.0197811126708984,0.7843434919334091,1.9488107800154921,4.299811967305203,15.0,1.0
4.288,0.5607690811157227,0.5607690811157227,0.9846153259277344,0.7862884321366189,1.9410600285149826,4.339234967900692,15.0,1.0
4.289,0.5619134902954102,0.5619134902954102,1.0813179016113281,0.7882256119904388,1.9332901195358545,4.246654043349956,15.0,1.0
4.29,0.5626764297485352,0.5626764297485352,0.9934062957763672,0.7901550123756902,1.925501129763859,4.344273573394817,15.0,1.0
4.291,0.5638208389282227,0.5638208389282227,0.9846153259277344,0.7920766142499678,1.9176931360725007,4.356914439970943,15.0,1.0
4.292,0.5645837783813477,0.5645837783813477,0.9318675994873047,0.7939903986478348,1.909866215523948,4.419097920033951,15.0,1.0
4.293,0.5657281875610352,0.5657281875610352,1.0109882354736328,0.7958963466810153,1.9020204453676683,4.343554596693737,15.0,1.0
4.2940000000000005,0.5668725967407227,0.5668725967407227,0.9582424163818359,0.7977944395385714,1.8941559030373583,4.399741128623254,15.0,1.0
4.295,0.5676355361938477,0.5676355361938477,1.0197811126708984,0.7996846584870897,1.8862726661528768,4.347228387880609,15.0,1.0
4.296,0.5687799453735352,0.5687799453735352,0.9230766296386719,0.8015669848708767,1.8783708125186536,4.447099775340106,15.0,1.0
4.297,0.5695428848266602,0.5695428848266602,0.9582424163818359,0.8034414001121266,1.870450420122836,4.420685733022997,15.0,1.0
4.298,0.5706872940063477,0.5706872940063477,0.8967037200927734,0.8053078857111219,1.8625115671366075,4.485116722615448,15.0,1.0
4.299,0.5714502334594727,0.5714502334594727,0.9318675994873047,0.8071664232464011,1.854554331912766,4.458429579229388,15.0,1.0
4.3,0.5722131729125977,0.5722131729125977,0.9142856597900391,0.8090169943749471,1.8465787929862358,4.484350455131439,15.0,1.0
4.301,0.5733575820922852,0.5733575820922852,0.8879127502441406,0.8108595808323731,1.8385850290731014,4.51320225993028,15.0,1.0
4.3020000000000005,0.5741205215454102,0.5741205215454102,1.0285720825195312,0.8126941644330945,1.8305731190679921,4.380605679863726,15.0,1.0
4.303,0.5752649307250977,0.5752649307250977,0.9758243560791016,0.8145207270705087,1.822543142045106,4.43555573114717,15.0,1.0
4.304,0.5764093399047852,0.5764093399047852,1.0109882354736328,0.8163392507171843,1.814495177257072,4.402455603969426,15.0,1.0
4.305,0.5771722793579102,0.5771722793579102,0.9846153259277344,0.8181497174250225,1.8064293041343262,4.436475549213277,15.0,1.0
4.306,0.5783166885375977,0.5783166885375977,1.0109882354736328,0.8199521093254524,1.7983456022831774,4.411888678627365,15.0,1.0
4.307,0.5790796279907227,0.5790796279907227,0.9494514465332031,0.8217464086295901,1.7902441514875704,4.48079441453738,15.0,1.0
4.308,0.5802240371704102,0.5802240371704102,1.002197265625,0.8235325976284272,1.7821250317048225,4.429556172950079,15.0,1.0
4.309,0.5809869766235352,0.5809869766235352,0.9318675994873047,0.8253106586929992,1.7739883230669875,4.506975954621645,15.0,1.0
4.3100000000000005,0.5821313858032227,0.5821313858032227,1.0109882354736328,0.8270805742745624,1.765834105881254,4.429083697477717,15.0,1.0
4.311,0.5832757949829102,0.5832757949829102,0.9846153259277344,0.8288423269047615,1.7576624606255677,4.456545113525603,15.0,1.0
4.312,0.5840387344360352,0.5840387344360352,1.0461540222167969,0.830595899195813,1.7494734679507928,4.401676917130663,15.0,1.0
4.313,0.5851831436157227,0.5851831436157227,0.9406585693359375,0.8323412738406627,1.7412672086794032,4.5079805927175665,15.0,1.0
4.314,0.5859460830688477,0.5859460830688477,0.9054946899414062,0.8340784336131714,1.7330437638032095,4.549534332026658,15.0,1.0
4.315,0.5870904922485352,0.5870904922485352,0.8967037200927734,0.8358073613682703,1.7248032144847798,4.558852531188033,15.0,1.0
4.316,0.5878534317016602,0.5878534317016602,0.8615379333496094,0.8375280400421407,1.7165456420558485,4.600126833813446,15.0,1.0
4.317,0.5886163711547852,0.5886163711547852,0.8439559936523438,0.8392404526523816,1.7082711280140188,4.623676356825621,15.0,1.0
4.3180000000000005,0.5893793106079102,0.5893793106079102,0.8175830841064453,0.8409445822981698,1.6999797540252644,4.655875745272714,15.0,1.0
4.319,0.5905237197875977,0.5905237197875977,0.9054946899414062,0.8426404121604318,1.6916716019230762,4.567927297574183,15.0,1.0
4.32,0.5912866592407227,0.5912866592407227,0.9494514465332031,0.8443279255020155,1.6833467537050524,4.529514301091242,15.0,1.0
4.321,0.5924310684204102,0.5924310684204102,1.002197265625,0.8460071056678417,1.6750052915342053,4.476448584620678,15.0,1.0
4.322,0.5931940078735352,0.5931940078735352,0.9406585693359375,0.8476779360850835,1.6666472977369722,4.5432476515742595,15.0,1.0
4.323,0.5939579010009766,0.5939579010009766,0.9230766296386719,0.8493404002633167,1.6582728548038972,4.565933714100328,15.0,1.0
4.324,0.5951023101806641,0.5951023101806641,0.9230766296386719,0.850994481794691,1.649882045387983,4.565187989959714,15.0,1.0
4.325,0.5958652496337891,0.5958652496337891,0.8439559936523438,0.8526401643540922,1.6414749523019054,4.649142679454108,15.0,1.0
4.3260000000000005,0.5970096588134766,0.5970096588134766,0.8615379333496094,0.8542774316992959,1.633051658520401,4.6305303184580815,15.0,1.0
4.327,0.5977725982666016,0.5977725982666016,0.8263740539550781,0.8559062676711328,1.6246122471787316,4.670243234291622,15.0,1.0
4.328,0.5985355377197266,0.5985355377197266,0.8791217803955078,0.8575266561936529,1.6161568015697299,4.621901798283117,15.0,1.0
4.329,0.5992984771728516,0.5992984771728516,0.9318675994873047,0.859138581274272,1.6076854051453324,4.573419367179334,15.0,1.0
4.33,0.6004428863525391,0.6004428863525391,0.9670333862304688,0.8607420270039431,1.5991981415156147,4.536651865056206,15.0,1.0
4.331,0.6012058258056641,0.6012058258056641,0.8615379333496094,0.8623369775573042,1.5906950944458913,4.646124437370884,15.0,1.0
4.332,0.6019687652587891,0.6019687652587891,0.8263740539550781,0.8639234171928346,1.5821763478576827,4.685122072913288,15.0,1.0
4.333,0.6027317047119141,0.6027317047119141,0.7824172973632812,0.865501330253019,1.573641985827635,4.732769071580928,15.0,1.0
4.3340000000000005,0.6034946441650391,0.6034946441650391,0.7296695709228516,0.8670707011644909,1.5650920925861556,4.789063376655082,15.0,1.0
4.335,0.6042575836181641,0.6042575836181641,0.7208786010742188,0.8686315144381911,1.5565267525174704,4.801257113743657,15.0,1.0
4.336,0.6050205230712891,0.6050205230712891,0.7208786010742188,0.8701837546695255,1.5479460501588278,4.804515923058155,15.0,1.0
4.337,0.6057834625244141,0.6057834625244141,0.6769237518310547,0.8717274065385086,1.5393500701973721,4.851585478577735,15.0,1.0
4.338,0.6065464019775391,0.6065464019775391,0.7032966613769531,0.8732624548099197,1.5307388974717924,4.828183028580549,15.0,1.0
4.339,0.6073093414306641,0.6073093414306641,0.7824172973632812,0.8747888843334531,1.5221126169717536,4.751888463150308,15.0,1.0
4.34,0.6080722808837891,0.6080722808837891,0.7560443878173828,0.876306680043863,1.5134713138345433,4.78094291341827,15.0,1.0
4.341,0.6088352203369141,0.6088352203369141,0.8703289031982422,0.8778158269611218,1.504815073346549,4.669195269511423,15.0,1.0
4.3420000000000005,0.6095981597900391,0.6095981597900391,0.7912082672119141,0.8793163101905571,1.4961439809409853,4.750707969736842,15.0,1.0
4.343,0.6103610992431641,0.6103610992431641,0.7384624481201172,0.8808081149230036,1.4874581221982908,4.8057009092757665,15.0,1.0
4.344,0.6111240386962891,0.6111240386962891,0.7560443878173828,0.8822912264349532,1.478757582844878,4.790221011107457,15.0,1.0
4.345,0.6118869781494141,0.6118869781494141,0.6945056915283203,0.8837656300886932,1.470042448751144,4.853716536312011,15.0,1.0
4.346,0.6126499176025391,0.6126499176025391,0.6593399047851562,0.8852313113324549,1.4613128059312999,4.890693807094881,15.0,1.0
4.347,0.6130313873291016,0.6130313873291016,0.6857147216796875,0.8866882557005569,1.4525687405446206,4.8717070444367625,15.0,1.0
4.348,0.6137943267822266,0.6137943267822266,0.6329669952392578,0.888136448813544,1.4438103388908985,4.925975174121403,15.0,1.0
4.349,0.6145572662353516,0.6145572662353516,0.6417579650878906,0.8895758763783382,1.4350376874115227,4.918558874468432,15.0,1.0
4.3500000000000005,0.6153202056884766,0.6153202056884766,0.6945056915283203,0.891006524188368,1.426250872689991,4.867039958660042,15.0,1.0
4.351,0.6160831451416016,0.6160831451416016,0.74725341796875,0.892428378123718,1.417449981448101,4.815375058211098,15.0,1.0
4.352,0.6164646148681641,0.6164646148681641,0.6681327819824219,0.8938414241512638,1.4086351005464621,4.901154457810536,15.0,1.0
4.353,0.6172275543212891,0.6172275543212891,0.6945056915283203,0.8952456483248108,1.3998063169861439,4.8755720355106495,15.0,1.0
4.354,0.6179904937744141,0.6179904937744141,0.6329669952392578,0.8966410367852357,1.3909637179021956,4.937754867825261,15.0,1.0
4.355,0.6183719635009766,0.6183719635009766,0.5802192687988281,0.8980275757606161,1.382107390567569,4.996722305663334,15.0,1.0
4.356,0.6191349029541016,0.6191349029541016,0.5890102386474609,0.8994052515663706,1.3732374223913553,4.98828241292793,15.0,1.0
4.357,0.6195163726806641,0.6195163726806641,0.5714282989501953,0.9007740506053984,1.3643539009158872,5.011790770836707,15.0,1.0
4.358,0.6198978424072266,0.6198978424072266,0.5010986328125,0.9021339593682023,1.3554569138181591,5.0879000354202955,15.0,1.0
4.359,0.6206607818603516,0.6206607818603516,0.4483509063720703,0.9034849644330343,1.3465465489081794,5.1405583811263496,15.0,1.0
4.36,0.6210422515869141,0.6210422515869141,0.5186805725097656,0.9048270524660196,1.3376228941275485,5.075714334804365,15.0,1.0
4.361,0.6214237213134766,0.6214237213134766,0.5010986328125,0.9061602102212891,1.3286860375488914,5.09863473835358,15.0,1.0
4.362,0.6221866607666016,0.6221866607666016,0.47472572326660156,0.9074844245411169,1.319736067375345,5.124476800726473,15.0,1.0
4.363,0.6225681304931641,0.6225681304931641,0.45714378356933594,0.9087996823560407,1.3107730719393658,5.14710256631318,15.0,1.0
4.364,0.6229496002197266,0.6229496002197266,0.5010986328125,0.9101059706849954,1.3017971397026145,5.108044063869148,15.0,1.0
4.365,0.6237125396728516,0.6237125396728516,0.5890102386474609,0.9114032766354456,1.29280835925357,5.01915917504502,15.0,1.0
4.366,0.6240940093994141,0.6240940093994141,0.6153850555419922,0.9126915874035024,1.283806819307756,4.997385433827089,15.0,1.0
4.367,0.6248569488525391,0.6248569488525391,0.5890102386474609,0.9139708902740608,1.27479260870723,5.022491491382595,15.0,1.0
4.368,0.6252384185791016,0.6252384185791016,0.6153850555419922,0.9152411726209178,1.2657658164183658,5.000422071503617,15.0,1.0
4.369,0.6260013580322266,0.6260013580322266,0.5802192687988281,0.9165024219068973,1.2567265315318537,5.034023220853087,15.0,1.0
4.37,0.6263828277587891,0.6263828277587891,0.5626373291015625,0.9177546256839811,1.2476748432619047,5.055614483038223,15.0,1.0
4.371,0.6271457672119141,0.6271457672119141,0.5450553894042969,0.918997771593422,1.2386108409446024,5.071335517262924,15.0,1.0
4.372,0.6275272369384766,0.6275272369384766,0.5450553894042969,0.9202318473658702,1.2295346140383572,5.075048381044964,15.0,1.0
4.373,0.6282901763916016,0.6282901763916016,0.5362644195556641,0.9214568408214983,1.220446252122258,5.081681799015044,15.0,1.0
4.374,0.6286716461181641,0.6286716461181641,0.45714378356933594,0.9226727398701146,1.2113458448942538,5.164218467604175,15.0,1.0
4.375,0.6290531158447266,0.6290531158447266,0.5010986328125,0.9238795325112864,1.2022334821714367,5.123531099357335,15.0,1.0
4.376,0.6298160552978516,0.6298160552978516,0.5098896026611328,0.9250772068344583,1.1931092538899861,5.112136924277954,15.0,1.0
4.377,0.6301975250244141,0.6301975250244141,0.4835166931152344,0.9262657510190662,1.183973250101758,5.141479946906305,15.0,1.0
4.378,0.6305789947509766,0.6305789947509766,0.4395599365234375,0.9274451533346614,1.1748255609751936,5.188258003207029,15.0,1.0
4.3790000000000004,0.6309604644775391,0.6309604644775391,0.4219779968261719,0.9286154021410173,1.1656662767950365,5.208512344921039,15.0,1.0
4.38,0.6313419342041016,0.6313419342041016,0.4483509063720703,0.9297764858882513,1.156495487959262,5.184662856849439,15.0,1.0
4.381,0.6321048736572266,0.6321048736572266,0.47472572326660156,0.9309283931169355,1.1473132849794183,5.154940353608452,15.0,1.0
4.382,0.6324863433837891,0.6324863433837891,0.4835166931152344,0.9320711124582101,1.1381197584815936,5.148374601482674,15.0,1.0
4.383,0.6328678131103516,0.6328678131103516,0.4219779968261719,0.9332046326338983,1.1289149992007879,5.211989295227817,15.0,1.0
4.384,0.6332492828369141,0.6332492828369141,0.4395599365234375,0.9343289424566124,1.1196990979843804,5.1963340557564175,15.0,1.0
4.385,0.6336307525634766,0.6336307525634766,0.4307689666748047,0.9354440308298669,1.1104721457902542,5.206902353111305,15.0,1.0
4.386,0.6340122222900391,0.6340122222900391,0.40439605712890625,0.9365498867481925,1.1012342336840675,5.234903143427463,15.0,1.0
4.3870000000000005,0.6343936920166016,0.6343936920166016,0.4219779968261719,0.9376464992972358,1.091985452840845,5.218799565224186,15.0,1.0
4.388,0.6347751617431641,0.6347751617431641,0.378021240234375,0.9387338576538741,1.0827258945421363,5.264085092968411,15.0,1.0
4.389,0.6351566314697266,0.6351566314697266,0.35164833068847656,0.9398119510863197,1.07345565017539,5.29163711373581,15.0,1.0
4.39,0.6355381011962891,0.6355381011962891,0.33406639099121094,0.9408807689542248,1.0641748112355458,5.310248436613371,15.0,1.0
4.391,0.6359195709228516,0.6359195709228516,0.33406639099121094,0.9419403007087904,1.054883469319691,5.311128025117563,15.0,1.0
4.392,0.6363010406494141,0.6363010406494141,0.34285736083984375,0.9429905358928649,1.0455817161295613,5.303066783941479,15.0,1.0
4.393,0.6366825103759766,0.6366825103759766,0.34285736083984375,0.9440314641410494,1.0362696434702343,5.303646589106483,15.0,1.0
4.394,0.6370639801025391,0.6370639801025391,0.28131866455078125,0.945063075179805,1.0269473432476275,5.365615104855836,15.0,1.0
4.3950000000000005,0.6374454498291016,0.6374454498291016,0.3252754211425781,0.9460853588275454,1.017614907469408,5.3219381213034875,15.0,1.0
4.396,0.6378269195556641,0.6378269195556641,0.378021240234375,0.9470983049947438,1.0082724282434015,5.2693219695952225,15.0,1.0
4.397,0.6378269195556641,0.6378269195556641,0.35164833068847656,0.948101903684032,0.9989199977751468,5.30139642901219,15.0,1.0
4.398,0.6382083892822266,0.6382083892822266,0.35164833068847656,0.9490961449902939,0.9895577083699436,5.301225713302477,15.0,1.0
4.399,0.6385898590087891,0.6385898590087891,0.3252754211425781,0.9500810191007716,0.980185652429725,5.327277632666885,15.0,1.0
4.4,0.6389713287353516,0.6389713287353516,0.3252754211425781,0.951056516295154,0.9708039224524896,5.326806314706948,15.0,1.0
4.401,0.6393527984619141,0.6393527984619141,0.35164833068847656,0.9520226269456764,0.961412611032415,5.299811707600374,15.0,1.0
4.402,0.6397342681884766,0.6397342681884766,0.39560508728027344,0.9529793415172185,0.9520118108583802,5.255082823509236,15.0,1.0
4.4030000000000005,0.6401157379150391,0.6401157379150391,0.4307689666748047,0.9539266505673938,0.942601614712089,5.218996337822605,15.0,1.0
4.404,0.6404972076416016,0.6404972076416016,0.46593475341796875,0.9548645447466426,0.9331821154684121,5.182757418626059,15.0,1.0
4.405,0.6408786773681641,0.6408786773681641,0.39560508728027344,0.9557930147983302,0.9237534060937378,5.251863380265957,15.0,1.0
4.406,0.6412601470947266,0.6412601470947266,0.39560508728027344,0.95671205155883,0.9143155796461997,5.250489059327478,15.0,1.0
4.407,0.6420230865478516,0.6420230865478516,0.41318702697753906,0.9576216459576222,0.9048687292728346,5.225660093441856,15.0,1.0
4.408,0.6424045562744141,0.6424045562744141,0.3868141174316406,0.9585217890173763,0.8954129482102076,5.250357321923,15.0,1.0
4.409,0.6427860260009766,0.6427860260009766,0.378021240234375,0.9594124718540427,0.8859483297834458,5.2573237773450625,15.0,1.0
4.41,0.6431674957275391,0.6431674957275391,0.3692302703857422,0.9602936856769428,0.8764749674044197,5.264137546259734,15.0,1.0
4.4110000000000005,0.6431674957275391,0.6431674957275391,0.35164833068847656,0.9611654217888521,0.8669929545714581,5.285313514802677,15.0,1.0
4.412,0.6435489654541016,0.6435489654541016,0.3252754211425781,0.9620276715860856,0.8575023848679848,5.309407555705167,15.0,1.0
4.413,0.6439304351806641,0.6439304351806641,0.3164844512939453,0.9628804265585877,0.848003351961836,5.315768771336746,15.0,1.0
4.414,0.6443119049072266,0.6443119049072266,0.3076915740966797,0.9637236782900093,0.838495949605317,5.321980976250378,15.0,1.0
4.415,0.6446933746337891,0.6446933746337891,0.2549457550048828,0.9645574184577981,0.8289802716320764,5.371995173987329,15.0,1.0
4.416,0.6446933746337891,0.6446933746337891,0.24615478515625,0.9653816388332739,0.8194564119583561,5.383625589794378,15.0,1.0
4.417,0.6450748443603516,0.6450748443603516,0.24615478515625,0.9661963312817147,0.8099244645806607,5.380591983244857,15.0,1.0
4.418,0.6454563140869141,0.6454563140869141,0.21977996826171875,0.9670014877624349,0.8003845235752465,5.40378216044634,15.0,1.0
4.4190000000000005,0.6454563140869141,0.6454563140869141,0.24615478515625,0.9677971003288657,0.7908366830980071,5.379793691571031,15.0,1.0
4.42,0.6458377838134766,0.6458377838134766,0.2549457550048828,0.9685831611286309,0.7812810373820298,5.367515942104461,15.0,1.0
4.421,0.6458377838134766,0.6458377838134766,0.21977996826171875,0.9693596624036295,0.7717176807373676,5.404765891327942,15.0,1.0
4.422,0.6462192535400391,0.6462192535400391,0.21098899841308594,0.9701265964901056,0.7621467075509258,5.409767853388837,15.0,1.0
4.423,0.6466007232666016,0.6466007232666016,0.21098899841308594,0.9708839558187311,0.7525682122839612,5.405827702152818,15.0,1.0
4.424,0.6466007232666016,0.6466007232666016,0.20219802856445312,0.971631732914674,0.7429822894725362,5.416249405629169,15.0,1.0
4.425,0.6469821929931641,0.6469821929931641,0.1758251190185547,0.9723699203976761,0.7333890337263824,5.438379825775509,15.0,1.0
4.426,0.6469821929931641,0.6469821929931641,0.16703224182128906,0.9730985109821265,0.7237885397263426,5.448501067739491,15.0,1.0
4.4270000000000005,0.6469821929931641,0.6469821929931641,0.14945030212402344,0.9738174974771292,0.7141809022252801,5.467260167360734,15.0,1.0
4.428,0.6473636627197266,0.6473636627197266,0.14945030212402344,0.974526872786577,0.7045662160473398,5.462564064926073,15.0,1.0
4.429,0.6473636627197266,0.6473636627197266,0.14065933227539062,0.9752266299092236,0.6949445760851063,5.472229751652171,15.0,1.0
4.43,0.6477451324462891,0.6477451324462891,0.14945030212402344,0.9759167619387472,0.6853160773005129,5.4584402175633615,15.0,1.0
4.431,0.6477451324462891,0.6477451324462891,0.1846160888671875,0.9765972620638244,0.6756808147229094,5.423846670118751,15.0,1.0
4.432,0.6481266021728516,0.6481266021728516,0.1934070587158203,0.9772681235681935,0.6660388834486071,5.4097546456629155,15.0,1.0
4.433,0.6481266021728516,0.6481266021728516,0.1934070587158203,0.9779293398307215,0.6563903786394008,5.41002438479163,15.0,1.0
4.434,0.6485080718994141,0.6485080718994141,0.20219802856445312,0.9785809043254721,0.6467353955220574,5.395629853348474,15.0,1.0
4.4350000000000005,0.6485080718994141,0.6485080718994141,0.20219802856445312,0.9792228106217661,0.6370740293873496,5.395597081658177,15.0,1.0
4.436,0.6488895416259766,0.6488895416259766,0.20219802856445312,0.9798550523842467,0.6274063755893735,5.389691008398973,15.0,1.0
4.437,0.6488895416259766,0.6488895416259766,0.16703224182128906,0.9804776233729446,0.6177325295435594,5.424521513926791,15.0,1.0
4.438,0.6492710113525391,0.6492710113525391,0.1934070587158203,0.9810905174433339,0.6080525867271831,5.391938119373285,15.0,1.0
4.439,0.6492710113525391,0.6492710113525391,0.15824127197265625,0.9816937285463987,0.5983666426772629,5.4264661286125015,15.0,1.0
4.44,0.6492710113525391,0.6492710113525391,0.14065933227539062,0.9822872507286888,0.5886747929901617,5.443259051357018,15.0,1.0
4.441,0.6496524810791016,0.6496524810791016,0.1318683624267578,0.982871078132379,0.5789771333205636,5.4453877266929664,15.0,1.0
4.442,0.6496524810791016,0.6496524810791016,0.1318683624267578,0.9834452049953297,0.5692737593803372,5.444296255697002,15.0,1.0
4.4430000000000005,0.6496524810791016,0.6496524810791016,0.11428642272949219,0.98400962565114,0.5595647669378536,5.460635512788938,15.0,1.0
4.444,0.6500339508056641,0.6500339508056641,0.09670257568359375,0.9845643345292053,0.5498502518170199,5.4711034319865455,15.0,1.0
4.445,0.6500339508056641,0.6500339508056641,0.07032966613769531,0.9851093261547739,0.5401303098963126,5.495931273995264,15.0,1.0
4.446,0.6500339508056641,0.6500339508056641,0.07912063598632812,0.9856445951489979,0.5304050371075846,5.485444066271264,15.0,1.0
4.447,0.6500339508056641,0.6500339508056641,0.0615386962890625,0.9861701362289887,0.5206745294349275,5.5011786144957355,15.0,1.0
4.448,0.6500339508056641,0.6500339508056641,0.0615386962890625,0.9866859442078681,0.510938882915184,5.499180087659183,15.0,1.0
4.449,0.6500339508056641,0.6500339508056641,0.0615386962890625,0.987192013994819,0.5011981936349343,5.497030445183197,15.0,1.0
4.45,0.6504154205322266,0.6504154205322266,0.043956756591796875,0.9876883405951378,0.49145255773066765,5.5065896020825384,15.0,1.0
4.4510000000000005,0.6504154205322266,0.6504154205322266,0.05274772644042969,0.9881749191102808,0.4817020713880993,5.495346823618482,15.0,1.0
4.452,0.6504154205322266,0.6504154205322266,0.043956756591796875,0.988651744737914,0.47194683084063627,5.50153493733415,15.0,1.0
4.453,0.6504154205322266,0.6504154205322266,0.07912063598632812,0.9891188127719618,0.46218693236835406,5.463617179978054,15.0,1.0
4.454,0.6504154205322266,0.6504154205322266,0.0615386962890625,0.9895761186026506,0.4524224722978829,5.478294247065181,15.0,1.0
4.455,0.6504154205322266,0.6504154205322266,0.07032966613769531,0.9900236577165574,0.4426535470001909,5.466447438627458,15.0,1.0
4.456,0.6507968902587891,0.6507968902587891,0.07912063598632812,0.9904614256966513,0.43288025289058396,5.44872764847219,15.0,1.0
4.457,0.6507968902587891,0.6507968902587891,0.07912063598632812,0.9908894182223386,0.42310268642779647,5.445369969894711,15.0,1.0
4.458,0.6507968902587891,0.6507968902587891,0.10549545288085938,0.9913076310695066,0.4133209441120016,5.415486603391905,15.0,1.0
4.4590000000000005,0.6507968902587891,0.6507968902587891,0.07912063598632812,0.9917160601105629,0.4035351224856072,5.4382020342758866,15.0,1.0
4.46,0.6507968902587891,0.6507968902587891,0.07912063598632812,0.9921147013144779,0.39374531813052727,5.434391847979532,15.0,1.0
4.461,0.6511783599853516,0.6511783599853516,0.07912063598632812,0.9925035507468237,0.3839516276677841,5.424708853103539,15.0,1.0
4.462,0.6511783599853516,0.6511783599853516,0.043956756591796875,0.9928826045698135,0.37415414775790623,5.455761059933038,15.0,1.0
4.463,0.6511783599853516,0.6511783599853516,0.03516578674316406,0.9932518590423394,0.36435297509740394,5.460289674209057,15.0,1.0
4.464,0.6511783599853516,0.6511783599853516,0.043956756591796875,0.9936113105200085,0.35454820642013374,5.447085707848191,15.0,1.0
4.465,0.6511783599853516,0.6511783599853516,0.017581939697265625,0.9939609554551796,0.3447399384953087,5.468896930845464,15.0,1.0
4.466,0.6511783599853516,0.6511783599853516,-0.017581939697265625,0.9943007903969989,0.33492826812630483,5.499346663998281,15.0,1.0
4.4670000000000005,0.6511783599853516,0.6511783599853516,-0.043956756591796875,0.9946308119914324,0.3251132921505473,5.5208568288335576,15.0,1.0
4.468,0.6511783599853516,0.6511783599853516,0.017581939697265625,0.9949510169813001,0.3152951074380326,5.454303022679994,15.0,1.0
4.469,0.6511783599853516,0.6511783599853516,-0.05274772644042969,0.9952614022063083,0.3054738108899073,5.519467170644688,15.0,1.0
4.47,0.6511783599853516,0.6511783599853516,-0.03516578674316406,0.9955619646030799,0.2956494994387526,5.496569355447842,15.0,1.0
4.471,0.6511783599853516,0.6511783599853516,-0.026372909545898438,0.9958527012051857,0.2858222700462534,5.482310297889663,15.0,1.0
4.472,0.6511783599853516,0.6511783599853516,-0.026372909545898438,0.9961336091431726,0.275992219703312,5.476693866616526,15.0,1.0
4.473,0.6507968902587891,0.6507968902587891,-0.026372909545898438,0.9964046856445924,0.26615944542874104,5.476649285761689,15.0,1.0
4.474,0.6507968902587891,0.6507968902587891,0.0,0.9966659280340299,0.2563240442677852,5.444359610896397,15.0,1.0
4.4750000000000005,0.6511783599853516,0.6511783599853516,0.008790969848632812,0.9969173337331281,0.24648611329189407,5.423779749659909,15.0,1.0
4.476,0.6507968902587891,0.6507968902587891,-0.043956756591796875,0.9971589002606138,0.23664574959792617,5.476032656217095,15.0,1.0
4.477,0.6507968902587891,0.6507968902587891,-0.008790969848632812,0.9973906252323237,0.22680305030559111,5.434500044757243,15.0,1.0
4.478,0.6507968902587891,0.6507968902587891,-0.008790969848632812,0.9976125063612251,0.21695811255898434,5.427983323944158,15.0,1.0
4.479,0.6507968902587891,0.6507968902587891,-0.008790969848632812,0.9978245414574415,0.20711103352323335,5.421316771351653,15.0,1.0
4.48,0.6507968902587891,0.6507968902587891,-0.017581939697265625,0.9980267284282717,0.19726191038512297,5.423291422624628,15.0,1.0
4.481,0.6507968902587891,0.6507968902587891,0.0,0.9982190652782118,0.18741084035173117,5.398743465643072,15.0,1.0
4.482,0.6507968902587891,0.6507968902587891,-0.017581939697265625,0.998401550108975,0.1775579206488942,5.4092097580989495,15.0,1.0
4.483,0.6507968902587891,0.6507968902587891,0.0,0.9985741811195097,0.16770324852132035,5.384362611432129,15.0,1.0
4.484,0.6507968902587891,0.6507968902587891,-0.008790969848632812,0.9987369566060175,0.1578469212300888,5.385738886287148,15.0,1.0
4.485,0.6507968902587891,0.6507968902587891,-0.017581939697265625,0.99888987496197,0.14798903605355918,5.386965746298539,15.0,1.0
4.486,0.6507968902587891,0.6507968902587891,-0.008790969848632812,0.9990329346781247,0.13812969028515454,5.370461326423822,15.0,1.0
4.487,0.6507968902587891,0.6507968902587891,-0.008790969848632812,0.9991661343425401,0.12826898123222463,5.3625986123371225,15.0,1.0
4.488,0.6507968902587891,0.6507968902587891,-0.017581939697265625,0.9992894726405892,0.11840700621633005,5.363377681640598,15.0,1.0
4.489,0.6507968902587891,0.6507968902587891,0.0,0.9994029483549729,0.1085438625712527,5.33763473401401,15.0,1.0
4.49,0.6507968902587891,0.6507968902587891,0.008790969848632812,0.9995065603657316,0.0986796476417453,5.32053372939725,15.0,1.0
4.491,0.6507968902587891,0.6507968902587891,-0.03516578674316406,0.9996003076502564,0.08881445878421346,5.356031506399388,15.0,1.0
4.492,0.6507968902587891,0.6507968902587891,-0.008790969848632812,0.9996841892832999,0.0789483933637598,5.321048848580055,15.0,1.0
4.493,0.6507968902587891,0.6507968902587891,-0.008790969848632812,0.999758204436984,0.06908154875446826,5.312292231276026,15.0,1.0
4.494,0.6507968902587891,0.6507968902587891,-0.026372909545898438,0.999822352380809,0.05921402233832396,5.320968863714521,15.0,1.0
4.495,0.6507968902587891,0.6507968902587891,0.008790969848632812,0.9998766324816606,0.04934591150356482,5.276751074998005,15.0,1.0
4.496,0.6507968902587891,0.6507968902587891,-0.017581939697265625,0.9999210442038161,0.03947731364456786,5.293921562517239,15.0,1.0
4.497,0.6507968902587891,0.6507968902587891,-0.026372909545898438,0.9999555871089498,0.029608326160541765,5.293361688458852,15.0,1.0
4.498,0.6507968902587891,0.6507968902587891,-0.008790969848632812,0.9999802608561371,0.019739046454105846,5.266280575262959,15.0,1.0
4.499,0.6507968902587891,0.6507968902587891,-0.008790969848632812,0.9999950652018582,0.009869571931517385,5.256633165926187,15.0,1.0
4.5,0.6507968902587891,0.6507968902587891,-0.017581939697265625,1.0,0.0,5.25562858581543,15.0,1.0
4.501,0.6507968902587891,0.6507968902587891,-0.008790969848632812,0.9999950652018582,-0.009869571931517385,5.236894022063153,15.0,1.0
4.502,0.6507968902587891,0.6507968902587891,-0.017581939697265625,0.9999802608561371,-0.019739046454105846,5.23559345220338,15.0,1.0
4.503,0.6507968902587891,0.6507968902587891,-0.026372909545898438,0.9999555871089498,-0.02960832616048492,5.234145036137825,15.0,1.0
4.5040000000000004,0.6504154205322266,0.6504154205322266,-0.017581939697265625,0.9999210442038161,-0.03947731364473839,5.22068898112637,15.0,1.0
4.505,0.6504154205322266,0.6504154205322266,-0.03516578674316406,0.9998766324816606,-0.04934591150350798,5.227738054481167,15.0,1.0
4.506,0.6504154205322266,0.6504154205322266,-0.03516578674316406,0.999822352380809,-0.05921402233832396,5.217055742133576,15.0,1.0
4.507,0.6504154205322266,0.6504154205322266,-0.05274772644042969,0.999758204436984,-0.06908154875446826,5.223807936257324,15.0,1.0
4.508,0.6504154205322266,0.6504154205322266,-0.05274772644042969,0.9996841892832999,-0.07894839336370296,5.212830864342827,15.0,1.0
4.509,0.6504154205322266,0.6504154205322266,-0.05274772644042969,0.9996003076502565,-0.08881445878421346,5.201706574426666,15.0,1.0
4.51,0.6504154205322266,0.6504154205322266,-0.0615386962890625,0.9995065603657316,-0.09867964764180215,5.199226146149836,15.0,1.0
4.511,0.6500339508056641,0.6500339508056641,-0.10549545288085938,0.9994029483549729,-0.10854386257113902,5.237486553549353,15.0,1.0
4.5120000000000005,0.6500339508056641,0.6500339508056641,-0.10549545288085938,0.9992894726405892,-0.11840700621638689,5.22592127418835,15.0,1.0
4.513,0.6500339508056641,0.6500339508056641,-0.123077392578125,0.9991661343425402,-0.12826898123222463,5.231791164399042,15.0,1.0
4.514,0.6496524810791016,0.6496524810791016,-0.1318683624267578,0.9990329346781247,-0.13812969028521138,5.2344454761268935,15.0,1.0
4.515,0.6496524810791016,0.6496524810791016,-0.15824127197265625,0.99888987496197,-0.14798903605355918,5.248813144162124,15.0,1.0
4.516,0.6496524810791016,0.6496524810791016,-0.1846160888671875,0.9987369566060175,-0.15784692123003197,5.263036300540894,15.0,1.0
4.517,0.6492710113525391,0.6492710113525391,-0.15824127197265625,0.9985741811195098,-0.16770324852132035,5.230085569955897,15.0,1.0
4.518,0.6492710113525391,0.6492710113525391,-0.14065933227539062,0.998401550108975,-0.17755792064895104,5.200059492972979,15.0,1.0
4.519,0.6488895416259766,0.6488895416259766,-0.1318683624267578,0.9982190652782118,-0.18741084035167432,5.184400376858612,15.0,1.0
4.5200000000000005,0.6488895416259766,0.6488895416259766,-0.15824127197265625,0.9980267284282716,-0.19726191038523666,5.198037163621844,15.0,1.0
4.521,0.6488895416259766,0.6488895416259766,-0.1318683624267578,0.9978245414574415,-0.20711103352311966,5.158782326375612,15.0,1.0
4.522,0.6485080718994141,0.6485080718994141,-0.14065933227539062,0.9976125063612252,-0.2169581125589275,5.160267736643631,15.0,1.0
4.523,0.6485080718994141,0.6485080718994141,-0.15824127197265625,0.9973906252323238,-0.22680305030559111,5.164676521660711,15.0,1.0
4.524,0.6485080718994141,0.6485080718994141,-0.14945030212402344,0.9971589002606139,-0.23664574959781248,5.142566977944209,15.0,1.0
4.525,0.6481266021728516,0.6481266021728516,-0.15824127197265625,0.996917333733128,-0.24648611329212144,5.143616132084681,15.0,1.0
4.526,0.6481266021728516,0.6481266021728516,-0.14945030212402344,0.9966659280340299,-0.25632404426772837,5.121216145773969,15.0,1.0
4.527,0.6477451324462891,0.6477451324462891,-0.14065933227539062,0.9964046856445925,-0.2661594454286842,5.104393184821258,15.0,1.0
4.5280000000000005,0.6477451324462891,0.6477451324462891,-0.14065933227539062,0.9961336091431724,-0.27599221970348253,5.090494263025158,15.0,1.0
4.529,0.6477451324462891,0.6477451324462891,-0.1318683624267578,0.9958527012051858,-0.28582227004619654,5.067659623764012,15.0,1.0
4.53,0.6473636627197266,0.6473636627197266,-0.123077392578125,0.99556196460308,-0.2956494994387526,5.050402421389673,15.0,1.0
4.531,0.6473636627197266,0.6473636627197266,-0.1318683624267578,0.9952614022063084,-0.3054738108899073,5.0448606438355785,15.0,1.0
4.532,0.6473636627197266,0.6473636627197266,-0.1318683624267578,0.9949510169813002,-0.3152951074379189,5.030383568912443,15.0,1.0
4.533,0.6469821929931641,0.6469821929931641,-0.15824127197265625,0.9946308119914323,-0.32511329215060414,5.047857264796076,15.0,1.0
4.534,0.6469821929931641,0.6469821929931641,-0.1758251190185547,0.9943007903969991,-0.33492826812630483,5.050675811949776,15.0,1.0
4.535,0.6466007232666016,0.6466007232666016,-0.1846160888671875,0.9939609554551797,-0.3447399384953087,5.050279633200551,15.0,1.0
4.5360000000000005,0.6466007232666016,0.6466007232666016,-0.1846160888671875,0.9936113105200083,-0.3545482064201906,5.035226691248098,15.0,1.0
4.537,0.6462192535400391,0.6462192535400391,-0.16703224182128906,0.9932518590423395,-0.36435297509729025,5.008168349258505,15.0,1.0
4.538,0.6462192535400391,0.6462192535400391,-0.1934070587158203,0.9928826045698136,-0.37415414775790623,5.019203176404532,15.0,1.0
4.539,0.6458377838134766,0.6458377838134766,-0.16703224182128906,0.9925035507468238,-0.3839516276677841,4.9830671181537145,15.0,1.0
4.54,0.6458377838134766,0.6458377838134766,-0.16703224182128906,0.992114701314478,-0.3937453181304136,4.967440686205897,15.0,1.0
4.541,0.6458377838134766,0.6458377838134766,-0.1846160888671875,0.9917160601105628,-0.4035351224857209,4.96925511083776,15.0,1.0
4.542,0.6454563140869141,0.6454563140869141,-0.1846160888671875,0.9913076310695068,-0.41332094411205844,4.95906489949402,15.0,1.0
4.543,0.6454563140869141,0.6454563140869141,-0.1758251190185547,0.9908894182223387,-0.42310268642779647,4.934218994622127,15.0,1.0
4.5440000000000005,0.6450748443603516,0.6450748443603516,-0.16703224182128906,0.990461425696651,-0.4328802528906408,4.914950708975139,15.0,1.0
4.545,0.6450748443603516,0.6450748443603516,-0.1758251190185547,0.9900236577165576,-0.4426535470000772,4.907403772361569,15.0,1.0
4.546,0.6446933746337891,0.6446933746337891,-0.15824127197265625,0.9895761186026508,-0.45242247229793975,4.879059959207643,15.0,1.0
4.547,0.6446933746337891,0.6446933746337891,-0.21098899841308594,0.9891188127719619,-0.46218693236835406,4.915183638117324,15.0,1.0
4.548,0.6443119049072266,0.6443119049072266,-0.20219802856445312,0.9886517447379142,-0.4719468308405794,4.895348795184188,15.0,1.0
4.549,0.6443119049072266,0.6443119049072266,-0.22857093811035156,0.9881749191102804,-0.48170207138815613,4.904814079768004,15.0,1.0
4.55,0.6439304351806641,0.6439304351806641,-0.22857093811035156,0.987688340595138,-0.4914525577306108,4.8934869615968495,15.0,1.0
4.551,0.6435489654541016,0.6435489654541016,-0.21098899841308594,0.9871920139948192,-0.5011981936349343,4.864436532888916,15.0,1.0
4.5520000000000005,0.6435489654541016,0.6435489654541016,-0.1758251190185547,0.9866859442078678,-0.5109388829152977,4.811940917409751,15.0,1.0
4.553,0.6435489654541016,0.6435489654541016,-0.16703224182128906,0.9861701362289889,-0.5206745294348138,4.785675274009785,15.0,1.0
4.554,0.6431674957275391,0.6431674957275391,-0.16703224182128906,0.9856445951489982,-0.5304050371075846,4.773783696035591,15.0,1.0
4.555,0.6431674957275391,0.6431674957275391,-0.1758251190185547,0.985109326154774,-0.5401303098963126,4.764822265530766,15.0,1.0
4.556,0.6427860260009766,0.6427860260009766,-0.16703224182128906,0.9845643345292056,-0.5498502518170199,4.743856617927704,15.0,1.0
4.557,0.6427860260009766,0.6427860260009766,-0.1846160888671875,0.9840096256511396,-0.5595647669379105,4.743405316681723,15.0,1.0
4.558,0.6424045562744141,0.6424045562744141,-0.1846160888671875,0.98344520499533,-0.5692737593802235,4.7309520603007025,15.0,1.0
4.559,0.6424045562744141,0.6424045562744141,-0.1758251190185547,0.9828710781323792,-0.5789771333205067,4.703845813567525,15.0,1.0
4.5600000000000005,0.6420230865478516,0.6420230865478516,-0.14945030212402344,0.9822872507286886,-0.5886747929902754,4.664737971846304,15.0,1.0
4.561,0.6420230865478516,0.6420230865478516,-0.1758251190185547,0.9816937285463989,-0.5983666426773198,4.672518106319445,15.0,1.0
4.562,0.6416416168212891,0.6416416168212891,-0.1934070587158203,0.9810905174433341,-0.6080525867271831,4.677087981319312,15.0,1.0
4.563,0.6416416168212891,0.6416416168212891,-0.21098899841308594,0.9804776233729449,-0.6177325295435594,4.6757965671443635,15.0,1.0
4.564,0.6412601470947266,0.6412601470947266,-0.22857093811035156,0.979855052384247,-0.6274063755893735,4.680088141863784,15.0,1.0
4.565,0.6412601470947266,0.6412601470947266,-0.2637367248535156,0.9792228106217656,-0.6370740293874633,4.696102648371639,15.0,1.0
4.566,0.6408786773681641,0.6408786773681641,-0.21977996826171875,0.9785809043254723,-0.6467353955220005,4.638577977099342,15.0,1.0
4.567,0.6404972076416016,0.6404972076416016,-0.24615478515625,0.9779293398307217,-0.6563903786392302,4.6512463893538225,15.0,1.0
4.5680000000000005,0.6404972076416016,0.6404972076416016,-0.23736190795898438,0.9772681235681934,-0.6660388834487208,4.622886763409141,15.0,1.0
4.569,0.6401157379150391,0.6401157379150391,-0.2549457550048828,0.9765972620638246,-0.6756808147230231,4.626487802513642,15.0,1.0
4.57,0.6397342681884766,0.6397342681884766,-0.2549457550048828,0.9759167619387474,-0.6853160773005129,4.612367083958433,15.0,1.0
4.571,0.6397342681884766,0.6397342681884766,-0.23736190795898438,0.9752266299092238,-0.6949445760851063,4.574802757685087,15.0,1.0
4.572,0.6393527984619141,0.6393527984619141,-0.21977996826171875,0.9745268727865772,-0.7045662160473398,4.5428248670843265,15.0,1.0
4.573,0.6393527984619141,0.6393527984619141,-0.20219802856445312,0.9738174974771286,-0.7141809022253938,4.5049876115672784,15.0,1.0
4.574,0.6389713287353516,0.6389713287353516,-0.21098899841308594,0.9730985109821267,-0.7237885397261152,4.499108192388598,15.0,1.0
4.575,0.6389713287353516,0.6389713287353516,-0.20219802856445312,0.9723699203976764,-0.7333890337262687,4.469787869773057,15.0,1.0
4.5760000000000005,0.6385898590087891,0.6385898590087891,-0.22857093811035156,0.9716317329146738,-0.7429822894727067,4.481216757225916,15.0,1.0
4.577,0.6382083892822266,0.6382083892822266,-0.24615478515625,0.9708839558187313,-0.752568212284018,4.483720070919803,15.0,1.0
4.578,0.6382083892822266,0.6382083892822266,-0.23736190795898438,0.9701265964901058,-0.7621467075509258,4.453988308526247,15.0,1.0
4.579,0.6378269195556641,0.6378269195556641,-0.24615478515625,0.9693596624036297,-0.7717176807373107,4.447428247138424,15.0,1.0
4.58,0.6374454498291016,0.6374454498291016,-0.24615478515625,0.9685831611286312,-0.7812810373820298,4.431939417267165,15.0,1.0
4.581,0.6374454498291016,0.6374454498291016,-0.2637367248535156,0.9677971003288651,-0.7908366830981777,4.428174799251791,15.0,1.0
4.582,0.6370639801025391,0.6370639801025391,-0.22857093811035156,0.9670014877624352,-0.8003845235751328,4.377249029433661,15.0,1.0
4.583,0.6370639801025391,0.6370639801025391,-0.23736190795898438,0.9661963312817149,-0.8099244645804902,4.3644227110661316,15.0,1.0
4.5840000000000005,0.6366825103759766,0.6366825103759766,-0.21977996826171875,0.9653816388332737,-0.8194564119584129,4.330810483162763,15.0,1.0
4.585,0.6363010406494141,0.6363010406494141,-0.2549457550048828,0.9645574184577984,-0.8289802716320764,4.349811150498572,15.0,1.0
4.586,0.6363010406494141,0.6363010406494141,-0.29010963439941406,0.9637236782900096,-0.8384959496053739,4.362953249402973,15.0,1.0
4.587,0.6359195709228516,0.6359195709228516,-0.3164844512939453,0.962880426558588,-0.848003351961836,4.372893933868156,15.0,1.0
4.588,0.6355381011962891,0.6355381011962891,-0.3252754211425781,0.9620276715860859,-0.8575023848679848,4.365116592121546,15.0,1.0
4.589,0.6351566314697266,0.6351566314697266,-0.3076915740966797,0.9611654217888514,-0.8669929545715149,4.330830474312038,15.0,1.0
4.59,0.6347751617431641,0.6347751617431641,-0.34285736083984375,0.9602936856769432,-0.8764749674042491,4.349160252442282,15.0,1.0
4.591,0.6343936920166016,0.6343936920166016,-0.33406639099121094,0.959412471854043,-0.8859483297835027,4.323399758769329,15.0,1.0
4.5920000000000005,0.6340122222900391,0.6340122222900391,-0.33406639099121094,0.9585217890173756,-0.8954129482103781,4.306296943690882,15.0,1.0
4.593,0.6336307525634766,0.6336307525634766,-0.34285736083984375,0.9576216459576226,-0.904868729272664,4.297852032479369,15.0,1.0
4.594,0.6332492828369141,0.6332492828369141,-0.3692302703857422,0.9567120515588303,-0.9143155796461997,4.306856221568286,15.0,1.0
4.595,0.6328678131103516,0.6328678131103516,-0.39560508728027344,0.9557930147983306,-0.9237534060937946,4.315729706506164,15.0,1.0
4.596,0.6324863433837891,0.6324863433837891,-0.3604393005371094,0.9548645447466428,-0.9331821154681847,4.262930205511731,15.0,1.0
4.597,0.6321048736572266,0.6321048736572266,-0.3868141174316406,0.9539266505673936,-0.9426016147121459,4.2715391563719995,15.0,1.0
4.598,0.6317234039306641,0.6317234039306641,-0.3868141174316406,0.9529793415172189,-0.9520118108584938,4.253641370371469,15.0,1.0
4.599,0.6313419342041016,0.6313419342041016,-0.378021240234375,0.9520226269456767,-0.9614126110324719,4.2268190203255305,15.0,1.0
4.6000000000000005,0.6313419342041016,0.6313419342041016,-0.33406639099121094,0.9510565162951532,-0.9708039224525464,4.158981199904439,15.0,1.0
4.601,0.6309604644775391,0.6309604644775391,-0.2989006042480469,0.9500810191007719,-0.9801856524294408,4.105523271167099,15.0,1.0
4.602,0.6305789947509766,0.6305789947509766,-0.29010963439941406,0.9490961449902944,-0.9895577083699436,4.078309179619238,15.0,1.0
4.603,0.6301975250244141,0.6301975250244141,-0.3076915740966797,0.9481019036840324,-0.9989199977752037,4.077337256215751,15.0,1.0
4.604,0.6298160552978516,0.6298160552978516,-0.3076915740966797,0.9470983049947441,-1.008272428243231,4.058652891306837,15.0,1.0
4.605,0.6298160552978516,0.6298160552978516,-0.3164844512939453,0.9460853588275453,-1.0176149074695786,4.0429090967697725,15.0,1.0
4.606,0.6294345855712891,0.6294345855712891,-0.33406639099121094,0.9450630751798054,-1.026947343247798,4.041546391871157,15.0,1.0
4.607,0.6290531158447266,0.6290531158447266,-0.3076915740966797,0.9440314641410498,-1.036269643470348,3.9960971550711797,15.0,1.0
4.6080000000000005,0.6286716461181641,0.6286716461181641,-0.33406639099121094,0.942990535892864,-1.045581716129675,4.003268021482034,15.0,1.0
4.609,0.6282901763916016,0.6282901763916016,-0.28131866455078125,0.9419403007087908,-1.0548834693194635,3.9311870599891554,15.0,1.0
4.61,0.6282901763916016,0.6282901763916016,-0.3076915740966797,0.9408807689542251,-1.0641748112355458,3.9323756513004877,15.0,1.0
4.611,0.6279087066650391,0.6279087066650391,-0.33406639099121094,0.93981195108632,-1.0734556501753332,3.939159407135092,15.0,1.0
4.612,0.6275272369384766,0.6275272369384766,-0.3604393005371094,0.9387338576538745,-1.082725894541852,3.945812716726227,15.0,1.0
4.613,0.6271457672119141,0.6271457672119141,-0.35164833068847656,0.9376464992972355,-1.0919854528410156,3.917173859127283,15.0,1.0
4.614,0.6267642974853516,0.6267642974853516,-0.3252754211425781,0.9365498867481928,-1.1012342336841812,3.8708250264010164,15.0,1.0
4.615,0.6263828277587891,0.6263828277587891,-0.3604393005371094,0.9354440308298673,-1.1104721457902542,3.8858852008130285,15.0,1.0
4.616,0.6260013580322266,0.6260013580322266,-0.378021240234375,0.9343289424566127,-1.1196990979843235,3.883235908615843,15.0,1.0
4.617,0.6256198883056641,0.6256198883056641,-0.3604393005371094,0.9332046326338987,-1.128914999200731,3.8452954662598984,15.0,1.0
4.618,0.6252384185791016,0.6252384185791016,-0.39560508728027344,0.9320711124582105,-1.1381197584815936,3.859975736985314,15.0,1.0
4.619,0.6248569488525391,0.6248569488525391,-0.4307689666748047,0.930928393116936,-1.1473132849794183,3.87452734566134,15.0,1.0
4.62,0.6244754791259766,0.6244754791259766,-0.41318702697753906,0.9297764858882518,-1.1564954879590346,3.836206640452633,15.0,1.0
4.621,0.6240940093994141,0.6240940093994141,-0.40439605712890625,0.9286154021410171,-1.165666276795207,3.806550671457745,15.0,1.0
4.622,0.6237125396728516,0.6237125396728516,-0.4483509063720703,0.9274451533346618,-1.1748255609753642,3.82951455032386,15.0,1.0
4.623,0.6233310699462891,0.6233310699462891,-0.41318702697753906,0.9262657510190666,-1.183973250101758,3.7732339929674446,15.0,1.0
4.624,0.6229496002197266,0.6229496002197266,-0.3868141174316406,0.9250772068344587,-1.1931092538899861,3.7256189627626366,15.0,1.0
4.625,0.6225681304931641,0.6225681304931641,-0.3604393005371094,0.9238795325112868,-1.2022334821714367,3.6778768486375144,15.0,1.0
4.626,0.6221866607666016,0.6221866607666016,-0.3604393005371094,0.922672739870115,-1.2113458448942538,3.6563846421955573,15.0,1.0
4.627,0.6218051910400391,0.6218051910400391,-0.40439605712890625,0.9214568408214987,-1.220446252122258,3.6787245517285427,15.0,1.0
4.628,0.6214237213134766,0.6214237213134766,-0.40439605712890625,0.9202318473658706,-1.229534614038414,3.6569833338764024,15.0,1.0
4.6290000000000004,0.6206607818603516,0.6206607818603516,-0.4395599365234375,0.918997771593421,-1.238610840944716,3.6760039415747627,15.0,1.0
4.63,0.6202793121337891,0.6202793121337891,-0.4219779968261719,0.9177546256839816,-1.2476748432617342,3.6364328568173256,15.0,1.0
4.631,0.6198978424072266,0.6198978424072266,-0.3692302703857422,0.9165024219068978,-1.2567265315318537,3.5615724313489565,15.0,1.0
4.632,0.6195163726806641,0.6195163726806641,-0.4395599365234375,0.9152411726209182,-1.2657658164183658,3.6096661192088835,15.0,1.0
4.633,0.6191349029541016,0.6191349029541016,-0.4835166931152344,0.9139708902740612,-1.27479260870723,3.6312638942073985,15.0,1.0
4.634,0.6187534332275391,0.6187534332275391,-0.5186805725097656,0.9126915874035029,-1.283806819307756,3.643946065841467,15.0,1.0
4.635,0.6179904937744141,0.6179904937744141,-0.4923076629638672,0.9114032766354461,-1.29280835925357,3.6006910466257773,15.0,1.0
4.636,0.6176090240478516,0.6176090240478516,-0.5274734497070312,0.9101059706849959,-1.301797139702785,3.613130509561411,15.0,1.0
4.6370000000000005,0.6168460845947266,0.6168460845947266,-0.5714282989501953,0.9087996823560397,-1.3107730719394795,3.639959193430413,15.0,1.0
4.638,0.6164646148681641,0.6164646148681641,-0.6329669952392578,0.9074844245411173,-1.3197360673751746,3.6785280729583825,15.0,1.0
4.639,0.6157016754150391,0.6157016754150391,-0.5450553894042969,0.9061602102212896,-1.3286860375488914,3.5732473739491635,15.0,1.0
4.64,0.6153202056884766,0.6153202056884766,-0.624176025390625,0.90482705246602,-1.3376228941275485,3.6291558329262283,15.0,1.0
4.641,0.6145572662353516,0.6145572662353516,-0.5890102386474609,0.9034849644330347,-1.3465465489081794,3.576379162704529,15.0,1.0
4.642,0.6141757965087891,0.6141757965087891,-0.5010986328125,0.9021339593682027,-1.3554569138181591,3.465014161885546,15.0,1.0
4.643,0.6137943267822266,0.6137943267822266,-0.4835166931152344,0.9007740506053988,-1.3643539009158303,3.423858649546988,15.0,1.0
4.644,0.6130313873291016,0.6130313873291016,-0.5098896026611328,0.8994052515663712,-1.373237422391412,3.432260143828765,15.0,1.0
4.6450000000000005,0.6126499176025391,0.6126499176025391,-0.5098896026611328,0.8980275757606151,-1.3821073905677395,3.408447084464534,15.0,1.0
4.646,0.6118869781494141,0.6118869781494141,-0.5186805725097656,0.8966410367852362,-1.390963717902025,3.399027734145073,15.0,1.0
4.647,0.6115055084228516,0.6115055084228516,-0.45714378356933594,0.8952456483248112,-1.3998063169862007,3.31343956511253,15.0,1.0
4.648,0.6111240386962891,0.6111240386962891,-0.5186805725097656,0.8938414241512642,-1.408635100546519,3.350806253787874,15.0,1.0
4.649,0.6107425689697266,0.6107425689697266,-0.5274734497070312,0.8924283781237184,-1.41744998144776,3.3353106055691493,15.0,1.0
4.65,0.6099796295166016,0.6099796295166016,-0.5098896026611328,0.8910065241883677,-1.4262508726900478,3.299042150047577,15.0,1.0
4.651,0.6095981597900391,0.6095981597900391,-0.5098896026611328,0.8895758763783387,-1.4350376874115796,3.2745176640740477,15.0,1.0
4.652,0.6092166900634766,0.6092166900634766,-0.4923076629638672,0.8881364488135446,-1.4438103388910122,3.232293705323875,15.0,1.0
4.6530000000000005,0.6084537506103516,0.6084537506103516,-0.5362644195556641,0.8866882557005558,-1.452568740544848,3.2572132553638795,15.0,1.0
4.654,0.6080722808837891,0.6080722808837891,-0.5274734497070312,0.8852313113324555,-1.4613128059311293,3.2235461005058976,15.0,1.0
4.655,0.6073093414306641,0.6073093414306641,-0.5010986328125,0.8837656300886937,-1.470042448751144,3.1779005139318004,15.0,1.0
4.656,0.6069278717041016,0.6069278717041016,-0.5274734497070312,0.8822912264349537,-1.4787575828448212,3.1791661878249924,15.0,1.0
4.657,0.6065464019775391,0.6065464019775391,-0.5010986328125,0.8808081149230041,-1.4874581221984045,3.1275662047960715,15.0,1.0
4.658,0.6061649322509766,0.6061649322509766,-0.4835166931152344,0.879316310190556,-1.496143980941099,3.084643381267827,15.0,1.0
4.659,0.6054019927978516,0.6054019927978516,-0.4483509063720703,0.8778158269611224,-1.5048150733463785,3.0297433454747535,15.0,1.0
4.66,0.6050205230712891,0.6050205230712891,-0.4835166931152344,0.8763066800438635,-1.5134713138347138,3.0393377338691367,15.0,1.0
4.6610000000000005,0.6046390533447266,0.6046390533447266,-0.5186805725097656,0.8747888843334519,-1.5221126169718104,3.048815420368836,15.0,1.0
4.662,0.6038761138916016,0.6038761138916016,-0.5538463592529297,0.8732624548099203,-1.5307388974715082,3.0639025755562024,15.0,1.0
4.663,0.6034946441650391,0.6034946441650391,-0.5010986328125,0.8717274065385091,-1.5393500701973721,2.9852399982171782,15.0,1.0
4.664,0.6027317047119141,0.6027317047119141,-0.5802192687988281,0.870183754669526,-1.5479460501588278,3.04405396800418,15.0,1.0
4.665,0.6023502349853516,0.6023502349853516,-0.6505489349365234,0.8686315144381916,-1.556526752517641,3.0882413742114836,15.0,1.0
4.666,0.6015872955322266,0.6015872955322266,-0.6505489349365234,0.8670707011644897,-1.5650920925862692,3.0677079268342013,15.0,1.0
4.667,0.6008243560791016,0.6008243560791016,-0.6857147216796875,0.8655013302530196,-1.5736419858274644,3.082227348460993,15.0,1.0
4.668,0.6000614166259766,0.6000614166259766,-0.7560443878173828,0.8639234171928352,-1.5821763478572848,3.131798048462977,15.0,1.0
4.6690000000000005,0.5992984771728516,0.5992984771728516,-0.74725341796875,0.8623369775573039,-1.5906950944459481,3.1021358292895864,15.0,1.0
4.67,0.5985355377197266,0.5985355377197266,-0.7736263275146484,0.8607420270039436,-1.5991981415157852,3.1075255252621194,15.0,1.0
4.671,0.5977725982666016,0.5977725982666016,-0.74725341796875,0.8591385812742726,-1.6076854051453893,3.060057757938426,15.0,1.0
4.672,0.5973911285400391,0.5973911285400391,-0.6945056915283203,0.8575266561936534,-1.6161568015697867,2.9803818047627493,15.0,1.0
4.673,0.5966281890869141,0.5966281890869141,-0.6769237518310547,0.8559062676711333,-1.6246122471788453,2.941482683415498,15.0,1.0
4.674,0.5958652496337891,0.5958652496337891,-0.7384624481201172,0.8542774316992947,-1.6330516585205146,2.9815935205821873,15.0,1.0
4.675,0.5951023101806641,0.5951023101806641,-0.6857147216796875,0.8526401643540927,-1.641474952301735,2.9073075819793828,15.0,1.0
4.676,0.5943393707275391,0.5943393707275391,-0.7648353576660156,0.8509944817946915,-1.649882045387642,2.9647799782856605,15.0,1.0
4.6770000000000005,0.5935754776000977,0.5935754776000977,-0.7736263275146484,0.8493404002633164,-1.6582728548038972,2.9518273126590318,15.0,1.0
4.678,0.5928125381469727,0.5928125381469727,-0.7560443878173828,0.8476779360850841,-1.6666472977371996,2.9123780591518553,15.0,1.0
4.679,0.5920495986938477,0.5920495986938477,-0.8175830841064453,0.8460071056678422,-1.6750052915342053,2.9519403971821583,15.0,1.0
4.68,0.5912866592407227,0.5912866592407227,-0.7824172973632812,0.8443279255020162,-1.6833467537049955,2.8946895375776887,15.0,1.0
4.681,0.5905237197875977,0.5905237197875977,-0.7736263275146484,0.8426404121604325,-1.6916716019233036,2.863705111183868,15.0,1.0
4.682,0.5897607803344727,0.5897607803344727,-0.7296695709228516,0.8409445822981685,-1.6999797540254349,2.7974468463528543,15.0,1.0
4.683,0.5889978408813477,0.5889978408813477,-0.6593399047851562,0.8392404526523821,-1.7082711280137346,2.7047079533369387,15.0,1.0
4.684,0.5882349014282227,0.5882349014282227,-0.6505489349365234,0.8375280400421413,-1.7165456420555074,2.673400372089796,15.0,1.0
4.6850000000000005,0.5878534317016602,0.5878534317016602,-0.6945056915283203,0.8358073613682699,-1.7248032144848935,2.6890114220425736,15.0,1.0
4.686,0.5870904922485352,0.5870904922485352,-0.6681327819824219,0.8340784336131719,-1.7330437638034937,2.6399081386484795,15.0,1.0
4.687,0.5863275527954102,0.5863275527954102,-0.6857147216796875,0.8323412738406634,-1.7412672086793464,2.634653328679139,15.0,1.0
4.688,0.5855646133422852,0.5855646133422852,-0.74725341796875,0.8305958991958137,-1.7494734679508497,2.673249237820828,15.0,1.0
4.689,0.5848016738891602,0.5848016738891602,-0.7296695709228516,0.828842326904762,-1.7576624606257383,2.6326169055311412,15.0,1.0
4.69,0.5840387344360352,0.5840387344360352,-0.7824172973632812,0.827080574274561,-1.765834105881254,2.662210789059916,15.0,1.0
4.691,0.5832757949829102,0.5832757949829102,-0.8087921142578125,0.8253106586929999,-1.7739883230667601,2.665326746842399,15.0,1.0
4.692,0.5825128555297852,0.5825128555297852,-0.7736263275146484,0.8235325976284279,-1.7821250317044814,2.6067974272898082,15.0,1.0
4.6930000000000005,0.5817499160766602,0.5817499160766602,-0.8439559936523438,0.8217464086295898,-1.7902441514876841,2.6536592304586044,15.0,1.0
4.694,0.5809869766235352,0.5809869766235352,-0.7824172973632812,0.819952109325453,-1.7983456022834616,2.568548685608588,15.0,1.0
4.695,0.5802240371704102,0.5802240371704102,-0.7648353576660156,0.8181497174250232,-1.806429304134383,2.5272912573508277,15.0,1.0
4.696,0.5794610977172852,0.5794610977172852,-0.8087921142578125,0.8163392507171848,-1.814495177257072,2.5474692319992354,15.0,1.0
4.697,0.5783166885375977,0.5783166885375977,-0.8087921142578125,0.8145207270705094,-1.8225431420447649,2.5293095502067233,15.0,1.0
4.698,0.5775537490844727,0.5775537490844727,-0.8879127502441406,0.8126941644330941,-1.8305731190681058,2.5844458614053556,15.0,1.0
4.699,0.5767908096313477,0.5767908096313477,-0.8439559936523438,0.8108595808323736,-1.838585029073272,2.5164025325944617,15.0,1.0
4.7,0.5760278701782227,0.5760278701782227,-0.8263740539550781,0.8090169943749478,-1.8465787929864064,2.4746321239195486,15.0,1.0
4.7010000000000005,0.5748834609985352,0.5748834609985352,-0.9054946899414062,0.8071664232463996,-1.8545543319128797,2.535184791746494,15.0,1.0
4.702,0.5741205215454102,0.5741205215454102,-0.8087921142578125,0.8053078857111226,-1.8625115671363233,2.414091009607175,15.0,1.0
4.703,0.5733575820922852,0.5733575820922852,-0.8703289031982422,0.8034414001121273,-1.870450420122836,2.451135753373038,15.0,1.0
4.704,0.5725946426391602,0.5725946426391602,-0.7824172973632812,0.8015669848708774,-1.8783708125186536,2.3386316183203864,15.0,1.0
4.705,0.5718317031860352,0.5718317031860352,-0.7648353576660156,0.7996846584870904,-1.8862726661525926,2.296357021029251,15.0,1.0
4.706,0.5710687637329102,0.5710687637329102,-0.8175830841064453,0.797794439538571,-1.8941559030375288,2.324312318153829,15.0,1.0
4.707,0.5703058242797852,0.5703058242797852,-0.7912082672119141,0.7958963466810159,-1.9020204453678389,2.273045657862537,15.0,1.0
4.708,0.5691614151000977,0.5691614151000977,-0.8615379333496094,0.7939903986478356,-1.9098662155241755,2.324106471041503,15.0,1.0
4.7090000000000005,0.5683984756469727,0.5683984756469727,-0.8263740539550781,0.7920766142499663,-1.9176931360726144,2.263852996927369,15.0,1.0
4.71,0.5676355361938477,0.5676355361938477,-0.8879127502441406,0.7901550123756909,-1.9255011297635747,2.3002037632082137,15.0,1.0
4.711,0.5664911270141602,0.5664911270141602,-0.9318675994873047,0.7882256119904395,-1.9332901195359113,2.3245947545955836,15.0,1.0
4.712,0.5657281875610352,0.5657281875610352,-0.8791217803955078,0.7862884321366196,-1.9410600285150394,2.2464654205142347,15.0,1.0
4.713,0.5649652481079102,0.5649652481079102,-0.9670333862304688,0.7843434919334098,-1.948810780015151,2.3088962635978123,15.0,1.0
4.714,0.5638208389282227,0.5638208389282227,-0.8879127502441406,0.782390810576588,-1.9565422975397269,2.209920027429894,15.0,1.0
4.715,0.5630578994750977,0.5630578994750977,-0.9582424163818359,0.7804304073383308,-1.9642545047823887,2.254575529547944,15.0,1.0
4.716,0.5619134902954102,0.5619134902954102,-0.9846153259277344,0.7784623015670236,-1.9719473256259334,2.260900169376002,15.0,1.0
4.7170000000000005,0.5607690811157227,0.5607690811157227,-1.0461540222167969,0.7764865126870777,-1.9796206841450044,2.302294811642118,15.0,1.0
4.718,0.5600061416625977,0.5600061416625977,-1.002197265625,0.7745030601987342,-1.9872745046071145,2.232376539059933,15.0,1.0
4.719,0.5588617324829102,0.5588617324829102,-0.9934062957763672,0.7725119636778638,-1.9949087114724193,2.2032510522282522,15.0,1.0
4.72,0.5580987930297852,0.5580987930297852,-1.002197265625,0.7705132427757898,-2.0025232293933755,2.185890782421694,15.0,1.0
4.721,0.5569543838500977,0.5569543838500977,-1.002197265625,0.7685069172190774,-2.010117983219459,2.165367282940237,15.0,1.0
4.722,0.5558099746704102,0.5558099746704102,-0.9670333862304688,0.7664930068093495,-2.0176928979926743,2.1095859703218847,15.0,1.0
4.723,0.5550470352172852,0.5550470352172852,-0.9318675994873047,0.7644715314230925,-2.0252478989510223,2.047987143623393,15.0,1.0
4.724,0.5539026260375977,0.5539026260375977,-1.037363052368164,0.7624425110114478,-2.0327829115307168,2.132678415445199,15.0,1.0
4.7250000000000005,0.5531396865844727,0.5531396865844727,-1.0197811126708984,0.7604059656000298,-2.040297861363115,2.088477436541141,15.0,1.0
4.726,0.5519952774047852,0.5519952774047852,-1.0637359619140625,0.7583619152887221,-2.047792674279549,2.111442855893568,15.0,1.0
4.727,0.5508508682250977,0.5508508682250977,-1.0461540222167969,0.7563103802514711,-2.0552672763091095,2.0727794263032893,15.0,1.0
4.728,0.5497064590454102,0.5497064590454102,-1.125274658203125,0.7542513807361043,-2.0627215936797256,2.1307268898838116,15.0,1.0
4.729,0.5485620498657227,0.5485620498657227,-1.0549449920654297,0.752184937064112,-2.070155552821859,2.039132747219411,15.0,1.0
4.73,0.5477991104125977,0.5477991104125977,-1.0725269317626953,0.7501110696304591,-2.077569080364526,2.0296372396660916,15.0,1.0
4.731,0.5466547012329102,0.5466547012329102,-1.0725269317626953,0.7480297989033834,-2.084962103138764,2.0081912936810298,15.0,1.0
4.732,0.5455102920532227,0.5455102920532227,-1.1340656280517578,0.745941145424182,-2.0923345481791102,2.0481938804370374,15.0,1.0
4.7330000000000005,0.5443658828735352,0.5443658828735352,-1.1780223846435547,0.7438451298070238,-2.099686342721668,2.070524745924216,15.0,1.0
4.734,0.5432214736938477,0.5432214736938477,-1.1428565979003906,0.7417417727387393,-2.107017414207121,2.0136436693666444,15.0,1.0
4.735,0.5420770645141602,0.5420770645141602,-1.1428565979003906,0.7396310949786099,-2.114327690282778,1.9918393645843588,15.0,1.0
4.736,0.5409326553344727,0.5409326553344727,-1.0813179016113281,0.7375131173581743,-2.1216170987969463,1.908407733169906,15.0,1.0
4.737,0.5397882461547852,0.5397882461547852,-1.0901107788085938,0.7353878607810164,-2.1288855678067193,1.8952194303953425,15.0,1.0
4.738,0.5386438369750977,0.5386438369750977,-0.9934062957763672,0.7332553462225594,-2.1361330255760436,1.7764459089122497,15.0,1.0
4.739,0.5378808975219727,0.5378808975219727,-1.0725269317626953,0.7311155947298649,-2.1433594005742975,1.827687989306781,15.0,1.0
4.74,0.5367364883422852,0.5367364883422852,-1.0725269317626953,0.7289686274214112,-2.1505646214807257,1.8054443964688605,15.0,1.0
4.741,0.5355920791625977,0.5355920791625977,-1.1428565979003906,0.7268144654869039,-2.1577486171825626,1.8534437755824213,15.0,1.0
4.742,0.5344476699829102,0.5344476699829102,-1.1428565979003906,0.7246531301870466,-2.1649113167762835,1.8310271841861536,15.0,1.0
4.743,0.5333032608032227,0.5333032608032227,-1.1956043243408203,0.7224846428533499,-2.172052649569366,1.861272405523363,15.0,1.0
4.744,0.5321588516235352,0.5321588516235352,-1.1692314147949219,0.7203090248879084,-2.1791725450805757,1.8123114686799444,15.0,1.0
4.745,0.5310134887695312,0.5310134887695312,-1.1428565979003906,0.7181262977631891,-2.1862709330382586,1.7632777997670006,15.0,1.0
4.746,0.5298690795898438,0.5298690795898438,-1.1516475677490234,0.7159364830218304,-2.1933477433838675,1.749310875844956,15.0,1.0
4.747,0.5283432006835938,0.5283432006835938,-1.1868133544921875,0.713739602276422,-2.200402906272984,1.7673564721116266,15.0,1.0
4.748,0.5271987915039062,0.5271987915039062,-1.2659339904785156,0.7115356772092849,-2.2074363520738984,1.8235509239852972,15.0,1.0
4.749,0.5260543823242188,0.5260543823242188,-1.2219772338867188,0.7093247295722748,-2.214448011368404,1.7565844312391552,15.0,1.0
4.75,0.5249099731445312,0.5249099731445312,-1.2659339904785156,0.7071067811865486,-2.221437814955948,1.7774482961528273,15.0,1.0
4.751,0.5237655639648438,0.5237655639648438,-1.213186264038086,0.7048818539423614,-2.228405693849311,1.701524919851539,15.0,1.0
4.752,0.5222396850585938,0.5222396850585938,-1.1516475677490234,0.7026499697988505,-2.2353515792776193,1.6224502595752557,15.0,1.0
4.753,0.5210952758789062,0.5210952758789062,-1.1868133544921875,0.7004111507838066,-2.2422754026886196,1.6342760753770724,15.0,1.0
4.7540000000000004,0.5199508666992188,0.5199508666992188,-1.2043952941894531,0.6981654189934717,-2.2491770957461767,1.628436482857071,15.0,1.0
4.755,0.5188064575195312,0.5188064575195312,-1.2835159301757812,0.6959127965923148,-2.2560565903339125,1.6840544259336214,15.0,1.0
4.756,0.5172805786132812,0.5172805786132812,-1.2835159301757812,0.6936533058128043,-2.2629138185540683,1.6661930196145582,15.0,1.0
4.757,0.5161361694335938,0.5161361694335938,-1.2835159301757812,0.6913869689552071,-2.269748712727676,1.642529210272306,15.0,1.0
4.758,0.5149917602539062,0.5149917602539062,-1.3450546264648438,0.6891138083873494,-2.276561205398764,1.6803241430677267,15.0,1.0
4.759,0.5134658813476562,0.5134658813476562,-1.2659339904785156,0.686833846544408,-2.283351229330094,1.5831022390996985,15.0,1.0
4.76,0.5123214721679688,0.5123214721679688,-1.3450546264648438,0.6845471059286898,-2.2901187175060045,1.6383204153696553,15.0,1.0
4.761,0.5107955932617188,0.5107955932617188,-1.3978023529052734,0.6822536091093965,-2.2968636031350798,1.6728089874853596,15.0,1.0
4.7620000000000005,0.5096511840820312,0.5096511840820312,-1.3010997772216797,0.6799533787224181,-2.303585819647253,1.5520468771802296,15.0,1.0
4.763,0.5081253051757812,0.5081253051757812,-1.336263656616211,0.6776464374701026,-2.310285300696819,1.5687953403342116,15.0,1.0
4.764,0.5069808959960938,0.5069808959960938,-1.2835159301757812,0.6753328081210249,-2.316961980164592,1.4918326318851567,15.0,1.0
4.765,0.5058364868164062,0.5058364868164062,-1.2043952941894531,0.673012513509774,-2.3236157921522818,1.388419902437687,15.0,1.0
4.766,0.5043106079101562,0.5043106079101562,-1.3274726867675781,0.6706855765367208,-2.3302466709899363,1.4928505451761098,15.0,1.0
4.767,0.5031661987304688,0.5031661987304688,-1.3186817169189453,0.6683520201677926,-2.336854551234353,1.4596144872444503,15.0,1.0
4.768,0.5016403198242188,0.5016403198242188,-1.3010997772216797,0.6660118674342527,-2.343439367667372,1.4232336237048164,15.0,1.0
4.769,0.5004959106445312,0.5004959106445312,-1.2659339904785156,0.6636651414324584,-2.350001055300254,1.3634713969971681,15.0,1.0
4.7700000000000005,0.49935150146484375,0.49935150146484375,-1.292306900024414,0.6613118653236506,-2.3565395493709502,1.3651728085355668,15.0,1.0
4.771,0.49782562255859375,0.49782562255859375,-1.3274726867675781,0.6589520623337171,-2.363054785347174,1.3813144980472538,15.0,1.0
4.772,0.49629974365234375,0.49629974365234375,-1.3890113830566406,0.6565857557529567,-2.3695466989273655,1.42375486563847,15.0,1.0
4.773,0.49515533447265625,0.49515533447265625,-1.4681320190429688,0.6542129689358629,-2.3760152260389305,1.477981309952138,15.0,1.0
4.774,0.49362945556640625,0.49362945556640625,-1.4857139587402344,0.6518337253008794,-2.3824603028390925,1.4763177019182385,15.0,1.0
4.775,0.49210357666015625,0.49210357666015625,-1.3802204132080078,0.6494480483301831,-2.3888818657173942,1.3515056225410165,15.0,1.0
4.776,0.49095916748046875,0.49095916748046875,-1.3098907470703125,0.6470559615694452,-2.395279851296209,1.2560628071087505,15.0,1.0
4.777,0.48943328857421875,0.48943328857421875,-1.2835159301757812,0.6446574886275911,-2.4016541964297176,1.2102247345466486,15.0,1.0
4.7780000000000005,0.48828887939453125,0.48828887939453125,-1.3538455963134766,0.6422526531765842,-2.4080048382066366,1.2552973648376344,15.0,1.0
4.779,0.48676300048828125,0.48676300048828125,-1.4769229888916016,0.6398414789511785,-2.4143317139473766,1.3587684518876837,15.0,1.0
4.78,0.48523712158203125,0.48523712158203125,-1.4769229888916016,0.6374239897486899,-2.4206347612084187,1.339091250183062,15.0,1.0
4.781,0.48371124267578125,0.48371124267578125,-1.415384292602539,0.6350002094287623,-2.426913917782656,1.2578048761145997,15.0,1.0
4.782,0.48256683349609375,0.48256683349609375,-1.371429443359375,0.632570161913125,-2.43316912169621,1.1883102479186336,15.0,1.0
4.783,0.48104095458984375,0.48104095458984375,-1.415384292602539,0.6301338711853683,-2.4394003112121823,1.212377730323226,15.0,1.0
4.784,0.47951507568359375,0.47951507568359375,-1.538461685180664,0.6276913612907012,-2.4456074248319624,1.315498544455314,15.0,1.0
4.785,0.47798919677734375,0.47798919677734375,-1.6351642608642578,0.6252426563357047,-2.4517904012936924,1.3921757529459802,15.0,1.0
4.7860000000000005,0.47646331787109375,0.47646331787109375,-1.5208797454833984,0.6227877804881122,-2.4579491795740864,1.2577975051645893,15.0,1.0
4.787,0.47493743896484375,0.47493743896484375,-1.459341049194336,0.6203267579765572,-2.4640836988891692,1.1760971354808687,15.0,1.0
4.788,0.47341156005859375,0.47341156005859375,-1.3538455963134766,0.6178596130903343,-2.4701938986924006,1.0503724930971847,15.0,1.0
4.789,0.47226715087890625,0.47226715087890625,-1.3450546264648438,0.6153863701791731,-2.4762797186789953,1.015563197289851,15.0,1.0
4.79,0.47074127197265625,0.47074127197265625,-1.5472526550292969,0.6129070536529768,-2.4823410987849,1.197398281449205,15.0,1.0
4.791,0.46883392333984375,0.46883392333984375,-1.6527481079101562,0.6104216879816016,-2.4883779791857137,1.2881865983508098,15.0,1.0
4.792,0.46730709075927734,0.46730709075927734,-1.5296707153320312,0.607930297694606,-2.4943903002999264,1.1446285190620356,15.0,1.0
4.793,0.46616268157958984,0.46616268157958984,-1.5120887756347656,0.6054329073810022,-2.5003780027900575,1.1007641598658933,15.0,1.0
4.7940000000000005,0.46463680267333984,0.46463680267333984,-1.4681320190429688,0.6029295416890242,-2.5063410275588467,1.036182076719388,15.0,1.0
4.795,0.46272945404052734,0.46272945404052734,-1.6000003814697266,0.6004202253258851,-2.5122793157530054,1.1530826349970877,15.0,1.0
4.796,0.46120357513427734,0.46120357513427734,-1.7582416534423828,0.5979049830575187,-2.518192808764695,1.2905699635263082,15.0,1.0
4.797,0.45967769622802734,0.45967769622802734,-1.6439552307128906,0.5953838397083564,-2.524081448229879,1.155465934687948,15.0,1.0
4.798,0.45815181732177734,0.45815181732177734,-1.5120887756347656,0.5928568201610595,-2.529945176030651,1.0027186421933463,15.0,1.0
4.799,0.45662593841552734,0.45662593841552734,-1.4769229888916016,0.5903239493562934,-2.5357839342932493,0.9466092187098432,15.0,1.0
4.8,0.45510005950927734,0.45510005950927734,-1.4945049285888672,0.5877852522924736,-2.5415976653916346,0.9431851549451762,15.0,1.0
4.801,0.45319271087646484,0.45319271087646484,-1.7318687438964844,0.5852407540255107,-2.5473863119481734,1.1652030791839985,15.0,1.0
4.8020000000000005,0.45166683197021484,0.45166683197021484,-1.6879119873046875,0.5826904796685755,-2.553149816830512,1.1001168859495847,15.0,1.0
4.803,0.45014095306396484,0.45014095306396484,-1.6175823211669922,0.5801344543918503,-2.558888123154304,1.0085967179309698,15.0,1.0
4.804,0.44861507415771484,0.44861507415771484,-1.5032958984375,0.5775727034222673,-2.564601174285599,0.8730591631201878,15.0,1.0
4.805,0.44708919525146484,0.44708919525146484,-1.5560436248779297,0.5750052520432798,-2.5702889138385103,0.9044955629166436,15.0,1.0
4.806,0.44518184661865234,0.44518184661865234,-1.8109893798828125,0.5724321255945909,-2.5759512856770925,1.1437922788447983,15.0,1.0
4.807,0.44327449798583984,0.44327449798583984,-1.7846145629882812,0.5698533494719239,-2.58158823391733,1.101709101362212,15.0,1.0
4.808,0.44174861907958984,0.44174861907958984,-1.6175823211669922,0.5672689491267568,-2.587199702923442,0.9131875689510551,15.0,1.0
4.809,0.44022274017333984,0.44022274017333984,-1.4769229888916016,0.5646789500660775,-2.5927856373126588,0.7509804999700074,15.0,1.0
4.8100000000000005,0.43869686126708984,0.43869686126708984,-1.4769229888916016,0.5620833778521298,-2.5983459819552195,0.7293747557119814,15.0,1.0
4.811,0.43717098236083984,0.43717098236083984,-1.7406597137451172,0.5594822581021678,-2.6038806819713614,0.971448167893675,15.0,1.0
4.812,0.43526363372802734,0.43526363372802734,-1.8021984100341797,0.5568756164881875,-2.609389682736605,1.016988468699977,15.0,1.0
4.813,0.43335628509521484,0.43335628509521484,-1.6879119873046875,0.5542634787366952,-2.6148729298789704,0.8866469620479229,15.0,1.0
4.814,0.43183040618896484,0.43183040618896484,-1.5648345947265625,0.5516458706284301,-2.6203303692809072,0.7417361920376337,15.0,1.0
4.815,0.43030452728271484,0.43030452728271484,-1.5736255645751953,0.5490228179981317,-2.6257619470799796,0.7286379782264683,15.0,1.0
4.816,0.42839717864990234,0.42839717864990234,-1.9076919555664062,0.5463943467342707,-2.631167609669774,1.0464818671621574,15.0,1.0
4.817,0.42648983001708984,0.42648983001708984,-1.872528076171875,0.5437604827787927,-2.636547303697057,0.9950405639003614,15.0,1.0
4.8180000000000005,0.42496395111083984,0.42496395111083984,-1.714284896850586,0.5411212521268748,-2.6419009760662675,0.8147434360248424,15.0,1.0
4.819,0.42343807220458984,0.42343807220458984,-1.5648345947265625,0.5384766808266608,-2.6472285739396852,0.6431851501179413,15.0,1.0
4.82,0.42191219329833984,0.42191219329833984,-1.5736255645751953,0.5358267949789959,-2.6525300447358973,0.6298145450491386,15.0,1.0
4.821,0.42000484466552734,0.42000484466552734,-1.8197803497314453,0.5331716207371896,-2.6578053361313323,0.859476654675047,15.0,1.0
4.822,0.41809749603271484,0.41809749603271484,-1.8549442291259766,0.5305111843067337,-2.6630543960608293,0.8780951571754305,15.0,1.0
4.823,0.41619014739990234,0.41619014739990234,-1.74945068359375,0.5278455119450662,-2.6682771727186037,0.7560039790526047,15.0,1.0
4.824,0.41466426849365234,0.41466426849365234,-1.661539077758789,0.5251746299612972,-2.6734736145588727,0.6457208852145886,15.0,1.0
4.825,0.41313838958740234,0.41313838958740234,-1.7230777740478516,0.522498564715949,-2.6786436702935816,0.6848367306824701,15.0,1.0
4.8260000000000005,0.41084957122802734,0.41084957122802734,-1.9340667724609375,0.5198173426207082,-2.683787288895985,0.8847960544551656,15.0,1.0
4.827,0.40932369232177734,0.40932369232177734,-1.837362289428711,0.5171309901381577,-2.688904419601613,0.7655673370728029,15.0,1.0
4.828,0.40741634368896484,0.40741634368896484,-1.74945068359375,0.5144395337815055,-2.69399501190631,0.6608035230755505,15.0,1.0
4.829,0.40588951110839844,0.40588951110839844,-1.6000003814697266,0.5117430001143457,-2.6990590155668883,0.4887437009920472,15.0,1.0
4.83,0.40398216247558594,0.40398216247558594,-1.7318687438964844,0.5090414157503723,-2.704096380605847,0.6036611624124331,15.0,1.0
4.831,0.40207481384277344,0.40207481384277344,-1.8901100158691406,0.5063348073531322,-2.709107057305431,0.7449028612190909,15.0,1.0
4.832,0.40054893493652344,0.40054893493652344,-1.837362289428711,0.5036232016357621,-2.7140909962114392,0.6693852937058522,15.0,1.0
4.833,0.39864158630371094,0.39864158630371094,-1.7318687438964844,0.5009066253607098,-2.7190481481354425,0.5467961816160254,15.0,1.0
4.8340000000000005,0.39711570739746094,0.39711570739746094,-1.7054939270019531,0.4981851053394894,-2.723978464151344,0.49755643198103616,15.0,1.0
4.835,0.39482688903808594,0.39482688903808594,-1.9692306518554688,0.4954586684324078,-2.7288818955989598,0.7498254471713373,15.0,1.0
4.836,0.39291954040527344,0.39291954040527344,-1.9340667724609375,0.492727341548292,-2.7337583940856405,0.6974253955205756,15.0,1.0
4.837,0.39101219177246094,0.39101219177246094,-1.837362289428711,0.48999115164423723,-2.7386079114797326,0.5834387760256228,15.0,1.0
4.838,0.38948631286621094,0.38948631286621094,-1.6967029571533203,0.4872501257253331,-2.743430399918992,0.41972975012116054,15.0,1.0
4.839,0.38757896423339844,0.38757896423339844,-1.8549442291259766,0.4845042908443974,-2.7482258118086804,0.5605983164822805,15.0,1.0
4.84,0.38567161560058594,0.38567161560058594,-1.9868125915527344,0.48175367410171643,-2.752994099818551,0.6750493692511408,15.0,1.0
4.841,0.38376426696777344,0.38376426696777344,-1.960439682006836,0.4789983026447608,-2.7577352168885625,0.6312150002730836,15.0,1.0
4.8420000000000005,0.38185691833496094,0.38185691833496094,-1.8109893798828125,0.47623820366793745,-2.762449116224616,0.4642595436528443,15.0,1.0
4.843,0.37994956970214844,0.37994956970214844,-1.8197803497314453,0.4734734044123122,-2.7671357513025896,0.45550211908131244,15.0,1.0
4.844,0.37804222106933594,0.37804222106933594,-2.065934181213379,0.47070393216533285,-2.7717950758695054,0.6840647717838273,15.0,1.0
4.845,0.37613487243652344,0.37613487243652344,-1.9516487121582031,0.46792981426057384,-2.7764270439372183,0.5521457955817408,15.0,1.0
4.846,0.37422752380371094,0.37422752380371094,-1.8461532592773438,0.465151078077459,-2.781031609790489,0.4289749635930755,15.0,1.0
4.847,0.37232017517089844,0.37232017517089844,-1.7230777740478516,0.462367751040991,-2.7856087279854194,0.2881826841138204,15.0,1.0
4.848,0.37041282653808594,0.37041282653808594,-1.9780216217041016,0.4595798606214888,-2.7901583533462144,0.5253687796089301,15.0,1.0
4.849,0.36850547790527344,0.36850547790527344,-2.057143211364746,0.4567874343342991,-2.794680440970211,0.5866921168299197,15.0,1.0
4.8500000000000005,0.36659812927246094,0.36659812927246094,-1.916482925415039,0.4539904997395465,-2.799174946227396,0.4281935361939271,15.0,1.0
4.851,0.36469078063964844,0.36469078063964844,-1.8549442291259766,0.45118908444184497,-2.8036418247573636,0.348776961401561,15.0,1.0
4.852,0.36278343200683594,0.36278343200683594,-1.9692306518554688,0.44838321609003234,-2.808081032473723,0.44514638062969203,15.0,1.0
4.853,0.36049461364746094,0.36049461364746094,-2.0747251510620117,0.44557292237689816,-2.8124925255654887,0.5384072564380813,15.0,1.0
4.854,0.35858726501464844,0.35858726501464844,-1.9956035614013672,0.44275823103890194,-2.816876260491057,0.4412917912741128,15.0,1.0
4.855,0.35667991638183594,0.35667991638183594,-1.8461532592773438,0.43993916985591414,-2.821232193984457,0.27380986740405966,15.0,1.0
4.856,0.35477256774902344,0.35477256774902344,-1.8461532592773438,0.4371157666509337,-2.825560283055353,0.25574095975064504,15.0,1.0
4.857,0.35286521911621094,0.35286521911621094,-1.9956035614013672,0.43428804928980397,-2.8298604849866535,0.38708552901860904,15.0,1.0
4.8580000000000005,0.35095787048339844,0.35095787048339844,-2.0219783782958984,0.4314560456809585,-2.8341327573374997,0.3953182489218001,15.0,1.0
4.859,0.34905052185058594,0.34905052185058594,-2.0307693481445312,0.42861978377512966,-2.8383770579432905,0.38593121906939665,15.0,1.0
4.86,0.34714317321777344,0.34714317321777344,-1.9340667724609375,0.42577929156507255,-2.8425933449127,0.27101520275772417,15.0,1.0
4.861,0.34485435485839844,0.34485435485839844,-2.065934181213379,0.42293459708530495,-2.8467815766333047,0.390356237983672,15.0,1.0
4.862,0.34294605255126953,0.34294605255126953,-2.0043954849243164,0.4200857284118065,-2.850941711769451,0.31054891106292026,15.0,1.0
4.863,0.34103870391845703,0.34103870391845703,-2.0219783782958984,0.4172327136617641,-2.8550737092612337,0.309814815184271,15.0,1.0
4.864,0.33913135528564453,0.33913135528564453,-1.9076919555664062,0.41437558099328475,-2.859177528328388,0.17717781285262157,15.0,1.0
4.865,0.33684253692626953,0.33684253692626953,-1.960439682006836,0.41151435860510793,-2.8632531284677043,0.2172638787217076,15.0,1.0
4.866,0.33493518829345703,0.33493518829345703,-1.960439682006836,0.40864907473635004,-2.86730046945371,0.19884750919652117,15.0,1.0
4.867,0.33302783966064453,0.33302783966064453,-2.1010990142822266,0.4057797576662011,-2.8713195113428753,0.32105827302269985,15.0,1.0
4.868,0.33073902130126953,0.33073902130126953,-2.057143211364746,0.40290643571366236,-2.8753102144677882,0.2643442130828504,15.0,1.0
4.869,0.32883167266845703,0.32883167266845703,-2.0747251510620117,0.40002913723726624,-2.879272539441132,0.2634145801530179,15.0,1.0
4.87,0.32654285430908203,0.32654285430908203,-2.0747251510620117,0.3971478906347807,-2.8832064471573347,0.2505942487901567,15.0,1.0
4.871,0.32463550567626953,0.32463550567626953,-2.118680953979492,0.3942627243429496,-2.8871118987892714,0.2759773351904222,15.0,1.0
4.872,0.32272815704345703,0.32272815704345703,-1.9780216217041016,0.3913736668372028,-2.8909888557917895,0.11671541281849884,15.0,1.0
4.873,0.32082080841064453,0.32082080841064453,-1.960439682006836,0.38848074663136667,-2.8948372799031006,0.08050147541456742,15.0,1.0
4.874,0.31853199005126953,0.31853199005126953,-2.0219783782958984,0.3855839922773973,-2.898657133138272,0.12910127854954312,15.0,1.0
4.875,0.31662464141845703,0.31662464141845703,-2.2153844833374023,0.3826834323650907,-2.902448377797384,0.3038179697395236,15.0,1.0
4.876,0.31433582305908203,0.31433582305908203,-2.1098899841308594,0.3797790955218006,-2.9062109764637114,0.18532809460792676,15.0,1.0
4.877,0.31242847442626953,0.31242847442626953,-2.057143211364746,0.376871010412164,-2.9099448920004534,0.1138363591527094,15.0,1.0
4.878,0.31013965606689453,0.31013965606689453,-2.145054817199707,0.3739592057378003,-2.9136500875554816,0.1886979747078117,15.0,1.0
4.8790000000000004,0.30785083770751953,0.30785083770751953,-2.2153844833374023,0.37104371023705107,-2.9173265265613963,0.2459510447189791,15.0,1.0
4.88,0.30594348907470703,0.30594348907470703,-2.013186454772949,0.3681245526846782,-2.920974172731718,0.024928236190798758,15.0,1.0
4.881,0.30403614044189453,0.30403614044189453,-1.9956035614013672,0.3652017618915882,-2.9245929900654914,-0.011505106918719088,15.0,1.0
4.882,0.30174732208251953,0.30174732208251953,-2.162637710571289,0.3622753667045479,-2.928182942848707,0.14237543705300748,15.0,1.0
4.883,0.29945850372314453,0.29945850372314453,-2.356043815612793,0.35934539600589144,-2.931743995647963,0.3226032042060334,15.0,1.0
4.884,0.29716968536376953,0.29716968536376953,-2.048351287841797,0.35641187871325003,-2.935276113316945,0.0017080747670592533,15.0,1.0
4.885,0.29526233673095703,0.29526233673095703,-2.048351287841797,0.35347484377925825,-2.938779260996,-0.017240367429685044,15.0,1.0
4.886,0.29297351837158203,0.29297351837158203,-2.1978025436401367,0.3505343201912587,-2.9422534041096924,0.1189611668255941,15.0,1.0
4.8870000000000005,0.29068470001220703,0.29068470001220703,-2.34725284576416,0.34759033697103686,-2.945698508371123,0.25513889177548443,15.0,1.0
4.888,0.28877735137939453,0.28877735137939453,-1.9428577423095703,0.3446429231745171,-2.9491145397769856,-0.16827322054057658,15.0,1.0
4.889,0.28687000274658203,0.28687000274658203,-1.9692306518554688,0.3416921078914835,-2.9525014646121974,-0.16093923558320633,15.0,1.0
4.89,0.28458118438720703,0.28458118438720703,-2.162637710571289,0.3387379202452934,-2.9558592494514073,0.019129498991177663,15.0,1.0
4.891,0.28229236602783203,0.28229236602783203,-2.373626708984375,0.33578038939258126,-2.9591878611528557,0.2167591983027577,15.0,1.0
4.892,0.2803840637207031,0.2803840637207031,-2.057143211364746,0.33281954452298573,-2.9624872668640876,-0.11881184346510243,15.0,1.0
4.893,0.2780952453613281,0.2780952453613281,-2.0835161209106445,0.32985541485885383,-2.96575743402218,-0.10583877064864977,15.0,1.0
4.894,0.2758064270019531,0.2758064270019531,-2.268132209777832,0.32688802965494196,-2.9689983303513827,0.06535791922128187,15.0,1.0
4.8950000000000005,0.2735176086425781,0.2735176086425781,-2.2945051193237305,0.32391741819814907,-2.972209923865819,0.07829233879147579,15.0,1.0
4.896,0.2716102600097656,0.2716102600097656,-1.960439682006836,0.320943609807211,-2.9753921828693706,-0.2749522539008542,15.0,1.0
4.897,0.2697029113769531,0.2697029113769531,-1.9868125915527344,0.31796663383241097,-2.9785450759524963,-0.2677766475678942,15.0,1.0
4.898,0.2674140930175781,0.2674140930175781,-2.3384618759155273,0.31498651965530666,-2.9816685719981706,0.07037970348328482,15.0,1.0
4.899,0.2651252746582031,0.2651252746582031,-2.3120880126953125,0.31200329668841525,-2.9847626401792127,0.030495702969281835,15.0,1.0
4.9,0.2628364562988281,0.2628364562988281,-2.0835161209106445,0.3090169943749463,-2.987827249957263,-0.21160305790484624,15.0,1.0
4.901,0.2609291076660156,0.2609291076660156,-2.171428680419922,0.3060276421885015,-2.9908623710859956,-0.14295567282878596,15.0,1.0
4.902,0.2586402893066406,0.2586402893066406,-2.3120880126953125,0.30303526963277494,-2.9938679736118843,-0.015855256024557063,15.0,1.0
4.9030000000000005,0.2563514709472656,0.2563514709472656,-2.162637710571289,0.3000399062412757,-2.9968440278696846,-0.17887978788824466,15.0,1.0
4.904,0.2544441223144531,0.2544441223144531,-2.039560317993164,0.29704158157703625,-2.9997905044862705,-0.3212682975543595,15.0,1.0
4.905,0.2521553039550781,0.2521553039550781,-2.2329673767089844,0.2940403252323038,-3.002707374381714,-0.14146467851434497,15.0,1.0
4.906,0.24948501586914062,0.24948501586914062,-2.4263734817504883,0.29103616682827355,-3.0055946087674954,0.04404613736998675,15.0,1.0
4.907,0.24757766723632812,0.24757766723632812,-2.2153844833374023,0.28802913601476937,-3.008452179148378,-0.18629566413435694,15.0,1.0
4.908,0.24528884887695312,0.24528884887695312,-2.224175453186035,0.2850192624699748,-3.01128005732005,-0.19114840023869029,15.0,1.0
4.909,0.24261856079101562,0.24261856079101562,-2.364834785461426,0.28200657590013,-3.014078215372706,-0.058423203274564406,15.0,1.0
4.91,0.24032974243164062,0.24032974243164062,-2.3384618759155273,0.27899110603923,-3.0168466256914996,-0.09846429566213177,15.0,1.0
4.9110000000000005,0.23842239379882812,0.23842239379882812,-2.1274728775024414,0.275972882648745,-3.019585260952141,-0.3288550507009468,15.0,1.0
4.912,0.23613357543945312,0.23613357543945312,-2.1978025436401367,0.2729519355173264,-3.022294094124817,-0.27221614931658134,15.0,1.0
4.913,0.23384475708007812,0.23384475708007812,-2.3912086486816406,0.26992829446049593,-3.0249730984749874,-0.09251138908707968,15.0,1.0
4.914,0.23155593872070312,0.23155593872070312,-2.3208789825439453,0.26690198932037706,-3.027622247561851,-0.1765525060227966,15.0,1.0
4.915,0.22926712036132812,0.22926712036132812,-2.2857141494750977,0.26387304996537286,-3.03024151523897,-0.22543842170320116,15.0,1.0
4.916,0.22697830200195312,0.22697830200195312,-2.34725284576416,0.2608415062898971,-3.032830875656657,-0.1776299655733372,15.0,1.0
4.917,0.22430801391601562,0.22430801391601562,-2.356043815612793,0.25780738821406024,-3.035390303257529,-0.1768558731740667,15.0,1.0
4.918,0.22240066528320312,0.22240066528320312,-2.145054817199707,0.2547707256833827,-3.037919772781038,-0.407314049578637,15.0,1.0
4.9190000000000005,0.22011184692382812,0.22011184692382812,-2.241758346557617,0.2517315486684961,-3.0404192592638424,-0.3243653865362053,15.0,1.0
4.92,0.21782207489013672,0.21782207489013672,-2.329669952392578,0.2486898871648557,-3.042888738035515,-0.250201601522152,15.0,1.0
4.921,0.21553325653076172,0.21553325653076172,-2.3120880126953125,0.24564577119242573,-3.045328184723843,-0.28155245210357027,15.0,1.0
4.922,0.21324443817138672,0.21324443817138672,-2.3120880126953125,0.24259923079540874,-3.0477375752523983,-0.2953276731967555,15.0,1.0
4.923,0.21057415008544922,0.21057415008544922,-2.3384618759155273,0.2395502960419216,-3.0501168858410352,-0.27701282057842214,15.0,1.0
4.924,0.20866680145263672,0.20866680145263672,-2.259340286254883,0.23649899702372465,-3.052466093007496,-0.3756428731862941,15.0,1.0
4.925,0.20637798309326172,0.20637798309326172,-2.2065935134887695,0.2334453638559073,-3.054785173567197,-0.4421809486387436,15.0,1.0
4.926,0.20408916473388672,0.20408916473388672,-2.268132209777832,0.23038942667659093,-3.0570741046300043,-0.39443796571160905,15.0,1.0
4.9270000000000005,0.20180034637451172,0.20180034637451172,-2.3032970428466797,0.22733121564664524,-3.059332863604851,-0.37307278167616864,15.0,1.0
4.928,0.19951152801513672,0.19951152801513672,-2.356043815612793,0.22427076094938192,-3.061561428199795,-0.33412911857332395,15.0,1.0
4.929,0.19684123992919922,0.19684123992919922,-2.3208789825439453,0.2212080927902463,-3.0637597764194737,-0.3773780009598221,15.0,1.0
4.93,0.19455242156982422,0.19455242156982422,-2.4087915420532227,0.21814324139654367,-3.0659278865661435,-0.30327404711212896,15.0,1.0
4.931,0.19226360321044922,0.19226360321044922,-2.3208789825439453,0.21507623701711467,-3.0680657372436144,-0.40499724759968725,15.0,1.0
4.932,0.19035625457763672,0.19035625457763672,-2.2153844833374023,0.2120071099220544,-3.0701733073509843,-0.5300259938473166,15.0,1.0
4.933,0.18768596649169922,0.18768596649169922,-2.25054931640625,0.2089358904024134,-3.0722505760868017,-0.5029524010198392,15.0,1.0
4.934,0.18539714813232422,0.18539714813232422,-2.364834785461426,0.20586260876988147,-3.0742975229501326,-0.4024808279253481,15.0,1.0
4.9350000000000005,0.18310832977294922,0.18310832977294922,-2.461538314819336,0.20278729535651108,-3.076314127737305,-0.31959132916454136,15.0,1.0
4.936,0.18081951141357422,0.18081951141357422,-2.364834785461426,0.19970998051440755,-3.0783003705463585,-0.43010854857243275,15.0,1.0
4.937,0.17814922332763672,0.17814922332763672,-2.4439563751220703,0.19663069461541902,-3.0802562317735322,-0.3590777873347275,15.0,1.0
4.938,0.17586040496826172,0.17586040496826172,-2.4439563751220703,0.19354946805086118,-3.0821816921143323,-0.3728893707532701,15.0,1.0
4.939,0.17357158660888672,0.17357158660888672,-2.276923179626465,0.190466331231191,-3.0840767325674676,-0.5537323836064385,15.0,1.0
4.94,0.17128276824951172,0.17128276824951172,-2.3032970428466797,0.18738131458572418,-3.0859413344284548,-0.541166096538588,15.0,1.0
4.941,0.16861248016357422,0.16861248016357422,-2.4175825119018555,0.1842944485623348,-3.087775479293782,-0.4349634414105181,15.0,1.0
4.942,0.16632366180419922,0.16632366180419922,-2.479121208190918,0.18120576362713728,-3.089579149062118,-0.38722641352712894,15.0,1.0
4.9430000000000005,0.16403484344482422,0.16403484344482422,-2.4263734817504883,0.1781152902642085,-3.0913523259308135,-0.45377214188956105,15.0,1.0
4.944,0.16136455535888672,0.16136455535888672,-2.5494508743286133,0.17502305897527637,-3.093094992399557,-0.33876656382509895,15.0,1.0
4.945,0.15907573699951172,0.15907573699951172,-2.4087915420532227,0.17192910027941005,-3.094807131271253,-0.4932151400195552,15.0,1.0
4.946,0.15640544891357422,0.15640544891357422,-2.3208789825439453,0.16883344471273456,-3.0964887256450595,-0.589189806113709,15.0,1.0
4.947,0.1541156768798828,0.1541156768798828,-2.4703292846679688,0.1657361228281206,-3.0981397589247734,-0.4535037850332377,15.0,1.0
4.948,0.1518268585205078,0.1518268585205078,-2.3912086486816406,0.16263716519488294,-3.099760214816868,-0.5463969660196005,15.0,1.0
4.949,0.1491565704345703,0.1491565704345703,-2.4087915420532227,0.15953660239848758,-3.101350077326501,-0.5368580558145192,15.0,1.0
4.95,0.1468677520751953,0.1468677520751953,-2.5230770111083984,0.1564344650402306,-3.102909330763353,-0.4363316251794255,15.0,1.0
4.9510000000000005,0.1441974639892578,0.1441974639892578,-2.6021976470947266,0.1533307837369588,-3.1044379597370693,-0.3652405164268279,15.0,1.0
4.952,0.1419086456298828,0.1419086456298828,-2.329669952392578,0.15022558912075717,-3.1059359491608944,-0.6515118444052008,15.0,1.0
4.953,0.1396198272705078,0.1396198272705078,-2.259340286254883,0.14711891183863768,-3.107403284251731,-0.7355767294749004,15.0,1.0
4.954,0.1369495391845703,0.1369495391845703,-2.567032814025879,0.1440107825522544,-3.1088399505274964,-0.435888485986356,15.0,1.0
4.955,0.1346607208251953,0.1346607208251953,-2.4263734817504883,0.14090123193758336,-3.110245933807576,-0.590264785371267,15.0,1.0
4.956,0.1323719024658203,0.1323719024658203,-2.3384618759155273,0.1377902906846372,-3.1116212202151843,-0.6918835210174038,15.0,1.0
4.957,0.1297016143798828,0.1297016143798828,-2.5494508743286133,0.13467798949715368,-3.1129657961779316,-0.48886929509025534,15.0,1.0
4.958,0.1270313262939453,0.1270313262939453,-2.6109886169433594,0.131564359092282,-3.114279648424528,-0.4352955395061183,15.0,1.0
4.9590000000000005,0.12474250793457031,0.12474250793457031,-2.3032970428466797,0.12844943020030256,-3.1155627639892742,-0.7566618871566109,15.0,1.0
4.96,0.12245368957519531,0.12245368957519531,-2.2857141494750977,0.12533323356430415,-3.1168151302068523,-0.7879078208951221,15.0,1.0
4.961,0.11978340148925781,0.11978340148925781,-2.637362480163574,0.12221579993988953,-3.118036734716526,-0.4441882777934759,15.0,1.0
4.962,0.11749458312988281,0.11749458312988281,-2.461538314819336,0.11909716009487178,-3.119227565464179,-0.6336505961700085,15.0,1.0
4.963,0.11520576477050781,0.11520576477050781,-2.3032970428466797,0.11597734480896185,-3.12038761069455,-0.8055168672710598,15.0,1.0
4.964,0.11253547668457031,0.11253547668457031,-2.646153450012207,0.1128563848734806,-3.121516858958202,-0.4705497861123408,15.0,1.0
4.965,0.10986518859863281,0.10986518859863281,-2.567032814025879,0.10973431109104614,-3.1226152991110254,-0.5575456476989465,15.0,1.0
4.966,0.10757637023925781,0.10757637023925781,-2.25054931640625,0.10661115427525922,-3.123682920311019,-0.887611843364748,15.0,1.0
4.9670000000000005,0.10528755187988281,0.10528755187988281,-2.4087915420532227,0.10348694525042201,-3.1247197120217862,-0.7429372694104756,15.0,1.0
4.968,0.10261726379394531,0.10261726379394531,-2.584615707397461,0.10036171485121634,-3.125725664011739,-0.5749431907552127,15.0,1.0
4.969,0.10032844543457031,0.10032844543457031,-2.382417678833008,0.09723549392239922,-3.1267007663504387,-0.7906773601999972,15.0,1.0
4.97,0.09803962707519531,0.09803962707519531,-2.356043815612793,0.09410831331851616,-3.127645009414856,-0.8305709001522501,15.0,1.0
4.971,0.09498786926269531,0.09498786926269531,-2.795604705810547,0.09098020390357019,-3.1285583838860944,-0.39306865846242445,15.0,1.0
4.972,0.0926980972290039,0.0926980972290039,-2.5318679809570312,0.08785119655074188,-3.1294408807483833,-0.6702764099652826,15.0,1.0
4.973,0.0904092788696289,0.0904092788696289,-2.1890106201171875,0.0847213221420741,-3.1302924912920744,-1.026601222088209,15.0,1.0
4.974,0.0881204605102539,0.0881204605102539,-2.487912178039551,0.0815906115681584,-3.1311132071138985,-0.7411487632057803,15.0,1.0
4.9750000000000005,0.0854501724243164,0.0854501724243164,-2.6549453735351562,0.07845909572784422,-3.13190302011256,-0.5818237970244865,15.0,1.0
4.976,0.0831613540649414,0.0831613540649414,-2.356043815612793,0.07532680552793397,-3.1326619224923107,-0.8941363349346292,15.0,1.0
4.977,0.0804910659790039,0.0804910659790039,-2.4703292846679688,0.07219377188286027,-3.133389906763611,-0.7875200335377968,15.0,1.0
4.978,0.0778207778930664,0.0778207778930664,-2.7868127822875977,0.06906002571440743,-3.134086965741517,-0.47868546613380386,15.0,1.0
4.979,0.0755319595336914,0.0755319595336914,-2.435164451599121,0.06592559795137791,-3.1347530925467417,-0.8436840646823232,15.0,1.0
4.98,0.0732431411743164,0.0732431411743164,-2.224175453186035,0.06279051952931186,-3.135388280603731,-1.0680021520927643,15.0,1.0
4.981,0.0705728530883789,0.0705728530883789,-2.6285715103149414,0.05965482139017115,-3.135992523643683,-0.671191488801858,15.0,1.0
4.982,0.0679025650024414,0.0679025650024414,-2.6021976470947266,0.05651853448202517,-3.1365658157047562,-0.7051286264162732,15.0,1.0
4.9830000000000005,0.0656137466430664,0.0656137466430664,-2.3384618759155273,0.05338168975875954,-3.137108151127638,-0.9821271284767137,15.0,1.0
4.984,0.0629434585571289,0.0629434585571289,-2.5494508743286133,0.05024431817977059,-3.137619524559053,-0.7786557558908145,15.0,1.0
4.985,0.060273170471191406,0.060273170471191406,-2.690110206604004,0.04710645070964212,-3.138099930952478,-0.6454905207717136,15.0,1.0
4.986,0.057984352111816406,0.057984352111816406,-2.435164451599121,0.04396811831786633,-3.1385493655664796,-0.9136284208766097,15.0,1.0
4.987,0.055695533752441406,0.055695533752441406,-2.3384618759155273,0.04082935197850984,-3.138967823964826,-1.0234986746582724,15.0,1.0
4.988,0.053025245666503906,0.053025245666503906,-2.5934066772460938,0.03769018266993458,-3.139355302019016,-0.7759745697214622,15.0,1.0
4.989,0.050354957580566406,0.050354957580566406,-2.540658950805664,0.03455064137447251,-3.1397117959032705,-0.8361175881890149,15.0,1.0
4.99,0.048066139221191406,0.048066139221191406,-2.3912086486816406,0.03141075907812873,-3.1400373020991523,-0.9986593555634519,15.0,1.0
4.9910000000000005,0.045395851135253906,0.045395851135253906,-2.742856979370117,0.028270566770272107,-3.1403318173955608,-0.6543541035001705,15.0,1.0
4.992,0.042725563049316406,0.042725563049316406,-2.567032814025879,0.0251300954433383,-3.140595338884223,-0.8374945389480158,15.0,1.0
4.993,0.040436744689941406,0.040436744689941406,-2.2857141494750977,0.021989376092504353,-3.1408278639648017,-1.13182424345126,15.0,1.0
4.994,0.037766456604003906,0.037766456604003906,-2.5142860412597656,0.018848439715409393,-3.141029390342365,-0.9105136024115172,15.0,1.0
4.995,0.035096168518066406,0.035096168518066406,-2.663736343383789,0.01570731731182031,-3.1411999160274284,-0.7682963407373308,15.0,1.0
4.996,0.032807350158691406,0.032807350158691406,-2.4967031478881836,0.012566039883352437,-3.1413394393375986,-0.9482559455794995,15.0,1.0
4.997,0.0301361083984375,0.0301361083984375,-2.540658950805664,0.009424638433145808,-3.1414479588969773,-0.9114610575706885,15.0,1.0
4.998,0.0274658203125,0.0274658203125,-2.7252750396728516,0.006283143965559172,-3.141525473632372,-0.733990579163633,15.0,1.0
4.999,0.025177001953125,0.025177001953125,-2.461538314819336,0.0031415874858817566,-3.141556479679157,-1.0105493818684697,15.0,1.0
