time_s,qpos,qpos_unshifted,qvel,qact,target_qvel,kp,kd
0.0,0.0,0.0,0.0,0.0,3.1415874858795636,10.0,1.0
0.001,0.0,0.0,0.0,0.0031415874858795635,3.141571982779476,10.0,1.0
0.002,0.0,0.0,0.0,0.006283143965558951,3.141525473632222,10.0,1.0
0.003,0.0,0.0,0.0,0.009424638433144006,3.1414479588968285,10.0,1.0
0.004,0.0,0.0,0.03516578674316406,0.012566039883352607,3.141339439338335,10.0,1.0
0.005,0.0,0.0,0.03516578674316406,0.015707317311820675,3.1411999160277837,10.0,1.0
0.006,0.0,0.0,0.0615386962890625,0.018848439715408175,3.141029390342215,10.0,1.0
0.007,0.0,0.0,0.043956756591796875,0.021989376092505106,3.1408278639646525,10.0,1.0
0.008,0.0003814697265625,0.0003814697265625,0.08791160583496094,0.02513009544333748,3.140595338884072,10.0,1.0
0.009000000000000001,0.0003814697265625,0.0003814697265625,0.10549545288085938,0.028270566770273255,3.140331817395408,10.0,1.0
0.01,0.0003814697265625,0.0003814697265625,0.11428642272949219,0.03141075907812829,3.1400373020995094,10.0,1.0
0.011,0.000762939453125,0.000762939453125,0.14945030212402344,0.034550641374472266,3.1397117959031213,10.0,1.0
0.012,0.000762939453125,0.000762939453125,0.1758251190185547,0.03769018266993454,3.139355302018867,10.0,1.0
0.013000000000000001,0.0011444091796875,0.0011444091796875,0.24615478515625,0.04082935197851,3.138967823965185,10.0,1.0
0.014,0.0011444091796875,0.0011444091796875,0.2549457550048828,0.0439681183178649,3.1385493655663304,10.0,1.0
0.015,0.00152587890625,0.00152587890625,0.3252754211425781,0.04710645070964266,3.138099930952322,10.0,1.0
0.016,0.0019073486328125,0.0019073486328125,0.3252754211425781,0.050244318179769556,3.137619524558904,10.0,1.0
0.017,0.002288818359375,0.002288818359375,0.378021240234375,0.053381689758760474,3.137108151127485,10.0,1.0
0.018000000000000002,0.0026702880859375,0.0026702880859375,0.4483509063720703,0.056518534482024534,3.136565815705115,10.0,1.0
0.019,0.0034332275390625,0.0034332275390625,0.4923076629638672,0.0596548213901707,3.1359925236444255,10.0,1.0
0.02,0.003814697265625,0.003814697265625,0.5274734497070312,0.06279051952931337,3.1353882806035713,10.0,1.0
0.021,0.0041961669921875,0.0041961669921875,0.4923076629638672,0.06592559795137785,3.1347530925462053,10.0,1.0
0.022,0.0049591064453125,0.0049591064453125,0.5538463592529297,0.06906002571440578,3.134086965741382,10.0,1.0
0.023,0.005340576171875,0.005340576171875,0.5186805725097656,0.0721937718828606,3.133389906763469,10.0,1.0
0.024,0.0057220458984375,0.0057220458984375,0.46593475341796875,0.07532680552793272,3.1326619224921757,10.0,1.0
0.025,0.006103515625,0.006103515625,0.41318702697753906,0.07845909572784494,3.1319030201124107,10.0,1.0
0.026000000000000002,0.0064849853515625,0.0064849853515625,0.3868141174316406,0.08159061156815756,3.1311132071142467,10.0,1.0
0.027,0.006866455078125,0.006866455078125,0.3868141174316406,0.08472132214207344,3.1302924912928063,10.0,1.0
0.028,0.0072479248046875,0.0072479248046875,0.39560508728027344,0.08785119655074317,3.1294408807482412,10.0,1.0
0.029,0.00762939453125,0.00762939453125,0.39560508728027344,0.09098020390356992,3.1285583838855757,10.0,1.0
0.03,0.0080108642578125,0.0080108642578125,0.33406639099121094,0.09410831331851431,3.1276450094147066,10.0,1.0
0.031,0.008392333984375,0.008392333984375,0.3164844512939453,0.09723549392239932,3.1267007663502895,10.0,1.0
0.032,0.0087738037109375,0.0087738037109375,0.33406639099121094,0.1003617148512149,3.125725664011604,10.0,1.0
0.033,0.0091552734375,0.0091552734375,0.3164844512939453,0.10348694525042253,3.124719712022504,10.0,1.0
0.034,0.0095367431640625,0.0095367431640625,0.3076915740966797,0.10661115427525991,3.1236829203113743,10.0,1.0
0.035,0.009918212890625,0.009918212890625,0.3076915740966797,0.10973431109104528,3.1226152991108833,10.0,1.0
0.036000000000000004,0.009918212890625,0.009918212890625,0.3076915740966797,0.1128563848734817,3.121516858958053,10.0,1.0
0.037,0.0102996826171875,0.0102996826171875,0.3164844512939453,0.11597734480896137,3.120387610694017,10.0,1.0
0.038,0.01068115234375,0.01068115234375,0.3164844512939453,0.11909716009486973,3.11922756546403,10.0,1.0
0.039,0.0110626220703125,0.0110626220703125,0.28131866455078125,0.12221579993988943,3.1180367347172577,10.0,1.0
0.04,0.011444091796875,0.011444091796875,0.3692302703857422,0.12533323356430426,3.1168151302067173,10.0,1.0
0.041,0.0118255615234375,0.0118255615234375,0.3692302703857422,0.12844943020030286,3.115562763989118,10.0,1.0
0.042,0.01220703125,0.01220703125,0.39560508728027344,0.1315643590922825,3.114279648424855,10.0,1.0
0.043000000000000003,0.0125885009765625,0.0125885009765625,0.3868141174316406,0.1346779894971526,3.1129657961777895,10.0,1.0
0.044,0.012969970703125,0.012969970703125,0.4835166931152344,0.13779029068463805,3.111621220215028,10.0,1.0
0.045,0.0133514404296875,0.0133514404296875,0.5098896026611328,0.14090123193758267,3.1102459338070503,10.0,1.0
0.046,0.0141143798828125,0.0141143798828125,0.4835166931152344,0.14401078255225216,3.1088399505273543,10.0,1.0
0.047,0.014495849609375,0.014495849609375,0.4923076629638672,0.14711891183863737,3.107403284252456,10.0,1.0
0.048,0.0148773193359375,0.0148773193359375,0.5010986328125,0.15022558912075706,3.1059359491616334,10.0,1.0
0.049,0.0156402587890625,0.0156402587890625,0.5538463592529297,0.15333078373696063,3.1044379597368987,10.0,1.0
0.05,0.016021728515625,0.016021728515625,0.624176025390625,0.15643446504023087,3.1029093307628273,10.0,1.0
0.051000000000000004,0.01678466796875,0.01678466796875,0.6065940856933594,0.1595366023984863,3.1013500773263587,10.0,1.0
0.052000000000000005,0.017547607421875,0.017547607421875,0.7384624481201172,0.1626371651948836,3.099760214816726,10.0,1.0
0.053,0.018310546875,0.018310546875,0.7560443878173828,0.1657361228281197,3.098139758925143,10.0,1.0
0.054,0.019073486328125,0.019073486328125,0.8175830841064453,0.16883344471273387,3.096488725644903,10.0,1.0
0.055,0.01983642578125,0.01983642578125,0.9318675994873047,0.17192910027940952,3.0948071312710823,10.0,1.0
0.056,0.0209808349609375,0.0209808349609375,0.8791217803955078,0.17502305897527604,3.09309499240031,10.0,1.0
0.057,0.0217437744140625,0.0217437744140625,0.9406585693359375,0.17811529026421014,3.0913523259306572,10.0,1.0
0.058,0.0225067138671875,0.0225067138671875,0.8527469635009766,0.18120576362713736,3.089579149061578,10.0,1.0
0.059000000000000004,0.0232696533203125,0.0232696533203125,0.8263740539550781,0.18429444856233332,3.08777547929364,10.0,1.0
0.06,0.0244140625,0.0244140625,0.8879127502441406,0.1873813145857246,3.085941334428256,10.0,1.0
0.061,0.025177001953125,0.025177001953125,0.8791217803955078,0.19046633123118986,3.084076732567823,10.0,1.0
0.062,0.0263214111328125,0.0263214111328125,0.9582424163818359,0.19354946805086023,3.0821816921150997,10.0,1.0
0.063,0.0270843505859375,0.0270843505859375,0.9406585693359375,0.19663069461542007,3.08025623177339,10.0,1.0
0.064,0.028228759765625,0.028228759765625,0.9846153259277344,0.19970998051440703,3.0783003705462164,10.0,1.0
0.065,0.02899169921875,0.02899169921875,0.9582424163818359,0.2027872953565125,3.076314127737149,10.0,1.0
0.066,0.0301361083984375,0.0301361083984375,0.9758243560791016,0.20586260876988133,3.0742975229495926,10.0,1.0
0.067,0.0308990478515625,0.0308990478515625,0.8527469635009766,0.2089358904024117,3.0722505760866454,10.0,1.0
0.068,0.031662940979003906,0.031662940979003906,0.8263740539550781,0.21200710992205463,3.070173307350842,10.0,1.0
0.069,0.032425880432128906,0.032425880432128906,0.9054946899414062,0.21507623701711337,3.0680657372439697,10.0,1.0
0.07,0.033570289611816406,0.033570289611816406,0.9054946899414062,0.21814324139654256,3.0659278865668824,10.0,1.0
0.07100000000000001,0.034714698791503906,0.034714698791503906,1.0197811126708984,0.22120809279024714,3.063759776419303,10.0,1.0
0.07200000000000001,0.035477638244628906,0.035477638244628906,1.0109882354736328,0.2242707609493812,3.061561428199653,10.0,1.0
0.073,0.036622047424316406,0.036622047424316406,1.1164836883544922,0.2273312156466464,3.059332863604695,10.0,1.0
0.074,0.037766456604003906,0.037766456604003906,1.0549449920654297,0.23038942667659057,3.0570741046294927,10.0,1.0
0.075,0.038910865783691406,0.038910865783691406,1.0461540222167969,0.2334453638559054,3.0547851735670406,10.0,1.0
0.076,0.039673805236816406,0.039673805236816406,0.9494514465332031,0.23649899702372468,3.0524660930082064,10.0,1.0
0.077,0.040818214416503906,0.040818214416503906,0.9582424163818359,0.23955029604192182,3.050116885841362,10.0,1.0
0.078,0.041581153869628906,0.041581153869628906,1.0109882354736328,0.2425992307954074,3.047737575252256,10.0,1.0
0.079,0.042725563049316406,0.042725563049316406,1.1076927185058594,0.24564577119242634,3.045328184723701,10.0,1.0
0.08,0.043869972229003906,0.043869972229003906,1.0989017486572266,0.2486898871648548,3.0428887380353586,10.0,1.0
0.081,0.045014381408691406,0.045014381408691406,1.1692314147949219,0.25173154866849706,3.040419259263672,10.0,1.0
0.082,0.046158790588378906,0.046158790588378906,1.0901107788085938,0.25477072568338216,3.037919772781393,10.0,1.0
0.083,0.047303199768066406,0.047303199768066406,1.0989017486572266,0.25780738821405985,3.035390303257401,10.0,1.0
0.084,0.048066139221191406,0.048066139221191406,1.002197265625,0.26084150628989694,3.0328308756565434,10.0,1.0
0.085,0.049210548400878906,0.049210548400878906,1.125274658203125,0.2638730499653729,3.0302415152392825,10.0,1.0
0.08600000000000001,0.050354957580566406,0.050354957580566406,1.1868133544921875,0.26690198932037557,3.027622247561709,10.0,1.0
0.08700000000000001,0.051880836486816406,0.051880836486816406,1.292306900024414,0.2699282944604964,3.0249730984748453,10.0,1.0
0.088,0.053406715393066406,0.053406715393066406,1.3890113830566406,0.27295193551732516,3.0222940941246463,10.0,1.0
0.089,0.054551124572753906,0.054551124572753906,1.371429443359375,0.2759728826487457,3.0195852609520557,10.0,1.0
0.09,0.056077003479003906,0.056077003479003906,1.3010997772216797,0.2789911060392293,3.0168466256918407,10.0,1.0
0.091,0.057221412658691406,0.057221412658691406,1.2307701110839844,0.2820065759001294,3.0140782153734165,10.0,1.0
0.092,0.058365821838378906,0.058365821838378906,1.3186817169189453,0.2850192624699761,3.0112800573198797,10.0,1.0
0.093,0.059891700744628906,0.059891700744628906,1.4505500793457031,0.28802913601476915,3.008452179147838,10.0,1.0
0.094,0.061417579650878906,0.061417579650878906,1.4945049285888672,0.2910361668282718,3.0055946087673817,10.0,1.0
0.095,0.0629434585571289,0.0629434585571289,1.4857139587402344,0.29404032523230395,3.0027073743815436,10.0,1.0
0.096,0.0640878677368164,0.0640878677368164,1.3538455963134766,0.2970415815770349,2.999790504486157,10.0,1.0
0.097,0.0656137466430664,0.0656137466430664,1.2747249603271484,0.30003990624127624,2.996844027869514,10.0,1.0
0.098,0.0667581558227539,0.0667581558227539,1.3538455963134766,0.30303526963277394,2.9938679736122538,10.0,1.0
0.099,0.0682840347290039,0.0682840347290039,1.5296707153320312,0.30602764218850076,2.9908623710867346,10.0,1.0
0.1,0.0701913833618164,0.0701913833618164,1.6967029571533203,0.3090169943749474,2.9878272499570357,10.0,1.0
0.101,0.0717172622680664,0.0717172622680664,1.6703300476074219,0.31200329668841487,2.9847626401786727,10.0,1.0
0.10200000000000001,0.0732431411743164,0.0732431411743164,1.4329662322998047,0.3149865196553048,2.981668571998057,10.0,1.0
0.10300000000000001,0.0747690200805664,0.0747690200805664,1.4241752624511719,0.31796663383241097,2.9785450759523826,10.0,1.0
0.10400000000000001,0.0762948989868164,0.0762948989868164,1.5296707153320312,0.32094360980720954,2.9753921828692285,10.0,1.0
0.105,0.0778207778930664,0.0778207778930664,1.6175823211669922,0.3239174181981494,2.972209923866444,10.0,1.0
0.106,0.0793466567993164,0.0793466567993164,1.6703300476074219,0.32688802965494246,2.968998330351752,10.0,1.0
0.107,0.0808725357055664,0.0808725357055664,1.5120887756347656,0.3298554148588529,2.9657574340220947,10.0,1.0
0.108,0.0823984146118164,0.0823984146118164,1.3978023529052734,0.3328195445229866,2.96248726686386,10.0,1.0
0.109,0.0839242935180664,0.0839242935180664,1.4505500793457031,0.33578038939258065,2.9591878611523725,10.0,1.0
0.11,0.0854501724243164,0.0854501724243164,1.6087913513183594,0.33873792024529137,2.9558592494513505,10.0,1.0
0.111,0.0873575210571289,0.0873575210571289,1.8021984100341797,0.3416921078914833,2.9525014646128227,10.0,1.0
0.112,0.0888833999633789,0.0888833999633789,1.74945068359375,0.34464292317451706,2.9491145397768435,10.0,1.0
0.113,0.0904092788696289,0.0904092788696289,1.4945049285888672,0.34759033697103703,2.945698508370981,10.0,1.0
0.114,0.0919351577758789,0.0919351577758789,1.5560436248779297,0.350534320191259,2.942253404110062,10.0,1.0
0.115,0.09384346008300781,0.09384346008300781,1.661539077758789,0.35347484377925714,2.938779260995858,10.0,1.0
0.116,0.09536933898925781,0.09536933898925781,1.7758235931396484,0.35641187871325075,2.935276113316746,10.0,1.0
0.117,0.09727668762207031,0.09727668762207031,1.7230777740478516,0.35934539600589066,2.93174399564748,10.0,1.0
0.11800000000000001,0.09880256652832031,0.09880256652832031,1.5208797454833984,0.3622753667045457,2.9281829428485935,10.0,1.0
0.11900000000000001,0.10032844543457031,0.10032844543457031,1.582418441772461,0.3652017618915878,2.9245929900661736,10.0,1.0
0.12,0.10185432434082031,0.10185432434082031,1.7670326232910156,0.3681245526846779,2.9209741727316043,10.0,1.0
0.121,0.10414314270019531,0.10414314270019531,1.9428577423095703,0.371043710237051,2.917326526561226,10.0,1.0
0.122,0.10566902160644531,0.10566902160644531,1.872528076171875,0.3739592057378004,2.9136500875558227,10.0,1.0
0.123,0.10757637023925781,0.10757637023925781,1.7230777740478516,0.37687101041216264,2.9099448920003397,10.0,1.0
0.124,0.10948371887207031,0.10948371887207031,1.7670326232910156,0.37977909552180106,2.9062109764635693,10.0,1.0
0.125,0.11139106750488281,0.11139106750488281,1.9340667724609375,0.3826834323650898,2.9024483777977252,10.0,1.0
0.126,0.11329841613769531,0.11329841613769531,1.9956035614013672,0.38558399227739654,2.89865713313813,10.0,1.0
0.127,0.11520576477050781,0.11520576477050781,1.74945068359375,0.38848074663136606,2.8948372799029585,10.0,1.0
0.128,0.11673164367675781,0.11673164367675781,1.7406597137451172,0.3913736668372024,2.8909888557924432,10.0,1.0
0.129,0.11863899230957031,0.11863899230957031,1.8901100158691406,0.39426272434295095,2.8871118987890725,10.0,1.0
0.13,0.12054634094238281,0.12054634094238281,2.0571422576904297,0.3971478906347806,2.88320644715688,10.0,1.0
0.131,0.12283515930175781,0.12283515930175781,1.960439682006836,0.40002913723726474,2.8792725394410184,10.0,1.0
0.132,0.12436103820800781,0.12436103820800781,1.7846145629882812,0.40290643571366264,2.875310214467646,10.0,1.0
0.133,0.1262683868408203,0.1262683868408203,1.8109893798828125,0.4057797576662,2.871319511343188,10.0,1.0
0.134,0.1281757354736328,0.1281757354736328,1.9076919555664062,0.40864907473634904,2.867300469454392,10.0,1.0
0.135,0.1300830841064453,0.1300830841064453,1.9252738952636719,0.4115143586051088,2.863253128467562,10.0,1.0
0.136,0.1316089630126953,0.1316089630126953,1.7230777740478516,0.41437558099328414,2.859177528328246,10.0,1.0
0.137,0.1335163116455078,0.1335163116455078,1.7758235931396484,0.4172327136617653,2.8550737092610348,10.0,1.0
0.138,0.1354236602783203,0.1354236602783203,1.8989009857177734,0.42008572841180625,2.8509417117689964,10.0,1.0
0.139,0.1377124786376953,0.1377124786376953,2.1098899841308594,0.4229345970853033,2.846781576633248,10.0,1.0
0.14,0.1396198272705078,0.1396198272705078,1.9956035614013672,0.4257792915650727,2.8425933449125296,10.0,1.0
0.14100000000000001,0.1415271759033203,0.1415271759033203,1.8989009857177734,0.4286197837751284,2.8383770579431484,10.0,1.0
0.14200000000000002,0.1434345245361328,0.1434345245361328,1.9340667724609375,0.431456045680959,2.834132757338125,10.0,1.0
0.14300000000000002,0.1453418731689453,0.1453418731689453,1.9868125915527344,0.43428804928980463,2.8298604849869378,10.0,1.0
0.14400000000000002,0.1472492218017578,0.1472492218017578,1.9692306518554688,0.43711576665093294,2.825560283055239,10.0,1.0
0.145,0.1491565704345703,0.1491565704345703,1.9428577423095703,0.4399391698559151,2.821232193984315,10.0,1.0
0.146,0.1514453887939453,0.1514453887939453,2.039560317993164,0.44275823103890144,2.8168762604905737,10.0,1.0
0.147,0.1533527374267578,0.1533527374267578,2.171428680419922,0.4455729223768963,2.8124925255654034,10.0,1.0
0.148,0.1556415557861328,0.1556415557861328,2.1098899841308594,0.44838321609003223,2.8080810324743766,10.0,1.0
0.149,0.15754985809326172,0.15754985809326172,2.0923080444335938,0.451189084441845,2.80364182475725,10.0,1.0
0.15,0.15983867645263672,0.15983867645263672,2.1450557708740234,0.45399049973954675,2.7991749462272253,10.0,1.0
0.151,0.16174602508544922,0.16174602508544922,2.0923080444335938,0.45678743433429947,2.7946804409705237,10.0,1.0
0.152,0.16403484344482422,0.16403484344482422,2.048351287841797,0.4595798606214878,2.790158353346129,10.0,1.0
0.153,0.16594219207763672,0.16594219207763672,2.048351287841797,0.46236775104099176,2.785608727985249,10.0,1.0
0.154,0.16823101043701172,0.16823101043701172,2.162637710571289,0.4651510780774583,2.78103160979083,10.0,1.0
0.155,0.17051982879638672,0.17051982879638672,2.171428680419922,0.4679298142605734,2.7764270439371046,10.0,1.0
0.156,0.17242717742919922,0.17242717742919922,2.1890106201171875,0.4707039321653325,2.7717950758693632,10.0,1.0
0.157,0.17471599578857422,0.17471599578857422,2.206592559814453,0.4734734044123121,2.7671357513032717,10.0,1.0
0.158,0.17700481414794922,0.17700481414794922,2.25054931640625,0.47623820366793906,2.7624491162244453,10.0,1.0
0.159,0.17929363250732422,0.17929363250732422,2.1802196502685547,0.478998302644761,2.7577352168881077,10.0,1.0
0.16,0.18120098114013672,0.18120098114013672,2.0307693481445312,0.4817536741017153,2.7529940998184372,10.0,1.0
0.161,0.18348979949951172,0.18348979949951172,2.136262893676758,0.4845042908443979,2.7482258118084815,10.0,1.0
0.162,0.18577861785888672,0.18577861785888672,2.2329673767089844,0.4872501257253323,2.7434303999193332,10.0,1.0
0.163,0.18806743621826172,0.18806743621826172,2.3120880126953125,0.48999115164423657,2.7386079114796473,10.0,1.0
0.164,0.18997478485107422,0.18997478485107422,2.1890106201171875,0.49272734154829156,2.7337583940854984,10.0,1.0
0.165,0.19226360321044922,0.19226360321044922,2.285715103149414,0.4954586684324076,2.7288818955996135,10.0,1.0
0.166,0.19455242156982422,0.19455242156982422,2.2241764068603516,0.4981851053394908,2.7239784641511164,10.0,1.0
0.167,0.19684123992919922,0.19684123992919922,2.171428680419922,0.5009066253607098,2.7190481481349877,10.0,1.0
0.168,0.19874858856201172,0.19874858856201172,2.127471923828125,0.5036232016357608,2.714090996211354,10.0,1.0
0.169,0.20103740692138672,0.20103740692138672,2.2153854370117188,0.5063348073531325,2.7091070573052605,10.0,1.0
0.17,0.20332622528076172,0.20332622528076172,2.3032970428466797,0.5090414157503713,2.704096380606188,10.0,1.0
0.171,0.20561504364013672,0.20561504364013672,2.25054931640625,0.5117430001143449,2.6990590155675704,10.0,1.0
0.17200000000000001,0.20790386199951172,0.20790386199951172,2.259340286254883,0.5144395337815064,2.6939950119061393,10.0,1.0
0.17300000000000001,0.21019268035888672,0.21019268035888672,2.3208789825439453,0.5171309901381572,2.688904419601556,10.0,1.0
0.17400000000000002,0.21248149871826172,0.21248149871826172,2.1890106201171875,0.5198173426207096,2.6837872888958145,10.0,1.0
0.17500000000000002,0.21438884735107422,0.21438884735107422,2.1098899841308594,0.5224985647159488,2.67864367029307,10.0,1.0
0.176,0.21667766571044922,0.21667766571044922,2.3208789825439453,0.5251746299612956,2.673473614558816,10.0,1.0
0.177,0.21934890747070312,0.21934890747070312,2.338460922241211,0.5278455119450663,2.668277172719229,10.0,1.0
0.178,0.22163772583007812,0.22163772583007812,2.3560447692871094,0.530511184306734,2.6630543960611135,10.0,1.0
0.179,0.22392654418945312,0.22392654418945312,2.3032970428466797,0.5331716207371886,2.6578053361312755,10.0,1.0
0.18,0.22621536254882812,0.22621536254882812,2.452747344970703,0.5358267949789967,2.6525300447357836,10.0,1.0
0.181,0.22850418090820312,0.22850418090820312,2.2241764068603516,0.5384766808266601,2.6472285739395716,10.0,1.0
0.182,0.23079299926757812,0.23079299926757812,2.171428680419922,0.5411212521268758,2.641900976066097,10.0,1.0
0.183,0.23308181762695312,0.23308181762695312,2.3912086486816406,0.5437604827787924,2.636547303696659,10.0,1.0
0.184,0.23537063598632812,0.23537063598632812,2.452747344970703,0.5463943467342691,2.631167609669717,10.0,1.0
0.185,0.23804092407226562,0.23804092407226562,2.338460922241211,0.5490228179981318,2.625761947080548,10.0,1.0
0.186,0.24032974243164062,0.24032974243164062,2.364835739135742,0.5516458706284302,2.6203303692810778,10.0,1.0
0.187,0.24261856079101562,0.24261856079101562,2.575824737548828,0.554263478736694,2.6148729298788567,10.0,1.0
0.188,0.24528884887695312,0.24528884887695312,2.3120880126953125,0.556875616488188,2.6093896827364915,10.0,1.0
0.189,0.24719619750976562,0.24719619750976562,2.2153854370117188,0.559482258102167,2.6038806819713045,10.0,1.0
0.19,0.24986648559570312,0.24986648559570312,2.4967041015625,0.5620833778521306,2.598345981955049,10.0,1.0
0.191,0.2521553039550781,0.2521553039550781,2.505495071411133,0.564678950066077,2.592785637313,10.0,1.0
0.192,0.2548255920410156,0.2548255920410156,2.3560447692871094,0.5672689491267565,2.5871997029233853,10.0,1.0
0.193,0.2571144104003906,0.2571144104003906,2.5142860412597656,0.5698533494719238,2.5815882339171594,10.0,1.0
0.194,0.2597846984863281,0.2597846984863281,2.6901092529296875,0.5724321255945909,2.5759512856773767,10.0,1.0
0.195,0.2620735168457031,0.2620735168457031,2.259340286254883,0.5750052520432786,2.5702889138383966,10.0,1.0
0.196,0.2643623352050781,0.2643623352050781,2.25054931640625,0.5775727034222676,2.5646011742854284,10.0,1.0
0.197,0.2670326232910156,0.2670326232910156,2.7164840698242188,0.5801344543918494,2.5588881231542473,10.0,1.0
0.198,0.2697029113769531,0.2697029113769531,2.4879112243652344,0.5826904796685761,2.5531498168303415,10.0,1.0
0.199,0.2719917297363281,0.2719917297363281,2.338460922241211,0.5852407540255101,2.5473863119485145,10.0,1.0
0.2,0.2746620178222656,0.2746620178222656,2.619779586791992,0.5877852522924731,2.541597665392203,10.0,1.0
0.201,0.2773323059082031,0.2773323059082031,2.6021976470947266,0.5903239493562945,2.535783934293022,10.0,1.0
0.202,0.2796211242675781,0.2796211242675781,2.2769222259521484,0.5928568201610592,2.5299451760301963,10.0,1.0
0.203,0.28191089630126953,0.28191089630126953,2.3560447692871094,0.595383839708355,2.524081448229765,10.0,1.0
0.20400000000000001,0.28458118438720703,0.28458118438720703,2.7340660095214844,0.5979049830575188,2.5181928087645247,10.0,1.0
0.20500000000000002,0.28687000274658203,0.28687000274658203,2.4087905883789062,0.600420225325884,2.5122793157529486,10.0,1.0
0.20600000000000002,0.28915882110595703,0.28915882110595703,2.364835739135742,0.6029295416890247,2.506341027558676,10.0,1.0
0.20700000000000002,0.29221057891845703,0.29221057891845703,2.7164840698242188,0.6054329073810014,2.5003780027903986,10.0,1.0
0.20800000000000002,0.29449939727783203,0.29449939727783203,2.5318679809570312,0.6079302976946055,2.4943903003006085,10.0,1.0
0.209,0.29678821563720703,0.29678821563720703,2.285715103149414,0.6104216879816026,2.4883779791854863,10.0,1.0
0.21,0.29945850372314453,0.29945850372314453,2.461538314819336,0.6129070536529764,2.4823410987843886,10.0,1.0
0.211,0.30174732208251953,0.30174732208251953,2.5670337677001953,0.6153863701791714,2.4762797186789953,10.0,1.0
0.212,0.30441761016845703,0.30441761016845703,2.5230770111083984,0.6178596130903343,2.4701938986923437,10.0,1.0
0.213,0.30708789825439453,0.30708789825439453,2.540658950805664,0.620326757976556,2.4640836988891124,10.0,1.0
0.214,0.30937671661376953,0.30937671661376953,2.6109886169433594,0.6227877804881126,2.4579491795744843,10.0,1.0
0.215,0.31204700469970703,0.31204700469970703,2.4087905883789062,0.6252426563357051,2.45179040129392,10.0,1.0
0.216,0.31433582305908203,0.31433582305908203,2.3999996185302734,0.6276913612907005,2.445607424832019,10.0,1.0
0.217,0.31700611114501953,0.31700611114501953,2.6109886169433594,0.6301338711853691,2.4394003112120117,10.0,1.0
0.218,0.31967639923095703,0.31967639923095703,2.5934066772460938,0.6325701619131244,2.433169121695755,10.0,1.0
0.219,0.32196521759033203,0.32196521759033203,2.5582408905029297,0.6350002094287606,2.426913917782599,10.0,1.0
0.22,0.32463550567626953,0.32463550567626953,2.6549453735351562,0.6374239897486896,2.4206347612088734,10.0,1.0
0.221,0.32730579376220703,0.32730579376220703,2.549449920654297,0.6398414789511784,2.4143317139473766,10.0,1.0
0.222,0.32997608184814453,0.32997608184814453,2.5142860412597656,0.6422526531765844,2.408004838206466,10.0,1.0
0.223,0.33226490020751953,0.33226490020751953,2.5142860412597656,0.6446574886275913,2.401654196429888,10.0,1.0
0.224,0.33493518829345703,0.33493518829345703,2.672527313232422,0.6470559615694442,2.395279851296209,10.0,1.0
0.225,0.33760547637939453,0.33760547637939453,2.6989002227783203,0.6494480483301837,2.3888818657172806,10.0,1.0
0.226,0.34027576446533203,0.34027576446533203,2.619779586791992,0.6518337253008788,2.3824603028386946,10.0,1.0
0.227,0.34294605255126953,0.34294605255126953,2.672527313232422,0.6542129689358611,2.3760152260388736,10.0,1.0
0.228,0.34561729431152344,0.34561729431152344,2.663736343383789,0.6565857557529565,2.369546698927934,10.0,1.0
0.229,0.34828758239746094,0.34828758239746094,2.4439563751220703,0.658952062333717,2.3630547853476855,10.0,1.0
0.23,0.35057640075683594,0.35057640075683594,2.628570556640625,0.6613118653236518,2.356539549370723,10.0,1.0
0.231,0.35362815856933594,0.35362815856933594,2.795604705810547,0.6636651414324585,2.350001055299913,10.0,1.0
0.232,0.35629844665527344,0.35629844665527344,2.5934066772460938,0.6660118674342517,2.3434393676673153,10.0,1.0
0.233,0.35858726501464844,0.35858726501464844,2.619779586791992,0.668352020167793,2.3368545512341257,10.0,1.0
0.234,0.36163902282714844,0.36163902282714844,2.75164794921875,0.67068557653672,2.330246670990107,10.0,1.0
0.23500000000000001,0.36392784118652344,0.36392784118652344,2.4967041015625,0.6730125135097733,2.323615792152225,10.0,1.0
0.23600000000000002,0.36659812927246094,0.36659812927246094,2.4703292846679688,0.6753328081210245,2.3169619801645354,10.0,1.0
0.23700000000000002,0.36926841735839844,0.36926841735839844,2.786813735961914,0.6776464374701023,2.3102853006973874,10.0,1.0
0.23800000000000002,0.37193870544433594,0.37193870544433594,2.6549453735351562,0.6799533787224192,2.3035858196470826,10.0,1.0
0.23900000000000002,0.37460899353027344,0.37460899353027344,2.549449920654297,0.6822536091093965,2.2968636031347387,10.0,1.0
0.24,0.37727928161621094,0.37727928161621094,2.742856979370117,0.6845471059286886,2.2901187175059476,10.0,1.0
0.241,0.37994956970214844,0.37994956970214844,2.628570556640625,0.6868338465444083,2.2833512293299805,10.0,1.0
0.242,0.38223838806152344,0.38223838806152344,2.364835739135742,0.6891138083873485,2.276561205399048,10.0,1.0
0.243,0.38490867614746094,0.38490867614746094,2.707693099975586,0.6913869689552065,2.2697487127281875,10.0,1.0
0.244,0.38757896423339844,0.38757896423339844,2.8043956756591797,0.6936533058128049,2.2629138185539546,10.0,1.0
0.245,0.39024925231933594,0.39024925231933594,2.4879112243652344,0.6959127965923143,2.2560565903338556,10.0,1.0
0.246,0.39291954040527344,0.39291954040527344,2.6373634338378906,0.6981654189934726,2.249177095746006,10.0,1.0
0.247,0.39558982849121094,0.39558982849121094,2.6989002227783203,0.7004111507838063,2.2422754026882785,10.0,1.0
0.248,0.39787864685058594,0.39787864685058594,2.382417678833008,0.7026499697988492,2.2353515792775056,10.0,1.0
0.249,0.40054893493652344,0.40054893493652344,2.619779586791992,0.7048818539423614,2.2284056938491403,10.0,1.0
0.25,0.40321922302246094,0.40321922302246094,2.8131866455078125,0.7071067811865475,2.221437814956232,10.0,1.0
0.251,0.40588951110839844,0.40588951110839844,2.5318679809570312,0.7093247295722739,2.2144480113689156,10.0,1.0
0.252,0.40856075286865234,0.40856075286865234,2.6021976470947266,0.7115356772092853,2.207436352073728,10.0,1.0
0.253,0.41123104095458984,0.41123104095458984,2.786813735961914,0.7137396022764213,2.2004029062728705,10.0,1.0
0.254,0.41390132904052734,0.41390132904052734,2.505495071411133,0.7159364830218311,2.193347743383754,10.0,1.0
0.255,0.41619014739990234,0.41619014739990234,2.417581558227539,0.7181262977631888,2.1862709330379175,10.0,1.0
0.256,0.41886043548583984,0.41886043548583984,2.830768585205078,0.7203090248879069,2.179172545080519,10.0,1.0
0.257,0.42191219329833984,0.42191219329833984,2.75164794921875,0.7224846428533498,2.172052649569821,10.0,1.0
0.258,0.42420101165771484,0.42420101165771484,2.417581558227539,0.7246531301870466,2.164911316776511,10.0,1.0
0.259,0.42687129974365234,0.42687129974365234,2.7164840698242188,0.7268144654869029,2.1577486171825058,10.0,1.0
0.26,0.42992305755615234,0.42992305755615234,2.6989002227783203,0.7289686274214116,2.150564621480612,10.0,1.0
0.261,0.43183040618896484,0.43183040618896484,2.329669952392578,0.7311155947298641,2.143359400574184,10.0,1.0
0.262,0.43450069427490234,0.43450069427490234,2.5934066772460938,0.73325534622256,2.136133025575873,10.0,1.0
0.263,0.43755245208740234,0.43755245208740234,2.962636947631836,0.7353878607810158,2.1288855678070036,10.0,1.0
0.264,0.43984127044677734,0.43984127044677734,2.4967041015625,0.7375131173581739,2.1216170987968894,10.0,1.0
0.265,0.44251155853271484,0.44251155853271484,2.549449920654297,0.7396310949786097,2.1143276902826074,10.0,1.0
0.266,0.44556331634521484,0.44556331634521484,2.8219776153564453,0.7417417727387392,2.1070174142076894,10.0,1.0
0.267,0.44785213470458984,0.44785213470458984,2.4263744354248047,0.743845129807025,2.0996863427214407,10.0,1.0
0.268,0.45014095306396484,0.45014095306396484,2.4967041015625,0.7459411454241821,2.092334548178769,10.0,1.0
0.269,0.45319271087646484,0.45319271087646484,2.8219776153564453,0.7480297989033825,2.084962103138764,10.0,1.0
0.27,0.45586299896240234,0.45586299896240234,2.6109886169433594,0.7501110696304596,2.0775690803644125,10.0,1.0
0.271,0.45815181732177734,0.45815181732177734,2.5670337677001953,0.7521849370641114,2.0701555528220865,10.0,1.0
0.272,0.46120357513427734,0.46120357513427734,2.760438919067383,0.7542513807361038,2.062721593680294,10.0,1.0
0.273,0.46349239349365234,0.46349239349365234,2.549449920654297,0.756310380251472,2.0552672763090527,10.0,1.0
0.274,0.46616268157958984,0.46616268157958984,2.417581558227539,0.7583619152887219,2.047792674279549,10.0,1.0
0.275,0.46883392333984375,0.46883392333984375,2.6989002227783203,0.760405965600031,2.040297861363001,10.0,1.0
0.276,0.47150421142578125,0.47150421142578125,2.786813735961914,0.7624425110114479,2.032782911530262,10.0,1.0
0.277,0.47417449951171875,0.47417449951171875,2.5142860412597656,0.7644715314230917,2.0252478989509655,10.0,1.0
0.278,0.47646331787109375,0.47646331787109375,2.6109886169433594,0.7664930068093498,2.0176928979925606,10.0,1.0
0.279,0.47951507568359375,0.47951507568359375,2.707693099975586,0.7685069172190767,2.010117983219743,10.0,1.0
0.28,0.48180389404296875,0.48180389404296875,2.3999996185302734,0.7705132427757893,2.002523229393887,10.0,1.0
0.281,0.48447418212890625,0.48447418212890625,2.549449920654297,0.7725119636778645,1.9949087114722488,10.0,1.0
0.28200000000000003,0.48714447021484375,0.48714447021484375,2.795604705810547,0.7745030601987338,1.9872745046070577,10.0,1.0
0.28300000000000003,0.48981475830078125,0.48981475830078125,2.5934066772460938,0.7764865126870786,1.9796206841448338,10.0,1.0
0.28400000000000003,0.49248504638671875,0.49248504638671875,2.505495071411133,0.7784623015670235,1.9719473256255355,10.0,1.0
0.28500000000000003,0.49477386474609375,0.49477386474609375,2.584615707397461,0.7804304073383297,1.9642545047823319,10.0,1.0
0.28600000000000003,0.49744415283203125,0.49744415283203125,2.4967041015625,0.7823908105765881,1.9565422975402385,10.0,1.0
0.28700000000000003,0.49973297119140625,0.49973297119140625,2.575824737548828,0.7843434919334101,1.9488107800153784,10.0,1.0
0.28800000000000003,0.5024032592773438,0.5024032592773438,2.619779586791992,0.7862884321366189,1.9410600285150394,10.0,1.0
0.289,0.5050735473632812,0.5050735473632812,2.5934066772460938,0.78822561199044,1.933290119535684,10.0,1.0
0.29,0.5077438354492188,0.5077438354492188,2.6021976470947266,0.7901550123756903,1.9255011297635178,10.0,1.0
0.291,0.5104141235351562,0.5104141235351562,2.575824737548828,0.792076614249967,1.9176931360725007,10.0,1.0
0.292,0.5127029418945312,0.5127029418945312,2.4791202545166016,0.7939903986478353,1.9098662155244028,10.0,1.0
0.293,0.5149917602539062,0.5149917602539062,2.4087905883789062,0.7958963466810158,1.9020204453678389,10.0,1.0
0.294,0.5176620483398438,0.5176620483398438,2.540658950805664,0.797794439538571,1.8941559030373583,10.0,1.0
0.295,0.5203323364257812,0.5203323364257812,2.6109886169433594,0.7996846584870905,1.8862726661527631,10.0,1.0
0.296,0.5226211547851562,0.5226211547851562,2.5142860412597656,0.8015669848708765,1.878370812518483,10.0,1.0
0.297,0.5252914428710938,0.5252914428710938,2.6021976470947266,0.8034414001121275,1.8704504201227223,10.0,1.0
0.298,0.5279617309570312,0.5279617309570312,2.5142860412597656,0.8053078857111219,1.86251156713638,10.0,1.0
0.299,0.5302505493164062,0.5302505493164062,2.3999996185302734,0.8071664232464002,1.854554331912766,10.0,1.0
0.3,0.5329217910766602,0.5329217910766602,2.505495071411133,0.8090169943749475,1.846578792986577,10.0,1.0
0.301,0.5355920791625977,0.5355920791625977,2.6021976470947266,0.8108595808323734,1.838585029073215,10.0,1.0
0.302,0.5382623672485352,0.5382623672485352,2.5582408905029297,0.812694164433094,1.8305731190679921,10.0,1.0
0.303,0.5405511856079102,0.5405511856079102,2.5142860412597656,0.8145207270705094,1.8225431420449922,10.0,1.0
0.304,0.5432214736938477,0.5432214736938477,2.5582408905029297,0.8163392507171839,1.8144951772570153,10.0,1.0
0.305,0.5455102920532227,0.5455102920532227,2.5318679809570312,0.8181497174250234,1.8064293041341557,10.0,1.0
0.306,0.5481805801391602,0.5481805801391602,2.3999996185302734,0.8199521093254523,1.7983456022834048,10.0,1.0
0.307,0.5504693984985352,0.5504693984985352,2.4967041015625,0.8217464086295903,1.7902441514876273,10.0,1.0
0.308,0.5531396865844727,0.5531396865844727,2.584615707397461,0.8235325976284275,1.782125031704652,10.0,1.0
0.309,0.5554285049438477,0.5554285049438477,2.5230770111083984,0.8253106586929996,1.773988323067158,10.0,1.0
0.31,0.5580987930297852,0.5580987930297852,2.6109886169433594,0.8270805742745618,1.765834105881197,10.0,1.0
0.311,0.5607690811157227,0.5607690811157227,2.4703292846679688,0.8288423269047619,1.7576624606253972,10.0,1.0
0.312,0.5630578994750977,0.5630578994750977,2.3560447692871094,0.8305958991958126,1.749473467950736,10.0,1.0
0.313,0.5657281875610352,0.5657281875610352,2.4703292846679688,0.8323412738406634,1.7412672086792895,10.0,1.0
0.314,0.5680170059204102,0.5680170059204102,2.540658950805664,0.8340784336131711,1.73304376380338,10.0,1.0
0.315,0.5706872940063477,0.5706872940063477,2.505495071411133,0.8358073613682702,1.7248032144852345,10.0,1.0
0.316,0.5729761123657227,0.5729761123657227,2.452747344970703,0.8375280400421417,1.7165456420557348,10.0,1.0
0.317,0.5756464004516602,0.5756464004516602,2.4967041015625,0.8392404526523817,1.7082711280136778,10.0,1.0
0.318,0.5779352188110352,0.5779352188110352,2.338460922241211,0.840944582298169,1.6999797540253212,10.0,1.0
0.319,0.5802240371704102,0.5802240371704102,2.2329673767089844,0.8426404121604323,1.6916716019230194,10.0,1.0
0.32,0.5828943252563477,0.5828943252563477,2.5142860412597656,0.8443279255020151,1.6833467537049387,10.0,1.0
0.321,0.5851831436157227,0.5851831436157227,2.4703292846679688,0.8460071056678422,1.6750052915340348,10.0,1.0
0.322,0.5874719619750977,0.5874719619750977,2.285715103149414,0.8476779360850831,1.6666472977371427,10.0,1.0
0.323,0.5897607803344727,0.5897607803344727,2.417581558227539,0.8493404002633165,1.658272854804352,10.0,1.0
0.324,0.5920495986938477,0.5920495986938477,2.4967041015625,0.8509944817946918,1.6498820453878693,10.0,1.0
0.325,0.5943393707275391,0.5943393707275391,2.25054931640625,0.8526401643540922,1.641474952301678,10.0,1.0
0.326,0.5966281890869141,0.5966281890869141,2.162637710571289,0.8542774316992952,1.633051658520401,10.0,1.0
0.327,0.5989170074462891,0.5989170074462891,2.417581558227539,0.855906267671133,1.6246122471785611,10.0,1.0
0.328,0.6015872955322266,0.6015872955322266,2.373626708984375,0.8575266561936523,1.6161568015697299,10.0,1.0
0.329,0.6034946441650391,0.6034946441650391,2.241758346557617,0.8591385812742725,1.6076854051456735,10.0,1.0
0.33,0.6061649322509766,0.6061649322509766,2.3560447692871094,0.8607420270039436,1.5991981415157852,10.0,1.0
0.331,0.6084537506103516,0.6084537506103516,2.5318679809570312,0.862336977557304,1.5906950944457776,10.0,1.0
0.332,0.6107425689697266,0.6107425689697266,2.1890106201171875,0.8639234171928353,1.5821763478573985,10.0,1.0
0.333,0.6126499176025391,0.6126499176025391,2.0571422576904297,0.8655013302530189,1.5736419858274076,10.0,1.0
0.334,0.6153202056884766,0.6153202056884766,2.382417678833008,0.86707070116449,1.5650920925861556,10.0,1.0
0.335,0.6176090240478516,0.6176090240478516,2.4439563751220703,0.8686315144381912,1.5565267525178115,10.0,1.0
0.336,0.6198978424072266,0.6198978424072266,2.2153854370117188,0.8701837546695257,1.5479460501588846,10.0,1.0
0.337,0.6221866607666016,0.6221866607666016,2.2241764068603516,0.8717274065385089,1.5393500701972584,10.0,1.0
0.338,0.6244754791259766,0.6244754791259766,2.540658950805664,0.8732624548099202,1.530738897471963,10.0,1.0
0.339,0.6267642974853516,0.6267642974853516,2.285715103149414,0.8747888843334528,1.5221126169717536,10.0,1.0
0.34,0.6290531158447266,0.6290531158447266,2.0307693481445312,0.8763066800438637,1.5134713138344296,10.0,1.0
0.341,0.6313419342041016,0.6313419342041016,2.2241764068603516,0.8778158269611217,1.5048150733462649,10.0,1.0
0.342,0.6336307525634766,0.6336307525634766,2.4439563751220703,0.8793163101905562,1.4961439809409285,10.0,1.0
0.343,0.6359195709228516,0.6359195709228516,2.171428680419922,0.8808081149230036,1.4874581221985181,10.0,1.0
0.34400000000000003,0.6378269195556641,0.6378269195556641,2.083517074584961,0.8822912264349533,1.4787575828449349,10.0,1.0
0.34500000000000003,0.6401157379150391,0.6401157379150391,2.338460922241211,0.8837656300886935,1.4700424487509736,10.0,1.0
0.34600000000000003,0.6424045562744141,0.6424045562744141,2.338460922241211,0.8852313113324553,1.4613128059315272,10.0,1.0
0.34700000000000003,0.6446933746337891,0.6446933746337891,2.127471923828125,0.8866882557005565,1.4525687405446774,10.0,1.0
0.34800000000000003,0.6466007232666016,0.6466007232666016,2.0219783782958984,0.8881364488135446,1.443810338890728,10.0,1.0
0.34900000000000003,0.6488895416259766,0.6488895416259766,2.2329673767089844,0.889575876378338,1.4350376874115796,10.0,1.0
0.35000000000000003,0.6511783599853516,0.6511783599853516,2.206592559814453,0.8910065241883678,1.4262508726899341,10.0,1.0
0.35100000000000003,0.6534671783447266,0.6534671783447266,2.171428680419922,0.8924283781237179,1.4174499814480441,10.0,1.0
0.352,0.6553745269775391,0.6553745269775391,2.1098899841308594,0.8938414241512637,1.4086351005468032,10.0,1.0
0.353,0.6576642990112305,0.6576642990112305,2.2769222259521484,0.8952456483248116,1.3998063169860302,10.0,1.0
0.354,0.6599531173706055,0.6599531173706055,2.083517074584961,0.8966410367852358,1.3909637179019683,10.0,1.0
0.355,0.661860466003418,0.661860466003418,2.004396438598633,0.8980275757606155,1.382107390567569,10.0,1.0
0.356,0.6637678146362305,0.6637678146362305,1.9428577423095703,0.899405251566371,1.3732374223912984,10.0,1.0
0.357,0.6660566329956055,0.6660566329956055,2.1450557708740234,0.9007740506053981,1.364353900915944,10.0,1.0
0.358,0.667963981628418,0.667963981628418,2.039560317993164,0.9021339593682028,1.3554569138183865,10.0,1.0
0.359,0.6698713302612305,0.6698713302612305,2.1010990142822266,0.9034849644330348,1.3465465489084067,10.0,1.0
0.36,0.6721601486206055,0.6721601486206055,2.0219783782958984,0.9048270524660196,1.3376228941274917,10.0,1.0
0.361,0.674067497253418,0.674067497253418,2.1098899841308594,0.9061602102212899,1.3286860375486071,10.0,1.0
0.362,0.6759748458862305,0.6759748458862305,1.9868125915527344,0.9074844245411169,1.3197360673750609,10.0,1.0
0.363,0.6782636642456055,0.6782636642456055,1.9780216217041016,0.90879968235604,1.3107730719394226,10.0,1.0
0.364,0.680171012878418,0.680171012878418,1.916482925415039,0.9101059706849957,1.3017971397026145,10.0,1.0
0.365,0.6820783615112305,0.6820783615112305,2.0307693481445312,0.9114032766354452,1.2928083592535131,10.0,1.0
0.366,0.683985710144043,0.683985710144043,2.039560317993164,0.9126915874035028,1.2838068193079835,10.0,1.0
0.367,0.686274528503418,0.686274528503418,2.0923080444335938,0.9139708902740612,1.2747926087074006,10.0,1.0
0.368,0.6881818771362305,0.6881818771362305,1.9780216217041016,0.9152411726209175,1.2657658164184227,10.0,1.0
0.369,0.690089225769043,0.690089225769043,2.004396438598633,0.916502421906898,1.2567265315317968,10.0,1.0
0.37,0.6919965744018555,0.6919965744018555,2.0307693481445312,0.9177546256839811,1.2476748432616205,10.0,1.0
0.371,0.6942853927612305,0.6942853927612305,1.9780216217041016,0.9189977715934213,1.2386108409446024,10.0,1.0
0.372,0.696192741394043,0.696192741394043,1.8549442291259766,0.9202318473658703,1.2295346140385277,10.0,1.0
0.373,0.6981000900268555,0.6981000900268555,1.837362289428711,0.9214568408214984,1.2204462521222013,10.0,1.0
0.374,0.6996259689331055,0.6996259689331055,1.9516487121582031,0.9226727398701148,1.211345844894197,10.0,1.0
0.375,0.7019147872924805,0.7019147872924805,2.048351287841797,0.9238795325112867,1.202233482171664,10.0,1.0
0.376,0.703822135925293,0.703822135925293,1.9780216217041016,0.925077206834458,1.1931092538899293,10.0,1.0
0.377,0.7057294845581055,0.7057294845581055,1.8197803497314453,0.9262657510190666,1.1839732501016442,10.0,1.0
0.378,0.707636833190918,0.707636833190918,1.8813190460205078,0.9274451533346614,1.1748255609753642,10.0,1.0
0.379,0.7095441818237305,0.7095441818237305,1.9780216217041016,0.9286154021410173,1.1656662767949797,10.0,1.0
0.38,0.711451530456543,0.711451530456543,1.960439682006836,0.9297764858882513,1.1564954879591482,10.0,1.0
0.381,0.712977409362793,0.712977409362793,1.6791210174560547,0.9309283931169356,1.1473132849798162,10.0,1.0
0.382,0.7148847579956055,0.7148847579956055,1.6967029571533203,0.932071112458211,1.138119758481423,10.0,1.0
0.383,0.716792106628418,0.716792106628418,1.8637371063232422,0.9332046326338985,1.1289149992005605,10.0,1.0
0.384,0.7186994552612305,0.7186994552612305,1.9428577423095703,0.934328942456612,1.1196990979844372,10.0,1.0
0.385,0.7206077575683594,0.7206077575683594,1.8549442291259766,0.9354440308298674,1.1104721457901405,10.0,1.0
0.386,0.7221336364746094,0.7221336364746094,1.6791210174560547,0.9365498867481924,1.1012342336841243,10.0,1.0
0.387,0.7240409851074219,0.7240409851074219,1.7582416534423828,0.9376464992972356,1.091985452840845,10.0,1.0
0.388,0.7255668640136719,0.7255668640136719,1.7846145629882812,0.9387338576538741,1.0827258945420226,10.0,1.0
0.389,0.7274742126464844,0.7274742126464844,1.8109893798828125,0.9398119510863197,1.0734556501756742,10.0,1.0
0.39,0.7290000915527344,0.7290000915527344,1.626373291015625,0.9408807689542255,1.064174811235489,10.0,1.0
0.391,0.7305259704589844,0.7305259704589844,1.5472526550292969,0.9419403007087906,1.0548834693195204,10.0,1.0
0.392,0.7324333190917969,0.7324333190917969,1.6439552307128906,0.9429905358928644,1.0455817161295613,10.0,1.0
0.393,0.7339591979980469,0.7339591979980469,1.7582416534423828,0.9440314641410498,1.0362696434701775,10.0,1.0
0.394,0.7358665466308594,0.7358665466308594,1.8021984100341797,0.9450630751798048,1.026947343247798,10.0,1.0
0.395,0.7373924255371094,0.7373924255371094,1.6527481079101562,0.9460853588275453,1.0176149074697491,10.0,1.0
0.396,0.7392997741699219,0.7392997741699219,1.5736255645751953,0.9470983049947443,1.0082724282433446,10.0,1.0
0.397,0.7408256530761719,0.7408256530761719,1.6351642608642578,0.948101903684032,0.9989199977751468,10.0,1.0
0.398,0.7423515319824219,0.7423515319824219,1.7054939270019531,0.9490961449902946,0.9895577083698299,10.0,1.0
0.399,0.7442588806152344,0.7442588806152344,1.6703300476074219,0.9500810191007717,0.9801856524294408,10.0,1.0
0.4,0.7457847595214844,0.7457847595214844,1.5208797454833984,0.9510565162951535,0.9708039224524896,10.0,1.0
0.401,0.7469291687011719,0.7469291687011719,1.4505500793457031,0.9520226269456766,0.9614126110326993,10.0,1.0
0.402,0.7488365173339844,0.7488365173339844,1.5648345947265625,0.9529793415172189,0.952011810858437,10.0,1.0
0.403,0.7503623962402344,0.7503623962402344,1.6527481079101562,0.9539266505673936,0.9426016147120322,10.0,1.0
0.404,0.7518882751464844,0.7518882751464844,1.7230777740478516,0.954864544746643,0.9331821154682984,10.0,1.0
0.405,0.7537956237792969,0.7537956237792969,1.6175823211669922,0.9557930147983301,0.9237534060937946,10.0,1.0
0.406,0.7549400329589844,0.7549400329589844,1.4329662322998047,0.9567120515588305,0.9143155796460292,10.0,1.0
0.40700000000000003,0.7564659118652344,0.7564659118652344,1.459341049194336,0.9576216459576222,0.904868729272664,10.0,1.0
0.40800000000000003,0.7579917907714844,0.7579917907714844,1.6000003814697266,0.9585217890173758,0.8954129482103212,10.0,1.0
0.40900000000000003,0.7598991394042969,0.7598991394042969,1.6703300476074219,0.9594124718540429,0.8859483297836164,10.0,1.0
0.41000000000000003,0.7614250183105469,0.7614250183105469,1.5296707153320312,0.9602936856769431,0.8764749674045333,10.0,1.0
0.41100000000000003,0.7625694274902344,0.7625694274902344,1.3274726867675781,0.9611654217888519,0.8669929545714012,10.0,1.0
0.41200000000000003,0.7640953063964844,0.7640953063964844,1.3186817169189453,0.9620276715860859,0.8575023848678711,10.0,1.0
0.41300000000000003,0.7652397155761719,0.7652397155761719,1.3802204132080078,0.9628804265585876,0.8480033519618928,10.0,1.0
0.41400000000000003,0.7667655944824219,0.7667655944824219,1.4945049285888672,0.9637236782900097,0.8384959496052034,10.0,1.0
0.41500000000000004,0.7686729431152344,0.7686729431152344,1.6351642608642578,0.9645574184577981,0.8289802716320764,10.0,1.0
0.41600000000000004,0.7701988220214844,0.7701988220214844,1.538461685180664,0.9653816388332739,0.8194564119583561,10.0,1.0
0.417,0.7713432312011719,0.7713432312011719,1.3010997772216797,0.9661963312817147,0.809924464580547,10.0,1.0
0.418,0.7724876403808594,0.7724876403808594,1.2835159301757812,0.967001487762435,0.8003845235753602,10.0,1.0
0.419,0.7740135192871094,0.7740135192871094,1.3274726867675781,0.9677971003288655,0.790836683098064,10.0,1.0
0.42,0.7755393981933594,0.7755393981933594,1.3978023529052734,0.9685831611286311,0.7812810373819161,10.0,1.0
0.421,0.7766838073730469,0.7766838073730469,1.4681320190429688,0.9693596624036293,0.7717176807373676,10.0,1.0
0.422,0.7782096862792969,0.7782096862792969,1.3890113830566406,0.9701265964901058,0.762146707550869,10.0,1.0
0.423,0.7793540954589844,0.7793540954589844,1.1868133544921875,0.970883955818731,0.752568212284018,10.0,1.0
0.424,0.7804985046386719,0.7804985046386719,1.1868133544921875,0.9716317329146739,0.7429822894727636,10.0,1.0
0.425,0.7816438674926758,0.7816438674926758,1.1692314147949219,0.9723699203976766,0.7333890337263256,10.0,1.0
0.426,0.7831697463989258,0.7831697463989258,1.292306900024414,0.9730985109821265,0.7237885397261721,10.0,1.0
0.427,0.7843141555786133,0.7843141555786133,1.4505500793457031,0.9738174974771289,0.7141809022253369,10.0,1.0
0.428,0.7858400344848633,0.7858400344848633,1.4065933227539062,0.9745268727865771,0.704566216047283,10.0,1.0
0.429,0.7873659133911133,0.7873659133911133,1.292306900024414,0.9752266299092234,0.6949445760850494,10.0,1.0
0.43,0.7885103225708008,0.7885103225708008,1.1164836883544922,0.9759167619387473,0.6853160773005698,10.0,1.0
0.431,0.7892732620239258,0.7892732620239258,1.1164836883544922,0.9765972620638246,0.67568081472308,10.0,1.0
0.432,0.7907991409301758,0.7907991409301758,1.1692314147949219,0.9772681235681935,0.6660388834486071,10.0,1.0
0.433,0.7919435501098633,0.7919435501098633,1.1868133544921875,0.9779293398307218,0.6563903786392871,10.0,1.0
0.434,0.7930879592895508,0.7930879592895508,1.24835205078125,0.9785809043254721,0.6467353955220005,10.0,1.0
0.435,0.7942323684692383,0.7942323684692383,1.1956043243408203,0.9792228106217657,0.6370740293874064,10.0,1.0
0.436,0.7953767776489258,0.7953767776489258,1.1076927185058594,0.9798550523842469,0.6274063755893167,10.0,1.0
0.437,0.7965211868286133,0.7965211868286133,0.9758243560791016,0.9804776233729444,0.6177325295436162,10.0,1.0
0.438,0.7972841262817383,0.7972841262817383,1.0109882354736328,0.9810905174433341,0.6080525867271831,10.0,1.0
0.439,0.7984285354614258,0.7984285354614258,0.9934062957763672,0.9816937285463988,0.5983666426772629,10.0,1.0
0.44,0.7995729446411133,0.7995729446411133,1.0813179016113281,0.9822872507286886,0.5886747929902185,10.0,1.0
0.441,0.8003358840942383,0.8003358840942383,1.1340656280517578,0.9828710781323792,0.5789771333205636,10.0,1.0
0.442,0.8018617630004883,0.8018617630004883,1.2307701110839844,0.9834452049953297,0.5692737593802235,10.0,1.0
0.443,0.8030061721801758,0.8030061721801758,1.1516475677490234,0.9840096256511397,0.5595647669377968,10.0,1.0
0.444,0.8037691116333008,0.8037691116333008,1.002197265625,0.9845643345292053,0.5498502518171335,10.0,1.0
0.445,0.8049135208129883,0.8049135208129883,0.9406585693359375,0.985109326154774,0.5401303098963695,10.0,1.0
0.446,0.8056764602661133,0.8056764602661133,0.9758243560791016,0.985644595148998,0.5304050371074709,10.0,1.0
0.447,0.8068208694458008,0.8068208694458008,0.9582424163818359,0.9861701362289889,0.5206745294349844,10.0,1.0
0.448,0.8075838088989258,0.8075838088989258,0.9846153259277344,0.986685944207868,0.5109388829151271,10.0,1.0
0.449,0.8087282180786133,0.8087282180786133,0.9758243560791016,0.9871920139948192,0.5011981936348775,10.0,1.0
0.45,0.8098726272583008,0.8098726272583008,1.0549449920654297,0.9876883405951378,0.4914525577307245,10.0,1.0
0.451,0.8106355667114258,0.8106355667114258,0.9406585693359375,0.9881749191102805,0.48170207138815613,10.0,1.0
0.452,0.8117799758911133,0.8117799758911133,0.9142856597900391,0.9886517447379141,0.4719468308405794,10.0,1.0
0.453,0.8125429153442383,0.8125429153442383,0.7999992370605469,0.9891188127719618,0.4621869323684109,10.0,1.0
0.454,0.8133058547973633,0.8133058547973633,0.7824172973632812,0.9895761186026509,0.4524224722978829,10.0,1.0
0.455,0.8140687942504883,0.8140687942504883,0.8351650238037109,0.9900236577165575,0.44265354700013404,10.0,1.0
0.456,0.8148317337036133,0.8148317337036133,0.7384624481201172,0.9904614256966512,0.43288025289058396,10.0,1.0
0.457,0.8155946731567383,0.8155946731567383,0.8351650238037109,0.9908894182223387,0.4231026864276828,10.0,1.0
0.458,0.8163576126098633,0.8163576126098633,0.8263740539550781,0.9913076310695066,0.4133209441121153,10.0,1.0
0.459,0.8175020217895508,0.8175020217895508,0.8703289031982422,0.9917160601105629,0.40353512248566403,10.0,1.0
0.46,0.8182649612426758,0.8182649612426758,0.9318675994873047,0.9921147013144779,0.3937453181304136,10.0,1.0
0.461,0.8190279006958008,0.8190279006958008,0.8351650238037109,0.9925035507468237,0.3839516276678978,10.0,1.0
0.462,0.8197908401489258,0.8197908401489258,0.8615379333496094,0.9928826045698137,0.37415414775779254,10.0,1.0
0.463,0.8205537796020508,0.8205537796020508,0.7208786010742188,0.9932518590423394,0.3643529750973471,10.0,1.0
0.464,0.8213167190551758,0.8213167190551758,0.7208786010742188,0.9936113105200084,0.3545482064201906,10.0,1.0
0.465,0.8220796585083008,0.8220796585083008,0.7384624481201172,0.9939609554551797,0.34473993849525186,10.0,1.0
0.466,0.8228425979614258,0.8228425979614258,0.6505489349365234,0.9943007903969989,0.33492826812630483,10.0,1.0
0.467,0.8236055374145508,0.8236055374145508,0.7208786010742188,0.9946308119914323,0.325113292150661,10.0,1.0
0.468,0.8243684768676758,0.8243684768676758,0.6769237518310547,0.9949510169813002,0.31529510743797573,10.0,1.0
0.46900000000000003,0.8247499465942383,0.8247499465942383,0.6857147216796875,0.9952614022063083,0.3054738108899073,10.0,1.0
0.47000000000000003,0.8255128860473633,0.8255128860473633,0.6769237518310547,0.99556196460308,0.2956494994386958,10.0,1.0
0.47100000000000003,0.8262758255004883,0.8262758255004883,0.6857147216796875,0.9958527012051857,0.2858222700462534,10.0,1.0
0.47200000000000003,0.8270387649536133,0.8270387649536133,0.624176025390625,0.9961336091431725,0.27599221970336885,10.0,1.0
0.47300000000000003,0.8274202346801758,0.8274202346801758,0.6417579650878906,0.9964046856445924,0.2661594454286842,10.0,1.0
0.47400000000000003,0.8281831741333008,0.8281831741333008,0.6065940856933594,0.9966659280340299,0.2563240442677852,10.0,1.0
0.47500000000000003,0.8285646438598633,0.8285646438598633,0.5538463592529297,0.996917333733128,0.24648611329200776,10.0,1.0
0.47600000000000003,0.8293275833129883,0.8293275833129883,0.4923076629638672,0.9971589002606139,0.23664574959786933,10.0,1.0
0.47700000000000004,0.8297090530395508,0.8297090530395508,0.5186805725097656,0.9973906252323237,0.22680305030564796,10.0,1.0
0.47800000000000004,0.8300905227661133,0.8300905227661133,0.5186805725097656,0.9976125063612252,0.21695811255887065,10.0,1.0
0.47900000000000004,0.8308534622192383,0.8308534622192383,0.5274734497070312,0.9978245414574415,0.2071110335232902,10.0,1.0
0.48,0.8312349319458008,0.8312349319458008,0.4483509063720703,0.9980267284282716,0.19726191038506613,10.0,1.0
0.481,0.8316164016723633,0.8316164016723633,0.5362644195556641,0.9982190652782118,0.18741084035173117,10.0,1.0
0.482,0.8323793411254883,0.8323793411254883,0.5362644195556641,0.998401550108975,0.17755792064895104,10.0,1.0
0.483,0.8327608108520508,0.8327608108520508,0.5098896026611328,0.9985741811195097,0.16770324852120666,10.0,1.0
0.484,0.8331422805786133,0.8331422805786133,0.5010986328125,0.9987369566060175,0.15784692123014565,10.0,1.0
0.485,0.8339052200317383,0.8339052200317383,0.5274734497070312,0.99888987496197,0.14798903605361602,10.0,1.0
0.486,0.8342866897583008,0.8342866897583008,0.5450553894042969,0.9990329346781247,0.13812969028504085,10.0,1.0
0.487,0.8350496292114258,0.8350496292114258,0.5362644195556641,0.9991661343425401,0.12826898123228148,10.0,1.0
0.488,0.8354310989379883,0.8354310989379883,0.4483509063720703,0.9992894726405892,0.11840700621638689,10.0,1.0
0.489,0.8358125686645508,0.8358125686645508,0.4835166931152344,0.9994029483549729,0.10854386257119586,10.0,1.0
0.49,0.8361940383911133,0.8361940383911133,0.45714378356933594,0.9995065603657316,0.09867964764185899,10.0,1.0
0.491,0.8365755081176758,0.8365755081176758,0.41318702697753906,0.9996003076502565,0.08881445878415661,10.0,1.0
0.492,0.8369569778442383,0.8369569778442383,0.3692302703857422,0.9996841892832999,0.07894839336370296,10.0,1.0
0.493,0.8373384475708008,0.8373384475708008,0.33406639099121094,0.999758204436984,0.0690815487545251,10.0,1.0
0.494,0.8377199172973633,0.8377199172973633,0.33406639099121094,0.999822352380809,0.05921402233832396,10.0,1.0
0.495,0.8381013870239258,0.8381013870239258,0.3252754211425781,0.9998766324816606,0.04934591150356482,10.0,1.0
0.496,0.8384828567504883,0.8384828567504883,0.3076915740966797,0.9999210442038161,0.0394773136446247,10.0,1.0
0.497,0.8384828567504883,0.8384828567504883,0.29010963439941406,0.9999555871089498,0.02960832616048492,10.0,1.0
0.498,0.8388643264770508,0.8388643264770508,0.28131866455078125,0.9999802608561371,0.01973904645416269,10.0,1.0
0.499,0.8392457962036133,0.8392457962036133,0.23736190795898438,0.9999950652018582,0.009869571931460541,10.0,1.0
0.5,0.8392457962036133,0.8392457962036133,0.20219802856445312,1.0,0.0,10.0,1.0
0.501,0.8396272659301758,0.8396272659301758,0.20219802856445312,0.9999950652018582,-0.009869571931460541,10.0,1.0
0.502,0.8396272659301758,0.8396272659301758,0.21098899841308594,0.9999802608561371,-0.01973904645416269,10.0,1.0
0.503,0.8400087356567383,0.8400087356567383,0.1934070587158203,0.9999555871089498,-0.02960832616048492,10.0,1.0
0.504,0.8400087356567383,0.8400087356567383,0.16703224182128906,0.9999210442038161,-0.0394773136446247,10.0,1.0
0.505,0.8403902053833008,0.8403902053833008,0.16703224182128906,0.9998766324816606,-0.04934591150356482,10.0,1.0
0.506,0.8403902053833008,0.8403902053833008,0.16703224182128906,0.999822352380809,-0.05921402233832396,10.0,1.0
0.507,0.8407716751098633,0.8407716751098633,0.1758251190185547,0.999758204436984,-0.0690815487545251,10.0,1.0
0.508,0.8407716751098633,0.8407716751098633,0.15824127197265625,0.9996841892832999,-0.07894839336370296,10.0,1.0
0.509,0.8407716751098633,0.8407716751098633,0.15824127197265625,0.9996003076502565,-0.08881445878415661,10.0,1.0
0.51,0.8411531448364258,0.8411531448364258,0.123077392578125,0.9995065603657316,-0.09867964764185899,10.0,1.0
0.511,0.8411531448364258,0.8411531448364258,0.11428642272949219,0.9994029483549729,-0.10854386257119586,10.0,1.0
0.512,0.8411531448364258,0.8411531448364258,0.08791160583496094,0.9992894726405892,-0.11840700621638689,10.0,1.0
0.513,0.8411531448364258,0.8411531448364258,0.08791160583496094,0.9991661343425401,-0.12826898123228148,10.0,1.0
0.514,0.8415346145629883,0.8415346145629883,0.0615386962890625,0.9990329346781247,-0.13812969028504085,10.0,1.0
0.515,0.8415346145629883,0.8415346145629883,0.0615386962890625,0.99888987496197,-0.14798903605361602,10.0,1.0
0.516,0.8415346145629883,0.8415346145629883,0.043956756591796875,0.9987369566060175,-0.1578469212300888,10.0,1.0
0.517,0.8415346145629883,0.8415346145629883,0.07032966613769531,0.9985741811195098,-0.16770324852120666,10.0,1.0
0.518,0.8415346145629883,0.8415346145629883,0.043956756591796875,0.998401550108975,-0.17755792064900788,10.0,1.0
0.519,0.8415346145629883,0.8415346145629883,0.043956756591796875,0.9982190652782118,-0.18741084035173117,10.0,1.0
0.52,0.8415346145629883,0.8415346145629883,0.07032966613769531,0.9980267284282716,-0.19726191038517982,10.0,1.0
0.521,0.8415346145629883,0.8415346145629883,0.043956756591796875,0.9978245414574415,-0.2071110335231765,10.0,1.0
0.522,0.8419160842895508,0.8419160842895508,0.026372909545898438,0.9976125063612252,-0.21695811255887065,10.0,1.0
0.523,0.8419160842895508,0.8419160842895508,0.0,0.9973906252323237,-0.22680305030564796,10.0,1.0
0.524,0.8419160842895508,0.8419160842895508,-0.008790969848632812,0.9971589002606139,-0.23664574959786933,10.0,1.0
0.525,0.8415346145629883,0.8415346145629883,-0.03516578674316406,0.996917333733128,-0.24648611329200776,10.0,1.0
0.526,0.8415346145629883,0.8415346145629883,-0.03516578674316406,0.9966659280340299,-0.2563240442677852,10.0,1.0
0.527,0.8415346145629883,0.8415346145629883,-0.026372909545898438,0.9964046856445924,-0.2661594454286842,10.0,1.0
0.528,0.8415346145629883,0.8415346145629883,-0.043956756591796875,0.9961336091431725,-0.27599221970336885,10.0,1.0
0.529,0.8415346145629883,0.8415346145629883,-0.043956756591796875,0.9958527012051857,-0.2858222700462534,10.0,1.0
0.53,0.8415346145629883,0.8415346145629883,-0.0615386962890625,0.99556196460308,-0.2956494994386958,10.0,1.0
0.531,0.8415346145629883,0.8415346145629883,-0.07032966613769531,0.9952614022063083,-0.3054738108899073,10.0,1.0
0.532,0.8411531448364258,0.8411531448364258,-0.09670257568359375,0.9949510169813002,-0.31529510743797573,10.0,1.0
0.533,0.8411531448364258,0.8411531448364258,-0.09670257568359375,0.9946308119914323,-0.325113292150661,10.0,1.0
0.534,0.8411531448364258,0.8411531448364258,-0.11428642272949219,0.9943007903969989,-0.33492826812630483,10.0,1.0
0.535,0.8407716751098633,0.8407716751098633,-0.14945030212402344,0.9939609554551797,-0.34473993849525186,10.0,1.0
0.536,0.8407716751098633,0.8407716751098633,-0.14945030212402344,0.9936113105200084,-0.3545482064201906,10.0,1.0
0.537,0.8407716751098633,0.8407716751098633,-0.1758251190185547,0.9932518590423394,-0.3643529750973471,10.0,1.0
0.538,0.8403902053833008,0.8403902053833008,-0.16703224182128906,0.9928826045698137,-0.37415414775779254,10.0,1.0
0.539,0.8403902053833008,0.8403902053833008,-0.16703224182128906,0.9925035507468237,-0.38395162766795465,10.0,1.0
0.54,0.8400087356567383,0.8400087356567383,-0.16703224182128906,0.9921147013144778,-0.3937453181304704,10.0,1.0
0.541,0.8400087356567383,0.8400087356567383,-0.1934070587158203,0.9917160601105628,-0.4035351224856072,10.0,1.0
0.542,0.8396272659301758,0.8396272659301758,-0.21977996826171875,0.9913076310695066,-0.41332094411205844,10.0,1.0
0.543,0.8396272659301758,0.8396272659301758,-0.21098899841308594,0.9908894182223387,-0.4231026864276828,10.0,1.0
0.544,0.8392457962036133,0.8392457962036133,-0.22857093811035156,0.9904614256966512,-0.43288025289058396,10.0,1.0
0.545,0.8392457962036133,0.8392457962036133,-0.1934070587158203,0.9900236577165575,-0.44265354700013404,10.0,1.0
0.546,0.8388643264770508,0.8388643264770508,-0.24615478515625,0.9895761186026509,-0.4524224722978829,10.0,1.0
0.547,0.8384828567504883,0.8384828567504883,-0.21098899841308594,0.9891188127719618,-0.46218693236846775,10.0,1.0
0.548,0.8384828567504883,0.8384828567504883,-0.23736190795898438,0.988651744737914,-0.47194683084063627,10.0,1.0
0.549,0.8381013870239258,0.8381013870239258,-0.28131866455078125,0.9881749191102804,-0.48170207138815613,10.0,1.0
0.55,0.8377199172973633,0.8377199172973633,-0.24615478515625,0.9876883405951377,-0.49145255773066765,10.0,1.0
0.551,0.8377199172973633,0.8377199172973633,-0.2549457550048828,0.9871920139948192,-0.5011981936348207,10.0,1.0
0.552,0.8373384475708008,0.8373384475708008,-0.24615478515625,0.986685944207868,-0.5109388829151271,10.0,1.0
0.553,0.8369569778442383,0.8369569778442383,-0.2637367248535156,0.9861701362289889,-0.5206745294349844,10.0,1.0
0.554,0.8369569778442383,0.8369569778442383,-0.2637367248535156,0.985644595148998,-0.5304050371075277,10.0,1.0
0.555,0.8365755081176758,0.8365755081176758,-0.3076915740966797,0.9851093261547739,-0.5401303098963695,10.0,1.0
0.556,0.8361940383911133,0.8361940383911133,-0.3076915740966797,0.9845643345292053,-0.5498502518170767,10.0,1.0
0.557,0.8358125686645508,0.8358125686645508,-0.3252754211425781,0.9840096256511397,-0.5595647669378536,10.0,1.0
0.558,0.8354310989379883,0.8354310989379883,-0.3604393005371094,0.9834452049953296,-0.5692737593802235,10.0,1.0
0.559,0.8350496292114258,0.8350496292114258,-0.3604393005371094,0.9828710781323792,-0.5789771333205067,10.0,1.0
0.56,0.8346681594848633,0.8346681594848633,-0.34285736083984375,0.9822872507286886,-0.5886747929901617,10.0,1.0
0.561,0.8342866897583008,0.8342866897583008,-0.378021240234375,0.9816937285463989,-0.5983666426772629,10.0,1.0
0.562,0.8339052200317383,0.8339052200317383,-0.40439605712890625,0.9810905174433341,-0.6080525867272399,10.0,1.0
0.5630000000000001,0.8335237503051758,0.8335237503051758,-0.40439605712890625,0.9804776233729444,-0.6177325295436162,10.0,1.0
0.5640000000000001,0.8331422805786133,0.8331422805786133,-0.3868141174316406,0.9798550523842469,-0.6274063755893167,10.0,1.0
0.5650000000000001,0.8327608108520508,0.8327608108520508,-0.35164833068847656,0.9792228106217657,-0.6370740293874064,10.0,1.0
0.5660000000000001,0.8323793411254883,0.8323793411254883,-0.3692302703857422,0.9785809043254721,-0.6467353955220005,10.0,1.0
0.5670000000000001,0.8323793411254883,0.8323793411254883,-0.33406639099121094,0.9779293398307218,-0.6563903786393439,10.0,1.0
0.5680000000000001,0.8316164016723633,0.8316164016723633,-0.41318702697753906,0.9772681235681934,-0.6660388834486071,10.0,1.0
0.5690000000000001,0.8312349319458008,0.8312349319458008,-0.3692302703857422,0.9765972620638246,-0.6756808147229663,10.0,1.0
0.5700000000000001,0.8308534622192383,0.8308534622192383,-0.3868141174316406,0.9759167619387474,-0.6853160773005698,10.0,1.0
0.5710000000000001,0.8308534622192383,0.8308534622192383,-0.33406639099121094,0.9752266299092234,-0.6949445760851063,10.0,1.0
0.5720000000000001,0.8304719924926758,0.8304719924926758,-0.35164833068847656,0.9745268727865771,-0.704566216047283,10.0,1.0
0.5730000000000001,0.8300905227661133,0.8300905227661133,-0.3868141174316406,0.9738174974771289,-0.7141809022253369,10.0,1.0
0.5740000000000001,0.8297090530395508,0.8297090530395508,-0.40439605712890625,0.9730985109821265,-0.7237885397261721,10.0,1.0
0.5750000000000001,0.8293275833129883,0.8293275833129883,-0.378021240234375,0.9723699203976766,-0.7333890337263256,10.0,1.0
0.5760000000000001,0.8289461135864258,0.8289461135864258,-0.3868141174316406,0.9716317329146739,-0.7429822894728773,10.0,1.0
0.577,0.8281831741333008,0.8281831741333008,-0.41318702697753906,0.9708839558187311,-0.752568212284018,10.0,1.0
0.578,0.8278017044067383,0.8278017044067383,-0.45714378356933594,0.9701265964901059,-0.762146707550869,10.0,1.0
0.579,0.8274202346801758,0.8274202346801758,-0.4923076629638672,0.9693596624036294,-0.7717176807373676,10.0,1.0
0.58,0.8270387649536133,0.8270387649536133,-0.5098896026611328,0.9685831611286312,-0.781281037381973,10.0,1.0
0.581,0.8262758255004883,0.8262758255004883,-0.46593475341796875,0.9677971003288655,-0.790836683098064,10.0,1.0
0.582,0.8258943557739258,0.8258943557739258,-0.5714282989501953,0.9670014877624351,-0.8003845235753033,10.0,1.0
0.583,0.8251314163208008,0.8251314163208008,-0.5626373291015625,0.9661963312817148,-0.809924464580547,10.0,1.0
0.584,0.8247499465942383,0.8247499465942383,-0.5186805725097656,0.965381638833274,-0.8194564119582992,10.0,1.0
0.585,0.8243684768676758,0.8243684768676758,-0.5274734497070312,0.9645574184577982,-0.8289802716320764,10.0,1.0
0.586,0.8236055374145508,0.8236055374145508,-0.5626373291015625,0.9637236782900098,-0.8384959496052602,10.0,1.0
0.587,0.8232240676879883,0.8232240676879883,-0.5450553894042969,0.9628804265585876,-0.8480033519619496,10.0,1.0
0.588,0.8228425979614258,0.8228425979614258,-0.5186805725097656,0.9620276715860859,-0.8575023848678143,10.0,1.0
0.589,0.8220796585083008,0.8220796585083008,-0.47472572326660156,0.961165421788852,-0.8669929545714012,10.0,1.0
0.59,0.8216981887817383,0.8216981887817383,-0.5538463592529297,0.9602936856769431,-0.8764749674045902,10.0,1.0
0.591,0.8209352493286133,0.8209352493286133,-0.5186805725097656,0.9594124718540429,-0.8859483297835595,10.0,1.0
0.592,0.8205537796020508,0.8205537796020508,-0.5098896026611328,0.958521789017376,-0.8954129482102644,10.0,1.0
0.593,0.8201723098754883,0.8201723098754883,-0.5274734497070312,0.9576216459576223,-0.9048687292727209,10.0,1.0
0.594,0.8194093704223633,0.8194093704223633,-0.5978031158447266,0.9567120515588305,-0.9143155796460292,10.0,1.0
0.595,0.8190279006958008,0.8190279006958008,-0.6505489349365234,0.9557930147983302,-0.9237534060937378,10.0,1.0
0.596,0.8182649612426758,0.8182649612426758,-0.5978031158447266,0.9548645447466431,-0.9331821154683553,10.0,1.0
0.597,0.8175020217895508,0.8175020217895508,-0.6417579650878906,0.9539266505673936,-0.942601614712089,10.0,1.0
0.598,0.8167390823364258,0.8167390823364258,-0.6681327819824219,0.9529793415172189,-0.952011810858437,10.0,1.0
0.599,0.8163576126098633,0.8163576126098633,-0.6065940856933594,0.9520226269456766,-0.9614126110326424,10.0,1.0
0.6,0.8155946731567383,0.8155946731567383,-0.5890102386474609,0.9510565162951536,-0.9708039224524896,10.0,1.0
0.601,0.8152132034301758,0.8152132034301758,-0.5890102386474609,0.9500810191007717,-0.9801856524294408,10.0,1.0
0.602,0.8144502639770508,0.8144502639770508,-0.5802192687988281,0.9490961449902947,-0.9895577083698299,10.0,1.0
0.603,0.8140687942504883,0.8140687942504883,-0.5274734497070312,0.948101903684032,-0.9989199977752037,10.0,1.0
0.604,0.8133058547973633,0.8133058547973633,-0.5714282989501953,0.9470983049947443,-1.0082724282432878,10.0,1.0
0.605,0.8129243850708008,0.8129243850708008,-0.5538463592529297,0.9460853588275454,-1.0176149074696923,10.0,1.0
0.606,0.8125429153442383,0.8125429153442383,-0.5450553894042969,0.9450630751798049,-1.0269473432478549,10.0,1.0
0.607,0.8117799758911133,0.8117799758911133,-0.5450553894042969,0.9440314641410498,-1.0362696434701775,10.0,1.0
0.608,0.8110170364379883,0.8110170364379883,-0.6153850555419922,0.9429905358928645,-1.0455817161295613,10.0,1.0
0.609,0.8106355667114258,0.8106355667114258,-0.7032966613769531,0.9419403007087906,-1.0548834693195772,10.0,1.0
0.61,0.8098726272583008,0.8098726272583008,-0.6593399047851562,0.9408807689542255,-1.064174811235489,10.0,1.0
0.611,0.8091096878051758,0.8091096878051758,-0.74725341796875,0.9398119510863197,-1.0734556501756174,10.0,1.0
0.612,0.8083467483520508,0.8083467483520508,-0.7648353576660156,0.9387338576538742,-1.0827258945419658,10.0,1.0
0.613,0.8075838088989258,0.8075838088989258,-0.7032966613769531,0.9376464992972358,-1.0919854528409019,10.0,1.0
0.614,0.8068208694458008,0.8068208694458008,-0.7208786010742188,0.9365498867481924,-1.1012342336841812,10.0,1.0
0.615,0.8060579299926758,0.8060579299926758,-0.74725341796875,0.9354440308298674,-1.1104721457900837,10.0,1.0
0.616,0.8056764602661133,0.8056764602661133,-0.6505489349365234,0.9343289424566121,-1.1196990979843804,10.0,1.0
0.617,0.8049135208129883,0.8049135208129883,-0.7384624481201172,0.9332046326338986,-1.1289149992006173,10.0,1.0
0.618,0.8041505813598633,0.8041505813598633,-0.7032966613769531,0.932071112458211,-1.138119758481423,10.0,1.0
0.619,0.8033876419067383,0.8033876419067383,-0.7296695709228516,0.9309283931169358,-1.1473132849798162,10.0,1.0
0.62,0.8026247024536133,0.8026247024536133,-0.8087921142578125,0.9297764858882513,-1.156495487959205,10.0,1.0
0.621,0.8018617630004883,0.8018617630004883,-0.8527469635009766,0.9286154021410173,-1.1656662767949797,10.0,1.0
0.622,0.8007173538208008,0.8007173538208008,-0.9230766296386719,0.9274451533346614,-1.1748255609753073,10.0,1.0
0.623,0.7999544143676758,0.7999544143676758,-0.9142856597900391,0.9262657510190667,-1.1839732501016442,10.0,1.0
0.624,0.7991914749145508,0.7991914749145508,-0.8175830841064453,0.925077206834458,-1.1931092538899861,10.0,1.0
0.625,0.7980470657348633,0.7980470657348633,-0.8175830841064453,0.9238795325112867,-1.2022334821716072,10.0,1.0
0.626,0.7972841262817383,0.7972841262817383,-0.7384624481201172,0.9226727398701149,-1.21134584489414,10.0,1.0
0.627,0.7965211868286133,0.7965211868286133,-0.7824172973632812,0.9214568408214985,-1.220446252122258,10.0,1.0
0.628,0.7957582473754883,0.7957582473754883,-0.7560443878173828,0.9202318473658704,-1.2295346140385846,10.0,1.0
0.629,0.7953767776489258,0.7953767776489258,-0.7384624481201172,0.9189977715934213,-1.2386108409445455,10.0,1.0
0.63,0.7942323684692383,0.7942323684692383,-0.8263740539550781,0.9177546256839813,-1.2476748432616205,10.0,1.0
0.631,0.7934694290161133,0.7934694290161133,-0.9054946899414062,0.916502421906898,-1.2567265315317968,10.0,1.0
0.632,0.7927064895629883,0.7927064895629883,-0.9142856597900391,0.9152411726209176,-1.2657658164184227,10.0,1.0
0.633,0.7915620803833008,0.7915620803833008,-0.9318675994873047,0.9139708902740612,-1.2747926087074006,10.0,1.0
0.634,0.7907991409301758,0.7907991409301758,-0.8439559936523438,0.9126915874035029,-1.2838068193079266,10.0,1.0
0.635,0.7900362014770508,0.7900362014770508,-0.8439559936523438,0.9114032766354453,-1.29280835925357,10.0,1.0
0.636,0.7892732620239258,0.7892732620239258,-0.7999992370605469,0.9101059706849957,-1.3017971397026145,10.0,1.0
0.637,0.7881288528442383,0.7881288528442383,-0.8351650238037109,0.9087996823560401,-1.3107730719394226,10.0,1.0
0.638,0.7873659133911133,0.7873659133911133,-0.8087921142578125,0.9074844245411169,-1.3197360673751177,10.0,1.0
0.639,0.7866029739379883,0.7866029739379883,-0.8439559936523438,0.9061602102212899,-1.328686037548664,10.0,1.0
0.64,0.7858400344848633,0.7858400344848633,-1.002197265625,0.9048270524660195,-1.3376228941274917,10.0,1.0
0.641,0.7846956253051758,0.7846956253051758,-1.002197265625,0.9034849644330348,-1.3465465489084067,10.0,1.0
0.642,0.7835512161254883,0.7835512161254883,-1.0901107788085938,0.9021339593682027,-1.3554569138183865,10.0,1.0
0.643,0.7827882766723633,0.7827882766723633,-0.9582424163818359,0.9007740506053981,-1.3643539009157735,10.0,1.0
0.644,0.7816438674926758,0.7816438674926758,-0.9494514465332031,0.8994052515663712,-1.3732374223912416,10.0,1.0
0.645,0.7808799743652344,0.7808799743652344,-0.8615379333496094,0.8980275757606156,-1.382107390567569,10.0,1.0
0.646,0.7797355651855469,0.7797355651855469,-0.8791217803955078,0.896641036785236,-1.3909637179019683,10.0,1.0
0.647,0.7789726257324219,0.7789726257324219,-0.8527469635009766,0.8952456483248117,-1.3998063169860302,10.0,1.0
0.648,0.7782096862792969,0.7782096862792969,-0.8967037200927734,0.8938414241512639,-1.4086351005469169,10.0,1.0
0.649,0.7770652770996094,0.7770652770996094,-1.0637359619140625,0.8924283781237179,-1.4174499814480441,10.0,1.0
0.65,0.7759208679199219,0.7759208679199219,-1.0725269317626953,0.8910065241883679,-1.426250872689991,10.0,1.0
0.651,0.7747764587402344,0.7747764587402344,-1.1076927185058594,0.8895758763783379,-1.4350376874116364,10.0,1.0
0.652,0.7740135192871094,0.7740135192871094,-1.0285720825195312,0.8881364488135446,-1.4438103388906711,10.0,1.0
0.653,0.7728691101074219,0.7728691101074219,-1.0285720825195312,0.8866882557005565,-1.4525687405446774,10.0,1.0
0.654,0.7721061706542969,0.7721061706542969,-0.9142856597900391,0.8852313113324553,-1.4613128059315272,10.0,1.0
0.655,0.7709617614746094,0.7709617614746094,-0.9582424163818359,0.8837656300886935,-1.4700424487509736,10.0,1.0
0.656,0.7701988220214844,0.7701988220214844,-0.9758243560791016,0.8822912264349533,-1.478757582844878,10.0,1.0
0.657,0.7686729431152344,0.7686729431152344,-1.1692314147949219,0.8808081149230037,-1.4874581221985181,10.0,1.0
0.658,0.7675285339355469,0.7675285339355469,-1.24835205078125,0.8793163101905562,-1.4961439809409853,10.0,1.0
0.659,0.7663841247558594,0.7663841247558594,-1.1868133544921875,0.8778158269611217,-1.5048150733463785,10.0,1.0
0.66,0.7652397155761719,0.7652397155761719,-1.1076927185058594,0.8763066800438635,-1.5134713138344296,10.0,1.0
0.661,0.7640953063964844,0.7640953063964844,-1.0461540222167969,0.8747888843334528,-1.5221126169716968,10.0,1.0
0.662,0.7633323669433594,0.7633323669433594,-1.0461540222167969,0.87326245480992,-1.530738897471963,10.0,1.0
0.663,0.7621879577636719,0.7621879577636719,-0.9670333862304688,0.8717274065385089,-1.5393500701972016,10.0,1.0
0.664,0.7610435485839844,0.7610435485839844,-1.0725269317626953,0.8701837546695257,-1.5479460501588846,10.0,1.0
0.665,0.7598991394042969,0.7598991394042969,-1.1692314147949219,0.8686315144381912,-1.5565267525177546,10.0,1.0
0.666,0.7587547302246094,0.7587547302246094,-1.3010997772216797,0.8670707011644901,-1.5650920925861556,10.0,1.0
0.667,0.7576103210449219,0.7576103210449219,-1.1956043243408203,0.8655013302530189,-1.5736419858274076,10.0,1.0
0.668,0.7564659118652344,0.7564659118652344,-1.1956043243408203,0.8639234171928354,-1.5821763478574553,10.0,1.0
0.669,0.7553215026855469,0.7553215026855469,-1.0901107788085938,0.8623369775573039,-1.5906950944458345,10.0,1.0
0.67,0.7541770935058594,0.7541770935058594,-1.0725269317626953,0.8607420270039436,-1.599198141515842,10.0,1.0
0.671,0.7530326843261719,0.7530326843261719,-1.0901107788085938,0.8591385812742722,-1.6076854051457303,10.0,1.0
0.672,0.7518882751464844,0.7518882751464844,-1.2219772338867188,0.8575266561936522,-1.6161568015695593,10.0,1.0
0.673,0.7503623962402344,0.7503623962402344,-1.3186817169189453,0.8559062676711331,-1.6246122471785043,10.0,1.0
0.674,0.7492179870605469,0.7492179870605469,-1.213186264038086,0.8542774316992952,-1.633051658520401,10.0,1.0
0.675,0.7480735778808594,0.7480735778808594,-1.24835205078125,0.8526401643540923,-1.641474952301735,10.0,1.0
0.676,0.7469291687011719,0.7469291687011719,-1.125274658203125,0.8509944817946917,-1.6498820453878693,10.0,1.0
0.677,0.7457847595214844,0.7457847595214844,-1.0637359619140625,0.8493404002633166,-1.658272854804295,10.0,1.0
0.678,0.7446403503417969,0.7446403503417969,-1.0725269317626953,0.8476779360850831,-1.6666472977371996,10.0,1.0
0.679,0.7434959411621094,0.7434959411621094,-1.1868133544921875,0.8460071056678422,-1.6750052915340916,10.0,1.0
0.68,0.7423515319824219,0.7423515319824219,-1.3098907470703125,0.844327925502015,-1.6833467537049955,10.0,1.0
0.681,0.7412071228027344,0.7412071228027344,-1.2571430206298828,0.8426404121604322,-1.6916716019229057,10.0,1.0
0.682,0.7396812438964844,0.7396812438964844,-1.2571430206298828,0.8409445822981692,-1.6999797540252644,10.0,1.0
0.683,0.7385368347167969,0.7385368347167969,-1.1868133544921875,0.8392404526523817,-1.7082711280136778,10.0,1.0
0.684,0.7373924255371094,0.7373924255371094,-1.1516475677490234,0.8375280400421418,-1.7165456420557348,10.0,1.0
0.685,0.7362480163574219,0.7362480163574219,-1.213186264038086,0.8358073613682702,-1.7248032144852345,10.0,1.0
0.686,0.7347221374511719,0.7347221374511719,-1.3626365661621094,0.8340784336131712,-1.7330437638034368,10.0,1.0
0.687,0.7335777282714844,0.7335777282714844,-1.415384292602539,0.8323412738406633,-1.7412672086792895,10.0,1.0
0.6880000000000001,0.7320518493652344,0.7320518493652344,-1.3538455963134766,0.8305958991958127,-1.749473467950736,10.0,1.0
0.6890000000000001,0.7309074401855469,0.7309074401855469,-1.2659339904785156,0.8288423269047618,-1.757662460625511,10.0,1.0
0.6900000000000001,0.7293815612792969,0.7293815612792969,-1.2571430206298828,0.8270805742745617,-1.7658341058810834,10.0,1.0
0.6910000000000001,0.7282371520996094,0.7282371520996094,-1.1956043243408203,0.8253106586929997,-1.773988323067158,10.0,1.0
0.6920000000000001,0.7270927429199219,0.7270927429199219,-1.3626365661621094,0.8235325976284273,-1.7821250317047088,10.0,1.0
0.6930000000000001,0.7255668640136719,0.7255668640136719,-1.4857139587402344,0.8217464086295903,-1.7902441514875704,10.0,1.0
0.6940000000000001,0.7240409851074219,0.7240409851074219,-1.4417591094970703,0.8199521093254523,-1.7983456022834048,10.0,1.0
0.6950000000000001,0.7228965759277344,0.7228965759277344,-1.3538455963134766,0.8181497174250234,-1.8064293041342125,10.0,1.0
0.6960000000000001,0.7213706970214844,0.7213706970214844,-1.3538455963134766,0.8163392507171838,-1.8144951772570153,10.0,1.0
0.6970000000000001,0.7202262878417969,0.7202262878417969,-1.3010997772216797,0.8145207270705094,-1.822543142045049,10.0,1.0
0.6980000000000001,0.7186994552612305,0.7186994552612305,-1.4769229888916016,0.8126941644330937,-1.8305731190679921,10.0,1.0
0.6990000000000001,0.7171735763549805,0.7171735763549805,-1.5560436248779297,0.8108595808323734,-1.8385850290731014,10.0,1.0
0.7000000000000001,0.7156476974487305,0.7156476974487305,-1.4241752624511719,0.8090169943749475,-1.846578792986577,10.0,1.0
0.7010000000000001,0.7141218185424805,0.7141218185424805,-1.3626365661621094,0.8071664232464002,-1.854554331912766,10.0,1.0
0.7020000000000001,0.712977409362793,0.712977409362793,-1.3098907470703125,0.805307885711122,-1.86251156713638,10.0,1.0
0.7030000000000001,0.7118330001831055,0.7118330001831055,-1.2747249603271484,0.8034414001121275,-1.8704504201227223,10.0,1.0
0.704,0.7103071212768555,0.7103071212768555,-1.4417591094970703,0.8015669848708769,-1.8783708125184262,10.0,1.0
0.705,0.7087812423706055,0.7087812423706055,-1.5296707153320312,0.7996846584870907,-1.88627266615282,10.0,1.0
0.706,0.7072553634643555,0.7072553634643555,-1.4329662322998047,0.7977944395385712,-1.894155903037415,10.0,1.0
0.707,0.7057294845581055,0.7057294845581055,-1.415384292602539,0.7958963466810159,-1.9020204453678389,10.0,1.0
0.708,0.704585075378418,0.704585075378418,-1.3890113830566406,0.7939903986478355,-1.9098662155244028,10.0,1.0
0.709,0.703059196472168,0.703059196472168,-1.3890113830566406,0.7920766142499671,-1.9176931360725007,10.0,1.0
0.71,0.701533317565918,0.701533317565918,-1.5648345947265625,0.7901550123756905,-1.9255011297635178,10.0,1.0
0.711,0.700007438659668,0.700007438659668,-1.582418441772461,0.7882256119904401,-1.9332901195357408,10.0,1.0
0.712,0.698481559753418,0.698481559753418,-1.5120887756347656,0.786288432136619,-1.941060028514869,10.0,1.0
0.713,0.696955680847168,0.696955680847168,-1.459341049194336,0.7843434919334104,-1.9488107800153784,10.0,1.0
0.714,0.695429801940918,0.695429801940918,-1.3802204132080078,0.7823908105765882,-1.9565422975401816,10.0,1.0
0.715,0.693903923034668,0.693903923034668,-1.5032958984375,0.7804304073383299,-1.9642545047823887,10.0,1.0
0.716,0.692378044128418,0.692378044128418,-1.5560436248779297,0.7784623015670235,-1.9719473256255355,10.0,1.0
0.717,0.690852165222168,0.690852165222168,-1.5736255645751953,0.7764865126870788,-1.9796206841448338,10.0,1.0
0.718,0.689326286315918,0.689326286315918,-1.6087913513183594,0.7745030601987338,-1.9872745046071145,10.0,1.0
0.719,0.687800407409668,0.687800407409668,-1.5912094116210938,0.7725119636778646,-1.9949087114722488,10.0,1.0
0.72,0.6858930587768555,0.6858930587768555,-1.582418441772461,0.7705132427757893,-2.002523229393944,10.0,1.0
0.721,0.6843671798706055,0.6843671798706055,-1.6703300476074219,0.7685069172190767,-2.010117983219743,10.0,1.0
0.722,0.6828413009643555,0.6828413009643555,-1.6351642608642578,0.7664930068093498,-2.0176928979925606,10.0,1.0
0.723,0.6813154220581055,0.6813154220581055,-1.6527481079101562,0.7644715314230917,-2.0252478989508518,10.0,1.0
0.724,0.679408073425293,0.679408073425293,-1.6351642608642578,0.7624425110114481,-2.032782911530262,10.0,1.0
0.725,0.677882194519043,0.677882194519043,-1.538461685180664,0.760405965600031,-2.040297861363058,10.0,1.0
0.726,0.676356315612793,0.676356315612793,-1.6000003814697266,0.758361915288722,-2.047792674279549,10.0,1.0
0.727,0.674830436706543,0.674830436706543,-1.582418441772461,0.756310380251472,-2.055267276308996,10.0,1.0
0.728,0.6729230880737305,0.6729230880737305,-1.6879119873046875,0.754251380736104,-2.062721593680294,10.0,1.0
0.729,0.6713972091674805,0.6713972091674805,-1.6879119873046875,0.7521849370641114,-2.0701555528221434,10.0,1.0
0.73,0.6698713302612305,0.6698713302612305,-1.6087913513183594,0.7501110696304597,-2.0775690803644125,10.0,1.0
0.731,0.667963981628418,0.667963981628418,-1.6879119873046875,0.7480297989033825,-2.084962103138764,10.0,1.0
0.732,0.666438102722168,0.666438102722168,-1.661539077758789,0.7459411454241822,-2.0923345481786555,10.0,1.0
0.733,0.664912223815918,0.664912223815918,-1.7230777740478516,0.7438451298070252,-2.0996863427214976,10.0,1.0
0.734,0.6630048751831055,0.6630048751831055,-1.6703300476074219,0.7417417727387392,-2.1070174142076894,10.0,1.0
0.735,0.6614789962768555,0.6614789962768555,-1.538461685180664,0.7396310949786099,-2.1143276902826074,10.0,1.0
0.736,0.6599531173706055,0.6599531173706055,-1.6175823211669922,0.7375131173581739,-2.1216170987968894,10.0,1.0
0.737,0.6584272384643555,0.6584272384643555,-1.6527481079101562,0.735387860781016,-2.1288855678070036,10.0,1.0
0.738,0.656519889831543,0.656519889831543,-1.8197803497314453,0.73325534622256,-2.13613302557593,10.0,1.0
0.739,0.6546115875244141,0.6546115875244141,-1.7670326232910156,0.7311155947298642,-2.1433594005742407,10.0,1.0
0.74,0.6530857086181641,0.6530857086181641,-1.6527481079101562,0.7289686274214114,-2.150564621480669,10.0,1.0
0.741,0.6511783599853516,0.6511783599853516,-1.7230777740478516,0.7268144654869029,-2.1577486171822784,10.0,1.0
0.742,0.6496524810791016,0.6496524810791016,-1.714284896850586,0.7246531301870469,-2.164911316776454,10.0,1.0
0.743,0.6477451324462891,0.6477451324462891,-1.8109893798828125,0.7224846428533499,-2.1720526495699346,10.0,1.0
0.744,0.6462192535400391,0.6462192535400391,-1.7406597137451172,0.720309024887907,-2.1791725450805757,10.0,1.0
0.745,0.6443119049072266,0.6443119049072266,-1.6175823211669922,0.7181262977631888,-2.1862709330378607,10.0,1.0
0.746,0.6427860260009766,0.6427860260009766,-1.6967029571533203,0.7159364830218313,-2.193347743383754,10.0,1.0
0.747,0.6408786773681641,0.6408786773681641,-1.8285713195800781,0.7137396022764213,-2.2004029062729273,10.0,1.0
0.748,0.6389713287353516,0.6389713287353516,-1.960439682006836,0.7115356772092855,-2.207436352073728,10.0,1.0
0.749,0.6370639801025391,0.6370639801025391,-1.74945068359375,0.7093247295722738,-2.2144480113689156,10.0,1.0
0.75,0.6355381011962891,0.6355381011962891,-1.6703300476074219,0.7071067811865476,-2.2214378149561185,10.0,1.0
0.751,0.6336307525634766,0.6336307525634766,-1.8109893798828125,0.7048818539423616,-2.228405693849197,10.0,1.0
0.752,0.6317234039306641,0.6317234039306641,-2.0219783782958984,0.7026499697988492,-2.2353515792775056,10.0,1.0
0.753,0.6298160552978516,0.6298160552978516,-1.916482925415039,0.7004111507838066,-2.2422754026882785,10.0,1.0
0.754,0.6282901763916016,0.6282901763916016,-1.6439552307128906,0.6981654189934726,-2.249177095746063,10.0,1.0
0.755,0.6263828277587891,0.6263828277587891,-1.6967029571533203,0.6959127965923144,-2.2560565903338556,10.0,1.0
0.756,0.6244754791259766,0.6244754791259766,-1.8285713195800781,0.6936533058128049,-2.2629138185540114,10.0,1.0
0.757,0.6225681304931641,0.6225681304931641,-2.0747251510620117,0.6913869689552065,-2.2697487127282443,10.0,1.0
0.758,0.6206607818603516,0.6206607818603516,-1.8813190460205078,0.6891138083873484,-2.276561205399048,10.0,1.0
0.759,0.6187534332275391,0.6187534332275391,-1.7318687438964844,0.6868338465444083,-2.28335122932981,10.0,1.0
0.76,0.6168460845947266,0.6168460845947266,-1.8637371063232422,0.6845471059286888,-2.290118717505891,10.0,1.0
0.761,0.6149387359619141,0.6149387359619141,-2.0307693481445312,0.6822536091093965,-2.2968636031347387,10.0,1.0
0.762,0.6130313873291016,0.6130313873291016,-1.9692306518554688,0.6799533787224193,-2.3035858196471395,10.0,1.0
0.763,0.6111240386962891,0.6111240386962891,-1.6879119873046875,0.6776464374701022,-2.3102853006973874,10.0,1.0
0.764,0.6095981597900391,0.6095981597900391,-1.7230777740478516,0.6753328081210246,-2.3169619801644785,10.0,1.0
0.765,0.6076908111572266,0.6076908111572266,-1.9340667724609375,0.6730125135097733,-2.323615792152225,10.0,1.0
0.766,0.6057834625244141,0.6057834625244141,-2.162637710571289,0.6706855765367201,-2.3302466709901637,10.0,1.0
0.767,0.6038761138916016,0.6038761138916016,-1.8901100158691406,0.6683520201677929,-2.3368545512341825,10.0,1.0
0.768,0.6019687652587891,0.6019687652587891,-1.7934074401855469,0.6660118674342517,-2.343439367667145,10.0,1.0
0.769,0.6000614166259766,0.6000614166259766,-1.9428577423095703,0.6636651414324587,-2.350001055299913,10.0,1.0
0.77,0.5977725982666016,0.5977725982666016,-2.065934181213379,0.6613118653236518,-2.3565395493707797,10.0,1.0
0.771,0.5958652496337891,0.5958652496337891,-1.9076919555664062,0.6589520623337171,-2.3630547853477424,10.0,1.0
0.772,0.5943393707275391,0.5943393707275391,-1.8285713195800781,0.6565857557529564,-2.369546698927934,10.0,1.0
0.773,0.5924310684204102,0.5924310684204102,-1.8813190460205078,0.6542129689358612,-2.3760152260388736,10.0,1.0
0.774,0.5901422500610352,0.5901422500610352,-2.1098899841308594,0.6518337253008787,-2.3824603028386946,10.0,1.0
0.775,0.5882349014282227,0.5882349014282227,-2.0835161209106445,0.6494480483301838,-2.3888818657172237,10.0,1.0
0.776,0.5863275527954102,0.5863275527954102,-1.8989009857177734,0.6470559615694442,-2.395279851296209,10.0,1.0
0.777,0.5840387344360352,0.5840387344360352,-1.9780216217041016,0.6446574886275914,-2.4016541964298312,10.0,1.0
0.778,0.5821313858032227,0.5821313858032227,-2.1010990142822266,0.6422526531765845,-2.408004838206523,10.0,1.0
0.779,0.5802240371704102,0.5802240371704102,-2.0835161209106445,0.6398414789511784,-2.4143317139473197,10.0,1.0
0.78,0.5783166885375977,0.5783166885375977,-1.8637371063232422,0.6374239897486899,-2.4206347612088734,10.0,1.0
0.781,0.5764093399047852,0.5764093399047852,-1.9340667724609375,0.6350002094287606,-2.426913917782656,10.0,1.0
0.782,0.5741205215454102,0.5741205215454102,-2.065934181213379,0.6325701619131245,-2.433169121695812,10.0,1.0
0.783,0.5722131729125977,0.5722131729125977,-2.136263847351074,0.630133871185369,-2.4394003112120117,10.0,1.0
0.784,0.5699243545532227,0.5699243545532227,-1.9780216217041016,0.6276913612907006,-2.4456074248319624,10.0,1.0
0.785,0.5680170059204102,0.5680170059204102,-2.0747251510620117,0.6252426563357051,-2.4517904012939766,10.0,1.0
0.786,0.5657281875610352,0.5657281875610352,-2.065934181213379,0.6227877804881126,-2.457949179574541,10.0,1.0
0.787,0.5638208389282227,0.5638208389282227,-2.065934181213379,0.6203267579765559,-2.4640836988891124,10.0,1.0
0.788,0.5619134902954102,0.5619134902954102,-1.9252738952636719,0.6178596130903343,-2.470193898692173,10.0,1.0
0.789,0.5600061416625977,0.5600061416625977,-1.9956035614013672,0.6153863701791716,-2.4762797186789953,10.0,1.0
0.79,0.5577173233032227,0.5577173233032227,-2.039560317993164,0.6129070536529764,-2.4823410987845023,10.0,1.0
0.791,0.5558099746704102,0.5558099746704102,-2.145054817199707,0.6104216879816026,-2.488377979185543,10.0,1.0
0.792,0.5539026260375977,0.5539026260375977,-2.039560317993164,0.6079302976946053,-2.4943903003006085,10.0,1.0
0.793,0.5516138076782227,0.5516138076782227,-2.145054817199707,0.6054329073810014,-2.5003780027903417,10.0,1.0
0.794,0.5493249893188477,0.5493249893188477,-2.118680953979492,0.6029295416890246,-2.506341027558676,10.0,1.0
0.795,0.5474176406860352,0.5474176406860352,-2.0923080444335938,0.600420225325884,-2.5122793157529486,10.0,1.0
0.796,0.5455102920532227,0.5455102920532227,-1.9956035614013672,0.5979049830575187,-2.5181928087645815,10.0,1.0
0.797,0.5432214736938477,0.5432214736938477,-2.145054817199707,0.5953838397083548,-2.5240814482296514,10.0,1.0
0.798,0.5409326553344727,0.5409326553344727,-2.1274728775024414,0.5928568201610593,-2.5299451760301395,10.0,1.0
0.799,0.5390253067016602,0.5390253067016602,-2.2065935134887695,0.5903239493562945,-2.535783934293079,10.0,1.0
0.8,0.5367364883422852,0.5367364883422852,-2.1274728775024414,0.5877852522924732,-2.54159766539226,10.0,1.0
0.801,0.5344476699829102,0.5344476699829102,-2.3032970428466797,0.58524075402551,-2.5473863119485145,10.0,1.0
0.802,0.5321588516235352,0.5321588516235352,-2.2329673767089844,0.5826904796685761,-2.5531498168303983,10.0,1.0
0.803,0.5302505493164062,0.5302505493164062,-2.1098899841308594,0.5801344543918492,-2.5588881231542473,10.0,1.0
0.804,0.5279617309570312,0.5279617309570312,-2.0835161209106445,0.5775727034222676,-2.5646011742854284,10.0,1.0
0.805,0.5256729125976562,0.5256729125976562,-2.1978025436401367,0.5750052520432783,-2.5702889138384535,10.0,1.0
0.806,0.5233840942382812,0.5233840942382812,-2.2945051193237305,0.5724321255945908,-2.575951285677206,10.0,1.0
0.807,0.5214767456054688,0.5214767456054688,-2.25054931640625,0.5698533494719239,-2.5815882339171594,10.0,1.0
0.808,0.5191879272460938,0.5191879272460938,-2.224175453186035,0.5672689491267564,-2.5871997029233853,10.0,1.0
0.809,0.5168991088867188,0.5168991088867188,-2.2857141494750977,0.5646789500660772,-2.592785637313,10.0,1.0
0.81,0.5142288208007812,0.5142288208007812,-2.268132209777832,0.5620833778521305,-2.598345981955106,10.0,1.0
0.811,0.5123214721679688,0.5123214721679688,-2.1098899841308594,0.559482258102167,-2.6038806819713045,10.0,1.0
0.812,0.5100326538085938,0.5100326538085938,-2.2153844833374023,0.5568756164881878,-2.6093896827364915,10.0,1.0
0.8130000000000001,0.5081253051757812,0.5081253051757812,-2.241758346557617,0.554263478736694,-2.6148729298789135,10.0,1.0
0.8140000000000001,0.5058364868164062,0.5058364868164062,-2.2857141494750977,0.55164587062843,-2.6203303692811346,10.0,1.0
0.8150000000000001,0.5035476684570312,0.5035476684570312,-2.2153844833374023,0.5490228179981317,-2.6257619470803775,10.0,1.0
0.8160000000000001,0.5012588500976562,0.5012588500976562,-2.329669952392578,0.5463943467342692,-2.63116760966966,10.0,1.0
0.8170000000000001,0.49897003173828125,0.49897003173828125,-2.259340286254883,0.5437604827787924,-2.636547303696659,10.0,1.0
0.8180000000000001,0.49668121337890625,0.49668121337890625,-2.1274728775024414,0.5411212521268759,-2.641900976066154,10.0,1.0
0.8190000000000001,0.49439239501953125,0.49439239501953125,-2.1978025436401367,0.53847668082666,-2.6472285739396284,10.0,1.0
0.8200000000000001,0.49248504638671875,0.49248504638671875,-2.2065935134887695,0.5358267949789967,-2.6525300447358404,10.0,1.0
0.8210000000000001,0.49019622802734375,0.49019622802734375,-2.1978025436401367,0.5331716207371884,-2.6578053361312755,10.0,1.0
0.8220000000000001,0.48790740966796875,0.48790740966796875,-2.1802196502685547,0.530511184306734,-2.6630543960611135,10.0,1.0
0.8230000000000001,0.48561859130859375,0.48561859130859375,-2.364834785461426,0.5278455119450661,-2.668277172719229,10.0,1.0
0.8240000000000001,0.48332977294921875,0.48332977294921875,-2.356043815612793,0.5251746299612956,-2.6734736145585885,10.0,1.0
0.8250000000000001,0.48104095458984375,0.48104095458984375,-2.15384578704834,0.5224985647159489,-2.678643670293127,10.0,1.0
0.8260000000000001,0.47913360595703125,0.47913360595703125,-2.1010990142822266,0.5198173426207093,-2.6837872888958714,10.0,1.0
0.8270000000000001,0.47646331787109375,0.47646331787109375,-2.4087915420532227,0.5171309901381572,-2.6889044196014993,10.0,1.0
0.8280000000000001,0.47417449951171875,0.47417449951171875,-2.224175453186035,0.5144395337815063,-2.6939950119061393,10.0,1.0
0.8290000000000001,0.47188568115234375,0.47188568115234375,-2.1890106201171875,0.5117430001143449,-2.6990590155676273,10.0,1.0
0.8300000000000001,0.46959686279296875,0.46959686279296875,-2.356043815612793,0.5090414157503711,-2.704096380606188,10.0,1.0
0.8310000000000001,0.46730709075927734,0.46730709075927734,-2.5142860412597656,0.5063348073531325,-2.7091070573052605,10.0,1.0
0.8320000000000001,0.46501827239990234,0.46501827239990234,-2.2153844833374023,0.5036232016357606,-2.714090996211354,10.0,1.0
0.833,0.46272945404052734,0.46272945404052734,-2.162637710571289,0.5009066253607102,-2.7190481481349593,10.0,1.0
0.834,0.46044063568115234,0.46044063568115234,-2.4439563751220703,0.4981851053394909,-2.7239784641512017,10.0,1.0
0.835,0.45777034759521484,0.45777034759521484,-2.452747344970703,0.49545866843240777,-2.728881895599642,10.0,1.0
0.836,0.45548152923583984,0.45548152923583984,-2.3208789825439453,0.4927273415482916,-2.73375839408547,10.0,1.0
0.837,0.45319271087646484,0.45319271087646484,-2.4175825119018555,0.4899911516442368,-2.738607911479477,10.0,1.0
0.838,0.45052242279052734,0.45052242279052734,-2.6285715103149414,0.48725012572533266,-2.7434303999193617,10.0,1.0
0.839,0.44823360443115234,0.44823360443115234,-2.3120880126953125,0.4845042908443981,-2.7482258118085383,10.0,1.0
0.84,0.44594478607177734,0.44594478607177734,-2.224175453186035,0.4817536741017156,-2.7529940998184657,10.0,1.0
0.841,0.44365596771240234,0.44365596771240234,-2.5494508743286133,0.4789983026447611,-2.7577352168880793,10.0,1.0
0.842,0.44098567962646484,0.44098567962646484,-2.479121208190918,0.4762382036679394,-2.7624491162244453,10.0,1.0
0.843,0.43869686126708984,0.43869686126708984,-2.259340286254883,0.4734734044123122,-2.7671357513033,10.0,1.0
0.844,0.43640804290771484,0.43640804290771484,-2.461538314819336,0.4707039321653328,-2.77179507586942,10.0,1.0
0.845,0.43373775482177734,0.43373775482177734,-2.637362480163574,0.4679298142605734,-2.776427043937133,10.0,1.0
0.846,0.43144893646240234,0.43144893646240234,-2.2857141494750977,0.46515107807745854,-2.78103160979083,10.0,1.0
0.847,0.42916011810302734,0.42916011810302734,-2.171428680419922,0.46236775104099176,-2.7856087279852773,10.0,1.0
0.848,0.42648983001708984,0.42648983001708984,-2.584615707397461,0.459579860621488,-2.7901583533459586,10.0,1.0
0.849,0.42420101165771484,0.42420101165771484,-2.479121208190918,0.4567874343342998,-2.794680440970552,10.0,1.0
0.85,0.42191219329833984,0.42191219329833984,-2.2153844833374023,0.45399049973954686,-2.7991749462272537,10.0,1.0
0.851,0.41962337493896484,0.41962337493896484,-2.461538314819336,0.4511890844418453,-2.8036418247572783,10.0,1.0
0.852,0.41657161712646484,0.41657161712646484,-2.646153450012207,0.4483832160900323,-2.808081032474405,10.0,1.0
0.853,0.41466426849365234,0.41466426849365234,-2.2857141494750977,0.4455729223768965,-2.812492525565375,10.0,1.0
0.854,0.41237545013427734,0.41237545013427734,-2.15384578704834,0.44275823103890155,-2.816876260490602,10.0,1.0
0.855,0.40970516204833984,0.40970516204833984,-2.558241844177246,0.4399391698559153,-2.8212321939843434,10.0,1.0
0.856,0.40741634368896484,0.40741634368896484,-2.5054941177368164,0.4371157666509329,-2.8255602830552675,10.0,1.0
0.857,0.40512657165527344,0.40512657165527344,-2.25054931640625,0.43428804928980475,-2.8298604849867672,10.0,1.0
0.858,0.40245628356933594,0.40245628356933594,-2.4175825119018555,0.4314560456809593,-2.8341327573381534,10.0,1.0
0.859,0.40016746520996094,0.40016746520996094,-2.6285715103149414,0.42861978377512844,-2.8383770579432053,10.0,1.0
0.86,0.39749717712402344,0.39749717712402344,-2.4175825119018555,0.4257792915650729,-2.842593344912558,10.0,1.0
0.861,0.39520835876464844,0.39520835876464844,-2.268132209777832,0.4229345970853033,-2.8467815766332194,10.0,1.0
0.862,0.39291954040527344,0.39291954040527344,-2.567032814025879,0.42008572841180647,-2.8509417117689964,10.0,1.0
0.863,0.39024925231933594,0.39024925231933594,-2.5230770111083984,0.4172327136617653,-2.855073709261063,10.0,1.0
0.864,0.38796043395996094,0.38796043395996094,-2.364834785461426,0.4143755809932843,-2.8591775283283027,10.0,1.0
0.865,0.38529014587402344,0.38529014587402344,-2.6813182830810547,0.4115143586051087,-2.8632531284675906,10.0,1.0
0.866,0.38261985778808594,0.38261985778808594,-2.6197805404663086,0.40864907473634915,-2.867300469454193,10.0,1.0
0.867,0.38033103942871094,0.38033103942871094,-2.3384618759155273,0.4057797576662003,-2.871319511343188,10.0,1.0
0.868,0.37766075134277344,0.37766075134277344,-2.4439563751220703,0.40290643571366275,-2.875310214467646,10.0,1.0
0.869,0.37499046325683594,0.37499046325683594,-2.6549453735351562,0.400029137237265,-2.879272539441075,10.0,1.0
0.87,0.37270164489746094,0.37270164489746094,-2.5758237838745117,0.3971478906347806,-2.8832064471569083,10.0,1.0
0.871,0.37003135681152344,0.37003135681152344,-2.5142860412597656,0.3942627243429512,-2.887111898789101,10.0,1.0
0.872,0.36736106872558594,0.36736106872558594,-2.742856979370117,0.39137366683720237,-2.8909888557924717,10.0,1.0
0.873,0.36469078063964844,0.36469078063964844,-2.5054941177368164,0.3884807466313662,-2.8948372799029585,10.0,1.0
0.874,0.36240196228027344,0.36240196228027344,-2.373626708984375,0.3855839922773965,-2.8986571331381583,10.0,1.0
0.875,0.35973167419433594,0.35973167419433594,-2.742856979370117,0.3826834323650899,-2.9024483777975263,10.0,1.0
0.876,0.35706138610839844,0.35706138610839844,-2.5934066772460938,0.3797790955218014,-2.9062109764635977,10.0,1.0
0.877,0.35477256774902344,0.35477256774902344,-2.487912178039551,0.3768710104121627,-2.909944892000368,10.0,1.0
0.878,0.35172080993652344,0.35172080993652344,-2.742856979370117,0.37395920573780067,-2.913650087555851,10.0,1.0
0.879,0.34943199157714844,0.34943199157714844,-2.646153450012207,0.371043710237051,-2.9173265265612542,10.0,1.0
0.88,0.34676170349121094,0.34676170349121094,-2.4087915420532227,0.36812455268467814,-2.9209741727316043,10.0,1.0
0.881,0.34409141540527344,0.34409141540527344,-2.4703292846679688,0.36520176189158776,-2.9245929900661736,10.0,1.0
0.882,0.34180164337158203,0.34180164337158203,-2.637362480163574,0.3622753667045458,-2.9281829428485935,10.0,1.0
0.883,0.33913135528564453,0.33913135528564453,-2.6285715103149414,0.3593453960058906,-2.9317439956475084,10.0,1.0
0.884,0.33646106719970703,0.33646106719970703,-2.558241844177246,0.3564118787132508,-2.9352761133165757,10.0,1.0
0.885,0.33379077911376953,0.33379077911376953,-2.637362480163574,0.3534748437792574,-2.9387792609958865,10.0,1.0
0.886,0.33150196075439453,0.33150196075439453,-2.6285715103149414,0.350534320191259,-2.9422534041100903,10.0,1.0
0.887,0.32883167266845703,0.32883167266845703,-2.4967031478881836,0.34759033697103725,-2.945698508370981,10.0,1.0
0.888,0.32616138458251953,0.32616138458251953,-2.5230770111083984,0.34464292317451706,-2.9491145397769003,10.0,1.0
0.889,0.32387256622314453,0.32387256622314453,-2.6021976470947266,0.34169210789148347,-2.952501464612851,10.0,1.0
0.89,0.32120227813720703,0.32120227813720703,-2.6285715103149414,0.3387379202452913,-2.9558592494513505,10.0,1.0
0.891,0.31853199005126953,0.31853199005126953,-2.6549453735351562,0.33578038939258076,-2.959187861152401,10.0,1.0
0.892,0.31586170196533203,0.31586170196533203,-2.672527313232422,0.3328195445229865,-2.9624872668638886,10.0,1.0
0.893,0.31319141387939453,0.31319141387939453,-2.5230770111083984,0.32985541485885295,-2.9657574340218957,10.0,1.0
0.894,0.31090259552001953,0.31090259552001953,-2.487912178039551,0.32688802965494274,-2.968998330351752,10.0,1.0
0.895,0.30823230743408203,0.30823230743408203,-2.646153450012207,0.32391741819814945,-2.972209923866501,10.0,1.0
0.896,0.30518054962158203,0.30518054962158203,-2.760439872741699,0.3209436098072097,-2.975392182869257,10.0,1.0
0.897,0.30289173126220703,0.30289173126220703,-2.5934066772460938,0.3179666338324109,-2.9785450759523826,10.0,1.0
0.898,0.29983997344970703,0.29983997344970703,-2.7252750396728516,0.31498651965530494,-2.9816685719980853,10.0,1.0
0.899,0.29716968536376953,0.29716968536376953,-2.7340660095214844,0.31200329668841476,-2.984762640178701,10.0,1.0
0.9,0.29488086700439453,0.29488086700439453,-2.4703292846679688,0.3090169943749475,-2.987827249957064,10.0,1.0
0.901,0.29221057891845703,0.29221057891845703,-2.7076921463012695,0.3060276421885006,-2.9908623710867346,10.0,1.0
0.902,0.28915882110595703,0.28915882110595703,-2.9098901748657227,0.30303526963277405,-2.993867973612055,10.0,1.0
0.903,0.28648853302001953,0.28648853302001953,-2.4967031478881836,0.30003990624127647,-2.996844027869571,10.0,1.0
0.904,0.28419971466064453,0.28419971466064453,-2.637362480163574,0.2970415815770349,-2.999790504486157,10.0,1.0
0.905,0.2811470031738281,0.2811470031738281,-2.9186811447143555,0.29404032523230417,-3.002707374381572,10.0,1.0
0.906,0.2788581848144531,0.2788581848144531,-2.4263734817504883,0.29103616682827177,-3.0055946087674386,10.0,1.0
0.907,0.2761878967285156,0.2761878967285156,-2.5142860412597656,0.2880291360147693,-3.008452179147838,10.0,1.0
0.908,0.2731361389160156,0.2731361389160156,-2.9098901748657227,0.28501926246997605,-3.0112800573198797,10.0,1.0
0.909,0.2708473205566406,0.2708473205566406,-2.6021976470947266,0.2820065759001295,-3.0140782153734733,10.0,1.0
0.91,0.2677955627441406,0.2677955627441406,-2.5934066772460938,0.2789911060392291,-3.016846625691869,10.0,1.0
0.911,0.2651252746582031,0.2651252746582031,-2.865934371948242,0.27597288264874575,-3.0195852609520273,10.0,1.0
0.912,0.2624549865722656,0.2624549865722656,-2.558241844177246,0.27295193551732505,-3.0222940941247316,10.0,1.0
0.913,0.2601661682128906,0.2601661682128906,-2.4439563751220703,0.2699282944604963,-3.0249730984746748,10.0,1.0
0.914,0.2574958801269531,0.2574958801269531,-2.8395605087280273,0.26690198932037573,-3.0276222475617374,10.0,1.0
0.915,0.2544441223144531,0.2544441223144531,-2.7252750396728516,0.2638730499653728,-3.030241515239311,10.0,1.0
0.916,0.2521553039550781,0.2521553039550781,-2.567032814025879,0.26084150628989705,-3.0328308756565434,10.0,1.0
0.917,0.24910354614257812,0.24910354614257812,-2.7868127822875977,0.25780738821405974,-3.035390303257401,10.0,1.0
0.918,0.24681472778320312,0.24681472778320312,-2.6021976470947266,0.25477072568338227,-3.037919772781393,10.0,1.0
0.919,0.24414443969726562,0.24414443969726562,-2.4703292846679688,0.25173154866849695,-3.0404192592637145,10.0,1.0
0.92,0.24147415161132812,0.24147415161132812,-2.8043956756591797,0.24868988716485482,-3.0428887380354155,10.0,1.0
0.921,0.23880386352539062,0.23880386352539062,-2.778021812438965,0.24564577119242612,-3.045328184723715,10.0,1.0
0.922,0.23613357543945312,0.23613357543945312,-2.637362480163574,0.2425992307954074,-3.0477375752520572,10.0,1.0
0.923,0.23308181762695312,0.23308181762695312,-2.8131866455078125,0.239550296041922,-3.0501168858414047,10.0,1.0
0.924,0.23041152954101562,0.23041152954101562,-2.760439872741699,0.2364989970237246,-3.0524660930082206,10.0,1.0
0.925,0.22774124145507812,0.22774124145507812,-2.567032814025879,0.23344536385590553,-3.054785173567055,10.0,1.0
0.926,0.22507095336914062,0.22507095336914062,-2.8043956756591797,0.23038942667659046,-3.057074104629521,10.0,1.0
0.927,0.22240066528320312,0.22240066528320312,-2.8131866455078125,0.2273312156466465,-3.0593328636047232,10.0,1.0
0.928,0.21934890747070312,0.21934890747070312,-2.75164794921875,0.224270760949381,-3.061561428199667,10.0,1.0
0.929,0.21667766571044922,0.21667766571044922,-2.8219776153564453,0.22120809279024714,-3.063759776419346,10.0,1.0
0.93,0.21400737762451172,0.21400737762451172,-2.7252750396728516,0.21814324139654231,-3.0659278865668966,10.0,1.0
0.931,0.21133708953857422,0.21133708953857422,-2.5934066772460938,0.21507623701711334,-3.0680657372437565,10.0,1.0
0.932,0.20866680145263672,0.20866680145263672,-2.795604705810547,0.2120071099220548,-3.0701733073508564,10.0,1.0
0.933,0.20561504364013672,0.20561504364013672,-2.8131866455078125,0.20893589040241162,-3.072250576086688,10.0,1.0
0.934,0.20294475555419922,0.20294475555419922,-2.769230842590332,0.2058626087698814,-3.0742975229496494,10.0,1.0
0.935,0.20027446746826172,0.20027446746826172,-2.8131866455078125,0.20278729535651233,-3.0763141277371773,10.0,1.0
0.936,0.19760417938232422,0.19760417938232422,-2.6989011764526367,0.19970998051440705,-3.0783003705462306,10.0,1.0
0.937,0.19493389129638672,0.19493389129638672,-2.6197805404663086,0.19663069461541985,-3.08025623177339,10.0,1.0
0.9380000000000001,0.19188213348388672,0.19188213348388672,-2.8043956756591797,0.19354946805086026,-3.0821816921150997,10.0,1.0
0.9390000000000001,0.18921184539794922,0.18921184539794922,-2.760439872741699,0.19046633123118964,-3.0840767325678513,10.0,1.0
0.9400000000000001,0.18654155731201172,0.18654155731201172,-2.742856979370117,0.18738131458572457,-3.0859413344281137,10.0,1.0
0.9410000000000001,0.18387126922607422,0.18387126922607422,-2.8131866455078125,0.18429444856233343,-3.0877754792936543,10.0,1.0
0.9420000000000001,0.18120098114013672,0.18120098114013672,-2.672527313232422,0.18120576362713725,-3.089579149061592,10.0,1.0
0.9430000000000001,0.17853069305419922,0.17853069305419922,-2.584615707397461,0.17811529026421022,-3.0913523259306857,10.0,1.0
0.9440000000000001,0.17547893524169922,0.17547893524169922,-2.760439872741699,0.17502305897527587,-3.0930949924003244,10.0,1.0
0.9450000000000001,0.17280864715576172,0.17280864715576172,-2.857142448425293,0.17192910027940958,-3.0948071312711107,10.0,1.0
0.9460000000000001,0.17013835906982422,0.17013835906982422,-2.7340660095214844,0.16883344471273365,-3.096488725644946,10.0,1.0
0.9470000000000001,0.16708660125732422,0.16708660125732422,-2.8395605087280273,0.16573612282811967,-3.098139758925157,10.0,1.0
0.9480000000000001,0.16441631317138672,0.16441631317138672,-2.75164794921875,0.16263716519488333,-3.099760214816726,10.0,1.0
0.9490000000000001,0.16174602508544922,0.16174602508544922,-2.6197805404663086,0.15953660239848622,-3.1013500773261597,10.0,1.0
0.9500000000000001,0.15907573699951172,0.15907573699951172,-2.8043956756591797,0.15643446504023098,-3.1029093307628557,10.0,1.0
0.9510000000000001,0.15640544891357422,0.15640544891357422,-2.8395605087280273,0.1533307837369605,-3.104437959736927,10.0,1.0
0.9520000000000001,0.1533527374267578,0.1533527374267578,-2.7868127822875977,0.15022558912075712,-3.1059359491616476,10.0,1.0
0.9530000000000001,0.1506824493408203,0.1506824493408203,-2.8923072814941406,0.1471189118386372,-3.1074032842524844,10.0,1.0
0.9540000000000001,0.1476306915283203,0.1476306915283203,-2.75164794921875,0.14401078255225216,-3.1088399505273827,10.0,1.0
0.9550000000000001,0.1449604034423828,0.1449604034423828,-2.7340660095214844,0.14090123193758242,-3.1102459338070645,10.0,1.0
0.9560000000000001,0.1422901153564453,0.1422901153564453,-2.795604705810547,0.13779029068463802,-3.1116212202150564,10.0,1.0
0.9570000000000001,0.1396198272705078,0.1396198272705078,-2.778021812438965,0.13467798949715232,-3.1129657961778037,10.0,1.0
0.9580000000000001,0.1365680694580078,0.1365680694580078,-2.962636947631836,0.1315643590922824,-3.1142796484246844,10.0,1.0
0.9590000000000001,0.1335163116455078,0.1335163116455078,-2.883516311645508,0.12844943020030294,-3.115562763989118,10.0,1.0
0.96,0.1308460235595703,0.1308460235595703,-2.6197805404663086,0.12533323356430454,-3.116815130206895,10.0,1.0
0.961,0.1281757354736328,0.1281757354736328,-2.778021812438965,0.12221579993988949,-3.118036734717272,10.0,1.0
0.962,0.1255054473876953,0.1255054473876953,-2.865934371948242,0.11909716009486998,-3.119227565463838,10.0,1.0
0.963,0.12283515930175781,0.12283515930175781,-2.6813182830810547,0.11597734480896181,-3.1203876106940527,10.0,1.0
0.964,0.11978340148925781,0.11978340148925781,-2.962636947631836,0.11285638487348187,-3.1215168589580813,10.0,1.0
0.965,0.11673164367675781,0.11673164367675781,-2.883516311645508,0.10973431109104564,-3.1226152991109117,10.0,1.0
0.966,0.11444282531738281,0.11444282531738281,-2.540658950805664,0.10661115427526005,-3.1236829203113885,10.0,1.0
0.967,0.11139106750488281,0.11139106750488281,-2.7868127822875977,0.10348694525042286,-3.1247197120225323,10.0,1.0
0.968,0.10872077941894531,0.10872077941894531,-2.9362640380859375,0.10036171485121498,-3.125725664011618,10.0,1.0
0.969,0.10605049133300781,0.10605049133300781,-2.6197805404663086,0.09723549392239961,-3.1267007663503037,10.0,1.0
0.97,0.10299873352050781,0.10299873352050781,-2.9098901748657227,0.09410831331851435,-3.127645009414728,10.0,1.0
0.971,0.10032844543457031,0.10032844543457031,-2.90109920501709,0.09098020390357014,-3.128558383885597,10.0,1.0
0.972,0.09765815734863281,0.09765815734863281,-2.487912178039551,0.08785119655074315,-3.1294408807482625,10.0,1.0
0.973,0.09498786926269531,0.09498786926269531,-2.778021812438965,0.08472132214207362,-3.1302924912926144,10.0,1.0
0.974,0.0919351577758789,0.0919351577758789,-2.8923072814941406,0.08159061156815792,-3.131113207114275,10.0,1.0
0.975,0.0892648696899414,0.0892648696899414,-2.567032814025879,0.07845909572784507,-3.131903020112439,10.0,1.0
0.976,0.0862131118774414,0.0862131118774414,-2.971428871154785,0.07532680552793304,-3.132661922492197,10.0,1.0
0.977,0.0835428237915039,0.0835428237915039,-2.9274721145629883,0.07219377188286066,-3.133389906763483,10.0,1.0
0.978,0.0812540054321289,0.0812540054321289,-2.487912178039551,0.06906002571440606,-3.134086965741396,10.0,1.0
0.979,0.0782022476196289,0.0782022476196289,-2.7340660095214844,0.06592559795137787,-3.1347530925462372,10.0,1.0
0.98,0.0755319595336914,0.0755319595336914,-2.9450550079345703,0.06279051952931358,-3.1353882806035998,10.0,1.0
0.981,0.0728616714477539,0.0728616714477539,-2.5758237838745117,0.059654821390170656,-3.1359925236444504,10.0,1.0
0.982,0.0698099136352539,0.0698099136352539,-2.8923072814941406,0.05651853448202468,-3.136565815704916,10.0,1.0
0.983,0.0671396255493164,0.0671396255493164,-2.989010810852051,0.05338168975876082,-3.1371081511275065,10.0,1.0
0.984,0.0644693374633789,0.0644693374633789,-2.5142860412597656,0.05024431817976966,-3.1376195245589287,10.0,1.0
0.985,0.061417579650878906,0.061417579650878906,-2.742856979370117,0.04710645070964296,-3.1380999309523503,10.0,1.0
0.986,0.058747291564941406,0.058747291564941406,-2.9978017807006836,0.04396811831786495,-3.1385493655663517,10.0,1.0
0.987,0.056077003479003906,0.056077003479003906,-2.663736343383789,0.040829351978510245,-3.1389678239652063,10.0,1.0
0.988,0.053406715393066406,0.053406715393066406,-2.8219776153564453,0.037690182669934534,-3.1393553020188882,10.0,1.0
0.989,0.050354957580566406,0.050354957580566406,-3.006593704223633,0.03455064137447246,-3.1397117959031444,10.0,1.0
0.99,0.047684669494628906,0.047684669494628906,-2.6021976470947266,0.031410759078128236,-3.1400373020995325,10.0,1.0
0.991,0.044632911682128906,0.044632911682128906,-2.75164794921875,0.02827056677027339,-3.140331817395209,10.0,1.0
0.992,0.041962623596191406,0.041962623596191406,-2.9450550079345703,0.025130095443337813,-3.1405953388840935,10.0,1.0
0.993,0.039292335510253906,0.039292335510253906,-2.6813182830810547,0.021989376092505196,-3.140827863964674,10.0,1.0
0.994,0.036240577697753906,0.036240577697753906,-2.8923072814941406,0.01884843971540846,-3.141029390342241,10.0,1.0
0.995,0.033570289611816406,0.033570289611816406,-2.953845977783203,0.01570731731182071,-3.1411999160278077,10.0,1.0
0.996,0.0308990478515625,0.0308990478515625,-2.540658950805664,0.012566039883352836,-3.141339439338358,10.0,1.0
0.997,0.028228759765625,0.028228759765625,-2.7868127822875977,0.009424638433143987,-3.1414479588968516,10.0,1.0
0.998,0.025177001953125,0.025177001953125,-2.9362640380859375,0.006283143965559127,-3.141525473632245,10.0,1.0
0.999,0.0225067138671875,0.0225067138671875,-2.672527313232422,0.0031415874858794902,-3.141571982779499,10.0,1.0
1.0,0.0194549560546875,0.0194549560546875,-2.953845977783203,1.2246467991473532e-16,-3.1415874858794126,10.0,1.0
1.0010000000000001,0.01678466796875,0.01678466796875,-2.883516311645508,-0.0031415874858796893,-3.1415719827794995,10.0,1.0
1.002,0.0141143798828125,0.0141143798828125,-2.5230770111083984,-0.006283143965558882,-3.141525473632246,10.0,1.0
1.0030000000000001,0.011444091796875,0.011444091796875,-2.874725341796875,-0.009424638433144186,-3.1414479588968525,10.0,1.0
1.004,0.008392333984375,0.008392333984375,-2.9274721145629883,-0.012566039883352592,-3.141339439338358,10.0,1.0
1.0050000000000001,0.0057220458984375,0.0057220458984375,-2.637362480163574,-0.015707317311820908,-3.1411999160278086,10.0,1.0
1.006,0.0026702880859375,0.0026702880859375,-2.962636947631836,-0.018848439715408213,-3.14102939034224,10.0,1.0
1.0070000000000001,0.0,0.0,-2.857142448425293,-0.021989376092505394,-3.1408278639646756,10.0,1.0
1.008,-0.0026702880859375,-0.0026702880859375,-2.6021976470947266,-0.02513009544333757,-3.1405953388840953,10.0,1.0
1.0090000000000001,-0.005340576171875,-0.005340576171875,-2.795604705810547,-0.028270566770273592,-3.140331817395211,10.0,1.0
1.01,-0.008392333984375,-0.008392333984375,-2.883516311645508,-0.031410759078127994,-3.1400373020995307,10.0,1.0
1.0110000000000001,-0.0110626220703125,-0.0110626220703125,-2.760439872741699,-0.03455064137447266,-3.139711795903148,10.0,1.0
1.012,-0.0141143798828125,-0.0141143798828125,-2.9098901748657227,-0.03769018266993429,-3.1393553020188847,10.0,1.0
1.0130000000000001,-0.01678466796875,-0.01678466796875,-2.84835147857666,-0.04082935197851044,-3.1389678239652063,10.0,1.0
1.014,-0.0194549560546875,-0.0194549560546875,-2.7340660095214844,-0.04396811831786471,-3.138549365566135,10.0,1.0
1.0150000000000001,-0.0225067138671875,-0.0225067138671875,-2.75164794921875,-0.047106450709642714,-3.1380999309523574,10.0,1.0
1.016,-0.025177001953125,-0.025177001953125,-2.795604705810547,-0.05024431817976942,-3.137619524558925,10.0,1.0
1.0170000000000001,-0.0278472900390625,-0.0278472900390625,-2.8395605087280273,-0.05338168975876058,-3.13710815112751,10.0,1.0
1.018,-0.0308990478515625,-0.0308990478515625,-2.883516311645508,-0.056518534482024436,-3.136565815705133,10.0,1.0
1.0190000000000001,-0.033951759338378906,-0.033951759338378906,-2.8131866455078125,-0.05965482139017086,-3.135992523644454,10.0,1.0
1.02,-0.036240577697753906,-0.036240577697753906,-2.7076921463012695,-0.06279051952931335,-3.1353882806035998,10.0,1.0
1.0210000000000001,-0.038910865783691406,-0.038910865783691406,-2.7164831161499023,-0.06592559795137808,-3.1347530925462337,10.0,1.0
1.022,-0.041962623596191406,-0.041962623596191406,-2.8923072814941406,-0.06906002571440581,-3.134086965741389,10.0,1.0
1.0230000000000001,-0.044632911682128906,-0.044632911682128906,-2.8307695388793945,-0.07219377188286087,-3.1333899067634903,10.0,1.0
1.024,-0.047684669494628906,-0.047684669494628906,-2.84835147857666,-0.07532680552793279,-3.1326619224920904,10.0,1.0
1.025,-0.050354957580566406,-0.050354957580566406,-2.883516311645508,-0.07845909572784437,-3.131903020112439,10.0,1.0
1.026,-0.053025245666503906,-0.053025245666503906,-2.672527313232422,-0.08159061156815768,-3.131113207114275,10.0,1.0
1.027,-0.056077003479003906,-0.056077003479003906,-2.7076921463012695,-0.08472132214207292,-3.1302924912926073,10.0,1.0
1.028,-0.059128761291503906,-0.059128761291503906,-3.0417585372924805,-0.0878511965507429,-3.1294408807482696,10.0,1.0
1.029,-0.061799049377441406,-0.061799049377441406,-2.7164831161499023,-0.09098020390356945,-3.12855838388559,10.0,1.0
1.03,-0.0644693374633789,-0.0644693374633789,-2.75164794921875,-0.0941083133185141,-3.127645009414742,10.0,1.0
1.031,-0.0675210952758789,-0.0675210952758789,-3.0329666137695312,-0.09723549392239893,-3.126700766350311,10.0,1.0
1.032,-0.0701913833618164,-0.0701913833618164,-2.6285715103149414,-0.10036171485121473,-3.1257256640116253,10.0,1.0
1.033,-0.0728616714477539,-0.0728616714477539,-2.6285715103149414,-0.10348694525042217,-3.1247197120225323,10.0,1.0
1.034,-0.0759134292602539,-0.0759134292602539,-3.0505495071411133,-0.1066111542752598,-3.1236829203114027,10.0,1.0
1.035,-0.0785837173461914,-0.0785837173461914,-2.7252750396728516,-0.10973431109104496,-3.1226152991109117,10.0,1.0
1.036,-0.0812540054321289,-0.0812540054321289,-2.742856979370117,-0.11285638487348164,-3.121516858958074,10.0,1.0
1.037,-0.0843057632446289,-0.0843057632446289,-3.0505495071411133,-0.11597734480896112,-3.1203876106940314,10.0,1.0
1.038,-0.0869760513305664,-0.0869760513305664,-2.5934066772460938,-0.11909716009486973,-3.1192275654640653,10.0,1.0
1.039,-0.0896463394165039,-0.0896463394165039,-2.637362480163574,-0.12221579993988924,-3.118036734717265,10.0,1.0
1.04,-0.0926980972290039,-0.0926980972290039,-3.1032962799072266,-0.12533323356430429,-3.1168151302067244,10.0,1.0
1.041,-0.09536933898925781,-0.09536933898925781,-2.760439872741699,-0.1284494302003027,-3.1155627639891534,10.0,1.0
1.042,-0.09803962707519531,-0.09803962707519531,-2.75164794921875,-0.13156435909228262,-3.1142796484246844,10.0,1.0
1.043,-0.10109138488769531,-0.10109138488769531,-2.989010810852051,-0.13467798949715207,-3.1129657961777895,10.0,1.0
1.044,-0.10376167297363281,-0.10376167297363281,-2.6197805404663086,-0.13779029068463822,-3.1116212202150706,10.0,1.0
1.045,-0.10643196105957031,-0.10643196105957031,-2.742856979370117,-0.1409012319375822,-3.1102459338070787,10.0,1.0
1.046,-0.10948371887207031,-0.10948371887207031,-3.0329666137695312,-0.14401078255225236,-3.1088399505273827,10.0,1.0
1.047,-0.11215400695800781,-0.11215400695800781,-2.7252750396728516,-0.14711891183863696,-3.107403284252257,10.0,1.0
1.048,-0.11520576477050781,-0.11520576477050781,-2.8395605087280273,-0.15022558912075687,-3.105935949161662,10.0,1.0
1.049,-0.11787605285644531,-0.11787605285644531,-2.9362640380859375,-0.15333078373696027,-3.104437959736913,10.0,1.0
1.05,-0.12054634094238281,-0.12054634094238281,-2.6109886169433594,-0.15643446504023073,-3.10290933076287,10.0,1.0
1.051,-0.12359809875488281,-0.12359809875488281,-2.8043956756591797,-0.159536602398486,-3.101350077326387,10.0,1.0
1.052,-0.1262683868408203,-0.1262683868408203,-2.9362640380859375,-0.16263716519488353,-3.099760214816726,10.0,1.0
1.053,-0.1293201446533203,-0.1293201446533203,-2.769230842590332,-0.16573612282811945,-3.098139758925157,10.0,1.0
1.054,-0.1319904327392578,-0.1319904327392578,-2.865934371948242,-0.16883344471273384,-3.096488725644946,10.0,1.0
1.055,-0.1350421905517578,-0.1350421905517578,-2.84835147857666,-0.17192910027940933,-3.0948071312711107,10.0,1.0
1.056,-0.1373310089111328,-0.1373310089111328,-2.6109886169433594,-0.1750230589752761,-3.0930949924003244,10.0,1.0
1.057,-0.1403827667236328,-0.1403827667236328,-2.75164794921875,-0.17811529026420997,-3.0913523259306572,10.0,1.0
1.058,-0.1430530548095703,-0.1430530548095703,-2.84835147857666,-0.18120576362713745,-3.0895791490616347,10.0,1.0
1.059,-0.1457233428955078,-0.1457233428955078,-2.742856979370117,-0.1842944485623332,-3.0877754792936543,10.0,1.0
1.06,-0.1487751007080078,-0.1487751007080078,-2.778021812438965,-0.18738131458572477,-3.0859413344280853,10.0,1.0
1.061,-0.1510639190673828,-0.1510639190673828,-2.6549453735351562,-0.1904663312311894,-3.084076732567823,10.0,1.0
1.062,-0.1537342071533203,-0.1537342071533203,-2.567032814025879,-0.19354946805086046,-3.082181692115128,10.0,1.0
1.063,-0.15640544891357422,-0.15640544891357422,-2.637362480163574,-0.19663069461541963,-3.080256231773376,10.0,1.0
1.064,-0.15945720672607422,-0.15945720672607422,-2.7340660095214844,-0.19970998051440725,-3.078300370546245,10.0,1.0
1.065,-0.16174602508544922,-0.16174602508544922,-2.672527313232422,-0.2027872953565121,-3.076314127736964,10.0,1.0
1.066,-0.16441631317138672,-0.16441631317138672,-2.690110206604004,-0.2058626087698812,-3.074297522949635,10.0,1.0
1.067,-0.16708660125732422,-0.16708660125732422,-2.6109886169433594,-0.20893589040241137,-3.072250576086674,10.0,1.0
1.068,-0.16975688934326172,-0.16975688934326172,-2.435164451599121,-0.21200710992205454,-3.0701733073508706,10.0,1.0
1.069,-0.17242717742919922,-0.17242717742919922,-2.558241844177246,-0.2150762370171131,-3.0680657372439697,10.0,1.0
1.07,-0.17471599578857422,-0.17471599578857422,-2.637362480163574,-0.2181432413965425,-3.065927886566911,10.0,1.0
1.071,-0.17738628387451172,-0.17738628387451172,-2.5934066772460938,-0.2212080927902469,-3.0637597764193174,10.0,1.0
1.072,-0.18005657196044922,-0.18005657196044922,-2.663736343383789,-0.2242707609493812,-3.0615614281996955,10.0,1.0
1.073,-0.18272686004638672,-0.18272686004638672,-2.5758237838745117,-0.22733121564664627,-3.0593328636047232,10.0,1.0
1.074,-0.18501567840576172,-0.18501567840576172,-2.452747344970703,-0.23038942667659065,-3.057074104629507,10.0,1.0
1.075,-0.18768596649169922,-0.18768596649169922,-2.4439563751220703,-0.23344536385590528,-3.054785173567069,10.0,1.0
1.076,-0.18997478485107422,-0.18997478485107422,-2.5934066772460938,-0.2364989970237248,-3.052466093008263,10.0,1.0
1.077,-0.19302654266357422,-0.19302654266357422,-2.6285715103149414,-0.23955029604192177,-3.0501168858413905,10.0,1.0
1.078,-0.19531536102294922,-0.19531536102294922,-2.6285715103149414,-0.2425992307954076,-3.0477375752520572,10.0,1.0
1.079,-0.19798564910888672,-0.19798564910888672,-2.6285715103149414,-0.2456457711924259,-3.045328184723701,10.0,1.0
1.08,-0.20065593719482422,-0.20065593719482422,-2.584615707397461,-0.24868988716485502,-3.042888738035387,10.0,1.0
1.081,-0.20294475555419922,-0.20294475555419922,-2.487912178039551,-0.2517315486684967,-3.0404192592637003,10.0,1.0
1.082,-0.20561504364013672,-0.20561504364013672,-2.6109886169433594,-0.25477072568338244,-3.0379197727814216,10.0,1.0
1.083,-0.20828533172607422,-0.20828533172607422,-2.5054941177368164,-0.2578073882140595,-3.0353903032571736,10.0,1.0
1.084,-0.21057415008544922,-0.21057415008544922,-2.6109886169433594,-0.26084150628989683,-3.032830875656515,10.0,1.0
1.085,-0.21362590789794922,-0.21362590789794922,-2.857142448425293,-0.2638730499653726,-3.030241515239368,10.0,1.0
1.086,-0.21629619598388672,-0.21629619598388672,-2.558241844177246,-0.2669019893203755,-3.027622247561766,10.0,1.0
1.087,-0.21858501434326172,-0.21858501434326172,-2.3912086486816406,-0.2699282944604961,-3.0249730984748453,10.0,1.0
1.088,-0.22125625610351562,-0.22125625610351562,-2.7164831161499023,-0.2729519355173252,-3.02229409412476,10.0,1.0
1.089,-0.22392654418945312,-0.22392654418945312,-2.6285715103149414,-0.27597288264874553,-3.019585260951999,10.0,1.0
1.09,-0.22659683227539062,-0.22659683227539062,-2.5318679809570312,-0.2789911060392293,-3.016846625691869,10.0,1.0
1.091,-0.22926712036132812,-0.22926712036132812,-2.760439872741699,-0.2820065759001293,-3.014078215373445,10.0,1.0
1.092,-0.23193740844726562,-0.23193740844726562,-2.742856979370117,-0.2850192624699762,-3.011280057319908,10.0,1.0
1.093,-0.23422622680664062,-0.23422622680664062,-2.4175825119018555,-0.2880291360147691,-3.0084521791478664,10.0,1.0
1.094,-0.23689651489257812,-0.23689651489257812,-2.540658950805664,-0.291036166828272,-3.00559460876741,10.0,1.0
1.095,-0.23956680297851562,-0.23956680297851562,-2.690110206604004,-0.2940403252323039,-3.002707374381515,10.0,1.0
1.096,-0.24223709106445312,-0.24223709106445312,-2.5142860412597656,-0.2970415815770351,-2.9997905044861852,10.0,1.0
1.097,-0.24452590942382812,-0.24452590942382812,-2.5054941177368164,-0.30003990624127624,-2.9968440278695425,10.0,1.0
1.098,-0.24757766723632812,-0.24757766723632812,-2.8043956756591797,-0.3030352696327742,-2.9938679736120832,10.0,1.0
1.099,-0.24986648559570312,-0.24986648559570312,-2.4263734817504883,-0.30602764218850037,-2.9908623710867346,10.0,1.0
1.1,-0.2521553039550781,-0.2521553039550781,-2.3120880126953125,-0.30901699437494773,-2.9878272499570926,10.0,1.0
1.101,-0.2548255920410156,-0.2548255920410156,-2.6549453735351562,-0.31200329668841453,-2.984762640178701,10.0,1.0
1.102,-0.2574958801269531,-0.2574958801269531,-2.5494508743286133,-0.31498651965530516,-2.9816685719980853,10.0,1.0
1.103,-0.2597846984863281,-0.2597846984863281,-2.2945051193237305,-0.3179666338324107,-2.978545075952127,10.0,1.0
1.104,-0.2624549865722656,-0.2624549865722656,-2.6197805404663086,-0.3209436098072095,-2.975392182869257,10.0,1.0
1.105,-0.2651252746582031,-0.2651252746582031,-2.6813182830810547,-0.3239174181981492,-2.972209923866501,10.0,1.0
1.106,-0.2674140930175781,-0.2674140930175781,-2.2945051193237305,-0.3268880296549425,-2.9689983303517806,10.0,1.0
1.107,-0.2693214416503906,-0.2693214416503906,-2.268132209777832,-0.3298554148588527,-2.9657574340220947,10.0,1.0
1.108,-0.2719917297363281,-0.2719917297363281,-2.646153450012207,-0.33281954452298673,-2.962487266863917,10.0,1.0
1.109,-0.2746620178222656,-0.2746620178222656,-2.3912086486816406,-0.33578038939258054,-2.959187861152344,10.0,1.0
1.11,-0.2769508361816406,-0.2769508361816406,-2.259340286254883,-0.3387379202452915,-2.955859249451379,10.0,1.0
1.111,-0.2796211242675781,-0.2796211242675781,-2.6989011764526367,-0.34169210789148324,-2.952501464612851,10.0,1.0
1.112,-0.28229236602783203,-0.28229236602783203,-2.6109886169433594,-0.3446429231745172,-2.949114539776872,10.0,1.0
1.113,-0.28419971466064453,-0.28419971466064453,-2.2329673767089844,-0.34759033697103703,-2.9456985083710094,10.0,1.0
1.114,-0.28687000274658203,-0.28687000274658203,-2.3384618759155273,-0.35053432019125924,-2.942253404110062,10.0,1.0
1.115,-0.28915882110595703,-0.28915882110595703,-2.6109886169433594,-0.35347484377925714,-2.938779260995858,10.0,1.0
1.116,-0.29182910919189453,-0.29182910919189453,-2.4439563751220703,-0.356411878713251,-2.9352761133166325,10.0,1.0
1.117,-0.29411792755126953,-0.29411792755126953,-2.3032970428466797,-0.3593453960058904,-2.93174399564748,10.0,1.0
1.118,-0.29678821563720703,-0.29678821563720703,-2.6813182830810547,-0.362275366704546,-2.928182942848622,10.0,1.0
1.119,-0.29945850372314453,-0.29945850372314453,-2.5054941177368164,-0.36520176189158754,-2.9245929900661167,10.0,1.0
1.12,-0.30136585235595703,-0.30136585235595703,-2.25054931640625,-0.3681245526846783,-2.9209741727316327,10.0,1.0
1.121,-0.30365467071533203,-0.30365467071533203,-2.329669952392578,-0.3710437102370508,-2.9173265265610553,10.0,1.0
1.122,-0.30632495880126953,-0.30632495880126953,-2.567032814025879,-0.37395920573780045,-2.913650087555851,10.0,1.0
1.123,-0.30861377716064453,-0.30861377716064453,-2.4175825119018555,-0.3768710104121625,-2.9099448920003397,10.0,1.0
1.124,-0.31128406524658203,-0.31128406524658203,-2.3384618759155273,-0.37977909552180117,-2.9062109764635977,10.0,1.0
1.125,-0.31395435333251953,-0.31395435333251953,-2.6285715103149414,-0.38268343236508967,-2.9024483777977252,10.0,1.0
1.1260000000000001,-0.31624317169189453,-0.31624317169189453,-2.4175825119018555,-0.38558399227739665,-2.8986571331381867,10.0,1.0
1.127,-0.31853199005126953,-0.31853199005126953,-2.1978025436401367,-0.388480746631366,-2.8948372799029585,10.0,1.0
1.1280000000000001,-0.32082080841064453,-0.32082080841064453,-2.4175825119018555,-0.3913736668372026,-2.8909888557925,10.0,1.0
1.129,-0.32349109649658203,-0.32349109649658203,-2.5054941177368164,-0.39426272434295095,-2.8871118987890725,10.0,1.0
1.1300000000000001,-0.32577991485595703,-0.32577991485595703,-2.34725284576416,-0.3971478906347808,-2.8832064471569367,10.0,1.0
1.131,-0.32806873321533203,-0.32806873321533203,-2.373626708984375,-0.4000291372372648,-2.8792725394410468,10.0,1.0
1.1320000000000001,-0.33073902130126953,-0.33073902130126953,-2.567032814025879,-0.4029064357136629,-2.8753102144676177,10.0,1.0
1.133,-0.33302783966064453,-0.33302783966064453,-2.3032970428466797,-0.40577975766620006,-2.871319511343188,10.0,1.0
1.1340000000000001,-0.33493518829345703,-0.33493518829345703,-2.162637710571289,-0.4086490747363493,-2.867300469454193,10.0,1.0
1.135,-0.33760547637939453,-0.33760547637939453,-2.4439563751220703,-0.4115143586051085,-2.863253128467562,10.0,1.0
1.1360000000000001,-0.33989429473876953,-0.33989429473876953,-2.452747344970703,-0.4143755809932845,-2.8591775283283027,10.0,1.0
1.137,-0.34218311309814453,-0.34218311309814453,-2.3032970428466797,-0.41723271366176506,-2.855073709261063,10.0,1.0
1.1380000000000001,-0.34447288513183594,-0.34447288513183594,-2.3384618759155273,-0.42008572841180664,-2.8509417117690248,10.0,1.0
1.139,-0.34714317321777344,-0.34714317321777344,-2.5142860412597656,-0.42293459708530307,-2.8467815766329636,10.0,1.0
1.1400000000000001,-0.34943199157714844,-0.34943199157714844,-2.34725284576416,-0.42577929156507266,-2.8425933449125864,10.0,1.0
1.141,-0.35172080993652344,-0.35172080993652344,-2.1978025436401367,-0.4286197837751282,-2.8383770579432053,10.0,1.0
1.1420000000000001,-0.35400962829589844,-0.35400962829589844,-2.2857141494750977,-0.4314560456809591,-2.8341327573381534,10.0,1.0
1.143,-0.35629844665527344,-0.35629844665527344,-2.3999996185302734,-0.4342880492898045,-2.829860484986966,10.0,1.0
1.1440000000000001,-0.35858726501464844,-0.35858726501464844,-2.382417678833008,-0.43711576665093305,-2.825560283055296,10.0,1.0
1.145,-0.36125755310058594,-0.36125755310058594,-2.2945051193237305,-0.4399391698559151,-2.821232193984315,10.0,1.0
1.1460000000000001,-0.36354637145996094,-0.36354637145996094,-2.4087915420532227,-0.4427582310389017,-2.816876260490602,10.0,1.0
1.147,-0.36583518981933594,-0.36583518981933594,-2.34725284576416,-0.4455729223768963,-2.8124925255653466,10.0,1.0
1.1480000000000001,-0.36812400817871094,-0.36812400817871094,-2.25054931640625,-0.44838321609003245,-2.808081032474405,10.0,1.0
1.149,-0.37041282653808594,-0.37041282653808594,-2.1978025436401367,-0.4511890844418451,-2.8036418247572783,10.0,1.0
1.1500000000000001,-0.37270164489746094,-0.37270164489746094,-2.268132209777832,-0.4539904997395471,-2.7991749462272537,10.0,1.0
1.151,-0.37499046325683594,-0.37499046325683594,-2.373626708984375,-0.4567874343342996,-2.7946804409705237,10.0,1.0
1.1520000000000001,-0.37727928161621094,-0.37727928161621094,-2.3032970428466797,-0.45957986062148815,-2.790158353345987,10.0,1.0
1.153,-0.37956809997558594,-0.37956809997558594,-2.382417678833008,-0.46236775104099154,-2.785608727985192,10.0,1.0
1.154,-0.38185691833496094,-0.38185691833496094,-2.3208789825439453,-0.4651510780774579,-2.7810316097908014,10.0,1.0
1.155,-0.38414573669433594,-0.38414573669433594,-2.2857141494750977,-0.4679298142605732,-2.776427043937133,10.0,1.0
1.156,-0.38643455505371094,-0.38643455505371094,-2.162637710571289,-0.4707039321653322,-2.7717950758693632,10.0,1.0
1.157,-0.38872337341308594,-0.38872337341308594,-2.1802196502685547,-0.473473404412312,-2.7671357513033286,10.0,1.0
1.158,-0.39101219177246094,-0.39101219177246094,-2.329669952392578,-0.4762382036679388,-2.7624491162244453,10.0,1.0
1.159,-0.39330101013183594,-0.39330101013183594,-2.2945051193237305,-0.4789983026447609,-2.7577352168881077,10.0,1.0
1.16,-0.39558982849121094,-0.39558982849121094,-2.2153844833374023,-0.481753674101715,-2.7529940998184657,10.0,1.0
1.161,-0.39749717712402344,-0.39749717712402344,-2.259340286254883,-0.4845042908443979,-2.7482258118085667,10.0,1.0
1.162,-0.39978599548339844,-0.39978599548339844,-2.3208789825439453,-0.4872501257253321,-2.7434303999193332,10.0,1.0
1.163,-0.40207481384277344,-0.40207481384277344,-2.0835161209106445,-0.48999115164423657,-2.7386079114796757,10.0,1.0
1.164,-0.40398216247558594,-0.40398216247558594,-2.0923080444335938,-0.4927273415482914,-2.7337583940854415,10.0,1.0
1.165,-0.40627193450927734,-0.40627193450927734,-2.2945051193237305,-0.49545866843240755,-2.7288818955996703,10.0,1.0
1.166,-0.40894222259521484,-0.40894222259521484,-2.382417678833008,-0.4981851053394907,-2.7239784641511733,10.0,1.0
1.167,-0.41084957122802734,-0.41084957122802734,-2.065934181213379,-0.50090662536071,-2.719048148134874,10.0,1.0
1.168,-0.41313838958740234,-0.41313838958740234,-2.118680953979492,-0.5036232016357604,-2.7140909962113255,10.0,1.0
1.169,-0.41542720794677734,-0.41542720794677734,-2.356043815612793,-0.5063348073531326,-2.709107057305289,10.0,1.0
1.17,-0.41771602630615234,-0.41771602630615234,-2.224175453186035,-0.5090414157503709,-2.704096380606245,10.0,1.0
1.171,-0.41962337493896484,-0.41962337493896484,-1.9516487121582031,-0.5117430001143451,-2.699059015567599,10.0,1.0
1.172,-0.42153072357177734,-0.42153072357177734,-2.0219783782958984,-0.5144395337815061,-2.693995011905912,10.0,1.0
1.173,-0.42381954193115234,-0.42381954193115234,-2.3208789825439453,-0.517130990138157,-2.6889044196014993,10.0,1.0
1.174,-0.42610836029052734,-0.42610836029052734,-2.2329673767089844,-0.5198173426207091,-2.6837872888958714,10.0,1.0
1.175,-0.42801570892333984,-0.42801570892333984,-2.039560317993164,-0.5224985647159487,-2.6786436702931837,10.0,1.0
1.176,-0.43030452728271484,-0.43030452728271484,-2.136263847351074,-0.5251746299612954,-2.673473614558816,10.0,1.0
1.177,-0.43259334564208984,-0.43259334564208984,-2.3032970428466797,-0.5278455119450663,-2.668277172719229,10.0,1.0
1.178,-0.43488216400146484,-0.43488216400146484,-2.1274728775024414,-0.5305111843067338,-2.6630543960610567,10.0,1.0
1.179,-0.43678951263427734,-0.43678951263427734,-1.8813190460205078,-0.5331716207371886,-2.6578053361313323,10.0,1.0
1.18,-0.43869686126708984,-0.43869686126708984,-2.0747251510620117,-0.5358267949789964,-2.6525300447357836,10.0,1.0
1.181,-0.44098567962646484,-0.44098567962646484,-2.329669952392578,-0.5384766808266602,-2.6472285739396852,10.0,1.0
1.182,-0.44327449798583984,-0.44327449798583984,-2.1890106201171875,-0.5411212521268757,-2.641900976066154,10.0,1.0
1.183,-0.44518184661865234,-0.44518184661865234,-2.013186454772949,-0.5437604827787925,-2.636547303696659,10.0,1.0
1.184,-0.44747066497802734,-0.44747066497802734,-2.136263847351074,-0.546394346734269,-2.6311676096696033,10.0,1.0
1.185,-0.44975948333740234,-0.44975948333740234,-2.268132209777832,-0.5490228179981318,-2.6257619470803775,10.0,1.0
1.186,-0.45166683197021484,-0.45166683197021484,-1.9780216217041016,-0.5516458706284298,-2.6203303692811915,10.0,1.0
1.187,-0.45357418060302734,-0.45357418060302734,-1.9076919555664062,-0.5542634787366942,-2.6148729298789135,10.0,1.0
1.188,-0.45548152923583984,-0.45548152923583984,-2.0923080444335938,-0.5568756164881876,-2.609389682736378,10.0,1.0
1.189,-0.45777034759521484,-0.45777034759521484,-2.2329673767089844,-0.5594822581021671,-2.6038806819713614,10.0,1.0
1.19,-0.46005916595458984,-0.46005916595458984,-2.057143211364746,-0.5620833778521303,-2.5983459819549353,10.0,1.0
1.191,-0.46196651458740234,-0.46196651458740234,-1.9956035614013672,-0.5646789500660769,-2.592785637313,10.0,1.0
1.192,-0.46387386322021484,-0.46387386322021484,-2.1274728775024414,-0.5672689491267562,-2.5871997029233285,10.0,1.0
1.193,-0.46616268157958984,-0.46616268157958984,-2.2153844833374023,-0.5698533494719237,-2.5815882339172163,10.0,1.0
1.194,-0.46807003021240234,-0.46807003021240234,-1.9516487121582031,-0.5724321255945907,-2.5759512856773767,10.0,1.0
1.195,-0.46997833251953125,-0.46997833251953125,-1.8813190460205078,-0.5750052520432786,-2.5702889138383966,10.0,1.0
1.196,-0.47188568115234375,-0.47188568115234375,-2.0307693481445312,-0.5775727034222674,-2.5646011742853716,10.0,1.0
1.197,-0.47417449951171875,-0.47417449951171875,-2.0747251510620117,-0.5801344543918494,-2.558888123154304,10.0,1.0
1.198,-0.47608184814453125,-0.47608184814453125,-2.065934181213379,-0.5826904796685759,-2.5531498168302846,10.0,1.0
1.199,-0.47837066650390625,-0.47837066650390625,-1.9956035614013672,-0.5852407540255101,-2.547386311948628,10.0,1.0
1.2,-0.48027801513671875,-0.48027801513671875,-2.048351287841797,-0.587785252292473,-2.541597665392203,10.0,1.0
1.201,-0.48218536376953125,-0.48218536376953125,-2.0835161209106445,-0.5903239493562946,-2.535783934293079,10.0,1.0
1.202,-0.48447418212890625,-0.48447418212890625,-1.960439682006836,-0.5928568201610591,-2.5299451760301963,10.0,1.0
1.203,-0.48600006103515625,-0.48600006103515625,-1.8813190460205078,-0.5953838397083551,-2.5240814482296514,10.0,1.0
1.204,-0.48790740966796875,-0.48790740966796875,-1.9252738952636719,-0.5979049830575185,-2.5181928087645815,10.0,1.0
1.205,-0.49019622802734375,-0.49019622802734375,-2.0219783782958984,-0.6004202253258842,-2.5122793157530054,10.0,1.0
1.206,-0.49210357666015625,-0.49210357666015625,-1.9868125915527344,-0.6029295416890244,-2.506341027558676,10.0,1.0
1.207,-0.49401092529296875,-0.49401092529296875,-1.9692306518554688,-0.6054329073810016,-2.5003780027903986,10.0,1.0
1.208,-0.49629974365234375,-0.49629974365234375,-2.039560317993164,-0.607930297694605,-2.494390300300381,10.0,1.0
1.209,-0.49820709228515625,-0.49820709228515625,-1.9692306518554688,-0.6104216879816025,-2.488377979185657,10.0,1.0
1.21,-0.5001144409179688,-0.5001144409179688,-1.9252738952636719,-0.6129070536529763,-2.4823410987844454,10.0,1.0
1.211,-0.5020217895507812,-0.5020217895507812,-1.8285713195800781,-0.6153863701791714,-2.4762797186789385,10.0,1.0
1.212,-0.5039291381835938,-0.5039291381835938,-1.9252738952636719,-0.6178596130903341,-2.4701938986923437,10.0,1.0
1.213,-0.5058364868164062,-0.5058364868164062,-1.9516487121582031,-0.620326757976556,-2.4640836988891692,10.0,1.0
1.214,-0.5077438354492188,-0.5077438354492188,-1.9516487121582031,-0.6227877804881123,-2.457949179574598,10.0,1.0
1.215,-0.5096511840820312,-0.5096511840820312,-1.8989009857177734,-0.6252426563357052,-2.4517904012940903,10.0,1.0
1.216,-0.5115585327148438,-0.5115585327148438,-1.960439682006836,-0.6276913612907004,-2.4456074248319055,10.0,1.0
1.217,-0.5134658813476562,-0.5134658813476562,-2.013186454772949,-0.6301338711853691,-2.4394003112120686,10.0,1.0
1.218,-0.5153732299804688,-0.5153732299804688,-1.9340667724609375,-0.6325701619131243,-2.433169121695812,10.0,1.0
1.219,-0.5172805786132812,-0.5172805786132812,-1.8285713195800781,-0.6350002094287608,-2.426913917782713,10.0,1.0
1.22,-0.5191879272460938,-0.5191879272460938,-1.8197803497314453,-0.6374239897486896,-2.4206347612088734,10.0,1.0
1.221,-0.5210952758789062,-0.5210952758789062,-1.8989009857177734,-0.6398414789511786,-2.4143317139474334,10.0,1.0
1.222,-0.5230026245117188,-0.5230026245117188,-1.9076919555664062,-0.6422526531765844,-2.408004838206466,10.0,1.0
1.223,-0.5249099731445312,-0.5249099731445312,-1.9340667724609375,-0.6446574886275915,-2.4016541964298312,10.0,1.0
1.224,-0.5268173217773438,-0.5268173217773438,-1.8549442291259766,-0.647055961569444,-2.395279851296152,10.0,1.0
1.225,-0.5287246704101562,-0.5287246704101562,-1.916482925415039,-0.6494480483301839,-2.3888818657172806,10.0,1.0
1.226,-0.5306320190429688,-0.5306320190429688,-1.8901100158691406,-0.6518337253008785,-2.3824603028386946,10.0,1.0
1.227,-0.5325403213500977,-0.5325403213500977,-1.8637371063232422,-0.6542129689358613,-2.3760152260388736,10.0,1.0
1.228,-0.5340662002563477,-0.5340662002563477,-1.7758235931396484,-0.6565857557529562,-2.3695466989277634,10.0,1.0
1.229,-0.5359735488891602,-0.5359735488891602,-1.74945068359375,-0.6589520623337168,-2.3630547853477424,10.0,1.0
1.23,-0.5378808975219727,-0.5378808975219727,-1.837362289428711,-0.6613118653236517,-2.3565395493707797,10.0,1.0
1.231,-0.5394067764282227,-0.5394067764282227,-1.7934074401855469,-0.6636651414324585,-2.350001055299913,10.0,1.0
1.232,-0.5413141250610352,-0.5413141250610352,-1.8109893798828125,-0.6660118674342514,-2.3434393676672585,10.0,1.0
1.233,-0.5432214736938477,-0.5432214736938477,-1.7582416534423828,-0.668352020167793,-2.3368545512342394,10.0,1.0
1.234,-0.5451288223266602,-0.5451288223266602,-1.8461532592773438,-0.6706855765367199,-2.3302466709901637,10.0,1.0
1.235,-0.5466547012329102,-0.5466547012329102,-1.8461532592773438,-0.6730125135097734,-2.3236157921522818,10.0,1.0
1.236,-0.5485620498657227,-0.5485620498657227,-1.7670326232910156,-0.6753328081210244,-2.3169619801644785,10.0,1.0
1.237,-0.5504693984985352,-0.5504693984985352,-1.6967029571533203,-0.6776464374701024,-2.310285300697501,10.0,1.0
1.238,-0.5519952774047852,-0.5519952774047852,-1.6439552307128906,-0.6799533787224192,-2.303585819647026,10.0,1.0
1.239,-0.5535211563110352,-0.5535211563110352,-1.7582416534423828,-0.6822536091093966,-2.2968636031347955,10.0,1.0
1.24,-0.5554285049438477,-0.5554285049438477,-1.6879119873046875,-0.6845471059286887,-2.2901187175059476,10.0,1.0
1.241,-0.5569543838500977,-0.5569543838500977,-1.6439552307128906,-0.6868338465444085,-2.28335122932981,10.0,1.0
1.242,-0.5588617324829102,-0.5588617324829102,-1.7054939270019531,-0.6891138083873483,-2.276561205399105,10.0,1.0
1.243,-0.5603876113891602,-0.5603876113891602,-1.7846145629882812,-0.6913869689552067,-2.2697487127282443,10.0,1.0
1.244,-0.5622949600219727,-0.5622949600219727,-1.9076919555664062,-0.6936533058128047,-2.2629138185539546,10.0,1.0
1.245,-0.5642023086547852,-0.5642023086547852,-1.7054939270019531,-0.6959127965923146,-2.2560565903339693,10.0,1.0
1.246,-0.5657281875610352,-0.5657281875610352,-1.6000003814697266,-0.6981654189934725,-2.2491770957458357,10.0,1.0
1.247,-0.5672540664672852,-0.5672540664672852,-1.5736255645751953,-0.7004111507838063,-2.2422754026883354,10.0,1.0
1.248,-0.5687799453735352,-0.5687799453735352,-1.661539077758789,-0.7026499697988491,-2.2353515792775625,10.0,1.0
1.249,-0.5706872940063477,-0.5706872940063477,-1.7406597137451172,-0.7048818539423615,-2.228405693849254,10.0,1.0
1.25,-0.5722131729125977,-0.5722131729125977,-1.6791210174560547,-0.7071067811865475,-2.221437814956232,10.0,1.0
1.2510000000000001,-0.5741205215454102,-0.5741205215454102,-1.5912094116210938,-0.709324729572274,-2.2144480113688587,10.0,1.0
1.252,-0.5756464004516602,-0.5756464004516602,-1.626373291015625,-0.7115356772092852,-2.207436352073671,10.0,1.0
1.2530000000000001,-0.5775537490844727,-0.5775537490844727,-1.7934074401855469,-0.7137396022764214,-2.200402906272984,10.0,1.0
1.254,-0.5790796279907227,-0.5790796279907227,-1.8285713195800781,-0.7159364830218311,-2.193347743383754,10.0,1.0
1.2550000000000001,-0.5809869766235352,-0.5809869766235352,-1.6791210174560547,-0.7181262977631889,-2.1862709330379744,10.0,1.0
1.256,-0.5825128555297852,-0.5825128555297852,-1.5560436248779297,-0.7203090248879069,-2.179172545080519,10.0,1.0
1.2570000000000001,-0.5840387344360352,-0.5840387344360352,-1.5120887756347656,-0.72248464285335,-2.1720526495699346,10.0,1.0
1.258,-0.5855646133422852,-0.5855646133422852,-1.6439552307128906,-0.7246531301870467,-2.164911316776511,10.0,1.0
1.2590000000000001,-0.5874719619750977,-0.5874719619750977,-1.74945068359375,-0.7268144654869031,-2.1577486171823352,10.0,1.0
1.26,-0.5889978408813477,-0.5889978408813477,-1.6791210174560547,-0.7289686274214113,-2.150564621480612,10.0,1.0
1.2610000000000001,-0.5905237197875977,-0.5905237197875977,-1.6000003814697266,-0.7311155947298643,-2.1433594005742975,10.0,1.0
1.262,-0.5920495986938477,-0.5920495986938477,-1.5736255645751953,-0.7332553462225598,-2.136133025575873,10.0,1.0
1.2630000000000001,-0.5939579010009766,-0.5939579010009766,-1.7054939270019531,-0.7353878607810161,-2.1288855678069467,10.0,1.0
1.264,-0.5958652496337891,-0.5958652496337891,-1.8285713195800781,-0.7375131173581737,-2.1216170987967757,10.0,1.0
1.2650000000000001,-0.5973911285400391,-0.5973911285400391,-1.661539077758789,-0.7396310949786097,-2.114327690282721,10.0,1.0
1.266,-0.5989170074462891,-0.5989170074462891,-1.5032958984375,-0.7417417727387391,-2.1070174142076894,10.0,1.0
1.2670000000000001,-0.6004428863525391,-0.6004428863525391,-1.4769229888916016,-0.7438451298070251,-2.0996863427215544,10.0,1.0
1.268,-0.6019687652587891,-0.6019687652587891,-1.5472526550292969,-0.7459411454241821,-2.0923345481787123,10.0,1.0
1.2690000000000001,-0.6034946441650391,-0.6034946441650391,-1.6879119873046875,-0.7480297989033826,-2.084962103138764,10.0,1.0
1.27,-0.6054019927978516,-0.6054019927978516,-1.6175823211669922,-0.7501110696304595,-2.0775690803644125,10.0,1.0
1.2710000000000001,-0.6069278717041016,-0.6069278717041016,-1.5296707153320312,-0.7521849370641115,-2.0701555528222,10.0,1.0
1.272,-0.6080722808837891,-0.6080722808837891,-1.4241752624511719,-0.7542513807361038,-2.062721593680294,10.0,1.0
1.2730000000000001,-0.6095981597900391,-0.6095981597900391,-1.459341049194336,-0.7563103802514721,-2.055267276308939,10.0,1.0
1.274,-0.6111240386962891,-0.6111240386962891,-1.661539077758789,-0.7583619152887215,-2.0477926742794352,10.0,1.0
1.2750000000000001,-0.6130313873291016,-0.6130313873291016,-1.6967029571533203,-0.7604059656000312,-2.0402978613632285,10.0,1.0
1.276,-0.6145572662353516,-0.6145572662353516,-1.4769229888916016,-0.7624425110114479,-2.0327829115301483,10.0,1.0
1.2770000000000001,-0.6157016754150391,-0.6157016754150391,-1.3626365661621094,-0.7644715314230915,-2.0252478989509086,10.0,1.0
1.278,-0.6172275543212891,-0.6172275543212891,-1.2835159301757812,-0.7664930068093496,-2.0176928979926174,10.0,1.0
1.2790000000000001,-0.6187534332275391,-0.6187534332275391,-1.3802204132080078,-0.7685069172190768,-2.0101179832199136,10.0,1.0
1.28,-0.6198978424072266,-0.6198978424072266,-1.538461685180664,-0.7705132427757894,-2.0025232293940576,10.0,1.0
1.281,-0.6214237213134766,-0.6214237213134766,-1.5472526550292969,-0.7725119636778645,-1.994908711472135,10.0,1.0
1.282,-0.6229496002197266,-0.6229496002197266,-1.4505500793457031,-0.7745030601987337,-1.9872745046070008,10.0,1.0
1.283,-0.6244754791259766,-0.6244754791259766,-1.3186817169189453,-0.7764865126870784,-1.9796206841448907,10.0,1.0
1.284,-0.6256198883056641,-0.6256198883056641,-1.3274726867675781,-0.7784623015670236,-1.9719473256254787,10.0,1.0
1.285,-0.6271457672119141,-0.6271457672119141,-1.5296707153320312,-0.7804304073383292,-1.9642545047822182,10.0,1.0
1.286,-0.6286716461181641,-0.6286716461181641,-1.6439552307128906,-0.7823908105765881,-1.9565422975403521,10.0,1.0
1.287,-0.6305789947509766,-0.6305789947509766,-1.5032958984375,-0.7843434919334099,-1.948810780015208,10.0,1.0
1.288,-0.6317234039306641,-0.6317234039306641,-1.3978023529052734,-0.7862884321366186,-1.941060028514869,10.0,1.0
1.289,-0.6328678131103516,-0.6328678131103516,-1.2659339904785156,-0.7882256119904396,-1.9332901195359113,10.0,1.0
1.29,-0.6340122222900391,-0.6340122222900391,-1.1956043243408203,-0.7901550123756904,-1.9255011297636315,10.0,1.0
1.291,-0.6355381011962891,-0.6355381011962891,-1.3626365661621094,-0.7920766142499669,-1.9176931360722733,10.0,1.0
1.292,-0.6370639801025391,-0.6370639801025391,-1.4769229888916016,-0.793990398647835,-1.909866215524346,10.0,1.0
1.293,-0.6385898590087891,-0.6385898590087891,-1.415384292602539,-0.7958963466810155,-1.9020204453680094,10.0,1.0
1.294,-0.6397342681884766,-0.6397342681884766,-1.4329662322998047,-0.7977944395385711,-1.8941559030375288,10.0,1.0
1.295,-0.6412601470947266,-0.6412601470947266,-1.292306900024414,-0.7996846584870905,-1.8862726661526494,10.0,1.0
1.296,-0.6424045562744141,-0.6424045562744141,-1.2395610809326172,-0.8015669848708764,-1.8783708125184262,10.0,1.0
1.297,-0.6439304351806641,-0.6439304351806641,-1.3802204132080078,-0.8034414001121273,-1.870450420122836,10.0,1.0
1.298,-0.6450748443603516,-0.6450748443603516,-1.459341049194336,-0.8053078857111221,-1.8625115671365506,10.0,1.0
1.299,-0.6466007232666016,-0.6466007232666016,-1.4241752624511719,-0.8071664232464003,-1.8545543319125954,10.0,1.0
1.3,-0.6481266021728516,-0.6481266021728516,-1.4329662322998047,-0.8090169943749473,-1.846578792986577,10.0,1.0
1.301,-0.6492710113525391,-0.6492710113525391,-1.2659339904785156,-0.8108595808323733,-1.8385850290733856,10.0,1.0
1.302,-0.6504154205322266,-0.6504154205322266,-1.2043952941894531,-0.8126941644330942,-1.8305731190678216,10.0,1.0
1.303,-0.6519412994384766,-0.6519412994384766,-1.2659339904785156,-0.8145207270705089,-1.8225431420448786,10.0,1.0
1.304,-0.6530857086181641,-0.6530857086181641,-1.3538455963134766,-0.8163392507171839,-1.8144951772571858,10.0,1.0
1.305,-0.6546115875244141,-0.6546115875244141,-1.4065933227539062,-0.8181497174250233,-1.806429304134042,10.0,1.0
1.306,-0.6557559967041016,-0.6557559967041016,-1.371429443359375,-0.819952109325452,-1.798345602283348,10.0,1.0
1.307,-0.657282829284668,-0.657282829284668,-1.2835159301757812,-0.8217464086295899,-1.7902441514876841,10.0,1.0
1.308,-0.6584272384643555,-0.6584272384643555,-1.2659339904785156,-0.8235325976284275,-1.7821250317048225,10.0,1.0
1.309,-0.659571647644043,-0.659571647644043,-1.2395610809326172,-0.8253106586929995,-1.7739883230670443,10.0,1.0
1.31,-0.661097526550293,-0.661097526550293,-1.3538455963134766,-0.8270805742745616,-1.7658341058810834,10.0,1.0
1.311,-0.662623405456543,-0.662623405456543,-1.3978023529052734,-0.8288423269047616,-1.7576624606255677,10.0,1.0
1.312,-0.6637678146362305,-0.6637678146362305,-1.292306900024414,-0.8305958991958128,-1.7494734679509065,10.0,1.0
1.313,-0.664912223815918,-0.664912223815918,-1.2571430206298828,-0.8323412738406634,-1.7412672086790622,10.0,1.0
1.314,-0.6660566329956055,-0.6660566329956055,-1.1516475677490234,-0.834078433613171,-1.73304376380338,10.0,1.0
1.315,-0.667201042175293,-0.667201042175293,-1.0549449920654297,-0.83580736136827,-1.724803214485405,10.0,1.0
1.316,-0.6683454513549805,-0.6683454513549805,-1.1340656280517578,-0.8375280400421419,-1.7165456420559053,10.0,1.0
1.317,-0.669489860534668,-0.669489860534668,-1.2043952941894531,-0.8392404526523818,-1.708271128013564,10.0,1.0
1.318,-0.671015739440918,-0.671015739440918,-1.2747249603271484,-0.840944582298169,-1.6999797540251507,10.0,1.0
1.319,-0.6721601486206055,-0.6721601486206055,-1.1956043243408203,-0.8426404121604321,-1.691671601923133,10.0,1.0
1.32,-0.673304557800293,-0.673304557800293,-1.1956043243408203,-0.8443279255020153,-1.6833467537048818,10.0,1.0
1.321,-0.6744489669799805,-0.6744489669799805,-1.1428565979003906,-0.8460071056678418,-1.675005291533921,10.0,1.0
1.322,-0.675593376159668,-0.675593376159668,-1.0637359619140625,-0.8476779360850832,-1.666647297737427,10.0,1.0
1.323,-0.6767377853393555,-0.6767377853393555,-1.1428565979003906,-0.8493404002633165,-1.6582728548044088,10.0,1.0
1.324,-0.677882194519043,-0.677882194519043,-1.213186264038086,-0.8509944817946921,-1.6498820453878125,10.0,1.0
1.325,-0.6790266036987305,-0.6790266036987305,-1.2395610809326172,-0.852640164354092,-1.6414749523015644,10.0,1.0
1.326,-0.680171012878418,-0.680171012878418,-1.1692314147949219,-0.8542774316992953,-1.6330516585205146,10.0,1.0
1.327,-0.6813154220581055,-0.6813154220581055,-1.1428565979003906,-0.855906267671133,-1.6246122471783337,10.0,1.0
1.328,-0.682459831237793,-0.682459831237793,-1.002197265625,-0.8575266561936521,-1.6161568015696162,10.0,1.0
1.329,-0.683222770690918,-0.683222770690918,-0.9934062957763672,-0.8591385812742721,-1.6076854051457872,10.0,1.0
1.33,-0.6843671798706055,-0.6843671798706055,-0.9582424163818359,-0.8607420270039438,-1.5991981415159557,10.0,1.0
1.331,-0.685511589050293,-0.685511589050293,-1.0901107788085938,-0.862336977557304,-1.590695094445664,10.0,1.0
1.332,-0.686274528503418,-0.686274528503418,-1.0901107788085938,-0.8639234171928352,-1.5821763478574553,10.0,1.0
1.333,-0.6874189376831055,-0.6874189376831055,-1.1340656280517578,-0.8655013302530188,-1.5736419858275212,10.0,1.0
1.334,-0.688563346862793,-0.688563346862793,-1.0461540222167969,-0.8670707011644903,-1.565092092586326,10.0,1.0
1.335,-0.6897077560424805,-0.6897077560424805,-1.0637359619140625,-0.8686315144381913,-1.556526752517641,10.0,1.0
1.336,-0.690852165222168,-0.690852165222168,-0.9670333862304688,-0.8701837546695256,-1.547946050158771,10.0,1.0
1.337,-0.691615104675293,-0.691615104675293,-0.9670333862304688,-0.8717274065385088,-1.5393500701973721,10.0,1.0
1.338,-0.6927595138549805,-0.6927595138549805,-0.9318675994873047,-0.8732624548099204,-1.530738897471906,10.0,1.0
1.339,-0.6935224533081055,-0.6935224533081055,-1.0725269317626953,-0.8747888843334525,-1.5221126169715262,10.0,1.0
1.34,-0.694666862487793,-0.694666862487793,-1.0461540222167969,-0.8763066800438636,-1.5134713138346,10.0,1.0
1.341,-0.6958112716674805,-0.6958112716674805,-1.0725269317626953,-0.8778158269611216,-1.5048150733464354,10.0,1.0
1.342,-0.696955680847168,-0.696955680847168,-1.002197265625,-0.8793163101905564,-1.4961439809409285,10.0,1.0
1.343,-0.697718620300293,-0.697718620300293,-1.002197265625,-0.8808081149230034,-1.4874581221984613,10.0,1.0
1.344,-0.698481559753418,-0.698481559753418,-0.9054946899414062,-0.8822912264349534,-1.4787575828450485,10.0,1.0
1.345,-0.6996259689331055,-0.6996259689331055,-0.9318675994873047,-0.8837656300886934,-1.470042448750803,10.0,1.0
1.346,-0.7003889083862305,-0.7003889083862305,-0.8527469635009766,-0.8852313113324551,-1.4613128059315272,10.0,1.0
1.347,-0.7011518478393555,-0.7011518478393555,-0.8703289031982422,-0.8866882557005563,-1.4525687405446774,10.0,1.0
1.348,-0.702296257019043,-0.702296257019043,-0.9582424163818359,-0.8881364488135446,-1.4438103388909553,10.0,1.0
1.349,-0.703059196472168,-0.703059196472168,-0.9318675994873047,-0.889575876378338,-1.4350376874115796,10.0,1.0
1.35,-0.7042036056518555,-0.7042036056518555,-0.9494514465332031,-0.8910065241883678,-1.4262508726899341,10.0,1.0
1.351,-0.7049665451049805,-0.7049665451049805,-0.9582424163818359,-0.8924283781237178,-1.4174499814480441,10.0,1.0
1.352,-0.706110954284668,-0.706110954284668,-0.9846153259277344,-0.8938414241512639,-1.4086351005469737,10.0,1.0
1.353,-0.706873893737793,-0.706873893737793,-0.9406585693359375,-0.8952456483248117,-1.3998063169859734,10.0,1.0
1.354,-0.7080183029174805,-0.7080183029174805,-0.9670333862304688,-0.8966410367852359,-1.3909637179019114,10.0,1.0
1.355,-0.7087812423706055,-0.7087812423706055,-0.8879127502441406,-0.8980275757606155,-1.3821073905676258,10.0,1.0
1.356,-0.709925651550293,-0.709925651550293,-0.9406585693359375,-0.8994052515663712,-1.3732374223912416,10.0,1.0
1.357,-0.710688591003418,-0.710688591003418,-0.9494514465332031,-0.9007740506053978,-1.3643539009157735,10.0,1.0
1.358,-0.7118330001831055,-0.7118330001831055,-0.9846153259277344,-0.9021339593682028,-1.3554569138185002,10.0,1.0
1.359,-0.7125959396362305,-0.7125959396362305,-0.9318675994873047,-0.9034849644330347,-1.3465465489084067,10.0,1.0
1.36,-0.713740348815918,-0.713740348815918,-0.9230766296386719,-0.9048270524660198,-1.3376228941274917,10.0,1.0
1.361,-0.714503288269043,-0.714503288269043,-0.9494514465332031,-0.9061602102212896,-1.3286860375486071,10.0,1.0
1.362,-0.7156476974487305,-0.7156476974487305,-0.8791217803955078,-0.907484424541117,-1.3197360673752314,10.0,1.0
1.363,-0.7164106369018555,-0.7164106369018555,-0.8967037200927734,-0.90879968235604,-1.310773071939252,10.0,1.0
1.364,-0.7171735763549805,-0.7171735763549805,-0.8087921142578125,-0.9101059706849955,-1.3017971397025576,10.0,1.0
1.365,-0.7179365158081055,-0.7179365158081055,-0.8175830841064453,-0.9114032766354451,-1.2928083592536268,10.0,1.0
1.366,-0.7190818786621094,-0.7190818786621094,-0.8527469635009766,-0.9126915874035029,-1.2838068193080971,10.0,1.0
1.367,-0.7194633483886719,-0.7194633483886719,-0.7999992370605469,-0.9139708902740612,-1.274792608707287,10.0,1.0
1.368,-0.7206077575683594,-0.7206077575683594,-0.8351650238037109,-0.9152411726209175,-1.2657658164183658,10.0,1.0
1.369,-0.7213706970214844,-0.7213706970214844,-0.7824172973632812,-0.9165024219068978,-1.2567265315318537,10.0,1.0
1.37,-0.7221336364746094,-0.7221336364746094,-0.8351650238037109,-0.9177546256839813,-1.2476748432618479,10.0,1.0
1.371,-0.7228965759277344,-0.7228965759277344,-0.8967037200927734,-0.9189977715934214,-1.2386108409445455,10.0,1.0
1.372,-0.7236595153808594,-0.7236595153808594,-0.8263740539550781,-0.9202318473658704,-1.2295346140384709,10.0,1.0
1.373,-0.7248039245605469,-0.7248039245605469,-0.8439559936523438,-0.9214568408214984,-1.2204462521222013,10.0,1.0
1.374,-0.7255668640136719,-0.7255668640136719,-0.7912082672119141,-0.922672739870115,-1.2113458448940833,10.0,1.0
1.375,-0.7263298034667969,-0.7263298034667969,-0.7912082672119141,-0.9238795325112865,-1.2022334821714935,10.0,1.0
1.3760000000000001,-0.7270927429199219,-0.7270927429199219,-0.8439559936523438,-0.925077206834458,-1.193109253890043,10.0,1.0
1.377,-0.7278556823730469,-0.7278556823730469,-0.7560443878173828,-0.9262657510190666,-1.183973250101701,10.0,1.0
1.3780000000000001,-0.7286186218261719,-0.7286186218261719,-0.8263740539550781,-0.9274451533346615,-1.1748255609753073,10.0,1.0
1.379,-0.7293815612792969,-0.7293815612792969,-0.7648353576660156,-0.9286154021410171,-1.1656662767949229,10.0,1.0
1.3800000000000001,-0.7301445007324219,-0.7301445007324219,-0.7384624481201172,-0.9297764858882515,-1.1564954879593188,10.0,1.0
1.381,-0.7309074401855469,-0.7309074401855469,-0.7912082672119141,-0.9309283931169358,-1.1473132849796457,10.0,1.0
1.3820000000000001,-0.7316703796386719,-0.7316703796386719,-0.7208786010742188,-0.9320711124582108,-1.1381197584813663,10.0,1.0
1.383,-0.7324333190917969,-0.7324333190917969,-0.7560443878173828,-0.9332046326338984,-1.1289149992006173,10.0,1.0
1.3840000000000001,-0.7331962585449219,-0.7331962585449219,-0.7208786010742188,-0.9343289424566121,-1.119699097984494,10.0,1.0
1.385,-0.7339591979980469,-0.7339591979980469,-0.6505489349365234,-0.9354440308298674,-1.1104721457900268,10.0,1.0
1.3860000000000001,-0.7343406677246094,-0.7343406677246094,-0.6505489349365234,-0.9365498867481923,-1.1012342336841812,10.0,1.0
1.387,-0.7351036071777344,-0.7351036071777344,-0.6769237518310547,-0.9376464992972355,-1.0919854528409587,10.0,1.0
1.3880000000000001,-0.7358665466308594,-0.7358665466308594,-0.6505489349365234,-0.9387338576538742,-1.0827258945421363,10.0,1.0
1.389,-0.7366294860839844,-0.7366294860839844,-0.7120876312255859,-0.9398119510863198,-1.0734556501756174,10.0,1.0
1.3900000000000001,-0.7373924255371094,-0.7373924255371094,-0.7032966613769531,-0.9408807689542255,-1.0641748112354321,10.0,1.0
1.391,-0.7377738952636719,-0.7377738952636719,-0.6769237518310547,-0.9419403007087905,-1.0548834693195204,10.0,1.0
1.3920000000000001,-0.7385368347167969,-0.7385368347167969,-0.7296695709228516,-0.9429905358928646,-1.045581716129675,10.0,1.0
1.393,-0.7392997741699219,-0.7392997741699219,-0.8087921142578125,-0.9440314641410499,-1.0362696434701206,10.0,1.0
1.3940000000000001,-0.7400627136230469,-0.7400627136230469,-0.7208786010742188,-0.9450630751798049,-1.0269473432477412,10.0,1.0
1.395,-0.7408256530761719,-0.7408256530761719,-0.7736263275146484,-0.9460853588275453,-1.0176149074697491,10.0,1.0
1.3960000000000001,-0.7415885925292969,-0.7415885925292969,-0.7296695709228516,-0.9470983049947445,-1.008272428243231,10.0,1.0
1.397,-0.7423515319824219,-0.7423515319824219,-0.6769237518310547,-0.9481019036840318,-0.99891999777509,10.0,1.0
1.3980000000000001,-0.7431144714355469,-0.7431144714355469,-0.7032966613769531,-0.9490961449902947,-0.9895577083700005,10.0,1.0
1.399,-0.7438774108886719,-0.7438774108886719,-0.7032966613769531,-0.9500810191007717,-0.9801856524293839,10.0,1.0
1.4000000000000001,-0.7442588806152344,-0.7442588806152344,-0.6681327819824219,-0.9510565162951535,-0.9708039224524896,10.0,1.0
1.401,-0.7450218200683594,-0.7450218200683594,-0.7384624481201172,-0.9520226269456765,-0.9614126110326993,10.0,1.0
1.4020000000000001,-0.7457847595214844,-0.7457847595214844,-0.6769237518310547,-0.952979341517219,-0.9520118108585507,10.0,1.0
1.403,-0.7465476989746094,-0.7465476989746094,-0.6681327819824219,-0.9539266505673936,-0.9426016147119185,10.0,1.0
1.4040000000000001,-0.7473106384277344,-0.7473106384277344,-0.6857147216796875,-0.954864544746643,-0.9331821154682416,10.0,1.0
1.405,-0.7480735778808594,-0.7480735778808594,-0.7120876312255859,-0.95579301479833,-0.9237534060938515,10.0,1.0
1.4060000000000001,-0.7484550476074219,-0.7484550476074219,-0.5978031158447266,-0.9567120515588307,-0.9143155796461997,10.0,1.0
1.407,-0.7492179870605469,-0.7492179870605469,-0.6329669952392578,-0.9576216459576223,-0.9048687292725504,10.0,1.0
1.408,-0.7495994567871094,-0.7495994567871094,-0.5978031158447266,-0.9585217890173756,-0.8954129482101507,10.0,1.0
1.409,-0.7503623962402344,-0.7503623962402344,-0.5274734497070312,-0.9594124718540428,-0.8859483297836732,10.0,1.0
1.41,-0.7507438659667969,-0.7507438659667969,-0.5186805725097656,-0.960293685676943,-0.8764749674045333,10.0,1.0
1.411,-0.7511253356933594,-0.7511253356933594,-0.5362644195556641,-0.961165421788852,-0.8669929545714012,10.0,1.0
1.412,-0.7518882751464844,-0.7518882751464844,-0.5362644195556641,-0.9620276715860857,-0.8575023848677006,10.0,1.0
1.413,-0.7522697448730469,-0.7522697448730469,-0.5186805725097656,-0.9628804265585875,-0.8480033519620065,10.0,1.0
1.414,-0.7530326843261719,-0.7530326843261719,-0.5274734497070312,-0.9637236782900096,-0.8384959496052034,10.0,1.0
1.415,-0.7534141540527344,-0.7534141540527344,-0.5890102386474609,-0.964557418457798,-0.8289802716321333,10.0,1.0
1.416,-0.7541770935058594,-0.7541770935058594,-0.5538463592529297,-0.9653816388332738,-0.8194564119583561,10.0,1.0
1.417,-0.7545585632324219,-0.7545585632324219,-0.5098896026611328,-0.9661963312817148,-0.8099244645806607,10.0,1.0
1.418,-0.7549400329589844,-0.7549400329589844,-0.5802192687988281,-0.967001487762435,-0.8003845235751896,10.0,1.0
1.419,-0.7557029724121094,-0.7557029724121094,-0.6065940856933594,-0.9677971003288653,-0.790836683098064,10.0,1.0
1.42,-0.7564659118652344,-0.7564659118652344,-0.6153850555419922,-0.968583161128631,-0.7812810373820298,10.0,1.0
1.421,-0.7568473815917969,-0.7568473815917969,-0.5098896026611328,-0.9693596624036294,-0.7717176807374244,10.0,1.0
1.422,-0.7572288513183594,-0.7572288513183594,-0.5626373291015625,-0.9701265964901058,-0.7621467075508122,10.0,1.0
1.423,-0.7579917907714844,-0.7579917907714844,-0.5186805725097656,-0.970883955818731,-0.7525682122840749,10.0,1.0
1.424,-0.7583732604980469,-0.7583732604980469,-0.47472572326660156,-0.9716317329146739,-0.7429822894727636,10.0,1.0
1.425,-0.7587547302246094,-0.7587547302246094,-0.4483509063720703,-0.9723699203976767,-0.7333890337263256,10.0,1.0
1.426,-0.7591361999511719,-0.7591361999511719,-0.4307689666748047,-0.9730985109821264,-0.7237885397260584,10.0,1.0
1.427,-0.7595176696777344,-0.7595176696777344,-0.4395599365234375,-0.9738174974771289,-0.7141809022253938,10.0,1.0
1.428,-0.7602806091308594,-0.7602806091308594,-0.47472572326660156,-0.9745268727865771,-0.704566216047283,10.0,1.0
1.429,-0.7606620788574219,-0.7606620788574219,-0.4307689666748047,-0.9752266299092235,-0.6949445760851063,10.0,1.0
1.43,-0.7610435485839844,-0.7610435485839844,-0.4307689666748047,-0.9759167619387472,-0.6853160773005129,10.0,1.0
1.431,-0.7614250183105469,-0.7614250183105469,-0.5010986328125,-0.9765972620638246,-0.6756808147231368,10.0,1.0
1.432,-0.7621879577636719,-0.7621879577636719,-0.4923076629638672,-0.9772681235681934,-0.6660388834485502,10.0,1.0
1.433,-0.7625694274902344,-0.7625694274902344,-0.46593475341796875,-0.9779293398307217,-0.6563903786393439,10.0,1.0
1.434,-0.7629508972167969,-0.7629508972167969,-0.46593475341796875,-0.978580904325472,-0.6467353955220005,10.0,1.0
1.435,-0.7633323669433594,-0.7633323669433594,-0.5010986328125,-0.9792228106217657,-0.6370740293875201,10.0,1.0
1.436,-0.7640953063964844,-0.7640953063964844,-0.5098896026611328,-0.9798550523842469,-0.6274063755892598,10.0,1.0
1.437,-0.7644767761230469,-0.7644767761230469,-0.5010986328125,-0.9804776233729443,-0.6177325295435594,10.0,1.0
1.438,-0.7648582458496094,-0.7648582458496094,-0.41318702697753906,-0.981090517443334,-0.6080525867272399,10.0,1.0
1.439,-0.7652397155761719,-0.7652397155761719,-0.46593475341796875,-0.9816937285463989,-0.5983666426774334,10.0,1.0
1.44,-0.7656211853027344,-0.7656211853027344,-0.4395599365234375,-0.9822872507286887,-0.5886747929901048,10.0,1.0
1.441,-0.7663841247558594,-0.7663841247558594,-0.40439605712890625,-0.9828710781323792,-0.5789771333205067,10.0,1.0
1.442,-0.7667655944824219,-0.7667655944824219,-0.3604393005371094,-0.9834452049953296,-0.5692737593802804,10.0,1.0
1.443,-0.7667655944824219,-0.7667655944824219,-0.33406639099121094,-0.9840096256511398,-0.5595647669379673,10.0,1.0
1.444,-0.7671470642089844,-0.7671470642089844,-0.3252754211425781,-0.9845643345292054,-0.549850251816963,10.0,1.0
1.445,-0.7675285339355469,-0.7675285339355469,-0.3076915740966797,-0.9851093261547739,-0.5401303098963126,10.0,1.0
1.446,-0.7679100036621094,-0.7679100036621094,-0.3076915740966797,-0.9856445951489979,-0.5304050371074709,10.0,1.0
1.447,-0.7682914733886719,-0.7682914733886719,-0.3076915740966797,-0.9861701362289889,-0.5206745294350412,10.0,1.0
1.448,-0.7686729431152344,-0.7686729431152344,-0.3252754211425781,-0.9866859442078679,-0.5109388829150703,10.0,1.0
1.449,-0.7686729431152344,-0.7686729431152344,-0.2989006042480469,-0.9871920139948192,-0.5011981936349343,10.0,1.0
1.45,-0.7690544128417969,-0.7690544128417969,-0.28131866455078125,-0.9876883405951377,-0.4914525577306108,10.0,1.0
1.451,-0.7694358825683594,-0.7694358825683594,-0.3252754211425781,-0.9881749191102804,-0.48170207138821297,10.0,1.0
1.452,-0.7698173522949219,-0.7698173522949219,-0.34285736083984375,-0.988651744737914,-0.47194683084063627,10.0,1.0
1.453,-0.7701988220214844,-0.7701988220214844,-0.3604393005371094,-0.9891188127719618,-0.4621869323685246,10.0,1.0
1.454,-0.7701988220214844,-0.7701988220214844,-0.33406639099121094,-0.9895761186026509,-0.4524224722978829,10.0,1.0
1.455,-0.7705802917480469,-0.7705802917480469,-0.33406639099121094,-0.9900236577165575,-0.44265354700013404,10.0,1.0
1.456,-0.7709617614746094,-0.7709617614746094,-0.33406639099121094,-0.9904614256966512,-0.43288025289058396,10.0,1.0
1.457,-0.7713432312011719,-0.7713432312011719,-0.35164833068847656,-0.9908894182223388,-0.4231026864276828,10.0,1.0
1.458,-0.7717247009277344,-0.7717247009277344,-0.35164833068847656,-0.9913076310695066,-0.41332094411194475,10.0,1.0
1.459,-0.7721061706542969,-0.7721061706542969,-0.3604393005371094,-0.9917160601105628,-0.40353512248566403,10.0,1.0
1.46,-0.7724876403808594,-0.7724876403808594,-0.3604393005371094,-0.9921147013144778,-0.3937453181304136,10.0,1.0
1.461,-0.7728691101074219,-0.7728691101074219,-0.35164833068847656,-0.9925035507468237,-0.3839516276680115,10.0,1.0
1.462,-0.7732505798339844,-0.7732505798339844,-0.29010963439941406,-0.9928826045698137,-0.37415414775779254,10.0,1.0
1.463,-0.7732505798339844,-0.7732505798339844,-0.2989006042480469,-0.9932518590423394,-0.36435297509740394,10.0,1.0
1.464,-0.7736320495605469,-0.7736320495605469,-0.3076915740966797,-0.9936113105200084,-0.35454820642013374,10.0,1.0
1.465,-0.7740135192871094,-0.7740135192871094,-0.29010963439941406,-0.9939609554551797,-0.344739938495195,10.0,1.0
1.466,-0.7743949890136719,-0.7743949890136719,-0.2989006042480469,-0.9943007903969988,-0.33492826812630483,10.0,1.0
1.467,-0.7747764587402344,-0.7747764587402344,-0.28131866455078125,-0.9946308119914323,-0.3251132921507178,10.0,1.0
1.468,-0.7747764587402344,-0.7747764587402344,-0.24615478515625,-0.9949510169813002,-0.31529510743797573,10.0,1.0
1.469,-0.7751579284667969,-0.7751579284667969,-0.21977996826171875,-0.9952614022063083,-0.3054738108899073,10.0,1.0
1.47,-0.7751579284667969,-0.7751579284667969,-0.22857093811035156,-0.99556196460308,-0.29564949943863894,10.0,1.0
1.471,-0.7755393981933594,-0.7755393981933594,-0.21098899841308594,-0.9958527012051857,-0.2858222700462534,10.0,1.0
1.472,-0.7755393981933594,-0.7755393981933594,-0.20219802856445312,-0.9961336091431725,-0.275992219703312,10.0,1.0
1.473,-0.7759208679199219,-0.7759208679199219,-0.1934070587158203,-0.9964046856445924,-0.26615944542874104,10.0,1.0
1.474,-0.7759208679199219,-0.7759208679199219,-0.1846160888671875,-0.9966659280340299,-0.25632404426772837,10.0,1.0
1.475,-0.7763023376464844,-0.7763023376464844,-0.15824127197265625,-0.996917333733128,-0.24648611329212144,10.0,1.0
1.476,-0.7763023376464844,-0.7763023376464844,-0.1758251190185547,-0.9971589002606139,-0.23664574959781248,10.0,1.0
1.477,-0.7766838073730469,-0.7766838073730469,-0.1846160888671875,-0.9973906252323237,-0.2268030503057048,10.0,1.0
1.478,-0.7766838073730469,-0.7766838073730469,-0.1846160888671875,-0.9976125063612252,-0.21695811255887065,10.0,1.0
1.479,-0.7770652770996094,-0.7770652770996094,-0.14945030212402344,-0.9978245414574415,-0.2071110335231765,10.0,1.0
1.48,-0.7770652770996094,-0.7770652770996094,-0.16703224182128906,-0.9980267284282716,-0.19726191038512297,10.0,1.0
1.481,-0.7770652770996094,-0.7770652770996094,-0.11428642272949219,-0.9982190652782118,-0.187410840351788,10.0,1.0
1.482,-0.7774467468261719,-0.7774467468261719,-0.11428642272949219,-0.998401550108975,-0.17755792064895104,10.0,1.0
1.483,-0.7774467468261719,-0.7774467468261719,-0.08791160583496094,-0.9985741811195098,-0.1677032485212635,10.0,1.0
1.484,-0.7774467468261719,-0.7774467468261719,-0.11428642272949219,-0.9987369566060175,-0.15784692123003197,10.0,1.0
1.485,-0.7778282165527344,-0.7778282165527344,-0.09670257568359375,-0.99888987496197,-0.14798903605367286,10.0,1.0
1.486,-0.7778282165527344,-0.7778282165527344,-0.11428642272949219,-0.9990329346781247,-0.138129690284984,10.0,1.0
1.487,-0.7778282165527344,-0.7778282165527344,-0.10549545288085938,-0.9991661343425401,-0.12826898123228148,10.0,1.0
1.488,-0.7778282165527344,-0.7778282165527344,-0.11428642272949219,-0.9992894726405892,-0.11840700621633005,10.0,1.0
1.489,-0.7782096862792969,-0.7782096862792969,-0.09670257568359375,-0.9994029483549729,-0.1085438625712527,10.0,1.0
1.49,-0.7782096862792969,-0.7782096862792969,-0.09670257568359375,-0.9995065603657316,-0.0986796476417453,10.0,1.0
1.491,-0.7782096862792969,-0.7782096862792969,-0.09670257568359375,-0.9996003076502565,-0.08881445878415661,10.0,1.0
1.492,-0.7782096862792969,-0.7782096862792969,-0.09670257568359375,-0.9996841892832999,-0.07894839336370296,10.0,1.0
1.493,-0.7785911560058594,-0.7785911560058594,-0.0615386962890625,-0.999758204436984,-0.06908154875458195,10.0,1.0
1.494,-0.7785911560058594,-0.7785911560058594,-0.0615386962890625,-0.999822352380809,-0.059214022338267114,10.0,1.0
1.495,-0.7785911560058594,-0.7785911560058594,-0.026372909545898438,-0.9998766324816606,-0.049345911503621664,10.0,1.0
1.496,-0.7785911560058594,-0.7785911560058594,-0.026372909545898438,-0.9999210442038161,-0.0394773136446247,10.0,1.0
1.497,-0.7785911560058594,-0.7785911560058594,-0.017581939697265625,-0.9999555871089498,-0.029608326160541765,10.0,1.0
1.498,-0.7785911560058594,-0.7785911560058594,0.008790969848632812,-0.9999802608561371,-0.01973904645416269,10.0,1.0
1.499,-0.7785911560058594,-0.7785911560058594,0.0,-0.9999950652018582,-0.009869571931517385,10.0,1.0
1.5,-0.7785911560058594,-0.7785911560058594,0.017581939697265625,-1.0,5.684341886080802e-14,10.0,1.0
1.5010000000000001,-0.7785911560058594,-0.7785911560058594,0.0,-0.9999950652018582,0.009869571931403698,10.0,1.0
1.502,-0.7785911560058594,-0.7785911560058594,0.03516578674316406,-0.9999802608561371,0.019739046454219533,10.0,1.0
1.5030000000000001,-0.7785911560058594,-0.7785911560058594,0.017581939697265625,-0.9999555871089498,0.029608326160428078,10.0,1.0
1.504,-0.7785911560058594,-0.7785911560058594,0.026372909545898438,-0.9999210442038161,0.0394773136446247,10.0,1.0
1.5050000000000001,-0.7785911560058594,-0.7785911560058594,0.026372909545898438,-0.9998766324816606,0.04934591150350798,10.0,1.0
1.506,-0.7782096862792969,-0.7782096862792969,0.03516578674316406,-0.999822352380809,0.059214022338267114,10.0,1.0
1.5070000000000001,-0.7782096862792969,-0.7782096862792969,0.017581939697265625,-0.999758204436984,0.06908154875446826,10.0,1.0
1.508,-0.7782096862792969,-0.7782096862792969,0.017581939697265625,-0.9996841892832999,0.07894839336381665,10.0,1.0
1.5090000000000001,-0.7782096862792969,-0.7782096862792969,0.043956756591796875,-0.9996003076502565,0.08881445878415661,10.0,1.0
1.51,-0.7782096862792969,-0.7782096862792969,0.0,-0.9995065603657316,0.09867964764191584,10.0,1.0
1.5110000000000001,-0.7782096862792969,-0.7782096862792969,0.026372909545898438,-0.9994029483549729,0.10854386257119586,10.0,1.0
1.512,-0.7782096862792969,-0.7782096862792969,0.043956756591796875,-0.9992894726405892,0.11840700621644373,10.0,1.0
1.5130000000000001,-0.7782096862792969,-0.7782096862792969,0.026372909545898438,-0.9991661343425401,0.1282689812321678,10.0,1.0
1.514,-0.7782096862792969,-0.7782096862792969,0.026372909545898438,-0.9990329346781247,0.13812969028515454,10.0,1.0
1.5150000000000001,-0.7782096862792969,-0.7782096862792969,0.03516578674316406,-0.9988898749619699,0.14798903605355918,10.0,1.0
1.516,-0.7782096862792969,-0.7782096862792969,0.03516578674316406,-0.9987369566060175,0.15784692123014565,10.0,1.0
1.5170000000000001,-0.7782096862792969,-0.7782096862792969,0.043956756591796875,-0.9985741811195097,0.16770324852120666,10.0,1.0
1.518,-0.7782096862792969,-0.7782096862792969,0.026372909545898438,-0.998401550108975,0.17755792064900788,10.0,1.0
1.5190000000000001,-0.7782096862792969,-0.7782096862792969,0.03516578674316406,-0.9982190652782118,0.18741084035167432,10.0,1.0
1.52,-0.7778282165527344,-0.7778282165527344,0.0615386962890625,-0.9980267284282716,0.19726191038512297,10.0,1.0
1.5210000000000001,-0.7778282165527344,-0.7778282165527344,0.03516578674316406,-0.9978245414574415,0.20711103352311966,10.0,1.0
1.522,-0.7778282165527344,-0.7778282165527344,0.07032966613769531,-0.9976125063612252,0.21695811255898434,10.0,1.0
1.5230000000000001,-0.7778282165527344,-0.7778282165527344,0.07032966613769531,-0.9973906252323236,0.22680305030559111,10.0,1.0
1.524,-0.7778282165527344,-0.7778282165527344,0.05274772644042969,-0.9971589002606139,0.23664574959786933,10.0,1.0
1.5250000000000001,-0.7778282165527344,-0.7778282165527344,0.0615386962890625,-0.996917333733128,0.24648611329200776,10.0,1.0
1.526,-0.7778282165527344,-0.7778282165527344,0.0615386962890625,-0.9966659280340299,0.25632404426784205,10.0,1.0
1.5270000000000001,-0.7774467468261719,-0.7774467468261719,0.07032966613769531,-0.9964046856445924,0.26615944542862735,10.0,1.0
1.528,-0.7774467468261719,-0.7774467468261719,0.11428642272949219,-0.9961336091431725,0.2759922197034257,10.0,1.0
1.5290000000000001,-0.7774467468261719,-0.7774467468261719,0.10549545288085938,-0.9958527012051857,0.28582227004619654,10.0,1.0
1.53,-0.7770652770996094,-0.7770652770996094,0.11428642272949219,-0.99556196460308,0.2956494994386958,10.0,1.0
1.5310000000000001,-0.7770652770996094,-0.7770652770996094,0.10549545288085938,-0.9952614022063083,0.3054738108899073,10.0,1.0
1.532,-0.7770652770996094,-0.7770652770996094,0.14065933227539062,-0.9949510169813002,0.31529510743797573,10.0,1.0
1.5330000000000001,-0.7766838073730469,-0.7766838073730469,0.123077392578125,-0.9946308119914323,0.325113292150661,10.0,1.0
1.534,-0.7766838073730469,-0.7766838073730469,0.14065933227539062,-0.9943007903969988,0.3349282681263617,10.0,1.0
1.5350000000000001,-0.7766838073730469,-0.7766838073730469,0.1318683624267578,-0.9939609554551797,0.344739938495195,10.0,1.0
1.536,-0.7763023376464844,-0.7763023376464844,0.1318683624267578,-0.9936113105200084,0.35454820642013374,10.0,1.0
1.537,-0.7763023376464844,-0.7763023376464844,0.11428642272949219,-0.9932518590423395,0.36435297509740394,10.0,1.0
1.538,-0.7763023376464844,-0.7763023376464844,0.123077392578125,-0.9928826045698137,0.37415414775779254,10.0,1.0
1.539,-0.7759208679199219,-0.7759208679199219,0.1318683624267578,-0.9925035507468238,0.38395162766795465,10.0,1.0
1.54,-0.7759208679199219,-0.7759208679199219,0.15824127197265625,-0.9921147013144779,0.39374531813035674,10.0,1.0
1.541,-0.7759208679199219,-0.7759208679199219,0.15824127197265625,-0.9917160601105629,0.4035351224857209,10.0,1.0
1.542,-0.7755393981933594,-0.7755393981933594,0.15824127197265625,-0.9913076310695066,0.4133209441120016,10.0,1.0
1.543,-0.7755393981933594,-0.7755393981933594,0.14945030212402344,-0.9908894182223388,0.4231026864276828,10.0,1.0
1.544,-0.7751579284667969,-0.7751579284667969,0.14945030212402344,-0.9904614256966512,0.43288025289058396,10.0,1.0
1.545,-0.7751579284667969,-0.7751579284667969,0.123077392578125,-0.9900236577165575,0.4426535470000772,10.0,1.0
1.546,-0.7751579284667969,-0.7751579284667969,0.1318683624267578,-0.989576118602651,0.45242247229782606,10.0,1.0
1.547,-0.7747764587402344,-0.7747764587402344,0.11428642272949219,-0.9891188127719619,0.46218693236858144,10.0,1.0
1.548,-0.7747764587402344,-0.7747764587402344,0.123077392578125,-0.988651744737914,0.47194683084063627,10.0,1.0
1.549,-0.7747764587402344,-0.7747764587402344,0.1318683624267578,-0.9881749191102805,0.48170207138815613,10.0,1.0
1.55,-0.7743949890136719,-0.7743949890136719,0.1318683624267578,-0.9876883405951378,0.4914525577306108,10.0,1.0
1.551,-0.7743949890136719,-0.7743949890136719,0.15824127197265625,-0.9871920139948193,0.5011981936349343,10.0,1.0
1.552,-0.7743949890136719,-0.7743949890136719,0.14065933227539062,-0.986685944207868,0.5109388829150703,10.0,1.0
1.553,-0.7740135192871094,-0.7740135192871094,0.15824127197265625,-0.986170136228989,0.5206745294350412,10.0,1.0
1.554,-0.7740135192871094,-0.7740135192871094,0.1318683624267578,-0.985644595148998,0.5304050371074709,10.0,1.0
1.555,-0.7740135192871094,-0.7740135192871094,0.10549545288085938,-0.985109326154774,0.5401303098963695,10.0,1.0
1.556,-0.7736320495605469,-0.7736320495605469,0.11428642272949219,-0.9845643345292054,0.5498502518170199,10.0,1.0
1.557,-0.7736320495605469,-0.7736320495605469,0.1318683624267578,-0.9840096256511398,0.5595647669379105,10.0,1.0
1.558,-0.7736320495605469,-0.7736320495605469,0.123077392578125,-0.9834452049953297,0.5692737593802235,10.0,1.0
1.559,-0.7732505798339844,-0.7732505798339844,0.1318683624267578,-0.9828710781323793,0.5789771333205636,10.0,1.0
1.56,-0.7732505798339844,-0.7732505798339844,0.15824127197265625,-0.9822872507286887,0.5886747929901048,10.0,1.0
1.561,-0.7728691101074219,-0.7728691101074219,0.14945030212402344,-0.981693728546399,0.5983666426773766,10.0,1.0
1.562,-0.7728691101074219,-0.7728691101074219,0.21098899841308594,-0.9810905174433341,0.6080525867272399,10.0,1.0
1.563,-0.7724876403808594,-0.7724876403808594,0.1934070587158203,-0.9804776233729444,0.6177325295435594,10.0,1.0
1.564,-0.7724876403808594,-0.7724876403808594,0.21098899841308594,-0.979855052384247,0.6274063755892598,10.0,1.0
1.565,-0.7721061706542969,-0.7721061706542969,0.21098899841308594,-0.9792228106217659,0.6370740293875201,10.0,1.0
1.566,-0.7721061706542969,-0.7721061706542969,0.1934070587158203,-0.9785809043254721,0.6467353955220005,10.0,1.0
1.567,-0.7717247009277344,-0.7717247009277344,0.21098899841308594,-0.9779293398307218,0.6563903786393439,10.0,1.0
1.568,-0.7717247009277344,-0.7717247009277344,0.1846160888671875,-0.9772681235681935,0.6660388834485502,10.0,1.0
1.569,-0.7713432312011719,-0.7713432312011719,0.20219802856445312,-0.9765972620638247,0.6756808147231368,10.0,1.0
1.57,-0.7713432312011719,-0.7713432312011719,0.21098899841308594,-0.9759167619387473,0.6853160773005129,10.0,1.0
1.571,-0.7709617614746094,-0.7709617614746094,0.20219802856445312,-0.9752266299092236,0.6949445760851631,10.0,1.0
1.572,-0.7709617614746094,-0.7709617614746094,0.16703224182128906,-0.9745268727865771,0.704566216047283,10.0,1.0
1.573,-0.7705802917480469,-0.7705802917480469,0.14065933227539062,-0.973817497477129,0.7141809022253938,10.0,1.0
1.574,-0.7705802917480469,-0.7705802917480469,0.21098899841308594,-0.9730985109821264,0.7237885397260584,10.0,1.0
1.575,-0.7701988220214844,-0.7701988220214844,0.16703224182128906,-0.9723699203976768,0.7333890337263256,10.0,1.0
1.576,-0.7701988220214844,-0.7701988220214844,0.20219802856445312,-0.971631732914674,0.7429822894728204,10.0,1.0
1.577,-0.7698173522949219,-0.7698173522949219,0.22857093811035156,-0.970883955818731,0.7525682122840749,10.0,1.0
1.578,-0.7698173522949219,-0.7698173522949219,0.21098899841308594,-0.9701265964901059,0.7621467075508122,10.0,1.0
1.579,-0.7694358825683594,-0.7694358825683594,0.1846160888671875,-0.9693596624036294,0.7717176807374244,10.0,1.0
1.58,-0.7694358825683594,-0.7694358825683594,0.1846160888671875,-0.9685831611286311,0.781281037381973,10.0,1.0
1.581,-0.7690544128417969,-0.7690544128417969,0.1846160888671875,-0.9677971003288655,0.790836683098064,10.0,1.0
1.582,-0.7690544128417969,-0.7690544128417969,0.15824127197265625,-0.9670014877624351,0.8003845235752465,10.0,1.0
1.583,-0.7686729431152344,-0.7686729431152344,0.16703224182128906,-0.9661963312817148,0.8099244645807175,10.0,1.0
1.584,-0.7686729431152344,-0.7686729431152344,0.21098899841308594,-0.9653816388332738,0.8194564119582992,10.0,1.0
1.585,-0.7682914733886719,-0.7682914733886719,0.21098899841308594,-0.9645574184577981,0.8289802716320764,10.0,1.0
1.586,-0.7682914733886719,-0.7682914733886719,0.21098899841308594,-0.9637236782900097,0.8384959496052034,10.0,1.0
1.587,-0.7679100036621094,-0.7679100036621094,0.1934070587158203,-0.9628804265585876,0.8480033519620065,10.0,1.0
1.588,-0.7679100036621094,-0.7679100036621094,0.20219802856445312,-0.9620276715860858,0.8575023848677006,10.0,1.0
1.589,-0.7675285339355469,-0.7675285339355469,0.20219802856445312,-0.9611654217888521,0.8669929545714012,10.0,1.0
1.59,-0.7675285339355469,-0.7675285339355469,0.21098899841308594,-0.9602936856769431,0.8764749674045333,10.0,1.0
1.591,-0.7671470642089844,-0.7671470642089844,0.21977996826171875,-0.9594124718540429,0.8859483297836732,10.0,1.0
1.592,-0.7667655944824219,-0.7667655944824219,0.1934070587158203,-0.9585217890173757,0.8954129482101507,10.0,1.0
1.593,-0.7667655944824219,-0.7667655944824219,0.20219802856445312,-0.9576216459576224,0.904868729272664,10.0,1.0
1.594,-0.7663841247558594,-0.7663841247558594,0.21098899841308594,-0.9567120515588304,0.9143155796461429,10.0,1.0
1.595,-0.7663841247558594,-0.7663841247558594,0.23736190795898438,-0.9557930147983301,0.923753406093681,10.0,1.0
1.596,-0.7660026550292969,-0.7660026550292969,0.2637367248535156,-0.9548645447466431,0.9331821154681847,10.0,1.0
1.597,-0.7656211853027344,-0.7656211853027344,0.28131866455078125,-0.9539266505673937,0.9426016147122027,10.0,1.0
1.598,-0.7656211853027344,-0.7656211853027344,0.28131866455078125,-0.9529793415172187,0.9520118108584938,10.0,1.0
1.599,-0.7652397155761719,-0.7652397155761719,0.3076915740966797,-0.9520226269456766,0.9614126110325856,10.0,1.0
1.6,-0.7648582458496094,-0.7648582458496094,0.2989006042480469,-0.9510565162951536,0.9708039224523759,10.0,1.0
1.601,-0.7644767761230469,-0.7644767761230469,0.29010963439941406,-0.9500810191007718,0.9801856524296682,10.0,1.0
1.602,-0.7640953063964844,-0.7640953063964844,0.3076915740966797,-0.9490961449902945,0.9895577083698299,10.0,1.0
1.603,-0.7637138366699219,-0.7637138366699219,0.34285736083984375,-0.948101903684032,0.99891999777509,10.0,1.0
1.604,-0.7637138366699219,-0.7637138366699219,0.3076915740966797,-0.9470983049947443,1.0082724282432878,10.0,1.0
1.605,-0.7633323669433594,-0.7633323669433594,0.3252754211425781,-0.9460853588275454,1.0176149074698628,10.0,1.0
1.606,-0.7629508972167969,-0.7629508972167969,0.3076915740966797,-0.9450630751798047,1.0269473432476843,10.0,1.0
1.607,-0.7625694274902344,-0.7625694274902344,0.3164844512939453,-0.94403146414105,1.0362696434701775,10.0,1.0
1.608,-0.7621879577636719,-0.7621879577636719,0.28131866455078125,-0.9429905358928644,1.0455817161296181,10.0,1.0
1.609,-0.7621879577636719,-0.7621879577636719,0.29010963439941406,-0.9419403007087906,1.0548834693195772,10.0,1.0
1.61,-0.7618064880371094,-0.7618064880371094,0.34285736083984375,-0.9408807689542253,1.0641748112353184,10.0,1.0
1.611,-0.7614250183105469,-0.7614250183105469,0.3604393005371094,-0.9398119510863199,1.0734556501756742,10.0,1.0
1.612,-0.7610435485839844,-0.7610435485839844,0.33406639099121094,-0.9387338576538741,1.0827258945420226,10.0,1.0
1.613,-0.7606620788574219,-0.7606620788574219,0.33406639099121094,-0.9376464992972356,1.091985452840845,10.0,1.0
1.614,-0.7602806091308594,-0.7602806091308594,0.2549457550048828,-0.9365498867481924,1.1012342336840106,10.0,1.0
1.615,-0.7598991394042969,-0.7598991394042969,0.35164833068847656,-0.9354440308298675,1.1104721457901974,10.0,1.0
1.616,-0.7598991394042969,-0.7598991394042969,0.3252754211425781,-0.934328942456612,1.1196990979844372,10.0,1.0
1.617,-0.7595176696777344,-0.7595176696777344,0.33406639099121094,-0.9332046326338985,1.1289149992005036,10.0,1.0
1.618,-0.7591361999511719,-0.7591361999511719,0.34285736083984375,-0.9320711124582111,1.1381197584813094,10.0,1.0
1.619,-0.7587547302246094,-0.7587547302246094,0.35164833068847656,-0.9309283931169359,1.1473132849799867,10.0,1.0
1.62,-0.7583732604980469,-0.7583732604980469,0.35164833068847656,-0.9297764858882512,1.156495487959262,10.0,1.0
1.621,-0.7579917907714844,-0.7579917907714844,0.378021240234375,-0.9286154021410172,1.1656662767949797,10.0,1.0
1.622,-0.7576103210449219,-0.7576103210449219,0.4307689666748047,-0.9274451533346614,1.1748255609752505,10.0,1.0
1.623,-0.7572288513183594,-0.7572288513183594,0.4483509063720703,-0.9262657510190667,1.183973250101758,10.0,1.0
1.624,-0.7564659118652344,-0.7564659118652344,0.4835166931152344,-0.9250772068344579,1.193109253890043,10.0,1.0
1.625,-0.7560844421386719,-0.7560844421386719,0.4483509063720703,-0.9238795325112866,1.2022334821716072,10.0,1.0
1.6260000000000001,-0.7557029724121094,-0.7557029724121094,0.5186805725097656,-0.9226727398701148,1.2113458448940264,10.0,1.0
1.627,-0.7553215026855469,-0.7553215026855469,0.4835166931152344,-0.9214568408214985,1.2204462521223718,10.0,1.0
1.6280000000000001,-0.7545585632324219,-0.7545585632324219,0.5098896026611328,-0.9202318473658702,1.2295346140384709,10.0,1.0
1.629,-0.7541770935058594,-0.7541770935058594,0.47472572326660156,-0.9189977715934216,1.2386108409446024,10.0,1.0
1.6300000000000001,-0.7537956237792969,-0.7537956237792969,0.4483509063720703,-0.917754625683981,1.2476748432617342,10.0,1.0
1.631,-0.7534141540527344,-0.7534141540527344,0.46593475341796875,-0.916502421906898,1.2567265315316831,10.0,1.0
1.6320000000000001,-0.7526512145996094,-0.7526512145996094,0.4835166931152344,-0.9152411726209176,1.2657658164182521,10.0,1.0
1.633,-0.7522697448730469,-0.7522697448730469,0.45714378356933594,-0.9139708902740614,1.2747926087074575,10.0,1.0
1.6340000000000001,-0.7518882751464844,-0.7518882751464844,0.4219779968261719,-0.9126915874035028,1.2838068193080971,10.0,1.0
1.635,-0.7515068054199219,-0.7515068054199219,0.4923076629638672,-0.9114032766354452,1.29280835925357,10.0,1.0
1.6360000000000001,-0.7511253356933594,-0.7511253356933594,0.47472572326660156,-0.9101059706849958,1.301797139702444,10.0,1.0
1.637,-0.7503623962402344,-0.7503623962402344,0.45714378356933594,-0.9087996823560403,1.3107730719395363,10.0,1.0
1.6380000000000001,-0.7499809265136719,-0.7499809265136719,0.46593475341796875,-0.9074844245411168,1.3197360673751746,10.0,1.0
1.639,-0.7495994567871094,-0.7495994567871094,0.4835166931152344,-0.9061602102212898,1.328686037548664,10.0,1.0
1.6400000000000001,-0.7488365173339844,-0.7488365173339844,0.5450553894042969,-0.9048270524660196,1.337622894127378,10.0,1.0
1.641,-0.7484550476074219,-0.7484550476074219,0.5890102386474609,-0.9034849644330349,1.3465465489085773,10.0,1.0
1.6420000000000001,-0.7476921081542969,-0.7476921081542969,0.5626373291015625,-0.9021339593682026,1.3554569138184434,10.0,1.0
1.643,-0.7473106384277344,-0.7473106384277344,0.6329669952392578,-0.900774050605398,1.3643539009158303,10.0,1.0
1.6440000000000001,-0.7465476989746094,-0.7465476989746094,0.6417579650878906,-0.899405251566371,1.373237422391071,10.0,1.0
1.645,-0.7461662292480469,-0.7461662292480469,0.5978031158447266,-0.8980275757606156,1.3821073905676826,10.0,1.0
1.6460000000000001,-0.7454032897949219,-0.7454032897949219,0.5890102386474609,-0.8966410367852357,1.3909637179018546,10.0,1.0
1.647,-0.7446403503417969,-0.7446403503417969,0.6153850555419922,-0.8952456483248119,1.3998063169860302,10.0,1.0
1.6480000000000001,-0.7442588806152344,-0.7442588806152344,0.6153850555419922,-0.8938414241512637,1.4086351005470306,10.0,1.0
1.649,-0.7434959411621094,-0.7434959411621094,0.5538463592529297,-0.8924283781237179,1.4174499814478736,10.0,1.0
1.6500000000000001,-0.7431144714355469,-0.7431144714355469,0.624176025390625,-0.891006524188368,1.4262508726897636,10.0,1.0
1.651,-0.7423515319824219,-0.7423515319824219,0.5890102386474609,-0.8895758763783381,1.435037687411807,10.0,1.0
1.6520000000000001,-0.7419700622558594,-0.7419700622558594,0.5802192687988281,-0.8881364488135444,1.4438103388907848,10.0,1.0
1.653,-0.7412071228027344,-0.7412071228027344,0.5978031158447266,-0.8866882557005564,1.4525687405445638,10.0,1.0
1.6540000000000001,-0.7404441833496094,-0.7404441833496094,0.6593399047851562,-0.8852313113324553,1.4613128059313567,10.0,1.0
1.655,-0.7396812438964844,-0.7396812438964844,0.6857147216796875,-0.8837656300886936,1.470042448751144,10.0,1.0
1.6560000000000001,-0.7392997741699219,-0.7392997741699219,0.6769237518310547,-0.8822912264349531,1.4787575828449917,10.0,1.0
1.657,-0.7385368347167969,-0.7385368347167969,0.7208786010742188,-0.8808081149230035,1.4874581221984045,10.0,1.0
1.6580000000000001,-0.7377738952636719,-0.7377738952636719,0.6681327819824219,-0.8793163101905562,1.4961439809408148,10.0,1.0
1.659,-0.7370109558105469,-0.7370109558105469,0.6681327819824219,-0.8778158269611218,1.5048150733464354,10.0,1.0
1.6600000000000001,-0.7366294860839844,-0.7366294860839844,0.6681327819824219,-0.8763066800438634,1.5134713138345433,10.0,1.0
1.661,-0.7358665466308594,-0.7358665466308594,0.6945056915283203,-0.8747888843334526,1.52211261697164,10.0,1.0
1.6620000000000001,-0.7351036071777344,-0.7351036071777344,0.6065940856933594,-0.8732624548099202,1.5307388974717924,10.0,1.0
1.663,-0.7343406677246094,-0.7343406677246094,0.6681327819824219,-0.8717274065385089,1.539350070197429,10.0,1.0
1.6640000000000001,-0.7339591979980469,-0.7339591979980469,0.6417579650878906,-0.8701837546695254,1.5479460501586573,10.0,1.0
1.665,-0.7331962585449219,-0.7331962585449219,0.6329669952392578,-0.8686315144381915,1.556526752517641,10.0,1.0
1.666,-0.7324333190917969,-0.7324333190917969,0.6945056915283203,-0.8670707011644904,1.5650920925862692,10.0,1.0
1.667,-0.7316703796386719,-0.7316703796386719,0.74725341796875,-0.865501330253019,1.5736419858274644,10.0,1.0
1.668,-0.7309074401855469,-0.7309074401855469,0.7032966613769531,-0.8639234171928354,1.5821763478575122,10.0,1.0
1.669,-0.7301445007324219,-0.7301445007324219,0.7824172973632812,-0.8623369775573041,1.590695094445664,10.0,1.0
1.67,-0.7293815612792969,-0.7293815612792969,0.7824172973632812,-0.860742027003944,1.599198141515899,10.0,1.0
1.671,-0.7290000915527344,-0.7290000915527344,0.7208786010742188,-0.8591385812742723,1.607685405145844,10.0,1.0
1.672,-0.7278556823730469,-0.7278556823730469,0.8263740539550781,-0.8575266561936523,1.616156801569673,10.0,1.0
1.673,-0.7270927429199219,-0.7270927429199219,0.7824172973632812,-0.8559062676711331,1.6246122471783906,10.0,1.0
1.674,-0.7263298034667969,-0.7263298034667969,0.8439559936523438,-0.8542774316992954,1.6330516585205714,10.0,1.0
1.675,-0.7255668640136719,-0.7255668640136719,0.8087921142578125,-0.8526401643540921,1.6414749523015075,10.0,1.0
1.676,-0.7248039245605469,-0.7248039245605469,0.7824172973632812,-0.8509944817946923,1.6498820453878125,10.0,1.0
1.677,-0.7240409851074219,-0.7240409851074219,0.8703289031982422,-0.8493404002633166,1.6582728548044088,10.0,1.0
1.678,-0.7228965759277344,-0.7228965759277344,0.8527469635009766,-0.8476779360850835,1.66664729773737,10.0,1.0
1.679,-0.7221336364746094,-0.7221336364746094,0.9230766296386719,-0.846007105667842,1.675005291533921,10.0,1.0
1.68,-0.7213706970214844,-0.7213706970214844,0.8527469635009766,-0.8443279255020155,1.6833467537048818,10.0,1.0
1.681,-0.7206077575683594,-0.7206077575683594,0.8087921142578125,-0.8426404121604323,1.691671601923133,10.0,1.0
1.682,-0.7194633483886719,-0.7194633483886719,0.8879127502441406,-0.8409445822981693,1.6999797540252075,10.0,1.0
1.683,-0.7186994552612305,-0.7186994552612305,0.8175830841064453,-0.8392404526523819,1.708271128013564,10.0,1.0
1.684,-0.7179365158081055,-0.7179365158081055,0.9054946899414062,-0.8375280400421421,1.7165456420558485,10.0,1.0
1.685,-0.7171735763549805,-0.7171735763549805,0.8263740539550781,-0.8358073613682703,1.724803214485405,10.0,1.0
1.686,-0.716029167175293,-0.716029167175293,0.8439559936523438,-0.8340784336131712,1.73304376380338,10.0,1.0
1.687,-0.715266227722168,-0.715266227722168,0.9318675994873047,-0.8323412738406636,1.7412672086791758,10.0,1.0
1.688,-0.714503288269043,-0.714503288269043,0.8879127502441406,-0.8305958991958129,1.7494734679509065,10.0,1.0
1.689,-0.7133588790893555,-0.7133588790893555,0.9582424163818359,-0.8288423269047618,1.757662460625511,10.0,1.0
1.69,-0.7125959396362305,-0.7125959396362305,0.9406585693359375,-0.8270805742745618,1.7658341058810834,10.0,1.0
1.691,-0.711451530456543,-0.711451530456543,0.9758243560791016,-0.8253106586929997,1.7739883230670443,10.0,1.0
1.692,-0.710688591003418,-0.710688591003418,0.9494514465332031,-0.8235325976284277,1.7821250317048225,10.0,1.0
1.693,-0.7095441818237305,-0.7095441818237305,1.0197811126708984,-0.8217464086295901,1.7902441514876841,10.0,1.0
1.694,-0.708399772644043,-0.708399772644043,0.9406585693359375,-0.8199521093254523,1.798345602283348,10.0,1.0
1.695,-0.707636833190918,-0.707636833190918,0.9406585693359375,-0.8181497174250235,1.806429304134042,10.0,1.0
1.696,-0.7064924240112305,-0.7064924240112305,1.002197265625,-0.8163392507171842,1.8144951772571858,10.0,1.0
1.697,-0.7057294845581055,-0.7057294845581055,1.0197811126708984,-0.8145207270705092,1.8225431420448786,10.0,1.0
1.698,-0.704585075378418,-0.704585075378418,1.002197265625,-0.8126941644330944,1.8305731190678216,10.0,1.0
1.699,-0.7034406661987305,-0.7034406661987305,1.002197265625,-0.8108595808323735,1.8385850290733856,10.0,1.0
1.7,-0.7026777267456055,-0.7026777267456055,1.0637359619140625,-0.8090169943749476,1.84657879298652,10.0,1.0
1.701,-0.701533317565918,-0.701533317565918,0.9934062957763672,-0.8071664232464005,1.8545543319125954,10.0,1.0
1.702,-0.7003889083862305,-0.7003889083862305,0.9494514465332031,-0.8053078857111223,1.8625115671365506,10.0,1.0
1.703,-0.6996259689331055,-0.6996259689331055,0.9230766296386719,-0.8034414001121275,1.8704504201227792,10.0,1.0
1.704,-0.698481559753418,-0.698481559753418,1.0197811126708984,-0.8015669848708766,1.8783708125184262,10.0,1.0
1.705,-0.697718620300293,-0.697718620300293,0.9758243560791016,-0.7996846584870907,1.8862726661526494,10.0,1.0
1.706,-0.6965742111206055,-0.6965742111206055,1.0901107788085938,-0.7977944395385713,1.8941559030375288,10.0,1.0
1.707,-0.695429801940918,-0.695429801940918,1.0901107788085938,-0.7958963466810157,1.9020204453680094,10.0,1.0
1.708,-0.6942853927612305,-0.6942853927612305,1.2307701110839844,-0.7939903986478353,1.9098662155242891,10.0,1.0
1.709,-0.693140983581543,-0.693140983581543,1.1340656280517578,-0.7920766142499671,1.9176931360722733,10.0,1.0
1.71,-0.6919965744018555,-0.6919965744018555,1.0725269317626953,-0.7901550123756906,1.9255011297636315,10.0,1.0
1.711,-0.690852165222168,-0.690852165222168,1.0109882354736328,-0.7882256119904398,1.9332901195359113,10.0,1.0
1.712,-0.690089225769043,-0.690089225769043,1.0813179016113281,-0.7862884321366188,1.9410600285149258,10.0,1.0
1.713,-0.6889448165893555,-0.6889448165893555,1.1340656280517578,-0.7843434919334101,1.948810780015208,10.0,1.0
1.714,-0.6874189376831055,-0.6874189376831055,1.160440444946289,-0.7823908105765883,1.9565422975403521,10.0,1.0
1.715,-0.686274528503418,-0.686274528503418,1.2395610809326172,-0.7804304073383295,1.9642545047821613,10.0,1.0
1.716,-0.6851301193237305,-0.6851301193237305,1.1868133544921875,-0.7784623015670239,1.9719473256254787,10.0,1.0
1.717,-0.683985710144043,-0.683985710144043,1.1516475677490234,-0.7764865126870786,1.9796206841449475,10.0,1.0
1.718,-0.683222770690918,-0.683222770690918,1.0285720825195312,-0.7745030601987339,1.9872745046070008,10.0,1.0
1.719,-0.6820783615112305,-0.6820783615112305,1.1164836883544922,-0.7725119636778647,1.994908711472135,10.0,1.0
1.72,-0.680933952331543,-0.680933952331543,1.125274658203125,-0.7705132427757896,2.0025232293941144,10.0,1.0
1.721,-0.679408073425293,-0.679408073425293,1.24835205078125,-0.7685069172190765,2.0101179832198,10.0,1.0
1.722,-0.6782636642456055,-0.6782636642456055,1.3010997772216797,-0.7664930068093498,2.01769289799239,10.0,1.0
1.723,-0.677119255065918,-0.677119255065918,1.3098907470703125,-0.7644715314230918,2.025247898950795,10.0,1.0
1.724,-0.675593376159668,-0.675593376159668,1.292306900024414,-0.7624425110114481,2.0327829115305462,10.0,1.0
1.725,-0.6744489669799805,-0.6744489669799805,1.1516475677490234,-0.7604059656000308,2.040297861363115,10.0,1.0
1.726,-0.673304557800293,-0.673304557800293,1.2219772338867188,-0.7583619152887218,2.0477926742794352,10.0,1.0
1.727,-0.6721601486206055,-0.6721601486206055,1.3186817169189453,-0.756310380251472,2.0552672763088253,10.0,1.0
1.728,-0.6706342697143555,-0.6706342697143555,1.2571430206298828,-0.7542513807361041,2.0627215936804646,10.0,1.0
1.729,-0.669489860534668,-0.669489860534668,1.415384292602539,-0.7521849370641112,2.070155552822257,10.0,1.0
1.73,-0.667963981628418,-0.667963981628418,1.2835159301757812,-0.7501110696304595,2.0775690803644125,10.0,1.0
1.731,-0.6668195724487305,-0.6668195724487305,1.160440444946289,-0.7480297989033825,2.084962103138537,10.0,1.0
1.732,-0.665675163269043,-0.665675163269043,1.1868133544921875,-0.7459411454241823,2.092334548178883,10.0,1.0
1.733,-0.6645307540893555,-0.6645307540893555,1.2307701110839844,-0.7438451298070248,2.099686342721327,10.0,1.0
1.734,-0.6630048751831055,-0.6630048751831055,1.371429443359375,-0.7417417727387396,2.1070174142075757,10.0,1.0
1.735,-0.6614789962768555,-0.6614789962768555,1.4241752624511719,-0.7396310949786097,2.114327690282721,10.0,1.0
1.736,-0.660334587097168,-0.660334587097168,1.4417591094970703,-0.737513117358174,2.1216170987967757,10.0,1.0
1.737,-0.658808708190918,-0.658808708190918,1.3538455963134766,-0.7353878607810161,2.128885567806776,10.0,1.0
1.738,-0.6576642990112305,-0.6576642990112305,1.2747249603271484,-0.7332553462225604,2.1361330255761004,10.0,1.0
1.739,-0.6561374664306641,-0.6561374664306641,1.3274726867675781,-0.731115594729864,2.143359400574411,10.0,1.0
1.74,-0.6549930572509766,-0.6549930572509766,1.4417591094970703,-0.7289686274214116,2.1505646214804983,10.0,1.0
1.741,-0.6534671783447266,-0.6534671783447266,1.4769229888916016,-0.726814465486903,2.1577486171822784,10.0,1.0
1.742,-0.6519412994384766,-0.6519412994384766,1.4329662322998047,-0.7246531301870469,2.1649113167766814,10.0,1.0
1.743,-0.6504154205322266,-0.6504154205322266,1.336263656616211,-0.7224846428533497,2.1720526495699914,10.0,1.0
1.744,-0.6492710113525391,-0.6492710113525391,1.2835159301757812,-0.7203090248879068,2.179172545080405,10.0,1.0
1.745,-0.6477451324462891,-0.6477451324462891,1.3978023529052734,-0.7181262977631889,2.1862709330376333,10.0,1.0
1.746,-0.6462192535400391,-0.6462192535400391,1.5296707153320312,-0.7159364830218314,2.1933477433839244,10.0,1.0
1.747,-0.6446933746337891,-0.6446933746337891,1.6000003814697266,-0.7137396022764211,2.200402906273098,10.0,1.0
1.748,-0.6431674957275391,-0.6431674957275391,1.5648345947265625,-0.7115356772092852,2.207436352073671,10.0,1.0
1.749,-0.6416416168212891,-0.6416416168212891,1.3890113830566406,-0.7093247295722739,2.214448011368745,10.0,1.0
1.75,-0.6404972076416016,-0.6404972076416016,1.415384292602539,-0.7071067811865477,2.2214378149564595,10.0,1.0
1.7510000000000001,-0.6389713287353516,-0.6389713287353516,1.4857139587402344,-0.704881853942361,2.22840569384897,10.0,1.0
1.752,-0.6374454498291016,-0.6374454498291016,1.5736255645751953,-0.7026499697988496,2.235351579277335,10.0,1.0
1.7530000000000001,-0.6355381011962891,-0.6355381011962891,1.6175823211669922,-0.7004111507838063,2.242275402688392,10.0,1.0
1.754,-0.6340122222900391,-0.6340122222900391,1.5296707153320312,-0.6981654189934727,2.2491770957462336,10.0,1.0
1.7550000000000001,-0.6328678131103516,-0.6328678131103516,1.3186817169189453,-0.6959127965923139,2.2560565903336283,10.0,1.0
1.756,-0.6313419342041016,-0.6313419342041016,1.3802204132080078,-0.6936533058128054,2.262913818553784,10.0,1.0
1.7570000000000001,-0.6298160552978516,-0.6298160552978516,1.5648345947265625,-0.6913869689552062,2.269748712728415,10.0,1.0
1.758,-0.6282901763916016,-0.6282901763916016,1.7318687438964844,-0.6891138083873485,2.2765612053989344,10.0,1.0
1.7590000000000001,-0.6263828277587891,-0.6263828277587891,1.7318687438964844,-0.6868338465444084,2.2833512293296963,10.0,1.0
1.76,-0.6248569488525391,-0.6248569488525391,1.4769229888916016,-0.684547105928689,2.2901187175060613,10.0,1.0
1.7610000000000001,-0.6237125396728516,-0.6237125396728516,1.4681320190429688,-0.6822536091093963,2.2968636031348524,10.0,1.0
1.762,-0.6221866607666016,-0.6221866607666016,1.5296707153320312,-0.6799533787224191,2.303585819646969,10.0,1.0
1.7630000000000001,-0.6202793121337891,-0.6202793121337891,1.6439552307128906,-0.6776464374701023,2.31028530069716,10.0,1.0
1.764,-0.6187534332275391,-0.6187534332275391,1.7318687438964844,-0.6753328081210247,2.316961980164649,10.0,1.0
1.7650000000000001,-0.6172275543212891,-0.6172275543212891,1.538461685180664,-0.6730125135097731,2.3236157921523386,10.0,1.0
1.766,-0.6157016754150391,-0.6157016754150391,1.459341049194336,-0.6706855765367199,2.33024667099005,10.0,1.0
1.7670000000000001,-0.6141757965087891,-0.6141757965087891,1.4857139587402344,-0.668352020167793,2.336854551234012,10.0,1.0
1.768,-0.6122684478759766,-0.6122684478759766,1.6879119873046875,-0.6660118674342518,2.343439367667486,10.0,1.0
1.7690000000000001,-0.6107425689697266,-0.6107425689697266,1.8461532592773438,-0.6636651414324581,2.3500010552997423,10.0,1.0
1.77,-0.6088352203369141,-0.6088352203369141,1.7230777740478516,-0.6613118653236523,2.356539549370666,10.0,1.0
1.7710000000000001,-0.6073093414306641,-0.6073093414306641,1.5472526550292969,-0.6589520623337168,2.363054785347856,10.0,1.0
1.772,-0.6057834625244141,-0.6057834625244141,1.5736255645751953,-0.6565857557529565,2.3695466989281613,10.0,1.0
1.7730000000000001,-0.6042575836181641,-0.6042575836181641,1.6791210174560547,-0.6542129689358606,2.376015226038703,10.0,1.0
1.774,-0.6023502349853516,-0.6023502349853516,1.7934074401855469,-0.6518337253008791,2.382460302838581,10.0,1.0
1.7750000000000001,-0.6004428863525391,-0.6004428863525391,1.6791210174560547,-0.6494480483301834,2.3888818657173942,10.0,1.0
1.776,-0.5989170074462891,-0.5989170074462891,1.5296707153320312,-0.6470559615694443,2.3952798512959816,10.0,1.0
1.7770000000000001,-0.5973911285400391,-0.5973911285400391,1.582418441772461,-0.6446574886275914,2.4016541964297744,10.0,1.0
1.778,-0.5958652496337891,-0.5958652496337891,1.7406597137451172,-0.6422526531765846,2.4080048382066934,10.0,1.0
1.7790000000000001,-0.5939579010009766,-0.5939579010009766,1.9340667724609375,-0.6398414789511782,2.4143317139474334,10.0,1.0
1.78,-0.5920495986938477,-0.5920495986938477,1.7406597137451172,-0.6374239897486896,2.4206347612087598,10.0,1.0
1.7810000000000001,-0.5901422500610352,-0.5901422500610352,1.6879119873046875,-0.6350002094287607,2.4269139177824854,10.0,1.0
1.782,-0.5886163711547852,-0.5886163711547852,1.7582416534423828,-0.6325701619131247,2.4331691216959825,10.0,1.0
1.7830000000000001,-0.5867090225219727,-0.5867090225219727,1.8901100158691406,-0.6301338711853688,2.4394003112121254,10.0,1.0
1.784,-0.5848016738891602,-0.5848016738891602,1.916482925415039,-0.6276913612907002,2.4456074248318487,10.0,1.0
1.7850000000000001,-0.5832757949829102,-0.5832757949829102,1.6703300476074219,-0.6252426563357051,2.4517904012937493,10.0,1.0
1.786,-0.5813684463500977,-0.5813684463500977,1.6791210174560547,-0.6227877804881127,2.4579491795747686,10.0,1.0
1.7870000000000001,-0.5794610977172852,-0.5794610977172852,1.8637371063232422,-0.6203267579765556,2.464083698888885,10.0,1.0
1.788,-0.5775537490844727,-0.5775537490844727,2.0307693481445312,-0.6178596130903348,2.4701938986920595,10.0,1.0
1.7890000000000001,-0.5756464004516602,-0.5756464004516602,1.9868125915527344,-0.6153863701791714,2.476279718679166,10.0,1.0
1.79,-0.5737390518188477,-0.5737390518188477,1.8197803497314453,-0.6129070536529765,2.4823410987847296,10.0,1.0
1.7910000000000001,-0.5718317031860352,-0.5718317031860352,1.7934074401855469,-0.610421687981602,2.488377979185316,10.0,1.0
1.792,-0.5699243545532227,-0.5699243545532227,1.9252738952636719,-0.6079302976946057,2.494390300300381,10.0,1.0
1.793,-0.5680170059204102,-0.5680170059204102,1.9428577423095703,-0.6054329073810019,2.500378002790569,10.0,1.0
1.794,-0.5664911270141602,-0.5664911270141602,1.7318687438964844,-0.6029295416890247,2.5063410275588467,10.0,1.0
1.795,-0.5645837783813477,-0.5645837783813477,1.7582416534423828,-0.6004202253258841,2.512279315752835,10.0,1.0
1.796,-0.5626764297485352,-0.5626764297485352,1.8637371063232422,-0.5979049830575192,2.518192808764354,10.0,1.0
1.797,-0.5607690811157227,-0.5607690811157227,2.0571422576904297,-0.5953838397083554,2.5240814482299925,10.0,1.0
1.798,-0.5588617324829102,-0.5588617324829102,1.9868125915527344,-0.5928568201610591,2.529945176030367,10.0,1.0
1.799,-0.5569543838500977,-0.5569543838500977,1.837362289428711,-0.5903239493562946,2.5357839342929083,10.0,1.0
1.8,-0.5550470352172852,-0.5550470352172852,1.8549442291259766,-0.5877852522924734,2.5415976653920325,10.0,1.0
1.801,-0.5531396865844727,-0.5531396865844727,1.9252738952636719,-0.5852407540255105,2.5473863119488556,10.0,1.0
1.802,-0.5512323379516602,-0.5512323379516602,1.916482925415039,-0.5826904796685758,2.553149816830114,10.0,1.0
1.803,-0.5493249893188477,-0.5493249893188477,1.837362289428711,-0.5801344543918501,2.5588881231540768,10.0,1.0
1.804,-0.5474176406860352,-0.5474176406860352,1.9428577423095703,-0.5775727034222677,2.564601174285599,10.0,1.0
1.805,-0.5455102920532227,-0.5455102920532227,1.9780216217041016,-0.5750052520432788,2.570288913838226,10.0,1.0
1.806,-0.5432214736938477,-0.5432214736938477,2.0659332275390625,-0.5724321255945913,2.5759512856771494,10.0,1.0
1.807,-0.5413141250610352,-0.5413141250610352,1.9340667724609375,-0.5698533494719243,2.581588233917387,10.0,1.0
1.808,-0.5394067764282227,-0.5394067764282227,2.0131874084472656,-0.5672689491267565,2.587199702923499,10.0,1.0
1.809,-0.5374994277954102,-0.5374994277954102,1.9692306518554688,-0.5646789500660773,2.5927856373128293,10.0,1.0
1.81,-0.5355920791625977,-0.5355920791625977,1.960439682006836,-0.5620833778521309,2.5983459819549353,10.0,1.0
1.811,-0.5336847305297852,-0.5336847305297852,1.837362289428711,-0.5594822581021675,2.603880681971532,10.0,1.0
1.812,-0.5317773818969727,-0.5317773818969727,1.9340667724609375,-0.556875616488188,2.609389682736605,10.0,1.0
1.813,-0.5298690795898438,-0.5298690795898438,2.0131874084472656,-0.5542634787366941,2.614872929878743,10.0,1.0
1.814,-0.5275802612304688,-0.5275802612304688,2.0219783782958984,-0.5516458706284305,2.620330369280964,10.0,1.0
1.815,-0.5256729125976562,-0.5256729125976562,2.004396438598633,-0.5490228179981321,2.6257619470807754,10.0,1.0
1.816,-0.5233840942382812,-0.5233840942382812,2.0307693481445312,-0.5463943467342689,2.631167609669774,10.0,1.0
1.817,-0.5214767456054688,-0.5214767456054688,2.0659332275390625,-0.5437604827787925,2.6365473036964318,10.0,1.0
1.818,-0.5195693969726562,-0.5195693969726562,2.048351287841797,-0.541121252126876,2.6419009760659833,10.0,1.0
1.819,-0.5172805786132812,-0.5172805786132812,1.9868125915527344,-0.5384766808266606,2.6472285739399126,10.0,1.0
1.82,-0.5153732299804688,-0.5153732299804688,1.9780216217041016,-0.5358267949789963,2.652530044735613,10.0,1.0
1.821,-0.5134658813476562,-0.5134658813476562,2.0659332275390625,-0.5331716207371893,2.657805336131105,10.0,1.0
1.822,-0.5111770629882812,-0.5111770629882812,2.1802196502685547,-0.5305111843067342,2.663054396061227,10.0,1.0
1.823,-0.5092697143554688,-0.5092697143554688,2.1538467407226562,-0.5278455119450667,2.6682771727193995,10.0,1.0
1.824,-0.5069808959960938,-0.5069808959960938,2.118680953979492,-0.5251746299612954,2.6734736145585316,10.0,1.0
1.825,-0.5046920776367188,-0.5046920776367188,2.171428680419922,-0.5224985647159495,2.678643670293013,10.0,1.0
1.826,-0.5027847290039062,-0.5027847290039062,2.171428680419922,-0.5198173426207094,2.6837872888960987,10.0,1.0
1.827,-0.5004959106445312,-0.5004959106445312,2.1098899841308594,-0.5171309901381573,2.6889044196013856,10.0,1.0
1.828,-0.49858856201171875,-0.49858856201171875,2.127471923828125,-0.5144395337815068,2.693995011905997,10.0,1.0
1.829,-0.49629974365234375,-0.49629974365234375,2.2153854370117188,-0.5117430001143454,2.6990590155677694,10.0,1.0
1.83,-0.49401092529296875,-0.49401092529296875,2.3032970428466797,-0.5090414157503712,2.7040963806063587,10.0,1.0
1.831,-0.49172210693359375,-0.49172210693359375,2.206592559814453,-0.5063348073531326,2.7091070573051184,10.0,1.0
1.832,-0.48943328857421875,-0.48943328857421875,2.3032970428466797,-0.503623201635761,2.714090996211155,10.0,1.0
1.833,-0.48714447021484375,-0.48714447021484375,2.2329673767089844,-0.5009066253607103,2.719048148135215,10.0,1.0
1.834,-0.48485565185546875,-0.48485565185546875,2.171428680419922,-0.4981851053394906,2.7239784641513722,10.0,1.0
1.835,-0.48294830322265625,-0.48294830322265625,2.1538467407226562,-0.4954586684324075,2.7288818955995,10.0,1.0
1.836,-0.48065948486328125,-0.48065948486328125,2.294506072998047,-0.4927273415482917,2.733758394085271,10.0,1.0
1.837,-0.47837066650390625,-0.47837066650390625,2.329669952392578,-0.4899911516442369,2.7386079114798463,10.0,1.0
1.838,-0.47608184814453125,-0.47608184814453125,2.241758346557617,-0.487250125725332,2.7434303999191343,10.0,1.0
1.839,-0.47379302978515625,-0.47379302978515625,2.259340286254883,-0.4845042908443986,2.7482258118083394,10.0,1.0
1.84,-0.47150421142578125,-0.47150421142578125,2.338460922241211,-0.4817536741017153,2.752994099818693,10.0,1.0
1.841,-0.46921539306640625,-0.46921539306640625,2.1802196502685547,-0.47899830264476123,2.7577352168883067,10.0,1.0
1.842,-0.46730709075927734,-0.46730709075927734,2.1010990142822266,-0.47623820366793873,2.762449116224218,10.0,1.0
1.843,-0.46501827239990234,-0.46501827239990234,2.3120880126953125,-0.4734734044123127,2.7671357513031296,10.0,1.0
1.844,-0.46234798431396484,-0.46234798431396484,2.373626708984375,-0.4707039321653325,2.7717950758695906,10.0,1.0
1.845,-0.46005916595458984,-0.46005916595458984,2.2241764068603516,-0.4679298142605735,2.776427043936934,10.0,1.0
1.846,-0.45777034759521484,-0.45777034759521484,2.259340286254883,-0.46515107807745865,2.7810316097906025,10.0,1.0
1.847,-0.45548152923583984,-0.45548152923583984,2.461538314819336,-0.46236775104099226,2.7856087279855046,10.0,1.0
1.848,-0.45319271087646484,-0.45319271087646484,2.2769222259521484,-0.4595798606214877,2.790158353346328,10.0,1.0
1.849,-0.45128536224365234,-0.45128536224365234,2.083517074584961,-0.4567874343342995,2.7946804409703816,10.0,1.0
1.85,-0.44899654388427734,-0.44899654388427734,2.259340286254883,-0.45399049973954697,2.7991749462270548,10.0,1.0
1.851,-0.44632625579833984,-0.44632625579833984,2.417581558227539,-0.4511890844418454,2.8036418247575057,10.0,1.0
1.852,-0.44441890716552734,-0.44441890716552734,2.2241764068603516,-0.448383216090032,2.8080810324745755,10.0,1.0
1.853,-0.44213008880615234,-0.44213008880615234,2.2153854370117188,-0.4455729223768962,2.8124925255652045,10.0,1.0
1.854,-0.43945980072021484,-0.43945980072021484,2.5670337677001953,-0.44275823103890166,2.8168762604903748,10.0,1.0
1.855,-0.43717098236083984,-0.43717098236083984,2.3560447692871094,-0.4399391698559154,2.821232193984571,10.0,1.0
1.856,-0.43488216400146484,-0.43488216400146484,2.0659332275390625,-0.43711576665093255,2.8255602830550686,10.0,1.0
1.857,-0.43297481536865234,-0.43297481536865234,2.259340286254883,-0.43428804928980524,2.829860484986824,10.0,1.0
1.858,-0.43030452728271484,-0.43030452728271484,2.5670337677001953,-0.43145604568095897,2.834132757338324,10.0,1.0
1.859,-0.42801570892333984,-0.42801570892333984,2.3032970428466797,-0.42861978377512855,2.838377057943376,10.0,1.0
1.86,-0.42572689056396484,-0.42572689056396484,2.294506072998047,-0.4257792915650722,2.842593344912359,10.0,1.0
1.861,-0.42305660247802734,-0.42305660247802734,2.628570556640625,-0.4229345970853038,2.846781576633049,10.0,1.0
1.862,-0.42038631439208984,-0.42038631439208984,2.4703292846679688,-0.4200857284118062,2.850941711769167,10.0,1.0
1.863,-0.41847896575927734,-0.41847896575927734,2.206592559814453,-0.4172327136617654,2.8550737092608927,10.0,1.0
1.864,-0.41580867767333984,-0.41580867767333984,2.3912086486816406,-0.4143755809932844,2.8591775283280754,10.0,1.0
1.865,-0.41313838958740234,-0.41313838958740234,2.6373634338378906,-0.4115143586051092,2.8632531284677896,10.0,1.0
1.866,-0.41084957122802734,-0.41084957122802734,2.4087905883789062,-0.40864907473634887,2.8673004694546194,10.0,1.0
1.867,-0.40856075286865234,-0.40856075286865234,2.364835739135742,-0.4057797576662,2.8713195113430174,10.0,1.0
1.868,-0.40588951110839844,-0.40588951110839844,2.7252750396728516,-0.40290643571366286,2.875310214467447,10.0,1.0
1.869,-0.40321922302246094,-0.40321922302246094,2.5142860412597656,-0.40002913723726513,2.879272539441274,10.0,1.0
1.87,-0.40093040466308594,-0.40093040466308594,2.294506072998047,-0.39714789063478034,2.8832064471571073,10.0,1.0
1.871,-0.39864158630371094,-0.39864158630371094,2.5318679809570312,-0.3942627243429509,2.8871118987889304,10.0,1.0
1.872,-0.39597129821777344,-0.39597129821777344,2.575824737548828,-0.3913736668372025,2.8909888557922727,10.0,1.0
1.873,-0.39330101013183594,-0.39330101013183594,2.5142860412597656,-0.38848074663136634,2.894837279903186,10.0,1.0
1.874,-0.39063072204589844,-0.39063072204589844,2.5670337677001953,-0.38558399227739615,2.898657133137931,10.0,1.0
1.875,-0.38834190368652344,-0.38834190368652344,2.575824737548828,-0.3826834323650904,2.9024483777975263,10.0,1.0
1.8760000000000001,-0.38567161560058594,-0.38567161560058594,2.4263744354248047,-0.3797790955218011,2.9062109764637967,10.0,1.0
1.877,-0.38338279724121094,-0.38338279724121094,2.364835739135742,-0.3768710104121628,2.909944892000624,10.0,1.0
1.8780000000000001,-0.38071250915527344,-0.38071250915527344,2.584615707397461,-0.37395920573779995,2.913650087555652,10.0,1.0
1.879,-0.37842369079589844,-0.37842369079589844,2.5230770111083984,-0.3710437102370515,2.917326526561027,10.0,1.0
1.8800000000000001,-0.37575340270996094,-0.37575340270996094,2.505495071411133,-0.36812455268467786,2.9209741727318033,10.0,1.0
1.881,-0.37308311462402344,-0.37308311462402344,2.6021976470947266,-0.3652017618915879,2.9245929900659746,10.0,1.0
1.8820000000000001,-0.37079429626464844,-0.37079429626464844,2.4791202545166016,-0.3622753667045459,2.928182942848366,10.0,1.0
1.883,-0.36812400817871094,-0.36812400817871094,2.452747344970703,-0.3593453960058911,2.931743995647736,10.0,1.0
1.8840000000000001,-0.36583518981933594,-0.36583518981933594,2.4703292846679688,-0.3564118787132505,2.9352761133169736,10.0,1.0
1.885,-0.36316490173339844,-0.36316490173339844,2.5934066772460938,-0.3534748437792571,2.9387792609956307,10.0,1.0
1.8860000000000001,-0.36049461364746094,-0.36049461364746094,2.6989002227783203,-0.3505343201912592,2.942253404109863,10.0,1.0
1.887,-0.35782432556152344,-0.35782432556152344,2.5582408905029297,-0.34759033697103736,2.945698508371237,10.0,1.0
1.8880000000000001,-0.35553550720214844,-0.35553550720214844,2.619779586791992,-0.3446429231745167,2.949114539777071,10.0,1.0
1.889,-0.35286521911621094,-0.35286521911621094,2.619779586791992,-0.3416921078914832,2.9525014646126806,10.0,1.0
1.8900000000000001,-0.35019493103027344,-0.35019493103027344,2.417581558227539,-0.3387379202452914,2.9558592494511515,10.0,1.0
1.891,-0.34790611267089844,-0.34790611267089844,2.575824737548828,-0.33578038939258087,2.9591878611526,10.0,1.0
1.8920000000000001,-0.34485435485839844,-0.34485435485839844,2.742856979370117,-0.33281954452298623,2.9624872668640876,10.0,1.0
1.893,-0.34256458282470703,-0.34256458282470703,2.619779586791992,-0.32985541485885267,2.965757434021924,10.0,1.0
1.8940000000000001,-0.33989429473876953,-0.33989429473876953,2.575824737548828,-0.3268880296549424,2.968998330351525,10.0,1.0
1.895,-0.33722400665283203,-0.33722400665283203,2.7780227661132812,-0.32391741819814956,2.9722099238667283,10.0,1.0
1.8960000000000001,-0.33417224884033203,-0.33417224884033203,2.5670337677001953,-0.320943609807209,2.9753921828690295,10.0,1.0
1.897,-0.33188343048095703,-0.33188343048095703,2.452747344970703,-0.31796663383241147,2.9785450759521837,10.0,1.0
1.8980000000000001,-0.32921314239501953,-0.32921314239501953,2.8043956756591797,-0.31498651965530466,2.9816685719982843,10.0,1.0
1.899,-0.32654285430908203,-0.32654285430908203,2.8043956756591797,-0.31200329668841487,2.9847626401785305,10.0,1.0
1.9000000000000001,-0.32387256622314453,-0.32387256622314453,2.549449920654297,-0.3090169943749476,2.987827249956837,10.0,1.0
1.901,-0.32120227813720703,-0.32120227813720703,2.795604705810547,-0.30602764218850115,2.990862371086962,10.0,1.0
1.9020000000000001,-0.31853199005126953,-0.31853199005126953,2.7164840698242188,-0.3030352696327737,2.9938679736124527,10.0,1.0
1.903,-0.31586170196533203,-0.31586170196533203,2.4263744354248047,-0.3000399062412762,2.996844027869372,10.0,1.0
1.9040000000000001,-0.31319141387939453,-0.31319141387939453,2.7780227661132812,-0.29704158157703503,2.9997905044859294,10.0,1.0
1.905,-0.31013965606689453,-0.31013965606689453,2.874725341796875,-0.2940403252323043,3.0027073743817994,10.0,1.0
1.9060000000000001,-0.30785083770751953,-0.30785083770751953,2.5670337677001953,-0.2910361668282715,3.005594608767609,10.0,1.0
1.907,-0.30518054962158203,-0.30518054962158203,2.7252750396728516,-0.28802913601476904,3.0084521791476675,10.0,1.0
1.9080000000000001,-0.30212879180908203,-0.30212879180908203,2.786813735961914,-0.28501926246997616,3.011280057319709,10.0,1.0
1.909,-0.29983997344970703,-0.29983997344970703,2.461538314819336,-0.2820065759001296,3.0140782153737007,10.0,1.0
1.9100000000000001,-0.29716968536376953,-0.29716968536376953,2.742856979370117,-0.2789911060392288,3.016846625692068,10.0,1.0
1.911,-0.29411792755126953,-0.29411792755126953,2.918682098388672,-0.2759728826487455,3.0195852609518283,10.0,1.0
1.9120000000000001,-0.29144763946533203,-0.29144763946533203,2.549449920654297,-0.27295193551732516,3.022294094124476,10.0,1.0
1.913,-0.28877735137939453,-0.28877735137939453,2.707693099975586,-0.26992829446049643,3.0249730984750727,10.0,1.0
1.9140000000000001,-0.28610706329345703,-0.28610706329345703,2.883516311645508,-0.266901989320375,3.02762224756151,10.0,1.0
1.915,-0.28343677520751953,-0.28343677520751953,2.4263744354248047,-0.26387304996537336,3.030241515239112,10.0,1.0
1.9160000000000001,-0.2807655334472656,-0.2807655334472656,2.628570556640625,-0.2608415062898968,3.0328308756567424,10.0,1.0
1.917,-0.2780952453613281,-0.2780952453613281,3.006593704223633,-0.25780738821405985,3.0353903032572163,10.0,1.0
1.9180000000000001,-0.2754249572753906,-0.2754249572753906,2.6549453735351562,-0.2547707256833824,3.037919772781194,10.0,1.0
1.919,-0.2727546691894531,-0.2727546691894531,2.5934066772460938,-0.25173154866849745,3.0404192592638566,10.0,1.0
1.92,-0.2697029113769531,-0.2697029113769531,2.9274730682373047,-0.24868988716485535,3.0428887380356144,10.0,1.0
1.921,-0.2670326232910156,-0.2670326232910156,2.575824737548828,-0.24564577119242623,3.0453281847238998,10.0,1.0
1.922,-0.2647438049316406,-0.2647438049316406,2.6021976470947266,-0.24259923079540752,3.047737575252043,10.0,1.0
1.923,-0.2616920471191406,-0.2616920471191406,3.0241756439208984,-0.23955029604192213,3.0501168858411773,10.0,1.0
1.924,-0.2586402893066406,-0.2586402893066406,2.7340660095214844,-0.23649899702372515,3.0524660930084764,10.0,1.0
1.925,-0.2559700012207031,-0.2559700012207031,2.672527313232422,-0.2334453638559052,3.054785173566856,10.0,1.0
1.926,-0.2532997131347656,-0.2532997131347656,2.9450550079345703,-0.23038942667659143,3.0570741046292937,10.0,1.0
1.927,-0.2506294250488281,-0.2506294250488281,2.6461544036865234,-0.22733121564664663,3.059332863604922,10.0,1.0
1.928,-0.24795913696289062,-0.24795913696289062,2.6549453735351562,-0.22427076094938156,3.0615614281999086,10.0,1.0
1.929,-0.24490737915039062,-0.24490737915039062,3.0593414306640625,-0.22120809279024684,3.0637597764191042,10.0,1.0
1.93,-0.24185562133789062,-0.24185562133789062,2.795604705810547,-0.2181432413965433,3.065927886566712,10.0,1.0
1.931,-0.23918533325195312,-0.23918533325195312,2.7780227661132812,-0.21507623701711345,3.068065737244197,10.0,1.0
1.932,-0.23613357543945312,-0.23613357543945312,3.0241756439208984,-0.2120071099220549,3.070173307350643,10.0,1.0
1.933,-0.23346328735351562,-0.23346328735351562,2.6461544036865234,-0.20893589040241217,3.0722505760864607,10.0,1.0
1.934,-0.23079299926757812,-0.23079299926757812,2.707693099975586,-0.20586260876988197,3.0742975229498484,10.0,1.0
1.935,-0.22774124145507812,-0.22774124145507812,3.0945053100585938,-0.20278729535651246,3.0763141277373762,10.0,1.0
1.936,-0.22507095336914062,-0.22507095336914062,2.8131866455078125,-0.1997099805144072,3.078300370546046,10.0,1.0
1.937,-0.22240066528320312,-0.22240066528320312,2.7164840698242188,-0.1966306946154204,3.0802562317731628,10.0,1.0
1.938,-0.21934890747070312,-0.21934890747070312,2.989011764526367,-0.19354946805086082,3.0821816921153413,10.0,1.0
1.939,-0.21667766571044922,-0.21667766571044922,2.6373634338378906,-0.19046633123118975,3.0840767325680503,10.0,1.0
1.94,-0.21400737762451172,-0.21400737762451172,2.7164840698242188,-0.18738131458572468,3.0859413344280995,10.0,1.0
1.941,-0.21057415008544922,-0.21057415008544922,3.120878219604492,-0.18429444856233357,3.087775479293427,10.0,1.0
1.942,-0.20790386199951172,-0.20790386199951172,2.8219776153564453,-0.1812057636271378,3.089579149061848,10.0,1.0
1.943,-0.20523357391357422,-0.20523357391357422,2.7780227661132812,-0.17811529026420989,3.0913523259308846,10.0,1.0
1.944,-0.20218181610107422,-0.20218181610107422,2.883516311645508,-0.175023058975276,3.093094992400097,10.0,1.0
1.945,-0.19951152801513672,-0.19951152801513672,2.7252750396728516,-0.1719291002794097,3.0948071312708834,10.0,1.0
1.946,-0.19645977020263672,-0.19645977020263672,2.9010982513427734,-0.1688334447127342,3.096488725645173,10.0,1.0
1.947,-0.19340801239013672,-0.19340801239013672,2.9802188873291016,-0.16573612282811936,3.098139758924944,10.0,1.0
1.948,-0.19073772430419922,-0.19073772430419922,2.874725341796875,-0.16263716519488433,3.099760214816513,10.0,1.0
1.949,-0.18806743621826172,-0.18806743621826172,2.918682098388672,-0.15953660239848635,3.1013500773266003,10.0,1.0
1.95,-0.18501567840576172,-0.18501567840576172,2.7340660095214844,-0.15643446504023112,3.1029093307626425,10.0,1.0
1.951,-0.18234539031982422,-0.18234539031982422,2.75164794921875,-0.15333078373696107,3.104437959736714,10.0,1.0
1.952,-0.17929363250732422,-0.17929363250732422,2.9714279174804688,-0.15022558912075767,3.105935949161875,10.0,1.0
1.953,-0.17662334442138672,-0.17662334442138672,2.865934371948242,-0.14711891183863732,3.1074032842526833,10.0,1.0
1.954,-0.17357158660888672,-0.17357158660888672,2.962636947631836,-0.1440107825522523,3.1088399505271695,10.0,1.0
1.955,-0.17051982879638672,-0.17051982879638672,2.9010982513427734,-0.140901231937583,3.1102459338068655,10.0,1.0
1.956,-0.16784954071044922,-0.16784954071044922,2.707693099975586,-0.13779029068463858,3.1116212202152838,10.0,1.0
1.957,-0.16517925262451172,-0.16517925262451172,2.830768585205078,-0.13467798949715243,3.112965796178017,10.0,1.0
1.958,-0.16212749481201172,-0.16212749481201172,2.9450550079345703,-0.13156435909228253,3.1142796484246844,10.0,1.0
1.959,-0.15907573699951172,-0.15907573699951172,2.9010982513427734,-0.12844943020030306,3.115562763988933,10.0,1.0
1.96,-0.15640544891357422,-0.15640544891357422,2.918682098388672,-0.12533323356430465,3.116815130206952,10.0,1.0
1.961,-0.1533527374267578,-0.1533527374267578,2.865934371948242,-0.12221579993988917,3.118036734717485,10.0,1.0
1.962,-0.1506824493408203,-0.1506824493408203,2.760438919067383,-0.11909716009486966,3.119227565463838,10.0,1.0
1.963,-0.1476306915283203,-0.1476306915283203,2.874725341796875,-0.11597734480896149,3.120387610693818,10.0,1.0
1.964,-0.1449604034423828,-0.1449604034423828,2.9714279174804688,-0.112856384873482,3.1215168589583016,10.0,1.0
1.965,-0.1419086456298828,-0.1419086456298828,2.9274730682373047,-0.1097343110910449,3.1226152991106844,10.0,1.0
1.966,-0.1388568878173828,-0.1388568878173828,2.9450550079345703,-0.1066111542752606,3.1236829203111753,10.0,1.0
1.967,-0.1361865997314453,-0.1361865997314453,2.8483524322509766,-0.10348694525042254,3.1247197120227526,10.0,1.0
1.968,-0.1331348419189453,-0.1331348419189453,2.8131866455078125,-0.10036171485121509,3.125725664011405,10.0,1.0
1.969,-0.1304645538330078,-0.1304645538330078,2.9714279174804688,-0.09723549392239973,3.1267007663500905,10.0,1.0
1.97,-0.1274127960205078,-0.1274127960205078,2.9802188873291016,-0.09410831331851491,3.1276450094149624,10.0,1.0
1.971,-0.12436103820800781,-0.12436103820800781,2.962636947631836,-0.09098020390356981,3.12855838388581,10.0,1.0
1.972,-0.12130928039550781,-0.12130928039550781,3.0329666137695312,-0.08785119655074328,3.129440880748035,10.0,1.0
1.973,-0.11863899230957031,-0.11863899230957031,2.75164794921875,-0.08472132214207374,3.1302924912926144,10.0,1.0
1.974,-0.11558723449707031,-0.11558723449707031,2.997802734375,-0.08159061156815804,3.1311132071144954,10.0,1.0
1.975,-0.11253547668457031,-0.11253547668457031,3.0593414306640625,-0.07845909572784475,3.1319030201126523,10.0,1.0
1.976,-0.10948371887207031,-0.10948371887207031,2.839559555053711,-0.07532680552793272,3.1326619224919767,10.0,1.0
1.977,-0.10643196105957031,-0.10643196105957031,3.2175827026367188,-0.07219377188286079,3.133389906763263,10.0,1.0
1.978,-0.10376167297363281,-0.10376167297363281,2.8483524322509766,-0.06906002571440618,3.1340869657416235,10.0,1.0
1.979,-0.10109138488769531,-0.10109138488769531,2.742856979370117,-0.06592559795137755,3.134753092546454,10.0,1.0
1.98,-0.09765815734863281,-0.09765815734863281,3.1472530364990234,-0.06279051952931326,3.1353882806033866,10.0,1.0
1.981,-0.09498786926269531,-0.09498786926269531,2.883516311645508,-0.05965482139017078,3.135992523644223,10.0,1.0
1.982,-0.0919351577758789,-0.0919351577758789,2.9802188873291016,-0.056518534482024804,3.13656581570536,10.0,1.0
1.983,-0.0888833999633789,-0.0888833999633789,3.173625946044922,-0.05338168975876006,3.1371081511272862,10.0,1.0
1.984,-0.0862131118774414,-0.0862131118774414,2.6989002227783203,-0.05024431817977022,3.137619524558712,10.0,1.0
1.985,-0.0831613540649414,-0.0831613540649414,2.8923072814941406,-0.04710645070964264,3.138099930952567,10.0,1.0
1.986,-0.0797281265258789,-0.0797281265258789,3.1384620666503906,-0.043968118317865075,3.1385493655661385,10.0,1.0
1.987,-0.0770578384399414,-0.0770578384399414,2.8219776153564453,-0.04082935197851036,3.1389678239649825,10.0,1.0
1.988,-0.0740060806274414,-0.0740060806274414,3.1384620666503906,-0.0376901826699351,3.1393553020191085,10.0,1.0
1.989,-0.0709543228149414,-0.0709543228149414,2.989011764526367,-0.03455064137447214,3.1397117959033647,10.0,1.0
1.99,-0.0686655044555664,-0.0686655044555664,2.6109886169433594,-0.03141075907812836,3.1400373020993104,10.0,1.0
1.991,-0.0652322769165039,-0.0652322769165039,3.1824169158935547,-0.028270566770273516,3.140331817395209,10.0,1.0
1.992,-0.0625619888305664,-0.0625619888305664,2.962636947631836,-0.025130095443337937,3.140595338884321,10.0,1.0
1.993,-0.059510231018066406,-0.059510231018066406,2.795604705810547,-0.021989376092504873,3.140827863964896,10.0,1.0
1.994,-0.056458473205566406,-0.056458473205566406,3.1912078857421875,-0.018848439715408137,3.141029390342019,10.0,1.0
1.995,-0.053406715393066406,-0.053406715393066406,2.883516311645508,-0.01570731731182083,3.1411999160275847,10.0,1.0
1.996,-0.050736427307128906,-0.050736427307128906,2.795604705810547,-0.01256603988335296,3.14133943933858,10.0,1.0
1.997,-0.047684669494628906,-0.047684669494628906,3.050548553466797,-0.009424638433143666,3.1414479588970736,10.0,1.0
1.998,-0.044632911682128906,-0.044632911682128906,2.9714279174804688,-0.006283143965558805,3.1415254736320235,10.0,1.0
1.999,-0.041581153869628906,-0.041581153869628906,2.9714279174804688,-0.003141587485879613,3.1415719827792774,10.0,1.0
2.0,-0.038910865783691406,-0.038910865783691406,3.006593704223633,-2.4492935982947064e-16,3.1415874858797137,10.0,1.0
2.001,-0.035859107971191406,-0.035859107971191406,2.830768585205078,0.003141587485879123,3.1415719827793724,10.0,1.0
2.0020000000000002,-0.033188819885253906,-0.033188819885253906,2.8483524322509766,0.0062831439655592035,3.141525473632118,10.0,1.0
2.003,-0.0301361083984375,-0.0301361083984375,2.989011764526367,0.009424638433144063,3.141447958896978,10.0,1.0
2.004,-0.0270843505859375,-0.0270843505859375,2.9714279174804688,0.012566039883352469,3.141339439338485,10.0,1.0
2.005,-0.0240325927734375,-0.0240325927734375,3.041757583618164,0.015707317311820342,3.1411999160276824,10.0,1.0
2.0060000000000002,-0.0213623046875,-0.0213623046875,2.8923072814941406,0.018848439715408536,3.141029390342113,10.0,1.0
2.007,-0.018310546875,-0.018310546875,2.8131866455078125,0.021989376092505272,3.1408278639648,10.0,1.0
2.008,-0.0152587890625,-0.0152587890625,2.962636947631836,0.025130095443337445,3.140595338884223,10.0,1.0
2.009,-0.01220703125,-0.01220703125,3.0153846740722656,0.028270566770273026,3.140331817395305,10.0,1.0
2.0100000000000002,-0.0095367431640625,-0.0095367431640625,2.9450550079345703,0.03141075907812876,3.140037302099401,10.0,1.0
2.011,-0.0064849853515625,-0.0064849853515625,3.006593704223633,0.034550641374472536,3.139711795903274,10.0,1.0
2.012,-0.0034332275390625,-0.0034332275390625,2.989011764526367,0.03769018266993461,3.139355302019016,10.0,1.0
2.013,-0.0003814697265625,-0.0003814697265625,2.760438919067383,0.04082935197850988,3.138967823965082,10.0,1.0
2.0140000000000002,0.002288818359375,0.002288818359375,2.9362640380859375,0.04396811831786547,3.1385493655662238,10.0,1.0
2.015,0.005340576171875,0.005340576171875,3.1384620666503906,0.04710645070964303,3.138099930952478,10.0,1.0
2.016,0.0080108642578125,0.0080108642578125,2.8043956756591797,0.05024431817976974,3.1376195245586125,10.0,1.0
2.017,0.0110626220703125,0.0110626220703125,3.0241756439208984,0.053381689758759565,3.1371081511273857,10.0,1.0
2.0180000000000002,0.0141143798828125,0.0141143798828125,3.0153846740722656,0.0565185344820252,3.1365658157054526,10.0,1.0
2.019,0.01678466796875,0.01678466796875,2.663736343383789,0.05965482139017118,3.135992523644134,10.0,1.0
2.02,0.01983642578125,0.01983642578125,3.076923370361328,0.06279051952931278,3.1353882806032836,10.0,1.0
2.021,0.02288818359375,0.02288818359375,3.006593704223633,0.06592559795137706,3.1347530925465534,10.0,1.0
2.0220000000000002,0.02593994140625,0.02593994140625,2.883516311645508,0.06906002571440659,3.1340869657417088,10.0,1.0
2.023,0.02899169921875,0.02899169921875,3.085714340209961,0.07219377188286119,3.1333899067631634,10.0,1.0
2.024,0.031662940979003906,0.031662940979003906,2.7692298889160156,0.07532680552793222,3.1326619224918772,10.0,1.0
2.025,0.034714698791503906,0.034714698791503906,2.865934371948242,0.07845909572784425,3.131903020112766,10.0,1.0
2.0260000000000002,0.037766456604003906,0.037766456604003906,3.129671096801758,0.08159061156815844,3.13111320711414,10.0,1.0
2.027,0.040436744689941406,0.040436744689941406,2.874725341796875,0.08472132214207324,3.130292491292515,10.0,1.0
2.028,0.043488502502441406,0.043488502502441406,2.953845977783203,0.08785119655074279,3.1294408807483904,10.0,1.0
2.029,0.046540260314941406,0.046540260314941406,3.050548553466797,0.09098020390356933,3.128558383885469,10.0,1.0
2.0300000000000002,0.049210548400878906,0.049210548400878906,2.6901092529296875,0.09410831331851442,3.1276450094146,10.0,1.0
2.031,0.052262306213378906,0.052262306213378906,2.9802188873291016,0.09723549392239925,3.1267007663504316,10.0,1.0
2.032,0.055314064025878906,0.055314064025878906,3.1472530364990234,0.1003617148512146,3.125725664011746,10.0,1.0
2.033,0.057984352111816406,0.057984352111816406,2.7340660095214844,0.10348694525042205,3.1247197120224186,10.0,1.0
2.0340000000000003,0.061036109924316406,0.061036109924316406,3.1120872497558594,0.10661115427526012,3.1236829203112606,10.0,1.0
2.035,0.0640878677368164,0.0640878677368164,2.9714279174804688,0.10973431109104528,3.1226152991110467,10.0,1.0
2.036,0.0667581558227539,0.0667581558227539,2.6373634338378906,0.11285638487348151,3.121516858958202,10.0,1.0
2.037,0.0701913833618164,0.0701913833618164,3.173625946044922,0.115977344808961,3.120387610693925,10.0,1.0
2.0380000000000003,0.0728616714477539,0.0728616714477539,3.0593414306640625,0.11909716009487005,3.119227565463916,10.0,1.0
2.039,0.0759134292602539,0.0759134292602539,2.7780227661132812,0.12221579993988956,3.118036734717407,10.0,1.0
2.04,0.0789651870727539,0.0789651870727539,3.1384620666503906,0.12533323356430418,3.1168151302068523,10.0,1.0
2.041,0.0816354751586914,0.0816354751586914,2.8043956756591797,0.12844943020030258,3.1155627639890326,10.0,1.0
2.0420000000000003,0.0846872329711914,0.0846872329711914,2.7780227661132812,0.13156435909228292,3.1142796484247697,10.0,1.0
2.043,0.0877389907836914,0.0877389907836914,3.243955612182617,0.13467798949715282,3.1129657961779316,10.0,1.0
2.044,0.0907907485961914,0.0907907485961914,2.9010982513427734,0.1377902906846381,3.1116212202151843,10.0,1.0
2.045,0.0934610366821289,0.0934610366821289,2.839559555053711,0.1409012319375825,3.110245933806951,10.0,1.0
2.0460000000000003,0.09651374816894531,0.09651374816894531,3.173625946044922,0.1440107825522527,3.108839950527255,10.0,1.0
2.047,0.09956550598144531,0.09956550598144531,2.707693099975586,0.1471189118386377,3.107403284252598,10.0,1.0
2.048,0.10223579406738281,0.10223579406738281,2.8923072814941406,0.1502255891207572,3.1059359491617755,10.0,1.0
2.049,0.10566902160644531,0.10566902160644531,3.243955612182617,0.15333078373696057,3.1044379597366145,10.0,1.0
2.05,0.10833930969238281,0.10833930969238281,2.760438919067383,0.15643446504022973,3.102909330762742,10.0,1.0
2.051,0.11139106750488281,0.11139106750488281,3.129671096801758,0.15953660239848674,3.1013500773266856,10.0,1.0
2.052,0.11444282531738281,0.11444282531738281,2.989011764526367,0.16263716519488383,3.0997602148164134,10.0,1.0
2.053,0.11711311340332031,0.11711311340332031,2.742856979370117,0.1657361228281189,3.0981397589248445,10.0,1.0
2.054,0.12016487121582031,0.12016487121582031,3.120878219604492,0.16883344471273284,3.0964887256452442,10.0,1.0
2.055,0.12321662902832031,0.12321662902832031,3.041757583618164,0.17192910027941008,3.094807131270983,10.0,1.0
2.056,0.1262683868408203,0.1262683868408203,2.8923072814941406,0.1750230589752755,3.0930949924000117,10.0,1.0
2.057,0.1293201446533203,0.1293201446533203,3.0329666137695312,0.1781152902642094,3.0913523259308135,10.0,1.0
2.058,0.1319904327392578,0.1319904327392578,2.8131866455078125,0.18120576362713645,3.089579149061933,10.0,1.0
2.059,0.1346607208251953,0.1346607208251953,2.839559555053711,0.18429444856233396,3.0877754792935406,10.0,1.0
2.06,0.1380939483642578,0.1380939483642578,3.1912078857421875,0.1873813145857242,3.085941334428,10.0,1.0
2.061,0.1411457061767578,0.1411457061767578,2.918682098388672,0.19046633123118928,3.084076732567965,10.0,1.0
2.062,0.1438159942626953,0.1438159942626953,2.795604705810547,0.19354946805085946,3.082181692114986,10.0,1.0
2.063,0.1464862823486328,0.1464862823486328,2.9362640380859375,0.19663069461541993,3.0802562317732622,10.0,1.0
2.064,0.1495380401611328,0.1495380401611328,2.7340660095214844,0.1997099805144067,3.0783003705463585,10.0,1.0
2.065,0.1522083282470703,0.1522083282470703,2.8923072814941406,0.20278729535651197,3.076314127737305,10.0,1.0
2.066,0.1552600860595703,0.1552600860595703,2.953845977783203,0.20586260876988063,3.0742975229495073,10.0,1.0
2.067,0.15793132781982422,0.15793132781982422,2.7780227661132812,0.20893589040241167,3.07225057608656,10.0,1.0
2.068,0.16098308563232422,0.16098308563232422,2.839559555053711,0.21200710992205443,3.0701733073509843,10.0,1.0
2.069,0.16365337371826172,0.16365337371826172,2.742856979370117,0.21507623701711298,3.068065737244112,10.0,1.0
2.07,0.16632366180419922,0.16632366180419922,2.6373634338378906,0.21814324139654195,3.065927886566783,10.0,1.0
2.071,0.16899394989013672,0.16899394989013672,2.8043956756591797,0.22120809279024722,3.063759776419218,10.0,1.0
2.072,0.17166423797607422,0.17166423797607422,2.830768585205078,0.2242707609493811,3.061561428199795,10.0,1.0
2.073,0.17471599578857422,0.17471599578857422,2.7340660095214844,0.22733121564664613,3.059332863604837,10.0,1.0
2.074,0.17738628387451172,0.17738628387451172,2.830768585205078,0.2303894266765901,3.057074104629393,10.0,1.0
2.075,0.18005657196044922,0.18005657196044922,2.6901092529296875,0.23344536385590559,3.054785173566941,10.0,1.0
2.076,0.18272686004638672,0.18272686004638672,2.5670337677001953,0.23649899702372468,3.052466093008377,10.0,1.0
2.077,0.18539714813232422,0.18539714813232422,2.742856979370117,0.23955029604192166,3.0501168858415326,10.0,1.0
2.078,0.18806743621826172,0.18806743621826172,2.865934371948242,0.24259923079540704,3.0477375752521425,10.0,1.0
2.079,0.19111919403076172,0.19111919403076172,2.7164840698242188,0.24564577119242662,3.045328184723573,10.0,1.0
2.08,0.19378948211669922,0.19378948211669922,2.75164794921875,0.24868988716485488,3.042888738035529,10.0,1.0
2.081,0.19645977020263672,0.19645977020263672,2.7692298889160156,0.251731548668497,3.0404192592638424,10.0,1.0
2.082,0.19913005828857422,0.19913005828857422,2.619779586791992,0.2547707256833819,3.0379197727812937,10.0,1.0
2.083,0.20180034637451172,0.20180034637451172,2.7164840698242188,0.25780738821406024,3.035390303257273,10.0,1.0
2.084,0.20485210418701172,0.20485210418701172,2.883516311645508,0.2608415062898971,3.0328308756566855,10.0,1.0
2.085,0.20752239227294922,0.20752239227294922,2.7692298889160156,0.2638730499653729,3.0302415152390267,10.0,1.0
2.086,0.21057415008544922,0.21057415008544922,2.795604705810547,0.2669019893203745,3.0276222475615953,10.0,1.0
2.087,0.21286296844482422,0.21286296844482422,2.6813182830810547,0.2699282944604968,3.024973098475158,10.0,1.0
2.088,0.21553325653076172,0.21553325653076172,2.619779586791992,0.27295193551732555,3.022294094124419,10.0,1.0
2.089,0.21858501434326172,0.21858501434326172,2.795604705810547,0.275972882648745,3.019585260951743,10.0,1.0
2.09,0.22125625610351562,0.22125625610351562,2.830768585205078,0.27899110603922833,3.0168466256921818,10.0,1.0
2.091,0.22392654418945312,0.22392654418945312,2.7692298889160156,0.28200657590013,3.014078215373786,10.0,1.0
2.092,0.22659683227539062,0.22659683227539062,2.795604705810547,0.28501926246997655,3.0112800573195955,10.0,1.0
2.093,0.22926712036132812,0.22926712036132812,2.6373634338378906,0.28802913601476854,3.008452179147554,10.0,1.0
2.094,0.23193740844726562,0.23193740844726562,2.5934066772460938,0.291036166828271,3.0055946087677228,10.0,1.0
2.095,0.23498916625976562,0.23498916625976562,2.8571434020996094,0.29404032523230467,3.0027073743814583,10.0,1.0
2.096,0.23765945434570312,0.23765945434570312,2.6813182830810547,0.2970415815770346,2.999790504485844,10.0,1.0
2.097,0.24032974243164062,0.24032974243164062,2.663736343383789,0.3000399062412757,2.9968440278696846,10.0,1.0
2.098,0.24300003051757812,0.24300003051757812,2.8571434020996094,0.3030352696327733,2.9938679736121685,10.0,1.0
2.099,0.24567031860351562,0.24567031860351562,2.584615707397461,0.30602764218850065,2.990862371086621,10.0,1.0
2.1,0.24795913696289062,0.24795913696289062,2.4703292846679688,0.3090169943749472,2.9878272499572347,10.0,1.0
2.101,0.2510108947753906,0.2510108947753906,2.839559555053711,0.3120032966884144,2.9847626401788148,10.0,1.0
2.102,0.2536811828613281,0.2536811828613281,2.5934066772460938,0.31498651965530416,2.981668571997943,10.0,1.0
2.103,0.2563514709472656,0.2563514709472656,2.5670337677001953,0.31796663383241097,2.978545075952269,10.0,1.0
2.104,0.2590217590332031,0.2590217590332031,2.953845977783203,0.3209436098072094,2.9753921828693706,10.0,1.0
2.105,0.2616920471191406,0.2616920471191406,2.5142860412597656,0.32391741819814907,2.9722099238666146,10.0,1.0
2.106,0.2639808654785156,0.2639808654785156,2.364835739135742,0.32688802965494196,2.9689983303516385,10.0,1.0
2.107,0.2666511535644531,0.2666511535644531,2.8043956756591797,0.329855414858853,2.965757434021981,10.0,1.0
2.108,0.2697029113769531,0.2697029113769531,2.6901092529296875,0.3328195445229866,2.9624872668640307,10.0,1.0
2.109,0.2719917297363281,0.2719917297363281,2.4351654052734375,0.3357803893925804,2.959187861152486,10.0,1.0
2.11,0.2746620178222656,0.2746620178222656,2.7340660095214844,0.338737920245291,2.955859249451265,10.0,1.0
2.111,0.2773323059082031,0.2773323059082031,2.7164840698242188,0.3416921078914836,2.9525014646127374,10.0,1.0
2.112,0.2800025939941406,0.2800025939941406,2.338460922241211,0.3446429231745171,2.9491145397769856,10.0,1.0
2.113,0.28229236602783203,0.28229236602783203,2.540658950805664,0.3475903369710369,2.9456985083710947,10.0,1.0
2.114,0.28534412384033203,0.28534412384033203,2.7780227661132812,0.3505343201912587,2.942253404109948,10.0,1.0
2.115,0.28763294219970703,0.28763294219970703,2.4967041015625,0.3534748437792575,2.9387792609957444,10.0,1.0
2.116,0.28992176055908203,0.28992176055908203,2.5230770111083984,0.35641187871325086,2.9352761133169167,10.0,1.0
2.117,0.29297351837158203,0.29297351837158203,2.786813735961914,0.35934539600589066,2.931743995647622,10.0,1.0
2.118,0.29526233673095703,0.29526233673095703,2.5230770111083984,0.36227536670454547,2.928182942848508,10.0,1.0
2.119,0.29793262481689453,0.29793262481689453,2.3999996185302734,0.36520176189158826,2.9245929900660315,10.0,1.0
2.12,0.30060291290283203,0.30060291290283203,2.6813182830810547,0.3681245526846782,2.920974172731718,10.0,1.0
2.121,0.30289173126220703,0.30289173126220703,2.584615707397461,0.37104371023705107,2.91732652656097,10.0,1.0
2.122,0.30556201934814453,0.30556201934814453,2.4967041015625,0.3739592057377995,2.9136500875557374,10.0,1.0
2.123,0.30823230743408203,0.30823230743408203,2.6901092529296875,0.3768710104121632,2.909944892000624,10.0,1.0
2.124,0.31090259552001953,0.31090259552001953,2.5670337677001953,0.37977909552180145,2.906210976463683,10.0,1.0
2.125,0.31319141387939453,0.31319141387939453,2.417581558227539,0.38268343236508995,2.9024483777974694,10.0,1.0
2.126,0.31586170196533203,0.31586170196533203,2.4791202545166016,0.3855839922773957,2.8986571331381015,10.0,1.0
2.1270000000000002,0.31815052032470703,0.31815052032470703,2.584615707397461,0.3884807466313667,2.8948372799032427,10.0,1.0
2.128,0.32082080841064453,0.32082080841064453,2.6109886169433594,0.39137366683720287,2.890988855792159,10.0,1.0
2.129,0.32349109649658203,0.32349109649658203,2.575824737548828,0.39426272434295045,2.8871118987888167,10.0,1.0
2.13,0.32616138458251953,0.32616138458251953,2.5670337677001953,0.3971478906347799,2.883206447157164,10.0,1.0
2.1310000000000002,0.32845020294189453,0.32845020294189453,2.4703292846679688,0.40002913723726546,2.879272539440933,10.0,1.0
2.132,0.33073902130126953,0.33073902130126953,2.4087905883789062,0.4029064357136624,2.8753102144673335,10.0,1.0
2.133,0.33340930938720703,0.33340930938720703,2.584615707397461,0.4057797576661995,2.87131951134333,10.0,1.0
2.134,0.33607959747314453,0.33607959747314453,2.575824737548828,0.4086490747363484,2.867300469454733,10.0,1.0
2.1350000000000002,0.33836841583251953,0.33836841583251953,2.505495071411133,0.4115143586051096,2.8632531284674485,10.0,1.0
2.136,0.34103870391845703,0.34103870391845703,2.5230770111083984,0.414375580993284,2.85917752832799,10.0,1.0
2.137,0.34370899200439453,0.34370899200439453,2.5670337677001953,0.41723271366176495,2.8550737092612053,10.0,1.0
2.138,0.34599876403808594,0.34599876403808594,2.4879112243652344,0.42008572841180575,2.8509417117688827,10.0,1.0
2.1390000000000002,0.34828758239746094,0.34828758239746094,2.294506072998047,0.42293459708530334,2.8467815766330773,10.0,1.0
2.14,0.35095787048339844,0.35095787048339844,2.4703292846679688,0.42577929156507255,2.8425933449127,10.0,1.0
2.141,0.35362815856933594,0.35362815856933594,2.5934066772460938,0.4286197837751281,2.8383770579432905,10.0,1.0
2.142,0.35591697692871094,0.35591697692871094,2.417581558227539,0.4314560456809585,2.834132757338068,10.0,1.0
2.1430000000000002,0.35820579528808594,0.35820579528808594,2.3999996185302734,0.4342880492898048,2.829860484986881,10.0,1.0
2.144,0.36087608337402344,0.36087608337402344,2.5670337677001953,0.43711576665093294,2.825560283055381,10.0,1.0
2.145,0.36354637145996094,0.36354637145996094,2.3912086486816406,0.43993916985591497,2.821232193984457,10.0,1.0
2.146,0.36545372009277344,0.36545372009277344,2.1802196502685547,0.4427582310389012,2.8168762604904884,10.0,1.0
2.1470000000000002,0.36774253845214844,0.36774253845214844,2.382417678833008,0.44557292237689655,2.812492525565233,10.0,1.0
2.148,0.37041282653808594,0.37041282653808594,2.619779586791992,0.44838321609003234,2.8080810324745187,10.0,1.0
2.149,0.37270164489746094,0.37270164489746094,2.3032970428466797,0.45118908444184497,2.8036418247574204,10.0,1.0
2.15,0.37537193298339844,0.37537193298339844,2.3999996185302734,0.4539904997395466,2.7991749462271684,10.0,1.0
2.1510000000000002,0.37766075134277344,0.37766075134277344,2.5318679809570312,0.45678743433429986,2.7946804409704384,10.0,1.0
2.152,0.37994956970214844,0.37994956970214844,2.294506072998047,0.4595798606214881,2.7901583533462997,10.0,1.0
2.153,0.38223838806152344,0.38223838806152344,2.1538467407226562,0.4623677510409918,2.7856087279853625,10.0,1.0
2.154,0.38452720642089844,0.38452720642089844,2.3912086486816406,0.4651510780774582,2.781031609790716,10.0,1.0
2.1550000000000002,0.38719749450683594,0.38719749450683594,2.575824737548828,0.46792981426057384,2.7764270439370193,10.0,1.0
2.156,0.38948631286621094,0.38948631286621094,2.2329673767089844,0.47070393216533285,2.7717950758695338,10.0,1.0
2.157,0.39177513122558594,0.39177513122558594,2.3560447692871094,0.4734734044123123,2.7671357513030443,10.0,1.0
2.158,0.39406394958496094,0.39406394958496094,2.4791202545166016,0.4762382036679383,2.7624491162243316,10.0,1.0
2.1590000000000003,0.39635276794433594,0.39635276794433594,2.2681312561035156,0.47899830264476156,2.7577352168883635,10.0,1.0
2.16,0.39864158630371094,0.39864158630371094,2.1450557708740234,0.48175367410171566,2.7529940998186078,10.0,1.0
2.161,0.40093040466308594,0.40093040466308594,2.3560447692871094,0.48450429084439817,2.748225811808254,10.0,1.0
2.162,0.40360069274902344,0.40360069274902344,2.5142860412597656,0.4872501257253316,2.7434303999192196,10.0,1.0
2.1630000000000003,0.40588951110839844,0.40588951110839844,2.241758346557617,0.48999115164423723,2.738607911479903,10.0,1.0
2.164,0.40779781341552734,0.40779781341552734,2.259340286254883,0.49272734154829206,2.7337583940852426,10.0,1.0
2.165,0.41046810150146484,0.41046810150146484,2.4703292846679688,0.4954586684324071,2.728881895599386,10.0,1.0
2.166,0.41275691986083984,0.41275691986083984,2.364835739135742,0.49818510533949023,2.7239784641514575,10.0,1.0
2.1670000000000003,0.41466426849365234,0.41466426849365234,2.039560317993164,0.5009066253607106,2.7190481481349025,10.0,1.0
2.168,0.41695308685302734,0.41695308685302734,2.206592559814453,0.5036232016357607,2.7140909962110698,10.0,1.0
2.169,0.41962337493896484,0.41962337493896484,2.505495071411133,0.5063348073531322,2.7091070573053457,10.0,1.0
2.17,0.42191219329833984,0.42191219329833984,2.329669952392578,0.5090414157503708,2.7040963806065292,10.0,1.0
2.1710000000000003,0.42381954193115234,0.42381954193115234,2.0659332275390625,0.5117430001143458,2.6990590155674568,10.0,1.0
2.172,0.42648983001708984,0.42648983001708984,2.2769222259521484,0.5144395337815063,2.6939950119058267,10.0,1.0
2.173,0.42877864837646484,0.42877864837646484,2.417581558227539,0.5171309901381569,2.688904419601613,10.0,1.0
2.174,0.43068599700927734,0.43068599700927734,2.0571422576904297,0.519817342620709,2.6837872888958145,10.0,1.0
2.1750000000000003,0.43259334564208984,0.43259334564208984,2.0219783782958984,0.522498564715949,2.67864367029307,10.0,1.0
2.176,0.43488216400146484,0.43488216400146484,2.2769222259521484,0.5251746299612957,2.6734736145588727,10.0,1.0
2.177,0.43755245208740234,0.43755245208740234,2.505495071411133,0.5278455119450662,2.6682771727192858,10.0,1.0
2.178,0.43945980072021484,0.43945980072021484,2.083517074584961,0.5305111843067337,2.663054396061284,10.0,1.0
2.179,0.44174861907958984,0.44174861907958984,2.1010990142822266,0.5331716207371882,2.6578053361311618,10.0,1.0
2.18,0.44403743743896484,0.44403743743896484,2.329669952392578,0.5358267949789967,2.65253004473567,10.0,1.0
2.181,0.44632625579833984,0.44632625579833984,2.2329673767089844,0.5384766808266601,2.647228573939742,10.0,1.0
2.182,0.44823360443115234,0.44823360443115234,1.9780216217041016,0.5411212521268756,2.6419009760662675,10.0,1.0
2.183,0.45014095306396484,0.45014095306396484,2.039560317993164,0.5437604827787921,2.6365473036965454,10.0,1.0
2.184,0.45281124114990234,0.45281124114990234,2.373626708984375,0.5463943467342692,2.6311676096695464,10.0,1.0
2.185,0.45471858978271484,0.45471858978271484,2.25054931640625,0.5490228179981318,2.6257619470806617,10.0,1.0
2.186,0.45700740814208984,0.45700740814208984,2.0307693481445312,0.5516458706284301,2.620330369281305,10.0,1.0
2.187,0.45891475677490234,0.45891475677490234,2.1538467407226562,0.5542634787366938,2.6148729298788567,10.0,1.0
2.188,0.46120357513427734,0.46120357513427734,2.3032970428466797,0.5568756164881883,2.609389682736264,10.0,1.0
2.189,0.46349239349365234,0.46349239349365234,2.118680953979492,0.559482258102167,2.6038806819713614,10.0,1.0
2.19,0.46539974212646484,0.46539974212646484,1.9428577423095703,0.5620833778521305,2.5983459819547647,10.0,1.0
2.191,0.46768856048583984,0.46768856048583984,2.127471923828125,0.564678950066076,2.592785637312943,10.0,1.0
2.192,0.46997833251953125,0.46997833251953125,2.364835739135742,0.5672689491267568,2.5871997029236695,10.0,1.0
2.193,0.47226715087890625,0.47226715087890625,2.1890106201171875,0.569853349471924,2.581588233917273,10.0,1.0
2.194,0.47417449951171875,0.47417449951171875,2.048351287841797,0.5724321255945909,2.5759512856770925,10.0,1.0
2.195,0.47646331787109375,0.47646331787109375,2.0923080444335938,0.5750052520432777,2.570288913838283,10.0,1.0
2.196,0.47875213623046875,0.47875213623046875,2.241758346557617,0.577572703422268,2.564601174285656,10.0,1.0
2.197,0.48065948486328125,0.48065948486328125,1.9868125915527344,0.5801344543918496,2.55888812315402,10.0,1.0
2.198,0.48256683349609375,0.48256683349609375,1.960439682006836,0.5826904796685755,2.553149816830114,10.0,1.0
2.199,0.48447418212890625,0.48447418212890625,2.083517074584961,0.5852407540255093,2.5473863119487987,10.0,1.0
2.2,0.48676300048828125,0.48676300048828125,2.294506072998047,0.5877852522924736,2.5415976653920893,10.0,1.0
2.201,0.48905181884765625,0.48905181884765625,2.1098899841308594,0.5903239493562942,2.5357839342928514,10.0,1.0
2.202,0.49095916748046875,0.49095916748046875,2.0219783782958984,0.5928568201610587,2.52994517603031,10.0,1.0
2.203,0.49286651611328125,0.49286651611328125,2.004396438598633,0.5953838397083543,2.524081448230106,10.0,1.0
2.204,0.49515533447265625,0.49515533447265625,2.1010990142822266,0.5979049830575195,2.518192808764411,10.0,1.0
2.205,0.49706268310546875,0.49706268310546875,1.9340667724609375,0.6004202253258838,2.5122793157526644,10.0,1.0
2.206,0.49897003173828125,0.49897003173828125,1.9692306518554688,0.6029295416890242,2.50634102755879,10.0,1.0
2.207,0.5008773803710938,0.5008773803710938,2.0307693481445312,0.6054329073810008,2.500378002790285,10.0,1.0
2.208,0.5031661987304688,0.5031661987304688,2.083517074584961,0.6079302976946054,2.494390300300495,10.0,1.0
2.209,0.5050735473632812,0.5050735473632812,2.004396438598633,0.6104216879816023,2.488377979185657,10.0,1.0
2.21,0.5069808959960938,0.5069808959960938,1.9780216217041016,0.6129070536529762,2.482341098784559,10.0,1.0
2.211,0.5092697143554688,0.5092697143554688,1.9956035614013672,0.615386370179171,2.4762797186788816,10.0,1.0
2.212,0.5111770629882812,0.5111770629882812,1.9692306518554688,0.6178596130903344,2.470193898692173,10.0,1.0
2.213,0.5130844116210938,0.5130844116210938,1.872528076171875,0.6203267579765559,2.4640836988891692,10.0,1.0
2.214,0.5146102905273438,0.5146102905273438,1.8549442291259766,0.6227877804881122,2.4579491795747117,10.0,1.0
2.215,0.5168991088867188,0.5168991088867188,1.960439682006836,0.6252426563357047,2.45179040129392,10.0,1.0
2.216,0.5188064575195312,0.5188064575195312,1.9428577423095703,0.6276913612907006,2.4456074248319055,10.0,1.0
2.217,0.5207138061523438,0.5207138061523438,1.9868125915527344,0.6301338711853691,2.4394003112121823,10.0,1.0
2.218,0.5226211547851562,0.5226211547851562,1.9340667724609375,0.6325701619131243,2.433169121695869,10.0,1.0
2.219,0.5245285034179688,0.5245285034179688,2.004396438598633,0.6350002094287603,2.4269139177825423,10.0,1.0
2.22,0.5264358520507812,0.5264358520507812,1.960439682006836,0.6374239897486899,2.4206347612087598,10.0,1.0
2.221,0.5287246704101562,0.5287246704101562,1.9340667724609375,0.6398414789511785,2.4143317139474902,10.0,1.0
2.222,0.5302505493164062,0.5302505493164062,1.7934074401855469,0.6422526531765843,2.4080048382065797,10.0,1.0
2.223,0.5321588516235352,0.5321588516235352,1.8461532592773438,0.6446574886275911,2.4016541964298312,10.0,1.0
2.224,0.5340662002563477,0.5340662002563477,1.9516487121582031,0.6470559615694446,2.3952798512960385,10.0,1.0
2.225,0.5359735488891602,0.5359735488891602,1.9956035614013672,0.6494480483301838,2.3888818657173942,10.0,1.0
2.226,0.5378808975219727,0.5378808975219727,1.9516487121582031,0.6518337253008788,2.382460302838467,10.0,1.0
2.227,0.5397882461547852,0.5397882461547852,1.9252738952636719,0.6542129689358602,2.37601522603876,10.0,1.0
2.228,0.5416955947875977,0.5416955947875977,1.9428577423095703,0.6565857557529567,2.3695466989281613,10.0,1.0
2.229,0.5439844131469727,0.5439844131469727,1.9076919555664062,0.6589520623337172,2.363054785347856,10.0,1.0
2.23,0.5455102920532227,0.5455102920532227,1.837362289428711,0.6613118653236519,2.3565395493705523,10.0,1.0
2.231,0.5474176406860352,0.5474176406860352,1.7758235931396484,0.6636651414324577,2.350001055299799,10.0,1.0
2.232,0.5493249893188477,0.5493249893188477,1.8637371063232422,0.666011867434252,2.3434393676675427,10.0,1.0
2.233,0.5512323379516602,0.5512323379516602,1.8637371063232422,0.6683520201677934,2.336854551234012,10.0,1.0
2.234,0.5531396865844727,0.5531396865844727,1.9428577423095703,0.6706855765367196,2.3302466709899363,10.0,1.0
2.235,0.5550470352172852,0.5550470352172852,1.8461532592773438,0.6730125135097726,2.3236157921523954,10.0,1.0
2.236,0.5569543838500977,0.5569543838500977,1.8637371063232422,0.6753328081210249,2.316961980164365,10.0,1.0
2.237,0.5588617324829102,0.5588617324829102,1.8813190460205078,0.677646437470102,2.31028530069716,10.0,1.0
2.238,0.5603876113891602,0.5603876113891602,1.8109893798828125,0.6799533787224188,2.3035858196471395,10.0,1.0
2.239,0.5622949600219727,0.5622949600219727,1.6967029571533203,0.6822536091093958,2.296863603134966,10.0,1.0
2.24,0.5638208389282227,0.5638208389282227,1.661539077758789,0.6845471059286893,2.290118717505834,10.0,1.0
2.241,0.5657281875610352,0.5657281875610352,1.8021984100341797,0.686833846544408,2.2833512293296963,10.0,1.0
2.242,0.5672540664672852,0.5672540664672852,1.7934074401855469,0.6891138083873481,2.2765612053992186,10.0,1.0
2.243,0.5691614151000977,0.5691614151000977,1.7758235931396484,0.6913869689552059,2.2697487127281306,10.0,1.0
2.244,0.5710687637329102,0.5710687637329102,1.74945068359375,0.6936533058128049,2.2629138185538977,10.0,1.0
2.245,0.5725946426391602,0.5725946426391602,1.7054939270019531,0.6959127965923142,2.2560565903339693,10.0,1.0
2.246,0.5745019912719727,0.5745019912719727,1.837362289428711,0.6981654189934724,2.24917709574612,10.0,1.0
2.247,0.5760278701782227,0.5760278701782227,1.6527481079101562,0.7004111507838059,2.2422754026882217,10.0,1.0
2.248,0.5779352188110352,0.5779352188110352,1.6000003814697266,0.7026499697988493,2.2353515792774488,10.0,1.0
2.249,0.5794610977172852,0.5794610977172852,1.5472526550292969,0.7048818539423614,2.228405693849254,10.0,1.0
2.25,0.5809869766235352,0.5809869766235352,1.626373291015625,0.7071067811865474,2.221437814956346,10.0,1.0
2.251,0.5828943252563477,0.5828943252563477,1.74945068359375,0.7093247295722735,2.2144480113688587,10.0,1.0
2.2520000000000002,0.5844202041625977,0.5844202041625977,1.6879119873046875,0.7115356772092855,2.2074363520735574,10.0,1.0
2.253,0.5859460830688477,0.5859460830688477,1.626373291015625,0.7137396022764213,2.200402906273041,10.0,1.0
2.254,0.5874719619750977,0.5874719619750977,1.6175823211669922,0.715936483021831,2.1933477433839244,10.0,1.0
2.255,0.5893793106079102,0.5893793106079102,1.6791210174560547,0.7181262977631886,2.1862709330378607,10.0,1.0
2.2560000000000002,0.5912866592407227,0.5912866592407227,1.8021984100341797,0.7203090248879072,2.179172545080405,10.0,1.0
2.257,0.5928125381469727,0.5928125381469727,1.6439552307128906,0.7224846428533499,2.1720526495699346,10.0,1.0
2.258,0.5943393707275391,0.5943393707275391,1.5736255645751953,0.7246531301870466,2.1649113167766245,10.0,1.0
2.259,0.5958652496337891,0.5958652496337891,1.4945049285888672,0.7268144654869026,2.1577486171823352,10.0,1.0
2.2600000000000002,0.5973911285400391,0.5973911285400391,1.5648345947265625,0.7289686274214118,2.150564621480555,10.0,1.0
2.261,0.5992984771728516,0.5992984771728516,1.7582416534423828,0.7311155947298643,2.1433594005743544,10.0,1.0
2.262,0.6008243560791016,0.6008243560791016,1.6879119873046875,0.7332553462225601,2.1361330255759867,10.0,1.0
2.263,0.6023502349853516,0.6023502349853516,1.582418441772461,0.7353878607810158,2.128885567806833,10.0,1.0
2.2640000000000002,0.6038761138916016,0.6038761138916016,1.5736255645751953,0.7375131173581743,2.1216170987967757,10.0,1.0
2.265,0.6057834625244141,0.6057834625244141,1.6087913513183594,0.7396310949786099,2.114327690282778,10.0,1.0
2.266,0.6073093414306641,0.6073093414306641,1.8109893798828125,0.7417417727387393,2.107017414207462,10.0,1.0
2.267,0.6092166900634766,0.6092166900634766,1.6791210174560547,0.7438451298070244,2.099686342721384,10.0,1.0
2.2680000000000002,0.6107425689697266,0.6107425689697266,1.5032958984375,0.7459411454241826,2.092334548178883,10.0,1.0
2.269,0.6118869781494141,0.6118869781494141,1.3890113830566406,0.7480297989033828,2.084962103138537,10.0,1.0
2.27,0.6134128570556641,0.6134128570556641,1.4329662322998047,0.7501110696304591,2.077569080364242,10.0,1.0
2.271,0.6149387359619141,0.6149387359619141,1.6527481079101562,0.7521849370641108,2.0701555528223707,10.0,1.0
2.2720000000000002,0.6168460845947266,0.6168460845947266,1.714284896850586,0.7542513807361043,2.0627215936804646,10.0,1.0
2.273,0.6183719635009766,0.6183719635009766,1.5296707153320312,0.7563103802514723,2.0552672763088253,10.0,1.0
2.274,0.6198978424072266,0.6198978424072266,1.4329662322998047,0.7583619152887215,2.0477926742792647,10.0,1.0
2.275,0.6214237213134766,0.6214237213134766,1.4417591094970703,0.7604059656000305,2.0402978613632854,10.0,1.0
2.2760000000000002,0.6229496002197266,0.6229496002197266,1.5912094116210938,0.7624425110114484,2.0327829115301483,10.0,1.0
2.277,0.6244754791259766,0.6244754791259766,1.661539077758789,0.7644715314230914,2.025247898950795,10.0,1.0
2.278,0.6260013580322266,0.6260013580322266,1.5032958984375,0.7664930068093496,2.0176928979926743,10.0,1.0
2.279,0.6271457672119141,0.6271457672119141,1.336263656616211,0.7685069172190763,2.0101179832196294,10.0,1.0
2.2800000000000002,0.6286716461181641,0.6286716461181641,1.3098907470703125,0.7705132427757893,2.0025232293937734,10.0,1.0
2.281,0.6298160552978516,0.6298160552978516,1.3010997772216797,0.7725119636778643,1.9949087114724193,10.0,1.0
2.282,0.6313419342041016,0.6313419342041016,1.5208797454833984,0.7745030601987336,1.9872745046071714,10.0,1.0
2.283,0.6332492828369141,0.6332492828369141,1.6087913513183594,0.7764865126870782,1.9796206841447201,10.0,1.0
2.2840000000000003,0.6343936920166016,0.6343936920166016,1.4417591094970703,0.7784623015670236,1.9719473256254787,10.0,1.0
2.285,0.6359195709228516,0.6359195709228516,1.3450546264648438,0.7804304073383297,1.9642545047824456,10.0,1.0
2.286,0.6370639801025391,0.6370639801025391,1.3538455963134766,0.782390810576588,1.9565422975402953,10.0,1.0
2.287,0.6385898590087891,0.6385898590087891,1.3186817169189453,0.7843434919334098,1.9488107800153216,10.0,1.0
2.2880000000000003,0.6401157379150391,0.6401157379150391,1.4769229888916016,0.786288432136619,1.9410600285149258,10.0,1.0
2.289,0.6416416168212891,0.6416416168212891,1.538461685180664,0.7882256119904401,1.9332901195358545,10.0,1.0
2.29,0.6427860260009766,0.6427860260009766,1.3626365661621094,0.7901550123756903,1.9255011297636315,10.0,1.0
2.291,0.6443119049072266,0.6443119049072266,1.2835159301757812,0.7920766142499669,1.9176931360725007,10.0,1.0
2.2920000000000003,0.6454563140869141,0.6454563140869141,1.3010997772216797,0.7939903986478356,1.9098662155242891,10.0,1.0
2.293,0.6466007232666016,0.6466007232666016,1.2307701110839844,0.7958963466810159,1.9020204453678957,10.0,1.0
2.294,0.6481266021728516,0.6481266021728516,1.3890113830566406,0.797794439538571,1.894155903037472,10.0,1.0
2.295,0.6496524810791016,0.6496524810791016,1.459341049194336,0.7996846584870905,1.8862726661527631,10.0,1.0
2.2960000000000003,0.6507968902587891,0.6507968902587891,1.3450546264648438,0.8015669848708769,1.8783708125184262,10.0,1.0
2.297,0.6523227691650391,0.6523227691650391,1.3450546264648438,0.8034414001121278,1.8704504201227792,10.0,1.0
2.298,0.6534671783447266,0.6534671783447266,1.3538455963134766,0.805307885711122,1.86251156713638,10.0,1.0
2.299,0.6549930572509766,0.6549930572509766,1.292306900024414,0.8071664232464002,1.8545543319127091,10.0,1.0
2.3000000000000003,0.6561374664306641,0.6561374664306641,1.3978023529052734,0.8090169943749478,1.846578792986577,10.0,1.0
2.301,0.6576642990112305,0.6576642990112305,1.4241752624511719,0.8108595808323737,1.8385850290733288,10.0,1.0
2.302,0.6591901779174805,0.6591901779174805,1.3010997772216797,0.8126941644330941,1.8305731190678216,10.0,1.0
2.303,0.660334587097168,0.660334587097168,1.292306900024414,0.8145207270705089,1.8225431420449922,10.0,1.0
2.3040000000000003,0.6614789962768555,0.6614789962768555,1.2043952941894531,0.8163392507171844,1.814495177257129,10.0,1.0
2.305,0.662623405456543,0.662623405456543,1.1780223846435547,0.8181497174250237,1.8064293041339852,10.0,1.0
2.306,0.664149284362793,0.664149284362793,1.2571430206298828,0.819952109325452,1.7983456022832343,10.0,1.0
2.307,0.6652936935424805,0.6652936935424805,1.2659339904785156,0.8217464086295898,1.7902441514876273,10.0,1.0
2.308,0.666438102722168,0.666438102722168,1.3274726867675781,0.8235325976284269,1.7821250317048793,10.0,1.0
2.309,0.667963981628418,0.667963981628418,1.2307701110839844,0.8253106586929999,1.773988323067158,10.0,1.0
2.31,0.6691083908081055,0.6691083908081055,1.24835205078125,0.8270805742745616,1.7658341058810265,10.0,1.0
2.311,0.670252799987793,0.670252799987793,1.2659339904785156,0.8288423269047616,1.757662460625454,10.0,1.0
2.312,0.6713972091674805,0.6713972091674805,1.1780223846435547,0.8305958991958121,1.749473467950736,10.0,1.0
2.313,0.6729230880737305,0.6729230880737305,1.24835205078125,0.8323412738406634,1.7412672086792327,10.0,1.0
2.314,0.674067497253418,0.674067497253418,1.2219772338867188,0.834078433613171,1.7330437638034368,10.0,1.0
2.315,0.6752119064331055,0.6752119064331055,1.1428565979003906,0.8358073613682699,1.7248032144853482,10.0,1.0
2.316,0.676356315612793,0.676356315612793,1.0989017486572266,0.8375280400421413,1.716545642055678,10.0,1.0
2.317,0.677119255065918,0.677119255065918,1.1164836883544922,0.8392404526523817,1.708271128013564,10.0,1.0
2.318,0.6782636642456055,0.6782636642456055,1.1340656280517578,0.8409445822981689,1.6999797540253212,10.0,1.0
2.319,0.679408073425293,0.679408073425293,1.0637359619140625,0.842640412160432,1.6916716019230762,10.0,1.0
2.32,0.6805524826049805,0.6805524826049805,1.1164836883544922,0.8443279255020147,1.6833467537049387,10.0,1.0
2.321,0.681696891784668,0.681696891784668,1.1164836883544922,0.8460071056678422,1.6750052915340348,10.0,1.0
2.322,0.6828413009643555,0.6828413009643555,1.1692314147949219,0.8476779360850831,1.6666472977372564,10.0,1.0
2.323,0.683985710144043,0.683985710144043,1.1164836883544922,0.8493404002633164,1.6582728548044088,10.0,1.0
2.324,0.6851301193237305,0.6851301193237305,1.1956043243408203,0.8509944817946916,1.6498820453877556,10.0,1.0
2.325,0.686274528503418,0.686274528503418,1.1340656280517578,0.8526401643540923,1.6414749523015644,10.0,1.0
2.326,0.6874189376831055,0.6874189376831055,1.0901107788085938,0.8542774316992952,1.6330516585204577,10.0,1.0
2.327,0.688563346862793,0.688563346862793,1.0549449920654297,0.8559062676711329,1.6246122471786748,10.0,1.0
2.328,0.6897077560424805,0.6897077560424805,1.1164836883544922,0.8575266561936521,1.616156801569673,10.0,1.0
2.329,0.690852165222168,0.690852165222168,1.125274658203125,0.8591385812742726,1.6076854051455598,10.0,1.0
2.33,0.6919965744018555,0.6919965744018555,1.0813179016113281,0.8607420270039436,1.599198141515842,10.0,1.0
2.331,0.6927595138549805,0.6927595138549805,1.0637359619140625,0.8623369775573039,1.5906950944458913,10.0,1.0
2.332,0.693903923034668,0.693903923034668,1.0461540222167969,0.8639234171928352,1.5821763478574553,10.0,1.0
2.333,0.6950483322143555,0.6950483322143555,1.037363052368164,0.8655013302530191,1.573641985827237,10.0,1.0
2.334,0.6958112716674805,0.6958112716674805,0.9406585693359375,0.8670707011644901,1.5650920925862124,10.0,1.0
2.335,0.696955680847168,0.696955680847168,0.9494514465332031,0.8686315144381912,1.556526752517641,10.0,1.0
2.336,0.697718620300293,0.697718620300293,1.002197265625,0.8701837546695251,1.5479460501588278,10.0,1.0
2.337,0.6988630294799805,0.6988630294799805,0.9846153259277344,0.8717274065385091,1.5393500701973721,10.0,1.0
2.338,0.700007438659668,0.700007438659668,1.0197811126708984,0.8732624548099203,1.5307388974717924,10.0,1.0
2.339,0.7011518478393555,0.7011518478393555,1.037363052368164,0.8747888843334524,1.522112616971583,10.0,1.0
2.34,0.7019147872924805,0.7019147872924805,1.1076927185058594,0.8763066800438631,1.5134713138346,10.0,1.0
2.341,0.703059196472168,0.703059196472168,1.0109882354736328,0.8778158269611219,1.5048150733464354,10.0,1.0
2.342,0.703822135925293,0.703822135925293,0.9494514465332031,0.8793163101905564,1.4961439809408716,10.0,1.0
2.343,0.7049665451049805,0.7049665451049805,0.8791217803955078,0.8808081149230033,1.4874581221983476,10.0,1.0
2.344,0.7057294845581055,0.7057294845581055,0.9142856597900391,0.8822912264349528,1.4787575828451622,10.0,1.0
2.345,0.7064924240112305,0.7064924240112305,0.8967037200927734,0.8837656300886938,1.4700424487509167,10.0,1.0
2.346,0.707636833190918,0.707636833190918,0.9758243560791016,0.885231311332455,1.4613128059314135,10.0,1.0
2.347,0.708399772644043,0.708399772644043,0.9406585693359375,0.8866882557005562,1.4525687405447343,10.0,1.0
2.348,0.7095441818237305,0.7095441818237305,0.9758243560791016,0.8881364488135441,1.4438103388907848,10.0,1.0
2.349,0.710688591003418,0.710688591003418,0.9758243560791016,0.8895758763783379,1.4350376874115796,10.0,1.0
2.35,0.711451530456543,0.711451530456543,0.9406585693359375,0.8910065241883677,1.4262508726900478,10.0,1.0
2.351,0.712214469909668,0.712214469909668,0.8439559936523438,0.8924283781237177,1.4174499814480441,10.0,1.0
2.352,0.712977409362793,0.712977409362793,0.7648353576660156,0.8938414241512634,1.40863510054686,10.0,1.0
2.353,0.713740348815918,0.713740348815918,0.8087921142578125,0.8952456483248117,1.3998063169859734,10.0,1.0
2.354,0.714503288269043,0.714503288269043,0.7912082672119141,0.8966410367852358,1.390963717902025,10.0,1.0
2.355,0.7156476974487305,0.7156476974487305,0.8879127502441406,0.8980275757606154,1.3821073905676258,10.0,1.0
2.356,0.7164106369018555,0.7164106369018555,0.8967037200927734,0.8994052515663707,1.3732374223912416,10.0,1.0
2.357,0.717555046081543,0.717555046081543,0.9230766296386719,0.9007740506053982,1.3643539009158872,10.0,1.0
2.358,0.718317985534668,0.718317985534668,0.9846153259277344,0.9021339593682028,1.3554569138183865,10.0,1.0
2.359,0.7194633483886719,0.7194633483886719,0.8879127502441406,0.9034849644330347,1.3465465489084067,10.0,1.0
2.36,0.7202262878417969,0.7202262878417969,0.8879127502441406,0.9048270524660194,1.3376228941274348,10.0,1.0
2.361,0.7209892272949219,0.7209892272949219,0.7912082672119141,0.9061602102212899,1.328686037548664,10.0,1.0
2.362,0.7217521667480469,0.7217521667480469,0.7912082672119141,0.907484424541117,1.3197360673751746,10.0,1.0
2.363,0.7225151062011719,0.7225151062011719,0.8175830841064453,0.90879968235604,1.3107730719394226,10.0,1.0
2.364,0.7232780456542969,0.7232780456542969,0.7824172973632812,0.9101059706849955,1.3017971397025576,10.0,1.0
2.365,0.7240409851074219,0.7240409851074219,0.8263740539550781,0.9114032766354454,1.2928083592535131,10.0,1.0
2.366,0.7248039245605469,0.7248039245605469,0.7912082672119141,0.9126915874035029,1.2838068193080403,10.0,1.0
2.367,0.7259483337402344,0.7259483337402344,0.8263740539550781,0.9139708902740612,1.2747926087074006,10.0,1.0
2.368,0.7267112731933594,0.7267112731933594,0.8351650238037109,0.9152411726209174,1.265765816418309,10.0,1.0
2.369,0.7274742126464844,0.7274742126464844,0.74725341796875,0.9165024219068981,1.25672653153174,10.0,1.0
2.37,0.7282371520996094,0.7282371520996094,0.7736263275146484,0.9177546256839813,1.2476748432617342,10.0,1.0
2.371,0.7290000915527344,0.7290000915527344,0.6857147216796875,0.9189977715934213,1.2386108409444887,10.0,1.0
2.372,0.7293815612792969,0.7293815612792969,0.6329669952392578,0.9202318473658699,1.2295346140385846,10.0,1.0
2.373,0.7301445007324219,0.7301445007324219,0.6593399047851562,0.9214568408214987,1.2204462521223718,10.0,1.0
2.374,0.7309074401855469,0.7309074401855469,0.7120876312255859,0.922672739870115,1.2113458448940833,10.0,1.0
2.375,0.7312889099121094,0.7312889099121094,0.6505489349365234,0.9238795325112865,1.2022334821714935,10.0,1.0
2.376,0.7324333190917969,0.7324333190917969,0.7736263275146484,0.9250772068344577,1.1931092538900998,10.0,1.0
2.3770000000000002,0.7331962585449219,0.7331962585449219,0.7560443878173828,0.9262657510190669,1.183973250101758,10.0,1.0
2.378,0.7339591979980469,0.7339591979980469,0.7560443878173828,0.9274451533346615,1.1748255609751936,10.0,1.0
2.379,0.7347221374511719,0.7347221374511719,0.8263740539550781,0.9286154021410171,1.1656662767949797,10.0,1.0
2.38,0.7354850769042969,0.7354850769042969,0.7736263275146484,0.9297764858882511,1.1564954879593188,10.0,1.0
2.3810000000000002,0.7362480163574219,0.7362480163574219,0.7999992370605469,0.930928393116936,1.1473132849797025,10.0,1.0
2.382,0.7370109558105469,0.7370109558105469,0.7384624481201172,0.9320711124582108,1.1381197584813094,10.0,1.0
2.383,0.7373924255371094,0.7373924255371094,0.6681327819824219,0.9332046326338984,1.1289149992005605,10.0,1.0
2.384,0.7381553649902344,0.7381553649902344,0.6681327819824219,0.9343289424566118,1.1196990979844372,10.0,1.0
2.3850000000000002,0.7389183044433594,0.7389183044433594,0.7120876312255859,0.9354440308298676,1.1104721457900837,10.0,1.0
2.386,0.7396812438964844,0.7396812438964844,0.6593399047851562,0.9365498867481923,1.1012342336840675,10.0,1.0
2.387,0.7404441833496094,0.7404441833496094,0.7208786010742188,0.9376464992972355,1.0919854528409019,10.0,1.0
2.388,0.7412071228027344,0.7412071228027344,0.7208786010742188,0.9387338576538738,1.0827258945419658,10.0,1.0
2.3890000000000002,0.7415885925292969,0.7415885925292969,0.6857147216796875,0.9398119510863197,1.0734556501756742,10.0,1.0
2.39,0.7423515319824219,0.7423515319824219,0.7032966613769531,0.9408807689542255,1.0641748112355458,10.0,1.0
2.391,0.7431144714355469,0.7431144714355469,0.7032966613769531,0.9419403007087905,1.0548834693195204,10.0,1.0
2.392,0.7438774108886719,0.7438774108886719,0.6153850555419922,0.9429905358928643,1.0455817161295045,10.0,1.0
2.3930000000000002,0.7442588806152344,0.7442588806152344,0.6505489349365234,0.9440314641410498,1.0362696434701206,10.0,1.0
2.394,0.7450218200683594,0.7450218200683594,0.5978031158447266,0.9450630751798048,1.0269473432479117,10.0,1.0
2.395,0.7454032897949219,0.7454032897949219,0.5450553894042969,0.9460853588275453,1.017614907469806,10.0,1.0
2.396,0.7461662292480469,0.7461662292480469,0.5362644195556641,0.9470983049947441,1.0082724282432878,10.0,1.0
2.3970000000000002,0.7465476989746094,0.7465476989746094,0.5450553894042969,0.9481019036840321,0.99891999777509,10.0,1.0
2.398,0.7473106384277344,0.7473106384277344,0.5978031158447266,0.9490961449902946,0.9895577083698868,10.0,1.0
2.399,0.7476921081542969,0.7476921081542969,0.5890102386474609,0.9500810191007717,0.9801856524296113,10.0,1.0
2.4,0.7484550476074219,0.7484550476074219,0.5802192687988281,0.9510565162951535,0.9708039224524327,10.0,1.0
2.4010000000000002,0.7488365173339844,0.7488365173339844,0.6329669952392578,0.9520226269456767,0.9614126110325287,10.0,1.0
2.402,0.7495994567871094,0.7495994567871094,0.624176025390625,0.9529793415172189,0.9520118108584938,10.0,1.0
2.403,0.7503623962402344,0.7503623962402344,0.624176025390625,0.9539266505673936,0.9426016147121459,10.0,1.0
2.404,0.7507438659667969,0.7507438659667969,0.6505489349365234,0.954864544746643,0.9331821154682416,10.0,1.0
2.4050000000000002,0.7515068054199219,0.7515068054199219,0.6593399047851562,0.9557930147983302,0.923753406093681,10.0,1.0
2.406,0.7522697448730469,0.7522697448730469,0.5714282989501953,0.9567120515588305,0.9143155796461429,10.0,1.0
2.407,0.7526512145996094,0.7526512145996094,0.6153850555419922,0.9576216459576222,0.9048687292726072,10.0,1.0
2.408,0.7534141540527344,0.7534141540527344,0.5626373291015625,0.9585217890173756,0.8954129482102644,10.0,1.0
2.4090000000000003,0.7537956237792969,0.7537956237792969,0.5186805725097656,0.959412471854043,0.8859483297836732,10.0,1.0
2.41,0.7541770935058594,0.7541770935058594,0.4835166931152344,0.9602936856769432,0.876474967404647,10.0,1.0
2.411,0.7549400329589844,0.7549400329589844,0.46593475341796875,0.961165421788852,0.8669929545713444,10.0,1.0
2.412,0.7553215026855469,0.7553215026855469,0.5098896026611328,0.9620276715860857,0.8575023848678143,10.0,1.0
2.4130000000000003,0.7557029724121094,0.7557029724121094,0.5186805725097656,0.9628804265585877,0.8480033519618928,10.0,1.0
2.414,0.7560844421386719,0.7560844421386719,0.45714378356933594,0.9637236782900098,0.8384959496052034,10.0,1.0
2.415,0.7568473815917969,0.7568473815917969,0.4923076629638672,0.964557418457798,0.8289802716319628,10.0,1.0
2.416,0.7572288513183594,0.7572288513183594,0.5010986328125,0.9653816388332737,0.8194564119584129,10.0,1.0
2.4170000000000003,0.7576103210449219,0.7576103210449219,0.4835166931152344,0.9661963312817149,0.8099244645806039,10.0,1.0
2.418,0.7583732604980469,0.7583732604980469,0.4923076629638672,0.967001487762435,0.8003845235753033,10.0,1.0
2.419,0.7587547302246094,0.7587547302246094,0.47472572326660156,0.9677971003288653,0.790836683098064,10.0,1.0
2.42,0.7591361999511719,0.7591361999511719,0.4923076629638672,0.968583161128631,0.7812810373820298,10.0,1.0
2.4210000000000003,0.7598991394042969,0.7598991394042969,0.5010986328125,0.9693596624036295,0.7717176807373107,10.0,1.0
2.422,0.7602806091308594,0.7602806091308594,0.45714378356933594,0.9701265964901058,0.7621467075508122,10.0,1.0
2.423,0.7606620788574219,0.7606620788574219,0.4395599365234375,0.9708839558187309,0.752568212284018,10.0,1.0
2.424,0.7610435485839844,0.7610435485839844,0.46593475341796875,0.9716317329146738,0.7429822894728204,10.0,1.0
2.4250000000000003,0.7614250183105469,0.7614250183105469,0.4219779968261719,0.9723699203976767,0.7333890337262119,10.0,1.0
2.426,0.7618064880371094,0.7618064880371094,0.40439605712890625,0.9730985109821265,0.7237885397262289,10.0,1.0
2.427,0.7621879577636719,0.7621879577636719,0.3692302703857422,0.9738174974771289,0.7141809022253369,10.0,1.0
2.428,0.7625694274902344,0.7625694274902344,0.3604393005371094,0.974526872786577,0.704566216047283,10.0,1.0
2.4290000000000003,0.7629508972167969,0.7629508972167969,0.378021240234375,0.9752266299092235,0.6949445760851063,10.0,1.0
2.43,0.7633323669433594,0.7633323669433594,0.41318702697753906,0.9759167619387474,0.6853160773006266,10.0,1.0
2.431,0.7637138366699219,0.7637138366699219,0.4219779968261719,0.9765972620638246,0.6756808147230231,10.0,1.0
2.432,0.7640953063964844,0.7640953063964844,0.41318702697753906,0.9772681235681934,0.6660388834486639,10.0,1.0
2.433,0.7644767761230469,0.7644767761230469,0.378021240234375,0.9779293398307217,0.6563903786393439,10.0,1.0
2.434,0.7652397155761719,0.7652397155761719,0.4307689666748047,0.9785809043254722,0.6467353955219437,10.0,1.0
2.435,0.7656211853027344,0.7656211853027344,0.4307689666748047,0.9792228106217657,0.6370740293874064,10.0,1.0
2.436,0.7660026550292969,0.7660026550292969,0.45714378356933594,0.9798550523842469,0.6274063755893735,10.0,1.0
2.437,0.7663841247558594,0.7663841247558594,0.4483509063720703,0.9804776233729443,0.6177325295436162,10.0,1.0
2.438,0.7667655944824219,0.7667655944824219,0.4307689666748047,0.9810905174433341,0.6080525867272399,10.0,1.0
2.439,0.7671470642089844,0.7671470642089844,0.4483509063720703,0.9816937285463989,0.5983666426773198,10.0,1.0
2.44,0.7679100036621094,0.7679100036621094,0.45714378356933594,0.9822872507286886,0.5886747929901048,10.0,1.0
2.441,0.7682914733886719,0.7682914733886719,0.4307689666748047,0.982871078132379,0.5789771333205636,10.0,1.0
2.442,0.7686729431152344,0.7686729431152344,0.39560508728027344,0.9834452049953297,0.5692737593803372,10.0,1.0
2.443,0.7690544128417969,0.7690544128417969,0.3868141174316406,0.9840096256511398,0.5595647669378536,10.0,1.0
2.444,0.7694358825683594,0.7694358825683594,0.39560508728027344,0.9845643345292053,0.5498502518170199,10.0,1.0
2.445,0.7698173522949219,0.7698173522949219,0.34285736083984375,0.9851093261547738,0.5401303098963695,10.0,1.0
2.446,0.7698173522949219,0.7698173522949219,0.3252754211425781,0.9856445951489982,0.5304050371074709,10.0,1.0
2.447,0.7701988220214844,0.7701988220214844,0.29010963439941406,0.9861701362289889,0.5206745294349275,10.0,1.0
2.448,0.7705802917480469,0.7705802917480469,0.2637367248535156,0.9866859442078679,0.510938882915184,10.0,1.0
2.449,0.7709617614746094,0.7709617614746094,0.22857093811035156,0.987192013994819,0.5011981936348775,10.0,1.0
2.45,0.7709617614746094,0.7709617614746094,0.21098899841308594,0.9876883405951378,0.4914525577306108,10.0,1.0
2.451,0.7713432312011719,0.7713432312011719,0.21098899841308594,0.9881749191102804,0.48170207138815613,10.0,1.0
2.452,0.7713432312011719,0.7713432312011719,0.21977996826171875,0.988651744737914,0.4719468308406931,10.0,1.0
2.453,0.7717247009277344,0.7717247009277344,0.23736190795898438,0.9891188127719617,0.46218693236846775,10.0,1.0
2.454,0.7717247009277344,0.7717247009277344,0.21977996826171875,0.989576118602651,0.45242247229782606,10.0,1.0
2.455,0.7721061706542969,0.7721061706542969,0.21977996826171875,0.9900236577165575,0.44265354700013404,10.0,1.0
2.456,0.7724876403808594,0.7724876403808594,0.22857093811035156,0.9904614256966512,0.43288025289058396,10.0,1.0
2.457,0.7724876403808594,0.7724876403808594,0.1846160888671875,0.9908894182223386,0.4231026864276828,10.0,1.0
2.458,0.7728691101074219,0.7728691101074219,0.21098899841308594,0.9913076310695066,0.41332094411205844,10.0,1.0
2.459,0.7728691101074219,0.7728691101074219,0.21977996826171875,0.9917160601105628,0.4035351224856072,10.0,1.0
2.46,0.7732505798339844,0.7732505798339844,0.1846160888671875,0.9921147013144778,0.3937453181304704,10.0,1.0
2.461,0.7732505798339844,0.7732505798339844,0.21977996826171875,0.9925035507468236,0.38395162766795465,10.0,1.0
2.462,0.7736320495605469,0.7736320495605469,0.20219802856445312,0.9928826045698137,0.3741541477578494,10.0,1.0
2.463,0.7736320495605469,0.7736320495605469,0.22857093811035156,0.9932518590423394,0.36435297509740394,10.0,1.0
2.464,0.7740135192871094,0.7740135192871094,0.21098899841308594,0.9936113105200084,0.35454820642013374,10.0,1.0
2.465,0.7743949890136719,0.7743949890136719,0.21098899841308594,0.9939609554551796,0.344739938495195,10.0,1.0
2.466,0.7743949890136719,0.7743949890136719,0.1934070587158203,0.9943007903969989,0.33492826812630483,10.0,1.0
2.467,0.7747764587402344,0.7747764587402344,0.20219802856445312,0.9946308119914323,0.325113292150661,10.0,1.0
2.468,0.7747764587402344,0.7747764587402344,0.1934070587158203,0.9949510169813002,0.3152951074380326,10.0,1.0
2.469,0.7751579284667969,0.7751579284667969,0.1758251190185547,0.9952614022063083,0.3054738108899073,10.0,1.0
2.47,0.7751579284667969,0.7751579284667969,0.16703224182128906,0.99556196460308,0.2956494994385821,10.0,1.0
2.471,0.7751579284667969,0.7751579284667969,0.1758251190185547,0.9958527012051857,0.2858222700462534,10.0,1.0
2.472,0.7755393981933594,0.7755393981933594,0.16703224182128906,0.9961336091431725,0.27599221970336885,10.0,1.0
2.473,0.7755393981933594,0.7755393981933594,0.15824127197265625,0.9964046856445924,0.26615944542862735,10.0,1.0
2.474,0.7759208679199219,0.7759208679199219,0.1318683624267578,0.9966659280340299,0.2563240442677852,10.0,1.0
2.475,0.7759208679199219,0.7759208679199219,0.1318683624267578,0.996917333733128,0.2464861132920646,10.0,1.0
2.476,0.7759208679199219,0.7759208679199219,0.05274772644042969,0.9971589002606139,0.23664574959781248,10.0,1.0
2.477,0.7759208679199219,0.7759208679199219,0.07912063598632812,0.9973906252323236,0.22680305030564796,10.0,1.0
2.478,0.7759208679199219,0.7759208679199219,0.043956756591796875,0.9976125063612252,0.21695811255887065,10.0,1.0
2.479,0.7763023376464844,0.7763023376464844,0.017581939697265625,0.9978245414574415,0.2071110335231765,10.0,1.0
2.48,0.7763023376464844,0.7763023376464844,0.026372909545898438,0.9980267284282716,0.19726191038512297,10.0,1.0
2.481,0.7763023376464844,0.7763023376464844,-0.017581939697265625,0.9982190652782117,0.187410840351788,10.0,1.0
2.482,0.7763023376464844,0.7763023376464844,0.0,0.998401550108975,0.17755792064900788,10.0,1.0
2.483,0.7763023376464844,0.7763023376464844,0.0,0.9985741811195098,0.16770324852120666,10.0,1.0
2.484,0.7763023376464844,0.7763023376464844,-0.026372909545898438,0.9987369566060175,0.1578469212300888,10.0,1.0
2.485,0.7763023376464844,0.7763023376464844,0.008790969848632812,0.9988898749619699,0.14798903605361602,10.0,1.0
2.486,0.7759208679199219,0.7759208679199219,-0.026372909545898438,0.9990329346781247,0.13812969028504085,10.0,1.0
2.487,0.7759208679199219,0.7759208679199219,-0.026372909545898438,0.9991661343425401,0.12826898123228148,10.0,1.0
2.488,0.7759208679199219,0.7759208679199219,-0.017581939697265625,0.9992894726405892,0.11840700621644373,10.0,1.0
2.489,0.7759208679199219,0.7759208679199219,-0.008790969848632812,0.9994029483549729,0.10854386257119586,10.0,1.0
2.49,0.7759208679199219,0.7759208679199219,-0.008790969848632812,0.9995065603657316,0.0986796476417453,10.0,1.0
2.491,0.7759208679199219,0.7759208679199219,-0.017581939697265625,0.9996003076502565,0.08881445878421346,10.0,1.0
2.492,0.7759208679199219,0.7759208679199219,-0.017581939697265625,0.9996841892832999,0.0789483933637598,10.0,1.0
2.493,0.7759208679199219,0.7759208679199219,-0.008790969848632812,0.999758204436984,0.06908154875458195,10.0,1.0
2.494,0.7759208679199219,0.7759208679199219,-0.017581939697265625,0.999822352380809,0.05921402233821027,10.0,1.0
2.495,0.7759208679199219,0.7759208679199219,-0.017581939697265625,0.9998766324816606,0.04934591150356482,10.0,1.0
2.496,0.7759208679199219,0.7759208679199219,-0.017581939697265625,0.9999210442038161,0.0394773136446247,10.0,1.0
2.497,0.7759208679199219,0.7759208679199219,-0.043956756591796875,0.9999555871089498,0.02960832616048492,10.0,1.0
2.498,0.7759208679199219,0.7759208679199219,-0.03516578674316406,0.9999802608561371,0.01973904645416269,10.0,1.0
2.499,0.7759208679199219,0.7759208679199219,-0.043956756591796875,0.9999950652018582,0.009869571931460541,10.0,1.0
2.5,0.7759208679199219,0.7759208679199219,-0.03516578674316406,1.0,0.0,10.0,1.0
2.501,0.7755393981933594,0.7755393981933594,-0.0615386962890625,0.9999950652018582,-0.009869571931460541,10.0,1.0
2.5020000000000002,0.7755393981933594,0.7755393981933594,-0.043956756591796875,0.9999802608561371,-0.019739046454219533,10.0,1.0
2.503,0.7755393981933594,0.7755393981933594,-0.0615386962890625,0.9999555871089498,-0.02960832616048492,10.0,1.0
2.504,0.7755393981933594,0.7755393981933594,-0.05274772644042969,0.9999210442038161,-0.0394773136446247,10.0,1.0
2.505,0.7755393981933594,0.7755393981933594,-0.03516578674316406,0.9998766324816606,-0.04934591150350798,10.0,1.0
2.5060000000000002,0.7755393981933594,0.7755393981933594,-0.0615386962890625,0.999822352380809,-0.059214022338267114,10.0,1.0
2.507,0.7755393981933594,0.7755393981933594,-0.043956756591796875,0.999758204436984,-0.0690815487545251,10.0,1.0
2.508,0.7755393981933594,0.7755393981933594,-0.0615386962890625,0.9996841892832999,-0.0789483933637598,10.0,1.0
2.509,0.7751579284667969,0.7751579284667969,-0.03516578674316406,0.9996003076502565,-0.08881445878421346,10.0,1.0
2.5100000000000002,0.7751579284667969,0.7751579284667969,-0.0615386962890625,0.9995065603657315,-0.09867964764185899,10.0,1.0
2.511,0.7751579284667969,0.7751579284667969,-0.017581939697265625,0.9994029483549729,-0.10854386257113902,10.0,1.0
2.512,0.7751579284667969,0.7751579284667969,-0.043956756591796875,0.9992894726405892,-0.11840700621644373,10.0,1.0
2.513,0.7751579284667969,0.7751579284667969,-0.03516578674316406,0.9991661343425401,-0.12826898123222463,10.0,1.0
2.5140000000000002,0.7751579284667969,0.7751579284667969,-0.017581939697265625,0.9990329346781247,-0.1381296902850977,10.0,1.0
2.515,0.7751579284667969,0.7751579284667969,-0.05274772644042969,0.9988898749619699,-0.14798903605361602,10.0,1.0
2.516,0.7751579284667969,0.7751579284667969,-0.07032966613769531,0.9987369566060175,-0.1578469212300888,10.0,1.0
2.517,0.7751579284667969,0.7751579284667969,-0.043956756591796875,0.9985741811195098,-0.16770324852120666,10.0,1.0
2.5180000000000002,0.7747764587402344,0.7747764587402344,-0.05274772644042969,0.998401550108975,-0.17755792064900788,10.0,1.0
2.519,0.7747764587402344,0.7747764587402344,-0.05274772644042969,0.9982190652782118,-0.187410840351788,10.0,1.0
2.52,0.7747764587402344,0.7747764587402344,-0.07032966613769531,0.9980267284282716,-0.19726191038517982,10.0,1.0
2.521,0.7747764587402344,0.7747764587402344,-0.09670257568359375,0.9978245414574415,-0.20711103352311966,10.0,1.0
2.5220000000000002,0.7747764587402344,0.7747764587402344,-0.08791160583496094,0.9976125063612251,-0.21695811255898434,10.0,1.0
2.523,0.7743949890136719,0.7743949890136719,-0.10549545288085938,0.9973906252323236,-0.22680305030559111,10.0,1.0
2.524,0.7743949890136719,0.7743949890136719,-0.11428642272949219,0.9971589002606139,-0.23664574959775564,10.0,1.0
2.525,0.7743949890136719,0.7743949890136719,-0.14065933227539062,0.9969173337331281,-0.24648611329200776,10.0,1.0
2.5260000000000002,0.7740135192871094,0.7740135192871094,-0.10549545288085938,0.9966659280340299,-0.25632404426784205,10.0,1.0
2.527,0.7740135192871094,0.7740135192871094,-0.123077392578125,0.9964046856445924,-0.26615944542874104,10.0,1.0
2.528,0.7740135192871094,0.7740135192871094,-0.11428642272949219,0.9961336091431725,-0.275992219703312,10.0,1.0
2.529,0.7740135192871094,0.7740135192871094,-0.08791160583496094,0.9958527012051858,-0.28582227004619654,10.0,1.0
2.5300000000000002,0.7736320495605469,0.7736320495605469,-0.09670257568359375,0.99556196460308,-0.2956494994386958,10.0,1.0
2.531,0.7736320495605469,0.7736320495605469,-0.07032966613769531,0.9952614022063083,-0.30547381088996417,10.0,1.0
2.532,0.7736320495605469,0.7736320495605469,-0.0615386962890625,0.9949510169813002,-0.31529510743797573,10.0,1.0
2.533,0.7736320495605469,0.7736320495605469,-0.043956756591796875,0.9946308119914324,-0.3251132921505473,10.0,1.0
2.5340000000000003,0.7736320495605469,0.7736320495605469,-0.05274772644042969,0.9943007903969989,-0.3349282681263617,10.0,1.0
2.535,0.7732505798339844,0.7732505798339844,-0.0615386962890625,0.9939609554551797,-0.3447399384953087,10.0,1.0
2.536,0.7732505798339844,0.7732505798339844,-0.07912063598632812,0.9936113105200084,-0.35454820642013374,10.0,1.0
2.537,0.7732505798339844,0.7732505798339844,-0.0615386962890625,0.9932518590423395,-0.3643529750973471,10.0,1.0
2.5380000000000003,0.7732505798339844,0.7732505798339844,-0.10549545288085938,0.9928826045698136,-0.3741541477578494,10.0,1.0
2.539,0.7732505798339844,0.7732505798339844,-0.07912063598632812,0.9925035507468237,-0.3839516276678978,10.0,1.0
2.54,0.7732505798339844,0.7732505798339844,-0.08791160583496094,0.9921147013144779,-0.3937453181304704,10.0,1.0
2.541,0.7728691101074219,0.7728691101074219,-0.09670257568359375,0.9917160601105629,-0.4035351224856072,10.0,1.0
2.5420000000000003,0.7728691101074219,0.7728691101074219,-0.09670257568359375,0.9913076310695065,-0.4133209441121153,10.0,1.0
2.543,0.7728691101074219,0.7728691101074219,-0.09670257568359375,0.9908894182223387,-0.4231026864276828,10.0,1.0
2.544,0.7728691101074219,0.7728691101074219,-0.08791160583496094,0.9904614256966512,-0.43288025289058396,10.0,1.0
2.545,0.7724876403808594,0.7724876403808594,-0.07912063598632812,0.9900236577165576,-0.44265354700002035,10.0,1.0
2.5460000000000003,0.7724876403808594,0.7724876403808594,-0.07912063598632812,0.9895761186026509,-0.4524224722978829,10.0,1.0
2.547,0.7724876403808594,0.7724876403808594,-0.0615386962890625,0.9891188127719619,-0.4621869323684109,10.0,1.0
2.548,0.7724876403808594,0.7724876403808594,-0.07032966613769531,0.9886517447379142,-0.4719468308406931,10.0,1.0
2.549,0.7724876403808594,0.7724876403808594,-0.07912063598632812,0.9881749191102807,-0.48170207138815613,10.0,1.0
2.5500000000000003,0.7721061706542969,0.7721061706542969,-0.08791160583496094,0.9876883405951377,-0.49145255773066765,10.0,1.0
2.551,0.7721061706542969,0.7721061706542969,-0.08791160583496094,0.9871920139948192,-0.5011981936348775,10.0,1.0
2.552,0.7721061706542969,0.7721061706542969,-0.09670257568359375,0.986685944207868,-0.5109388829152408,10.0,1.0
2.553,0.7717247009277344,0.7717247009277344,-0.14065933227539062,0.9861701362289889,-0.5206745294349275,10.0,1.0
2.5540000000000003,0.7717247009277344,0.7717247009277344,-0.1318683624267578,0.985644595148998,-0.5304050371073572,10.0,1.0
2.555,0.7717247009277344,0.7717247009277344,-0.15824127197265625,0.985109326154774,-0.5401303098963695,10.0,1.0
2.556,0.7713432312011719,0.7713432312011719,-0.14945030212402344,0.9845643345292054,-0.5498502518170767,10.0,1.0
2.557,0.7713432312011719,0.7713432312011719,-0.14065933227539062,0.9840096256511399,-0.5595647669378536,10.0,1.0
2.5580000000000003,0.7713432312011719,0.7713432312011719,-0.15824127197265625,0.9834452049953295,-0.569273759380394,10.0,1.0
2.559,0.7709617614746094,0.7709617614746094,-0.14065933227539062,0.9828710781323791,-0.5789771333205067,10.0,1.0
2.56,0.7709617614746094,0.7709617614746094,-0.1318683624267578,0.9822872507286886,-0.5886747929902185,10.0,1.0
2.561,0.7705802917480469,0.7705802917480469,-0.15824127197265625,0.9816937285463988,-0.5983666426773198,10.0,1.0
2.562,0.7705802917480469,0.7705802917480469,-0.1758251190185547,0.9810905174433341,-0.6080525867271263,10.0,1.0
2.563,0.7701988220214844,0.7701988220214844,-0.1758251190185547,0.9804776233729444,-0.6177325295435594,10.0,1.0
2.564,0.7701988220214844,0.7701988220214844,-0.1846160888671875,0.979855052384247,-0.6274063755893735,10.0,1.0
2.565,0.7701988220214844,0.7701988220214844,-0.20219802856445312,0.9792228106217659,-0.6370740293874633,10.0,1.0
2.566,0.7698173522949219,0.7698173522949219,-0.1846160888671875,0.9785809043254723,-0.6467353955220574,10.0,1.0
2.567,0.7698173522949219,0.7698173522949219,-0.1758251190185547,0.9779293398307216,-0.6563903786394008,10.0,1.0
2.568,0.7694358825683594,0.7694358825683594,-0.20219802856445312,0.9772681235681934,-0.6660388834486639,10.0,1.0
2.569,0.7694358825683594,0.7694358825683594,-0.1846160888671875,0.9765972620638245,-0.6756808147228526,10.0,1.0
2.57,0.7690544128417969,0.7690544128417969,-0.21098899841308594,0.9759167619387478,-0.6853160773004561,10.0,1.0
2.571,0.7686729431152344,0.7686729431152344,-0.21977996826171875,0.9752266299092234,-0.69494457608522,10.0,1.0
2.572,0.7686729431152344,0.7686729431152344,-0.21098899841308594,0.9745268727865772,-0.704566216047283,10.0,1.0
2.573,0.7682914733886719,0.7682914733886719,-0.1846160888671875,0.973817497477129,-0.7141809022253369,10.0,1.0
2.574,0.7682914733886719,0.7682914733886719,-0.1758251190185547,0.9730985109821267,-0.7237885397262289,10.0,1.0
2.575,0.7679100036621094,0.7679100036621094,-0.21098899841308594,0.9723699203976763,-0.7333890337262119,10.0,1.0
2.576,0.7679100036621094,0.7679100036621094,-0.1758251190185547,0.9716317329146742,-0.7429822894725362,10.0,1.0
2.577,0.7675285339355469,0.7675285339355469,-0.21977996826171875,0.9708839558187313,-0.7525682122840749,10.0,1.0
2.578,0.7675285339355469,0.7675285339355469,-0.22857093811035156,0.9701265964901061,-0.7621467075509258,10.0,1.0
2.579,0.7671470642089844,0.7671470642089844,-0.23736190795898438,0.9693596624036293,-0.7717176807374813,10.0,1.0
2.58,0.7667655944824219,0.7667655944824219,-0.23736190795898438,0.9685831611286311,-0.781281037381973,10.0,1.0
2.581,0.7667655944824219,0.7667655944824219,-0.1934070587158203,0.9677971003288655,-0.790836683098064,10.0,1.0
2.582,0.7663841247558594,0.7663841247558594,-0.1934070587158203,0.9670014877624351,-0.8003845235751328,10.0,1.0
2.583,0.7663841247558594,0.7663841247558594,-0.1934070587158203,0.9661963312817149,-0.8099244645804333,10.0,1.0
2.584,0.7660026550292969,0.7660026550292969,-0.1846160888671875,0.9653816388332741,-0.8194564119584129,10.0,1.0
2.585,0.7660026550292969,0.7660026550292969,-0.22857093811035156,0.9645574184577983,-0.8289802716320764,10.0,1.0
2.586,0.7656211853027344,0.7656211853027344,-0.21977996826171875,0.96372367829001,-0.8384959496052602,10.0,1.0
2.587,0.7656211853027344,0.7656211853027344,-0.21098899841308594,0.9628804265585875,-0.8480033519620633,10.0,1.0
2.588,0.7652397155761719,0.7652397155761719,-0.21098899841308594,0.9620276715860858,-0.8575023848678711,10.0,1.0
2.589,0.7648582458496094,0.7648582458496094,-0.21977996826171875,0.9611654217888519,-0.8669929545714581,10.0,1.0
2.59,0.7648582458496094,0.7648582458496094,-0.21098899841308594,0.9602936856769431,-0.8764749674044197,10.0,1.0
2.591,0.7644767761230469,0.7644767761230469,-0.23736190795898438,0.9594124718540429,-0.8859483297834458,10.0,1.0
2.592,0.7644767761230469,0.7644767761230469,-0.21977996826171875,0.9585217890173761,-0.8954129482102644,10.0,1.0
2.593,0.7640953063964844,0.7640953063964844,-0.21098899841308594,0.9576216459576224,-0.9048687292727209,10.0,1.0
2.594,0.7640953063964844,0.7640953063964844,-0.22857093811035156,0.9567120515588308,-0.9143155796461429,10.0,1.0
2.595,0.7637138366699219,0.7637138366699219,-0.24615478515625,0.9557930147983299,-0.9237534060938515,10.0,1.0
2.596,0.7633323669433594,0.7633323669433594,-0.23736190795898438,0.9548645447466428,-0.9331821154682984,10.0,1.0
2.597,0.7633323669433594,0.7633323669433594,-0.23736190795898438,0.9539266505673935,-0.9426016147121459,10.0,1.0
2.598,0.7629508972167969,0.7629508972167969,-0.24615478515625,0.9529793415172187,-0.9520118108582665,10.0,1.0
2.599,0.7625694274902344,0.7625694274902344,-0.22857093811035156,0.9520226269456766,-0.9614126110324719,10.0,1.0
2.6,0.7625694274902344,0.7625694274902344,-0.21977996826171875,0.9510565162951536,-0.9708039224524896,10.0,1.0
2.601,0.7621879577636719,0.7621879577636719,-0.23736190795898438,0.9500810191007719,-0.9801856524295545,10.0,1.0
2.602,0.7621879577636719,0.7621879577636719,-0.2637367248535156,0.9490961449902948,-0.9895577083700005,10.0,1.0
2.603,0.7618064880371094,0.7618064880371094,-0.28131866455078125,0.9481019036840317,-0.9989199977753742,10.0,1.0
2.604,0.7614250183105469,0.7614250183105469,-0.29010963439941406,0.947098304994744,-1.0082724282433446,10.0,1.0
2.605,0.7610435485839844,0.7610435485839844,-0.3252754211425781,0.9460853588275452,-1.017614907469465,10.0,1.0
2.606,0.7606620788574219,0.7606620788574219,-0.35164833068847656,0.9450630751798054,-1.0269473432476843,10.0,1.0
2.607,0.7602806091308594,0.7602806091308594,-0.3692302703857422,0.9440314641410497,-1.0362696434702912,10.0,1.0
2.608,0.7598991394042969,0.7598991394042969,-0.3164844512939453,0.9429905358928645,-1.0455817161295613,10.0,1.0
2.609,0.7598991394042969,0.7598991394042969,-0.3692302703857422,0.9419403007087908,-1.0548834693195204,10.0,1.0
2.61,0.7591361999511719,0.7591361999511719,-0.41318702697753906,0.9408807689542257,-1.0641748112355458,10.0,1.0
2.611,0.7587547302246094,0.7587547302246094,-0.3868141174316406,0.9398119510863193,-1.0734556501755037,10.0,1.0
2.612,0.7583732604980469,0.7583732604980469,-0.3868141174316406,0.9387338576538744,-1.0827258945417952,10.0,1.0
2.613,0.7579917907714844,0.7579917907714844,-0.3692302703857422,0.937646499297236,-1.0919854528409019,10.0,1.0
2.614,0.7576103210449219,0.7576103210449219,-0.378021240234375,0.9365498867481928,-1.101234233684238,10.0,1.0
2.615,0.7572288513183594,0.7572288513183594,-0.3868141174316406,0.9354440308298673,-1.110472145790311,10.0,1.0
2.616,0.7568473815917969,0.7568473815917969,-0.3692302703857422,0.934328942456612,-1.1196990979844372,10.0,1.0
2.617,0.7564659118652344,0.7564659118652344,-0.40439605712890625,0.9332046326338986,-1.1289149992005605,10.0,1.0
2.618,0.7560844421386719,0.7560844421386719,-0.378021240234375,0.9320711124582111,-1.1381197584812526,10.0,1.0
2.619,0.7557029724121094,0.7557029724121094,-0.35164833068847656,0.9309283931169359,-1.1473132849796457,10.0,1.0
2.62,0.7553215026855469,0.7553215026855469,-0.39560508728027344,0.9297764858882517,-1.156495487959262,10.0,1.0
2.621,0.7549400329589844,0.7549400329589844,-0.3604393005371094,0.9286154021410177,-1.1656662767951502,10.0,1.0
2.622,0.7545585632324219,0.7545585632324219,-0.3868141174316406,0.9274451533346617,-1.174825560975421,10.0,1.0
2.623,0.7541770935058594,0.7541770935058594,-0.3604393005371094,0.9262657510190665,-1.183973250101758,10.0,1.0
2.624,0.7541770935058594,0.7541770935058594,-0.35164833068847656,0.9250772068344579,-1.1931092538899861,10.0,1.0
2.625,0.7537956237792969,0.7537956237792969,-0.3868141174316406,0.9238795325112867,-1.202233482171664,10.0,1.0
2.626,0.7534141540527344,0.7534141540527344,-0.3868141174316406,0.9226727398701149,-1.2113458448939127,10.0,1.0
2.6270000000000002,0.7526512145996094,0.7526512145996094,-0.4483509063720703,0.9214568408214986,-1.2204462521220876,10.0,1.0
2.628,0.7522697448730469,0.7522697448730469,-0.4835166931152344,0.9202318473658705,-1.2295346140385846,10.0,1.0
2.629,0.7518882751464844,0.7518882751464844,-0.47472572326660156,0.9189977715934217,-1.2386108409446024,10.0,1.0
2.63,0.7511253356933594,0.7511253356933594,-0.5450553894042969,0.9177546256839815,-1.247674843261791,10.0,1.0
2.6310000000000002,0.7507438659667969,0.7507438659667969,-0.5802192687988281,0.9165024219068977,-1.2567265315319673,10.0,1.0
2.632,0.7503623962402344,0.7503623962402344,-0.5362644195556641,0.9152411726209173,-1.2657658164184227,10.0,1.0
2.633,0.7495994567871094,0.7495994567871094,-0.5362644195556641,0.9139708902740611,-1.2747926087074006,10.0,1.0
2.634,0.7492179870605469,0.7492179870605469,-0.5538463592529297,0.9126915874035028,-1.283806819307756,10.0,1.0
2.6350000000000002,0.7484550476074219,0.7484550476074219,-0.5538463592529297,0.9114032766354453,-1.2928083592533994,10.0,1.0
2.636,0.7480735778808594,0.7480735778808594,-0.5450553894042969,0.9101059706849958,-1.3017971397026713,10.0,1.0
2.637,0.7476921081542969,0.7476921081542969,-0.4835166931152344,0.9087996823560403,-1.3107730719394226,10.0,1.0
2.638,0.7469291687011719,0.7469291687011719,-0.5450553894042969,0.9074844245411172,-1.3197360673751746,10.0,1.0
2.6390000000000002,0.7465476989746094,0.7465476989746094,-0.5186805725097656,0.9061602102212895,-1.3286860375488345,10.0,1.0
2.64,0.7461662292480469,0.7461662292480469,-0.47472572326660156,0.9048270524660192,-1.3376228941276054,10.0,1.0
2.641,0.7454032897949219,0.7454032897949219,-0.45714378356933594,0.9034849644330346,-1.3465465489081225,10.0,1.0
2.642,0.7450218200683594,0.7450218200683594,-0.4835166931152344,0.9021339593682034,-1.3554569138181023,10.0,1.0
2.6430000000000002,0.7446403503417969,0.7446403503417969,-0.5274734497070312,0.9007740506053981,-1.3643539009160008,10.0,1.0
2.644,0.7438774108886719,0.7438774108886719,-0.5450553894042969,0.8994052515663711,-1.3732374223912984,10.0,1.0
2.645,0.7434959411621094,0.7434959411621094,-0.5274734497070312,0.8980275757606158,-1.3821073905676258,10.0,1.0
2.646,0.7427330017089844,0.7427330017089844,-0.6065940856933594,0.8966410367852361,-1.390963717902082,10.0,1.0
2.6470000000000002,0.7423515319824219,0.7423515319824219,-0.6417579650878906,0.8952456483248111,-1.3998063169862007,10.0,1.0
2.648,0.7415885925292969,0.7415885925292969,-0.5978031158447266,0.8938414241512633,-1.4086351005465758,10.0,1.0
2.649,0.7408256530761719,0.7408256530761719,-0.6065940856933594,0.8924283781237183,-1.4174499814475894,10.0,1.0
2.65,0.7404441833496094,0.7404441833496094,-0.6593399047851562,0.8910065241883685,-1.4262508726900478,10.0,1.0
2.6510000000000002,0.7396812438964844,0.7396812438964844,-0.6505489349365234,0.8895758763783378,-1.4350376874118638,10.0,1.0
2.652,0.7392997741699219,0.7392997741699219,-0.5538463592529297,0.8881364488135445,-1.4438103388907848,10.0,1.0
2.653,0.7385368347167969,0.7385368347167969,-0.6417579650878906,0.8866882557005565,-1.4525687405447343,10.0,1.0
2.654,0.7377738952636719,0.7377738952636719,-0.6153850555419922,0.8852313113324554,-1.461312805931243,10.0,1.0
2.6550000000000002,0.7373924255371094,0.7373924255371094,-0.5978031158447266,0.8837656300886936,-1.4700424487507462,10.0,1.0
2.656,0.7366294860839844,0.7366294860839844,-0.6417579650878906,0.8822912264349536,-1.4787575828449349,10.0,1.0
2.657,0.7358665466308594,0.7358665466308594,-0.7120876312255859,0.880808114923004,-1.487458122198575,10.0,1.0
2.658,0.7351036071777344,0.7351036071777344,-0.7208786010742188,0.8793163101905568,-1.4961439809411559,10.0,1.0
2.6590000000000003,0.7343406677246094,0.7343406677246094,-0.7824172973632812,0.8778158269611214,-1.504815073346549,10.0,1.0
2.66,0.7335777282714844,0.7335777282714844,-0.7824172973632812,0.8763066800438634,-1.5134713138344864,10.0,1.0
2.661,0.7328147888183594,0.7328147888183594,-0.7384624481201172,0.8747888843334527,-1.5221126169717536,10.0,1.0
2.662,0.7320518493652344,0.7320518493652344,-0.7296695709228516,0.8732624548099202,-1.5307388974716787,10.0,1.0
2.6630000000000003,0.7312889099121094,0.7312889099121094,-0.7384624481201172,0.871727406538509,-1.5393500701969174,10.0,1.0
2.664,0.7309074401855469,0.7309074401855469,-0.6681327819824219,0.8701837546695259,-1.5479460501588846,10.0,1.0
2.665,0.7301445007324219,0.7301445007324219,-0.6857147216796875,0.8686315144381915,-1.5565267525178683,10.0,1.0
2.666,0.7293815612792969,0.7293815612792969,-0.6417579650878906,0.8670707011644905,-1.5650920925862692,10.0,1.0
2.6670000000000003,0.7290000915527344,0.7290000915527344,-0.6153850555419922,0.8655013302530186,-1.573641985827578,10.0,1.0
2.668,0.7282371520996094,0.7282371520996094,-0.6769237518310547,0.863923417192835,-1.582176347857569,10.0,1.0
2.669,0.7274742126464844,0.7274742126464844,-0.7560443878173828,0.8623369775573038,-1.5906950944458913,10.0,1.0
2.67,0.7267112731933594,0.7267112731933594,-0.7120876312255859,0.8607420270039435,-1.5991981415154441,10.0,1.0
2.6710000000000003,0.7259483337402344,0.7259483337402344,-0.8263740539550781,0.8591385812742723,-1.6076854051454461,10.0,1.0
2.672,0.7251853942871094,0.7251853942871094,-0.7999992370605469,0.8575266561936523,-1.6161568015697299,10.0,1.0
2.673,0.7244224548339844,0.7244224548339844,-0.7824172973632812,0.8559062676711332,-1.624612247178618,10.0,1.0
2.674,0.7236595153808594,0.7236595153808594,-0.7999992370605469,0.8542774316992955,-1.6330516585205714,10.0,1.0
2.6750000000000003,0.7228965759277344,0.7228965759277344,-0.74725341796875,0.8526401643540917,-1.6414749523018486,10.0,1.0
2.676,0.7221336364746094,0.7221336364746094,-0.7824172973632812,0.8509944817946914,-1.6498820453879262,10.0,1.0
2.677,0.7213706970214844,0.7213706970214844,-0.7648353576660156,0.8493404002633163,-1.6582728548038972,10.0,1.0
2.678,0.7202262878417969,0.7202262878417969,-0.7648353576660156,0.8476779360850839,-1.6666472977369153,10.0,1.0
2.6790000000000003,0.7194633483886719,0.7194633483886719,-0.8439559936523438,0.8460071056678421,-1.6750052915342621,10.0,1.0
2.68,0.7186994552612305,0.7186994552612305,-0.9142856597900391,0.8443279255020151,-1.6833467537051092,10.0,1.0
2.681,0.717555046081543,0.717555046081543,-0.9670333862304688,0.8426404121604323,-1.6916716019230762,10.0,1.0
2.682,0.716792106628418,0.716792106628418,-0.9670333862304688,0.8409445822981693,-1.6999797540254349,10.0,1.0
2.6830000000000003,0.716029167175293,0.716029167175293,-0.9054946899414062,0.839240452652381,-1.708271128013962,10.0,1.0
2.684,0.7148847579956055,0.7148847579956055,-0.9142856597900391,0.8375280400421411,-1.71654564205528,10.0,1.0
2.685,0.7141218185424805,0.7141218185424805,-0.8615379333496094,0.8358073613682708,-1.7248032144848366,10.0,1.0
2.686,0.7133588790893555,0.7133588790893555,-0.8703289031982422,0.8340784336131718,-1.7330437638036642,10.0,1.0
2.6870000000000003,0.712214469909668,0.712214469909668,-0.8087921142578125,0.8323412738406631,-1.741267208679517,10.0,1.0
2.688,0.711451530456543,0.711451530456543,-0.8703289031982422,0.8305958991958126,-1.7494734679508497,10.0,1.0
2.689,0.710688591003418,0.710688591003418,-1.0197811126708984,0.8288423269047619,-1.757662460625511,10.0,1.0
2.69,0.7095441818237305,0.7095441818237305,-0.9934062957763672,0.8270805742745619,-1.765834105881197,10.0,1.0
2.691,0.708399772644043,0.708399772644043,-1.037363052368164,0.8253106586929998,-1.7739883230668738,10.0,1.0
2.692,0.707636833190918,0.707636833190918,-1.0109882354736328,0.8235325976284278,-1.7821250317043678,10.0,1.0
2.693,0.7064924240112305,0.7064924240112305,-1.002197265625,0.8217464086295907,-1.7902441514876841,10.0,1.0
2.694,0.7057294845581055,0.7057294845581055,-0.9230766296386719,0.8199521093254528,-1.7983456022835185,10.0,1.0
2.695,0.704585075378418,0.704585075378418,-0.9406585693359375,0.8181497174250241,-1.8064293041343262,10.0,1.0
2.696,0.703822135925293,0.703822135925293,-0.9318675994873047,0.8163392507171837,-1.8144951772572426,10.0,1.0
2.697,0.7026777267456055,0.7026777267456055,-1.0637359619140625,0.8145207270705093,-1.822543142045106,10.0,1.0
2.698,0.701533317565918,0.701533317565918,-1.0461540222167969,0.812694164433094,-1.8305731190681058,10.0,1.0
2.699,0.7003889083862305,0.7003889083862305,-1.1516475677490234,0.8108595808323735,-1.8385850290729309,10.0,1.0
2.7,0.699244499206543,0.699244499206543,-1.0637359619140625,0.8090169943749477,-1.8465787929862927,10.0,1.0
2.701,0.6981000900268555,0.6981000900268555,-1.0813179016113281,0.8071664232464005,-1.8545543319128797,10.0,1.0
2.702,0.6973371505737305,0.6973371505737305,-1.0285720825195312,0.8053078857111223,-1.86251156713638,10.0,1.0
2.703,0.696192741394043,0.696192741394043,-1.0109882354736328,0.8034414001121282,-1.870450420122836,10.0,1.0
2.704,0.6950483322143555,0.6950483322143555,-0.9670333862304688,0.8015669848708762,-1.8783708125187673,10.0,1.0
2.705,0.6942853927612305,0.6942853927612305,-1.0989017486572266,0.7996846584870902,-1.8862726661528768,10.0,1.0
2.706,0.693140983581543,0.693140983581543,-1.0813179016113281,0.7977944395385709,-1.894155903037415,10.0,1.0
2.707,0.6919965744018555,0.6919965744018555,-1.125274658203125,0.7958963466810158,-1.9020204453674978,10.0,1.0
2.708,0.690852165222168,0.690852165222168,-1.125274658203125,0.7939903986478354,-1.9098662155241186,10.0,1.0
2.709,0.6897077560424805,0.6897077560424805,-1.1868133544921875,0.7920766142499672,-1.9176931360725575,10.0,1.0
2.71,0.688563346862793,0.688563346862793,-1.1516475677490234,0.7901550123756906,-1.9255011297635747,10.0,1.0
2.711,0.6874189376831055,0.6874189376831055,-1.0813179016113281,0.7882256119904405,-1.9332901195358545,10.0,1.0
2.712,0.686274528503418,0.686274528503418,-1.1428565979003906,0.7862884321366184,-1.94106002851521,10.0,1.0
2.713,0.6851301193237305,0.6851301193237305,-1.1692314147949219,0.7843434919334097,-1.9488107800149237,10.0,1.0
2.714,0.683985710144043,0.683985710144043,-1.2395610809326172,0.7823908105765889,-1.9565422975397269,10.0,1.0
2.715,0.6828413009643555,0.6828413009643555,-1.1692314147949219,0.7804304073383307,-1.9642545047825593,10.0,1.0
2.716,0.6813154220581055,0.6813154220581055,-1.24835205078125,0.7784623015670233,-1.9719473256258198,10.0,1.0
2.717,0.680171012878418,0.680171012878418,-1.1692314147949219,0.7764865126870787,-1.9796206841448338,10.0,1.0
2.718,0.6790266036987305,0.6790266036987305,-1.1428565979003906,0.774503060198734,-1.9872745046071714,10.0,1.0
2.719,0.677882194519043,0.677882194519043,-1.1340656280517578,0.7725119636778648,-1.9949087114724762,10.0,1.0
2.72,0.6767377853393555,0.6767377853393555,-1.1692314147949219,0.7705132427757886,-2.0025232293936597,10.0,1.0
2.721,0.675593376159668,0.675593376159668,-1.213186264038086,0.7685069172190772,-2.0101179832192315,10.0,1.0
2.722,0.6744489669799805,0.6744489669799805,-1.1868133544921875,0.7664930068093505,-2.0176928979925606,10.0,1.0
2.723,0.6729230880737305,0.6729230880737305,-1.292306900024414,0.7644715314230924,-2.025247898951193,10.0,1.0
2.724,0.671778678894043,0.671778678894043,-1.2835159301757812,0.7624425110114477,-2.032782911530603,10.0,1.0
2.725,0.6706342697143555,0.6706342697143555,-1.2307701110839844,0.7604059656000308,-2.040297861363115,10.0,1.0
2.726,0.669489860534668,0.669489860534668,-1.2835159301757812,0.7583619152887219,-2.047792674279549,10.0,1.0
2.727,0.667963981628418,0.667963981628418,-1.3010997772216797,0.7563103802514721,-2.055267276308598,10.0,1.0
2.728,0.6668195724487305,0.6668195724487305,-1.3098907470703125,0.7542513807361041,-2.062721593679953,10.0,1.0
2.729,0.6652936935424805,0.6652936935424805,-1.3010997772216797,0.7521849370641118,-2.0701555528222,10.0,1.0
2.73,0.664149284362793,0.664149284362793,-1.3186817169189453,0.7501110696304601,-2.077569080364583,10.0,1.0
2.731,0.662623405456543,0.662623405456543,-1.3010997772216797,0.7480297989033832,-2.0849621031389347,10.0,1.0
2.732,0.6614789962768555,0.6614789962768555,-1.2219772338867188,0.7459411454241818,-2.0923345481789966,10.0,1.0
2.733,0.660334587097168,0.660334587097168,-1.24835205078125,0.7438451298070249,-2.0996863427215544,10.0,1.0
2.734,0.658808708190918,0.658808708190918,-1.3274726867675781,0.7417417727387391,-2.1070174142077462,10.0,1.0
2.735,0.6576642990112305,0.6576642990112305,-1.3538455963134766,0.7396310949786098,-2.114327690282323,10.0,1.0
2.736,0.6561374664306641,0.6561374664306641,-1.415384292602539,0.737513117358174,-2.121617098796662,10.0,1.0
2.737,0.6546115875244141,0.6546115875244141,-1.4417591094970703,0.7353878607810161,-2.1288855678070036,10.0,1.0
2.738,0.6534671783447266,0.6534671783447266,-1.3186817169189453,0.7332553462225605,-2.1361330255759867,10.0,1.0
2.739,0.6519412994384766,0.6519412994384766,-1.3450546264648438,0.7311155947298646,-2.143359400574468,10.0,1.0
2.74,0.6507968902587891,0.6507968902587891,-1.3978023529052734,0.728968627421411,-2.150564621480896,10.0,1.0
2.741,0.6492710113525391,0.6492710113525391,-1.4065933227539062,0.7268144654869024,-2.1577486171825058,10.0,1.0
2.742,0.6477451324462891,0.6477451324462891,-1.4417591094970703,0.7246531301870465,-2.1649113167766245,10.0,1.0
2.743,0.6462192535400391,0.6462192535400391,-1.4329662322998047,0.7224846428533497,-2.1720526495695367,10.0,1.0
2.744,0.6450748443603516,0.6450748443603516,-1.2747249603271484,0.7203090248879069,-2.179172545080064,10.0,1.0
2.745,0.6439304351806641,0.6439304351806641,-1.336263656616211,0.718126297763189,-2.1862709330379744,10.0,1.0
2.746,0.6424045562744141,0.6424045562744141,-1.4505500793457031,0.7159364830218314,-2.1933477433838675,10.0,1.0
2.747,0.6408786773681641,0.6408786773681641,-1.5032958984375,0.7137396022764217,-2.200402906273098,10.0,1.0
2.748,0.6393527984619141,0.6393527984619141,-1.6175823211669922,0.7115356772092847,-2.207436352074012,10.0,1.0
2.749,0.6378269195556641,0.6378269195556641,-1.5032958984375,0.7093247295722733,-2.214448011368404,10.0,1.0
2.75,0.6363010406494141,0.6363010406494141,-1.3802204132080078,0.7071067811865483,-2.2214378149556637,10.0,1.0
2.751,0.6347751617431641,0.6347751617431641,-1.4065933227539062,0.7048818539423625,-2.228405693849311,10.0,1.0
2.7520000000000002,0.6332492828369141,0.6332492828369141,-1.5472526550292969,0.7026499697988491,-2.2353515792778467,10.0,1.0
2.753,0.6317234039306641,0.6317234039306641,-1.6791210174560547,0.7004111507838063,-2.2422754026883354,10.0,1.0
2.754,0.6301975250244141,0.6301975250244141,-1.626373291015625,0.6981654189934728,-2.24917709574612,10.0,1.0
2.755,0.6286716461181641,0.6286716461181641,-1.415384292602539,0.6959127965923146,-2.256056590334026,10.0,1.0
2.7560000000000002,0.6271457672119141,0.6271457672119141,-1.3890113830566406,0.6936533058128042,-2.2629138185535567,10.0,1.0
2.757,0.6260013580322266,0.6260013580322266,-1.4769229888916016,0.691386968955207,-2.2697487127277327,10.0,1.0
2.758,0.6240940093994141,0.6240940093994141,-1.626373291015625,0.6891138083873493,-2.2765612053992186,10.0,1.0
2.759,0.6225681304931641,0.6225681304931641,-1.74945068359375,0.6868338465444092,-2.283351229330151,10.0,1.0
2.7600000000000002,0.6206607818603516,0.6206607818603516,-1.6087913513183594,0.6845471059286884,-2.290118717506175,10.0,1.0
2.761,0.6191349029541016,0.6191349029541016,-1.5120887756347656,0.6822536091093963,-2.2968636031348524,10.0,1.0
2.762,0.6179904937744141,0.6179904937744141,-1.5032958984375,0.6799533787224192,-2.3035858196471395,10.0,1.0
2.763,0.6160831451416016,0.6160831451416016,-1.626373291015625,0.6776464374701024,-2.3102853006970463,10.0,1.0
2.7640000000000002,0.6145572662353516,0.6145572662353516,-1.7758235931396484,0.6753328081210247,-2.3169619801641375,10.0,1.0
2.765,0.6126499176025391,0.6126499176025391,-1.6439552307128906,0.6730125135097738,-2.3236157921522818,10.0,1.0
2.766,0.6115055084228516,0.6115055084228516,-1.4417591094970703,0.6706855765367207,-2.3302466709902205,10.0,1.0
2.767,0.6099796295166016,0.6099796295166016,-1.4769229888916016,0.6683520201677938,-2.33685455123441,10.0,1.0
2.7680000000000002,0.6080722808837891,0.6080722808837891,-1.626373291015625,0.6660118674342512,-2.3434393676675427,10.0,1.0
2.769,0.6065464019775391,0.6065464019775391,-1.8549442291259766,0.6636651414324582,-2.3500010553000266,10.0,1.0
2.77,0.6046390533447266,0.6046390533447266,-1.8021984100341797,0.6613118653236517,-2.3565395493709502,10.0,1.0
2.771,0.6031131744384766,0.6031131744384766,-1.5912094116210938,0.658952062333717,-2.363054785347231,10.0,1.0
2.7720000000000002,0.6012058258056641,0.6012058258056641,-1.6175823211669922,0.6565857557529566,-2.369546698927593,10.0,1.0
2.773,0.5996799468994141,0.5996799468994141,-1.714284896850586,0.6542129689358613,-2.3760152260389305,10.0,1.0
2.774,0.5977725982666016,0.5977725982666016,-1.837362289428711,0.6518337253008792,-2.3824603028388083,10.0,1.0
2.775,0.5962467193603516,0.5962467193603516,-1.7230777740478516,0.6494480483301842,-2.388881865717451,10.0,1.0
2.7760000000000002,0.5943393707275391,0.5943393707275391,-1.6000003814697266,0.6470559615694437,-2.3952798512964364,10.0,1.0
2.777,0.5928125381469727,0.5928125381469727,-1.6703300476074219,0.6446574886275909,-2.4016541964300586,10.0,1.0
2.778,0.5909051895141602,0.5909051895141602,-1.8021984100341797,0.6422526531765841,-2.4080048382065797,10.0,1.0
2.779,0.5889978408813477,0.5889978408813477,-1.916482925415039,0.6398414789511783,-2.414331713946865,10.0,1.0
2.7800000000000002,0.5874719619750977,0.5874719619750977,-1.74945068359375,0.6374239897486897,-2.4206347612085324,10.0,1.0
2.781,0.5855646133422852,0.5855646133422852,-1.7054939270019531,0.6350002094287608,-2.4269139177827697,10.0,1.0
2.782,0.5840387344360352,0.5840387344360352,-1.7758235931396484,0.6325701619131248,-2.433169121695869,10.0,1.0
2.783,0.5821313858032227,0.5821313858032227,-1.916482925415039,0.6301338711853696,-2.439400311212239,10.0,1.0
2.7840000000000003,0.5802240371704102,0.5802240371704102,-1.8197803497314453,0.6276913612906997,-2.4456074248323034,10.0,1.0
2.785,0.5783166885375977,0.5783166885375977,-1.661539077758789,0.6252426563357045,-2.4517904012940903,10.0,1.0
2.786,0.5767908096313477,0.5767908096313477,-1.7318687438964844,0.622787780488112,-2.4579491795739727,10.0,1.0
2.787,0.5748834609985352,0.5748834609985352,-1.7934074401855469,0.6203267579765571,-2.4640836988886576,10.0,1.0
2.7880000000000003,0.5729761123657227,0.5729761123657227,-1.9252738952636719,0.6178596130903342,-2.470193898692628,10.0,1.0
2.789,0.5710687637329102,0.5710687637329102,-1.8461532592773438,0.6153863701791714,-2.476279718679052,10.0,1.0
2.79,0.5695428848266602,0.5695428848266602,-1.8285713195800781,0.6129070536529766,-2.482341098784559,10.0,1.0
2.791,0.5672540664672852,0.5672540664672852,-1.8549442291259766,0.6104216879816028,-2.4883779791858274,10.0,1.0
2.7920000000000003,0.5657281875610352,0.5657281875610352,-1.8813190460205078,0.6079302976946044,-2.4943903003001537,10.0,1.0
2.793,0.5638208389282227,0.5638208389282227,-1.8637371063232422,0.605432907381002,-2.5003780027897164,10.0,1.0
2.794,0.5619134902954102,0.5619134902954102,-1.7054939270019531,0.6029295416890255,-2.506341027558733,10.0,1.0
2.795,0.5603876113891602,0.5603876113891602,-1.7758235931396484,0.600420225325885,-2.512279315753119,10.0,1.0
2.7960000000000003,0.5584802627563477,0.5584802627563477,-1.872528076171875,0.5979049830575185,-2.5181928087648657,10.0,1.0
2.797,0.5565729141235352,0.5565729141235352,-1.9076919555664062,0.5953838397083547,-2.524081448229879,10.0,1.0
2.798,0.5546655654907227,0.5546655654907227,-1.8901100158691406,0.5928568201610592,-2.52994517603031,10.0,1.0
2.799,0.5527582168579102,0.5527582168579102,-1.9340667724609375,0.5903239493562946,-2.535783934292624,10.0,1.0
2.8000000000000003,0.5504693984985352,0.5504693984985352,-1.9780216217041016,0.5877852522924734,-2.541597665391805,10.0,1.0
2.801,0.5489435195922852,0.5489435195922852,-1.9252738952636719,0.5852407540255106,-2.547386311948628,10.0,1.0
2.802,0.5466547012329102,0.5466547012329102,-1.8813190460205078,0.5826904796685767,-2.553149816830455,10.0,1.0
2.803,0.5451288223266602,0.5451288223266602,-1.837362289428711,0.5801344543918502,-2.5588881231545315,10.0,1.0
2.8040000000000003,0.5428400039672852,0.5428400039672852,-1.9868125915527344,0.5775727034222671,-2.564601174285656,10.0,1.0
2.805,0.5409326553344727,0.5409326553344727,-2.0219783782958984,0.5750052520432782,-2.5702889138385103,10.0,1.0
2.806,0.5390253067016602,0.5390253067016602,-2.0307693481445312,0.5724321255945907,-2.5759512856775473,10.0,1.0
2.807,0.5371179580688477,0.5371179580688477,-1.960439682006836,0.5698533494719237,-2.5815882339167615,10.0,1.0
2.8080000000000003,0.5348291397094727,0.5348291397094727,-2.145054817199707,0.5672689491267566,-2.5871997029229306,10.0,1.0
2.809,0.5329217910766602,0.5329217910766602,-2.065934181213379,0.5646789500660774,-2.5927856373131135,10.0,1.0
2.81,0.5306320190429688,0.5306320190429688,-2.048351287841797,0.562083377852131,-2.5983459819551626,10.0,1.0
2.811,0.5287246704101562,0.5287246704101562,-1.9076919555664062,0.5594822581021676,-2.603880681971532,10.0,1.0
2.8120000000000003,0.5268173217773438,0.5268173217773438,-2.039560317993164,0.5568756164881873,-2.609389682736719,10.0,1.0
2.813,0.5249099731445312,0.5249099731445312,-2.1098899841308594,0.5542634787366936,-2.614872929879027,10.0,1.0
2.814,0.5226211547851562,0.5226211547851562,-2.162637710571289,0.5516458706284298,-2.620330369281362,10.0,1.0
2.815,0.5207138061523438,0.5207138061523438,-2.048351287841797,0.5490228179981315,-2.6257619470799796,10.0,1.0
2.816,0.5184249877929688,0.5184249877929688,-2.1274728775024414,0.5463943467342705,-2.6311676096690917,10.0,1.0
2.817,0.5165176391601562,0.5165176391601562,-2.1098899841308594,0.5437604827787926,-2.6365473036968297,10.0,1.0
2.818,0.5142288208007812,0.5142288208007812,-2.145054817199707,0.5411212521268761,-2.6419009760662675,10.0,1.0
2.819,0.5123214721679688,0.5123214721679688,-1.9428577423095703,0.5384766808266607,-2.647228573939742,10.0,1.0
2.82,0.5104141235351562,0.5104141235351562,-2.0923080444335938,0.5358267949789972,-2.652530044736068,10.0,1.0
2.821,0.5081253051757812,0.5081253051757812,-2.145054817199707,0.5331716207371879,-2.6578053361315597,10.0,1.0
2.822,0.5058364868164062,0.5058364868164062,-2.118680953979492,0.5305111843067335,-2.663054396060545,10.0,1.0
2.823,0.5039291381835938,0.5039291381835938,-2.0835161209106445,0.5278455119450675,-2.6682771727186037,10.0,1.0
2.824,0.5016403198242188,0.5016403198242188,-2.2153844833374023,0.5251746299612969,-2.6734736145589864,10.0,1.0
2.825,0.49935150146484375,0.49935150146484375,-2.136263847351074,0.5224985647159488,-2.678643670293411,10.0,1.0
2.826,0.49744415283203125,0.49744415283203125,-2.0923080444335938,0.5198173426207096,-2.683787288895985,10.0,1.0
2.827,0.49553680419921875,0.49553680419921875,-2.0219783782958984,0.5171309901381574,-2.688904419601613,10.0,1.0
2.828,0.49324798583984375,0.49324798583984375,-2.15384578704834,0.5144395337815069,-2.6939950119063667,10.0,1.0
2.829,0.49134063720703125,0.49134063720703125,-2.1010990142822266,0.511743000114344,-2.6990590155670873,10.0,1.0
2.83,0.48905181884765625,0.48905181884765625,-2.0923080444335938,0.5090414157503721,-2.7040963806055345,10.0,1.0
2.831,0.48676300048828125,0.48676300048828125,-2.15384578704834,0.5063348073531335,-2.7091070573054026,10.0,1.0
2.832,0.48447418212890625,0.48447418212890625,-2.3912086486816406,0.5036232016357619,-2.7140909962116098,10.0,1.0
2.833,0.48218536376953125,0.48218536376953125,-2.145054817199707,0.5009066253607096,-2.7190481481353004,10.0,1.0
2.834,0.48027801513671875,0.48027801513671875,-2.039560317993164,0.49818510533949073,-2.7239784641513154,10.0,1.0
2.835,0.47837066650390625,0.47837066650390625,-2.1274728775024414,0.4954586684324076,-2.7288818955997556,10.0,1.0
2.836,0.47570037841796875,0.47570037841796875,-2.3120880126953125,0.4927273415482918,-2.7337583940849868,10.0,1.0
2.837,0.47379302978515625,0.47379302978515625,-2.2153844833374023,0.489991151644237,-2.738607911479164,10.0,1.0
2.838,0.47150421142578125,0.47150421142578125,-2.118680953979492,0.4872501257253329,-2.743430399919447,10.0,1.0
2.839,0.46921539306640625,0.46921539306640625,-2.356043815612793,0.4845042908443987,-2.748225811808652,10.0,1.0
2.84,0.46654415130615234,0.46654415130615234,-2.4263734817504883,0.4817536741017162,-2.75299409981875,10.0,1.0
2.841,0.46463680267333984,0.46463680267333984,-2.145054817199707,0.47899830264476057,-2.7577352168883635,10.0,1.0
2.842,0.46234798431396484,0.46234798431396484,-2.1098899841308594,0.47623820366793884,-2.7624491162245874,10.0,1.0
2.843,0.46005916595458984,0.46005916595458984,-2.461538314819336,0.473473404412312,-2.767135751303414,10.0,1.0
2.844,0.45738887786865234,0.45738887786865234,-2.4175825119018555,0.47070393216533263,-2.7717950758688517,10.0,1.0
2.845,0.45548152923583984,0.45548152923583984,-2.224175453186035,0.4679298142605736,-2.7764270439366214,10.0,1.0
2.846,0.45319271087646484,0.45319271087646484,-2.382417678833008,0.46515107807745876,-2.7810316097909435,10.0,1.0
2.847,0.45052242279052734,0.45052242279052734,-2.567032814025879,0.46236775104099237,-2.785608727985391,10.0,1.0
2.848,0.44823360443115234,0.44823360443115234,-2.241758346557617,0.4595798606214886,-2.790158353346442,10.0,1.0
2.849,0.44594478607177734,0.44594478607177734,-2.15384578704834,0.45678743433429886,-2.7946804409708363,10.0,1.0
2.85,0.44365596771240234,0.44365596771240234,-2.479121208190918,0.4539904997395463,-2.7991749462273674,10.0,1.0
2.851,0.44098567962646484,0.44098567962646484,-2.452747344970703,0.45118908444184475,-2.803641824756596,10.0,1.0
2.852,0.43907833099365234,0.43907833099365234,-2.2153844833374023,0.44838321609003373,-2.808081032473865,10.0,1.0
2.853,0.43640804290771484,0.43640804290771484,-2.382417678833008,0.44557292237689633,-2.8124925255656876,10.0,1.0
2.854,0.43373775482177734,0.43373775482177734,-2.646153450012207,0.4427582310389018,-2.816876260490716,10.0,1.0
2.855,0.43183040618896484,0.43183040618896484,-2.2153844833374023,0.4399391698559155,-2.821232193984457,10.0,1.0
2.856,0.42954158782958984,0.42954158782958984,-2.1274728775024414,0.4371157666509335,-2.8255602830555517,10.0,1.0
2.857,0.42725276947021484,0.42725276947021484,-2.4703292846679688,0.43428804928980375,-2.8298604849873072,10.0,1.0
2.858,0.42458248138427734,0.42458248138427734,-2.5054941177368164,0.4314560456809583,-2.8341327573374713,10.0,1.0
2.859,0.42229366302490234,0.42229366302490234,-2.2153844833374023,0.42861978377512944,-2.8383770579424947,10.0,1.0
2.86,0.42000484466552734,0.42000484466552734,-2.373626708984375,0.42577929156507394,-2.842593344912842,10.0,1.0
2.861,0.41733455657958984,0.41733455657958984,-2.663736343383789,0.4229345970853031,-2.8467815766335036,10.0,1.0
2.862,0.41504573822021484,0.41504573822021484,-2.3120880126953125,0.4200857284118063,-2.85094171176911,10.0,1.0
2.863,0.41275691986083984,0.41275691986083984,-2.1274728775024414,0.4172327136617655,-2.8550737092612053,10.0,1.0
2.864,0.41046810150146484,0.41046810150146484,-2.435164451599121,0.41437558099328453,-2.8591775283285585,10.0,1.0
2.865,0.40779781341552734,0.40779781341552734,-2.5494508743286133,0.4115143586051077,-2.8632531284670506,10.0,1.0
2.866,0.40550804138183594,0.40550804138183594,-2.3120880126953125,0.4086490747363498,-2.8673004694537383,10.0,1.0
2.867,0.40321922302246094,0.40321922302246094,-2.329669952392578,0.4057797576662009,-2.8713195113433585,10.0,1.0
2.868,0.40054893493652344,0.40054893493652344,-2.6021976470947266,0.40290643571366375,-2.875310214467902,10.0,1.0
2.869,0.39826011657714844,0.39826011657714844,-2.4263734817504883,0.4000291372372644,-2.8792725394413026,10.0,1.0
2.87,0.39597129821777344,0.39597129821777344,-2.241758346557617,0.39714789063478045,-2.883206447157022,10.0,1.0
2.871,0.39368247985839844,0.39368247985839844,-2.487912178039551,0.394262724342951,-2.887111898789243,10.0,1.0
2.872,0.39101219177246094,0.39101219177246094,-2.5934066772460938,0.3913736668372026,-2.8909888557919317,10.0,1.0
2.873,0.38834190368652344,0.38834190368652344,-2.364834785461426,0.38848074663136645,-2.894837279902447,10.0,1.0
2.874,0.38605308532714844,0.38605308532714844,-2.487912178039551,0.3855839922773971,-2.8986571331383004,10.0,1.0
2.875,0.38338279724121094,0.38338279724121094,-2.690110206604004,0.3826834323650905,-2.9024483777978674,10.0,1.0
2.876,0.38109397888183594,0.38109397888183594,-2.452747344970703,0.379779095521802,-2.9062109764638535,10.0,1.0
2.8770000000000002,0.37842369079589844,0.37842369079589844,-2.3384618759155273,0.37687101041216214,-2.9099448920006523,10.0,1.0
2.878,0.37613487243652344,0.37613487243652344,-2.646153450012207,0.37395920573780006,-2.9136500875559648,10.0,1.0
2.879,0.37308311462402344,0.37308311462402344,-2.567032814025879,0.37104371023705085,-2.917326526561368,10.0,1.0
2.88,0.37079429626464844,0.37079429626464844,-2.435164451599121,0.368124552684678,-2.9209741727310927,10.0,1.0
2.8810000000000002,0.36812400817871094,0.36812400817871094,-2.795604705810547,0.365201761891588,-2.924592990065605,10.0,1.0
2.882,0.36545372009277344,0.36545372009277344,-2.567032814025879,0.3622753667045461,-2.928182942848707,10.0,1.0
2.883,0.36316490173339844,0.36316490173339844,-2.329669952392578,0.3593453960058912,-2.9317439956476505,10.0,1.0
2.884,0.36049461364746094,0.36049461364746094,-2.6285715103149414,0.3564118787132514,-2.9352761133170873,10.0,1.0
2.8850000000000002,0.35782432556152344,0.35782432556152344,-2.6813182830810547,0.35347484377925636,-2.9387792609961423,10.0,1.0
2.886,0.35515403747558594,0.35515403747558594,-2.487912178039551,0.35053432019125846,-2.942253404110204,10.0,1.0
2.887,0.35248374938964844,0.35248374938964844,-2.6197805404663086,0.34759033697103664,-2.945698508371123,10.0,1.0
2.888,0.35019493103027344,0.35019493103027344,-2.7252750396728516,0.34464292317451684,-2.949114539776332,10.0,1.0
2.8890000000000002,0.34752464294433594,0.34752464294433594,-2.5230770111083984,0.3416921078914833,-2.952501464612311,10.0,1.0
2.89,0.34523582458496094,0.34523582458496094,-2.4439563751220703,0.33873792024529153,-2.9558592494514926,10.0,1.0
2.891,0.34256458282470703,0.34256458282470703,-2.6021976470947266,0.335780389392581,-2.959187861152486,10.0,1.0
2.892,0.33989429473876953,0.33989429473876953,-2.6549453735351562,0.3328195445229872,-2.962487266864173,10.0,1.0
2.8930000000000002,0.33722400665283203,0.33722400665283203,-2.558241844177246,0.32985541485885195,-2.9657574340224357,10.0,1.0
2.894,0.33455371856689453,0.33455371856689453,-2.6989011764526367,0.3268880296549417,-2.96899833035107,10.0,1.0
2.895,0.33188343048095703,0.33188343048095703,-2.637362480163574,0.3239174181981505,-2.9722099238657904,10.0,1.0
2.896,0.32921314239501953,0.32921314239501953,-2.5494508743286133,0.32094360980721076,-2.975392182869541,10.0,1.0
2.8970000000000002,0.32692432403564453,0.32692432403564453,-2.5934066772460938,0.31796663383241075,-2.978545075952667,10.0,1.0
2.898,0.32425403594970703,0.32425403594970703,-2.646153450012207,0.3149865196553048,-2.981668571998199,10.0,1.0
2.899,0.32158374786376953,0.32158374786376953,-2.6549453735351562,0.31200329668841503,-2.9847626401788148,10.0,1.0
2.9,0.31853199005126953,0.31853199005126953,-2.690110206604004,0.3090169943749478,-2.9878272499574052,10.0,1.0
2.9010000000000002,0.31624317169189453,0.31624317169189453,-2.6989011764526367,0.30602764218849954,-2.9908623710862514,10.0,1.0
2.902,0.31319141387939453,0.31319141387939453,-2.6021976470947266,0.30303526963277466,-2.993867973611543,10.0,1.0
2.903,0.31090259552001953,0.31090259552001953,-2.5142860412597656,0.30003990624127713,-2.996844027869656,10.0,1.0
2.904,0.30823230743408203,0.30823230743408203,-2.6813182830810547,0.297041581577036,-2.999790504486441,10.0,1.0
2.9050000000000002,0.30556201934814453,0.30556201934814453,-2.8307695388793945,0.29404032523230356,-3.0027073743818278,10.0,1.0
2.906,0.30289173126220703,0.30289173126220703,-2.646153450012207,0.2910361668282716,-3.005594608767524,10.0,1.0
2.907,0.30022144317626953,0.30022144317626953,-2.760439872741699,0.28802913601476915,-3.0084521791480086,10.0,1.0
2.908,0.29716968536376953,0.29716968536376953,-2.7868127822875977,0.2850192624699763,-3.011280057319368,10.0,1.0
2.9090000000000003,0.29488086700439453,0.29488086700439453,-2.5054941177368164,0.28200657590012973,-3.0140782153729333,10.0,1.0
2.91,0.29182910919189453,0.29182910919189453,-2.769230842590332,0.2789911060392298,-3.016846625691983,10.0,1.0
2.911,0.28915882110595703,0.28915882110595703,-2.953845977783203,0.2759728826487464,-3.0195852609521694,10.0,1.0
2.912,0.28648853302001953,0.28648853302001953,-2.5494508743286133,0.2729519355173261,-3.0222940941249874,10.0,1.0
2.9130000000000003,0.28381824493408203,0.28381824493408203,-2.742856979370117,0.2699282944604957,-3.024973098475158,10.0,1.0
2.914,0.2807655334472656,0.2807655334472656,-2.971428871154785,0.2669019893203751,-3.027622247561851,10.0,1.0
2.915,0.2784767150878906,0.2784767150878906,-2.452747344970703,0.26387304996537264,-3.030241515239453,10.0,1.0
2.916,0.2758064270019531,0.2758064270019531,-2.6285715103149414,0.2608415062898969,-3.032830875655975,10.0,1.0
2.9170000000000003,0.2727546691894531,0.2727546691894531,-2.989010810852051,0.25780738821405996,-3.035390303256861,10.0,1.0
2.918,0.2700843811035156,0.2700843811035156,-2.6285715103149414,0.2547707256833825,-3.0379197727814926,10.0,1.0
2.919,0.2674140930175781,0.2674140930175781,-2.7252750396728516,0.2517315486684976,-3.040419259263828,10.0,1.0
2.92,0.2643623352050781,0.2643623352050781,-2.9978017807006836,0.2486898871648555,-3.0428887380356997,10.0,1.0
2.9210000000000003,0.2620735168457031,0.2620735168457031,-2.4967031478881836,0.2456457711924255,-3.0453281847240277,10.0,1.0
2.922,0.2590217590332031,0.2590217590332031,-2.584615707397461,0.24259923079540677,-3.0477375752523983,10.0,1.0
2.923,0.2563514709472656,0.2563514709472656,-3.068131446838379,0.23955029604192138,-3.0501168858415184,10.0,1.0
2.924,0.2536811828613281,0.2536811828613281,-2.672527313232422,0.2364989970237244,-3.0524660930076664,10.0,1.0
2.9250000000000003,0.2510108947753906,0.2510108947753906,-2.6813182830810547,0.23344536385590534,-3.054785173566515,10.0,1.0
2.926,0.24795913696289062,0.24795913696289062,-2.9362640380859375,0.23038942667659068,-3.057074104629635,10.0,1.0
2.927,0.24528884887695312,0.24528884887695312,-2.558241844177246,0.22733121564664674,-3.059332863604851,10.0,1.0
2.928,0.24261856079101562,0.24261856079101562,-2.6549453735351562,0.22427076094938167,-3.0615614281999797,10.0,1.0
2.9290000000000003,0.23994827270507812,0.23994827270507812,-2.9978017807006836,0.22120809279024609,-3.0637597764196585,10.0,1.0
2.93,0.23727798461914062,0.23727798461914062,-2.7252750396728516,0.21814324139654168,-3.0659278865661577,10.0,1.0
2.931,0.23422622680664062,0.23422622680664062,-2.778021812438965,0.21507623701711445,-3.0680657372432307,10.0,1.0
2.932,0.23155593872070312,0.23155593872070312,-2.9450550079345703,0.2120071099220559,-3.070173307351155,10.0,1.0
2.9330000000000003,0.22888565063476562,0.22888565063476562,-2.637362480163574,0.20893589040241142,-3.0722505760870007,10.0,1.0
2.934,0.22583389282226562,0.22583389282226562,-2.769230842590332,0.20586260876988122,-3.074297522949763,10.0,1.0
2.935,0.22278213500976562,0.22278213500976562,-2.971428871154785,0.20278729535651258,-3.076314127737291,10.0,1.0
2.936,0.22011184692382812,0.22011184692382812,-2.8131866455078125,0.1997099805144073,-3.078300370546529,10.0,1.0
2.9370000000000003,0.21705913543701172,0.21705913543701172,-2.865934371948242,0.1966306946154188,-3.08025623177285,10.0,1.0
2.938,0.21438884735107422,0.21438884735107422,-2.8923072814941406,0.19354946805086093,-3.0821816921143608,10.0,1.0
2.939,0.21171855926513672,0.21171855926513672,-2.646153450012207,0.19046633123119075,-3.084076732567951,10.0,1.0
2.94,0.20904827117919922,0.20904827117919922,-2.8043956756591797,0.18738131458572568,-3.085941334428611,10.0,1.0
2.9410000000000003,0.20599651336669922,0.20599651336669922,-2.9362640380859375,0.18429444856233282,-3.087775479293967,10.0,1.0
2.942,0.20294475555419922,0.20294475555419922,-2.8395605087280273,0.18120576362713706,-3.089579149061734,10.0,1.0
2.943,0.20027446746826172,0.20027446746826172,-2.90109920501709,0.17811529026421002,-3.0913523259307993,10.0,1.0
2.944,0.19722270965576172,0.19722270965576172,-2.8043956756591797,0.17502305897527612,-3.0930949924004523,10.0,1.0
2.945,0.19455242156982422,0.19455242156982422,-2.75164794921875,0.1719291002794098,-3.094807131270528,10.0,1.0
2.946,0.19188213348388672,0.19188213348388672,-2.8923072814941406,0.16883344471273434,-3.0964887256443774,10.0,1.0
2.947,0.18883037567138672,0.18883037567138672,-2.857142448425293,0.16573612282812036,-3.098139758925285,10.0,1.0
2.948,0.18616008758544922,0.18616008758544922,-2.8923072814941406,0.16263716519488444,-3.099760214816854,10.0,1.0
2.949,0.18310832977294922,0.18310832977294922,-2.9362640380859375,0.15953660239848735,-3.1013500773266998,10.0,1.0
2.95,0.18043804168701172,0.18043804168701172,-2.6989011764526367,0.15643446504023034,-3.1029093307631967,10.0,1.0
2.951,0.17776775360107422,0.17776775360107422,-2.760439872741699,0.1533307837369603,-3.104437959737055,10.0,1.0
2.952,0.17471599578857422,0.17471599578857422,-2.953845977783203,0.15022558912075692,-3.1059359491617755,10.0,1.0
2.953,0.17166423797607422,0.17166423797607422,-2.857142448425293,0.14711891183863743,-3.1074032842519017,10.0,1.0
2.954,0.16899394989013672,0.16899394989013672,-2.9450550079345703,0.14401078255225241,-3.1088399505268143,10.0,1.0
2.955,0.16594219207763672,0.16594219207763672,-2.9098901748657227,0.1409012319375831,-3.1102459338071924,10.0,1.0
2.956,0.16327190399169922,0.16327190399169922,-2.7252750396728516,0.13779029068463872,-3.1116212202151843,10.0,1.0
2.957,0.16060161590576172,0.16060161590576172,-2.857142448425293,0.13467798949715343,-3.1129657961781163,10.0,1.0
2.958,0.15754985809326172,0.15754985809326172,-2.9098901748657227,0.13156435909228176,-3.11427964842521,10.0,1.0
2.959,0.1548786163330078,0.1548786163330078,-2.883516311645508,0.1284494302003023,-3.1155627639892742,10.0,1.0
2.96,0.1518268585205078,0.1518268585205078,-3.006593704223633,0.1253332335643039,-3.116815130205964,10.0,1.0
2.961,0.1487751007080078,0.1487751007080078,-2.9186811447143555,0.12221579993989105,-3.1180367347167035,10.0,1.0
2.962,0.1461048126220703,0.1461048126220703,-2.795604705810547,0.11909716009486979,-3.119227565464385,10.0,1.0
2.963,0.1430530548095703,0.1430530548095703,-2.9274721145629883,0.1159773448089616,-3.1203876106941735,10.0,1.0
2.964,0.1400012969970703,0.1400012969970703,-2.883516311645508,0.11285638487348212,-3.121516858958195,10.0,1.0
2.965,0.1373310089111328,0.1373310089111328,-3.0153846740722656,0.1097343110910459,-3.1226152991112315,10.0,1.0
2.966,0.1342792510986328,0.1342792510986328,-3.0241756439208984,0.10661115427525897,-3.1236829203117082,10.0,1.0
2.967,0.1312274932861328,0.1312274932861328,-2.778021812438965,0.10348694525042178,-3.124719712021772,10.0,1.0
2.968,0.1285572052001953,0.1285572052001953,-2.8307695388793945,0.1003617148512161,-3.125725664010872,10.0,1.0
2.969,0.1255054473876953,0.1255054473876953,-2.971428871154785,0.09723549392240073,-3.1267007663506305,10.0,1.0
2.97,0.12245368957519531,0.12245368957519531,-2.795604705810547,0.09410831331851414,-3.1276450094150476,10.0,1.0
2.971,0.11978340148925781,0.11978340148925781,-3.076923370361328,0.09098020390356994,-3.128558383885718,10.0,1.0
2.972,0.11673164367675781,0.11673164367675781,-2.989010810852051,0.0878511965507434,-3.1294408807483904,10.0,1.0
2.973,0.11406135559082031,0.11406135559082031,-2.6109886169433594,0.08472132214207385,-3.130292491292259,10.0,1.0
2.974,0.11100959777832031,0.11100959777832031,-3.006593704223633,0.08159061156815817,-3.1311132071137067,10.0,1.0
2.975,0.10795783996582031,0.10795783996582031,-2.9978017807006836,0.07845909572784575,-3.131903020112567,10.0,1.0
2.976,0.10528755187988281,0.10528755187988281,-2.7164831161499023,0.07532680552793372,-3.132661922492318,10.0,1.0
2.977,0.10223579406738281,0.10223579406738281,-3.2087907791137695,0.0721937718828618,-3.133389906763803,10.0,1.0
2.978,0.09918403625488281,0.09918403625488281,-2.8131866455078125,0.06906002571440542,-3.134086965741716,10.0,1.0
2.979,0.09651374816894531,0.09651374816894531,-2.646153450012207,0.06592559795137767,-3.1347530925463616,10.0,1.0
2.98,0.0934610366821289,0.0934610366821289,-3.112088203430176,0.06279051952931339,-3.1353882806037277,10.0,1.0
2.981,0.0907907485961914,0.0907907485961914,-2.795604705810547,0.059654821390170906,-3.135992523643875,10.0,1.0
2.982,0.0877389907836914,0.0877389907836914,-2.8043956756591797,0.05651853448202493,-3.1365658157045715,10.0,1.0
2.983,0.0846872329711914,0.0846872329711914,-3.2351646423339844,0.053381689758761064,-3.137108151127638,10.0,1.0
2.984,0.0820169448852539,0.0820169448852539,-2.742856979370117,0.05024431817977035,-3.137619524559053,10.0,1.0
2.985,0.0793466567993164,0.0793466567993164,-2.7164831161499023,0.04710645070964365,-3.138099930952663,10.0,1.0
2.986,0.0762948989868164,0.0762948989868164,-3.0945053100585938,0.04396811831786431,-3.138549365566675,10.0,1.0
2.987,0.0732431411743164,0.0732431411743164,-2.778021812438965,0.0408293519785096,-3.1389678239653342,10.0,1.0
2.988,0.0705728530883789,0.0705728530883789,-2.9098901748657227,0.03769018266993433,-3.1393553020190126,10.0,1.0
2.989,0.0671396255493164,0.0671396255493164,-3.138461112976074,0.034550641374472266,-3.139711795902574,10.0,1.0
2.99,0.0644693374633789,0.0644693374633789,-2.6813182830810547,0.03141075907812848,-3.140037302098964,10.0,1.0
2.991,0.061799049377441406,0.061799049377441406,-2.795604705810547,0.028270566770273637,-3.1403318173955554,10.0,1.0
2.992,0.058747291564941406,0.058747291564941406,-3.112088203430176,0.02513009544333806,-3.140595338884223,10.0,1.0
2.993,0.055695533752441406,0.055695533752441406,-2.75164794921875,0.021989376092505883,-3.1408278639649936,10.0,1.0
2.994,0.053025245666503906,0.053025245666503906,-2.9978017807006836,0.01884843971540737,-3.141029390342559,10.0,1.0
2.995,0.049973487854003906,0.049973487854003906,-3.085714340209961,0.015707317311820065,-3.1411999160279356,10.0,1.0
2.996,0.047303199768066406,0.047303199768066406,-2.663736343383789,0.012566039883352193,-3.141339439337597,10.0,1.0
2.997,0.044251441955566406,0.044251441955566406,-2.989010810852051,0.009424638433145564,-3.141447958896281,10.0,1.0
2.998,0.041199684143066406,0.041199684143066406,-2.989010810852051,0.006283143965558928,-3.141525473632563,10.0,1.0
2.999,0.038529396057128906,0.038529396057128906,-2.760439872741699,0.0031415874858797353,-3.141571982779626,10.0,1.0
3.0,0.035477638244628906,0.035477638244628906,-3.164834976196289,3.6739403974420594e-16,-3.141587485879714,10.0,1.0
3.001,0.032425880432128906,0.032425880432128906,-2.8923072814941406,-0.0031415874858790006,-3.1415719827798165,10.0,1.0
3.0020000000000002,0.029754638671875,0.029754638671875,-2.6813182830810547,-0.006283143965559969,-3.141525473632563,10.0,1.0
3.003,0.026702880859375,0.026702880859375,-3.068131446838379,-0.00942463843314483,-3.141447958896091,10.0,1.0
3.004,0.023651123046875,0.023651123046875,-2.9274721145629883,-0.012566039883351459,-3.141339439337596,10.0,1.0
3.005,0.0209808349609375,0.0209808349609375,-2.90109920501709,-0.01570731731181933,-3.1411999160281248,10.0,1.0
3.0060000000000002,0.0179290771484375,0.0179290771484375,-3.0945053100585938,-0.01884843971540841,-3.1410293903425597,10.0,1.0
3.007,0.0148773193359375,0.0148773193359375,-2.8043956756591797,-0.02198937609250515,-3.1408278639648017,10.0,1.0
3.008,0.01220703125,0.01220703125,-2.795604705810547,-0.025130095443337323,-3.1405953388842214,10.0,1.0
3.009,0.0091552734375,0.0091552734375,-3.112088203430176,-0.0282705667702729,-3.1403318173957473,10.0,1.0
3.0100000000000002,0.006103515625,0.006103515625,-2.8307695388793945,-0.03141075907812952,-3.1400373020989623,10.0,1.0
3.011,0.0034332275390625,0.0034332275390625,-3.0153846740722656,-0.03455064137447153,-3.1397117959023877,10.0,1.0
3.012,0.0003814697265625,0.0003814697265625,-3.0505495071411133,-0.037690182669933604,-3.139355302019016,10.0,1.0
3.013,-0.0026702880859375,-0.0026702880859375,-2.742856979370117,-0.040829351978508864,-3.138967823965526,10.0,1.0
3.0140000000000002,-0.005340576171875,-0.005340576171875,-2.9098901748657227,-0.04396811831786535,-3.138549365566675,10.0,1.0
3.015,-0.008392333984375,-0.008392333984375,-3.006593704223633,-0.047106450709642915,-3.138099930952478,10.0,1.0
3.016,-0.011444091796875,-0.011444091796875,-2.9098901748657227,-0.05024431817976961,-3.1376195245590566,10.0,1.0
3.017,-0.014495849609375,-0.014495849609375,-3.068131446838379,-0.053381689758760335,-3.1371081511269416,10.0,1.0
3.0180000000000002,-0.017547607421875,-0.017547607421875,-2.9978017807006836,-0.056518534482024194,-3.1365658157045644,10.0,1.0
3.019,-0.020599365234375,-0.020599365234375,-2.857142448425293,-0.05965482139017017,-3.1359925236445747,10.0,1.0
3.02,-0.0232696533203125,-0.0232696533203125,-2.8395605087280273,-0.06279051952931265,-3.135388280603731,10.0,1.0
3.021,-0.0263214111328125,-0.0263214111328125,-3.0505495071411133,-0.06592559795137694,-3.1347530925465605,10.0,1.0
3.0220000000000002,-0.02899169921875,-0.02899169921875,-2.953845977783203,-0.06906002571440646,-3.134086965741716,10.0,1.0
3.023,-0.032044410705566406,-0.032044410705566406,-2.962636947631836,-0.07219377188286107,-3.133389906763611,10.0,1.0
3.024,-0.035096168518066406,-0.035096168518066406,-2.989010810852051,-0.07532680552793299,-3.132661922492318,10.0,1.0
3.025,-0.037766456604003906,-0.037766456604003906,-2.742856979370117,-0.07845909572784501,-3.131903020111878,10.0,1.0
3.0260000000000002,-0.040818214416503906,-0.040818214416503906,-2.962636947631836,-0.08159061156815743,-3.1311132071137138,10.0,1.0
3.027,-0.043869972229003906,-0.043869972229003906,-3.085714340209961,-0.08472132214207313,-3.1302924912929626,10.0,1.0
3.028,-0.046921730041503906,-0.046921730041503906,-2.9186811447143555,-0.08785119655074267,-3.1294408807483833,10.0,1.0
3.029,-0.049973487854003906,-0.049973487854003906,-3.0505495071411133,-0.09098020390356922,-3.1285583838859097,10.0,1.0
3.0300000000000002,-0.052643775939941406,-0.052643775939941406,-2.857142448425293,-0.09410831331851519,-3.1276450094150405,10.0,1.0
3.031,-0.055314064025878906,-0.055314064025878906,-2.8219776153564453,-0.09723549392240001,-3.1267007663504387,10.0,1.0
3.032,-0.058747291564941406,-0.058747291564941406,-3.138461112976074,-0.10036171485121537,-3.125725664010858,10.0,1.0
3.033,-0.061417579650878906,-0.061417579650878906,-2.9274721145629883,-0.10348694525042104,-3.124719712021978,10.0,1.0
3.0340000000000003,-0.0644693374633789,-0.0644693374633789,-2.883516311645508,-0.10661115427526001,-3.123682920311701,10.0,1.0
3.035,-0.0679025650024414,-0.0679025650024414,-3.2263736724853516,-0.10973431109104516,-3.1226152991110325,10.0,1.0
3.036,-0.0701913833618164,-0.0701913833618164,-2.7252750396728516,-0.11285638487348139,-3.121516858958202,10.0,1.0
3.037,-0.0732431411743164,-0.0732431411743164,-2.795604705810547,-0.11597734480896088,-3.1203876106943724,10.0,1.0
3.0380000000000003,-0.0766763687133789,-0.0766763687133789,-3.261538505554199,-0.11909716009487081,-3.1192275654643637,10.0,1.0
3.039,-0.0793466567993164,-0.0793466567993164,-2.8131866455078125,-0.12221579993989032,-3.118036734716526,10.0,1.0
3.04,-0.0823984146118164,-0.0823984146118164,-3.0417585372924805,-0.12533323356430318,-3.1168151302059783,10.0,1.0
3.041,-0.0854501724243164,-0.0854501724243164,-3.1208791732788086,-0.12844943020030158,-3.115562763989473,10.0,1.0
3.0420000000000003,-0.0881204605102539,-0.0881204605102539,-2.6285715103149414,-0.1315643590922828,-3.11427964842521,10.0,1.0
3.043,-0.0911722183227539,-0.0911722183227539,-3.068131446838379,-0.1346779894971527,-3.1129657961779174,10.0,1.0
3.044,-0.09422492980957031,-0.09422492980957031,-3.0945053100585938,-0.13779029068463797,-3.1116212202151843,10.0,1.0
3.045,-0.09727668762207031,-0.09727668762207031,-2.865934371948242,-0.1409012319375824,-3.1102459338073913,10.0,1.0
3.0460000000000003,-0.09994697570800781,-0.09994697570800781,-3.068131446838379,-0.14401078255225344,-3.1088399505268143,10.0,1.0
3.047,-0.10299873352050781,-0.10299873352050781,-2.84835147857666,-0.1471189118386367,-3.107403284251717,10.0,1.0
3.048,-0.10566902160644531,-0.10566902160644531,-2.8307695388793945,-0.1502255891207562,-3.1059359491617755,10.0,1.0
3.049,-0.10872077941894531,-0.10872077941894531,-3.1472530364990234,-0.15333078373695957,-3.10443795973724,10.0,1.0
3.0500000000000003,-0.11177253723144531,-0.11177253723144531,-2.8923072814941406,-0.15643446504023137,-3.1029093307631683,10.0,1.0
3.051,-0.11482429504394531,-0.11482429504394531,-2.9362640380859375,-0.15953660239848663,-3.101350077326515,10.0,1.0
3.052,-0.11787605285644531,-0.11787605285644531,-3.1208791732788086,-0.16263716519488372,-3.0997602148168397,10.0,1.0
3.053,-0.12092781066894531,-0.12092781066894531,-2.7252750396728516,-0.16573612282811964,-3.098139758924603,10.0,1.0
3.0540000000000003,-0.12359809875488281,-0.12359809875488281,-2.9450550079345703,-0.16883344471273362,-3.0964887256443774,10.0,1.0
3.055,-0.1266498565673828,-0.1266498565673828,-3.068131446838379,-0.17192910027940908,-3.0948071312712244,10.0,1.0
3.056,-0.1297016143798828,-0.1297016143798828,-2.9450550079345703,-0.1750230589752754,-3.0930949924004523,10.0,1.0
3.057,-0.1327533721923828,-0.1327533721923828,-3.076923370361328,-0.1781152902642093,-3.0913523259309983,10.0,1.0
3.0580000000000003,-0.1354236602783203,-0.1354236602783203,-2.857142448425293,-0.18120576362713808,-3.0895791490619047,10.0,1.0
3.059,-0.1384754180908203,-0.1384754180908203,-2.8043956756591797,-0.18429444856233382,-3.087775479293782,10.0,1.0
3.06,-0.1415271759033203,-0.1415271759033203,-2.9450550079345703,-0.18738131458572496,-3.0859413344284405,10.0,1.0
3.061,-0.1441974639892578,-0.1441974639892578,-2.874725341796875,-0.19046633123119003,-3.084076732567283,10.0,1.0
3.0620000000000003,-0.1472492218017578,-0.1472492218017578,-2.989010810852051,-0.1935494680508602,-3.0821816921145455,10.0,1.0
3.063,-0.1503009796142578,-0.1503009796142578,-2.8307695388793945,-0.19663069461541982,-3.0802562317735322,10.0,1.0
3.064,-0.1525897979736328,-0.1525897979736328,-2.6989011764526367,-0.19970998051440658,-3.0783003705463585,10.0,1.0
3.065,-0.1556415557861328,-0.1556415557861328,-2.8043956756591797,-0.20278729535651185,-3.07631412773749,10.0,1.0
3.0660000000000003,-0.15831279754638672,-0.15831279754638672,-2.7868127822875977,-0.20586260876988224,-3.074297522949948,10.0,1.0
3.067,-0.16098308563232422,-0.16098308563232422,-2.8131866455078125,-0.20893589040241242,-3.072250576086816,10.0,1.0
3.068,-0.16403484344482422,-0.16403484344482422,-2.90109920501709,-0.21200710992205518,-3.0701733073509985,10.0,1.0
3.069,-0.16670513153076172,-0.16670513153076172,-2.760439872741699,-0.21507623701711373,-3.0680657372434297,10.0,1.0
3.0700000000000003,-0.16937541961669922,-0.16937541961669922,-2.6021976470947266,-0.2181432413965427,-3.065927886566328,10.0,1.0
3.071,-0.17204570770263672,-0.17204570770263672,-2.7252750396728516,-0.22120809279024709,-3.0637597764194595,10.0,1.0
3.072,-0.17471599578857422,-0.17471599578857422,-2.769230842590332,-0.22427076094938095,-3.061561428199809,10.0,1.0
3.073,-0.17738628387451172,-0.17738628387451172,-2.7252750396728516,-0.22733121564664602,-3.059332863604851,10.0,1.0
3.074,-0.18043804168701172,-0.18043804168701172,-2.8043956756591797,-0.23038942667659,-3.0570741046298195,10.0,1.0
3.075,-0.18310832977294922,-0.18310832977294922,-2.6989011764526367,-0.23344536385590633,-3.054785173566515,10.0,1.0
3.076,-0.18577861785888672,-0.18577861785888672,-2.5494508743286133,-0.2364989970237237,-3.052466093007496,10.0,1.0
3.077,-0.18806743621826172,-0.18806743621826172,-2.6549453735351562,-0.23955029604192066,-3.0501168858415184,10.0,1.0
3.078,-0.19111919403076172,-0.19111919403076172,-2.742856979370117,-0.24259923079540607,-3.047737575252583,10.0,1.0
3.079,-0.19378948211669922,-0.19378948211669922,-2.672527313232422,-0.2456457711924265,-3.0453281847239992,10.0,1.0
3.08,-0.19645977020263672,-0.19645977020263672,-2.8131866455078125,-0.24868988716485477,-3.042888738035529,10.0,1.0
3.081,-0.19913005828857422,-0.19913005828857422,-2.760439872741699,-0.2517315486684969,-3.0404192592638424,10.0,1.0
3.082,-0.20180034637451172,-0.20180034637451172,-2.6021976470947266,-0.25477072568338177,-3.0379197727808673,10.0,1.0
3.083,-0.20447063446044922,-0.20447063446044922,-2.7076921463012695,-0.2578073882140593,-3.0353903032568468,10.0,1.0
3.084,-0.20714092254638672,-0.20714092254638672,-2.6989011764526367,-0.26084150628989616,-3.0328308756566287,10.0,1.0
3.085,-0.20981121063232422,-0.20981121063232422,-2.663736343383789,-0.2638730499653719,-3.030241515239453,10.0,1.0
3.086,-0.21286296844482422,-0.21286296844482422,-2.9274721145629883,-0.2669019893203744,-3.02762224756205,10.0,1.0
3.087,-0.21553325653076172,-0.21553325653076172,-2.778021812438965,-0.2699282944604967,-3.024973098475158,10.0,1.0
3.088,-0.21820354461669922,-0.21820354461669922,-2.5230770111083984,-0.27295193551732544,-3.0222940941248453,10.0,1.0
3.089,-0.22087478637695312,-0.22087478637695312,-2.6989011764526367,-0.27597288264874575,-3.019585260952141,10.0,1.0
3.09,-0.22354507446289062,-0.22354507446289062,-2.8131866455078125,-0.27899110603922905,-3.0168466256913007,10.0,1.0
3.091,-0.22621536254882812,-0.22621536254882812,-2.6285715103149414,-0.28200657590012906,-3.014078215372905,10.0,1.0
3.092,-0.22926712036132812,-0.22926712036132812,-2.8923072814941406,-0.28501926246997555,-3.0112800573199934,10.0,1.0
3.093,-0.23193740844726562,-0.23193740844726562,-2.857142448425293,-0.2880291360147684,-3.0084521791480086,10.0,1.0
3.094,-0.23460769653320312,-0.23460769653320312,-2.5318679809570312,-0.2910361668282709,-3.0055946087677228,10.0,1.0
3.095,-0.23727798461914062,-0.23727798461914062,-2.690110206604004,-0.29404032523230456,-3.0027073743818846,10.0,1.0
3.096,-0.23994827270507812,-0.23994827270507812,-2.865934371948242,-0.2970415815770353,-2.999790504486242,10.0,1.0
3.097,-0.24261856079101562,-0.24261856079101562,-2.6109886169433594,-0.3000399062412764,-2.9968440278696846,10.0,1.0
3.098,-0.24567031860351562,-0.24567031860351562,-2.75164794921875,-0.303035269632774,-2.993867973611742,10.0,1.0
3.099,-0.24834060668945312,-0.24834060668945312,-2.865934371948242,-0.30602764218850054,-2.9908623710861946,10.0,1.0
3.1,-0.2506294250488281,-0.2506294250488281,-2.487912178039551,-0.30901699437494706,-2.9878272499572347,10.0,1.0
3.101,-0.2532997131347656,-0.2532997131347656,-2.584615707397461,-0.3120032966884143,-2.9847626401788148,10.0,1.0
3.102,-0.2563514709472656,-0.2563514709472656,-2.760439872741699,-0.31498651965530405,-2.9816685719983695,10.0,1.0
3.103,-0.2586402893066406,-0.2586402893066406,-2.558241844177246,-0.3179666338324117,-2.978545075952667,10.0,1.0
3.104,-0.2613105773925781,-0.2613105773925781,-2.584615707397461,-0.3209436098072101,-2.9753921828693706,10.0,1.0
3.105,-0.2643623352050781,-0.2643623352050781,-2.9274721145629883,-0.3239174181981498,-2.9722099238657904,10.0,1.0
3.106,-0.2666511535644531,-0.2666511535644531,-2.4967031478881836,-0.326888029654941,-2.9689983303512406,10.0,1.0
3.107,-0.2689399719238281,-0.2689399719238281,-2.34725284576416,-0.3298554148588529,-2.9657574340224073,10.0,1.0
3.108,-0.2719917297363281,-0.2719917297363281,-2.8043956756591797,-0.3328195445229865,-2.9624872668640307,10.0,1.0
3.109,-0.2742805480957031,-0.2742805480957031,-2.558241844177246,-0.3357803893925803,-2.9591878611525146,10.0,1.0
3.11,-0.2769508361816406,-0.2769508361816406,-2.3999996185302734,-0.33873792024529087,-2.9558592494516915,10.0,1.0
3.111,-0.2796211242675781,-0.2796211242675781,-2.857142448425293,-0.3416921078914843,-2.9525014646122827,10.0,1.0
3.112,-0.28229236602783203,-0.28229236602783203,-2.7164831161499023,-0.34464292317451617,-2.9491145397761613,10.0,1.0
3.113,-0.28458118438720703,-0.28458118438720703,-2.2945051193237305,-0.347590336971036,-2.9456985083710947,10.0,1.0
3.114,-0.28725147247314453,-0.28725147247314453,-2.487912178039551,-0.35053432019125774,-2.9422534041103745,10.0,1.0
3.115,-0.28992176055908203,-0.28992176055908203,-2.75164794921875,-0.35347484377925736,-2.9387792609961707,10.0,1.0
3.116,-0.29259204864501953,-0.29259204864501953,-2.540658950805664,-0.35641187871325075,-2.9352761133169167,10.0,1.0
3.117,-0.29526233673095703,-0.29526233673095703,-2.5230770111083984,-0.35934539600589055,-2.931743995647622,10.0,1.0
3.118,-0.29793262481689453,-0.29793262481689453,-2.769230842590332,-0.36227536670454535,-2.928182942848082,10.0,1.0
3.119,-0.30060291290283203,-0.30060291290283203,-2.567032814025879,-0.3652017618915873,-2.924592990065605,10.0,1.0
3.12,-0.30251026153564453,-0.30251026153564453,-2.329669952392578,-0.36812455268467725,-2.920974172731718,10.0,1.0
3.121,-0.30518054962158203,-0.30518054962158203,-2.6549453735351562,-0.37104371023705013,-2.9173265265613963,10.0,1.0
3.122,-0.30785083770751953,-0.30785083770751953,-2.5494508743286133,-0.3739592057377994,-2.9136500875561637,10.0,1.0
3.123,-0.31013965606689453,-0.31013965606689453,-2.4175825119018555,-0.3768710104121631,-2.909944892000624,10.0,1.0
3.124,-0.31280994415283203,-0.31280994415283203,-2.7076921463012695,-0.37977909552180134,-2.906210976463683,10.0,1.0
3.125,-0.31586170196533203,-0.31586170196533203,-2.6197805404663086,-0.38268343236508984,-2.9024483777978674,10.0,1.0
3.126,-0.31776905059814453,-0.31776905059814453,-2.3120880126953125,-0.3855839922773964,-2.898657133137675,10.0,1.0
3.1270000000000002,-0.32043933868408203,-0.32043933868408203,-2.4263734817504883,-0.3884807466313658,-2.8948372799024185,10.0,1.0
3.128,-0.32310962677001953,-0.32310962677001953,-2.663736343383789,-0.39137366683720193,-2.8909888557925854,10.0,1.0
3.129,-0.32539844512939453,-0.32539844512939453,-2.5230770111083984,-0.39426272434295034,-2.887111898789243,10.0,1.0
3.13,-0.32806873321533203,-0.32806873321533203,-2.4703292846679688,-0.3971478906347798,-2.883206447157164,10.0,1.0
3.1310000000000002,-0.33073902130126953,-0.33073902130126953,-2.6989011764526367,-0.40002913723726535,-2.879272539441331,10.0,1.0
3.132,-0.33302783966064453,-0.33302783966064453,-2.452747344970703,-0.4029064357136631,-2.8753102144677314,10.0,1.0
3.133,-0.33531665802001953,-0.33531665802001953,-2.268132209777832,-0.4057797576662002,-2.8713195113433017,10.0,1.0
3.134,-0.33798694610595703,-0.33798694610595703,-2.6285715103149414,-0.4086490747363491,-2.8673004694538804,10.0,1.0
3.1350000000000002,-0.34065723419189453,-0.34065723419189453,-2.5758237838745117,-0.41151435860510865,-2.8632531284670506,10.0,1.0
3.136,-0.34294605255126953,-0.34294605255126953,-2.356043815612793,-0.41437558099328387,-2.8591775283284164,10.0,1.0
3.137,-0.34561729431152344,-0.34561729431152344,-2.5494508743286133,-0.41723271366176484,-2.8550737092612053,10.0,1.0
3.138,-0.34828758239746094,-0.34828758239746094,-2.6197805404663086,-0.42008572841180564,-2.850941711769309,10.0,1.0
3.1390000000000002,-0.35057640075683594,-0.35057640075683594,-2.4439563751220703,-0.42293459708530406,-2.846781576633475,10.0,1.0
3.14,-0.35286521911621094,-0.35286521911621094,-2.329669952392578,-0.42577929156507327,-2.8425933449126433,10.0,1.0
3.141,-0.35553550720214844,-0.35553550720214844,-2.4967031478881836,-0.42861978377512877,-2.8383770579424947,10.0,1.0
3.142,-0.35782432556152344,-0.35782432556152344,-2.5054941177368164,-0.43145604568095763,-2.8341327573376702,10.0,1.0
3.1430000000000002,-0.36049461364746094,-0.36049461364746094,-2.4263734817504883,-0.4342880492898047,-2.8298604849872504,10.0,1.0
3.144,-0.36278343200683594,-0.36278343200683594,-2.584615707397461,-0.4371157666509328,-2.825560283055381,10.0,1.0
3.145,-0.36545372009277344,-0.36545372009277344,-2.4967031478881836,-0.43993916985591486,-2.821232193984457,10.0,1.0
3.146,-0.36774253845214844,-0.36774253845214844,-2.3912086486816406,-0.4427582310389011,-2.8168762604908864,10.0,1.0
3.1470000000000002,-0.37003135681152344,-0.37003135681152344,-2.3032970428466797,-0.4455729223768973,-2.812492525565659,10.0,1.0
3.148,-0.37232017517089844,-0.37232017517089844,-2.34725284576416,-0.44838321609003307,-2.808081032473723,10.0,1.0
3.149,-0.37499046325683594,-0.37499046325683594,-2.5054941177368164,-0.4511890844418441,-2.803641824756596,10.0,1.0
3.15,-0.37727928161621094,-0.37727928161621094,-2.4263734817504883,-0.45399049973954564,-2.7991749462275664,10.0,1.0
3.1510000000000002,-0.37994956970214844,-0.37994956970214844,-2.479121208190918,-0.45678743433429975,-2.7946804409708363,10.0,1.0
3.152,-0.38223838806152344,-0.38223838806152344,-2.4439563751220703,-0.459579860621488,-2.7901583533462997,10.0,1.0
3.153,-0.38452720642089844,-0.38452720642089844,-2.329669952392578,-0.4623677510409917,-2.7856087279853625,10.0,1.0
3.154,-0.38681602478027344,-0.38681602478027344,-2.2153844833374023,-0.4651510780774581,-2.7810316097903183,10.0,1.0
3.1550000000000002,-0.38910484313964844,-0.38910484313964844,-2.34725284576416,-0.46792981426057295,-2.7764270439366214,10.0,1.0
3.156,-0.39177513122558594,-0.39177513122558594,-2.4967031478881836,-0.47070393216533196,-2.7717950758695338,10.0,1.0
3.157,-0.39406394958496094,-0.39406394958496094,-2.3384618759155273,-0.4734734044123114,-2.767135751303414,10.0,1.0
3.158,-0.39635276794433594,-0.39635276794433594,-2.364834785461426,-0.4762382036679382,-2.762449116224758,10.0,1.0
3.1590000000000003,-0.39864158630371094,-0.39864158630371094,-2.4087915420532227,-0.4789983026447615,-2.7577352168883635,10.0,1.0
3.16,-0.40093040466308594,-0.40093040466308594,-2.259340286254883,-0.48175367410171555,-2.7529940998185793,10.0,1.0
3.161,-0.40321922302246094,-0.40321922302246094,-2.136263847351074,-0.48450429084439806,-2.748225811808652,10.0,1.0
3.162,-0.40550804138183594,-0.40550804138183594,-2.276923179626465,-0.4872501257253323,-2.74343039991885,10.0,1.0
3.1630000000000003,-0.40817928314208984,-0.40817928314208984,-2.4967031478881836,-0.48999115164423634,-2.7386079114791073,10.0,1.0
3.164,-0.41046810150146484,-0.41046810150146484,-2.2153844833374023,-0.4927273415482912,-2.7337583940856405,10.0,1.0
3.165,-0.41237545013427734,-0.41237545013427734,-2.1890106201171875,-0.495458668432407,-2.7288818955997556,10.0,1.0
3.166,-0.41504573822021484,-0.41504573822021484,-2.3999996185302734,-0.4981851053394901,-2.7239784641514575,10.0,1.0
3.1670000000000003,-0.41733455657958984,-0.41733455657958984,-2.4175825119018555,-0.5009066253607105,-2.719048148135272,10.0,1.0
3.168,-0.41924190521240234,-0.41924190521240234,-2.039560317993164,-0.5036232016357614,-2.7140909962114677,10.0,1.0
3.169,-0.42153072357177734,-0.42153072357177734,-2.1010990142822266,-0.5063348073531329,-2.7091070573053457,10.0,1.0
3.17,-0.42381954193115234,-0.42381954193115234,-2.4263734817504883,-0.5090414157503714,-2.7040963806057334,10.0,1.0
3.1710000000000003,-0.42610836029052734,-0.42610836029052734,-2.356043815612793,-0.5117430001143449,-2.699059015567059,10.0,1.0
3.172,-0.42839717864990234,-0.42839717864990234,-2.0923080444335938,-0.5144395337815062,-2.6939950119062246,10.0,1.0
3.173,-0.43068599700927734,-0.43068599700927734,-2.2857141494750977,-0.5171309901381568,-2.688904419601613,10.0,1.0
3.174,-0.43297481536865234,-0.43297481536865234,-2.4703292846679688,-0.5198173426207089,-2.6837872888962124,10.0,1.0
3.1750000000000003,-0.43526363372802734,-0.43526363372802734,-2.1098899841308594,-0.5224985647159497,-2.678643670293468,10.0,1.0
3.176,-0.43717098236083984,-0.43717098236083984,-2.0043954849243164,-0.5251746299612964,-2.6734736145589295,10.0,1.0
3.177,-0.43945980072021484,-0.43945980072021484,-2.2945051193237305,-0.5278455119450669,-2.668277172718547,10.0,1.0
3.178,-0.44213008880615234,-0.44213008880615234,-2.487912178039551,-0.5305111843067328,-2.6630543960606587,10.0,1.0
3.1790000000000003,-0.44403743743896484,-0.44403743743896484,-2.15384578704834,-0.5331716207371887,-2.6578053361315597,10.0,1.0
3.18,-0.44632625579833984,-0.44632625579833984,-2.171428680419922,-0.5358267949789965,-2.652530044735954,10.0,1.0
3.181,-0.44861507415771484,-0.44861507415771484,-2.356043815612793,-0.53847668082666,-2.647228573939742,10.0,1.0
3.182,-0.45090389251708984,-0.45090389251708984,-2.1802196502685547,-0.5411212521268755,-2.641900976066495,10.0,1.0
3.1830000000000003,-0.45281124114990234,-0.45281124114990234,-2.013186454772949,-0.5437604827787934,-2.6365473036969433,10.0,1.0
3.184,-0.45510005950927734,-0.45510005950927734,-2.0923080444335938,-0.5463943467342699,-2.631167609669035,10.0,1.0
3.185,-0.45738887786865234,-0.45738887786865234,-2.3120880126953125,-0.5490228179981309,-2.6257619470799796,10.0,1.0
3.186,-0.45967769622802734,-0.45967769622802734,-2.2065935134887695,-0.5516458706284292,-2.620330369281419,10.0,1.0
3.1870000000000003,-0.46158504486083984,-0.46158504486083984,-2.0747251510620117,-0.5542634787366943,-2.6148729298791977,10.0,1.0
3.188,-0.46387386322021484,-0.46387386322021484,-2.171428680419922,-0.5568756164881882,-2.609389682736662,10.0,1.0
3.189,-0.46616268157958984,-0.46616268157958984,-2.259340286254883,-0.559482258102167,-2.603880681971418,10.0,1.0
3.19,-0.46807003021240234,-0.46807003021240234,-2.048351287841797,-0.5620833778521305,-2.5983459819552763,10.0,1.0
3.1910000000000003,-0.46997833251953125,-0.46997833251953125,-1.9780216217041016,-0.5646789500660782,-2.5927856373124314,10.0,1.0
3.192,-0.47226715087890625,-0.47226715087890625,-2.1274728775024414,-0.567268949126756,-2.58719970292276,10.0,1.0
3.193,-0.47455596923828125,-0.47455596923828125,-2.2153844833374023,-0.5698533494719231,-2.58158823391733,10.0,1.0
3.194,-0.47646331787109375,-0.47646331787109375,-2.1274728775024414,-0.5724321255945901,-2.575951285677718,10.0,1.0
3.1950000000000003,-0.47875213623046875,-0.47875213623046875,-2.1010990142822266,-0.575005252043279,-2.570288913838624,10.0,1.0
3.196,-0.48065948486328125,-0.48065948486328125,-2.15384578704834,-0.577572703422268,-2.564601174285542,10.0,1.0
3.197,-0.48294830322265625,-0.48294830322265625,-2.145054817199707,-0.5801344543918495,-2.558888123154304,10.0,1.0
3.198,-0.48485565185546875,-0.48485565185546875,-1.960439682006836,-0.582690479668576,-2.5531498168299436,10.0,1.0
3.1990000000000003,-0.48676300048828125,-0.48676300048828125,-1.9692306518554688,-0.5852407540255099,-2.5473863119481166,10.0,1.0
3.2,-0.48905181884765625,-0.48905181884765625,-2.0747251510620117,-0.5877852522924728,-2.5415976653923735,10.0,1.0
3.201,-0.49095916748046875,-0.49095916748046875,-2.1098899841308594,-0.5903239493562941,-2.5357839342931925,10.0,1.0
3.202,-0.49286651611328125,-0.49286651611328125,-2.057143211364746,-0.5928568201610586,-2.52994517603031,10.0,1.0
3.203,-0.49515533447265625,-0.49515533447265625,-2.136263847351074,-0.5953838397083542,-2.524081448230106,10.0,1.0
3.204,-0.49744415283203125,-0.49744415283203125,-2.1098899841308594,-0.5979049830575194,-2.518192808764752,10.0,1.0
3.205,-0.49935150146484375,-0.49935150146484375,-2.057143211364746,-0.6004202253258843,-2.5122793157530623,10.0,1.0
3.206,-0.5012588500976562,-0.5012588500976562,-1.9340667724609375,-0.6029295416890249,-2.5063410275588467,10.0,1.0
3.207,-0.5031661987304688,-0.5031661987304688,-1.9780216217041016,-0.6054329073810014,-2.500378002789887,10.0,1.0
3.208,-0.5054550170898438,-0.5054550170898438,-2.048351287841797,-0.6079302976946053,-2.494390300300097,10.0,1.0
3.209,-0.5073623657226562,-0.5073623657226562,-2.048351287841797,-0.6104216879816022,-2.488377979185657,10.0,1.0
3.21,-0.5092697143554688,-0.5092697143554688,-2.0219783782958984,-0.612907053652976,-2.482341098784559,10.0,1.0
3.211,-0.5115585327148438,-0.5115585327148438,-2.065934181213379,-0.6153863701791709,-2.4762797186792227,10.0,1.0
3.212,-0.5134658813476562,-0.5134658813476562,-2.0923080444335938,-0.617859613090335,-2.4701938986925143,10.0,1.0
3.213,-0.5157546997070312,-0.5157546997070312,-2.0043954849243164,-0.6203267579765565,-2.464083698888487,10.0,1.0
3.214,-0.5172805786132812,-0.5172805786132812,-1.9076919555664062,-0.6227877804881115,-2.4579491795740296,10.0,1.0
3.215,-0.5195693969726562,-0.5195693969726562,-1.9252738952636719,-0.625242656335704,-2.451790401294261,10.0,1.0
3.216,-0.5214767456054688,-0.5214767456054688,-1.9516487121582031,-0.6276913612907005,-2.4456074248322466,10.0,1.0
3.217,-0.5233840942382812,-0.5233840942382812,-2.0307693481445312,-0.630133871185369,-2.4394003112121823,10.0,1.0
3.218,-0.5252914428710938,-0.5252914428710938,-1.9868125915527344,-0.6325701619131242,-2.433169121695869,10.0,1.0
3.219,-0.5271987915039062,-0.5271987915039062,-1.9516487121582031,-0.6350002094287602,-2.42691391778294,10.0,1.0
3.22,-0.5291061401367188,-0.5291061401367188,-2.0043954849243164,-0.6374239897486905,-2.4206347612084187,10.0,1.0
3.221,-0.5313959121704102,-0.5313959121704102,-1.9780216217041016,-0.6398414789511777,-2.4143317139467513,10.0,1.0
3.222,-0.5333032608032227,-0.5333032608032227,-1.9252738952636719,-0.6422526531765835,-2.4080048382065797,10.0,1.0
3.223,-0.5348291397094727,-0.5348291397094727,-1.7670326232910156,-0.6446574886275903,-2.4016541964301723,10.0,1.0
3.224,-0.5367364883422852,-0.5367364883422852,-1.8461532592773438,-0.6470559615694444,-2.3952798512963795,10.0,1.0
3.225,-0.5386438369750977,-0.5386438369750977,-1.872528076171875,-0.6494480483301837,-2.3888818657173942,10.0,1.0
3.226,-0.5405511856079102,-0.5405511856079102,-1.8989009857177734,-0.6518337253008787,-2.3824603028388083,10.0,1.0
3.227,-0.5424585342407227,-0.5424585342407227,-1.872528076171875,-0.6542129689358608,-2.3760152260384757,10.0,1.0
3.228,-0.5443658828735352,-0.5443658828735352,-1.916482925415039,-0.6565857557529561,-2.369546698927536,10.0,1.0
3.229,-0.5462732315063477,-0.5462732315063477,-1.9252738952636719,-0.6589520623337164,-2.3630547853477992,10.0,1.0
3.23,-0.5481805801391602,-0.5481805801391602,-1.8813190460205078,-0.6613118653236512,-2.3565395493709502,10.0,1.0
3.231,-0.5500879287719727,-0.5500879287719727,-1.7758235931396484,-0.6636651414324577,-2.350001055300197,10.0,1.0
3.232,-0.5516138076782227,-0.5516138076782227,-1.714284896850586,-0.666011867434252,-2.343439367667486,10.0,1.0
3.233,-0.5535211563110352,-0.5535211563110352,-1.8197803497314453,-0.6683520201677933,-2.336854551234296,10.0,1.0
3.234,-0.5554285049438477,-0.5554285049438477,-1.7934074401855469,-0.6706855765367201,-2.3302466709902205,10.0,1.0
3.235,-0.5569543838500977,-0.5569543838500977,-1.714284896850586,-0.6730125135097732,-2.323615792151884,10.0,1.0
3.236,-0.5588617324829102,-0.5588617324829102,-1.7670326232910156,-0.6753328081210243,-2.3169619801640238,10.0,1.0
3.237,-0.5607690811157227,-0.5607690811157227,-1.8989009857177734,-0.6776464374701019,-2.310285300697444,10.0,1.0
3.238,-0.5626764297485352,-0.5626764297485352,-1.960439682006836,-0.6799533787224187,-2.3035858196471963,10.0,1.0
3.239,-0.5642023086547852,-0.5642023086547852,-1.7846145629882812,-0.6822536091093958,-2.296863603134966,10.0,1.0
3.24,-0.5661096572875977,-0.5661096572875977,-1.6527481079101562,-0.6845471059286892,-2.290118717506118,10.0,1.0
3.241,-0.5676355361938477,-0.5676355361938477,-1.626373291015625,-0.6868338465444086,-2.2833512293299805,10.0,1.0
3.242,-0.5695428848266602,-0.5695428848266602,-1.7670326232910156,-0.6891138083873487,-2.2765612053992186,10.0,1.0
3.243,-0.5714502334594727,-0.5714502334594727,-1.7934074401855469,-0.6913869689552065,-2.2697487127278464,10.0,1.0
3.244,-0.5729761123657227,-0.5729761123657227,-1.7230777740478516,-0.6936533058128049,-2.2629138185535567,10.0,1.0
3.245,-0.5748834609985352,-0.5748834609985352,-1.6527481079101562,-0.6959127965923141,-2.2560565903339125,10.0,1.0
3.246,-0.5764093399047852,-0.5764093399047852,-1.6967029571533203,-0.6981654189934723,-2.24917709574612,10.0,1.0
3.247,-0.5783166885375977,-0.5783166885375977,-1.8813190460205078,-0.7004111507838059,-2.2422754026885627,10.0,1.0
3.248,-0.5802240371704102,-0.5802240371704102,-1.8901100158691406,-0.7026499697988499,-2.235351579277733,10.0,1.0
3.249,-0.5817499160766602,-0.5817499160766602,-1.6791210174560547,-0.7048818539423619,-2.228405693849254,10.0,1.0
3.25,-0.5832757949829102,-0.5832757949829102,-1.5560436248779297,-0.7071067811865479,-2.2214378149557206,10.0,1.0
3.251,-0.5848016738891602,-0.5848016738891602,-1.5648345947265625,-0.7093247295722729,-2.2144480113685745,10.0,1.0
3.2520000000000002,-0.5867090225219727,-0.5867090225219727,-1.8021984100341797,-0.7115356772092855,-2.2074363520738984,10.0,1.0
3.253,-0.5886163711547852,-0.5886163711547852,-1.7758235931396484,-0.7137396022764213,-2.200402906273041,10.0,1.0
3.254,-0.5901422500610352,-0.5901422500610352,-1.7230777740478516,-0.715936483021831,-2.1933477433838675,10.0,1.0
3.255,-0.5916681289672852,-0.5916681289672852,-1.5912094116210938,-0.7181262977631885,-2.186270933038088,10.0,1.0
3.2560000000000002,-0.5935754776000977,-0.5935754776000977,-1.6703300476074219,-0.7203090248879076,-2.1791725450801778,10.0,1.0
3.257,-0.5954837799072266,-0.5954837799072266,-1.9076919555664062,-0.7224846428533492,-2.172052649569366,10.0,1.0
3.258,-0.5970096588134766,-0.5970096588134766,-1.7670326232910156,-0.7246531301870459,-2.1649113167766245,10.0,1.0
3.259,-0.5989170074462891,-0.5989170074462891,-1.582418441772461,-0.726814465486902,-2.1577486171826763,10.0,1.0
3.2600000000000002,-0.6004428863525391,-0.6004428863525391,-1.5208797454833984,-0.7289686274214118,-2.1505646214808394,10.0,1.0
3.261,-0.6019687652587891,-0.6019687652587891,-1.5736255645751953,-0.7311155947298642,-2.1433594005742975,10.0,1.0
3.262,-0.6038761138916016,-0.6038761138916016,-1.7670326232910156,-0.73325534622256,-2.1361330255759867,10.0,1.0
3.263,-0.6054019927978516,-0.6054019927978516,-1.7054939270019531,-0.7353878607810157,-2.128885567806549,10.0,1.0
3.2640000000000002,-0.6069278717041016,-0.6069278717041016,-1.5560436248779297,-0.7375131173581736,-2.1216170987964915,10.0,1.0
3.265,-0.6084537506103516,-0.6084537506103516,-1.5032958984375,-0.7396310949786092,-2.114327690282778,10.0,1.0
3.266,-0.6099796295166016,-0.6099796295166016,-1.538461685180664,-0.7417417727387386,-2.1070174142077462,10.0,1.0
3.267,-0.6118869781494141,-0.6118869781494141,-1.8197803497314453,-0.7438451298070243,-2.099686342721668,10.0,1.0
3.2680000000000002,-0.6134128570556641,-0.6134128570556641,-1.6967029571533203,-0.7459411454241824,-2.092334548178883,10.0,1.0
3.269,-0.6149387359619141,-0.6149387359619141,-1.5296707153320312,-0.7480297989033827,-2.084962103138821,10.0,1.0
3.27,-0.6164646148681641,-0.6164646148681641,-1.3802204132080078,-0.7501110696304596,-2.077569080364583,10.0,1.0
3.271,-0.6176090240478516,-0.6176090240478516,-1.3450546264648438,-0.7521849370641114,-2.0701555528218023,10.0,1.0
3.2720000000000002,-0.6191349029541016,-0.6191349029541016,-1.5472526550292969,-0.7542513807361036,-2.0627215936798393,10.0,1.0
3.273,-0.6210422515869141,-0.6210422515869141,-1.626373291015625,-0.7563103802514717,-2.0552672763091095,10.0,1.0
3.274,-0.6221866607666016,-0.6221866607666016,-1.5296707153320312,-0.7583619152887214,-2.0477926742796058,10.0,1.0
3.275,-0.6237125396728516,-0.6237125396728516,-1.4065933227539062,-0.7604059656000304,-2.0402978613632854,10.0,1.0
3.2760000000000002,-0.6252384185791016,-0.6252384185791016,-1.4065933227539062,-0.7624425110114483,-2.0327829115304894,10.0,1.0
3.277,-0.6267642974853516,-0.6267642974853516,-1.4505500793457031,-0.764471531423092,-2.025247898951079,10.0,1.0
3.278,-0.6282901763916016,-0.6282901763916016,-1.6791210174560547,-0.7664930068093501,-2.0176928979925606,10.0,1.0
3.279,-0.6298160552978516,-0.6298160552978516,-1.6175823211669922,-0.7685069172190767,-2.010117983219402,10.0,1.0
3.2800000000000002,-0.6313419342041016,-0.6313419342041016,-1.4769229888916016,-0.7705132427757893,-2.002523229393489,10.0,1.0
3.281,-0.6328678131103516,-0.6328678131103516,-1.3186817169189453,-0.7725119636778642,-1.9949087114723625,10.0,1.0
3.282,-0.6340122222900391,-0.6340122222900391,-1.2571430206298828,-0.7745030601987335,-1.9872745046072282,10.0,1.0
3.283,-0.6355381011962891,-0.6355381011962891,-1.3978023529052734,-0.7764865126870782,-1.9796206841450044,10.0,1.0
3.2840000000000003,-0.6370639801025391,-0.6370639801025391,-1.5120887756347656,-0.778462301567024,-1.971947325625706,10.0,1.0
3.285,-0.6385898590087891,-0.6385898590087891,-1.4945049285888672,-0.7804304073383302,-1.9642545047824456,10.0,1.0
3.286,-0.6397342681884766,-0.6397342681884766,-1.4857139587402344,-0.7823908105765884,-1.95654229753967,10.0,1.0
3.287,-0.6412601470947266,-0.6412601470947266,-1.336263656616211,-0.7843434919334091,-1.9488107800150942,10.0,1.0
3.2880000000000003,-0.6424045562744141,-0.6424045562744141,-1.2835159301757812,-0.786288432136619,-1.94106002851521,10.0,1.0
3.289,-0.6439304351806641,-0.6439304351806641,-1.4505500793457031,-0.7882256119904401,-1.9332901195357977,10.0,1.0
3.29,-0.6454563140869141,-0.6454563140869141,-1.538461685180664,-0.7901550123756902,-1.9255011297635747,10.0,1.0
3.291,-0.6469821929931641,-0.6469821929931641,-1.4505500793457031,-0.7920766142499668,-1.917693136072728,10.0,1.0
3.2920000000000003,-0.6485080718994141,-0.6485080718994141,-1.4329662322998047,-0.793990398647836,-1.9098662155241186,10.0,1.0
3.293,-0.6496524810791016,-0.6496524810791016,-1.3186817169189453,-0.7958963466810154,-1.902020445367441,10.0,1.0
3.294,-0.6507968902587891,-0.6507968902587891,-1.2043952941894531,-0.7977944395385704,-1.894155903037415,10.0,1.0
3.295,-0.6523227691650391,-0.6523227691650391,-1.3450546264648438,-0.7996846584870898,-1.8862726661529905,10.0,1.0
3.2960000000000003,-0.6538486480712891,-0.6538486480712891,-1.4329662322998047,-0.8015669848708767,-1.8783708125187104,10.0,1.0
3.297,-0.6549930572509766,-0.6549930572509766,-1.4065933227539062,-0.8034414001121277,-1.870450420122836,10.0,1.0
3.298,-0.656519889831543,-0.656519889831543,-1.4241752624511719,-0.805307885711122,-1.862511567136437,10.0,1.0
3.299,-0.6576642990112305,-0.6576642990112305,-1.3186817169189453,-0.8071664232464002,-1.854554331912425,10.0,1.0
3.3000000000000003,-0.6591901779174805,-0.6591901779174805,-1.2659339904785156,-0.8090169943749472,-1.8465787929862358,10.0,1.0
3.301,-0.660334587097168,-0.660334587097168,-1.4241752624511719,-0.8108595808323731,-1.8385850290733288,10.0,1.0
3.302,-0.661860466003418,-0.661860466003418,-1.459341049194336,-0.8126941644330935,-1.8305731190681058,10.0,1.0
3.303,-0.663386344909668,-0.663386344909668,-1.4065933227539062,-0.8145207270705088,-1.8225431420451628,10.0,1.0
3.3040000000000003,-0.6645307540893555,-0.6645307540893555,-1.3538455963134766,-0.8163392507171843,-1.814495177257129,10.0,1.0
3.305,-0.6660566329956055,-0.6660566329956055,-1.2043952941894531,-0.8181497174250236,-1.8064293041342694,10.0,1.0
3.306,-0.667201042175293,-0.667201042175293,-1.1340656280517578,-0.8199521093254525,-1.7983456022835185,10.0,1.0
3.307,-0.6683454513549805,-0.6683454513549805,-1.1780223846435547,-0.8217464086295903,-1.7902441514872294,10.0,1.0
3.3080000000000003,-0.669489860534668,-0.669489860534668,-1.24835205078125,-0.8235325976284273,-1.7821250317043678,10.0,1.0
3.309,-0.6706342697143555,-0.6706342697143555,-1.3450546264648438,-0.8253106586929994,-1.7739883230672717,10.0,1.0
3.31,-0.6721601486206055,-0.6721601486206055,-1.24835205078125,-0.8270805742745615,-1.765834105881197,10.0,1.0
3.311,-0.673304557800293,-0.673304557800293,-1.2395610809326172,-0.8288423269047615,-1.7576624606256246,10.0,1.0
3.3120000000000003,-0.6744489669799805,-0.6744489669799805,-1.1868133544921875,-0.8305958991958131,-1.7494734679509634,10.0,1.0
3.313,-0.675593376159668,-0.675593376159668,-1.1076927185058594,-0.8323412738406638,-1.7412672086792895,10.0,1.0
3.314,-0.6767377853393555,-0.6767377853393555,-1.2307701110839844,-0.8340784336131714,-1.7330437638034368,10.0,1.0
3.315,-0.6782636642456055,-0.6782636642456055,-1.2747249603271484,-0.8358073613682704,-1.724803214485064,10.0,1.0
3.3160000000000003,-0.679408073425293,-0.679408073425293,-1.2747249603271484,-0.8375280400421418,-1.7165456420553369,10.0,1.0
3.317,-0.6805524826049805,-0.6805524826049805,-1.1780223846435547,-0.8392404526523816,-1.7082711280137914,10.0,1.0
3.318,-0.681696891784668,-0.681696891784668,-1.125274658203125,-0.8409445822981689,-1.699979754025378,10.0,1.0
3.319,-0.6828413009643555,-0.6828413009643555,-1.0901107788085938,-0.842640412160432,-1.6916716019231899,10.0,1.0
3.3200000000000003,-0.6836042404174805,-0.6836042404174805,-0.9934062957763672,-0.8443279255020156,-1.683346753705166,10.0,1.0
3.321,-0.684748649597168,-0.684748649597168,-1.0637359619140625,-0.8460071056678427,-1.6750052915341485,10.0,1.0
3.322,-0.6858930587768555,-0.6858930587768555,-1.1340656280517578,-0.8476779360850836,-1.6666472977367448,10.0,1.0
3.323,-0.687037467956543,-0.687037467956543,-1.2043952941894531,-0.8493404002633158,-1.6582728548040109,10.0,1.0
3.3240000000000003,-0.6881818771362305,-0.6881818771362305,-1.1340656280517578,-0.850994481794692,-1.6498820453880398,10.0,1.0
3.325,-0.689326286315918,-0.689326286315918,-1.0989017486572266,-0.8526401643540923,-1.641474952301735,10.0,1.0
3.326,-0.6904706954956055,-0.6904706954956055,-1.0285720825195312,-0.854277431699295,-1.6330516585204577,10.0,1.0
3.327,-0.691615104675293,-0.691615104675293,-1.0461540222167969,-0.8559062676711329,-1.6246122471787316,10.0,1.0
3.3280000000000003,-0.692378044128418,-0.692378044128418,-0.9670333862304688,-0.8575266561936529,-1.6161568015698435,10.0,1.0
3.329,-0.6935224533081055,-0.6935224533081055,-1.0901107788085938,-0.8591385812742729,-1.6076854051453324,10.0,1.0
3.33,-0.694666862487793,-0.694666862487793,-1.0901107788085938,-0.8607420270039432,-1.5991981415154441,10.0,1.0
3.331,-0.6958112716674805,-0.6958112716674805,-1.1428565979003906,-0.8623369775573034,-1.5906950944458913,10.0,1.0
3.332,-0.696955680847168,-0.696955680847168,-1.037363052368164,-0.8639234171928346,-1.5821763478576827,10.0,1.0
3.333,-0.697718620300293,-0.697718620300293,-1.037363052368164,-0.8655013302530191,-1.5736419858274644,10.0,1.0
3.334,-0.6988630294799805,-0.6988630294799805,-0.9406585693359375,-0.86707070116449,-1.5650920925862124,10.0,1.0
3.335,-0.6996259689331055,-0.6996259689331055,-0.9582424163818359,-0.8686315144381912,-1.5565267525178683,10.0,1.0
3.336,-0.700770378112793,-0.700770378112793,-0.8615379333496094,-0.8701837546695255,-1.5479460501586004,10.0,1.0
3.337,-0.701533317565918,-0.701533317565918,-0.9318675994873047,-0.8717274065385087,-1.5393500701969742,10.0,1.0
3.338,-0.7026777267456055,-0.7026777267456055,-0.9582424163818359,-0.8732624548099198,-1.5307388974720197,10.0,1.0
3.339,-0.7034406661987305,-0.7034406661987305,-0.9934062957763672,-0.8747888843334524,-1.5221126169717536,10.0,1.0
3.34,-0.704585075378418,-0.704585075378418,-0.9670333862304688,-0.876306680043863,-1.5134713138346,10.0,1.0
3.341,-0.705348014831543,-0.705348014831543,-0.9758243560791016,-0.8778158269611219,-1.5048150733464354,10.0,1.0
3.342,-0.7064924240112305,-0.7064924240112305,-1.0197811126708984,-0.8793163101905563,-1.4961439809410422,10.0,1.0
3.343,-0.707636833190918,-0.707636833190918,-0.9670333862304688,-0.8808081149230036,-1.487458122198575,10.0,1.0
3.344,-0.708399772644043,-0.708399772644043,-0.9494514465332031,-0.8822912264349532,-1.4787575828447075,10.0,1.0
3.345,-0.709162712097168,-0.709162712097168,-0.9142856597900391,-0.8837656300886932,-1.4700424487506893,10.0,1.0
3.346,-0.7103071212768555,-0.7103071212768555,-1.0109882354736328,-0.8852313113324549,-1.461312805931641,10.0,1.0
3.347,-0.7110700607299805,-0.7110700607299805,-0.9582424163818359,-0.8866882557005562,-1.4525687405447911,10.0,1.0
3.348,-0.712214469909668,-0.712214469909668,-1.0197811126708984,-0.8881364488135441,-1.4438103388908985,10.0,1.0
3.349,-0.7133588790893555,-0.7133588790893555,-0.9318675994873047,-0.8895758763783382,-1.435037687411807,10.0,1.0
3.35,-0.7141218185424805,-0.7141218185424805,-0.9846153259277344,-0.8910065241883681,-1.4262508726900478,10.0,1.0
3.351,-0.715266227722168,-0.715266227722168,-0.9054946899414062,-0.892428378123718,-1.4174499814475894,10.0,1.0
3.352,-0.716029167175293,-0.716029167175293,-0.9494514465332031,-0.893841424151263,-1.4086351005466895,10.0,1.0
3.353,-0.716792106628418,-0.716792106628418,-0.8615379333496094,-0.8952456483248116,-1.3998063169862007,10.0,1.0
3.354,-0.717555046081543,-0.717555046081543,-0.8439559936523438,-0.8966410367852358,-1.390963717902082,10.0,1.0
3.355,-0.7186994552612305,-0.7186994552612305,-0.8967037200927734,-0.8980275757606154,-1.3821073905676258,10.0,1.0
3.356,-0.7194633483886719,-0.7194633483886719,-0.8175830841064453,-0.8994052515663707,-1.373237422391412,10.0,1.0
3.357,-0.7202262878417969,-0.7202262878417969,-0.8879127502441406,-0.9007740506053985,-1.3643539009160008,10.0,1.0
3.358,-0.7209892272949219,-0.7209892272949219,-0.8263740539550781,-0.9021339593682032,-1.3554569138180455,10.0,1.0
3.359,-0.7221336364746094,-0.7221336364746094,-0.8615379333496094,-0.9034849644330343,-1.3465465489080088,10.0,1.0
3.36,-0.7228965759277344,-0.7228965759277344,-0.9230766296386719,-0.9048270524660189,-1.3376228941276622,10.0,1.0
3.361,-0.7240409851074219,-0.7240409851074219,-0.8879127502441406,-0.9061602102212899,-1.3286860375488345,10.0,1.0
3.362,-0.7248039245605469,-0.7248039245605469,-0.8967037200927734,-0.9074844245411169,-1.3197360673751746,10.0,1.0
3.363,-0.7255668640136719,-0.7255668640136719,-0.8263740539550781,-0.90879968235604,-1.3107730719394226,10.0,1.0
3.364,-0.7263298034667969,-0.7263298034667969,-0.8439559936523438,-0.9101059706849954,-1.3017971397027281,10.0,1.0
3.365,-0.7270927429199219,-0.7270927429199219,-0.8615379333496094,-0.9114032766354457,-1.2928083592533426,10.0,1.0
3.366,-0.7282371520996094,-0.7282371520996094,-0.8263740539550781,-0.9126915874035024,-1.2838068193076424,10.0,1.0
3.367,-0.7290000915527344,-0.7290000915527344,-0.8439559936523438,-0.9139708902740608,-1.2747926087074575,10.0,1.0
3.368,-0.7297630310058594,-0.7297630310058594,-0.7824172973632812,-0.9152411726209171,-1.2657658164185364,10.0,1.0
3.369,-0.7305259704589844,-0.7305259704589844,-0.7999992370605469,-0.9165024219068981,-1.2567265315318537,10.0,1.0
3.37,-0.7312889099121094,-0.7312889099121094,-0.8087921142578125,-0.9177546256839811,-1.2476748432617342,10.0,1.0
3.371,-0.7320518493652344,-0.7320518493652344,-0.74725341796875,-0.9189977715934213,-1.2386108409446592,10.0,1.0
3.372,-0.7328147888183594,-0.7328147888183594,-0.74725341796875,-0.9202318473658703,-1.2295346140383572,10.0,1.0
3.373,-0.7335777282714844,-0.7335777282714844,-0.6945056915283203,-0.9214568408214983,-1.2204462521219739,10.0,1.0
3.374,-0.7339591979980469,-0.7339591979980469,-0.6505489349365234,-0.9226727398701146,-1.2113458448942538,10.0,1.0
3.375,-0.7347221374511719,-0.7347221374511719,-0.6681327819824219,-0.9238795325112864,-1.202233482171664,10.0,1.0
3.376,-0.7354850769042969,-0.7354850769042969,-0.7032966613769531,-0.9250772068344576,-1.1931092538900998,10.0,1.0
3.3770000000000002,-0.7362480163574219,-0.7362480163574219,-0.6593399047851562,-0.9262657510190668,-1.1839732501018148,10.0,1.0
3.378,-0.7370109558105469,-0.7370109558105469,-0.7032966613769531,-0.9274451533346615,-1.1748255609753642,10.0,1.0
3.379,-0.7373924255371094,-0.7373924255371094,-0.6769237518310547,-0.9286154021410173,-1.1656662767950934,10.0,1.0
3.38,-0.7381553649902344,-0.7381553649902344,-0.7032966613769531,-0.9297764858882513,-1.1564954879590346,10.0,1.0
3.3810000000000002,-0.7389183044433594,-0.7389183044433594,-0.7736263275146484,-0.9309283931169356,-1.1473132849795888,10.0,1.0
3.382,-0.7396812438964844,-0.7396812438964844,-0.7648353576660156,-0.9320711124582108,-1.138119758481423,10.0,1.0
3.383,-0.7404441833496094,-0.7404441833496094,-0.7560443878173828,-0.9332046326338983,-1.1289149992005605,10.0,1.0
3.384,-0.7412071228027344,-0.7412071228027344,-0.7560443878173828,-0.9343289424566118,-1.119699097984494,10.0,1.0
3.3850000000000002,-0.7419700622558594,-0.7419700622558594,-0.7032966613769531,-0.9354440308298676,-1.1104721457901974,10.0,1.0
3.386,-0.7427330017089844,-0.7427330017089844,-0.6857147216796875,-0.9365498867481925,-1.1012342336841812,10.0,1.0
3.387,-0.7434959411621094,-0.7434959411621094,-0.7208786010742188,-0.9376464992972358,-1.0919854528409587,10.0,1.0
3.388,-0.7442588806152344,-0.7442588806152344,-0.6769237518310547,-0.9387338576538742,-1.082725894541852,10.0,1.0
3.3890000000000002,-0.7446403503417969,-0.7446403503417969,-0.7120876312255859,-0.9398119510863197,-1.0734556501754469,10.0,1.0
3.39,-0.7454032897949219,-0.7454032897949219,-0.7384624481201172,-0.9408807689542253,-1.0641748112355458,10.0,1.0
3.391,-0.7461662292480469,-0.7461662292480469,-0.6505489349365234,-0.9419403007087905,-1.0548834693195772,10.0,1.0
3.392,-0.7469291687011719,-0.7469291687011719,-0.6857147216796875,-0.9429905358928643,-1.0455817161296181,10.0,1.0
3.3930000000000002,-0.7476921081542969,-0.7476921081542969,-0.7208786010742188,-0.94403146414105,-1.0362696434702343,10.0,1.0
3.394,-0.7484550476074219,-0.7484550476074219,-0.6681327819824219,-0.945063075179805,-1.0269473432476275,10.0,1.0
3.395,-0.7488365173339844,-0.7488365173339844,-0.6505489349365234,-0.946085358827545,-1.0176149074695218,10.0,1.0
3.396,-0.7495994567871094,-0.7495994567871094,-0.624176025390625,-0.9470983049947438,-1.0082724282434015,10.0,1.0
3.3970000000000002,-0.7499809265136719,-0.7499809265136719,-0.5626373291015625,-0.948101903684032,-0.9989199977752605,10.0,1.0
3.398,-0.7507438659667969,-0.7507438659667969,-0.5362644195556641,-0.9490961449902946,-0.9895577083699436,10.0,1.0
3.399,-0.7511253356933594,-0.7511253356933594,-0.5626373291015625,-0.9500810191007717,-0.9801856524295545,10.0,1.0
3.4,-0.7518882751464844,-0.7518882751464844,-0.5802192687988281,-0.9510565162951534,-0.9708039224525464,10.0,1.0
3.4010000000000002,-0.7522697448730469,-0.7522697448730469,-0.5450553894042969,-0.952022626945677,-0.961412611032415,10.0,1.0
3.402,-0.7530326843261719,-0.7530326843261719,-0.5802192687988281,-0.9529793415172185,-0.9520118108582096,10.0,1.0
3.403,-0.7534141540527344,-0.7534141540527344,-0.6065940856933594,-0.9539266505673932,-0.9426016147121459,10.0,1.0
3.404,-0.7541770935058594,-0.7541770935058594,-0.5802192687988281,-0.9548645447466426,-0.9331821154684121,10.0,1.0
3.4050000000000002,-0.7545585632324219,-0.7545585632324219,-0.5714282989501953,-0.9557930147983302,-0.9237534060938515,10.0,1.0
3.406,-0.7553215026855469,-0.7553215026855469,-0.6329669952392578,-0.9567120515588305,-0.9143155796461429,10.0,1.0
3.407,-0.7560844421386719,-0.7560844421386719,-0.6593399047851562,-0.9576216459576222,-0.9048687292727209,10.0,1.0
3.408,-0.7564659118652344,-0.7564659118652344,-0.5890102386474609,-0.9585217890173758,-0.8954129482101507,10.0,1.0
3.4090000000000003,-0.7572288513183594,-0.7572288513183594,-0.5714282989501953,-0.9594124718540428,-0.8859483297834458,10.0,1.0
3.41,-0.7576103210449219,-0.7576103210449219,-0.5714282989501953,-0.960293685676943,-0.8764749674045902,10.0,1.0
3.411,-0.7579917907714844,-0.7579917907714844,-0.5186805725097656,-0.9611654217888517,-0.8669929545714012,10.0,1.0
3.412,-0.7587547302246094,-0.7587547302246094,-0.47472572326660156,-0.9620276715860856,-0.8575023848679848,10.0,1.0
3.4130000000000003,-0.7591361999511719,-0.7591361999511719,-0.4483509063720703,-0.9628804265585877,-0.8480033519619496,10.0,1.0
3.414,-0.7595176696777344,-0.7595176696777344,-0.4483509063720703,-0.9637236782900098,-0.838495949605317,10.0,1.0
3.415,-0.7598991394042969,-0.7598991394042969,-0.4483509063720703,-0.9645574184577982,-0.8289802716320764,10.0,1.0
3.416,-0.7602806091308594,-0.7602806091308594,-0.45714378356933594,-0.9653816388332739,-0.8194564119581855,10.0,1.0
3.4170000000000003,-0.7610435485839844,-0.7610435485839844,-0.4307689666748047,-0.9661963312817147,-0.8099244645804902,10.0,1.0
3.418,-0.7614250183105469,-0.7614250183105469,-0.46593475341796875,-0.967001487762435,-0.800384523575417,10.0,1.0
3.419,-0.7618064880371094,-0.7618064880371094,-0.4923076629638672,-0.9677971003288653,-0.790836683098064,10.0,1.0
3.42,-0.7621879577636719,-0.7621879577636719,-0.45714378356933594,-0.968583161128631,-0.7812810373820298,10.0,1.0
3.4210000000000003,-0.7629508972167969,-0.7629508972167969,-0.46593475341796875,-0.9693596624036295,-0.7717176807374244,10.0,1.0
3.422,-0.7633323669433594,-0.7633323669433594,-0.5186805725097656,-0.970126596490106,-0.7621467075509258,10.0,1.0
3.423,-0.7637138366699219,-0.7637138366699219,-0.5186805725097656,-0.9708839558187311,-0.752568212284018,10.0,1.0
3.424,-0.7644767761230469,-0.7644767761230469,-0.5274734497070312,-0.971631732914674,-0.7429822894726499,10.0,1.0
3.4250000000000003,-0.7648582458496094,-0.7648582458496094,-0.45714378356933594,-0.9723699203976766,-0.7333890337260982,10.0,1.0
3.426,-0.7652397155761719,-0.7652397155761719,-0.45714378356933594,-0.9730985109821265,-0.7237885397262289,10.0,1.0
3.427,-0.7656211853027344,-0.7656211853027344,-0.45714378356933594,-0.9738174974771288,-0.7141809022253369,10.0,1.0
3.428,-0.7660026550292969,-0.7660026550292969,-0.4395599365234375,-0.974526872786577,-0.7045662160473398,10.0,1.0
3.4290000000000003,-0.7663841247558594,-0.7663841247558594,-0.378021240234375,-0.9752266299092236,-0.6949445760851631,10.0,1.0
3.43,-0.7667655944824219,-0.7667655944824219,-0.35164833068847656,-0.9759167619387475,-0.6853160773004561,10.0,1.0
3.431,-0.7671470642089844,-0.7671470642089844,-0.3164844512939453,-0.9765972620638244,-0.6756808147228526,10.0,1.0
3.432,-0.7675285339355469,-0.7675285339355469,-0.3252754211425781,-0.9772681235681931,-0.6660388834486639,10.0,1.0
3.4330000000000003,-0.7679100036621094,-0.7679100036621094,-0.3252754211425781,-0.9779293398307218,-0.6563903786394008,10.0,1.0
3.434,-0.7682914733886719,-0.7682914733886719,-0.3164844512939453,-0.9785809043254721,-0.6467353955220005,10.0,1.0
3.435,-0.7686729431152344,-0.7686729431152344,-0.35164833068847656,-0.9792228106217657,-0.6370740293874064,10.0,1.0
3.436,-0.7686729431152344,-0.7686729431152344,-0.3076915740966797,-0.9798550523842467,-0.6274063755893735,10.0,1.0
3.4370000000000003,-0.7690544128417969,-0.7690544128417969,-0.3076915740966797,-0.9804776233729446,-0.6177325295435026,10.0,1.0
3.438,-0.7694358825683594,-0.7694358825683594,-0.35164833068847656,-0.981090517443334,-0.6080525867270694,10.0,1.0
3.439,-0.7698173522949219,-0.7698173522949219,-0.3604393005371094,-0.9816937285463987,-0.5983666426773198,10.0,1.0
3.44,-0.7701988220214844,-0.7701988220214844,-0.35164833068847656,-0.9822872507286885,-0.5886747929902185,10.0,1.0
3.4410000000000003,-0.7705802917480469,-0.7705802917480469,-0.35164833068847656,-0.9828710781323793,-0.5789771333205067,10.0,1.0
3.442,-0.7709617614746094,-0.7709617614746094,-0.3692302703857422,-0.9834452049953297,-0.5692737593803372,10.0,1.0
3.443,-0.7713432312011719,-0.7713432312011719,-0.3692302703857422,-0.9840096256511398,-0.5595647669378536,10.0,1.0
3.444,-0.7717247009277344,-0.7717247009277344,-0.40439605712890625,-0.9845643345292053,-0.5498502518170199,10.0,1.0
3.4450000000000003,-0.7721061706542969,-0.7721061706542969,-0.40439605712890625,-0.9851093261547739,-0.5401303098961989,10.0,1.0
3.446,-0.7724876403808594,-0.7724876403808594,-0.4395599365234375,-0.9856445951489979,-0.5304050371074709,10.0,1.0
3.447,-0.7728691101074219,-0.7728691101074219,-0.3868141174316406,-0.9861701362289887,-0.5206745294350412,10.0,1.0
3.448,-0.7732505798339844,-0.7732505798339844,-0.3076915740966797,-0.9866859442078679,-0.5109388829152408,10.0,1.0
3.4490000000000003,-0.7736320495605469,-0.7736320495605469,-0.378021240234375,-0.9871920139948193,-0.5011981936348775,10.0,1.0
3.45,-0.7740135192871094,-0.7740135192871094,-0.34285736083984375,-0.9876883405951378,-0.49145255773066765,10.0,1.0
3.451,-0.7743949890136719,-0.7743949890136719,-0.34285736083984375,-0.9881749191102805,-0.48170207138821297,10.0,1.0
3.452,-0.7747764587402344,-0.7747764587402344,-0.3252754211425781,-0.9886517447379141,-0.4719468308405794,10.0,1.0
3.4530000000000003,-0.7747764587402344,-0.7747764587402344,-0.28131866455078125,-0.9891188127719618,-0.4621869323684109,10.0,1.0
3.454,-0.7751579284667969,-0.7751579284667969,-0.2637367248535156,-0.9895761186026509,-0.4524224722978829,10.0,1.0
3.455,-0.7755393981933594,-0.7755393981933594,-0.2549457550048828,-0.9900236577165575,-0.44265354700013404,10.0,1.0
3.456,-0.7755393981933594,-0.7755393981933594,-0.2549457550048828,-0.9904614256966511,-0.43288025289058396,10.0,1.0
3.457,-0.7759208679199219,-0.7759208679199219,-0.23736190795898438,-0.9908894182223386,-0.42310268642779647,10.0,1.0
3.458,-0.7763023376464844,-0.7763023376464844,-0.21098899841308594,-0.9913076310695067,-0.4133209441121153,10.0,1.0
3.459,-0.7763023376464844,-0.7763023376464844,-0.21098899841308594,-0.9917160601105629,-0.4035351224856072,10.0,1.0
3.46,-0.7766838073730469,-0.7766838073730469,-0.22857093811035156,-0.9921147013144779,-0.39374531813035674,10.0,1.0
3.461,-0.7766838073730469,-0.7766838073730469,-0.23736190795898438,-0.9925035507468235,-0.3839516276678978,10.0,1.0
3.462,-0.7770652770996094,-0.7770652770996094,-0.22857093811035156,-0.9928826045698137,-0.3741541477578494,10.0,1.0
3.463,-0.7770652770996094,-0.7770652770996094,-0.1758251190185547,-0.9932518590423394,-0.36435297509740394,10.0,1.0
3.464,-0.7774467468261719,-0.7774467468261719,-0.1758251190185547,-0.9936113105200084,-0.35454820642013374,10.0,1.0
3.465,-0.7774467468261719,-0.7774467468261719,-0.1846160888671875,-0.9939609554551796,-0.34473993849525186,10.0,1.0
3.466,-0.7778282165527344,-0.7778282165527344,-0.1934070587158203,-0.994300790396999,-0.3349282681263617,10.0,1.0
3.467,-0.7778282165527344,-0.7778282165527344,-0.1758251190185547,-0.9946308119914324,-0.3251132921505473,10.0,1.0
3.468,-0.7782096862792969,-0.7782096862792969,-0.1318683624267578,-0.9949510169813001,-0.3152951074379189,10.0,1.0
3.469,-0.7782096862792969,-0.7782096862792969,-0.14945030212402344,-0.9952614022063082,-0.30547381088996417,10.0,1.0
3.47,-0.7782096862792969,-0.7782096862792969,-0.1318683624267578,-0.99556196460308,-0.29564949943863894,10.0,1.0
3.471,-0.7785911560058594,-0.7785911560058594,-0.123077392578125,-0.9958527012051857,-0.28582227004619654,10.0,1.0
3.472,-0.7785911560058594,-0.7785911560058594,-0.07032966613769531,-0.9961336091431724,-0.27599221970336885,10.0,1.0
3.473,-0.7785911560058594,-0.7785911560058594,-0.09670257568359375,-0.9964046856445924,-0.2661594454286842,10.0,1.0
3.474,-0.7785911560058594,-0.7785911560058594,-0.07912063598632812,-0.9966659280340299,-0.25632404426772837,10.0,1.0
3.475,-0.7789726257324219,-0.7789726257324219,-0.07032966613769531,-0.9969173337331279,-0.24648611329200776,10.0,1.0
3.476,-0.7789726257324219,-0.7789726257324219,-0.043956756591796875,-0.9971589002606138,-0.23664574959786933,10.0,1.0
3.477,-0.7789726257324219,-0.7789726257324219,-0.05274772644042969,-0.9973906252323236,-0.2268030503057048,10.0,1.0
3.478,-0.7789726257324219,-0.7789726257324219,-0.043956756591796875,-0.9976125063612252,-0.21695811255887065,10.0,1.0
3.479,-0.7789726257324219,-0.7789726257324219,-0.10549545288085938,-0.9978245414574415,-0.2071110335231765,10.0,1.0
3.48,-0.7789726257324219,-0.7789726257324219,-0.0615386962890625,-0.9980267284282716,-0.19726191038517982,10.0,1.0
3.481,-0.7793540954589844,-0.7793540954589844,-0.07032966613769531,-0.9982190652782118,-0.187410840351788,10.0,1.0
3.482,-0.7793540954589844,-0.7793540954589844,-0.11428642272949219,-0.998401550108975,-0.1775579206488942,10.0,1.0
3.483,-0.7793540954589844,-0.7793540954589844,-0.07032966613769531,-0.9985741811195097,-0.16770324852120666,10.0,1.0
3.484,-0.7793540954589844,-0.7793540954589844,-0.09670257568359375,-0.9987369566060175,-0.15784692123014565,10.0,1.0
3.485,-0.7797355651855469,-0.7797355651855469,-0.09670257568359375,-0.9988898749619699,-0.14798903605361602,10.0,1.0
3.486,-0.7797355651855469,-0.7797355651855469,-0.07912063598632812,-0.9990329346781247,-0.13812969028504085,10.0,1.0
3.487,-0.7797355651855469,-0.7797355651855469,-0.08791160583496094,-0.9991661343425401,-0.12826898123228148,10.0,1.0
3.488,-0.7797355651855469,-0.7797355651855469,-0.09670257568359375,-0.9992894726405892,-0.11840700621644373,10.0,1.0
3.489,-0.7797355651855469,-0.7797355651855469,-0.043956756591796875,-0.9994029483549729,-0.10854386257119586,10.0,1.0
3.49,-0.7801170349121094,-0.7801170349121094,-0.026372909545898438,-0.9995065603657316,-0.0986796476417453,10.0,1.0
3.491,-0.7801170349121094,-0.7801170349121094,-0.008790969848632812,-0.9996003076502565,-0.08881445878421346,10.0,1.0
3.492,-0.7801170349121094,-0.7801170349121094,0.0,-0.9996841892832999,-0.0789483933637598,10.0,1.0
3.493,-0.7801170349121094,-0.7801170349121094,0.008790969848632812,-0.999758204436984,-0.06908154875463879,10.0,1.0
3.494,-0.7801170349121094,-0.7801170349121094,0.03516578674316406,-0.9998223523808091,-0.05921402233821027,10.0,1.0
3.495,-0.7797355651855469,-0.7797355651855469,0.026372909545898438,-0.9998766324816606,-0.04934591150350798,10.0,1.0
3.496,-0.7797355651855469,-0.7797355651855469,0.03516578674316406,-0.9999210442038161,-0.0394773136446247,10.0,1.0
3.497,-0.7797355651855469,-0.7797355651855469,0.008790969848632812,-0.9999555871089498,-0.02960832616048492,10.0,1.0
3.498,-0.7797355651855469,-0.7797355651855469,-0.017581939697265625,-0.9999802608561371,-0.01973904645416269,10.0,1.0
3.499,-0.7797355651855469,-0.7797355651855469,0.026372909545898438,-0.9999950652018582,-0.009869571931460541,10.0,1.0
3.5,-0.7797355651855469,-0.7797355651855469,0.03516578674316406,-1.0,0.0,10.0,1.0
3.501,-0.7797355651855469,-0.7797355651855469,0.026372909545898438,-0.9999950652018582,0.009869571931460541,10.0,1.0
3.5020000000000002,-0.7797355651855469,-0.7797355651855469,0.03516578674316406,-0.9999802608561371,0.019739046454219533,10.0,1.0
3.503,-0.7797355651855469,-0.7797355651855469,0.008790969848632812,-0.9999555871089498,0.02960832616048492,10.0,1.0
3.504,-0.7797355651855469,-0.7797355651855469,0.07912063598632812,-0.9999210442038161,0.0394773136446247,10.0,1.0
3.505,-0.7797355651855469,-0.7797355651855469,0.03516578674316406,-0.9998766324816606,0.04934591150350798,10.0,1.0
3.5060000000000002,-0.7793540954589844,-0.7793540954589844,0.05274772644042969,-0.999822352380809,0.059214022338267114,10.0,1.0
3.507,-0.7793540954589844,-0.7793540954589844,0.0615386962890625,-0.999758204436984,0.0690815487545251,10.0,1.0
3.508,-0.7793540954589844,-0.7793540954589844,0.0615386962890625,-0.9996841892832999,0.0789483933637598,10.0,1.0
3.509,-0.7793540954589844,-0.7793540954589844,0.07912063598632812,-0.9996003076502565,0.08881445878421346,10.0,1.0
3.5100000000000002,-0.7793540954589844,-0.7793540954589844,0.07032966613769531,-0.9995065603657315,0.09867964764185899,10.0,1.0
3.511,-0.7793540954589844,-0.7793540954589844,0.0615386962890625,-0.9994029483549729,0.10854386257108217,10.0,1.0
3.512,-0.7793540954589844,-0.7793540954589844,0.043956756591796875,-0.9992894726405893,0.11840700621638689,10.0,1.0
3.513,-0.7789726257324219,-0.7789726257324219,0.07912063598632812,-0.9991661343425402,0.12826898123228148,10.0,1.0
3.5140000000000002,-0.7789726257324219,-0.7789726257324219,0.07912063598632812,-0.9990329346781247,0.1381296902850977,10.0,1.0
3.515,-0.7789726257324219,-0.7789726257324219,0.07032966613769531,-0.99888987496197,0.14798903605361602,10.0,1.0
3.516,-0.7789726257324219,-0.7789726257324219,0.07032966613769531,-0.9987369566060175,0.15784692123014565,10.0,1.0
3.517,-0.7785911560058594,-0.7785911560058594,0.1318683624267578,-0.9985741811195098,0.16770324852120666,10.0,1.0
3.5180000000000002,-0.7785911560058594,-0.7785911560058594,0.11428642272949219,-0.998401550108975,0.17755792064900788,10.0,1.0
3.519,-0.7785911560058594,-0.7785911560058594,0.123077392578125,-0.9982190652782118,0.187410840351788,10.0,1.0
3.52,-0.7782096862792969,-0.7782096862792969,0.1318683624267578,-0.9980267284282716,0.19726191038517982,10.0,1.0
3.521,-0.7782096862792969,-0.7782096862792969,0.1318683624267578,-0.9978245414574415,0.20711103352311966,10.0,1.0
3.5220000000000002,-0.7782096862792969,-0.7782096862792969,0.123077392578125,-0.9976125063612251,0.21695811255898434,10.0,1.0
3.523,-0.7778282165527344,-0.7778282165527344,0.11428642272949219,-0.9973906252323236,0.22680305030559111,10.0,1.0
3.524,-0.7778282165527344,-0.7778282165527344,0.11428642272949219,-0.9971589002606139,0.23664574959781248,10.0,1.0
3.525,-0.7778282165527344,-0.7778282165527344,0.09670257568359375,-0.996917333733128,0.24648611329200776,10.0,1.0
3.5260000000000002,-0.7778282165527344,-0.7778282165527344,0.08791160583496094,-0.9966659280340299,0.2563240442677852,10.0,1.0
3.527,-0.7774467468261719,-0.7774467468261719,0.123077392578125,-0.9964046856445924,0.26615944542874104,10.0,1.0
3.528,-0.7774467468261719,-0.7774467468261719,0.10549545288085938,-0.9961336091431725,0.275992219703312,10.0,1.0
3.529,-0.7774467468261719,-0.7774467468261719,0.11428642272949219,-0.9958527012051858,0.2858222700462534,10.0,1.0
3.5300000000000002,-0.7774467468261719,-0.7774467468261719,0.1318683624267578,-0.9955619646030799,0.2956494994386958,10.0,1.0
3.531,-0.7770652770996094,-0.7770652770996094,0.123077392578125,-0.9952614022063083,0.30547381088996417,10.0,1.0
3.532,-0.7770652770996094,-0.7770652770996094,0.1318683624267578,-0.9949510169813001,0.3152951074379189,10.0,1.0
3.533,-0.7766838073730469,-0.7766838073730469,0.15824127197265625,-0.9946308119914326,0.32511329215049045,10.0,1.0
3.5340000000000003,-0.7766838073730469,-0.7766838073730469,0.11428642272949219,-0.9943007903969989,0.3349282681264185,10.0,1.0
3.535,-0.7766838073730469,-0.7766838073730469,0.123077392578125,-0.9939609554551797,0.3447399384953087,10.0,1.0
3.536,-0.7763023376464844,-0.7763023376464844,0.1318683624267578,-0.9936113105200084,0.35454820642013374,10.0,1.0
3.537,-0.7763023376464844,-0.7763023376464844,0.123077392578125,-0.9932518590423395,0.3643529750973471,10.0,1.0
3.5380000000000003,-0.7763023376464844,-0.7763023376464844,0.123077392578125,-0.9928826045698136,0.37415414775790623,10.0,1.0
3.539,-0.7763023376464844,-0.7763023376464844,0.10549545288085938,-0.9925035507468236,0.38395162766784097,10.0,1.0
3.54,-0.7759208679199219,-0.7759208679199219,0.1318683624267578,-0.992114701314478,0.39374531813035674,10.0,1.0
3.541,-0.7759208679199219,-0.7759208679199219,0.14945030212402344,-0.991716060110563,0.4035351224856072,10.0,1.0
3.5420000000000003,-0.7759208679199219,-0.7759208679199219,0.14065933227539062,-0.9913076310695066,0.41332094411217213,10.0,1.0
3.543,-0.7755393981933594,-0.7755393981933594,0.14945030212402344,-0.9908894182223387,0.4231026864277396,10.0,1.0
3.544,-0.7755393981933594,-0.7755393981933594,0.14945030212402344,-0.9904614256966512,0.43288025289058396,10.0,1.0
3.545,-0.7751579284667969,-0.7751579284667969,0.123077392578125,-0.9900236577165576,0.4426535470000772,10.0,1.0
3.5460000000000003,-0.7751579284667969,-0.7751579284667969,0.14065933227539062,-0.9895761186026508,0.4524224722978829,10.0,1.0
3.547,-0.7751579284667969,-0.7751579284667969,0.123077392578125,-0.9891188127719619,0.46218693236835406,10.0,1.0
3.548,-0.7747764587402344,-0.7747764587402344,0.123077392578125,-0.9886517447379142,0.4719468308406931,10.0,1.0
3.549,-0.7747764587402344,-0.7747764587402344,0.14945030212402344,-0.9881749191102807,0.48170207138815613,10.0,1.0
3.5500000000000003,-0.7747764587402344,-0.7747764587402344,0.16703224182128906,-0.9876883405951377,0.49145255773066765,10.0,1.0
3.551,-0.7743949890136719,-0.7743949890136719,0.1758251190185547,-0.9871920139948192,0.5011981936348775,10.0,1.0
3.552,-0.7743949890136719,-0.7743949890136719,0.20219802856445312,-0.986685944207868,0.5109388829152408,10.0,1.0
3.553,-0.7740135192871094,-0.7740135192871094,0.22857093811035156,-0.9861701362289889,0.5206745294349275,10.0,1.0
3.5540000000000003,-0.7740135192871094,-0.7740135192871094,0.1846160888671875,-0.985644595148998,0.5304050371073572,10.0,1.0
3.555,-0.7736320495605469,-0.7736320495605469,0.21098899841308594,-0.985109326154774,0.5401303098963126,10.0,1.0
3.556,-0.7732505798339844,-0.7732505798339844,0.23736190795898438,-0.9845643345292056,0.5498502518170767,10.0,1.0
3.557,-0.7732505798339844,-0.7732505798339844,0.20219802856445312,-0.9840096256511399,0.5595647669378536,10.0,1.0
3.5580000000000003,-0.7728691101074219,-0.7728691101074219,0.21098899841308594,-0.9834452049953296,0.5692737593803372,10.0,1.0
3.559,-0.7728691101074219,-0.7728691101074219,0.21098899841308594,-0.9828710781323792,0.5789771333205636,10.0,1.0
3.56,-0.7724876403808594,-0.7724876403808594,0.27252769470214844,-0.9822872507286886,0.5886747929902754,10.0,1.0
3.561,-0.7721061706542969,-0.7721061706542969,0.22857093811035156,-0.9816937285463988,0.5983666426771492,10.0,1.0
3.5620000000000003,-0.7721061706542969,-0.7721061706542969,0.21098899841308594,-0.9810905174433341,0.6080525867271831,10.0,1.0
3.563,-0.7717247009277344,-0.7717247009277344,0.21977996826171875,-0.9804776233729444,0.6177325295436162,10.0,1.0
3.564,-0.7717247009277344,-0.7717247009277344,0.20219802856445312,-0.979855052384247,0.6274063755893167,10.0,1.0
3.565,-0.7713432312011719,-0.7713432312011719,0.24615478515625,-0.979222810621766,0.6370740293874064,10.0,1.0
3.5660000000000003,-0.7713432312011719,-0.7713432312011719,0.20219802856445312,-0.978580904325472,0.6467353955220574,10.0,1.0
3.567,-0.7709617614746094,-0.7709617614746094,0.1846160888671875,-0.9779293398307217,0.6563903786394008,10.0,1.0
3.568,-0.7709617614746094,-0.7709617614746094,0.20219802856445312,-0.9772681235681934,0.6660388834487208,10.0,1.0
3.569,-0.7705802917480469,-0.7705802917480469,0.16703224182128906,-0.9765972620638245,0.6756808147229094,10.0,1.0
3.5700000000000003,-0.7705802917480469,-0.7705802917480469,0.1846160888671875,-0.9759167619387473,0.6853160773003992,10.0,1.0
3.571,-0.7701988220214844,-0.7701988220214844,0.16703224182128906,-0.9752266299092235,0.6949445760851063,10.0,1.0
3.572,-0.7701988220214844,-0.7701988220214844,0.1934070587158203,-0.9745268727865772,0.7045662160473398,10.0,1.0
3.573,-0.7698173522949219,-0.7698173522949219,0.1934070587158203,-0.973817497477129,0.7141809022253369,10.0,1.0
3.5740000000000003,-0.7698173522949219,-0.7698173522949219,0.1846160888671875,-0.9730985109821263,0.7237885397262289,10.0,1.0
3.575,-0.7694358825683594,-0.7694358825683594,0.1934070587158203,-0.9723699203976764,0.733389033726155,10.0,1.0
3.576,-0.7694358825683594,-0.7694358825683594,0.15824127197265625,-0.9716317329146742,0.742982289472593,10.0,1.0
3.577,-0.7690544128417969,-0.7690544128417969,0.14945030212402344,-0.9708839558187313,0.7525682122840749,10.0,1.0
3.5780000000000003,-0.7690544128417969,-0.7690544128417969,0.14945030212402344,-0.9701265964901058,0.7621467075509827,10.0,1.0
3.579,-0.7686729431152344,-0.7686729431152344,0.14945030212402344,-0.9693596624036293,0.7717176807374244,10.0,1.0
3.58,-0.7686729431152344,-0.7686729431152344,0.16703224182128906,-0.9685831611286312,0.7812810373819161,10.0,1.0
3.581,-0.7682914733886719,-0.7682914733886719,0.20219802856445312,-0.9677971003288656,0.790836683098064,10.0,1.0
3.5820000000000003,-0.7682914733886719,-0.7682914733886719,0.1758251190185547,-0.9670014877624348,0.8003845235753033,10.0,1.0
3.583,-0.7682914733886719,-0.7682914733886719,0.1846160888671875,-0.9661963312817149,0.8099244645804333,10.0,1.0
3.584,-0.7679100036621094,-0.7679100036621094,0.1758251190185547,-0.9653816388332741,0.8194564119583561,10.0,1.0
3.585,-0.7679100036621094,-0.7679100036621094,0.20219802856445312,-0.9645574184577984,0.8289802716320764,10.0,1.0
3.586,-0.7675285339355469,-0.7675285339355469,0.21098899841308594,-0.96372367829001,0.838495949605317,10.0,1.0
3.587,-0.7671470642089844,-0.7671470642089844,0.21098899841308594,-0.9628804265585875,0.8480033519620633,10.0,1.0
3.588,-0.7671470642089844,-0.7671470642089844,0.21098899841308594,-0.9620276715860858,0.8575023848678711,10.0,1.0
3.589,-0.7667655944824219,-0.7667655944824219,0.21977996826171875,-0.9611654217888519,0.8669929545714012,10.0,1.0
3.59,-0.7667655944824219,-0.7667655944824219,0.21098899841308594,-0.9602936856769432,0.8764749674043628,10.0,1.0
3.591,-0.7663841247558594,-0.7663841247558594,0.23736190795898438,-0.959412471854043,0.8859483297835027,10.0,1.0
3.592,-0.7660026550292969,-0.7660026550292969,0.27252769470214844,-0.9585217890173761,0.8954129482103212,10.0,1.0
3.593,-0.7660026550292969,-0.7660026550292969,0.3164844512939453,-0.9576216459576224,0.9048687292727209,10.0,1.0
3.594,-0.7656211853027344,-0.7656211853027344,0.28131866455078125,-0.9567120515588308,0.9143155796461429,10.0,1.0
3.595,-0.7652397155761719,-0.7652397155761719,0.3252754211425781,-0.95579301479833,0.9237534060938515,10.0,1.0
3.596,-0.7648582458496094,-0.7648582458496094,0.33406639099121094,-0.9548645447466428,0.9331821154682984,10.0,1.0
3.597,-0.7644767761230469,-0.7644767761230469,0.2989006042480469,-0.9539266505673936,0.942601614712089,10.0,1.0
3.598,-0.7640953063964844,-0.7640953063964844,0.34285736083984375,-0.9529793415172189,0.9520118108582665,10.0,1.0
3.599,-0.7640953063964844,-0.7640953063964844,0.3604393005371094,-0.9520226269456767,0.9614126110324719,10.0,1.0
3.6,-0.7637138366699219,-0.7637138366699219,0.33406639099121094,-0.9510565162951538,0.9708039224525464,10.0,1.0
3.601,-0.7633323669433594,-0.7633323669433594,0.34285736083984375,-0.9500810191007719,0.9801856524296113,10.0,1.0
3.602,-0.7629508972167969,-0.7629508972167969,0.33406639099121094,-0.9490961449902948,0.9895577083699436,10.0,1.0
3.603,-0.7625694274902344,-0.7625694274902344,0.3252754211425781,-0.9481019036840318,0.9989199977753174,10.0,1.0
3.604,-0.7621879577636719,-0.7621879577636719,0.3076915740966797,-0.9470983049947441,1.0082724282434015,10.0,1.0
3.605,-0.7618064880371094,-0.7618064880371094,0.34285736083984375,-0.9460853588275452,1.0176149074695218,10.0,1.0
3.606,-0.7614250183105469,-0.7614250183105469,0.34285736083984375,-0.9450630751798054,1.0269473432476275,10.0,1.0
3.607,-0.7610435485839844,-0.7610435485839844,0.35164833068847656,-0.9440314641410498,1.0362696434702912,10.0,1.0
3.608,-0.7610435485839844,-0.7610435485839844,0.34285736083984375,-0.9429905358928645,1.0455817161296181,10.0,1.0
3.609,-0.7606620788574219,-0.7606620788574219,0.3164844512939453,-0.9419403007087908,1.0548834693195204,10.0,1.0
3.61,-0.7602806091308594,-0.7602806091308594,0.3076915740966797,-0.9408807689542257,1.0641748112355458,10.0,1.0
3.611,-0.7598991394042969,-0.7598991394042969,0.35164833068847656,-0.9398119510863193,1.0734556501755037,10.0,1.0
3.612,-0.7595176696777344,-0.7595176696777344,0.34285736083984375,-0.9387338576538744,1.0827258945417384,10.0,1.0
3.613,-0.7591361999511719,-0.7591361999511719,0.33406639099121094,-0.9376464992972361,1.0919854528409019,10.0,1.0
3.614,-0.7587547302246094,-0.7587547302246094,0.34285736083984375,-0.9365498867481928,1.1012342336842948,10.0,1.0
3.615,-0.7583732604980469,-0.7583732604980469,0.34285736083984375,-0.9354440308298673,1.110472145790311,10.0,1.0
3.616,-0.7579917907714844,-0.7579917907714844,0.35164833068847656,-0.934328942456612,1.1196990979844372,10.0,1.0
3.617,-0.7576103210449219,-0.7576103210449219,0.40439605712890625,-0.9332046326338986,1.1289149992005605,10.0,1.0
3.618,-0.7572288513183594,-0.7572288513183594,0.4483509063720703,-0.9320711124582111,1.1381197584811957,10.0,1.0
3.619,-0.7568473815917969,-0.7568473815917969,0.45714378356933594,-0.930928393116936,1.1473132849796457,10.0,1.0
3.62,-0.7564659118652344,-0.7564659118652344,0.4395599365234375,-0.9297764858882517,1.1564954879593188,10.0,1.0
3.621,-0.7560844421386719,-0.7560844421386719,0.45714378356933594,-0.9286154021410177,1.1656662767951502,10.0,1.0
3.622,-0.7553215026855469,-0.7553215026855469,0.5098896026611328,-0.9274451533346617,1.174825560975421,10.0,1.0
3.623,-0.7549400329589844,-0.7549400329589844,0.4835166931152344,-0.9262657510190665,1.183973250101758,10.0,1.0
3.624,-0.7545585632324219,-0.7545585632324219,0.45714378356933594,-0.9250772068344579,1.1931092538899861,10.0,1.0
3.625,-0.7541770935058594,-0.7541770935058594,0.4483509063720703,-0.9238795325112867,1.202233482171664,10.0,1.0
3.626,-0.7537956237792969,-0.7537956237792969,0.45714378356933594,-0.9226727398701149,1.2113458448939127,10.0,1.0
3.6270000000000002,-0.7530326843261719,-0.7530326843261719,0.47472572326660156,-0.9214568408214986,1.2204462521220307,10.0,1.0
3.628,-0.7526512145996094,-0.7526512145996094,0.46593475341796875,-0.9202318473658706,1.2295346140385846,10.0,1.0
3.629,-0.7522697448730469,-0.7522697448730469,0.4219779968261719,-0.9189977715934217,1.2386108409446024,10.0,1.0
3.63,-0.7518882751464844,-0.7518882751464844,0.4307689666748047,-0.9177546256839816,1.247674843261791,10.0,1.0
3.6310000000000002,-0.7515068054199219,-0.7515068054199219,0.47472572326660156,-0.9165024219068977,1.2567265315319673,10.0,1.0
3.632,-0.7507438659667969,-0.7507438659667969,0.47472572326660156,-0.9152411726209174,1.2657658164184227,10.0,1.0
3.633,-0.7503623962402344,-0.7503623962402344,0.45714378356933594,-0.9139708902740611,1.2747926087074575,10.0,1.0
3.634,-0.7499809265136719,-0.7499809265136719,0.45714378356933594,-0.9126915874035028,1.283806819307756,10.0,1.0
3.6350000000000002,-0.7495994567871094,-0.7495994567871094,0.5010986328125,-0.9114032766354453,1.2928083592533426,10.0,1.0
3.636,-0.7488365173339844,-0.7488365173339844,0.5538463592529297,-0.9101059706849959,1.3017971397026145,10.0,1.0
3.637,-0.7484550476074219,-0.7484550476074219,0.6065940856933594,-0.9087996823560404,1.3107730719394795,10.0,1.0
3.638,-0.7476921081542969,-0.7476921081542969,0.5538463592529297,-0.9074844245411172,1.3197360673752314,10.0,1.0
3.6390000000000002,-0.7473106384277344,-0.7473106384277344,0.624176025390625,-0.9061602102212895,1.3286860375488345,10.0,1.0
3.64,-0.7465476989746094,-0.7465476989746094,0.5890102386474609,-0.9048270524660192,1.3376228941276054,10.0,1.0
3.641,-0.7457847595214844,-0.7457847595214844,0.6153850555419922,-0.9034849644330346,1.3465465489080657,10.0,1.0
3.642,-0.7454032897949219,-0.7454032897949219,0.5626373291015625,-0.9021339593682035,1.3554569138181023,10.0,1.0
3.6430000000000002,-0.7446403503417969,-0.7446403503417969,0.5978031158447266,-0.9007740506053981,1.3643539009160577,10.0,1.0
3.644,-0.7442588806152344,-0.7442588806152344,0.5978031158447266,-0.8994052515663711,1.3732374223912984,10.0,1.0
3.645,-0.7434959411621094,-0.7434959411621094,0.5450553894042969,-0.8980275757606158,1.3821073905676258,10.0,1.0
3.646,-0.7431144714355469,-0.7431144714355469,0.6153850555419922,-0.8966410367852361,1.390963717902025,10.0,1.0
3.6470000000000002,-0.7423515319824219,-0.7423515319824219,0.5714282989501953,-0.8952456483248112,1.3998063169861439,10.0,1.0
3.648,-0.7419700622558594,-0.7419700622558594,0.5714282989501953,-0.8938414241512634,1.4086351005465758,10.0,1.0
3.649,-0.7412071228027344,-0.7412071228027344,0.5890102386474609,-0.8924283781237184,1.4174499814476462,10.0,1.0
3.65,-0.7404441833496094,-0.7404441833496094,0.6505489349365234,-0.8910065241883685,1.4262508726900478,10.0,1.0
3.6510000000000002,-0.7400627136230469,-0.7400627136230469,0.6593399047851562,-0.8895758763783379,1.4350376874118638,10.0,1.0
3.652,-0.7392997741699219,-0.7392997741699219,0.6593399047851562,-0.8881364488135445,1.4438103388908416,10.0,1.0
3.653,-0.7385368347167969,-0.7385368347167969,0.7120876312255859,-0.8866882557005565,1.4525687405447343,10.0,1.0
3.654,-0.7377738952636719,-0.7377738952636719,0.6505489349365234,-0.8852313113324554,1.4613128059311862,10.0,1.0
3.6550000000000002,-0.7373924255371094,-0.7373924255371094,0.6417579650878906,-0.8837656300886937,1.4700424487507462,10.0,1.0
3.656,-0.7366294860839844,-0.7366294860839844,0.6681327819824219,-0.8822912264349536,1.4787575828449917,10.0,1.0
3.657,-0.7358665466308594,-0.7358665466308594,0.6769237518310547,-0.880808114923004,1.487458122198575,10.0,1.0
3.658,-0.7354850769042969,-0.7354850769042969,0.6065940856933594,-0.8793163101905568,1.496143980941099,10.0,1.0
3.6590000000000003,-0.7347221374511719,-0.7347221374511719,0.6593399047851562,-0.8778158269611215,1.5048150733464922,10.0,1.0
3.66,-0.7339591979980469,-0.7339591979980469,0.624176025390625,-0.8763066800438635,1.5134713138345433,10.0,1.0
3.661,-0.7335777282714844,-0.7335777282714844,0.6153850555419922,-0.8747888843334527,1.5221126169717536,10.0,1.0
3.662,-0.7328147888183594,-0.7328147888183594,0.6505489349365234,-0.8732624548099203,1.5307388974716787,10.0,1.0
3.6630000000000003,-0.7320518493652344,-0.7320518493652344,0.7208786010742188,-0.871727406538509,1.5393500701969742,10.0,1.0
3.664,-0.7312889099121094,-0.7312889099121094,0.6857147216796875,-0.8701837546695259,1.5479460501588278,10.0,1.0
3.665,-0.7305259704589844,-0.7305259704589844,0.74725341796875,-0.8686315144381916,1.5565267525178683,10.0,1.0
3.666,-0.7297630310058594,-0.7297630310058594,0.74725341796875,-0.8670707011644905,1.5650920925862692,10.0,1.0
3.6670000000000003,-0.7290000915527344,-0.7290000915527344,0.7208786010742188,-0.8655013302530187,1.573641985827578,10.0,1.0
3.668,-0.7282371520996094,-0.7282371520996094,0.7648353576660156,-0.863923417192835,1.582176347857569,10.0,1.0
3.669,-0.7274742126464844,-0.7274742126464844,0.8351650238037109,-0.8623369775573039,1.5906950944458345,10.0,1.0
3.67,-0.7267112731933594,-0.7267112731933594,0.7560443878173828,-0.8607420270039436,1.5991981415154441,10.0,1.0
3.6710000000000003,-0.7259483337402344,-0.7259483337402344,0.8351650238037109,-0.8591385812742725,1.6076854051454461,10.0,1.0
3.672,-0.7251853942871094,-0.7251853942871094,0.7824172973632812,-0.8575266561936524,1.6161568015697299,10.0,1.0
3.673,-0.7244224548339844,-0.7244224548339844,0.8175830841064453,-0.8559062676711333,1.6246122471786748,10.0,1.0
3.674,-0.7232780456542969,-0.7232780456542969,0.8967037200927734,-0.8542774316992955,1.6330516585206283,10.0,1.0
3.6750000000000003,-0.7225151062011719,-0.7225151062011719,0.8263740539550781,-0.8526401643540917,1.6414749523017917,10.0,1.0
3.676,-0.7217521667480469,-0.7217521667480469,0.9230766296386719,-0.8509944817946915,1.6498820453879262,10.0,1.0
3.677,-0.7209892272949219,-0.7209892272949219,0.8175830841064453,-0.8493404002633163,1.6582728548038972,10.0,1.0
3.678,-0.7202262878417969,-0.7202262878417969,0.8351650238037109,-0.847677936085084,1.6666472977369153,10.0,1.0
3.6790000000000003,-0.7190818786621094,-0.7190818786621094,0.8791217803955078,-0.8460071056678421,1.675005291534319,10.0,1.0
3.68,-0.718317985534668,-0.718317985534668,0.8175830841064453,-0.8443279255020151,1.6833467537050524,10.0,1.0
3.681,-0.717555046081543,-0.717555046081543,0.8615379333496094,-0.8426404121604324,1.6916716019230194,10.0,1.0
3.682,-0.716792106628418,-0.716792106628418,0.8175830841064453,-0.8409445822981694,1.6999797540254349,10.0,1.0
3.6830000000000003,-0.716029167175293,-0.716029167175293,0.8527469635009766,-0.8392404526523811,1.708271128013962,10.0,1.0
3.684,-0.7148847579956055,-0.7148847579956055,0.9318675994873047,-0.8375280400421412,1.7165456420553369,10.0,1.0
3.685,-0.7141218185424805,-0.7141218185424805,0.9406585693359375,-0.8358073613682708,1.7248032144848366,10.0,1.0
3.686,-0.712977409362793,-0.712977409362793,0.9318675994873047,-0.8340784336131719,1.7330437638036074,10.0,1.0
3.6870000000000003,-0.712214469909668,-0.712214469909668,0.9318675994873047,-0.8323412738406633,1.7412672086795737,10.0,1.0
3.688,-0.7110700607299805,-0.7110700607299805,1.0109882354736328,-0.8305958991958126,1.7494734679508497,10.0,1.0
3.689,-0.7103071212768555,-0.7103071212768555,0.9318675994873047,-0.828842326904762,1.757662460625511,10.0,1.0
3.69,-0.709162712097168,-0.709162712097168,1.0109882354736328,-0.8270805742745619,1.7658341058813676,10.0,1.0
3.6910000000000003,-0.708399772644043,-0.708399772644043,0.9142856597900391,-0.8253106586929988,1.7739883230669307,10.0,1.0
3.692,-0.7072553634643555,-0.7072553634643555,1.002197265625,-0.8235325976284278,1.782125031704254,10.0,1.0
3.693,-0.706110954284668,-0.706110954284668,0.9758243560791016,-0.8217464086295907,1.7902441514876273,10.0,1.0
3.694,-0.705348014831543,-0.705348014831543,1.0637359619140625,-0.8199521093254529,1.7983456022835185,10.0,1.0
3.6950000000000003,-0.7042036056518555,-0.7042036056518555,0.9934062957763672,-0.8181497174250232,1.80642930413444,10.0,1.0
3.696,-0.703059196472168,-0.703059196472168,1.0109882354736328,-0.8163392507171837,1.814495177257129,10.0,1.0
3.697,-0.702296257019043,-0.702296257019043,0.9934062957763672,-0.8145207270705093,1.822543142045106,10.0,1.0
3.698,-0.7011518478393555,-0.7011518478393555,1.0197811126708984,-0.812694164433094,1.8305731190675942,10.0,1.0
3.6990000000000003,-0.7003889083862305,-0.7003889083862305,0.9318675994873047,-0.8108595808323736,1.8385850290729877,10.0,1.0
3.7,-0.699244499206543,-0.699244499206543,0.9406585693359375,-0.8090169943749477,1.8465787929866906,10.0,1.0
3.701,-0.698481559753418,-0.698481559753418,1.0109882354736328,-0.8071664232464006,1.8545543319128228,10.0,1.0
3.702,-0.6973371505737305,-0.6973371505737305,1.0109882354736328,-0.8053078857111224,1.8625115671365506,10.0,1.0
3.7030000000000003,-0.696192741394043,-0.696192741394043,1.0637359619140625,-0.8034414001121272,1.8704504201228929,10.0,1.0
3.704,-0.6950483322143555,-0.6950483322143555,1.1076927185058594,-0.8015669848708763,1.8783708125185967,10.0,1.0
3.705,-0.693903923034668,-0.693903923034668,1.1428565979003906,-0.7996846584870904,1.8862726661529337,10.0,1.0
3.706,-0.6927595138549805,-0.6927595138549805,1.1516475677490234,-0.7977944395385709,1.8941559030370172,10.0,1.0
3.7070000000000003,-0.691615104675293,-0.691615104675293,1.0285720825195312,-0.7958963466810158,1.9020204453674978,10.0,1.0
3.708,-0.690852165222168,-0.690852165222168,1.0197811126708984,-0.7939903986478355,1.9098662155244597,10.0,1.0
3.709,-0.6897077560424805,-0.6897077560424805,1.0461540222167969,-0.7920766142499673,1.9176931360725575,10.0,1.0
3.71,-0.688563346862793,-0.688563346862793,1.125274658203125,-0.7901550123756907,1.9255011297637452,10.0,1.0
3.7110000000000003,-0.6874189376831055,-0.6874189376831055,1.1428565979003906,-0.7882256119904394,1.9332901195359682,10.0,1.0
3.712,-0.686274528503418,-0.686274528503418,1.2395610809326172,-0.7862884321366185,1.9410600285150394,10.0,1.0
3.713,-0.6851301193237305,-0.6851301193237305,1.1780223846435547,-0.7843434919334097,1.9488107800149237,10.0,1.0
3.714,-0.683985710144043,-0.683985710144043,1.0901107788085938,-0.782390810576589,1.9565422975397269,10.0,1.0
3.715,-0.6828413009643555,-0.6828413009643555,1.0109882354736328,-0.7804304073383307,1.9642545047825593,10.0,1.0
3.716,-0.6820783615112305,-0.6820783615112305,1.0901107788085938,-0.7784623015670235,1.9719473256258198,10.0,1.0
3.717,-0.680933952331543,-0.680933952331543,1.0901107788085938,-0.7764865126870787,1.9796206841448907,10.0,1.0
3.718,-0.679408073425293,-0.679408073425293,1.1956043243408203,-0.774503060198734,1.9872745046071714,10.0,1.0
3.719,-0.6782636642456055,-0.6782636642456055,1.2747249603271484,-0.7725119636778648,1.9949087114724762,10.0,1.0
3.72,-0.677119255065918,-0.677119255065918,1.2747249603271484,-0.7705132427757886,2.002523229393603,10.0,1.0
3.721,-0.675593376159668,-0.675593376159668,1.2747249603271484,-0.7685069172190773,2.0101179832191747,10.0,1.0
3.722,-0.6744489669799805,-0.6744489669799805,1.1340656280517578,-0.7664930068093506,2.0176928979925606,10.0,1.0
3.723,-0.673304557800293,-0.673304557800293,1.1956043243408203,-0.7644715314230925,2.025247898951193,10.0,1.0
3.724,-0.6721601486206055,-0.6721601486206055,1.24835205078125,-0.7624425110114478,2.032782911530603,10.0,1.0
3.725,-0.671015739440918,-0.671015739440918,1.2659339904785156,-0.7604059656000309,2.040297861363115,10.0,1.0
3.726,-0.669489860534668,-0.669489860534668,1.371429443359375,-0.758361915288722,2.047792674279549,10.0,1.0
3.727,-0.6683454513549805,-0.6683454513549805,1.2835159301757812,-0.7563103802514722,2.055267276308598,10.0,1.0
3.728,-0.667201042175293,-0.667201042175293,1.1868133544921875,-0.7542513807361042,2.062721593679953,10.0,1.0
3.729,-0.6660566329956055,-0.6660566329956055,1.1428565979003906,-0.7521849370641119,2.070155552822257,10.0,1.0
3.73,-0.664912223815918,-0.664912223815918,1.1956043243408203,-0.7501110696304601,2.077569080364583,10.0,1.0
3.731,-0.663386344909668,-0.663386344909668,1.3538455963134766,-0.7480297989033833,2.084962103138878,10.0,1.0
3.732,-0.661860466003418,-0.661860466003418,1.4065933227539062,-0.7459411454241819,2.0923345481790534,10.0,1.0
3.733,-0.660334587097168,-0.660334587097168,1.4241752624511719,-0.7438451298070249,2.0996863427215544,10.0,1.0
3.734,-0.6591901779174805,-0.6591901779174805,1.3890113830566406,-0.7417417727387392,2.1070174142077462,10.0,1.0
3.735,-0.658045768737793,-0.658045768737793,1.2395610809326172,-0.7396310949786098,2.114327690282323,10.0,1.0
3.736,-0.656519889831543,-0.656519889831543,1.3010997772216797,-0.7375131173581742,2.121617098796605,10.0,1.0
3.737,-0.6553745269775391,-0.6553745269775391,1.4329662322998047,-0.7353878607810163,2.1288855678070604,10.0,1.0
3.738,-0.6538486480712891,-0.6538486480712891,1.4065933227539062,-0.7332553462225605,2.1361330255759867,10.0,1.0
3.739,-0.6523227691650391,-0.6523227691650391,1.4329662322998047,-0.7311155947298648,2.143359400574411,10.0,1.0
3.74,-0.6507968902587891,-0.6507968902587891,1.4065933227539062,-0.7289686274214111,2.150564621480896,10.0,1.0
3.741,-0.6496524810791016,-0.6496524810791016,1.2395610809326172,-0.7268144654869025,2.1577486171825626,10.0,1.0
3.742,-0.6485080718994141,-0.6485080718994141,1.3450546264648438,-0.7246531301870465,2.1649113167766245,10.0,1.0
3.743,-0.6469821929931641,-0.6469821929931641,1.4857139587402344,-0.7224846428533498,2.17205264956948,10.0,1.0
3.744,-0.6454563140869141,-0.6454563140869141,1.538461685180664,-0.720309024887907,2.179172545080121,10.0,1.0
3.745,-0.6435489654541016,-0.6435489654541016,1.5736255645751953,-0.718126297763189,2.186270933038031,10.0,1.0
3.746,-0.6424045562744141,-0.6424045562744141,1.4857139587402344,-0.7159364830218315,2.1933477433838107,10.0,1.0
3.747,-0.6408786773681641,-0.6408786773681641,1.3538455963134766,-0.7137396022764219,2.200402906273098,10.0,1.0
3.748,-0.6393527984619141,-0.6393527984619141,1.4505500793457031,-0.7115356772092848,2.207436352074012,10.0,1.0
3.749,-0.6378269195556641,-0.6378269195556641,1.5296707153320312,-0.7093247295722734,2.214448011368404,10.0,1.0
3.75,-0.6363010406494141,-0.6363010406494141,1.6175823211669922,-0.7071067811865485,2.2214378149557206,10.0,1.0
3.751,-0.6347751617431641,-0.6347751617431641,1.5296707153320312,-0.7048818539423625,2.228405693849311,10.0,1.0
3.7520000000000002,-0.6336307525634766,-0.6336307525634766,1.3450546264648438,-0.7026499697988492,2.23535157927779,10.0,1.0
3.753,-0.6321048736572266,-0.6321048736572266,1.371429443359375,-0.7004111507838064,2.2422754026883354,10.0,1.0
3.754,-0.6305789947509766,-0.6305789947509766,1.4417591094970703,-0.698165418993473,2.24917709574612,10.0,1.0
3.755,-0.6290531158447266,-0.6290531158447266,1.5736255645751953,-0.6959127965923148,2.256056590334026,10.0,1.0
3.7560000000000002,-0.6275272369384766,-0.6275272369384766,1.7318687438964844,-0.6936533058128043,2.2629138185535567,10.0,1.0
3.757,-0.6256198883056641,-0.6256198883056641,1.6439552307128906,-0.6913869689552071,2.2697487127277896,10.0,1.0
3.758,-0.6240940093994141,-0.6240940093994141,1.4241752624511719,-0.6891138083873493,2.2765612053991617,10.0,1.0
3.759,-0.6229496002197266,-0.6229496002197266,1.4329662322998047,-0.6868338465444093,2.283351229330094,10.0,1.0
3.7600000000000002,-0.6214237213134766,-0.6214237213134766,1.582418441772461,-0.6845471059286885,2.290118717506175,10.0,1.0
3.761,-0.6195163726806641,-0.6195163726806641,1.7318687438964844,-0.6822536091093964,2.2968636031348524,10.0,1.0
3.762,-0.6179904937744141,-0.6179904937744141,1.6351642608642578,-0.6799533787224193,2.3035858196471395,10.0,1.0
3.763,-0.6164646148681641,-0.6164646148681641,1.415384292602539,-0.6776464374701026,2.3102853006970463,10.0,1.0
3.7640000000000002,-0.6149387359619141,-0.6149387359619141,1.4417591094970703,-0.6753328081210248,2.3169619801641375,10.0,1.0
3.765,-0.6134128570556641,-0.6134128570556641,1.5648345947265625,-0.6730125135097739,2.3236157921523386,10.0,1.0
3.766,-0.6118869781494141,-0.6118869781494141,1.74945068359375,-0.6706855765367207,2.3302466709902774,10.0,1.0
3.767,-0.6099796295166016,-0.6099796295166016,1.8549442291259766,-0.6683520201677938,2.33685455123441,10.0,1.0
3.7680000000000002,-0.6084537506103516,-0.6084537506103516,1.5560436248779297,-0.6660118674342512,2.3434393676675427,10.0,1.0
3.769,-0.6069278717041016,-0.6069278717041016,1.5296707153320312,-0.6636651414324582,2.3500010552999697,10.0,1.0
3.77,-0.6050205230712891,-0.6050205230712891,1.6175823211669922,-0.6613118653236518,2.3565395493708934,10.0,1.0
3.771,-0.6034946441650391,-0.6034946441650391,1.714284896850586,-0.6589520623337171,2.3630547853472876,10.0,1.0
3.7720000000000002,-0.6015872955322266,-0.6015872955322266,1.7758235931396484,-0.6565857557529566,2.369546698927593,10.0,1.0
3.773,-0.6000614166259766,-0.6000614166259766,1.538461685180664,-0.6542129689358614,2.3760152260388736,10.0,1.0
3.774,-0.5985355377197266,-0.5985355377197266,1.5208797454833984,-0.6518337253008794,2.3824603028388083,10.0,1.0
3.775,-0.5970096588134766,-0.5970096588134766,1.6351642608642578,-0.6494480483301843,2.388881865717451,10.0,1.0
3.7760000000000002,-0.5951023101806641,-0.5951023101806641,1.8109893798828125,-0.6470559615694438,2.3952798512964364,10.0,1.0
3.777,-0.5931940078735352,-0.5931940078735352,1.9076919555664062,-0.644657488627591,2.4016541964300586,10.0,1.0
3.778,-0.5916681289672852,-0.5916681289672852,1.6439552307128906,-0.6422526531765842,2.4080048382065797,10.0,1.0
3.779,-0.5901422500610352,-0.5901422500610352,1.6527481079101562,-0.6398414789511784,2.414331713946922,10.0,1.0
3.7800000000000002,-0.5882349014282227,-0.5882349014282227,1.7670326232910156,-0.6374239897486897,2.4206347612085324,10.0,1.0
3.781,-0.5863275527954102,-0.5863275527954102,1.9340667724609375,-0.6350002094287609,2.426913917782713,10.0,1.0
3.782,-0.5844202041625977,-0.5844202041625977,1.8285713195800781,-0.6325701619131249,2.433169121695869,10.0,1.0
3.783,-0.5828943252563477,-0.5828943252563477,1.6351642608642578,-0.6301338711853697,2.439400311212239,10.0,1.0
3.7840000000000003,-0.5809869766235352,-0.5809869766235352,1.6703300476074219,-0.6276913612906998,2.4456074248323034,10.0,1.0
3.785,-0.5790796279907227,-0.5790796279907227,1.8197803497314453,-0.6252426563357046,2.4517904012940903,10.0,1.0
3.786,-0.5771722793579102,-0.5771722793579102,2.048351287841797,-0.6227877804881121,2.4579491795739727,10.0,1.0
3.787,-0.5752649307250977,-0.5752649307250977,1.9076919555664062,-0.6203267579765572,2.4640836988887145,10.0,1.0
3.7880000000000003,-0.5733575820922852,-0.5733575820922852,1.7582416534423828,-0.6178596130903342,2.470193898692628,10.0,1.0
3.789,-0.5718317031860352,-0.5718317031860352,1.7846145629882812,-0.6153863701791715,2.4762797186789953,10.0,1.0
3.79,-0.5699243545532227,-0.5699243545532227,1.8989009857177734,-0.6129070536529767,2.482341098784559,10.0,1.0
3.791,-0.5680170059204102,-0.5680170059204102,1.8637371063232422,-0.6104216879816029,2.4883779791858274,10.0,1.0
3.7920000000000003,-0.5664911270141602,-0.5664911270141602,1.6967029571533203,-0.6079302976946045,2.4943903003001537,10.0,1.0
3.793,-0.5645837783813477,-0.5645837783813477,1.7230777740478516,-0.6054329073810021,2.5003780027897164,10.0,1.0
3.794,-0.5626764297485352,-0.5626764297485352,1.8197803497314453,-0.6029295416890256,2.50634102755879,10.0,1.0
3.795,-0.5607690811157227,-0.5607690811157227,1.9956035614013672,-0.600420225325885,2.512279315753176,10.0,1.0
3.7960000000000003,-0.5588617324829102,-0.5588617324829102,1.9340667724609375,-0.5979049830575186,2.518192808764809,10.0,1.0
3.797,-0.5569543838500977,-0.5569543838500977,1.8461532592773438,-0.5953838397083548,2.524081448229879,10.0,1.0
3.798,-0.5550470352172852,-0.5550470352172852,1.7934074401855469,-0.5928568201610593,2.52994517603031,10.0,1.0
3.799,-0.5531396865844727,-0.5531396865844727,1.8989009857177734,-0.5903239493562947,2.535783934292624,10.0,1.0
3.8000000000000003,-0.5512323379516602,-0.5512323379516602,1.8989009857177734,-0.5877852522924735,2.541597665391862,10.0,1.0
3.801,-0.5497064590454102,-0.5497064590454102,1.7934074401855469,-0.5852407540255106,2.547386311948628,10.0,1.0
3.802,-0.5477991104125977,-0.5477991104125977,1.9076919555664062,-0.5826904796685768,2.553149816830455,10.0,1.0
3.803,-0.5458917617797852,-0.5458917617797852,1.916482925415039,-0.5801344543918502,2.5588881231545315,10.0,1.0
3.8040000000000003,-0.5436029434204102,-0.5436029434204102,2.0571422576904297,-0.5775727034222672,2.564601174285599,10.0,1.0
3.805,-0.5416955947875977,-0.5416955947875977,1.9340667724609375,-0.5750052520432783,2.5702889138385103,10.0,1.0
3.806,-0.5397882461547852,-0.5397882461547852,1.9868125915527344,-0.5724321255945908,2.5759512856775473,10.0,1.0
3.807,-0.5378808975219727,-0.5378808975219727,1.9516487121582031,-0.5698533494719238,2.5815882339167615,10.0,1.0
3.8080000000000003,-0.5359735488891602,-0.5359735488891602,1.9340667724609375,-0.5672689491267567,2.5871997029229306,10.0,1.0
3.809,-0.5340662002563477,-0.5340662002563477,1.8637371063232422,-0.5646789500660775,2.5927856373131135,10.0,1.0
3.81,-0.5321588516235352,-0.5321588516235352,1.8901100158691406,-0.5620833778521311,2.5983459819552195,10.0,1.0
3.811,-0.5302505493164062,-0.5302505493164062,1.9692306518554688,-0.5594822581021677,2.603880681971532,10.0,1.0
3.8120000000000003,-0.5283432006835938,-0.5283432006835938,2.004396438598633,-0.5568756164881874,2.6093896827367757,10.0,1.0
3.813,-0.5260543823242188,-0.5260543823242188,1.9780216217041016,-0.5542634787366936,2.614872929879027,10.0,1.0
3.814,-0.5241470336914062,-0.5241470336914062,2.004396438598633,-0.55164587062843,2.620330369281305,10.0,1.0
3.815,-0.5222396850585938,-0.5222396850585938,2.0571422576904297,-0.5490228179981316,2.6257619470800933,10.0,1.0
3.8160000000000003,-0.5199508666992188,-0.5199508666992188,2.0307693481445312,-0.5463943467342691,2.6311676096692054,10.0,1.0
3.817,-0.5180435180664062,-0.5180435180664062,1.9780216217041016,-0.5437604827787926,2.636547303696773,10.0,1.0
3.818,-0.5161361694335938,-0.5161361694335938,1.8901100158691406,-0.5411212521268762,2.6419009760662675,10.0,1.0
3.819,-0.5142288208007812,-0.5142288208007812,2.0571422576904297,-0.5384766808266607,2.647228573939856,10.0,1.0
3.8200000000000003,-0.5119400024414062,-0.5119400024414062,2.1010990142822266,-0.5358267949789958,2.6525300447361246,10.0,1.0
3.821,-0.5100326538085938,-0.5100326538085938,2.1802196502685547,-0.5331716207371879,2.657805336131389,10.0,1.0
3.822,-0.5077438354492188,-0.5077438354492188,2.074726104736328,-0.5305111843067336,2.663054396060488,10.0,1.0
3.823,-0.5058364868164062,-0.5058364868164062,2.162637710571289,-0.5278455119450676,2.6682771727186605,10.0,1.0
3.8240000000000003,-0.5035476684570312,-0.5035476684570312,2.1450557708740234,-0.5251746299612956,2.673473614559043,10.0,1.0
3.825,-0.5012588500976562,-0.5012588500976562,2.1010990142822266,-0.5224985647159489,2.6786436702932974,10.0,1.0
3.826,-0.49935150146484375,-0.49935150146484375,2.039560317993164,-0.5198173426207097,2.683787288895985,10.0,1.0
3.827,-0.49706268310546875,-0.49706268310546875,2.1802196502685547,-0.5171309901381576,2.6889044196018403,10.0,1.0
3.8280000000000003,-0.49477386474609375,-0.49477386474609375,2.2329673767089844,-0.5144395337815054,2.693995011906395,10.0,1.0
3.829,-0.49286651611328125,-0.49286651611328125,2.2241764068603516,-0.5117430001143441,2.6990590155669167,10.0,1.0
3.83,-0.49057769775390625,-0.49057769775390625,2.2241764068603516,-0.5090414157503722,2.7040963806055913,10.0,1.0
3.831,-0.48828887939453125,-0.48828887939453125,2.206592559814453,-0.5063348073531335,2.709107057305573,10.0,1.0
3.8320000000000003,-0.48600006103515625,-0.48600006103515625,2.171428680419922,-0.5036232016357605,2.7140909962115813,10.0,1.0
3.833,-0.48409271240234375,-0.48409271240234375,2.074726104736328,-0.5009066253607097,2.7190481481351014,10.0,1.0
3.834,-0.48180389404296875,-0.48180389404296875,2.162637710571289,-0.49818510533949084,2.7239784641513154,10.0,1.0
3.835,-0.47951507568359375,-0.47951507568359375,2.2769222259521484,-0.4954586684324077,2.7288818955991303,10.0,1.0
3.8360000000000003,-0.47722625732421875,-0.47722625732421875,2.2769222259521484,-0.4927273415482919,2.733758394085015,10.0,1.0
3.837,-0.47531890869140625,-0.47531890869140625,2.171428680419922,-0.4899911516442371,2.738607911479761,10.0,1.0
3.838,-0.47303009033203125,-0.47303009033203125,2.3472518920898438,-0.487250125725333,2.743430399919447,10.0,1.0
3.839,-0.47074127197265625,-0.47074127197265625,2.25054931640625,-0.48450429084439883,2.748225811808652,10.0,1.0
3.84,-0.46845149993896484,-0.46845149993896484,2.118680953979492,-0.4817536741017163,2.75299409981875,10.0,1.0
3.841,-0.46616268157958984,-0.46616268157958984,2.118680953979492,-0.4789983026447607,2.7577352168883635,10.0,1.0
3.842,-0.46387386322021484,-0.46387386322021484,2.3912086486816406,-0.47623820366793895,2.7624491162245874,10.0,1.0
3.843,-0.46158504486083984,-0.46158504486083984,2.294506072998047,-0.4734734044123121,2.767135751303414,10.0,1.0
3.844,-0.45929622650146484,-0.45929622650146484,2.1450557708740234,-0.47070393216533274,2.7717950758688517,10.0,1.0
3.845,-0.45700740814208984,-0.45700740814208984,2.3120880126953125,-0.46792981426057373,2.7764270439366214,10.0,1.0
3.846,-0.45471858978271484,-0.45471858978271484,2.382417678833008,-0.46515107807745887,2.7810316097909435,10.0,1.0
3.847,-0.45281124114990234,-0.45281124114990234,2.1538467407226562,-0.4623677510409925,2.785608727985391,10.0,1.0
3.848,-0.45052242279052734,-0.45052242279052734,2.074726104736328,-0.4595798606214887,2.790158353346442,10.0,1.0
3.849,-0.44823360443115234,-0.44823360443115234,2.329669952392578,-0.45678743433429897,2.7946804409708363,10.0,1.0
3.85,-0.44594478607177734,-0.44594478607177734,2.338460922241211,-0.4539904997395464,2.7991749462273674,10.0,1.0
3.851,-0.44365596771240234,-0.44365596771240234,2.1978015899658203,-0.45118908444184486,2.803641824756596,10.0,1.0
3.852,-0.44136714935302734,-0.44136714935302734,2.2153854370117188,-0.44838321609003384,2.808081032473865,10.0,1.0
3.853,-0.43869686126708984,-0.43869686126708984,2.5670337677001953,-0.44557292237689644,2.812492525565716,10.0,1.0
3.854,-0.43678951263427734,-0.43678951263427734,2.2153854370117188,-0.44275823103890183,2.816876260490716,10.0,1.0
3.855,-0.43488216400146484,-0.43488216400146484,2.0219783782958984,-0.43993916985591563,2.8212321939844287,10.0,1.0
3.856,-0.43221187591552734,-0.43221187591552734,2.3120880126953125,-0.4371157666509336,2.8255602830555517,10.0,1.0
3.857,-0.42992305755615234,-0.42992305755615234,2.505495071411133,-0.43428804928980386,2.8298604849873072,10.0,1.0
3.858,-0.42763423919677734,-0.42763423919677734,2.2769222259521484,-0.4314560456809584,2.8341327573374713,10.0,1.0
3.859,-0.42534542083740234,-0.42534542083740234,2.2681312561035156,-0.42861978377512955,2.8383770579424947,10.0,1.0
3.86,-0.42267513275146484,-0.42267513275146484,2.6549453735351562,-0.42577929156507405,2.842593344912814,10.0,1.0
3.861,-0.42038631439208984,-0.42038631439208984,2.4087905883789062,-0.42293459708530323,2.8467815766335036,10.0,1.0
3.862,-0.41809749603271484,-0.41809749603271484,2.1450557708740234,-0.4200857284118064,2.85094171176911,10.0,1.0
3.863,-0.41580867767333984,-0.41580867767333984,2.417581558227539,-0.4172327136617656,2.8550737092612053,10.0,1.0
3.864,-0.41313838958740234,-0.41313838958740234,2.6109886169433594,-0.41437558099328464,2.8591775283285585,10.0,1.0
3.865,-0.41046810150146484,-0.41046810150146484,2.364835739135742,-0.4115143586051078,2.863253128467079,10.0,1.0
3.866,-0.40856075286865234,-0.40856075286865234,2.3560447692871094,-0.4086490747363499,2.8673004694537383,10.0,1.0
3.867,-0.40550804138183594,-0.40550804138183594,2.7164840698242188,-0.405779757666201,2.8713195113433585,10.0,1.0
3.868,-0.40321922302246094,-0.40321922302246094,2.382417678833008,-0.40290643571366386,2.875310214467902,10.0,1.0
3.869,-0.40093040466308594,-0.40093040466308594,2.294506072998047,-0.4000291372372645,2.8792725394413026,10.0,1.0
3.87,-0.39826011657714844,-0.39826011657714844,2.505495071411133,-0.39714789063478056,2.883206447157022,10.0,1.0
3.871,-0.39558982849121094,-0.39558982849121094,2.549449920654297,-0.3942627243429511,2.887111898789243,10.0,1.0
3.872,-0.39330101013183594,-0.39330101013183594,2.4703292846679688,-0.3913736668372027,2.8909888557919317,10.0,1.0
3.873,-0.39101219177246094,-0.39101219177246094,2.5230770111083984,-0.38848074663136656,2.894837279902447,10.0,1.0
3.874,-0.38834190368652344,-0.38834190368652344,2.5582408905029297,-0.3855839922773972,2.8986571331383004,10.0,1.0
3.875,-0.38567161560058594,-0.38567161560058594,2.3912086486816406,-0.3826834323650906,2.9024483777978674,10.0,1.0
3.876,-0.38376426696777344,-0.38376426696777344,2.3472518920898438,-0.3797790955218021,2.9062109764638535,10.0,1.0
3.8770000000000002,-0.38109397888183594,-0.38109397888183594,2.5318679809570312,-0.37687101041216226,2.9099448920006523,10.0,1.0
3.878,-0.37842369079589844,-0.37842369079589844,2.5318679809570312,-0.37395920573780017,2.9136500875559648,10.0,1.0
3.879,-0.37575340270996094,-0.37575340270996094,2.461538314819336,-0.37104371023705096,2.917326526561368,10.0,1.0
3.88,-0.37346458435058594,-0.37346458435058594,2.5670337677001953,-0.3681245526846781,2.9209741727310927,10.0,1.0
3.8810000000000002,-0.37079429626464844,-0.37079429626464844,2.4439563751220703,-0.3652017618915881,2.924592990065605,10.0,1.0
3.882,-0.36850547790527344,-0.36850547790527344,2.4263744354248047,-0.3622753667045462,2.928182942848707,10.0,1.0
3.883,-0.36621665954589844,-0.36621665954589844,2.452747344970703,-0.3593453960058913,2.9317439956476505,10.0,1.0
3.884,-0.36354637145996094,-0.36354637145996094,2.5670337677001953,-0.35641187871325153,2.9352761133170873,10.0,1.0
3.8850000000000002,-0.36087608337402344,-0.36087608337402344,2.6461544036865234,-0.3534748437792565,2.9387792609961423,10.0,1.0
3.886,-0.35820579528808594,-0.35820579528808594,2.5318679809570312,-0.3505343201912586,2.942253404110204,10.0,1.0
3.887,-0.35591697692871094,-0.35591697692871094,2.6373634338378906,-0.34759033697103675,2.945698508371123,10.0,1.0
3.888,-0.35324668884277344,-0.35324668884277344,2.5582408905029297,-0.34464292317451695,2.949114539776332,10.0,1.0
3.8890000000000002,-0.35095787048339844,-0.35095787048339844,2.4351654052734375,-0.3416921078914834,2.952501464612311,10.0,1.0
3.89,-0.34828758239746094,-0.34828758239746094,2.4967041015625,-0.33873792024529165,2.9558592494514926,10.0,1.0
3.891,-0.34561729431152344,-0.34561729431152344,2.7164840698242188,-0.3357803893925811,2.959187861152486,10.0,1.0
3.892,-0.34294605255126953,-0.34294605255126953,2.6461544036865234,-0.3328195445229873,2.962487266864173,10.0,1.0
3.8930000000000002,-0.34027576446533203,-0.34027576446533203,2.4967041015625,-0.32985541485885206,2.9657574340224357,10.0,1.0
3.894,-0.33760547637939453,-0.33760547637939453,2.672527313232422,-0.3268880296549418,2.96899833035107,10.0,1.0
3.895,-0.33493518829345703,-0.33493518829345703,2.7252750396728516,-0.3239174181981506,2.9722099238657904,10.0,1.0
3.896,-0.33264636993408203,-0.33264636993408203,2.3912086486816406,-0.3209436098072109,2.975392182869541,10.0,1.0
3.8970000000000002,-0.32997608184814453,-0.32997608184814453,2.6373634338378906,-0.31796663383241086,2.978545075952667,10.0,1.0
3.898,-0.32730579376220703,-0.32730579376220703,2.874725341796875,-0.3149865196553049,2.981668571998199,10.0,1.0
3.899,-0.32463550567626953,-0.32463550567626953,2.549449920654297,-0.31200329668841514,2.9847626401788148,10.0,1.0
3.9,-0.32196521759033203,-0.32196521759033203,2.672527313232422,-0.3090169943749479,2.9878272499574052,10.0,1.0
3.9010000000000002,-0.31929492950439453,-0.31929492950439453,2.795604705810547,-0.30602764218849965,2.990862371086223,10.0,1.0
3.902,-0.31662464141845703,-0.31662464141845703,2.4263744354248047,-0.30303526963277483,2.993867973611543,10.0,1.0
3.903,-0.31395435333251953,-0.31395435333251953,2.6373634338378906,-0.30003990624127724,2.996844027869656,10.0,1.0
3.904,-0.31128406524658203,-0.31128406524658203,2.865934371948242,-0.29704158157703614,2.999790504486441,10.0,1.0
3.9050000000000002,-0.30861377716064453,-0.30861377716064453,2.584615707397461,-0.29404032523230367,3.002707374381856,10.0,1.0
3.906,-0.30594348907470703,-0.30594348907470703,2.6989002227783203,-0.2910361668282717,3.005594608767524,10.0,1.0
3.907,-0.30327320098876953,-0.30327320098876953,2.75164794921875,-0.28802913601476926,3.00845217914798,10.0,1.0
3.908,-0.30060291290283203,-0.30060291290283203,2.4791202545166016,-0.2850192624699764,3.0112800573193397,10.0,1.0
3.9090000000000003,-0.29793262481689453,-0.29793262481689453,2.6461544036865234,-0.2820065759001299,3.0140782153729333,10.0,1.0
3.91,-0.29488086700439453,-0.29488086700439453,2.865934371948242,-0.2789911060392299,3.0168466256920112,10.0,1.0
3.911,-0.29259204864501953,-0.29259204864501953,2.6373634338378906,-0.27597288264874653,3.0195852609521694,10.0,1.0
3.912,-0.28992176055908203,-0.28992176055908203,2.6109886169433594,-0.2729519355173262,3.0222940941249874,10.0,1.0
3.9130000000000003,-0.28725147247314453,-0.28725147247314453,2.839559555053711,-0.2699282944604958,3.024973098475158,10.0,1.0
3.914,-0.28458118438720703,-0.28458118438720703,2.5582408905029297,-0.26690198932037523,3.027622247561851,10.0,1.0
3.915,-0.28191089630126953,-0.28191089630126953,2.4439563751220703,-0.26387304996537275,3.030241515239453,10.0,1.0
3.916,-0.2792396545410156,-0.2792396545410156,2.883516311645508,-0.260841506289897,3.0328308756559466,10.0,1.0
3.9170000000000003,-0.2761878967285156,-0.2761878967285156,2.8131866455078125,-0.25780738821406013,3.035390303256861,10.0,1.0
3.918,-0.2738990783691406,-0.2738990783691406,2.4879112243652344,-0.2547707256833826,3.0379197727815352,10.0,1.0
3.919,-0.2712287902832031,-0.2712287902832031,2.8043956756591797,-0.25173154866849773,3.040419259263828,10.0,1.0
3.92,-0.2681770324707031,-0.2681770324707031,2.8043956756591797,-0.2486898871648556,3.0428887380356997,10.0,1.0
3.9210000000000003,-0.2658882141113281,-0.2658882141113281,2.4087905883789062,-0.24564577119242562,3.0453281847239992,10.0,1.0
3.922,-0.2632179260253906,-0.2632179260253906,2.786813735961914,-0.2425992307954069,3.0477375752523983,10.0,1.0
3.923,-0.2601661682128906,-0.2601661682128906,3.050548553466797,-0.2395502960419215,3.0501168858415184,10.0,1.0
3.924,-0.2574958801269531,-0.2574958801269531,2.5670337677001953,-0.23649899702372454,3.0524660930076664,10.0,1.0
3.9250000000000003,-0.2548255920410156,-0.2548255920410156,2.8131866455078125,-0.23344536385590545,3.054785173566515,10.0,1.0
3.926,-0.2517738342285156,-0.2517738342285156,2.9010982513427734,-0.23038942667659082,3.057074104629635,10.0,1.0
3.927,-0.24910354614257812,-0.24910354614257812,2.4967041015625,-0.22733121564664685,3.0593328636048653,10.0,1.0
3.928,-0.24643325805664062,-0.24643325805664062,2.865934371948242,-0.22427076094938178,3.0615614281999797,10.0,1.0
3.9290000000000003,-0.24338150024414062,-0.24338150024414062,3.041757583618164,-0.2212080927902462,3.0637597764196443,10.0,1.0
3.93,-0.24071121215820312,-0.24071121215820312,2.6373634338378906,-0.21814324139654181,3.0659278865661577,10.0,1.0
3.931,-0.23804092407226562,-0.23804092407226562,2.9098892211914062,-0.21507623701711456,3.068065737243245,10.0,1.0
3.932,-0.23498916625976562,-0.23498916625976562,2.8923072814941406,-0.21200710992205601,3.070173307351169,10.0,1.0
3.9330000000000003,-0.23231887817382812,-0.23231887817382812,2.549449920654297,-0.20893589040241153,3.0722505760869865,10.0,1.0
3.934,-0.22964859008789062,-0.22964859008789062,2.8923072814941406,-0.20586260876988136,3.074297522949763,10.0,1.0
3.935,-0.22621536254882812,-0.22621536254882812,2.997802734375,-0.2027872953565127,3.076314127737305,10.0,1.0
3.936,-0.22392654418945312,-0.22392654418945312,2.7164840698242188,-0.19970998051440741,3.078300370546529,10.0,1.0
3.9370000000000003,-0.22087478637695312,-0.22087478637695312,2.874725341796875,-0.1966306946154189,3.08025623177285,10.0,1.0
3.938,-0.21820354461669922,-0.21820354461669922,2.8131866455078125,-0.19354946805086104,3.0821816921143608,10.0,1.0
3.939,-0.21553325653076172,-0.21553325653076172,2.619779586791992,-0.19046633123119086,3.084076732567965,10.0,1.0
3.94,-0.21248149871826172,-0.21248149871826172,2.8923072814941406,-0.1873813145857258,3.085941334428611,10.0,1.0
3.9410000000000003,-0.20981121063232422,-0.20981121063232422,2.989011764526367,-0.18429444856233293,3.087775479293967,10.0,1.0
3.942,-0.20675945281982422,-0.20675945281982422,2.7780227661132812,-0.18120576362713717,3.089579149061734,10.0,1.0
3.943,-0.20408916473388672,-0.20408916473388672,2.8043956756591797,-0.17811529026421014,3.0913523259308135,10.0,1.0
3.944,-0.20141887664794922,-0.20141887664794922,2.760438919067383,-0.17502305897527623,3.0930949923997417,10.0,1.0
3.9450000000000003,-0.19836711883544922,-0.19836711883544922,2.830768585205078,-0.17192910027940994,3.0948071312705565,10.0,1.0
3.946,-0.19569683074951172,-0.19569683074951172,2.9362640380859375,-0.16883344471273445,3.096488725645088,10.0,1.0
3.947,-0.19264507293701172,-0.19264507293701172,2.8483524322509766,-0.16573612282812047,3.098139758925271,10.0,1.0
3.948,-0.18997478485107422,-0.18997478485107422,2.9098892211914062,-0.16263716519488458,3.0997602148170387,10.0,1.0
3.9490000000000003,-0.18692302703857422,-0.18692302703857422,2.8043956756591797,-0.15953660239848572,3.101350077326714,10.0,1.0
3.95,-0.18425273895263672,-0.18425273895263672,2.6901092529296875,-0.15643446504023048,3.1029093307629836,10.0,1.0
3.951,-0.18158245086669922,-0.18158245086669922,2.883516311645508,-0.15333078373696044,3.1044379597370693,10.0,1.0
3.952,-0.17853069305419922,-0.17853069305419922,2.8571434020996094,-0.15022558912075704,3.105935949161079,10.0,1.0
3.9530000000000003,-0.17547893524169922,-0.17547893524169922,2.8923072814941406,-0.14711891183863757,3.1074032842519017,10.0,1.0
3.954,-0.17242717742919922,-0.17242717742919922,2.9450550079345703,-0.14401078255225253,3.108839950527525,10.0,1.0
3.955,-0.16975688934326172,-0.16975688934326172,2.8043956756591797,-0.14090123193758322,3.1102459338071924,10.0,1.0
3.956,-0.16708660125732422,-0.16708660125732422,2.707693099975586,-0.13779029068463883,3.111621220215355,10.0,1.0
3.9570000000000003,-0.16403484344482422,-0.16403484344482422,2.8483524322509766,-0.1346779894971518,3.1129657961781305,10.0,1.0
3.958,-0.16136455535888672,-0.16136455535888672,2.953845977783203,-0.1315643590922819,3.1142796484250397,10.0,1.0
3.959,-0.15869426727294922,-0.15869426727294922,2.874725341796875,-0.12844943020030242,3.1155627639892884,10.0,1.0
3.96,-0.1556415557861328,-0.1556415557861328,2.883516311645508,-0.125333233564304,3.1168151302061418,10.0,1.0
3.9610000000000003,-0.1529712677001953,-0.1529712677001953,2.8483524322509766,-0.1222157999398894,3.1180367347167106,10.0,1.0
3.962,-0.1499195098876953,-0.1499195098876953,2.742856979370117,-0.1190971600948699,3.119227565464179,10.0,1.0
3.963,-0.1472492218017578,-0.1472492218017578,2.830768585205078,-0.11597734480896173,3.1203876106941806,10.0,1.0
3.964,-0.1441974639892578,-0.1441974639892578,2.997802734375,-0.11285638487348224,3.1215168589583797,10.0,1.0
3.9650000000000003,-0.1415271759033203,-0.1415271759033203,2.865934371948242,-0.10973431109104426,3.1226152991112244,10.0,1.0
3.966,-0.1380939483642578,-0.1380939483642578,2.9450550079345703,-0.10661115427525909,3.1236829203115164,10.0,1.0
3.967,-0.1354236602783203,-0.1354236602783203,2.7692298889160156,-0.1034869452504219,3.124719712021779,10.0,1.0
3.968,-0.1327533721923828,-0.1327533721923828,2.8219776153564453,-0.10036171485121623,3.125725664010872,10.0,1.0
3.969,-0.1297016143798828,-0.1297016143798828,3.0153846740722656,-0.09723549392240086,3.1267007663506305,10.0,1.0
3.97,-0.1266498565673828,-0.1266498565673828,2.9274730682373047,-0.09410831331851427,3.1276450094150547,10.0,1.0
3.971,-0.12397956848144531,-0.12397956848144531,3.0153846740722656,-0.09098020390357006,3.128558383885725,10.0,1.0
3.972,-0.12092781066894531,-0.12092781066894531,2.9450550079345703,-0.08785119655074351,3.1294408807483904,10.0,1.0
3.973,-0.11825752258300781,-0.11825752258300781,2.707693099975586,-0.08472132214207398,3.130292491292259,10.0,1.0
3.974,-0.11482429504394531,-0.11482429504394531,3.0681324005126953,-0.08159061156815829,3.1311132071136996,10.0,1.0
3.975,-0.11215400695800781,-0.11215400695800781,2.962636947631836,-0.07845909572784587,3.131903020112567,10.0,1.0
3.976,-0.10910224914550781,-0.10910224914550781,2.874725341796875,-0.07532680552793385,3.132661922492325,10.0,1.0
3.977,-0.10605049133300781,-0.10605049133300781,3.164834976196289,-0.07219377188286191,3.133389906763796,10.0,1.0
3.978,-0.10338020324707031,-0.10338020324707031,2.839559555053711,-0.06906002571440555,3.1340869657417016,10.0,1.0
3.979,-0.10070991516113281,-0.10070991516113281,2.7692298889160156,-0.0659255979513778,3.134753092546365,10.0,1.0
3.98,-0.09765815734863281,-0.09765815734863281,3.085714340209961,-0.06279051952931351,3.135388280603731,10.0,1.0
3.981,-0.09460639953613281,-0.09460639953613281,2.865934371948242,-0.059654821390171024,3.1359925236438784,10.0,1.0
3.982,-0.0915536880493164,-0.0915536880493164,3.006593704223633,-0.05651853448202505,3.136565815704568,10.0,1.0
3.983,-0.0885019302368164,-0.0885019302368164,3.1032962799072266,-0.05338168975876119,3.137108151127631,10.0,1.0
3.984,-0.0858316421508789,-0.0858316421508789,2.663736343383789,-0.05024431817977047,3.137619524559053,10.0,1.0
3.985,-0.0827798843383789,-0.0827798843383789,2.9098892211914062,-0.04710645070964377,3.1380999309526665,10.0,1.0
3.986,-0.0797281265258789,-0.0797281265258789,3.085714340209961,-0.04396811831786444,3.1385493655666714,10.0,1.0
3.987,-0.0770578384399414,-0.0770578384399414,2.786813735961914,-0.040829351978509724,3.138967823965338,10.0,1.0
3.988,-0.0740060806274414,-0.0740060806274414,3.1560440063476562,-0.03769018266993446,3.139355302019016,10.0,1.0
3.989,-0.0709543228149414,-0.0709543228149414,2.9274730682373047,-0.034550641374472384,3.1397117959025724,10.0,1.0
3.99,-0.0682840347290039,-0.0682840347290039,2.5934066772460938,-0.031410759078128604,3.1400373020989605,10.0,1.0
3.991,-0.0652322769165039,-0.0652322769165039,3.164834976196289,-0.02827056677027376,3.1403318173955572,10.0,1.0
3.992,-0.062180519104003906,-0.062180519104003906,2.9010982513427734,-0.02513009544333818,3.1405953388842214,10.0,1.0
3.993,-0.059510231018066406,-0.059510231018066406,2.786813735961914,-0.021989376092506008,3.1408278639649936,10.0,1.0
3.994,-0.056458473205566406,-0.056458473205566406,3.200000762939453,-0.018848439715407492,3.141029390342558,10.0,1.0
3.995,-0.053406715393066406,-0.053406715393066406,2.830768585205078,-0.01570731731182019,3.1411999160279347,10.0,1.0
3.996,-0.050736427307128906,-0.050736427307128906,2.786813735961914,-0.012566039883352316,3.141339439337597,10.0,1.0
3.997,-0.047684669494628906,-0.047684669494628906,3.006593704223633,-0.009424638433145687,3.141447958896281,10.0,1.0
3.998,-0.044632911682128906,-0.044632911682128906,2.953845977783203,-0.00628314396555905,3.141525473632563,10.0,1.0
3.999,-0.041962623596191406,-0.041962623596191406,2.9714279174804688,-0.0031415874858798576,3.141571982779626,10.0,1.0
4.0,-0.038529396057128906,-0.038529396057128906,2.989011764526367,-4.898587196589413e-16,3.1415874858799038,10.0,1.0
4.001,-0.035859107971191406,-0.035859107971191406,2.8131866455078125,0.0031415874858806542,3.141571982779626,10.0,1.0
4.002,-0.033188819885253906,-0.033188819885253906,2.830768585205078,0.006283143965558071,3.141525473632373,10.0,1.0
4.003,-0.0301361083984375,-0.0301361083984375,2.9802188873291016,0.009424638433144707,3.1414479588964714,10.0,1.0
4.0040000000000004,-0.0270843505859375,-0.0270843505859375,2.9450550079345703,0.012566039883353112,3.141339439337596,10.0,1.0
4.005,-0.0240325927734375,-0.0240325927734375,3.006593704223633,0.015707317311819208,3.1411999160279365,10.0,1.0
4.006,-0.0213623046875,-0.0213623046875,2.883516311645508,0.01884843971540829,3.141029390342366,10.0,1.0
4.007,-0.0186920166015625,-0.0186920166015625,2.8131866455078125,0.02198937609250325,3.1408278639648035,10.0,1.0
4.008,-0.0156402587890625,-0.0156402587890625,2.9362640380859375,0.025130095443337202,3.140595338884605,10.0,1.0
4.009,-0.0125885009765625,-0.0125885009765625,3.0153846740722656,0.028270566770274556,3.1403318173955572,10.0,1.0
4.01,-0.009918212890625,-0.009918212890625,2.9010982513427734,0.031410759078127626,3.1400373020987704,10.0,1.0
4.011,-0.006866455078125,-0.006866455078125,3.0153846740722656,0.034550641374471405,3.139711795902766,10.0,1.0
4.0120000000000005,-0.003814697265625,-0.003814697265625,2.9362640380859375,0.037690182669935256,3.1393553020190126,10.0,1.0
4.013,-0.0011444091796875,-0.0011444091796875,2.7340660095214844,0.040829351978508746,3.1389678239653307,10.0,1.0
4.014,0.0019073486328125,0.0019073486328125,2.9274730682373047,0.04396811831786523,3.138549365566476,10.0,1.0
4.015,0.0049591064453125,0.0049591064453125,3.085714340209961,0.047106450709641014,3.1380999309524817,10.0,1.0
4.016,0.0080108642578125,0.0080108642578125,2.8043956756591797,0.050244318179769494,3.137619524558552,10.0,1.0
4.017,0.01068115234375,0.01068115234375,2.9274730682373047,0.05338168975876021,3.137108151127631,10.0,1.0
4.018,0.01373291015625,0.01373291015625,3.0593414306640625,0.05651853448202407,3.136565815705268,10.0,1.0
4.019,0.0164031982421875,0.0164031982421875,2.6549453735351562,0.059654821390170046,3.1359925236440738,10.0,1.0
4.0200000000000005,0.0194549560546875,0.0194549560546875,3.0153846740722656,0.0627905195293143,3.135388280603724,10.0,1.0
4.021,0.0225067138671875,0.0225067138671875,3.0681324005126953,0.06592559795137681,3.1347530925463616,10.0,1.0
4.022,0.025177001953125,0.025177001953125,2.795604705810547,0.06906002571440634,3.13408696574151,10.0,1.0
4.023,0.028228759765625,0.028228759765625,3.0945053100585938,0.07219377188285916,3.133389906763618,10.0,1.0
4.024,0.031281471252441406,0.031281471252441406,2.8219776153564453,0.07532680552793287,3.1326619224918204,10.0,1.0
4.025,0.033951759338378906,0.033951759338378906,2.760438919067383,0.0784590957278449,3.13190302011256,10.0,1.0
4.026,0.037003517150878906,0.037003517150878906,3.120878219604492,0.0815906115681573,3.131113207114403,10.0,1.0
4.027,0.040055274963378906,0.040055274963378906,2.883516311645508,0.08472132214207301,3.1302924912924652,10.0,1.0
4.0280000000000005,0.043107032775878906,0.043107032775878906,2.9450550079345703,0.08785119655074432,3.1294408807483833,10.0,1.0
4.029,0.045777320861816406,0.045777320861816406,3.006593704223633,0.09098020390356909,3.128558383885725,10.0,1.0
4.03,0.048829078674316406,0.048829078674316406,2.7164840698242188,0.09410831331851506,3.127645009414856,10.0,1.0
4.031,0.051499366760253906,0.051499366760253906,2.918682098388672,0.09723549392239812,3.1267007663504387,10.0,1.0
4.032,0.054551124572753906,0.054551124572753906,3.164834976196289,0.10036171485121524,3.1257256640112487,10.0,1.0
4.033,0.057602882385253906,0.057602882385253906,2.7780227661132812,0.1034869452504227,3.124719712021779,10.0,1.0
4.034,0.060654640197753906,0.060654640197753906,2.962636947631836,0.10661115427525812,3.1236829203115235,10.0,1.0
4.035,0.0637063980102539,0.0637063980102539,3.076923370361328,0.10973431109104505,3.122615299111416,10.0,1.0
4.0360000000000005,0.0663766860961914,0.0663766860961914,2.6373634338378906,0.11285638487348303,3.121516858958188,10.0,1.0
4.037,0.0694284439086914,0.0694284439086914,2.989011764526367,0.11597734480896076,3.1203876106941806,10.0,1.0
4.038,0.0724802017211914,0.0724802017211914,3.25274658203125,0.11909716009487069,3.119227565464179,10.0,1.0
4.039,0.0751504898071289,0.0751504898071289,2.6989002227783203,0.12221579993988843,3.118036734716526,10.0,1.0
4.04,0.0782022476196289,0.0782022476196289,3.076923370361328,0.12533323356430304,3.116815130206355,10.0,1.0
4.041,0.0812540054321289,0.0812540054321289,2.8923072814941406,0.12844943020030322,3.1155627639892884,10.0,1.0
4.042,0.0835428237915039,0.0835428237915039,2.6549453735351562,0.13156435909228092,3.1142796484250397,10.0,1.0
4.043,0.0869760513305664,0.0869760513305664,3.1560440063476562,0.1346779894971526,3.112965796178301,10.0,1.0
4.0440000000000005,0.0900278091430664,0.0900278091430664,2.989011764526367,0.1377902906846396,3.111621220215156,10.0,1.0
4.045,0.0926980972290039,0.0926980972290039,2.8043956756591797,0.14090123193758225,3.110245933807221,10.0,1.0
4.046,0.09613227844238281,0.09613227844238281,3.1032962799072266,0.14401078255225333,3.1088399505275106,10.0,1.0
4.047,0.09842109680175781,0.09842109680175781,2.8043956756591797,0.1471189118386366,3.107403284251717,10.0,1.0
4.048,0.10147285461425781,0.10147285461425781,2.786813735961914,0.15022558912075606,3.105935949161264,10.0,1.0
4.049,0.10452461242675781,0.10452461242675781,3.208791732788086,0.1533307837369612,3.104437959737055,10.0,1.0
4.05,0.10757637023925781,0.10757637023925781,2.9010982513427734,0.1564344650402295,3.102909330762998,10.0,1.0
4.051,0.11024665832519531,0.11024665832519531,2.9274730682373047,0.1595366023984865,3.1013500773268845,10.0,1.0
4.0520000000000005,0.11367988586425781,0.11367988586425781,3.129671096801758,0.16263716519488536,3.0997602148168255,10.0,1.0
4.053,0.11635017395019531,0.11635017395019531,2.672527313232422,0.1657361228281195,3.098139758924418,10.0,1.0
4.054,0.11940193176269531,0.11940193176269531,2.9714279174804688,0.16883344471273348,3.0964887256450737,10.0,1.0
4.055,0.12245368957519531,0.12245368957519531,3.2175827026367188,0.17192910027940897,3.094807131271253,10.0,1.0
4.056,0.1251239776611328,0.1251239776611328,2.830768585205078,0.1750230589752753,3.0930949923999407,10.0,1.0
4.057,0.1281757354736328,0.1281757354736328,3.0153846740722656,0.1781152902642109,3.091352325930785,10.0,1.0
4.058,0.1312274932861328,0.1312274932861328,2.8923072814941406,0.1812057636271362,3.089579149061734,10.0,1.0
4.059,0.1338977813720703,0.1338977813720703,2.760438919067383,0.1842944485623337,3.087775479293299,10.0,1.0
4.0600000000000005,0.1369495391845703,0.1369495391845703,3.050548553466797,0.18738131458572485,3.0859413344284405,10.0,1.0
4.061,0.1400012969970703,0.1400012969970703,3.006593704223633,0.19046633123118992,3.084076732567965,10.0,1.0
4.062,0.1426715850830078,0.1426715850830078,2.839559555053711,0.1935494680508601,3.0821816921143466,10.0,1.0
4.063,0.1457233428955078,0.1457233428955078,2.8571434020996094,0.19663069461541796,3.0802562317735322,10.0,1.0
4.064,0.1483936309814453,0.1483936309814453,2.742856979370117,0.19970998051440647,3.078300370546728,10.0,1.0
4.065,0.1510639190673828,0.1510639190673828,2.795604705810547,0.20278729535651346,3.076314127737291,10.0,1.0
4.066,0.1541156768798828,0.1541156768798828,2.865934371948242,0.20586260876988038,3.074297522949763,10.0,1.0
4.067,0.15678691864013672,0.15678691864013672,2.8219776153564453,0.2089358904024123,3.0722505760863186,10.0,1.0
4.0680000000000005,0.15983867645263672,0.15983867645263672,2.8483524322509766,0.21200710992205507,3.0701733073509843,10.0,1.0
4.069,0.16250896453857422,0.16250896453857422,2.742856979370117,0.2150762370171136,3.0680657372440976,10.0,1.0
4.07,0.16517925262451172,0.16517925262451172,2.5934066772460938,0.2181432413965426,3.0659278865661435,10.0,1.0
4.071,0.16784954071044922,0.16784954071044922,2.75164794921875,0.22120809279024523,3.0637597764194737,10.0,1.0
4.072,0.17051982879638672,0.17051982879638672,2.786813735961914,0.22427076094938084,3.0615614282001786,10.0,1.0
4.073,0.17319011688232422,0.17319011688232422,2.760438919067383,0.22733121564664763,3.059332863604837,10.0,1.0
4.074,0.17624187469482422,0.17624187469482422,2.8131866455078125,0.23038942667658985,3.057074104629649,10.0,1.0
4.075,0.17891216278076172,0.17891216278076172,2.7164840698242188,0.23344536385590622,3.0547851735667138,10.0,1.0
4.0760000000000005,0.18158245086669922,0.18158245086669922,2.5670337677001953,0.23649899702372532,3.0524660930074816,10.0,1.0
4.077,0.18425273895263672,0.18425273895263672,2.6901092529296875,0.23955029604192055,3.0501168858415184,10.0,1.0
4.078,0.18692302703857422,0.18692302703857422,2.8131866455078125,0.24259923079540766,3.047737575252384,10.0,1.0
4.079,0.18959331512451172,0.18959331512451172,2.742856979370117,0.24564577119242467,3.045328184723843,10.0,1.0
4.08,0.19226360321044922,0.19226360321044922,2.786813735961914,0.24868988716485466,3.0428887380358987,10.0,1.0
4.081,0.19531536102294922,0.19531536102294922,2.75164794921875,0.2517315486684985,3.040419259263828,10.0,1.0
4.082,0.19798564910888672,0.19798564910888672,2.6461544036865234,0.25477072568338166,3.0379197727806684,10.0,1.0
4.083,0.20065593719482422,0.20065593719482422,2.742856979370117,0.25780738821405913,3.0353903032570457,10.0,1.0
4.0840000000000005,0.20332622528076172,0.20332622528076172,2.839559555053711,0.2608415062898978,3.032830875656657,10.0,1.0
4.085,0.20599651336669922,0.20599651336669922,2.7340660095214844,0.2638730499653718,3.030241515239453,10.0,1.0
4.086,0.20904827117919922,0.20904827117919922,2.8571434020996094,0.266901989320376,3.027622247561851,10.0,1.0
4.087,0.21171855926513672,0.21171855926513672,2.7164840698242188,0.2699282944604949,3.0249730984749874,10.0,1.0
4.088,0.21438884735107422,0.21438884735107422,2.584615707397461,0.2729519355173253,3.0222940941252148,10.0,1.0
4.089,0.21705913543701172,0.21705913543701172,2.7780227661132812,0.2759728826487473,3.019585260952141,10.0,1.0
4.09,0.21973037719726562,0.21973037719726562,2.8131866455078125,0.27899110603922894,3.01684662569113,10.0,1.0
4.091,0.22240066528320312,0.22240066528320312,2.7164840698242188,0.28200657590012895,3.014078215373104,10.0,1.0
4.0920000000000005,0.22545242309570312,0.22545242309570312,2.874725341796875,0.28501926246997716,3.0112800573199934,10.0,1.0
4.093,0.22812271118164062,0.22812271118164062,2.7340660095214844,0.2880291360147683,3.0084521791480086,10.0,1.0
4.094,0.23079299926757812,0.23079299926757812,2.5142860412597656,0.2910361668282725,3.005594608767524,10.0,1.0
4.095,0.23346328735351562,0.23346328735351562,2.8219776153564453,0.2940403252323027,3.002707374381714,10.0,1.0
4.096,0.23651504516601562,0.23651504516601562,2.7692298889160156,0.2970415815770352,2.9997905044857873,10.0,1.0
4.097,0.23880386352539062,0.23880386352539062,2.6109886169433594,0.3000399062412763,2.996844027869656,10.0,1.0
4.098,0.24147415161132812,0.24147415161132812,2.839559555053711,0.3030352696327739,2.9938679736124243,10.0,1.0
4.099,0.24452590942382812,0.24452590942382812,2.742856979370117,0.3060276421885004,2.9908623710859956,10.0,1.0
4.1,0.24681472778320312,0.24681472778320312,2.461538314819336,0.30901699437494523,2.9878272499572347,10.0,1.0
4.101,0.24948501586914062,0.24948501586914062,2.6109886169433594,0.3120032966884142,2.9847626401792127,10.0,1.0
4.102,0.2525367736816406,0.2525367736816406,2.760438919067383,0.31498651965530566,2.9816685719981706,10.0,1.0
4.103,0.2548255920410156,0.2548255920410156,2.5318679809570312,0.3179666338324099,2.978545075952468,10.0,1.0
4.104,0.2574958801269531,0.2574958801269531,2.707693099975586,0.32094360980720993,2.9753921828688874,10.0,1.0
4.105,0.2605476379394531,0.2605476379394531,2.8131866455078125,0.3239174181981497,2.972209923865819,10.0,1.0
4.106,0.2628364562988281,0.2628364562988281,2.3999996185302734,0.3268880296549409,2.9689983303518943,10.0,1.0
4.107,0.2651252746582031,0.2651252746582031,2.4967041015625,0.3298554148588528,2.9657574340222084,10.0,1.0
4.108,0.2681770324707031,0.2681770324707031,2.795604705810547,0.3328195445229847,2.962487266864059,10.0,1.0
4.109,0.2708473205566406,0.2708473205566406,2.5142860412597656,0.3357803893925802,2.959187861152884,10.0,1.0
4.11,0.2731361389160156,0.2731361389160156,2.505495071411133,0.3387379202452924,2.955859249451464,10.0,1.0
4.111,0.2761878967285156,0.2761878967285156,2.839559555053711,0.3416921078914825,2.952501464612169,10.0,1.0
4.112,0.2784767150878906,0.2784767150878906,2.461538314819336,0.34464292317451606,2.9491145397765024,10.0,1.0
4.113,0.2807655334472656,0.2807655334472656,2.3208789825439453,0.34759033697103753,2.9456985083710947,10.0,1.0
4.114,0.28343677520751953,0.28343677520751953,2.7780227661132812,0.35053432019125763,2.942253404110204,10.0,1.0
4.115,0.28610706329345703,0.28610706329345703,2.6549453735351562,0.35347484377925725,2.9387792609959718,10.0,1.0
4.116,0.28839588165283203,0.28839588165283203,2.3999996185302734,0.356411878713249,2.935276113316945,10.0,1.0
4.117,0.29106616973876953,0.29106616973876953,2.672527313232422,0.35934539600589044,2.9317439956479916,10.0,1.0
4.118,0.29411792755126953,0.29411792755126953,2.6901092529296875,0.3622753667045469,2.9281829428486787,10.0,1.0
4.119,0.29640674591064453,0.29640674591064453,2.4439563751220703,0.3652017618915872,2.9245929900654914,10.0,1.0
4.12,0.29907703399658203,0.29907703399658203,2.4879112243652344,0.36812455268467714,2.9209741727312633,10.0,1.0
4.121,0.30136585235595703,0.30136585235595703,2.619779586791992,0.3710437102370517,2.917326526561368,10.0,1.0
4.122,0.30403614044189453,0.30403614044189453,2.575824737548828,0.3739592057377993,2.913650087555993,10.0,1.0
4.123,0.30670642852783203,0.30670642852783203,2.540658950805664,0.376871010412163,2.909944892000482,10.0,1.0
4.124,0.30937671661376953,0.30937671661376953,2.7164840698242188,0.3797790955217996,2.9062109764637114,10.0,1.0
4.125,0.31204700469970703,0.31204700469970703,2.452747344970703,0.3826834323650897,2.902448377797384,10.0,1.0
4.126,0.31433582305908203,0.31433582305908203,2.4087905883789062,0.3855839922773963,2.8986571331383004,10.0,1.0
4.127,0.31662464141845703,0.31662464141845703,2.5934066772460938,0.38848074663136567,2.8948372799031006,10.0,1.0
4.128,0.31929492950439453,0.31929492950439453,2.5934066772460938,0.3913736668372018,2.8909888557921306,10.0,1.0
4.1290000000000004,0.32196521759033203,0.32196521759033203,2.540658950805664,0.39426272434295184,2.8871118987892146,10.0,1.0
4.13,0.32463550567626953,0.32463550567626953,2.6021976470947266,0.3971478906347797,2.8832064471570504,10.0,1.0
4.131,0.32692432403564453,0.32692432403564453,2.5230770111083984,0.40002913723726524,2.879272539441132,10.0,1.0
4.132,0.32959461212158203,0.32959461212158203,2.4791202545166016,0.40290643571366136,2.8753102144677882,10.0,1.0
4.133,0.33188343048095703,0.33188343048095703,2.4439563751220703,0.4057797576662001,2.871319511342847,10.0,1.0
4.134,0.33455371856689453,0.33455371856689453,2.5230770111083984,0.408649074736349,2.8673004694536814,10.0,1.0
4.135,0.33722400665283203,0.33722400665283203,2.5934066772460938,0.41151435860510693,2.8632531284677327,10.0,1.0
4.136,0.33951282501220703,0.33951282501220703,2.461538314819336,0.41437558099328375,2.8591775283287575,10.0,1.0
4.1370000000000005,0.34218311309814453,0.34218311309814453,2.584615707397461,0.41723271366176634,2.855073709261177,10.0,1.0
4.138,0.34447288513183594,0.34447288513183594,2.5318679809570312,0.4200857284118055,2.850941711769167,10.0,1.0
4.139,0.34714317321777344,0.34714317321777344,2.3560447692871094,0.42293459708530395,2.8467815766332762,10.0,1.0
4.14,0.34943199157714844,0.34943199157714844,2.329669952392578,0.42577929156507155,2.8425933449127,10.0,1.0
4.141,0.35172080993652344,0.35172080993652344,2.5318679809570312,0.42861978377512866,2.838377057942836,10.0,1.0
4.142,0.35477256774902344,0.35477256774902344,2.5934066772460938,0.43145604568095913,2.834132757337443,10.0,1.0
4.143,0.35706138610839844,0.35706138610839844,2.3560447692871094,0.43428804928980297,2.8298604849871367,10.0,1.0
4.144,0.35935020446777344,0.35935020446777344,2.417581558227539,0.4371157666509327,2.8255602830557507,10.0,1.0
4.1450000000000005,0.36163902282714844,0.36163902282714844,2.549449920654297,0.43993916985591636,2.8212321939844287,10.0,1.0
4.146,0.36430931091308594,0.36430931091308594,2.2329673767089844,0.442758231038901,2.8168762604907442,10.0,1.0
4.147,0.36659812927246094,0.36659812927246094,2.2769222259521484,0.44557292237689716,2.8124925255654603,10.0,1.0
4.148,0.36888694763183594,0.36888694763183594,2.5142860412597656,0.44838321609003134,2.8080810324737513,10.0,1.0
4.149,0.37155723571777344,0.37155723571777344,2.5318679809570312,0.45118908444184397,2.8036418247569657,10.0,1.0
4.15,0.37384605407714844,0.37384605407714844,2.3032970428466797,0.45399049973954714,2.799174946227339,10.0,1.0
4.151,0.37613487243652344,0.37613487243652344,2.4351654052734375,0.4567874343342981,2.7946804409706942,10.0,1.0
4.152,0.37842369079589844,0.37842369079589844,2.4967041015625,0.45957986062148787,2.7901583533466123,10.0,1.0
4.1530000000000005,0.38109397888183594,0.38109397888183594,2.1890106201171875,0.4623677510409932,2.785608727985334,10.0,1.0
4.154,0.38300132751464844,0.38300132751464844,2.259340286254883,0.465151078077458,2.7810316097901477,10.0,1.0
4.155,0.38567161560058594,0.38567161560058594,2.505495071411133,0.46792981426057284,2.7764270439372183,10.0,1.0
4.156,0.38796043395996094,0.38796043395996094,2.452747344970703,0.47070393216533185,2.771795075869562,10.0,1.0
4.157,0.39024925231933594,0.39024925231933594,2.241758346557617,0.4734734044123113,2.767135751302959,10.0,1.0
4.158,0.39253807067871094,0.39253807067871094,2.4263744354248047,0.4762382036679396,2.762449116224559,10.0,1.0
4.159,0.39520835876464844,0.39520835876464844,2.4087905883789062,0.47899830264475984,2.75773521688825,10.0,1.0
4.16,0.39749717712402344,0.39749717712402344,2.1450557708740234,0.48175367410171543,2.7529940998189204,10.0,1.0
4.1610000000000005,0.39978599548339844,0.39978599548339844,2.241758346557617,0.4845042908443995,2.7482258118086236,10.0,1.0
4.162,0.40207481384277344,0.40207481384277344,2.461538314819336,0.48725012572533216,2.7434303999187364,10.0,1.0
4.163,0.40436363220214844,0.40436363220214844,2.4703292846679688,0.48999115164423623,2.7386079114797326,10.0,1.0
4.164,0.40665340423583984,0.40665340423583984,2.171428680419922,0.49272734154829106,2.733758394085669,10.0,1.0
4.165,0.40894222259521484,0.40894222259521484,2.3120880126953125,0.4954586684324069,2.728881895599301,10.0,1.0
4.166,0.41123104095458984,0.41123104095458984,2.4791202545166016,0.4981851053394915,2.7239784641512585,10.0,1.0
4.167,0.41351985931396484,0.41351985931396484,2.1890106201171875,0.5009066253607088,2.7190481481351867,10.0,1.0
4.168,0.41580867767333984,0.41580867767333984,2.0571422576904297,0.5036232016357612,2.7140909962110413,10.0,1.0
4.1690000000000005,0.41809749603271484,0.41809749603271484,2.3472518920898438,0.5063348073531327,2.709107057305289,10.0,1.0
4.17,0.42038631439208984,0.42038631439208984,2.5934066772460938,0.5090414157503713,2.704096380606387,10.0,1.0
4.171,0.42267513275146484,0.42267513275146484,2.127471923828125,0.5117430001143448,2.6990590155669167,10.0,1.0
4.172,0.42496395111083984,0.42496395111083984,2.136262893676758,0.5144395337815046,2.6939950119062246,10.0,1.0
4.173,0.42725276947021484,0.42725276947021484,2.3560447692871094,0.5171309901381567,2.688904419601954,10.0,1.0
4.174,0.42954158782958984,0.42954158782958984,2.3120880126953125,0.5198173426207103,2.683787288895985,10.0,1.0
4.175,0.43144893646240234,0.43144893646240234,1.9692306518554688,0.522498564715948,2.6786436702932974,10.0,1.0
4.176,0.43335628509521484,0.43335628509521484,2.083517074584961,0.5251746299612963,2.6734736145584748,10.0,1.0
4.1770000000000005,0.43602657318115234,0.43602657318115234,2.4439563751220703,0.5278455119450668,2.668277172718433,10.0,1.0
4.178,0.43831539154052734,0.43831539154052734,2.329669952392578,0.5305111843067327,2.663054396061227,10.0,1.0
4.179,0.44060420989990234,0.44060420989990234,2.048351287841797,0.5331716207371887,2.657805336131389,10.0,1.0
4.18,0.44251155853271484,0.44251155853271484,2.1890106201171875,0.535826794978995,2.6525300447358973,10.0,1.0
4.181,0.44518184661865234,0.44518184661865234,2.3472518920898438,0.5384766808266599,2.6472285739400263,10.0,1.0
4.182,0.44708919525146484,0.44708919525146484,2.0923080444335938,0.5411212521268769,2.6419009760662107,10.0,1.0
4.183,0.44899654388427734,0.44899654388427734,1.9780216217041016,0.5437604827787919,2.636547303696773,10.0,1.0
4.184,0.45128536224365234,0.45128536224365234,2.1978015899658203,0.5463943467342698,2.631167609669319,10.0,1.0
4.1850000000000005,0.45357418060302734,0.45357418060302734,2.417581558227539,0.5490228179981322,2.6257619470799796,10.0,1.0
4.186,0.45586299896240234,0.45586299896240234,2.118680953979492,0.5516458706284292,2.620330369281305,10.0,1.0
4.187,0.45777034759521484,0.45777034759521484,2.127471923828125,0.5542634787366942,2.614872929879027,10.0,1.0
4.188,0.46005916595458984,0.46005916595458984,2.2329673767089844,0.5568756164881866,2.609389682736662,10.0,1.0
4.189,0.46234798431396484,0.46234798431396484,2.3120880126953125,0.5594822581021669,2.6038806819717024,10.0,1.0
4.19,0.46425533294677734,0.46425533294677734,1.9692306518554688,0.5620833778521318,2.598345981955106,10.0,1.0
4.191,0.46616268157958984,0.46616268157958984,2.0219783782958984,0.5646789500660766,2.5927856373123177,10.0,1.0
4.192,0.46845149993896484,0.46845149993896484,2.241758346557617,0.5672689491267559,2.5871997029230442,10.0,1.0
4.1930000000000005,0.47112274169921875,0.47112274169921875,2.364835739135742,0.5698533494719245,2.58158823391733,10.0,1.0
4.194,0.47303009033203125,0.47303009033203125,2.0923080444335938,0.57243212559459,2.5759512856775473,10.0,1.0
4.195,0.47531890869140625,0.47531890869140625,2.083517074584961,0.5750052520432789,2.5702889138385103,10.0,1.0
4.196,0.47722625732421875,0.47722625732421875,2.1802196502685547,0.5775727034222664,2.564601174285599,10.0,1.0
4.197,0.47951507568359375,0.47951507568359375,2.127471923828125,0.5801344543918494,2.558888123153963,10.0,1.0
4.198,0.48142242431640625,0.48142242431640625,1.9516487121582031,0.582690479668576,2.5531498168303983,10.0,1.0
4.199,0.48332977294921875,0.48332977294921875,1.9868125915527344,0.5852407540255098,2.547386311948628,10.0,1.0
4.2,0.48561859130859375,0.48561859130859375,2.1890106201171875,0.5877852522924727,2.5415976653919756,10.0,1.0
4.2010000000000005,0.48790740966796875,0.48790740966796875,2.2329673767089844,0.5903239493562954,2.5357839342931356,10.0,1.0
4.202,0.48981475830078125,0.48981475830078125,2.048351287841797,0.5928568201610586,2.529945176030367,10.0,1.0
4.203,0.49210357666015625,0.49210357666015625,1.9956035614013672,0.5953838397083555,2.524081448229879,10.0,1.0
4.204,0.49401092529296875,0.49401092529296875,2.048351287841797,0.5979049830575178,2.518192808764695,10.0,1.0
4.205,0.49591827392578125,0.49591827392578125,2.0307693481445312,0.6004202253258842,2.5122793157526644,10.0,1.0
4.206,0.49782562255859375,0.49782562255859375,1.916482925415039,0.6029295416890248,2.506341027558733,10.0,1.0
4.207,0.49973297119140625,0.49973297119140625,2.039560317993164,0.6054329073810013,2.5003780027905123,10.0,1.0
4.208,0.5020217895507812,0.5020217895507812,2.039560317993164,0.6079302976946052,2.4943903003002674,10.0,1.0
4.2090000000000005,0.5039291381835938,0.5039291381835938,2.1010990142822266,0.6104216879816036,2.4883779791856,10.0,1.0
4.21,0.5062179565429688,0.5062179565429688,1.9780216217041016,0.6129070536529759,2.482341098784673,10.0,1.0
4.211,0.5081253051757812,0.5081253051757812,2.048351287841797,0.6153863701791722,2.476279718679052,10.0,1.0
4.212,0.5100326538085938,0.5100326538085938,1.9692306518554688,0.6178596130903335,2.4701938986924574,10.0,1.0
4.213,0.5119400024414062,0.5119400024414062,1.9428577423095703,0.6203267579765565,2.4640836988887713,10.0,1.0
4.214,0.5138473510742188,0.5138473510742188,1.7934074401855469,0.6227877804881128,2.4579491795739727,10.0,1.0
4.215,0.5157546997070312,0.5157546997070312,1.916482925415039,0.6252426563357039,2.4517904012940903,10.0,1.0
4.216,0.5176620483398438,0.5176620483398438,1.9780216217041016,0.6276913612907004,2.4456074248323603,10.0,1.0
4.2170000000000005,0.5195693969726562,0.5195693969726562,1.9780216217041016,0.6301338711853702,2.4394003112120686,10.0,1.0
4.218,0.5214767456054688,0.5214767456054688,1.9428577423095703,0.6325701619131241,2.4331691216959257,10.0,1.0
4.219,0.5237655639648438,0.5237655639648438,1.9780216217041016,0.6350002094287615,2.426913917782713,10.0,1.0
4.22,0.5256729125976562,0.5256729125976562,2.004396438598633,0.6374239897486891,2.4206347612084187,10.0,1.0
4.221,0.5275802612304688,0.5275802612304688,1.9516487121582031,0.6398414789511776,2.4143317139470355,10.0,1.0
4.222,0.5294876098632812,0.5294876098632812,1.8549442291259766,0.6422526531765848,2.408004838206523,10.0,1.0
4.223,0.5310134887695312,0.5310134887695312,1.8109893798828125,0.6446574886275902,2.4016541964301723,10.0,1.0
4.224,0.5333032608032227,0.5333032608032227,1.9516487121582031,0.6470559615694444,2.395279851296266,10.0,1.0
4.225,0.5352106094360352,0.5352106094360352,1.9692306518554688,0.6494480483301822,2.3888818657173942,10.0,1.0
4.226,0.5371179580688477,0.5371179580688477,2.0131874084472656,0.6518337253008786,2.3824603028390925,10.0,1.0
4.227,0.5390253067016602,0.5390253067016602,1.8813190460205078,0.654212968935862,2.3760152260389305,10.0,1.0
4.228,0.5409326553344727,0.5409326553344727,1.9516487121582031,0.656585755752956,2.369546698927479,10.0,1.0
4.229,0.5428400039672852,0.5428400039672852,1.916482925415039,0.6589520623337163,2.3630547853474013,10.0,1.0
4.23,0.5447473526000977,0.5447473526000977,1.8901100158691406,0.6613118653236524,2.3565395493708365,10.0,1.0
4.231,0.5466547012329102,0.5466547012329102,1.8109893798828125,0.6636651414324576,2.3500010553000834,10.0,1.0
4.232,0.5481805801391602,0.5481805801391602,1.8109893798828125,0.6660118674342519,2.343439367667372,10.0,1.0
4.233,0.5504693984985352,0.5504693984985352,1.8901100158691406,0.6683520201677918,2.336854551234353,10.0,1.0
4.234,0.5523767471313477,0.5523767471313477,1.9428577423095703,0.67068557653672,2.3302466709899363,10.0,1.0
4.235,0.5539026260375977,0.5539026260375977,1.8989009857177734,0.6730125135097732,2.3236157921522818,10.0,1.0
4.236,0.5558099746704102,0.5558099746704102,1.837362289428711,0.6753328081210241,2.316961980164592,10.0,1.0
4.237,0.5577173233032227,0.5577173233032227,1.8901100158691406,0.6776464374701018,2.310285300697103,10.0,1.0
4.238,0.5596246719360352,0.5596246719360352,1.8021984100341797,0.6799533787224199,2.3035858196471963,10.0,1.0
4.239,0.5615320205688477,0.5615320205688477,1.74945068359375,0.6822536091093957,2.2968636031348524,10.0,1.0
4.24,0.5630578994750977,0.5630578994750977,1.6703300476074219,0.6845471059286891,2.2901187175059476,10.0,1.0
4.241,0.5649652481079102,0.5649652481079102,1.7582416534423828,0.6868338465444072,2.283351229330094,10.0,1.0
4.242,0.5668725967407227,0.5668725967407227,1.8197803497314453,0.6891138083873486,2.2765612053988207,10.0,1.0
4.243,0.5683984756469727,0.5683984756469727,1.7934074401855469,0.6913869689552063,2.269748712727676,10.0,1.0
4.244,0.5703058242797852,0.5703058242797852,1.7582416534423828,0.6936533058128035,2.2629138185540683,10.0,1.0
4.245,0.5718317031860352,0.5718317031860352,1.6791210174560547,0.695912796592314,2.2560565903342535,10.0,1.0
4.246,0.5737390518188477,0.5737390518188477,1.7846145629882812,0.6981654189934735,2.24917709574612,10.0,1.0
4.247,0.5752649307250977,0.5752649307250977,1.7934074401855469,0.7004111507838058,2.242275402688392,10.0,1.0
4.248,0.5771722793579102,0.5771722793579102,1.6879119873046875,0.7026499697988497,2.2353515792776193,10.0,1.0
4.249,0.5786981582641602,0.5786981582641602,1.5472526550292969,0.7048818539423606,2.228405693849311,10.0,1.0
4.25,0.5802240371704102,0.5802240371704102,1.538461685180664,0.7071067811865478,2.221437814956005,10.0,1.0
4.251,0.5821313858032227,0.5821313858032227,1.7230777740478516,0.709324729572274,2.214448011368404,10.0,1.0
4.252,0.5836572647094727,0.5836572647094727,1.7846145629882812,0.7115356772092841,2.2074363520738984,10.0,1.0
4.253,0.5851831436157227,0.5851831436157227,1.6967029571533203,0.7137396022764212,2.2004029062732684,10.0,1.0
4.2540000000000004,0.5870904922485352,0.5870904922485352,1.6000003814697266,0.7159364830218321,2.1933477433838107,10.0,1.0
4.255,0.5886163711547852,0.5886163711547852,1.582418441772461,0.7181262977631884,2.186270933038088,10.0,1.0
4.256,0.5901422500610352,0.5901422500610352,1.7670326232910156,0.7203090248879076,2.179172545080519,10.0,1.0
4.257,0.5920495986938477,0.5920495986938477,1.7846145629882812,0.7224846428533491,2.172052649569366,10.0,1.0
4.258,0.5935754776000977,0.5935754776000977,1.6439552307128906,0.7246531301870458,2.1649113167762835,10.0,1.0
4.259,0.5951023101806641,0.5951023101806641,1.5120887756347656,0.7268144654869031,2.1577486171825626,10.0,1.0
4.26,0.5966281890869141,0.5966281890869141,1.5032958984375,0.7289686274214104,2.1505646214807825,10.0,1.0
4.261,0.5985355377197266,0.5985355377197266,1.6791210174560547,0.7311155947298641,2.1433594005745817,10.0,1.0
4.2620000000000005,0.6000614166259766,0.6000614166259766,1.7846145629882812,0.733255346222561,2.13613302557593,10.0,1.0
4.263,0.6019687652587891,0.6019687652587891,1.6527481079101562,0.7353878607810156,2.128885567806492,10.0,1.0
4.264,0.6034946441650391,0.6034946441650391,1.5560436248779297,0.7375131173581735,2.1216170987969463,10.0,1.0
4.265,0.6050205230712891,0.6050205230712891,1.5560436248779297,0.7396310949786091,2.114327690282778,10.0,1.0
4.266,0.6065464019775391,0.6065464019775391,1.7582416534423828,0.7417417727387385,2.107017414207462,10.0,1.0
4.267,0.6084537506103516,0.6084537506103516,1.8285713195800781,0.7438451298070254,2.0996863427215544,10.0,1.0
4.268,0.6099796295166016,0.6099796295166016,1.538461685180664,0.7459411454241812,2.092334548178826,10.0,1.0
4.269,0.6115055084228516,0.6115055084228516,1.415384292602539,0.7480297989033826,2.0849621031390484,10.0,1.0
4.2700000000000005,0.6130313873291016,0.6130313873291016,1.3890113830566406,0.7501110696304607,2.077569080364583,10.0,1.0
4.271,0.6145572662353516,0.6145572662353516,1.6087913513183594,0.7521849370641113,2.0701555528217455,10.0,1.0
4.272,0.6160831451416016,0.6160831451416016,1.7230777740478516,0.7542513807361035,2.0627215936797256,10.0,1.0
4.273,0.6176090240478516,0.6176090240478516,1.582418441772461,0.7563103802514703,2.0552672763091664,10.0,1.0
4.274,0.6191349029541016,0.6191349029541016,1.4769229888916016,0.7583619152887213,2.04779267427989,10.0,1.0
4.275,0.6206607818603516,0.6206607818603516,1.459341049194336,0.7604059656000315,2.040297861363058,10.0,1.0
4.276,0.6221866607666016,0.6221866607666016,1.5208797454833984,0.7624425110114471,2.0327829115304326,10.0,1.0
4.277,0.6240940093994141,0.6240940093994141,1.6703300476074219,0.7644715314230919,2.025247898950738,10.0,1.0
4.2780000000000005,0.6256198883056641,0.6256198883056641,1.5736255645751953,0.76649300680935,2.0176928979925606,10.0,1.0
4.279,0.6267642974853516,0.6267642974853516,1.4329662322998047,0.7685069172190766,2.010117983219857,10.0,1.0
4.28,0.6282901763916016,0.6282901763916016,1.292306900024414,0.7705132427757891,2.0025232293934323,10.0,1.0
4.281,0.6294345855712891,0.6294345855712891,1.2835159301757812,0.7725119636778631,1.9949087114724193,10.0,1.0
4.282,0.6309604644775391,0.6309604644775391,1.5032958984375,0.7745030601987335,1.9872745046073987,10.0,1.0
4.283,0.6324863433837891,0.6324863433837891,1.6000003814697266,0.7764865126870792,1.9796206841448338,10.0,1.0
4.284,0.6340122222900391,0.6340122222900391,1.4769229888916016,0.7784623015670228,1.9719473256256492,10.0,1.0
4.285,0.6355381011962891,0.6355381011962891,1.4065933227539062,0.7804304073383301,1.9642545047821613,10.0,1.0
4.2860000000000005,0.6366825103759766,0.6366825103759766,1.3186817169189453,0.7823908105765884,1.95654229753967,10.0,1.0
4.287,0.6382083892822266,0.6382083892822266,1.3010997772216797,0.7843434919334091,1.9488107800154921,10.0,1.0
4.288,0.6397342681884766,0.6397342681884766,1.4769229888916016,0.7862884321366189,1.9410600285149826,10.0,1.0
4.289,0.6412601470947266,0.6412601470947266,1.538461685180664,0.7882256119904388,1.9332901195358545,10.0,1.0
4.29,0.6424045562744141,0.6424045562744141,1.4065933227539062,0.7901550123756902,1.925501129763859,10.0,1.0
4.291,0.6439304351806641,0.6439304351806641,1.336263656616211,0.7920766142499678,1.9176931360725007,10.0,1.0
4.292,0.6450748443603516,0.6450748443603516,1.2835159301757812,0.7939903986478348,1.909866215523948,10.0,1.0
4.293,0.6466007232666016,0.6466007232666016,1.2395610809326172,0.7958963466810153,1.9020204453676683,10.0,1.0
4.2940000000000005,0.6477451324462891,0.6477451324462891,1.4065933227539062,0.7977944395385714,1.8941559030373583,10.0,1.0
4.295,0.6492710113525391,0.6492710113525391,1.4417591094970703,0.7996846584870897,1.8862726661528768,10.0,1.0
4.296,0.6504154205322266,0.6504154205322266,1.3626365661621094,0.8015669848708767,1.8783708125186536,10.0,1.0
4.297,0.6519412994384766,0.6519412994384766,1.4241752624511719,0.8034414001121266,1.870450420122836,10.0,1.0
4.298,0.6534671783447266,0.6534671783447266,1.3450546264648438,0.8053078857111219,1.8625115671366075,10.0,1.0
4.299,0.6546115875244141,0.6546115875244141,1.292306900024414,0.8071664232464011,1.854554331912766,10.0,1.0
4.3,0.6561374664306641,0.6561374664306641,1.415384292602539,0.8090169943749471,1.8465787929862358,10.0,1.0
4.301,0.657282829284668,0.657282829284668,1.3890113830566406,0.8108595808323731,1.8385850290731014,10.0,1.0
4.3020000000000005,0.658808708190918,0.658808708190918,1.3274726867675781,0.8126941644330945,1.8305731190679921,10.0,1.0
4.303,0.6599531173706055,0.6599531173706055,1.3010997772216797,0.8145207270705087,1.822543142045106,10.0,1.0
4.304,0.6614789962768555,0.6614789962768555,1.2307701110839844,0.8163392507171843,1.814495177257072,10.0,1.0
4.305,0.662623405456543,0.662623405456543,1.1956043243408203,0.8181497174250225,1.8064293041343262,10.0,1.0
4.306,0.6637678146362305,0.6637678146362305,1.213186264038086,0.8199521093254524,1.7983456022831774,10.0,1.0
4.307,0.664912223815918,0.664912223815918,1.292306900024414,0.8217464086295901,1.7902441514875704,10.0,1.0
4.308,0.666438102722168,0.666438102722168,1.3274726867675781,0.8235325976284272,1.7821250317048225,10.0,1.0
4.309,0.6675825119018555,0.6675825119018555,1.2219772338867188,0.8253106586929992,1.7739883230669875,10.0,1.0
4.3100000000000005,0.668726921081543,0.668726921081543,1.2747249603271484,0.8270805742745624,1.765834105881254,10.0,1.0
4.311,0.670252799987793,0.670252799987793,1.2659339904785156,0.8288423269047615,1.7576624606255677,10.0,1.0
4.312,0.6713972091674805,0.6713972091674805,1.1780223846435547,0.830595899195813,1.7494734679507928,10.0,1.0
4.313,0.672541618347168,0.672541618347168,1.24835205078125,0.8323412738406627,1.7412672086794032,10.0,1.0
4.314,0.6736860275268555,0.6736860275268555,1.1956043243408203,0.8340784336131714,1.7330437638032095,10.0,1.0
4.315,0.674830436706543,0.674830436706543,1.1868133544921875,0.8358073613682703,1.7248032144847798,10.0,1.0
4.316,0.6759748458862305,0.6759748458862305,1.0901107788085938,0.8375280400421407,1.7165456420558485,10.0,1.0
4.317,0.677119255065918,0.677119255065918,1.1516475677490234,0.8392404526523816,1.7082711280140188,10.0,1.0
4.3180000000000005,0.6782636642456055,0.6782636642456055,1.125274658203125,0.8409445822981698,1.6999797540252644,10.0,1.0
4.319,0.679408073425293,0.679408073425293,1.0637359619140625,0.8426404121604318,1.6916716019230762,10.0,1.0
4.32,0.6805524826049805,0.6805524826049805,1.1076927185058594,0.8443279255020155,1.6833467537050524,10.0,1.0
4.321,0.681696891784668,0.681696891784668,1.1076927185058594,0.8460071056678417,1.6750052915342053,10.0,1.0
4.322,0.6828413009643555,0.6828413009643555,1.213186264038086,0.8476779360850835,1.6666472977369722,10.0,1.0
4.323,0.683985710144043,0.683985710144043,1.1164836883544922,0.8493404002633167,1.6582728548038972,10.0,1.0
4.324,0.6851301193237305,0.6851301193237305,1.1868133544921875,0.850994481794691,1.649882045387983,10.0,1.0
4.325,0.686274528503418,0.686274528503418,1.1428565979003906,0.8526401643540922,1.6414749523019054,10.0,1.0
4.3260000000000005,0.6874189376831055,0.6874189376831055,1.1076927185058594,0.8542774316992959,1.633051658520401,10.0,1.0
4.327,0.688563346862793,0.688563346862793,1.0461540222167969,0.8559062676711328,1.6246122471787316,10.0,1.0
4.328,0.6897077560424805,0.6897077560424805,1.1340656280517578,0.8575266561936529,1.6161568015697299,10.0,1.0
4.329,0.6904706954956055,0.6904706954956055,1.1076927185058594,0.859138581274272,1.6076854051453324,10.0,1.0
4.33,0.691615104675293,0.691615104675293,1.0637359619140625,0.8607420270039431,1.5991981415156147,10.0,1.0
4.331,0.6927595138549805,0.6927595138549805,1.0725269317626953,0.8623369775573042,1.5906950944458913,10.0,1.0
4.332,0.693903923034668,0.693903923034668,1.0637359619140625,0.8639234171928346,1.5821763478576827,10.0,1.0
4.333,0.6950483322143555,0.6950483322143555,1.0637359619140625,0.865501330253019,1.573641985827635,10.0,1.0
4.3340000000000005,0.6958112716674805,0.6958112716674805,0.9582424163818359,0.8670707011644909,1.5650920925861556,10.0,1.0
4.335,0.696955680847168,0.696955680847168,0.9406585693359375,0.8686315144381911,1.5565267525174704,10.0,1.0
4.336,0.697718620300293,0.697718620300293,0.9934062957763672,0.8701837546695255,1.5479460501588278,10.0,1.0
4.337,0.6988630294799805,0.6988630294799805,0.9934062957763672,0.8717274065385086,1.5393500701973721,10.0,1.0
4.338,0.700007438659668,0.700007438659668,1.037363052368164,0.8732624548099197,1.5307388974717924,10.0,1.0
4.339,0.700770378112793,0.700770378112793,1.0285720825195312,0.8747888843334531,1.5221126169717536,10.0,1.0
4.34,0.7019147872924805,0.7019147872924805,1.0989017486572266,0.876306680043863,1.5134713138345433,10.0,1.0
4.341,0.703059196472168,0.703059196472168,1.0109882354736328,0.8778158269611218,1.504815073346549,10.0,1.0
4.3420000000000005,0.703822135925293,0.703822135925293,0.9582424163818359,0.8793163101905571,1.4961439809409853,10.0,1.0
4.343,0.7049665451049805,0.7049665451049805,0.8791217803955078,0.8808081149230036,1.4874581221982908,10.0,1.0
4.344,0.7057294845581055,0.7057294845581055,0.9142856597900391,0.8822912264349532,1.478757582844878,10.0,1.0
4.345,0.7064924240112305,0.7064924240112305,0.8879127502441406,0.8837656300886932,1.470042448751144,10.0,1.0
4.346,0.707636833190918,0.707636833190918,0.9758243560791016,0.8852313113324549,1.4613128059312999,10.0,1.0
4.347,0.708399772644043,0.708399772644043,0.9318675994873047,0.8866882557005569,1.4525687405446206,10.0,1.0
4.348,0.7095441818237305,0.7095441818237305,0.9670333862304688,0.888136448813544,1.4438103388908985,10.0,1.0
4.349,0.7103071212768555,0.7103071212768555,0.9758243560791016,0.8895758763783382,1.4350376874115227,10.0,1.0
4.3500000000000005,0.711451530456543,0.711451530456543,0.9406585693359375,0.891006524188368,1.426250872689991,10.0,1.0
4.351,0.712214469909668,0.712214469909668,0.8527469635009766,0.892428378123718,1.417449981448101,10.0,1.0
4.352,0.712977409362793,0.712977409362793,0.7648353576660156,0.8938414241512638,1.4086351005464621,10.0,1.0
4.353,0.713740348815918,0.713740348815918,0.8087921142578125,0.8952456483248108,1.3998063169861439,10.0,1.0
4.354,0.714503288269043,0.714503288269043,0.8087921142578125,0.8966410367852357,1.3909637179021956,10.0,1.0
4.355,0.7156476974487305,0.7156476974487305,0.8791217803955078,0.8980275757606161,1.382107390567569,10.0,1.0
4.356,0.7164106369018555,0.7164106369018555,0.8967037200927734,0.8994052515663706,1.3732374223913553,10.0,1.0
4.357,0.7171735763549805,0.7171735763549805,0.9142856597900391,0.9007740506053984,1.3643539009158872,10.0,1.0
4.358,0.718317985534668,0.718317985534668,1.002197265625,0.9021339593682023,1.3554569138181591,10.0,1.0
4.359,0.7190818786621094,0.7190818786621094,0.9054946899414062,0.9034849644330343,1.3465465489081794,10.0,1.0
4.36,0.7202262878417969,0.7202262878417969,0.9318675994873047,0.9048270524660196,1.3376228941275485,10.0,1.0
4.361,0.7209892272949219,0.7209892272949219,0.7999992370605469,0.9061602102212891,1.3286860375488914,10.0,1.0
4.362,0.7217521667480469,0.7217521667480469,0.7824172973632812,0.9074844245411169,1.319736067375345,10.0,1.0
4.363,0.7225151062011719,0.7225151062011719,0.8351650238037109,0.9087996823560407,1.3107730719393658,10.0,1.0
4.364,0.7232780456542969,0.7232780456542969,0.7824172973632812,0.9101059706849954,1.3017971397026145,10.0,1.0
4.365,0.7240409851074219,0.7240409851074219,0.8263740539550781,0.9114032766354456,1.29280835925357,10.0,1.0
4.366,0.7248039245605469,0.7248039245605469,0.8175830841064453,0.9126915874035024,1.283806819307756,10.0,1.0
4.367,0.7259483337402344,0.7259483337402344,0.8175830841064453,0.9139708902740608,1.27479260870723,10.0,1.0
4.368,0.7267112731933594,0.7267112731933594,0.8615379333496094,0.9152411726209178,1.2657658164183658,10.0,1.0
4.369,0.7274742126464844,0.7274742126464844,0.74725341796875,0.9165024219068973,1.2567265315318537,10.0,1.0
4.37,0.7282371520996094,0.7282371520996094,0.7736263275146484,0.9177546256839811,1.2476748432619047,10.0,1.0
4.371,0.7290000915527344,0.7290000915527344,0.6857147216796875,0.918997771593422,1.2386108409446024,10.0,1.0
4.372,0.7293815612792969,0.7293815612792969,0.624176025390625,0.9202318473658702,1.2295346140383572,10.0,1.0
4.373,0.7301445007324219,0.7301445007324219,0.6417579650878906,0.9214568408214983,1.220446252122258,10.0,1.0
4.374,0.7309074401855469,0.7309074401855469,0.7208786010742188,0.9226727398701146,1.2113458448942538,10.0,1.0
4.375,0.7312889099121094,0.7312889099121094,0.6593399047851562,0.9238795325112864,1.2022334821714367,10.0,1.0
4.376,0.7320518493652344,0.7320518493652344,0.7560443878173828,0.9250772068344583,1.1931092538899861,10.0,1.0
4.377,0.7328147888183594,0.7328147888183594,0.7560443878173828,0.9262657510190662,1.183973250101758,10.0,1.0
4.378,0.7339591979980469,0.7339591979980469,0.7648353576660156,0.9274451533346614,1.1748255609751936,10.0,1.0
4.3790000000000004,0.7347221374511719,0.7347221374511719,0.7999992370605469,0.9286154021410173,1.1656662767950365,10.0,1.0
4.38,0.7354850769042969,0.7354850769042969,0.7999992370605469,0.9297764858882513,1.156495487959262,10.0,1.0
4.381,0.7362480163574219,0.7362480163574219,0.7824172973632812,0.9309283931169355,1.1473132849794183,10.0,1.0
4.382,0.7370109558105469,0.7370109558105469,0.7560443878173828,0.9320711124582101,1.1381197584815936,10.0,1.0
4.383,0.7373924255371094,0.7373924255371094,0.6681327819824219,0.9332046326338983,1.1289149992007879,10.0,1.0
4.384,0.7381553649902344,0.7381553649902344,0.6593399047851562,0.9343289424566124,1.1196990979843804,10.0,1.0
4.385,0.7389183044433594,0.7389183044433594,0.7120876312255859,0.9354440308298669,1.1104721457902542,10.0,1.0
4.386,0.7396812438964844,0.7396812438964844,0.6769237518310547,0.9365498867481925,1.1012342336840675,10.0,1.0
4.3870000000000005,0.7404441833496094,0.7404441833496094,0.7296695709228516,0.9376464992972358,1.091985452840845,10.0,1.0
4.388,0.7408256530761719,0.7408256530761719,0.7120876312255859,0.9387338576538741,1.0827258945421363,10.0,1.0
4.389,0.7415885925292969,0.7415885925292969,0.7032966613769531,0.9398119510863197,1.07345565017539,10.0,1.0
4.39,0.7423515319824219,0.7423515319824219,0.6769237518310547,0.9408807689542248,1.0641748112355458,10.0,1.0
4.391,0.7431144714355469,0.7431144714355469,0.7032966613769531,0.9419403007087904,1.054883469319691,10.0,1.0
4.392,0.7438774108886719,0.7438774108886719,0.6417579650878906,0.9429905358928649,1.0455817161295613,10.0,1.0
4.393,0.7442588806152344,0.7442588806152344,0.6505489349365234,0.9440314641410494,1.0362696434702343,10.0,1.0
4.394,0.7450218200683594,0.7450218200683594,0.6153850555419922,0.945063075179805,1.0269473432476275,10.0,1.0
4.3950000000000005,0.7454032897949219,0.7454032897949219,0.5538463592529297,0.9460853588275454,1.017614907469408,10.0,1.0
4.396,0.7461662292480469,0.7461662292480469,0.5362644195556641,0.9470983049947438,1.0082724282434015,10.0,1.0
4.397,0.7465476989746094,0.7465476989746094,0.5538463592529297,0.948101903684032,0.9989199977751468,10.0,1.0
4.398,0.7473106384277344,0.7473106384277344,0.5978031158447266,0.9490961449902939,0.9895577083699436,10.0,1.0
4.399,0.7476921081542969,0.7476921081542969,0.5626373291015625,0.9500810191007716,0.980185652429725,10.0,1.0
4.4,0.7484550476074219,0.7484550476074219,0.5978031158447266,0.951056516295154,0.9708039224524896,10.0,1.0
4.401,0.7492179870605469,0.7492179870605469,0.6153850555419922,0.9520226269456764,0.961412611032415,10.0,1.0
4.402,0.7495994567871094,0.7495994567871094,0.6153850555419922,0.9529793415172185,0.9520118108583802,10.0,1.0
4.4030000000000005,0.7503623962402344,0.7503623962402344,0.6153850555419922,0.9539266505673938,0.942601614712089,10.0,1.0
4.404,0.7511253356933594,0.7511253356933594,0.6505489349365234,0.9548645447466426,0.9331821154684121,10.0,1.0
4.405,0.7515068054199219,0.7515068054199219,0.6857147216796875,0.9557930147983302,0.9237534060937378,10.0,1.0
4.406,0.7522697448730469,0.7522697448730469,0.5802192687988281,0.95671205155883,0.9143155796461997,10.0,1.0
4.407,0.7526512145996094,0.7526512145996094,0.6153850555419922,0.9576216459576222,0.9048687292728346,10.0,1.0
4.408,0.7534141540527344,0.7534141540527344,0.5714282989501953,0.9585217890173763,0.8954129482102076,10.0,1.0
4.409,0.7537956237792969,0.7537956237792969,0.5186805725097656,0.9594124718540427,0.8859483297834458,10.0,1.0
4.41,0.7545585632324219,0.7545585632324219,0.47472572326660156,0.9602936856769428,0.8764749674044197,10.0,1.0
4.4110000000000005,0.7549400329589844,0.7549400329589844,0.4923076629638672,0.9611654217888521,0.8669929545714581,10.0,1.0
4.412,0.7553215026855469,0.7553215026855469,0.5098896026611328,0.9620276715860856,0.8575023848679848,10.0,1.0
4.413,0.7560844421386719,0.7560844421386719,0.5186805725097656,0.9628804265585877,0.848003351961836,10.0,1.0
4.414,0.7564659118652344,0.7564659118652344,0.46593475341796875,0.9637236782900093,0.838495949605317,10.0,1.0
4.415,0.7568473815917969,0.7568473815917969,0.5186805725097656,0.9645574184577981,0.8289802716320764,10.0,1.0
4.416,0.7572288513183594,0.7572288513183594,0.5098896026611328,0.9653816388332739,0.8194564119583561,10.0,1.0
4.417,0.7579917907714844,0.7579917907714844,0.4835166931152344,0.9661963312817147,0.8099244645806607,10.0,1.0
4.418,0.7583732604980469,0.7583732604980469,0.4835166931152344,0.9670014877624349,0.8003845235752465,10.0,1.0
4.4190000000000005,0.7587547302246094,0.7587547302246094,0.46593475341796875,0.9677971003288657,0.7908366830980071,10.0,1.0
4.42,0.7595176696777344,0.7595176696777344,0.5010986328125,0.9685831611286309,0.7812810373820298,10.0,1.0
4.421,0.7598991394042969,0.7598991394042969,0.5010986328125,0.9693596624036295,0.7717176807373676,10.0,1.0
4.422,0.7602806091308594,0.7602806091308594,0.4483509063720703,0.9701265964901056,0.7621467075509258,10.0,1.0
4.423,0.7606620788574219,0.7606620788574219,0.45714378356933594,0.9708839558187311,0.7525682122839612,10.0,1.0
4.424,0.7610435485839844,0.7610435485839844,0.47472572326660156,0.971631732914674,0.7429822894725362,10.0,1.0
4.425,0.7618064880371094,0.7618064880371094,0.4219779968261719,0.9723699203976761,0.7333890337263824,10.0,1.0
4.426,0.7621879577636719,0.7621879577636719,0.39560508728027344,0.9730985109821265,0.7237885397263426,10.0,1.0
4.4270000000000005,0.7625694274902344,0.7625694274902344,0.378021240234375,0.9738174974771292,0.7141809022252801,10.0,1.0
4.428,0.7629508972167969,0.7629508972167969,0.378021240234375,0.974526872786577,0.7045662160473398,10.0,1.0
4.429,0.7633323669433594,0.7633323669433594,0.39560508728027344,0.9752266299092236,0.6949445760851063,10.0,1.0
4.43,0.7637138366699219,0.7637138366699219,0.41318702697753906,0.9759167619387472,0.6853160773005129,10.0,1.0
4.431,0.7640953063964844,0.7640953063964844,0.4219779968261719,0.9765972620638244,0.6756808147229094,10.0,1.0
4.432,0.7644767761230469,0.7644767761230469,0.3868141174316406,0.9772681235681935,0.6660388834486071,10.0,1.0
4.433,0.7648582458496094,0.7648582458496094,0.4219779968261719,0.9779293398307215,0.6563903786394008,10.0,1.0
4.434,0.7652397155761719,0.7652397155761719,0.4483509063720703,0.9785809043254721,0.6467353955220574,10.0,1.0
4.4350000000000005,0.7656211853027344,0.7656211853027344,0.45714378356933594,0.9792228106217661,0.6370740293873496,10.0,1.0
4.436,0.7663841247558594,0.7663841247558594,0.45714378356933594,0.9798550523842467,0.6274063755893735,10.0,1.0
4.437,0.7667655944824219,0.7667655944824219,0.45714378356933594,0.9804776233729446,0.6177325295435594,10.0,1.0
4.438,0.7671470642089844,0.7671470642089844,0.4395599365234375,0.9810905174433339,0.6080525867271831,10.0,1.0
4.439,0.7675285339355469,0.7675285339355469,0.4923076629638672,0.9816937285463987,0.5983666426772629,10.0,1.0
4.44,0.7679100036621094,0.7679100036621094,0.47472572326660156,0.9822872507286888,0.5886747929901617,10.0,1.0
4.441,0.7682914733886719,0.7682914733886719,0.4483509063720703,0.982871078132379,0.5789771333205636,10.0,1.0
4.442,0.7686729431152344,0.7686729431152344,0.378021240234375,0.9834452049953297,0.5692737593803372,10.0,1.0
4.4430000000000005,0.7694358825683594,0.7694358825683594,0.40439605712890625,0.98400962565114,0.5595647669378536,10.0,1.0
4.444,0.7698173522949219,0.7698173522949219,0.378021240234375,0.9845643345292053,0.5498502518170199,10.0,1.0
4.445,0.7698173522949219,0.7698173522949219,0.3252754211425781,0.9851093261547739,0.5401303098963126,10.0,1.0
4.446,0.7701988220214844,0.7701988220214844,0.3164844512939453,0.9856445951489979,0.5304050371075846,10.0,1.0
4.447,0.7705802917480469,0.7705802917480469,0.27252769470214844,0.9861701362289887,0.5206745294349275,10.0,1.0
4.448,0.7709617614746094,0.7709617614746094,0.2549457550048828,0.9866859442078681,0.510938882915184,10.0,1.0
4.449,0.7709617614746094,0.7709617614746094,0.23736190795898438,0.987192013994819,0.5011981936349343,10.0,1.0
4.45,0.7713432312011719,0.7713432312011719,0.22857093811035156,0.9876883405951378,0.49145255773066765,10.0,1.0
4.4510000000000005,0.7717247009277344,0.7717247009277344,0.23736190795898438,0.9881749191102808,0.4817020713880993,10.0,1.0
4.452,0.7717247009277344,0.7717247009277344,0.24615478515625,0.988651744737914,0.47194683084063627,10.0,1.0
4.453,0.7721061706542969,0.7721061706542969,0.22857093811035156,0.9891188127719618,0.46218693236835406,10.0,1.0
4.454,0.7721061706542969,0.7721061706542969,0.21977996826171875,0.9895761186026506,0.4524224722978829,10.0,1.0
4.455,0.7724876403808594,0.7724876403808594,0.21977996826171875,0.9900236577165574,0.4426535470001909,10.0,1.0
4.456,0.7728691101074219,0.7728691101074219,0.22857093811035156,0.9904614256966513,0.43288025289058396,10.0,1.0
4.457,0.7728691101074219,0.7728691101074219,0.21098899841308594,0.9908894182223386,0.42310268642779647,10.0,1.0
4.458,0.7732505798339844,0.7732505798339844,0.20219802856445312,0.9913076310695066,0.4133209441120016,10.0,1.0
4.4590000000000005,0.7732505798339844,0.7732505798339844,0.22857093811035156,0.9917160601105629,0.4035351224856072,10.0,1.0
4.46,0.7736320495605469,0.7736320495605469,0.20219802856445312,0.9921147013144779,0.39374531813052727,10.0,1.0
4.461,0.7736320495605469,0.7736320495605469,0.23736190795898438,0.9925035507468237,0.3839516276677841,10.0,1.0
4.462,0.7740135192871094,0.7740135192871094,0.23736190795898438,0.9928826045698135,0.37415414775790623,10.0,1.0
4.463,0.7740135192871094,0.7740135192871094,0.21098899841308594,0.9932518590423394,0.36435297509740394,10.0,1.0
4.464,0.7743949890136719,0.7743949890136719,0.21977996826171875,0.9936113105200085,0.35454820642013374,10.0,1.0
4.465,0.7747764587402344,0.7747764587402344,0.21977996826171875,0.9939609554551796,0.3447399384953087,10.0,1.0
4.466,0.7747764587402344,0.7747764587402344,0.1846160888671875,0.9943007903969989,0.33492826812630483,10.0,1.0
4.4670000000000005,0.7751579284667969,0.7751579284667969,0.1934070587158203,0.9946308119914324,0.3251132921505473,10.0,1.0
4.468,0.7751579284667969,0.7751579284667969,0.21098899841308594,0.9949510169813001,0.3152951074380326,10.0,1.0
4.469,0.7755393981933594,0.7755393981933594,0.1934070587158203,0.9952614022063083,0.3054738108899073,10.0,1.0
4.47,0.7755393981933594,0.7755393981933594,0.21977996826171875,0.9955619646030799,0.2956494994387526,10.0,1.0
4.471,0.7759208679199219,0.7759208679199219,0.16703224182128906,0.9958527012051857,0.2858222700462534,10.0,1.0
4.472,0.7759208679199219,0.7759208679199219,0.15824127197265625,0.9961336091431726,0.275992219703312,10.0,1.0
4.473,0.7759208679199219,0.7759208679199219,0.14065933227539062,0.9964046856445924,0.26615944542874104,10.0,1.0
4.474,0.7763023376464844,0.7763023376464844,0.11428642272949219,0.9966659280340299,0.2563240442677852,10.0,1.0
4.4750000000000005,0.7763023376464844,0.7763023376464844,0.10549545288085938,0.9969173337331281,0.24648611329189407,10.0,1.0
4.476,0.7763023376464844,0.7763023376464844,0.08791160583496094,0.9971589002606138,0.23664574959792617,10.0,1.0
4.477,0.7763023376464844,0.7763023376464844,0.07032966613769531,0.9973906252323237,0.22680305030559111,10.0,1.0
4.478,0.7766838073730469,0.7766838073730469,0.07912063598632812,0.9976125063612251,0.21695811255898434,10.0,1.0
4.479,0.7766838073730469,0.7766838073730469,0.07032966613769531,0.9978245414574415,0.20711103352323335,10.0,1.0
4.48,0.7766838073730469,0.7766838073730469,0.07032966613769531,0.9980267284282717,0.19726191038512297,10.0,1.0
4.481,0.7766838073730469,0.7766838073730469,0.07032966613769531,0.9982190652782118,0.18741084035173117,10.0,1.0
4.482,0.7766838073730469,0.7766838073730469,0.043956756591796875,0.998401550108975,0.1775579206488942,10.0,1.0
4.483,0.7766838073730469,0.7766838073730469,0.05274772644042969,0.9985741811195097,0.16770324852132035,10.0,1.0
4.484,0.7770652770996094,0.7770652770996094,0.043956756591796875,0.9987369566060175,0.1578469212300888,10.0,1.0
4.485,0.7770652770996094,0.7770652770996094,0.043956756591796875,0.99888987496197,0.14798903605355918,10.0,1.0
4.486,0.7770652770996094,0.7770652770996094,0.043956756591796875,0.9990329346781247,0.13812969028515454,10.0,1.0
4.487,0.7770652770996094,0.7770652770996094,0.03516578674316406,0.9991661343425401,0.12826898123222463,10.0,1.0
4.488,0.7770652770996094,0.7770652770996094,0.017581939697265625,0.9992894726405892,0.11840700621633005,10.0,1.0
4.489,0.7770652770996094,0.7770652770996094,0.008790969848632812,0.9994029483549729,0.1085438625712527,10.0,1.0
4.49,0.7770652770996094,0.7770652770996094,0.008790969848632812,0.9995065603657316,0.0986796476417453,10.0,1.0
4.491,0.7770652770996094,0.7770652770996094,0.0,0.9996003076502564,0.08881445878421346,10.0,1.0
4.492,0.7770652770996094,0.7770652770996094,0.0,0.9996841892832999,0.0789483933637598,10.0,1.0
4.493,0.7770652770996094,0.7770652770996094,-0.017581939697265625,0.999758204436984,0.06908154875446826,10.0,1.0
4.494,0.7770652770996094,0.7770652770996094,0.0,0.999822352380809,0.05921402233832396,10.0,1.0
4.495,0.7770652770996094,0.7770652770996094,-0.017581939697265625,0.9998766324816606,0.04934591150356482,10.0,1.0
4.496,0.7770652770996094,0.7770652770996094,-0.017581939697265625,0.9999210442038161,0.03947731364456786,10.0,1.0
4.497,0.7770652770996094,0.7770652770996094,0.0,0.9999555871089498,0.029608326160541765,10.0,1.0
4.498,0.7770652770996094,0.7770652770996094,-0.026372909545898438,0.9999802608561371,0.019739046454105846,10.0,1.0
4.499,0.7770652770996094,0.7770652770996094,0.0,0.9999950652018582,0.009869571931517385,10.0,1.0
4.5,0.7770652770996094,0.7770652770996094,-0.008790969848632812,1.0,0.0,10.0,1.0
4.501,0.7770652770996094,0.7770652770996094,0.0,0.9999950652018582,-0.009869571931517385,10.0,1.0
4.502,0.7770652770996094,0.7770652770996094,-0.026372909545898438,0.9999802608561371,-0.019739046454105846,10.0,1.0
4.503,0.7770652770996094,0.7770652770996094,-0.008790969848632812,0.9999555871089498,-0.02960832616048492,10.0,1.0
4.5040000000000004,0.7770652770996094,0.7770652770996094,-0.008790969848632812,0.9999210442038161,-0.03947731364473839,10.0,1.0
4.505,0.7766838073730469,0.7766838073730469,-0.026372909545898438,0.9998766324816606,-0.04934591150350798,10.0,1.0
4.506,0.7766838073730469,0.7766838073730469,0.0,0.999822352380809,-0.05921402233832396,10.0,1.0
4.507,0.7766838073730469,0.7766838073730469,-0.017581939697265625,0.999758204436984,-0.06908154875446826,10.0,1.0
4.508,0.7766838073730469,0.7766838073730469,-0.03516578674316406,0.9996841892832999,-0.07894839336370296,10.0,1.0
4.509,0.7766838073730469,0.7766838073730469,-0.017581939697265625,0.9996003076502565,-0.08881445878421346,10.0,1.0
4.51,0.7766838073730469,0.7766838073730469,0.017581939697265625,0.9995065603657316,-0.09867964764180215,10.0,1.0
4.511,0.7766838073730469,0.7766838073730469,-0.03516578674316406,0.9994029483549729,-0.10854386257113902,10.0,1.0
4.5120000000000005,0.7766838073730469,0.7766838073730469,-0.026372909545898438,0.9992894726405892,-0.11840700621638689,10.0,1.0
4.513,0.7766838073730469,0.7766838073730469,-0.026372909545898438,0.9991661343425402,-0.12826898123222463,10.0,1.0
4.514,0.7766838073730469,0.7766838073730469,-0.03516578674316406,0.9990329346781247,-0.13812969028521138,10.0,1.0
4.515,0.7766838073730469,0.7766838073730469,-0.043956756591796875,0.99888987496197,-0.14798903605355918,10.0,1.0
4.516,0.7766838073730469,0.7766838073730469,-0.03516578674316406,0.9987369566060175,-0.15784692123003197,10.0,1.0
4.517,0.7766838073730469,0.7766838073730469,-0.05274772644042969,0.9985741811195098,-0.16770324852132035,10.0,1.0
4.518,0.7766838073730469,0.7766838073730469,-0.026372909545898438,0.998401550108975,-0.17755792064895104,10.0,1.0
4.519,0.7763023376464844,0.7763023376464844,-0.09670257568359375,0.9982190652782118,-0.18741084035167432,10.0,1.0
4.5200000000000005,0.7763023376464844,0.7763023376464844,-0.0615386962890625,0.9980267284282716,-0.19726191038523666,10.0,1.0
4.521,0.7763023376464844,0.7763023376464844,-0.07912063598632812,0.9978245414574415,-0.20711103352311966,10.0,1.0
4.522,0.7763023376464844,0.7763023376464844,-0.07912063598632812,0.9976125063612252,-0.2169581125589275,10.0,1.0
4.523,0.7763023376464844,0.7763023376464844,-0.10549545288085938,0.9973906252323238,-0.22680305030559111,10.0,1.0
4.524,0.7759208679199219,0.7759208679199219,-0.09670257568359375,0.9971589002606139,-0.23664574959781248,10.0,1.0
4.525,0.7759208679199219,0.7759208679199219,-0.1318683624267578,0.996917333733128,-0.24648611329212144,10.0,1.0
4.526,0.7759208679199219,0.7759208679199219,-0.14065933227539062,0.9966659280340299,-0.25632404426772837,10.0,1.0
4.527,0.7755393981933594,0.7755393981933594,-0.1318683624267578,0.9964046856445925,-0.2661594454286842,10.0,1.0
4.5280000000000005,0.7755393981933594,0.7755393981933594,-0.11428642272949219,0.9961336091431724,-0.27599221970348253,10.0,1.0
4.529,0.7755393981933594,0.7755393981933594,-0.123077392578125,0.9958527012051858,-0.28582227004619654,10.0,1.0
4.53,0.7751579284667969,0.7751579284667969,-0.09670257568359375,0.99556196460308,-0.2956494994387526,10.0,1.0
4.531,0.7751579284667969,0.7751579284667969,-0.07912063598632812,0.9952614022063084,-0.3054738108899073,10.0,1.0
4.532,0.7751579284667969,0.7751579284667969,-0.05274772644042969,0.9949510169813002,-0.3152951074379189,10.0,1.0
4.533,0.7751579284667969,0.7751579284667969,-0.0615386962890625,0.9946308119914323,-0.32511329215060414,10.0,1.0
4.534,0.7751579284667969,0.7751579284667969,-0.03516578674316406,0.9943007903969991,-0.33492826812630483,10.0,1.0
4.535,0.7751579284667969,0.7751579284667969,-0.026372909545898438,0.9939609554551797,-0.3447399384953087,10.0,1.0
4.5360000000000005,0.7751579284667969,0.7751579284667969,-0.017581939697265625,0.9936113105200083,-0.3545482064201906,10.0,1.0
4.537,0.7751579284667969,0.7751579284667969,-0.026372909545898438,0.9932518590423395,-0.36435297509729025,10.0,1.0
4.538,0.7747764587402344,0.7747764587402344,-0.026372909545898438,0.9928826045698136,-0.37415414775790623,10.0,1.0
4.539,0.7747764587402344,0.7747764587402344,-0.043956756591796875,0.9925035507468238,-0.3839516276677841,10.0,1.0
4.54,0.7747764587402344,0.7747764587402344,-0.043956756591796875,0.992114701314478,-0.3937453181304136,10.0,1.0
4.541,0.7747764587402344,0.7747764587402344,-0.03516578674316406,0.9917160601105628,-0.4035351224857209,10.0,1.0
4.542,0.7747764587402344,0.7747764587402344,-0.08791160583496094,0.9913076310695068,-0.41332094411205844,10.0,1.0
4.543,0.7747764587402344,0.7747764587402344,-0.08791160583496094,0.9908894182223387,-0.42310268642779647,10.0,1.0
4.5440000000000005,0.7743949890136719,0.7743949890136719,-0.09670257568359375,0.990461425696651,-0.4328802528906408,10.0,1.0
4.545,0.7743949890136719,0.7743949890136719,-0.10549545288085938,0.9900236577165576,-0.4426535470000772,10.0,1.0
4.546,0.7743949890136719,0.7743949890136719,-0.14945030212402344,0.9895761186026508,-0.45242247229793975,10.0,1.0
4.547,0.7740135192871094,0.7740135192871094,-0.123077392578125,0.9891188127719619,-0.46218693236835406,10.0,1.0
4.548,0.7740135192871094,0.7740135192871094,-0.14065933227539062,0.9886517447379142,-0.4719468308405794,10.0,1.0
4.549,0.7740135192871094,0.7740135192871094,-0.14945030212402344,0.9881749191102804,-0.48170207138815613,10.0,1.0
4.55,0.7736320495605469,0.7736320495605469,-0.10549545288085938,0.987688340595138,-0.4914525577306108,10.0,1.0
4.551,0.7736320495605469,0.7736320495605469,-0.14945030212402344,0.9871920139948192,-0.5011981936349343,10.0,1.0
4.5520000000000005,0.7736320495605469,0.7736320495605469,-0.123077392578125,0.9866859442078678,-0.5109388829152977,10.0,1.0
4.553,0.7732505798339844,0.7732505798339844,-0.10549545288085938,0.9861701362289889,-0.5206745294348138,10.0,1.0
4.554,0.7732505798339844,0.7732505798339844,-0.14945030212402344,0.9856445951489982,-0.5304050371075846,10.0,1.0
4.555,0.7732505798339844,0.7732505798339844,-0.123077392578125,0.985109326154774,-0.5401303098963126,10.0,1.0
4.556,0.7728691101074219,0.7728691101074219,-0.14945030212402344,0.9845643345292056,-0.5498502518170199,10.0,1.0
4.557,0.7728691101074219,0.7728691101074219,-0.15824127197265625,0.9840096256511396,-0.5595647669379105,10.0,1.0
4.558,0.7728691101074219,0.7728691101074219,-0.10549545288085938,0.98344520499533,-0.5692737593802235,10.0,1.0
4.559,0.7724876403808594,0.7724876403808594,-0.10549545288085938,0.9828710781323792,-0.5789771333205067,10.0,1.0
4.5600000000000005,0.7724876403808594,0.7724876403808594,-0.11428642272949219,0.9822872507286886,-0.5886747929902754,10.0,1.0
4.561,0.7724876403808594,0.7724876403808594,-0.09670257568359375,0.9816937285463989,-0.5983666426773198,10.0,1.0
4.562,0.7724876403808594,0.7724876403808594,-0.11428642272949219,0.9810905174433341,-0.6080525867271831,10.0,1.0
4.563,0.7721061706542969,0.7721061706542969,-0.07912063598632812,0.9804776233729449,-0.6177325295435594,10.0,1.0
4.564,0.7721061706542969,0.7721061706542969,-0.10549545288085938,0.979855052384247,-0.6274063755893735,10.0,1.0
4.565,0.7721061706542969,0.7721061706542969,-0.11428642272949219,0.9792228106217656,-0.6370740293874633,10.0,1.0
4.566,0.7717247009277344,0.7717247009277344,-0.14065933227539062,0.9785809043254723,-0.6467353955220005,10.0,1.0
4.567,0.7717247009277344,0.7717247009277344,-0.14065933227539062,0.9779293398307217,-0.6563903786392302,10.0,1.0
4.5680000000000005,0.7717247009277344,0.7717247009277344,-0.16703224182128906,0.9772681235681934,-0.6660388834487208,10.0,1.0
4.569,0.7713432312011719,0.7713432312011719,-0.14945030212402344,0.9765972620638246,-0.6756808147230231,10.0,1.0
4.57,0.7713432312011719,0.7713432312011719,-0.15824127197265625,0.9759167619387474,-0.6853160773005129,10.0,1.0
4.571,0.7709617614746094,0.7709617614746094,-0.15824127197265625,0.9752266299092238,-0.6949445760851063,10.0,1.0
4.572,0.7709617614746094,0.7709617614746094,-0.14065933227539062,0.9745268727865772,-0.7045662160473398,10.0,1.0
4.573,0.7709617614746094,0.7709617614746094,-0.14945030212402344,0.9738174974771286,-0.7141809022253938,10.0,1.0
4.574,0.7705802917480469,0.7705802917480469,-0.16703224182128906,0.9730985109821267,-0.7237885397261152,10.0,1.0
4.575,0.7705802917480469,0.7705802917480469,-0.1846160888671875,0.9723699203976764,-0.7333890337262687,10.0,1.0
4.5760000000000005,0.7701988220214844,0.7701988220214844,-0.20219802856445312,0.9716317329146738,-0.7429822894727067,10.0,1.0
4.577,0.7701988220214844,0.7701988220214844,-0.21098899841308594,0.9708839558187313,-0.752568212284018,10.0,1.0
4.578,0.7698173522949219,0.7698173522949219,-0.21098899841308594,0.9701265964901058,-0.7621467075509258,10.0,1.0
4.579,0.7694358825683594,0.7694358825683594,-0.22857093811035156,0.9693596624036297,-0.7717176807373107,10.0,1.0
4.58,0.7694358825683594,0.7694358825683594,-0.22857093811035156,0.9685831611286312,-0.7812810373820298,10.0,1.0
4.581,0.7690544128417969,0.7690544128417969,-0.24615478515625,0.9677971003288651,-0.7908366830981777,10.0,1.0
4.582,0.7686729431152344,0.7686729431152344,-0.27252769470214844,0.9670014877624352,-0.8003845235751328,10.0,1.0
4.583,0.7686729431152344,0.7686729431152344,-0.2549457550048828,0.9661963312817149,-0.8099244645804902,10.0,1.0
4.5840000000000005,0.7682914733886719,0.7682914733886719,-0.24615478515625,0.9653816388332737,-0.8194564119584129,10.0,1.0
4.585,0.7679100036621094,0.7679100036621094,-0.2637367248535156,0.9645574184577984,-0.8289802716320764,10.0,1.0
4.586,0.7679100036621094,0.7679100036621094,-0.28131866455078125,0.9637236782900096,-0.8384959496053739,10.0,1.0
4.587,0.7675285339355469,0.7675285339355469,-0.27252769470214844,0.962880426558588,-0.848003351961836,10.0,1.0
4.588,0.7671470642089844,0.7671470642089844,-0.29010963439941406,0.9620276715860859,-0.8575023848679848,10.0,1.0
4.589,0.7671470642089844,0.7671470642089844,-0.29010963439941406,0.9611654217888514,-0.8669929545715149,10.0,1.0
4.59,0.7667655944824219,0.7667655944824219,-0.2637367248535156,0.9602936856769432,-0.8764749674042491,10.0,1.0
4.591,0.7663841247558594,0.7663841247558594,-0.2549457550048828,0.959412471854043,-0.8859483297835027,10.0,1.0
4.5920000000000005,0.7660026550292969,0.7660026550292969,-0.2637367248535156,0.9585217890173756,-0.8954129482103781,10.0,1.0
4.593,0.7660026550292969,0.7660026550292969,-0.24615478515625,0.9576216459576226,-0.904868729272664,10.0,1.0
4.594,0.7656211853027344,0.7656211853027344,-0.2637367248535156,0.9567120515588303,-0.9143155796461997,10.0,1.0
4.595,0.7652397155761719,0.7652397155761719,-0.27252769470214844,0.9557930147983306,-0.9237534060937946,10.0,1.0
4.596,0.7652397155761719,0.7652397155761719,-0.24615478515625,0.9548645447466428,-0.9331821154681847,10.0,1.0
4.597,0.7648582458496094,0.7648582458496094,-0.2637367248535156,0.9539266505673936,-0.9426016147121459,10.0,1.0
4.598,0.7644767761230469,0.7644767761230469,-0.24615478515625,0.9529793415172189,-0.9520118108584938,10.0,1.0
4.599,0.7644767761230469,0.7644767761230469,-0.23736190795898438,0.9520226269456767,-0.9614126110324719,10.0,1.0
4.6000000000000005,0.7640953063964844,0.7640953063964844,-0.22857093811035156,0.9510565162951532,-0.9708039224525464,10.0,1.0
4.601,0.7637138366699219,0.7637138366699219,-0.2637367248535156,0.9500810191007719,-0.9801856524294408,10.0,1.0
4.602,0.7637138366699219,0.7637138366699219,-0.2637367248535156,0.9490961449902944,-0.9895577083699436,10.0,1.0
4.603,0.7633323669433594,0.7633323669433594,-0.2637367248535156,0.9481019036840324,-0.9989199977752037,10.0,1.0
4.604,0.7629508972167969,0.7629508972167969,-0.2637367248535156,0.9470983049947441,-1.008272428243231,10.0,1.0
4.605,0.7629508972167969,0.7629508972167969,-0.2637367248535156,0.9460853588275453,-1.0176149074695786,10.0,1.0
4.606,0.7625694274902344,0.7625694274902344,-0.2549457550048828,0.9450630751798054,-1.026947343247798,10.0,1.0
4.607,0.7621879577636719,0.7621879577636719,-0.27252769470214844,0.9440314641410498,-1.036269643470348,10.0,1.0
4.6080000000000005,0.7621879577636719,0.7621879577636719,-0.3076915740966797,0.942990535892864,-1.045581716129675,10.0,1.0
4.609,0.7618064880371094,0.7618064880371094,-0.33406639099121094,0.9419403007087908,-1.0548834693194635,10.0,1.0
4.61,0.7614250183105469,0.7614250183105469,-0.3252754211425781,0.9408807689542251,-1.0641748112355458,10.0,1.0
4.611,0.7610435485839844,0.7610435485839844,-0.40439605712890625,0.93981195108632,-1.0734556501753332,10.0,1.0
4.612,0.7606620788574219,0.7606620788574219,-0.40439605712890625,0.9387338576538745,-1.082725894541852,10.0,1.0
4.613,0.7602806091308594,0.7602806091308594,-0.39560508728027344,0.9376464992972355,-1.0919854528410156,10.0,1.0
4.614,0.7598991394042969,0.7598991394042969,-0.4219779968261719,0.9365498867481928,-1.1012342336841812,10.0,1.0
4.615,0.7591361999511719,0.7591361999511719,-0.4395599365234375,0.9354440308298673,-1.1104721457902542,10.0,1.0
4.616,0.7587547302246094,0.7587547302246094,-0.46593475341796875,0.9343289424566127,-1.1196990979843235,10.0,1.0
4.617,0.7583732604980469,0.7583732604980469,-0.4219779968261719,0.9332046326338987,-1.128914999200731,10.0,1.0
4.618,0.7579917907714844,0.7579917907714844,-0.4219779968261719,0.9320711124582105,-1.1381197584815936,10.0,1.0
4.619,0.7576103210449219,0.7576103210449219,-0.4307689666748047,0.930928393116936,-1.1473132849794183,10.0,1.0
4.62,0.7572288513183594,0.7572288513183594,-0.4483509063720703,0.9297764858882518,-1.1564954879590346,10.0,1.0
4.621,0.7564659118652344,0.7564659118652344,-0.4219779968261719,0.9286154021410171,-1.165666276795207,10.0,1.0
4.622,0.7560844421386719,0.7560844421386719,-0.4219779968261719,0.9274451533346618,-1.1748255609753642,10.0,1.0
4.623,0.7557029724121094,0.7557029724121094,-0.378021240234375,0.9262657510190666,-1.183973250101758,10.0,1.0
4.624,0.7553215026855469,0.7553215026855469,-0.4219779968261719,0.9250772068344587,-1.1931092538899861,10.0,1.0
4.625,0.7549400329589844,0.7549400329589844,-0.40439605712890625,0.9238795325112868,-1.2022334821714367,10.0,1.0
4.626,0.7545585632324219,0.7545585632324219,-0.378021240234375,0.922672739870115,-1.2113458448942538,10.0,1.0
4.627,0.7541770935058594,0.7541770935058594,-0.3692302703857422,0.9214568408214987,-1.220446252122258,10.0,1.0
4.628,0.7537956237792969,0.7537956237792969,-0.3868141174316406,0.9202318473658706,-1.229534614038414,10.0,1.0
4.6290000000000004,0.7534141540527344,0.7534141540527344,-0.39560508728027344,0.918997771593421,-1.238610840944716,10.0,1.0
4.63,0.7530326843261719,0.7530326843261719,-0.4395599365234375,0.9177546256839816,-1.2476748432617342,10.0,1.0
4.631,0.7526512145996094,0.7526512145996094,-0.46593475341796875,0.9165024219068978,-1.2567265315318537,10.0,1.0
4.632,0.7518882751464844,0.7518882751464844,-0.5010986328125,0.9152411726209182,-1.2657658164183658,10.0,1.0
4.633,0.7515068054199219,0.7515068054199219,-0.4835166931152344,0.9139708902740612,-1.27479260870723,10.0,1.0
4.634,0.7511253356933594,0.7511253356933594,-0.5538463592529297,0.9126915874035029,-1.283806819307756,10.0,1.0
4.635,0.7503623962402344,0.7503623962402344,-0.5714282989501953,0.9114032766354461,-1.29280835925357,10.0,1.0
4.636,0.7499809265136719,0.7499809265136719,-0.5450553894042969,0.9101059706849959,-1.301797139702785,10.0,1.0
4.6370000000000005,0.7492179870605469,0.7492179870605469,-0.5362644195556641,0.9087996823560397,-1.3107730719394795,10.0,1.0
4.638,0.7488365173339844,0.7488365173339844,-0.5802192687988281,0.9074844245411173,-1.3197360673751746,10.0,1.0
4.639,0.7480735778808594,0.7480735778808594,-0.5626373291015625,0.9061602102212896,-1.3286860375488914,10.0,1.0
4.64,0.7476921081542969,0.7476921081542969,-0.5362644195556641,0.90482705246602,-1.3376228941275485,10.0,1.0
4.641,0.7473106384277344,0.7473106384277344,-0.5450553894042969,0.9034849644330347,-1.3465465489081794,10.0,1.0
4.642,0.7465476989746094,0.7465476989746094,-0.5362644195556641,0.9021339593682027,-1.3554569138181591,10.0,1.0
4.643,0.7461662292480469,0.7461662292480469,-0.5098896026611328,0.9007740506053988,-1.3643539009158303,10.0,1.0
4.644,0.7457847595214844,0.7457847595214844,-0.4923076629638672,0.8994052515663712,-1.373237422391412,10.0,1.0
4.6450000000000005,0.7450218200683594,0.7450218200683594,-0.5098896026611328,0.8980275757606151,-1.3821073905677395,10.0,1.0
4.646,0.7446403503417969,0.7446403503417969,-0.5362644195556641,0.8966410367852362,-1.390963717902025,10.0,1.0
4.647,0.7438774108886719,0.7438774108886719,-0.5978031158447266,0.8952456483248112,-1.3998063169862007,10.0,1.0
4.648,0.7434959411621094,0.7434959411621094,-0.5626373291015625,0.8938414241512642,-1.408635100546519,10.0,1.0
4.649,0.7427330017089844,0.7427330017089844,-0.6329669952392578,0.8924283781237184,-1.41744998144776,10.0,1.0
4.65,0.7419700622558594,0.7419700622558594,-0.6505489349365234,0.8910065241883677,-1.4262508726900478,10.0,1.0
4.651,0.7415885925292969,0.7415885925292969,-0.624176025390625,0.8895758763783387,-1.4350376874115796,10.0,1.0
4.652,0.7408256530761719,0.7408256530761719,-0.6593399047851562,0.8881364488135446,-1.4438103388910122,10.0,1.0
4.6530000000000005,0.7400627136230469,0.7400627136230469,-0.6505489349365234,0.8866882557005558,-1.452568740544848,10.0,1.0
4.654,0.7396812438964844,0.7396812438964844,-0.6593399047851562,0.8852313113324555,-1.4613128059311293,10.0,1.0
4.655,0.7389183044433594,0.7389183044433594,-0.624176025390625,0.8837656300886937,-1.470042448751144,10.0,1.0
4.656,0.7381553649902344,0.7381553649902344,-0.6681327819824219,0.8822912264349537,-1.4787575828448212,10.0,1.0
4.657,0.7377738952636719,0.7377738952636719,-0.624176025390625,0.8808081149230041,-1.4874581221984045,10.0,1.0
4.658,0.7370109558105469,0.7370109558105469,-0.6329669952392578,0.879316310190556,-1.496143980941099,10.0,1.0
4.659,0.7362480163574219,0.7362480163574219,-0.7032966613769531,0.8778158269611224,-1.5048150733463785,10.0,1.0
4.66,0.7354850769042969,0.7354850769042969,-0.7824172973632812,0.8763066800438635,-1.5134713138347138,10.0,1.0
4.6610000000000005,0.7347221374511719,0.7347221374511719,-0.7736263275146484,0.8747888843334519,-1.5221126169718104,10.0,1.0
4.662,0.7339591979980469,0.7339591979980469,-0.8351650238037109,0.8732624548099203,-1.5307388974715082,10.0,1.0
4.663,0.7331962585449219,0.7331962585449219,-0.7560443878173828,0.8717274065385091,-1.5393500701973721,10.0,1.0
4.664,0.7324333190917969,0.7324333190917969,-0.7648353576660156,0.870183754669526,-1.5479460501588278,10.0,1.0
4.665,0.7316703796386719,0.7316703796386719,-0.7736263275146484,0.8686315144381916,-1.556526752517641,10.0,1.0
4.666,0.7309074401855469,0.7309074401855469,-0.6857147216796875,0.8670707011644897,-1.5650920925862692,10.0,1.0
4.667,0.7301445007324219,0.7301445007324219,-0.7120876312255859,0.8655013302530196,-1.5736419858274644,10.0,1.0
4.668,0.7293815612792969,0.7293815612792969,-0.6681327819824219,0.8639234171928352,-1.5821763478572848,10.0,1.0
4.6690000000000005,0.7290000915527344,0.7290000915527344,-0.6593399047851562,0.8623369775573039,-1.5906950944459481,10.0,1.0
4.67,0.7282371520996094,0.7282371520996094,-0.6945056915283203,0.8607420270039436,-1.5991981415157852,10.0,1.0
4.671,0.7274742126464844,0.7274742126464844,-0.7736263275146484,0.8591385812742726,-1.6076854051453893,10.0,1.0
4.672,0.7267112731933594,0.7267112731933594,-0.7648353576660156,0.8575266561936534,-1.6161568015697867,10.0,1.0
4.673,0.7259483337402344,0.7259483337402344,-0.8615379333496094,0.8559062676711333,-1.6246122471788453,10.0,1.0
4.674,0.7248039245605469,0.7248039245605469,-0.8087921142578125,0.8542774316992947,-1.6330516585205146,10.0,1.0
4.675,0.7240409851074219,0.7240409851074219,-0.8175830841064453,0.8526401643540927,-1.641474952301735,10.0,1.0
4.676,0.7232780456542969,0.7232780456542969,-0.8263740539550781,0.8509944817946915,-1.649882045387642,10.0,1.0
4.6770000000000005,0.7225151062011719,0.7225151062011719,-0.7648353576660156,0.8493404002633164,-1.6582728548038972,10.0,1.0
4.678,0.7217521667480469,0.7217521667480469,-0.8175830841064453,0.8476779360850841,-1.6666472977371996,10.0,1.0
4.679,0.7209892272949219,0.7209892272949219,-0.7648353576660156,0.8460071056678422,-1.6750052915342053,10.0,1.0
4.68,0.7202262878417969,0.7202262878417969,-0.7912082672119141,0.8443279255020162,-1.6833467537049955,10.0,1.0
4.681,0.7190818786621094,0.7190818786621094,-0.9054946899414062,0.8426404121604325,-1.6916716019233036,10.0,1.0
4.682,0.718317985534668,0.718317985534668,-0.9406585693359375,0.8409445822981685,-1.6999797540254349,10.0,1.0
4.683,0.7171735763549805,0.7171735763549805,-1.0197811126708984,0.8392404526523821,-1.7082711280137346,10.0,1.0
4.684,0.7164106369018555,0.7164106369018555,-0.9406585693359375,0.8375280400421413,-1.7165456420555074,10.0,1.0
4.6850000000000005,0.715266227722168,0.715266227722168,-0.9406585693359375,0.8358073613682699,-1.7248032144848935,10.0,1.0
4.686,0.714503288269043,0.714503288269043,-0.8967037200927734,0.8340784336131719,-1.7330437638034937,10.0,1.0
4.687,0.713740348815918,0.713740348815918,-0.8791217803955078,0.8323412738406634,-1.7412672086793464,10.0,1.0
4.688,0.712977409362793,0.712977409362793,-0.8439559936523438,0.8305958991958137,-1.7494734679508497,10.0,1.0
4.689,0.7118330001831055,0.7118330001831055,-0.8351650238037109,0.828842326904762,-1.7576624606257383,10.0,1.0
4.69,0.7110700607299805,0.7110700607299805,-0.9846153259277344,0.827080574274561,-1.765834105881254,10.0,1.0
4.691,0.709925651550293,0.709925651550293,-0.9758243560791016,0.8253106586929999,-1.7739883230667601,10.0,1.0
4.692,0.7087812423706055,0.7087812423706055,-1.0901107788085938,0.8235325976284279,-1.7821250317044814,10.0,1.0
4.6930000000000005,0.7080183029174805,0.7080183029174805,-1.0109882354736328,0.8217464086295898,-1.7902441514876841,10.0,1.0
4.694,0.706873893737793,0.706873893737793,-1.0109882354736328,0.819952109325453,-1.7983456022834616,10.0,1.0
4.695,0.7057294845581055,0.7057294845581055,-0.9582424163818359,0.8181497174250232,-1.806429304134383,10.0,1.0
4.696,0.7049665451049805,0.7049665451049805,-0.9846153259277344,0.8163392507171848,-1.814495177257072,10.0,1.0
4.697,0.703822135925293,0.703822135925293,-0.9406585693359375,0.8145207270705094,-1.8225431420447649,10.0,1.0
4.698,0.703059196472168,0.703059196472168,-1.0109882354736328,0.8126941644330941,-1.8305731190681058,10.0,1.0
4.699,0.7019147872924805,0.7019147872924805,-1.0989017486572266,0.8108595808323736,-1.838585029073272,10.0,1.0
4.7,0.700770378112793,0.700770378112793,-1.1868133544921875,0.8090169943749478,-1.8465787929864064,10.0,1.0
4.7010000000000005,0.6996259689331055,0.6996259689331055,-1.0637359619140625,0.8071664232463996,-1.8545543319128797,10.0,1.0
4.702,0.698481559753418,0.698481559753418,-1.125274658203125,0.8053078857111226,-1.8625115671363233,10.0,1.0
4.703,0.6973371505737305,0.6973371505737305,-1.037363052368164,0.8034414001121273,-1.870450420122836,10.0,1.0
4.704,0.6965742111206055,0.6965742111206055,-1.037363052368164,0.8015669848708774,-1.8783708125186536,10.0,1.0
4.705,0.695429801940918,0.695429801940918,-0.9670333862304688,0.7996846584870904,-1.8862726661525926,10.0,1.0
4.706,0.6942853927612305,0.6942853927612305,-1.0901107788085938,0.797794439538571,-1.8941559030375288,10.0,1.0
4.707,0.693140983581543,0.693140983581543,-1.0989017486572266,0.7958963466810159,-1.9020204453678389,10.0,1.0
4.708,0.6919965744018555,0.6919965744018555,-1.160440444946289,0.7939903986478356,-1.9098662155241755,10.0,1.0
4.7090000000000005,0.690852165222168,0.690852165222168,-1.1164836883544922,0.7920766142499663,-1.9176931360726144,10.0,1.0
4.71,0.6897077560424805,0.6897077560424805,-1.1868133544921875,0.7901550123756909,-1.9255011297635747,10.0,1.0
4.711,0.688563346862793,0.688563346862793,-1.1516475677490234,0.7882256119904395,-1.9332901195359113,10.0,1.0
4.712,0.6874189376831055,0.6874189376831055,-1.1076927185058594,0.7862884321366196,-1.9410600285150394,10.0,1.0
4.713,0.686274528503418,0.686274528503418,-1.1516475677490234,0.7843434919334098,-1.948810780015151,10.0,1.0
4.714,0.6851301193237305,0.6851301193237305,-1.160440444946289,0.782390810576588,-1.9565422975397269,10.0,1.0
4.715,0.683985710144043,0.683985710144043,-1.2571430206298828,0.7804304073383308,-1.9642545047823887,10.0,1.0
4.716,0.6828413009643555,0.6828413009643555,-1.160440444946289,0.7784623015670236,-1.9719473256259334,10.0,1.0
4.7170000000000005,0.6813154220581055,0.6813154220581055,-1.2307701110839844,0.7764865126870777,-1.9796206841450044,10.0,1.0
4.718,0.680171012878418,0.680171012878418,-1.2043952941894531,0.7745030601987342,-1.9872745046071145,10.0,1.0
4.719,0.6790266036987305,0.6790266036987305,-1.1516475677490234,0.7725119636778638,-1.9949087114724193,10.0,1.0
4.72,0.677882194519043,0.677882194519043,-1.1692314147949219,0.7705132427757898,-2.0025232293933755,10.0,1.0
4.721,0.6767377853393555,0.6767377853393555,-1.1780223846435547,0.7685069172190774,-2.010117983219459,10.0,1.0
4.722,0.675593376159668,0.675593376159668,-1.2219772338867188,0.7664930068093495,-2.0176928979926743,10.0,1.0
4.723,0.6744489669799805,0.6744489669799805,-1.1868133544921875,0.7644715314230925,-2.0252478989510223,10.0,1.0
4.724,0.6729230880737305,0.6729230880737305,-1.336263656616211,0.7624425110114478,-2.0327829115307168,10.0,1.0
4.7250000000000005,0.671778678894043,0.671778678894043,-1.3098907470703125,0.7604059656000298,-2.040297861363115,10.0,1.0
4.726,0.6706342697143555,0.6706342697143555,-1.24835205078125,0.7583619152887221,-2.047792674279549,10.0,1.0
4.727,0.6691083908081055,0.6691083908081055,-1.3274726867675781,0.7563103802514711,-2.0552672763091095,10.0,1.0
4.728,0.6675825119018555,0.6675825119018555,-1.3186817169189453,0.7542513807361043,-2.0627215936797256,10.0,1.0
4.729,0.666438102722168,0.666438102722168,-1.3010997772216797,0.752184937064112,-2.070155552821859,10.0,1.0
4.73,0.664912223815918,0.664912223815918,-1.3626365661621094,0.7501110696304591,-2.077569080364526,10.0,1.0
4.731,0.6637678146362305,0.6637678146362305,-1.3450546264648438,0.7480297989033834,-2.084962103138764,10.0,1.0
4.732,0.662623405456543,0.662623405456543,-1.2747249603271484,0.745941145424182,-2.0923345481791102,10.0,1.0
4.7330000000000005,0.661097526550293,0.661097526550293,-1.2571430206298828,0.7438451298070238,-2.099686342721668,10.0,1.0
4.734,0.6599531173706055,0.6599531173706055,-1.2747249603271484,0.7417417727387393,-2.107017414207121,10.0,1.0
4.735,0.6584272384643555,0.6584272384643555,-1.3450546264648438,0.7396310949786099,-2.114327690282778,10.0,1.0
4.736,0.657282829284668,0.657282829284668,-1.4065933227539062,0.7375131173581743,-2.1216170987969463,10.0,1.0
4.737,0.6557559967041016,0.6557559967041016,-1.4769229888916016,0.7353878607810164,-2.1288855678067193,10.0,1.0
4.738,0.6542301177978516,0.6542301177978516,-1.415384292602539,0.7332553462225594,-2.1361330255760436,10.0,1.0
4.739,0.6530857086181641,0.6530857086181641,-1.336263656616211,0.7311155947298649,-2.1433594005742975,10.0,1.0
4.74,0.6515598297119141,0.6515598297119141,-1.3890113830566406,0.7289686274214112,-2.1505646214807257,10.0,1.0
4.741,0.6500339508056641,0.6500339508056641,-1.4241752624511719,0.7268144654869039,-2.1577486171825626,10.0,1.0
4.742,0.6488895416259766,0.6488895416259766,-1.4329662322998047,0.7246531301870466,-2.1649113167762835,10.0,1.0
4.743,0.6473636627197266,0.6473636627197266,-1.4681320190429688,0.7224846428533499,-2.172052649569366,10.0,1.0
4.744,0.6458377838134766,0.6458377838134766,-1.3626365661621094,0.7203090248879084,-2.1791725450805757,10.0,1.0
4.745,0.6446933746337891,0.6446933746337891,-1.3274726867675781,0.7181262977631891,-2.1862709330382586,10.0,1.0
4.746,0.6431674957275391,0.6431674957275391,-1.3626365661621094,0.7159364830218304,-2.1933477433838675,10.0,1.0
4.747,0.6416416168212891,0.6416416168212891,-1.4769229888916016,0.713739602276422,-2.200402906272984,10.0,1.0
4.748,0.6401157379150391,0.6401157379150391,-1.6175823211669922,0.7115356772092849,-2.2074363520738984,10.0,1.0
4.749,0.6385898590087891,0.6385898590087891,-1.6000003814697266,0.7093247295722748,-2.214448011368404,10.0,1.0
4.75,0.6370639801025391,0.6370639801025391,-1.415384292602539,0.7071067811865486,-2.221437814955948,10.0,1.0
4.751,0.6359195709228516,0.6359195709228516,-1.4417591094970703,0.7048818539423614,-2.228405693849311,10.0,1.0
4.752,0.6343936920166016,0.6343936920166016,-1.459341049194336,0.7026499697988505,-2.2353515792776193,10.0,1.0
4.753,0.6324863433837891,0.6324863433837891,-1.6000003814697266,0.7004111507838066,-2.2422754026886196,10.0,1.0
4.7540000000000004,0.6309604644775391,0.6309604644775391,-1.6967029571533203,0.6981654189934717,-2.2491770957461767,10.0,1.0
4.755,0.6294345855712891,0.6294345855712891,-1.5736255645751953,0.6959127965923148,-2.2560565903339125,10.0,1.0
4.756,0.6279087066650391,0.6279087066650391,-1.3890113830566406,0.6936533058128043,-2.2629138185540683,10.0,1.0
4.757,0.6267642974853516,0.6267642974853516,-1.415384292602539,0.6913869689552071,-2.269748712727676,10.0,1.0
4.758,0.6248569488525391,0.6248569488525391,-1.5648345947265625,0.6891138083873494,-2.276561205398764,10.0,1.0
4.759,0.6233310699462891,0.6233310699462891,-1.7670326232910156,0.686833846544408,-2.283351229330094,10.0,1.0
4.76,0.6214237213134766,0.6214237213134766,-1.7054939270019531,0.6845471059286898,-2.2901187175060045,10.0,1.0
4.761,0.6198978424072266,0.6198978424072266,-1.4945049285888672,0.6822536091093965,-2.2968636031350798,10.0,1.0
4.7620000000000005,0.6183719635009766,0.6183719635009766,-1.4945049285888672,0.6799533787224181,-2.303585819647253,10.0,1.0
4.763,0.6168460845947266,0.6168460845947266,-1.6000003814697266,0.6776464374701026,-2.310285300696819,10.0,1.0
4.764,0.6153202056884766,0.6153202056884766,-1.7670326232910156,0.6753328081210249,-2.316961980164592,10.0,1.0
4.765,0.6134128570556641,0.6134128570556641,-1.7230777740478516,0.673012513509774,-2.3236157921522818,10.0,1.0
4.766,0.6118869781494141,0.6118869781494141,-1.4769229888916016,0.6706855765367208,-2.3302466709899363,10.0,1.0
4.767,0.6107425689697266,0.6107425689697266,-1.459341049194336,0.6683520201677926,-2.336854551234353,10.0,1.0
4.768,0.6088352203369141,0.6088352203369141,-1.5736255645751953,0.6660118674342527,-2.343439367667372,10.0,1.0
4.769,0.6073093414306641,0.6073093414306641,-1.7934074401855469,0.6636651414324584,-2.350001055300254,10.0,1.0
4.7700000000000005,0.6054019927978516,0.6054019927978516,-1.8637371063232422,0.6613118653236506,-2.3565395493709502,10.0,1.0
4.771,0.6038761138916016,0.6038761138916016,-1.6175823211669922,0.6589520623337171,-2.363054785347174,10.0,1.0
4.772,0.6019687652587891,0.6019687652587891,-1.582418441772461,0.6565857557529567,-2.3695466989273655,10.0,1.0
4.773,0.6004428863525391,0.6004428863525391,-1.7230777740478516,0.6542129689358629,-2.3760152260389305,10.0,1.0
4.774,0.5985355377197266,0.5985355377197266,-1.837362289428711,0.6518337253008794,-2.3824603028390925,10.0,1.0
4.775,0.5966281890869141,0.5966281890869141,-1.7758235931396484,0.6494480483301831,-2.3888818657173942,10.0,1.0
4.776,0.5951023101806641,0.5951023101806641,-1.5648345947265625,0.6470559615694452,-2.395279851296209,10.0,1.0
4.777,0.5935754776000977,0.5935754776000977,-1.6087913513183594,0.6446574886275911,-2.4016541964297176,10.0,1.0
4.7780000000000005,0.5916681289672852,0.5916681289672852,-1.7758235931396484,0.6422526531765842,-2.4080048382066366,10.0,1.0
4.779,0.5897607803344727,0.5897607803344727,-1.9252738952636719,0.6398414789511785,-2.4143317139473766,10.0,1.0
4.78,0.5878534317016602,0.5878534317016602,-1.8461532592773438,0.6374239897486899,-2.4206347612084187,10.0,1.0
4.781,0.5863275527954102,0.5863275527954102,-1.714284896850586,0.6350002094287623,-2.426913917782656,10.0,1.0
4.782,0.5844202041625977,0.5844202041625977,-1.7406597137451172,0.632570161913125,-2.43316912169621,10.0,1.0
4.783,0.5828943252563477,0.5828943252563477,-1.837362289428711,0.6301338711853683,-2.4394003112121823,10.0,1.0
4.784,0.5809869766235352,0.5809869766235352,-1.916482925415039,0.6276913612907012,-2.4456074248319624,10.0,1.0
4.785,0.5790796279907227,0.5790796279907227,-1.7230777740478516,0.6252426563357047,-2.4517904012936924,10.0,1.0
4.7860000000000005,0.5775537490844727,0.5775537490844727,-1.714284896850586,0.6227877804881122,-2.4579491795740864,10.0,1.0
4.787,0.5756464004516602,0.5756464004516602,-1.7758235931396484,0.6203267579765572,-2.4640836988891692,10.0,1.0
4.788,0.5737390518188477,0.5737390518188477,-1.916482925415039,0.6178596130903343,-2.4701938986924006,10.0,1.0
4.789,0.5718317031860352,0.5718317031860352,-1.9428577423095703,0.6153863701791731,-2.4762797186789953,10.0,1.0
4.79,0.5699243545532227,0.5699243545532227,-1.7758235931396484,0.6129070536529768,-2.4823410987849,10.0,1.0
4.791,0.5680170059204102,0.5680170059204102,-1.8989009857177734,0.6104216879816016,-2.4883779791857137,10.0,1.0
4.792,0.5661096572875977,0.5661096572875977,-1.8637371063232422,0.607930297694606,-2.4943903002999264,10.0,1.0
4.793,0.5642023086547852,0.5642023086547852,-1.9076919555664062,0.6054329073810022,-2.5003780027900575,10.0,1.0
4.7940000000000005,0.5626764297485352,0.5626764297485352,-1.7670326232910156,0.6029295416890242,-2.5063410275588467,10.0,1.0
4.795,0.5607690811157227,0.5607690811157227,-1.7758235931396484,0.6004202253258851,-2.5122793157530054,10.0,1.0
4.796,0.5588617324829102,0.5588617324829102,-1.8549442291259766,0.5979049830575187,-2.518192808764695,10.0,1.0
4.797,0.5569543838500977,0.5569543838500977,-1.960439682006836,0.5953838397083564,-2.524081448229879,10.0,1.0
4.798,0.5550470352172852,0.5550470352172852,-1.8989009857177734,0.5928568201610595,-2.529945176030651,10.0,1.0
4.799,0.5531396865844727,0.5531396865844727,-1.8813190460205078,0.5903239493562934,-2.5357839342932493,10.0,1.0
4.8,0.5512323379516602,0.5512323379516602,-1.9956035614013672,0.5877852522924736,-2.5415976653916346,10.0,1.0
4.801,0.5493249893188477,0.5493249893188477,-1.9340667724609375,0.5852407540255107,-2.5473863119481734,10.0,1.0
4.8020000000000005,0.5474176406860352,0.5474176406860352,-1.9252738952636719,0.5826904796685755,-2.553149816830512,10.0,1.0
4.803,0.5455102920532227,0.5455102920532227,-1.8285713195800781,0.5801344543918503,-2.558888123154304,10.0,1.0
4.804,0.5436029434204102,0.5436029434204102,-1.9516487121582031,0.5775727034222673,-2.564601174285599,10.0,1.0
4.805,0.5416955947875977,0.5416955947875977,-2.0219783782958984,0.5750052520432798,-2.5702889138385103,10.0,1.0
4.806,0.5394067764282227,0.5394067764282227,-2.0307693481445312,0.5724321255945909,-2.5759512856770925,10.0,1.0
4.807,0.5374994277954102,0.5374994277954102,-1.9956035614013672,0.5698533494719239,-2.58158823391733,10.0,1.0
4.808,0.5355920791625977,0.5355920791625977,-2.057143211364746,0.5672689491267568,-2.587199702923442,10.0,1.0
4.809,0.5333032608032227,0.5333032608032227,-2.171428680419922,0.5646789500660775,-2.5927856373126588,10.0,1.0
4.8100000000000005,0.5313959121704102,0.5313959121704102,-2.039560317993164,0.5620833778521298,-2.5983459819552195,10.0,1.0
4.811,0.5291061401367188,0.5291061401367188,-1.9516487121582031,0.5594822581021678,-2.6038806819713614,10.0,1.0
4.812,0.5271987915039062,0.5271987915039062,-1.9780216217041016,0.5568756164881875,-2.609389682736605,10.0,1.0
4.813,0.5252914428710938,0.5252914428710938,-2.136263847351074,0.5542634787366952,-2.6148729298789704,10.0,1.0
4.814,0.5230026245117188,0.5230026245117188,-2.162637710571289,0.5516458706284301,-2.6203303692809072,10.0,1.0
4.815,0.5210952758789062,0.5210952758789062,-2.1274728775024414,0.5490228179981317,-2.6257619470799796,10.0,1.0
4.816,0.5188064575195312,0.5188064575195312,-2.0923080444335938,0.5463943467342707,-2.631167609669774,10.0,1.0
4.817,0.5168991088867188,0.5168991088867188,-2.118680953979492,0.5437604827787927,-2.636547303697057,10.0,1.0
4.8180000000000005,0.5146102905273438,0.5146102905273438,-2.1274728775024414,0.5411212521268748,-2.6419009760662675,10.0,1.0
4.819,0.5127029418945312,0.5127029418945312,-2.0043954849243164,0.5384766808266608,-2.6472285739396852,10.0,1.0
4.82,0.5104141235351562,0.5104141235351562,-2.057143211364746,0.5358267949789959,-2.6525300447358973,10.0,1.0
4.821,0.5085067749023438,0.5085067749023438,-2.1274728775024414,0.5331716207371896,-2.6578053361313323,10.0,1.0
4.822,0.5062179565429688,0.5062179565429688,-2.162637710571289,0.5305111843067337,-2.6630543960608293,10.0,1.0
4.823,0.5043106079101562,0.5043106079101562,-2.1098899841308594,0.5278455119450662,-2.6682771727186037,10.0,1.0
4.824,0.5020217895507812,0.5020217895507812,-2.1890106201171875,0.5251746299612972,-2.6734736145588727,10.0,1.0
4.825,0.49973297119140625,0.49973297119140625,-2.162637710571289,0.522498564715949,-2.6786436702935816,10.0,1.0
4.8260000000000005,0.49782562255859375,0.49782562255859375,-2.1098899841308594,0.5198173426207082,-2.683787288895985,10.0,1.0
4.827,0.49553680419921875,0.49553680419921875,-2.0307693481445312,0.5171309901381577,-2.688904419601613,10.0,1.0
4.828,0.49324798583984375,0.49324798583984375,-2.1802196502685547,0.5144395337815055,-2.69399501190631,10.0,1.0
4.829,0.49134063720703125,0.49134063720703125,-2.0923080444335938,0.5117430001143457,-2.6990590155668883,10.0,1.0
4.83,0.48905181884765625,0.48905181884765625,-2.1010990142822266,0.5090414157503723,-2.704096380605847,10.0,1.0
4.831,0.48714447021484375,0.48714447021484375,-2.1802196502685547,0.5063348073531322,-2.709107057305431,10.0,1.0
4.832,0.48485565185546875,0.48485565185546875,-2.3912086486816406,0.5036232016357621,-2.7140909962114392,10.0,1.0
4.833,0.48256683349609375,0.48256683349609375,-2.171428680419922,0.5009066253607098,-2.7190481481354425,10.0,1.0
4.8340000000000005,0.48065948486328125,0.48065948486328125,-2.039560317993164,0.4981851053394894,-2.723978464151344,10.0,1.0
4.835,0.47837066650390625,0.47837066650390625,-2.1098899841308594,0.4954586684324078,-2.7288818955989598,10.0,1.0
4.836,0.47608184814453125,0.47608184814453125,-2.3032970428466797,0.492727341548292,-2.7337583940856405,10.0,1.0
4.837,0.47379302978515625,0.47379302978515625,-2.171428680419922,0.48999115164423723,-2.7386079114797326,10.0,1.0
4.838,0.47150421142578125,0.47150421142578125,-2.145054817199707,0.4872501257253331,-2.743430399918992,10.0,1.0
4.839,0.46921539306640625,0.46921539306640625,-2.364834785461426,0.4845042908443974,-2.7482258118086804,10.0,1.0
4.84,0.46692562103271484,0.46692562103271484,-2.435164451599121,0.48175367410171643,-2.752994099818551,10.0,1.0
4.841,0.46463680267333984,0.46463680267333984,-2.15384578704834,0.4789983026447608,-2.7577352168885625,10.0,1.0
4.8420000000000005,0.46272945404052734,0.46272945404052734,-2.1098899841308594,0.47623820366793745,-2.762449116224616,10.0,1.0
4.843,0.46005916595458984,0.46005916595458984,-2.4439563751220703,0.4734734044123122,-2.7671357513025896,10.0,1.0
4.844,0.45777034759521484,0.45777034759521484,-2.4175825119018555,0.47070393216533285,-2.7717950758695054,10.0,1.0
4.845,0.45548152923583984,0.45548152923583984,-2.2945051193237305,0.46792981426057384,-2.7764270439372183,10.0,1.0
4.846,0.45319271087646484,0.45319271087646484,-2.364834785461426,0.465151078077459,-2.781031609790489,10.0,1.0
4.847,0.45052242279052734,0.45052242279052734,-2.5934066772460938,0.462367751040991,-2.7856087279854194,10.0,1.0
4.848,0.44823360443115234,0.44823360443115234,-2.2945051193237305,0.4595798606214888,-2.7901583533462144,10.0,1.0
4.849,0.44594478607177734,0.44594478607177734,-2.15384578704834,0.4567874343342991,-2.794680440970211,10.0,1.0
4.8500000000000005,0.44365596771240234,0.44365596771240234,-2.4703292846679688,0.4539904997395465,-2.799174946227396,10.0,1.0
4.851,0.44136714935302734,0.44136714935302734,-2.435164451599121,0.45118908444184497,-2.8036418247573636,10.0,1.0
4.852,0.43907833099365234,0.43907833099365234,-2.2329673767089844,0.44838321609003234,-2.808081032473723,10.0,1.0
4.853,0.43678951263427734,0.43678951263427734,-2.364834785461426,0.44557292237689816,-2.8124925255654887,10.0,1.0
4.854,0.43373775482177734,0.43373775482177734,-2.6285715103149414,0.44275823103890194,-2.816876260491057,10.0,1.0
4.855,0.43183040618896484,0.43183040618896484,-2.268132209777832,0.43993916985591414,-2.821232193984457,10.0,1.0
4.856,0.42954158782958984,0.42954158782958984,-2.1098899841308594,0.4371157666509337,-2.825560283055353,10.0,1.0
4.857,0.42725276947021484,0.42725276947021484,-2.479121208190918,0.43428804928980397,-2.8298604849866535,10.0,1.0
4.8580000000000005,0.42458248138427734,0.42458248138427734,-2.479121208190918,0.4314560456809585,-2.8341327573374997,10.0,1.0
4.859,0.42229366302490234,0.42229366302490234,-2.259340286254883,0.42861978377512966,-2.8383770579432905,10.0,1.0
4.86,0.42000484466552734,0.42000484466552734,-2.34725284576416,0.42577929156507255,-2.8425933449127,10.0,1.0
4.861,0.41733455657958984,0.41733455657958984,-2.6813182830810547,0.42293459708530495,-2.8467815766333047,10.0,1.0
4.862,0.41504573822021484,0.41504573822021484,-2.3032970428466797,0.4200857284118065,-2.850941711769451,10.0,1.0
4.863,0.41275691986083984,0.41275691986083984,-2.1274728775024414,0.4172327136617641,-2.8550737092612337,10.0,1.0
4.864,0.41046810150146484,0.41046810150146484,-2.4175825119018555,0.41437558099328475,-2.859177528328388,10.0,1.0
4.865,0.40817928314208984,0.40817928314208984,-2.540658950805664,0.41151435860510793,-2.8632531284677043,10.0,1.0
4.866,0.40550804138183594,0.40550804138183594,-2.3384618759155273,0.40864907473635004,-2.86730046945371,10.0,1.0
4.867,0.40321922302246094,0.40321922302246094,-2.3208789825439453,0.4057797576662011,-2.8713195113428753,10.0,1.0
4.868,0.40054893493652344,0.40054893493652344,-2.5934066772460938,0.40290643571366236,-2.8753102144677882,10.0,1.0
4.869,0.39826011657714844,0.39826011657714844,-2.4175825119018555,0.40002913723726624,-2.879272539441132,10.0,1.0
4.87,0.39597129821777344,0.39597129821777344,-2.2329673767089844,0.3971478906347807,-2.8832064471573347,10.0,1.0
4.871,0.39368247985839844,0.39368247985839844,-2.487912178039551,0.3942627243429496,-2.8871118987892714,10.0,1.0
4.872,0.39101219177246094,0.39101219177246094,-2.567032814025879,0.3913736668372028,-2.8909888557917895,10.0,1.0
4.873,0.38834190368652344,0.38834190368652344,-2.382417678833008,0.38848074663136667,-2.8948372799031006,10.0,1.0
4.874,0.38605308532714844,0.38605308532714844,-2.540658950805664,0.3855839922773973,-2.898657133138272,10.0,1.0
4.875,0.38338279724121094,0.38338279724121094,-2.690110206604004,0.3826834323650907,-2.902448377797384,10.0,1.0
4.876,0.38109397888183594,0.38109397888183594,-2.452747344970703,0.3797790955218006,-2.9062109764637114,10.0,1.0
4.877,0.37842369079589844,0.37842369079589844,-2.364834785461426,0.376871010412164,-2.9099448920004534,10.0,1.0
4.878,0.37575340270996094,0.37575340270996094,-2.672527313232422,0.3739592057378003,-2.9136500875554816,10.0,1.0
4.8790000000000004,0.37346458435058594,0.37346458435058594,-2.567032814025879,0.37104371023705107,-2.9173265265613963,10.0,1.0
4.88,0.37079429626464844,0.37079429626464844,-2.461538314819336,0.3681245526846782,-2.920974172731718,10.0,1.0
4.881,0.36812400817871094,0.36812400817871094,-2.795604705810547,0.3652017618915882,-2.9245929900654914,10.0,1.0
4.882,0.36545372009277344,0.36545372009277344,-2.5758237838745117,0.3622753667045479,-2.928182942848707,10.0,1.0
4.883,0.36316490173339844,0.36316490173339844,-2.356043815612793,0.35934539600589144,-2.931743995647963,10.0,1.0
4.884,0.36049461364746094,0.36049461364746094,-2.7076921463012695,0.35641187871325003,-2.935276113316945,10.0,1.0
4.885,0.35782432556152344,0.35782432556152344,-2.6989011764526367,0.35347484377925825,-2.938779260996,10.0,1.0
4.886,0.35515403747558594,0.35515403747558594,-2.479121208190918,0.3505343201912587,-2.9422534041096924,10.0,1.0
4.8870000000000005,0.35248374938964844,0.35248374938964844,-2.6549453735351562,0.34759033697103686,-2.945698508371123,10.0,1.0
4.888,0.34981346130371094,0.34981346130371094,-2.7164831161499023,0.3446429231745171,-2.9491145397769856,10.0,1.0
4.889,0.34752464294433594,0.34752464294433594,-2.5142860412597656,0.3416921078914835,-2.9525014646121974,10.0,1.0
4.89,0.34485435485839844,0.34485435485839844,-2.4439563751220703,0.3387379202452934,-2.9558592494514073,10.0,1.0
4.891,0.34218311309814453,0.34218311309814453,-2.6285715103149414,0.33578038939258126,-2.9591878611528557,10.0,1.0
4.892,0.33951282501220703,0.33951282501220703,-2.690110206604004,0.33281954452298573,-2.9624872668640876,10.0,1.0
4.893,0.33684253692626953,0.33684253692626953,-2.567032814025879,0.32985541485885383,-2.96575743402218,10.0,1.0
4.894,0.33417224884033203,0.33417224884033203,-2.6813182830810547,0.32688802965494196,-2.9689983303513827,10.0,1.0
4.8950000000000005,0.33150196075439453,0.33150196075439453,-2.672527313232422,0.32391741819814907,-2.972209923865819,10.0,1.0
4.896,0.32921314239501953,0.32921314239501953,-2.5230770111083984,0.320943609807211,-2.9753921828693706,10.0,1.0
4.897,0.32654285430908203,0.32654285430908203,-2.5758237838745117,0.31796663383241097,-2.9785450759524963,10.0,1.0
4.898,0.32387256622314453,0.32387256622314453,-2.646153450012207,0.31498651965530666,-2.9816685719981706,10.0,1.0
4.899,0.32120227813720703,0.32120227813720703,-2.6813182830810547,0.31200329668841525,-2.9847626401792127,10.0,1.0
4.9,0.31853199005126953,0.31853199005126953,-2.7076921463012695,0.3090169943749463,-2.987827249957263,10.0,1.0
4.901,0.31586170196533203,0.31586170196533203,-2.7076921463012695,0.3060276421885015,-2.9908623710859956,10.0,1.0
4.902,0.31319141387939453,0.31319141387939453,-2.5758237838745117,0.30303526963277494,-2.9938679736118843,10.0,1.0
4.9030000000000005,0.31090259552001953,0.31090259552001953,-2.5230770111083984,0.3000399062412757,-2.9968440278696846,10.0,1.0
4.904,0.30823230743408203,0.30823230743408203,-2.7076921463012695,0.29704158157703625,-2.9997905044862705,10.0,1.0
4.905,0.30518054962158203,0.30518054962158203,-2.769230842590332,0.2940403252323038,-3.002707374381714,10.0,1.0
4.906,0.30251026153564453,0.30251026153564453,-2.672527313232422,0.29103616682827355,-3.0055946087674954,10.0,1.0
4.907,0.29983997344970703,0.29983997344970703,-2.7868127822875977,0.28802913601476937,-3.008452179148378,10.0,1.0
4.908,0.29678821563720703,0.29678821563720703,-2.7164831161499023,0.2850192624699748,-3.01128005732005,10.0,1.0
4.909,0.29449939727783203,0.29449939727783203,-2.5494508743286133,0.28200657590013,-3.014078215372706,10.0,1.0
4.91,0.29144763946533203,0.29144763946533203,-2.8219776153564453,0.27899110603923,-3.0168466256914996,10.0,1.0
4.9110000000000005,0.28877735137939453,0.28877735137939453,-2.9274721145629883,0.275972882648745,-3.019585260952141,10.0,1.0
4.912,0.28610706329345703,0.28610706329345703,-2.540658950805664,0.2729519355173264,-3.022294094124817,10.0,1.0
4.913,0.28343677520751953,0.28343677520751953,-2.857142448425293,0.26992829446049593,-3.0249730984749874,10.0,1.0
4.914,0.2803840637207031,0.2803840637207031,-2.865934371948242,0.26690198932037706,-3.027622247561851,10.0,1.0
4.915,0.2780952453613281,0.2780952453613281,-2.435164451599121,0.26387304996537286,-3.03024151523897,10.0,1.0
4.916,0.2754249572753906,0.2754249572753906,-2.7076921463012695,0.2608415062898971,-3.032830875656657,10.0,1.0
4.917,0.2723731994628906,0.2723731994628906,-2.971428871154785,0.25780738821406024,-3.035390303257529,10.0,1.0
4.918,0.2697029113769531,0.2697029113769531,-2.5758237838745117,0.2547707256833827,-3.037919772781038,10.0,1.0
4.9190000000000005,0.2670326232910156,0.2670326232910156,-2.795604705810547,0.2517315486684961,-3.0404192592638424,10.0,1.0
4.92,0.2639808654785156,0.2639808654785156,-2.9362640380859375,0.2486898871648557,-3.042888738035515,10.0,1.0
4.921,0.2616920471191406,0.2616920471191406,-2.435164451599121,0.24564577119242573,-3.045328184723843,10.0,1.0
4.922,0.2590217590332031,0.2590217590332031,-2.7076921463012695,0.24259923079540874,-3.0477375752523983,10.0,1.0
4.923,0.2559700012207031,0.2559700012207031,-3.076923370361328,0.2395502960419216,-3.0501168858410352,10.0,1.0
4.924,0.2532997131347656,0.2532997131347656,-2.6285715103149414,0.23649899702372465,-3.052466093007496,10.0,1.0
4.925,0.2502479553222656,0.2502479553222656,-2.778021812438965,0.2334453638559073,-3.054785173567197,10.0,1.0
4.926,0.24757766723632812,0.24757766723632812,-2.8923072814941406,0.23038942667659093,-3.0570741046300043,10.0,1.0
4.9270000000000005,0.24490737915039062,0.24490737915039062,-2.5230770111083984,0.22733121564664524,-3.059332863604851,10.0,1.0
4.928,0.24223709106445312,0.24223709106445312,-2.7076921463012695,0.22427076094938192,-3.061561428199795,10.0,1.0
4.929,0.23918533325195312,0.23918533325195312,-2.9978017807006836,0.2212080927902463,-3.0637597764194737,10.0,1.0
4.93,0.23651504516601562,0.23651504516601562,-2.6813182830810547,0.21814324139654367,-3.0659278865661435,10.0,1.0
4.931,0.23384475708007812,0.23384475708007812,-2.795604705810547,0.21507623701711467,-3.0680657372436144,10.0,1.0
4.932,0.23079299926757812,0.23079299926757812,-2.962636947631836,0.2120071099220544,-3.0701733073509843,10.0,1.0
4.933,0.22850418090820312,0.22850418090820312,-2.5934066772460938,0.2089358904024134,-3.0722505760868017,10.0,1.0
4.934,0.22545242309570312,0.22545242309570312,-2.8043956756591797,0.20586260876988147,-3.0742975229501326,10.0,1.0
4.9350000000000005,0.22240066528320312,0.22240066528320312,-2.980219841003418,0.20278729535651108,-3.076314127737305,10.0,1.0
4.936,0.21973037719726562,0.21973037719726562,-2.795604705810547,0.19970998051440755,-3.0783003705463585,10.0,1.0
4.937,0.21667766571044922,0.21667766571044922,-2.9274721145629883,0.19663069461541902,-3.0802562317735322,10.0,1.0
4.938,0.21400737762451172,0.21400737762451172,-2.8307695388793945,0.19354946805086118,-3.0821816921143323,10.0,1.0
4.939,0.21133708953857422,0.21133708953857422,-2.663736343383789,0.190466331231191,-3.0840767325674676,10.0,1.0
4.94,0.20866680145263672,0.20866680145263672,-2.857142448425293,0.18738131458572418,-3.0859413344284548,10.0,1.0
4.941,0.20561504364013672,0.20561504364013672,-2.8923072814941406,0.1842944485623348,-3.087775479293782,10.0,1.0
4.942,0.20256328582763672,0.20256328582763672,-2.90109920501709,0.18120576362713728,-3.089579149062118,10.0,1.0
4.9430000000000005,0.19951152801513672,0.19951152801513672,-2.90109920501709,0.1781152902642085,-3.0913523259308135,10.0,1.0
4.944,0.19722270965576172,0.19722270965576172,-2.7164831161499023,0.17502305897527637,-3.093094992399557,10.0,1.0
4.945,0.19417095184326172,0.19417095184326172,-2.8131866455078125,0.17192910027941005,-3.094807131271253,10.0,1.0
4.946,0.19150066375732422,0.19150066375732422,-2.883516311645508,0.16883344471273456,-3.0964887256450595,10.0,1.0
4.947,0.18844890594482422,0.18844890594482422,-2.8307695388793945,0.1657361228281206,-3.0981397589247734,10.0,1.0
4.948,0.18539714813232422,0.18539714813232422,-2.989010810852051,0.16263716519488294,-3.099760214816868,10.0,1.0
4.949,0.18272686004638672,0.18272686004638672,-2.857142448425293,0.15953660239848758,-3.101350077326501,10.0,1.0
4.95,0.18005657196044922,0.18005657196044922,-2.690110206604004,0.1564344650402306,-3.102909330763353,10.0,1.0
4.9510000000000005,0.17700481414794922,0.17700481414794922,-2.8219776153564453,0.1533307837369588,-3.1044379597370693,10.0,1.0
4.952,0.17395305633544922,0.17395305633544922,-2.9098901748657227,0.15022558912075717,-3.1059359491608944,10.0,1.0
4.953,0.17128276824951172,0.17128276824951172,-2.874725341796875,0.14711891183863768,-3.107403284251731,10.0,1.0
4.954,0.16823101043701172,0.16823101043701172,-2.989010810852051,0.1440107825522544,-3.1088399505274964,10.0,1.0
4.955,0.16556072235107422,0.16556072235107422,-2.9098901748657227,0.14090123193758336,-3.110245933807576,10.0,1.0
4.956,0.16289043426513672,0.16289043426513672,-2.7164831161499023,0.1377902906846372,-3.1116212202151843,10.0,1.0
4.957,0.15983867645263672,0.15983867645263672,-2.8923072814941406,0.13467798949715368,-3.1129657961779316,10.0,1.0
4.958,0.15678691864013672,0.15678691864013672,-2.9362640380859375,0.131564359092282,-3.114279648424528,10.0,1.0
4.9590000000000005,0.1541156768798828,0.1541156768798828,-2.9098901748657227,0.12844943020030256,-3.1155627639892742,10.0,1.0
4.96,0.1510639190673828,0.1510639190673828,-2.989010810852051,0.12533323356430415,-3.1168151302068523,10.0,1.0
4.961,0.1480121612548828,0.1480121612548828,-2.9186811447143555,0.12221579993988953,-3.118036734716526,10.0,1.0
4.962,0.1453418731689453,0.1453418731689453,-2.8131866455078125,0.11909716009487178,-3.119227565464179,10.0,1.0
4.963,0.1422901153564453,0.1422901153564453,-2.90109920501709,0.11597734480896185,-3.12038761069455,10.0,1.0
4.964,0.1396198272705078,0.1396198272705078,-2.90109920501709,0.1128563848734806,-3.121516858958202,10.0,1.0
4.965,0.1365680694580078,0.1365680694580078,-3.068131446838379,0.10973431109104614,-3.1226152991110254,10.0,1.0
4.966,0.1335163116455078,0.1335163116455078,-2.9978017807006836,0.10661115427525922,-3.123682920311019,10.0,1.0
4.9670000000000005,0.1308460235595703,0.1308460235595703,-2.690110206604004,0.10348694525042201,-3.1247197120217862,10.0,1.0
4.968,0.1277942657470703,0.1277942657470703,-3.006593704223633,0.10036171485121634,-3.125725664011739,10.0,1.0
4.969,0.12474250793457031,0.12474250793457031,-2.90109920501709,0.09723549392239922,-3.1267007663504387,10.0,1.0
4.97,0.12207221984863281,0.12207221984863281,-2.8043956756591797,0.09410831331851616,-3.127645009414856,10.0,1.0
4.971,0.11863899230957031,0.11863899230957031,-3.1999998092651367,0.09098020390357019,-3.1285583838860944,10.0,1.0
4.972,0.11596870422363281,0.11596870422363281,-2.8219776153564453,0.08785119655074188,-3.1294408807483833,10.0,1.0
4.973,0.11329841613769531,0.11329841613769531,-2.690110206604004,0.0847213221420741,-3.1302924912920744,10.0,1.0
4.974,0.11024665832519531,0.11024665832519531,-3.1296701431274414,0.0815906115681584,-3.1311132071138985,10.0,1.0
4.9750000000000005,0.10719490051269531,0.10719490051269531,-2.84835147857666,0.07845909572784422,-3.13190302011256,10.0,1.0
4.976,0.10452461242675781,0.10452461242675781,-2.857142448425293,0.07532680552793397,-3.1326619224923107,10.0,1.0
4.977,0.10109138488769531,0.10109138488769531,-3.173625946044922,0.07219377188286027,-3.133389906763611,10.0,1.0
4.978,0.09842109680175781,0.09842109680175781,-2.742856979370117,0.06906002571440743,-3.134086965741517,10.0,1.0
4.979,0.09575080871582031,0.09575080871582031,-2.75164794921875,0.06592559795137791,-3.1347530925467417,10.0,1.0
4.98,0.0926980972290039,0.0926980972290039,-3.0329666137695312,0.06279051952931186,-3.135388280603731,10.0,1.0
4.981,0.0900278091430664,0.0900278091430664,-2.769230842590332,0.05965482139017115,-3.135992523643683,10.0,1.0
4.982,0.0869760513305664,0.0869760513305664,-2.9274721145629883,0.05651853448202517,-3.1365658157047562,10.0,1.0
4.9830000000000005,0.0839242935180664,0.0839242935180664,-3.138461112976074,0.05338168975875954,-3.137108151127638,10.0,1.0
4.984,0.0812540054321289,0.0812540054321289,-2.646153450012207,0.05024431817977059,-3.137619524559053,10.0,1.0
4.985,0.0785837173461914,0.0785837173461914,-2.84835147857666,0.04710645070964212,-3.138099930952478,10.0,1.0
4.986,0.0751504898071289,0.0751504898071289,-3.0505495071411133,0.04396811831786633,-3.1385493655664796,10.0,1.0
4.987,0.0724802017211914,0.0724802017211914,-2.690110206604004,0.04082935197850984,-3.138967823964826,10.0,1.0
4.988,0.0694284439086914,0.0694284439086914,-3.138461112976074,0.03769018266993458,-3.139355302019016,10.0,1.0
4.989,0.0663766860961914,0.0663766860961914,-3.0153846740722656,0.03455064137447251,-3.1397117959032705,10.0,1.0
4.99,0.0640878677368164,0.0640878677368164,-2.5758237838745117,0.03141075907812873,-3.1400373020991523,10.0,1.0
4.9910000000000005,0.060654640197753906,0.060654640197753906,-3.0505495071411133,0.028270566770272107,-3.1403318173955608,10.0,1.0
4.992,0.057984352111816406,0.057984352111816406,-2.962636947631836,0.0251300954433383,-3.140595338884223,10.0,1.0
4.993,0.055314064025878906,0.055314064025878906,-2.778021812438965,0.021989376092504353,-3.1408278639648017,10.0,1.0
4.994,0.051880836486816406,0.051880836486816406,-3.173625946044922,0.018848439715409393,-3.141029390342365,10.0,1.0
4.995,0.048829078674316406,0.048829078674316406,-2.9186811447143555,0.01570731731182031,-3.1411999160274284,10.0,1.0
4.996,0.046540260314941406,0.046540260314941406,-2.672527313232422,0.012566039883352437,-3.1413394393375986,10.0,1.0
4.997,0.043488502502441406,0.043488502502441406,-3.0241756439208984,0.009424638433145808,-3.1414479588969773,10.0,1.0
4.998,0.040436744689941406,0.040436744689941406,-2.953845977783203,0.006283143965559172,-3.141525473632372,10.0,1.0
4.999,0.037766456604003906,0.037766456604003906,-2.84835147857666,0.0031415874858817566,-3.141556479679157,10.0,1.0
