time_s,qpos,qpos_unshifted,qvel,qact,target_qvel,qtorque_cmd,kp,kd
0.0,0.0,0.0,0.0,0.0,0.15,0.12,20.0,0.8
0.001,0.0,0.0,0.0,0.00015,0.15,0.123,20.0,0.8
0.002,0.0,0.0,0.008790969848632812,0.0003,0.15000000000000002,0.11896722412109378,20.0,0.8
0.003,0.0,0.0,0.0,0.00045,0.15,0.129,20.0,0.8
0.004,0.0,0.0,-0.008790969848632812,0.0006,0.15000000000000005,0.1390327758789063,20.0,0.8
0.005,0.0,0.0,-0.017581939697265625,0.00075,0.15000000000000002,0.1490655517578125,20.0,0.8
0.006,0.0,0.0,0.008790969848632812,0.0009,0.14999999999999997,0.1309672241210937,20.0,0.8
0.007,0.0,0.0,-0.008790969848632812,0.00105,0.14999999999999997,0.14803277587890623,20.0,0.8
0.008,0.0,0.0,0.0,0.0012,0.1499999999999999,0.14399999999999993,20.0,0.8
0.009000000000000001,0.0,0.0,-0.017581939697265625,0.00135,0.15000000000000013,0.16106555175781262,20.0,0.8
0.01,0.0,0.0,0.017581939697265625,0.0015,0.15000000000000002,0.13593444824218753,20.0,0.8
0.011,0.0,0.0,-0.008790969848632812,0.0016499999999999998,0.1499999999999999,0.16003277587890619,20.0,0.8
0.012,0.0,0.0,0.0,0.0018,0.15000000000000002,0.15600000000000003,20.0,0.8
0.013000000000000001,0.0,0.0,0.008790969848632812,0.0019500000000000001,0.15000000000000013,0.15196722412109387,20.0,0.8
0.014,0.0,0.0,-0.008790969848632812,0.0021,0.1499999999999999,0.1690327758789062,20.0,0.8
0.015,0.0,0.0,0.0,0.00225,0.1499999999999999,0.16499999999999992,20.0,0.8
0.016,0.0,0.0,0.0,0.0024,0.15000000000000013,0.1680000000000001,20.0,0.8
0.017,0.0,0.0,0.008790969848632812,0.00255,0.15000000000000013,0.16396722412109388,20.0,0.8
0.018000000000000002,0.0,0.0,-0.008790969848632812,0.0027,0.1499999999999999,0.1810327758789062,20.0,0.8
0.019,0.0,0.0,0.0,0.0028499999999999997,0.15000000000000036,0.17700000000000027,20.0,0.8
0.02,0.0,0.0,0.026372909545898438,0.003,0.15000000000000013,0.15890167236328134,20.0,0.8
0.021,0.0,0.0,-0.017581939697265625,0.00315,0.1499999999999997,0.19706555175781226,20.0,0.8
0.022,0.0,0.0,0.0,0.0032999999999999995,0.15000000000000036,0.18600000000000028,20.0,0.8
0.023,0.0,0.0,0.0,0.00345,0.1499999999999999,0.18899999999999995,20.0,0.8
0.024,0.0,0.0,0.0,0.0036,0.1499999999999997,0.19199999999999975,20.0,0.8
0.025,0.0,0.0,0.0,0.00375,0.15000000000000013,0.19500000000000012,20.0,0.8
0.026000000000000002,0.0,0.0,-0.008790969848632812,0.0039000000000000003,0.1499999999999999,0.20503277587890617,20.0,0.8
0.027,0.0,0.0,-0.008790969848632812,0.00405,0.15000000000000013,0.20803277587890634,20.0,0.8
0.028,0.0,0.0,0.0,0.0042,0.1499999999999999,0.20399999999999993,20.0,0.8
0.029,0.0,0.0,0.0,0.00435,0.1499999999999999,0.20699999999999993,20.0,0.8
0.03,0.0,0.0,-0.008790969848632812,0.0045,0.15000000000000036,0.21703277587890654,20.0,0.8
0.031,0.0,0.0,0.0,0.00465,0.1499999999999999,0.21299999999999994,20.0,0.8
0.032,0.0,0.0,0.017581939697265625,0.0048,0.15000000000000036,0.20193444824218776,20.0,0.8
0.033,0.0,0.0,0.008790969848632812,0.00495,0.15000000000000036,0.21196722412109403,20.0,0.8
0.034,0.0,0.0,0.017581939697265625,0.0051,0.14999999999999947,0.2079344482421871,20.0,0.8
0.035,0.0,0.0,0.008790969848632812,0.00525,0.1499999999999999,0.2179672241210937,20.0,0.8
0.036000000000000004,0.0,0.0,0.0,0.0054,0.15000000000000036,0.2280000000000003,20.0,0.8
0.037,0.0,0.0,0.0,0.005549999999999999,0.14999999999999947,0.23099999999999957,20.0,0.8
0.038,0.0,0.0,0.0,0.005699999999999999,0.15000000000000036,0.23400000000000026,20.0,0.8
0.039,0.0,0.0,0.008790969848632812,0.00585,0.15000000000000036,0.22996722412109405,20.0,0.8
0.04,0.0,0.0,-0.008790969848632812,0.006,0.1499999999999999,0.24703277587890618,20.0,0.8
0.041,0.0,0.0,-0.008790969848632812,0.00615,0.1499999999999999,0.25003277587890615,20.0,0.8
0.042,0.0,0.0,0.0,0.0063,0.14999999999999947,0.24599999999999958,20.0,0.8
0.043000000000000003,0.0,0.0,0.0,0.00645,0.1499999999999999,0.24899999999999994,20.0,0.8
0.044,0.0,0.0,0.0,0.006599999999999999,0.1499999999999999,0.2519999999999999,20.0,0.8
0.045,0.0,0.0,0.008790969848632812,0.00675,0.15000000000000036,0.24796722412109407,20.0,0.8
0.046,0.0,0.0,0.0,0.0069,0.1499999999999999,0.25799999999999995,20.0,0.8
0.047,0.0,0.0,-0.008790969848632812,0.00705,0.14999999999999947,0.26803277587890584,20.0,0.8
0.048,0.0,0.0,0.017581939697265625,0.0072,0.1499999999999999,0.2499344482421874,20.0,0.8
0.049,0.0,0.0,0.0,0.00735,0.1499999999999999,0.2669999999999999,20.0,0.8
0.05,0.0,0.0,0.008790969848632812,0.0075,0.1499999999999999,0.2629672241210937,20.0,0.8
0.051000000000000004,0.0,0.0,-0.008790969848632812,0.0076500000000000005,0.15000000000000036,0.28003277587890657,20.0,0.8
0.052000000000000005,0.0,0.0,0.0,0.0078000000000000005,0.1499999999999999,0.2759999999999999,20.0,0.8
0.053,0.0,0.0,0.0,0.007949999999999999,0.14999999999999902,0.2789999999999992,20.0,0.8
0.054,0.0,0.0,0.0,0.0081,0.15000000000000036,0.28200000000000025,20.0,0.8
0.055,0.0,0.0,0.0,0.00825,0.15000000000000036,0.2850000000000003,20.0,0.8
0.056,0.0,0.0,0.0,0.0084,0.15000000000000036,0.28800000000000026,20.0,0.8
0.057,0.0,0.0,0.008790969848632812,0.00855,0.14999999999999947,0.2839672241210933,20.0,0.8
0.058,0.0,0.0,-0.008790969848632812,0.0087,0.14999999999999947,0.3010327758789058,20.0,0.8
0.059000000000000004,0.0,0.0,0.0,0.00885,0.15000000000000124,0.297000000000001,20.0,0.8
0.06,0.0,0.0,0.0,0.009,0.15000000000000036,0.30000000000000027,20.0,0.8
0.061,0.0,0.0,0.0,0.00915,0.15000000000000036,0.30300000000000027,20.0,0.8
0.062,0.0,0.0,0.0,0.0093,0.14999999999999947,0.3059999999999996,20.0,0.8
0.063,0.0,0.0,0.0,0.00945,0.14999999999999947,0.3089999999999996,20.0,0.8
0.064,0.0,0.0,0.0,0.0096,0.14999999999999947,0.31199999999999956,20.0,0.8
0.065,0.0,0.0,0.0,0.00975,0.15000000000000124,0.315000000000001,20.0,0.8
0.066,0.0,0.0,0.0,0.0099,0.15000000000000036,0.3180000000000003,20.0,0.8
0.067,0.0,0.0,0.0,0.01005,0.14999999999999947,0.3209999999999996,20.0,0.8
0.068,0.0,0.0,0.0,0.0102,0.14999999999999947,0.3239999999999996,20.0,0.8
0.069,0.0,0.0,0.0,0.01035,0.14999999999999947,0.32699999999999957,20.0,0.8
0.07,0.0,0.0,-0.017581939697265625,0.0105,0.15000000000000036,0.34406555175781284,20.0,0.8
0.07100000000000001,0.0,0.0,0.008790969848632812,0.010650000000000001,0.15000000000000036,0.3259672241210941,20.0,0.8
0.07200000000000001,0.0,0.0,-0.008790969848632812,0.0108,0.15000000000000036,0.34303277587890657,20.0,0.8
0.073,0.0,0.0,0.008790969848632812,0.01095,0.14999999999999858,0.3319672241210926,20.0,0.8
0.074,0.0,0.0,0.0,0.011099999999999999,0.14999999999999947,0.3419999999999995,20.0,0.8
0.075,0.0,0.0,0.0,0.01125,0.14999999999999947,0.34499999999999953,20.0,0.8
0.076,0.0,0.0,0.0,0.011399999999999999,0.15000000000000036,0.34800000000000025,20.0,0.8
0.077,0.0,0.0,0.0,0.01155,0.15000000000000124,0.351000000000001,20.0,0.8
0.078,0.0,0.0,0.008790969848632812,0.0117,0.14999999999999947,0.3469672241210934,20.0,0.8
0.079,0.0,0.0,-0.008790969848632812,0.01185,0.14999999999999947,0.3640327758789058,20.0,0.8
0.08,0.0,0.0,-0.008790969848632812,0.012,0.14999999999999947,0.3670327758789058,20.0,0.8
0.081,0.0,0.0,0.0,0.01215,0.15000000000000036,0.36300000000000027,20.0,0.8
0.082,0.0,0.0,-0.008790969848632812,0.0123,0.15000000000000124,0.37303277587890726,20.0,0.8
0.083,0.0,0.0,0.008790969848632812,0.012450000000000001,0.14999999999999947,0.3619672241210934,20.0,0.8
0.084,0.0,0.0,-0.008790969848632812,0.0126,0.14999999999999947,0.3790327758789058,20.0,0.8
0.085,0.0,0.0,0.008790969848632812,0.012750000000000001,0.14999999999999947,0.36796722412109334,20.0,0.8
0.08600000000000001,0.0,0.0,0.0,0.0129,0.15000000000000036,0.3780000000000003,20.0,0.8
0.08700000000000001,0.0,0.0,0.0,0.01305,0.15000000000000036,0.3810000000000003,20.0,0.8
0.088,0.0,0.0,0.0,0.013199999999999998,0.14999999999999947,0.38399999999999956,20.0,0.8
0.089,0.0,0.0,-0.008790969848632812,0.013349999999999999,0.15000000000000036,0.3940327758789065,20.0,0.8
0.09,0.0,0.0,0.0,0.0135,0.14999999999999947,0.38999999999999957,20.0,0.8
0.091,0.0,0.0,0.008790969848632812,0.013649999999999999,0.15000000000000036,0.385967224121094,20.0,0.8
0.092,0.0,0.0,0.0,0.0138,0.15000000000000036,0.3960000000000003,20.0,0.8
0.093,0.0,0.0,0.008790969848632812,0.013949999999999999,0.14999999999999947,0.3919672241210933,20.0,0.8
0.094,0.0,0.0,0.008790969848632812,0.0141,0.14999999999999947,0.3949672241210933,20.0,0.8
0.095,0.0,0.0,-0.008790969848632812,0.014249999999999999,0.14999999999999947,0.4120327758789058,20.0,0.8
0.096,0.0,0.0,0.008790969848632812,0.0144,0.15000000000000036,0.40096722412109403,20.0,0.8
0.097,0.0,0.0,0.0,0.01455,0.15000000000000036,0.4110000000000003,20.0,0.8
0.098,0.0,0.0,0.0,0.0147,0.15000000000000036,0.41400000000000026,20.0,0.8
0.099,0.0,0.0,-0.008790969848632812,0.01485,0.14999999999999947,0.4240327758789058,20.0,0.8
0.1,0.0,0.0,0.008790969848632812,0.015,0.14999999999999947,0.4129672241210933,20.0,0.8
0.101,0.0,0.0,0.008790969848632812,0.01515,0.15000000000000036,0.41596722412109405,20.0,0.8
0.10200000000000001,0.0,0.0,0.0,0.015300000000000001,0.15000000000000036,0.4260000000000003,20.0,0.8
0.10300000000000001,0.0,0.0,-0.008790969848632812,0.01545,0.15000000000000036,0.43603277587890654,20.0,0.8
0.10400000000000001,0.0,0.0,0.0,0.015600000000000001,0.15000000000000124,0.432000000000001,20.0,0.8
0.105,0.0,0.0,0.0,0.01575,0.14999999999999858,0.4349999999999989,20.0,0.8
0.106,0.0,0.0,0.008790969848632812,0.015899999999999997,0.14999999999999947,0.4309672241210933,20.0,0.8
0.107,0.0,0.0,-0.008790969848632812,0.01605,0.15000000000000036,0.4480327758789065,20.0,0.8
0.108,0.0,0.0,0.008790969848632812,0.0162,0.15000000000000036,0.436967224121094,20.0,0.8
0.109,0.0,0.0,0.008790969848632812,0.01635,0.15000000000000036,0.43996722412109407,20.0,0.8
0.11,0.0,0.0,0.0,0.0165,0.14999999999999858,0.4499999999999989,20.0,0.8
0.111,0.0,0.0,0.0,0.016649999999999998,0.15000000000000036,0.45300000000000024,20.0,0.8
0.112,0.0,0.0,0.0,0.0168,0.15000000000000036,0.45600000000000024,20.0,0.8
0.113,0.0,0.0,0.0,0.01695,0.15000000000000036,0.45900000000000024,20.0,0.8
0.114,0.0,0.0,-0.008790969848632812,0.0171,0.15000000000000036,0.46903277587890657,20.0,0.8
0.115,0.0,0.0,0.0,0.01725,0.14999999999999858,0.4649999999999989,20.0,0.8
0.116,0.0,0.0,0.0,0.0174,0.15000000000000036,0.46800000000000025,20.0,0.8
0.117,0.0,0.0,-0.008790969848632812,0.01755,0.15000000000000036,0.4780327758789065,20.0,0.8
0.11800000000000001,0.0,0.0,0.0,0.0177,0.15000000000000036,0.47400000000000025,20.0,0.8
0.11900000000000001,0.0,0.0,0.008790969848632812,0.01785,0.15000000000000213,0.4699672241210955,20.0,0.8
0.12,0.0,0.0,0.0,0.018,0.15000000000000036,0.48000000000000026,20.0,0.8
0.121,0.0,0.0,-0.008790969848632812,0.01815,0.15000000000000213,0.4900327758789079,20.0,0.8
0.122,0.0,0.0,0.0,0.0183,0.14999999999999858,0.4859999999999989,20.0,0.8
0.123,0.0,0.0,0.017581939697265625,0.018449999999999998,0.14999999999999858,0.47493444824218634,20.0,0.8
0.124,0.0,0.0,0.008790969848632812,0.0186,0.15000000000000036,0.48496722412109405,20.0,0.8
0.125,0.0,0.0,0.008790969848632812,0.01875,0.15000000000000036,0.48796722412109406,20.0,0.8
0.126,0.0,0.0,-0.008790969848632812,0.0189,0.15000000000000213,0.5050327758789079,20.0,0.8
0.127,0.0,0.0,0.008790969848632812,0.01905,0.14999999999999858,0.4939672241210926,20.0,0.8
0.128,0.0,0.0,0.0,0.0192,0.14999999999999858,0.5039999999999988,20.0,0.8
0.129,0.0,0.0,0.0,0.01935,0.15000000000000036,0.5070000000000003,20.0,0.8
0.13,0.0,0.0,0.0,0.0195,0.15000000000000036,0.5100000000000003,20.0,0.8
0.131,0.0,0.0,0.0,0.01965,0.15000000000000213,0.5130000000000017,20.0,0.8
0.132,0.0,0.0,0.0,0.0198,0.14999999999999858,0.5159999999999989,20.0,0.8
0.133,0.0,0.0,0.017581939697265625,0.01995,0.14999999999999858,0.5049344482421864,20.0,0.8
0.134,0.0,0.0,-0.008790969848632812,0.0201,0.15000000000000036,0.5290327758789066,20.0,0.8
0.135,0.0,0.0,0.008790969848632812,0.02025,0.15000000000000036,0.5179672241210941,20.0,0.8
0.136,0.0,0.0,0.017581939697265625,0.0204,0.15000000000000213,0.5139344482421893,20.0,0.8
0.137,0.0,0.0,0.008790969848632812,0.020550000000000002,0.14999999999999858,0.5239672241210926,20.0,0.8
0.138,0.0,0.0,0.0,0.0207,0.14999999999999858,0.5339999999999988,20.0,0.8
0.139,0.0,0.0,0.008790969848632812,0.02085,0.15000000000000036,0.5299672241210941,20.0,0.8
0.14,0.0,0.0,0.0,0.021,0.15000000000000036,0.5400000000000004,20.0,0.8
0.14100000000000001,0.0,0.0,0.0,0.021150000000000002,0.15000000000000036,0.5430000000000004,20.0,0.8
0.14200000000000002,0.0,0.0,0.0,0.021300000000000003,0.14999999999999858,0.5459999999999989,20.0,0.8
0.14300000000000002,0.0,0.0,-0.017581939697265625,0.02145,0.15000000000000036,0.5630655517578128,20.0,0.8
0.14400000000000002,0.0,0.0,0.008790969848632812,0.0216,0.15000000000000036,0.5449672241210941,20.0,0.8
0.145,0.0,0.0,0.0,0.02175,0.15000000000000213,0.5550000000000017,20.0,0.8
0.146,0.0,0.0,0.008790969848632812,0.0219,0.15000000000000036,0.550967224121094,20.0,0.8
0.147,0.0,0.0,-0.008790969848632812,0.022049999999999997,0.14999999999999858,0.5680327758789051,20.0,0.8
0.148,0.0,0.0,0.008790969848632812,0.022199999999999998,0.15000000000000036,0.556967224121094,20.0,0.8
0.149,0.0,0.0,0.008790969848632812,0.02235,0.15000000000000036,0.559967224121094,20.0,0.8
0.15,0.0,0.0,0.0,0.0225,0.15000000000000036,0.5700000000000003,20.0,0.8
0.151,0.0,0.0,0.0,0.02265,0.14999999999999858,0.5729999999999988,20.0,0.8
0.152,0.0,0.0,0.008790969848632812,0.022799999999999997,0.14999999999999858,0.5689672241210926,20.0,0.8
0.153,0.0,0.0,0.008790969848632812,0.022949999999999998,0.15000000000000213,0.5719672241210955,20.0,0.8
0.154,0.0,0.0,0.0,0.0231,0.15000000000000036,0.5820000000000003,20.0,0.8
0.155,0.0,0.0,0.0,0.02325,0.15000000000000036,0.5850000000000003,20.0,0.8
0.156,0.0,0.0,-0.008790969848632812,0.0234,0.14999999999999858,0.5950327758789051,20.0,0.8
0.157,0.0,0.0,0.0,0.023549999999999998,0.14999999999999858,0.5909999999999989,20.0,0.8
0.158,0.0,0.0,-0.008790969848632812,0.0237,0.15000000000000213,0.6010327758789079,20.0,0.8
0.159,0.0,0.0,-0.008790969848632812,0.02385,0.15000000000000036,0.6040327758789066,20.0,0.8
0.16,0.0,0.0,0.0,0.024,0.15000000000000036,0.6000000000000003,20.0,0.8
0.161,0.0,0.0,0.0,0.02415,0.14999999999999858,0.6029999999999989,20.0,0.8
0.162,0.0,0.0,0.008790969848632812,0.0243,0.14999999999999858,0.5989672241210926,20.0,0.8
0.163,0.0,0.0,0.0,0.02445,0.15000000000000213,0.6090000000000018,20.0,0.8
0.164,0.0,0.0,0.0,0.0246,0.15000000000000036,0.6120000000000003,20.0,0.8
0.165,0.0,0.0,0.0,0.02475,0.15000000000000036,0.6150000000000003,20.0,0.8
0.166,0.0,0.0,0.017581939697265625,0.024900000000000002,0.14999999999999858,0.6039344482421865,20.0,0.8
0.167,0.0,0.0,-0.008790969848632812,0.02505,0.14999999999999858,0.6280327758789052,20.0,0.8
0.168,0.0,0.0,0.0,0.0252,0.15000000000000213,0.6240000000000017,20.0,0.8
0.169,0.0,0.0,0.008790969848632812,0.02535,0.15000000000000036,0.6199672241210941,20.0,0.8
0.17,0.0,0.0,0.0,0.025500000000000002,0.15000000000000036,0.6300000000000003,20.0,0.8
0.171,0.0,0.0,0.026372909545898438,0.025650000000000003,0.14999999999999858,0.6119016723632802,20.0,0.8
0.17200000000000001,0.0,0.0,-0.017581939697265625,0.0258,0.14999999999999858,0.6500655517578113,20.0,0.8
0.17300000000000001,0.0,0.0,0.008790969848632812,0.02595,0.15000000000000213,0.6319672241210955,20.0,0.8
0.17400000000000002,0.0,0.0,0.0,0.0261,0.15000000000000036,0.6420000000000003,20.0,0.8
0.17500000000000002,0.0,0.0,-0.008790969848632812,0.026250000000000002,0.15000000000000036,0.6520327758789066,20.0,0.8
0.176,0.0,0.0,0.0,0.026399999999999996,0.15000000000000213,0.6480000000000017,20.0,0.8
0.177,0.0,0.0,0.0,0.026549999999999997,0.15000000000000036,0.6510000000000002,20.0,0.8
0.178,0.0,0.0,0.0,0.026699999999999998,0.15000000000000213,0.6540000000000017,20.0,0.8
0.179,0.0,0.0,0.0,0.02685,0.15000000000000036,0.6570000000000003,20.0,0.8
0.18,0.0,0.0,-0.017581939697265625,0.027,0.14999999999999858,0.6740655517578114,20.0,0.8
0.181,0.0,0.0,0.008790969848632812,0.027149999999999997,0.14999999999999858,0.6559672241210925,20.0,0.8
0.182,0.0,0.0,0.008790969848632812,0.027299999999999998,0.15000000000000036,0.658967224121094,20.0,0.8
0.183,0.0,0.0,0.008790969848632812,0.02745,0.15000000000000213,0.6619672241210954,20.0,0.8
0.184,0.0,0.0,-0.008790969848632812,0.0276,0.15000000000000036,0.6790327758789065,20.0,0.8
0.185,0.0,0.0,0.008790969848632812,0.02775,0.14999999999999858,0.6679672241210927,20.0,0.8
0.186,0.0,0.0,0.008790969848632812,0.027899999999999998,0.14999999999999858,0.6709672241210926,20.0,0.8
0.187,0.0,0.0,0.008790969848632812,0.02805,0.15000000000000036,0.673967224121094,20.0,0.8
0.188,0.0,0.0,0.0,0.0282,0.15000000000000036,0.6840000000000003,20.0,0.8
0.189,0.0,0.0,0.008790969848632812,0.02835,0.14999999999999858,0.6799672241210926,20.0,0.8
0.19,0.0,0.0,-0.008790969848632812,0.028499999999999998,0.15000000000000036,0.6970327758789066,20.0,0.8
0.191,0.0,0.0,0.008790969848632812,0.02865,0.15000000000000036,0.685967224121094,20.0,0.8
0.192,0.0,0.0,0.008790969848632812,0.0288,0.15000000000000036,0.688967224121094,20.0,0.8
0.193,0.0,0.0,0.008790969848632812,0.02895,0.15000000000000036,0.691967224121094,20.0,0.8
0.194,0.0,0.0,-0.008790969848632812,0.0291,0.14999999999999858,0.7090327758789052,20.0,0.8
0.195,0.0,0.0,0.0,0.029249999999999998,0.15000000000000036,0.7050000000000003,20.0,0.8
0.196,0.0,0.0,-0.008790969848632812,0.0294,0.15000000000000036,0.7150327758789066,20.0,0.8
0.197,0.0003814697265625,0.0003814697265625,0.0,0.02955,0.15000000000000036,0.7033706054687503,20.0,0.8
0.198,0.0003814697265625,0.0003814697265625,0.0,0.0297,0.15000000000000036,0.7063706054687503,20.0,0.8
0.199,0.0003814697265625,0.0003814697265625,0.008790969848632812,0.02985,0.14999999999999858,0.7023378295898426,20.0,0.8
0.2,0.0003814697265625,0.0003814697265625,-0.008790969848632812,0.03,0.15000000000000036,0.7194033813476566,20.0,0.8
0.201,0.0003814697265625,0.0003814697265625,0.0,0.03015,0.15000000000000036,0.7153706054687503,20.0,0.8
0.202,0.0003814697265625,0.0003814697265625,0.0,0.0303,0.15000000000000036,0.7183706054687503,20.0,0.8
0.203,0.0003814697265625,0.0003814697265625,-0.008790969848632812,0.03045,0.15000000000000036,0.7284033813476565,20.0,0.8
0.20400000000000001,0.0003814697265625,0.0003814697265625,0.0,0.030600000000000002,0.14999999999999858,0.724370605468749,20.0,0.8
0.20500000000000002,0.0003814697265625,0.0003814697265625,0.008790969848632812,0.03075,0.15000000000000036,0.720337829589844,20.0,0.8
0.20600000000000002,0.0003814697265625,0.0003814697265625,-0.008790969848632812,0.0309,0.15000000000000036,0.7374033813476566,20.0,0.8
0.20700000000000002,0.0003814697265625,0.0003814697265625,0.0,0.03105,0.15000000000000036,0.7333706054687503,20.0,0.8
0.20800000000000002,0.0003814697265625,0.0003814697265625,0.008790969848632812,0.031200000000000002,0.14999999999999858,0.7293378295898426,20.0,0.8
0.209,0.0003814697265625,0.0003814697265625,0.0,0.031349999999999996,0.15000000000000213,0.7393706054687517,20.0,0.8
0.21,0.0003814697265625,0.0003814697265625,0.008790969848632812,0.0315,0.15000000000000213,0.7353378295898455,20.0,0.8
0.211,0.0003814697265625,0.0003814697265625,-0.008790969848632812,0.03165,0.1499999999999968,0.7524033813476537,20.0,0.8
0.212,0.0003814697265625,0.0003814697265625,0.017581939697265625,0.031799999999999995,0.15000000000000036,0.7343050537109377,20.0,0.8
0.213,0.0003814697265625,0.0003814697265625,0.008790969848632812,0.03195,0.15000000000000213,0.7443378295898455,20.0,0.8
0.214,0.0003814697265625,0.0003814697265625,0.008790969848632812,0.0321,0.14999999999999858,0.7473378295898425,20.0,0.8
0.215,0.0003814697265625,0.0003814697265625,0.008790969848632812,0.03225,0.14999999999999858,0.7503378295898426,20.0,0.8
0.216,0.0003814697265625,0.0003814697265625,0.0,0.0324,0.14999999999999858,0.7603706054687488,20.0,0.8
0.217,0.0003814697265625,0.0003814697265625,0.0,0.032549999999999996,0.15000000000000213,0.7633706054687517,20.0,0.8
0.218,0.0003814697265625,0.0003814697265625,0.008790969848632812,0.0327,0.15000000000000213,0.7593378295898455,20.0,0.8
0.219,0.0003814697265625,0.0003814697265625,0.0,0.03285,0.14999999999999858,0.7693706054687488,20.0,0.8
0.22,0.0003814697265625,0.0003814697265625,0.0,0.033,0.14999999999999858,0.7723706054687489,20.0,0.8
0.221,0.0003814697265625,0.0003814697265625,0.008790969848632812,0.03315,0.14999999999999858,0.7683378295898426,20.0,0.8
0.222,0.0003814697265625,0.0003814697265625,0.0,0.033299999999999996,0.15000000000000213,0.7783706054687516,20.0,0.8
0.223,0.0003814697265625,0.0003814697265625,0.008790969848632812,0.03345,0.15000000000000213,0.7743378295898455,20.0,0.8
0.224,0.0003814697265625,0.0003814697265625,0.017581939697265625,0.0336,0.14999999999999858,0.7703050537109363,20.0,0.8
0.225,0.0003814697265625,0.0003814697265625,0.0,0.03375,0.14999999999999858,0.7873706054687489,20.0,0.8
0.226,0.0003814697265625,0.0003814697265625,0.0,0.0339,0.14999999999999858,0.7903706054687488,20.0,0.8
0.227,0.0003814697265625,0.0003814697265625,0.0,0.03405,0.15000000000000213,0.7933706054687517,20.0,0.8
0.228,0.0003814697265625,0.0003814697265625,0.0,0.0342,0.15000000000000213,0.7963706054687518,20.0,0.8
0.229,0.0003814697265625,0.0003814697265625,0.017581939697265625,0.03435,0.14999999999999858,0.7853050537109363,20.0,0.8
0.23,0.0003814697265625,0.0003814697265625,0.0,0.0345,0.14999999999999858,0.8023706054687489,20.0,0.8
0.231,0.0003814697265625,0.0003814697265625,0.008790969848632812,0.03465,0.14999999999999858,0.7983378295898427,20.0,0.8
0.232,0.0003814697265625,0.0003814697265625,0.008790969848632812,0.0348,0.15000000000000213,0.8013378295898455,20.0,0.8
0.233,0.0003814697265625,0.0003814697265625,0.008790969848632812,0.03495,0.15000000000000213,0.8043378295898456,20.0,0.8
0.234,0.0003814697265625,0.0003814697265625,0.008790969848632812,0.0351,0.14999999999999858,0.8073378295898426,20.0,0.8
0.23500000000000001,0.0003814697265625,0.0003814697265625,-0.008790969848632812,0.035250000000000004,0.14999999999999858,0.8244033813476552,20.0,0.8
0.23600000000000002,0.0003814697265625,0.0003814697265625,0.017581939697265625,0.0354,0.14999999999999858,0.8063050537109363,20.0,0.8
0.23700000000000002,0.0003814697265625,0.0003814697265625,0.0,0.03555,0.15000000000000213,0.8233706054687517,20.0,0.8
0.23800000000000002,0.0003814697265625,0.0003814697265625,0.017581939697265625,0.0357,0.15000000000000213,0.8123050537109393,20.0,0.8
0.23900000000000002,0.0003814697265625,0.0003814697265625,0.0,0.03585,0.14999999999999858,0.8293706054687489,20.0,0.8
0.24,0.0003814697265625,0.0003814697265625,0.017581939697265625,0.036,0.14999999999999858,0.8183050537109363,20.0,0.8
0.241,0.0003814697265625,0.0003814697265625,0.0,0.036149999999999995,0.15000000000000213,0.8353706054687515,20.0,0.8
0.242,0.0003814697265625,0.0003814697265625,0.017581939697265625,0.0363,0.15000000000000213,0.8243050537109392,20.0,0.8
0.243,0.0003814697265625,0.0003814697265625,0.008790969848632812,0.036449999999999996,0.15000000000000213,0.8343378295898454,20.0,0.8
0.244,0.0003814697265625,0.0003814697265625,0.017581939697265625,0.0366,0.14999999999999858,0.8303050537109363,20.0,0.8
0.245,0.0003814697265625,0.0003814697265625,0.008790969848632812,0.03675,0.14999999999999503,0.8403378295898398,20.0,0.8
0.246,0.0003814697265625,0.0003814697265625,0.008790969848632812,0.036899999999999995,0.15000000000000213,0.8433378295898454,20.0,0.8
0.247,0.0003814697265625,0.0003814697265625,0.017581939697265625,0.03705,0.15000000000000213,0.8393050537109392,20.0,0.8
0.248,0.0003814697265625,0.0003814697265625,0.017581939697265625,0.0372,0.15000000000000213,0.8423050537109392,20.0,0.8
0.249,0.0003814697265625,0.0003814697265625,0.017581939697265625,0.03735,0.14999999999999858,0.8453050537109363,20.0,0.8
0.25,0.0003814697265625,0.0003814697265625,0.017581939697265625,0.0375,0.14999999999999503,0.8483050537109336,20.0,0.8
0.251,0.0003814697265625,0.0003814697265625,0.017581939697265625,0.037649999999999996,0.15000000000000213,0.8513050537109391,20.0,0.8
0.252,0.0003814697265625,0.0003814697265625,0.026372909545898438,0.0378,0.15000000000000213,0.847272277832033,20.0,0.8
0.253,0.0003814697265625,0.0003814697265625,0.008790969848632812,0.03795,0.15000000000000213,0.8643378295898454,20.0,0.8
0.254,0.000762939453125,0.000762939453125,0.017581939697265625,0.0381,0.14999999999999858,0.8526756591796864,20.0,0.8
0.255,0.000762939453125,0.000762939453125,0.026372909545898438,0.03825,0.14999999999999503,0.8486428833007773,20.0,0.8
0.256,0.000762939453125,0.000762939453125,0.017581939697265625,0.0384,0.15000000000000213,0.8586756591796891,20.0,0.8
0.257,0.000762939453125,0.000762939453125,0.03516578674316406,0.03855,0.15000000000000213,0.8476085815429705,20.0,0.8
0.258,0.000762939453125,0.000762939453125,0.03516578674316406,0.0387,0.15000000000000213,0.8506085815429705,20.0,0.8
0.259,0.000762939453125,0.000762939453125,0.03516578674316406,0.03885,0.14999999999999858,0.8536085815429677,20.0,0.8
0.26,0.000762939453125,0.000762939453125,0.03516578674316406,0.039,0.14999999999999503,0.8566085815429648,20.0,0.8
0.261,0.000762939453125,0.000762939453125,0.043956756591796875,0.03915,0.15000000000000213,0.8525758056640641,20.0,0.8
0.262,0.000762939453125,0.000762939453125,0.026372909545898438,0.0393,0.15000000000000213,0.869642883300783,20.0,0.8
0.263,0.000762939453125,0.000762939453125,0.026372909545898438,0.03945,0.15000000000000213,0.8726428833007829,20.0,0.8
0.264,0.000762939453125,0.000762939453125,0.03516578674316406,0.0396,0.14999999999999858,0.8686085815429676,20.0,0.8
0.265,0.000762939453125,0.000762939453125,0.043956756591796875,0.03975,0.14999999999999503,0.8645758056640586,20.0,0.8
0.266,0.0011444091796875,0.0011444091796875,0.03516578674316406,0.0399,0.15000000000000213,0.8669791870117204,20.0,0.8
0.267,0.0011444091796875,0.0011444091796875,0.026372909545898438,0.04005,0.15000000000000213,0.877013488769533,20.0,0.8
0.268,0.0011444091796875,0.0011444091796875,0.03516578674316406,0.0402,0.15000000000000213,0.8729791870117205,20.0,0.8
0.269,0.0011444091796875,0.0011444091796875,0.026372909545898438,0.040350000000000004,0.14999999999999858,0.8830134887695302,20.0,0.8
0.27,0.0011444091796875,0.0011444091796875,0.026372909545898438,0.0405,0.14999999999999503,0.8860134887695273,20.0,0.8
0.271,0.0011444091796875,0.0011444091796875,0.017581939697265625,0.04065,0.15000000000000213,0.8960462646484392,20.0,0.8
0.272,0.0011444091796875,0.0011444091796875,0.017581939697265625,0.0408,0.15000000000000213,0.8990462646484393,20.0,0.8
0.273,0.0011444091796875,0.0011444091796875,0.017581939697265625,0.04095,0.15000000000000213,0.9020462646484392,20.0,0.8
0.274,0.0011444091796875,0.0011444091796875,0.017581939697265625,0.041100000000000005,0.14999999999999858,0.9050462646484364,20.0,0.8
0.275,0.0011444091796875,0.0011444091796875,0.008790969848632812,0.04125,0.14999999999999503,0.9150790405273399,20.0,0.8
0.276,0.0011444091796875,0.0011444091796875,0.008790969848632812,0.0414,0.15000000000000213,0.9180790405273455,20.0,0.8
0.277,0.0011444091796875,0.0011444091796875,0.017581939697265625,0.041550000000000004,0.15000000000000213,0.9140462646484393,20.0,0.8
0.278,0.0011444091796875,0.0011444091796875,0.017581939697265625,0.0417,0.15000000000000213,0.9170462646484393,20.0,0.8
0.279,0.0011444091796875,0.0011444091796875,0.017581939697265625,0.041850000000000005,0.14999999999999858,0.9200462646484364,20.0,0.8
0.28,0.0011444091796875,0.0011444091796875,0.0,0.042,0.14999999999999503,0.9371118164062461,20.0,0.8
0.281,0.0011444091796875,0.0011444091796875,0.008790969848632812,0.04215,0.15000000000000213,0.9330790405273455,20.0,0.8
0.28200000000000003,0.0011444091796875,0.0011444091796875,0.017581939697265625,0.042300000000000004,0.15000000000000213,0.9290462646484393,20.0,0.8
0.28300000000000003,0.0011444091796875,0.0011444091796875,0.017581939697265625,0.04245,0.14999999999999858,0.9320462646484363,20.0,0.8
0.28400000000000003,0.0011444091796875,0.0011444091796875,0.017581939697265625,0.042600000000000006,0.14999999999999858,0.9350462646484364,20.0,0.8
0.28500000000000003,0.00152587890625,0.00152587890625,0.026372909545898438,0.04275,0.14999999999999858,0.9233840942382803,20.0,0.8
0.28600000000000003,0.00152587890625,0.00152587890625,0.017581939697265625,0.0429,0.15000000000000213,0.9334168701171892,20.0,0.8
0.28700000000000003,0.00152587890625,0.00152587890625,0.03516578674316406,0.043050000000000005,0.15000000000000213,0.9223497924804706,20.0,0.8
0.28800000000000003,0.00152587890625,0.00152587890625,0.017581939697265625,0.0432,0.15000000000000213,0.9394168701171893,20.0,0.8
0.289,0.00152587890625,0.00152587890625,0.03516578674316406,0.04334999999999999,0.14999999999999503,0.9283497924804647,20.0,0.8
0.29,0.00152587890625,0.00152587890625,0.026372909545898438,0.0435,0.14999999999999858,0.93838409423828,20.0,0.8
0.291,0.00152587890625,0.00152587890625,0.03516578674316406,0.043649999999999994,0.15000000000000213,0.9343497924804703,20.0,0.8
0.292,0.00152587890625,0.00152587890625,0.026372909545898438,0.0438,0.15000000000000213,0.944384094238283,20.0,0.8
0.293,0.00152587890625,0.00152587890625,0.03516578674316406,0.043949999999999996,0.14999999999999858,0.9403497924804676,20.0,0.8
0.294,0.00152587890625,0.00152587890625,0.03516578674316406,0.04409999999999999,0.14999999999999858,0.9433497924804675,20.0,0.8
0.295,0.00152587890625,0.00152587890625,0.03516578674316406,0.04425,0.14999999999999858,0.9463497924804676,20.0,0.8
0.296,0.00152587890625,0.00152587890625,0.043956756591796875,0.044399999999999995,0.15000000000000213,0.9423170166015641,20.0,0.8
0.297,0.0019073486328125,0.0019073486328125,0.0615386962890625,0.04455,0.15000000000000213,0.9236220703125018,20.0,0.8
0.298,0.0019073486328125,0.0019073486328125,0.0615386962890625,0.0447,0.14999999999999858,0.9266220703124988,20.0,0.8
0.299,0.0019073486328125,0.0019073486328125,0.05274772644042969,0.044849999999999994,0.14999999999999858,0.936654846191405,20.0,0.8
0.3,0.0019073486328125,0.0019073486328125,0.07032966613769531,0.045,0.14999999999999858,0.9255892944335925,20.0,0.8
0.301,0.0019073486328125,0.0019073486328125,0.07912063598632812,0.045149999999999996,0.15000000000000213,0.9215565185546891,20.0,0.8
0.302,0.0019073486328125,0.0019073486328125,0.09670257568359375,0.0453,0.15000000000000213,0.9104909667968767,20.0,0.8
0.303,0.002288818359375,0.002288818359375,0.09670257568359375,0.04545,0.14999999999999503,0.9058615722656209,20.0,0.8
0.304,0.002288818359375,0.002288818359375,0.09670257568359375,0.045599999999999995,0.14999999999999858,0.9088615722656238,20.0,0.8
0.305,0.002288818359375,0.002288818359375,0.10549545288085938,0.04575,0.15000000000000213,0.9048272705078142,20.0,0.8
0.306,0.002288818359375,0.002288818359375,0.10549545288085938,0.045899999999999996,0.15000000000000213,0.9078272705078141,20.0,0.8
0.307,0.0026702880859375,0.0026702880859375,0.1318683624267578,0.04605,0.15000000000000213,0.8820995483398455,20.0,0.8
0.308,0.0026702880859375,0.0026702880859375,0.07032966613769531,0.0462,0.14999999999999503,0.9343305053710897,20.0,0.8
0.309,0.0026702880859375,0.0026702880859375,0.07032966613769531,0.046349999999999995,0.14999999999999858,0.9373305053710925,20.0,0.8
0.31,0.0026702880859375,0.0026702880859375,0.05274772644042969,0.0465,0.15000000000000213,0.9543960571289078,20.0,0.8
0.311,0.0026702880859375,0.0026702880859375,0.0615386962890625,0.04665,0.15000000000000213,0.9503632812500017,20.0,0.8
0.312,0.0026702880859375,0.0026702880859375,0.026372909545898438,0.0468,0.15000000000000213,0.981495910644533,20.0,0.8
0.313,0.0030517578125,0.0030517578125,0.03516578674316406,0.04695,0.14999999999999503,0.9698322143554647,20.0,0.8
0.314,0.0030517578125,0.0030517578125,0.0,0.047099999999999996,0.14999999999999858,1.0009648437499987,20.0,0.8
0.315,0.0030517578125,0.0030517578125,0.017581939697265625,0.04725,0.15000000000000213,0.9898992919921893,20.0,0.8
0.316,0.0030517578125,0.0030517578125,0.0,0.0474,0.15000000000000213,1.0069648437500016,20.0,0.8
0.317,0.0030517578125,0.0030517578125,0.026372909545898438,0.04755,0.15000000000000213,0.988866516113283,20.0,0.8
0.318,0.0030517578125,0.0030517578125,0.008790969848632812,0.0477,0.14999999999999503,1.0059320678710897,20.0,0.8
0.319,0.0030517578125,0.0030517578125,0.008790969848632812,0.04785,0.14999999999999858,1.0089320678710925,20.0,0.8
0.32,0.0030517578125,0.0030517578125,0.008790969848632812,0.048,0.15000000000000213,1.0119320678710955,20.0,0.8
0.321,0.0030517578125,0.0030517578125,0.026372909545898438,0.04815,0.15000000000000213,1.000866516113283,20.0,0.8
0.322,0.0030517578125,0.0030517578125,0.008790969848632812,0.0483,0.15000000000000213,1.0179320678710955,20.0,0.8
0.323,0.0030517578125,0.0030517578125,0.03516578674316406,0.04845,0.14999999999999503,0.9998322143554648,20.0,0.8
0.324,0.0030517578125,0.0030517578125,0.03516578674316406,0.0486,0.14999999999999858,1.0028322143554675,20.0,0.8
0.325,0.0030517578125,0.0030517578125,0.03516578674316406,0.04875,0.15000000000000213,1.0058322143554705,20.0,0.8
0.326,0.0030517578125,0.0030517578125,0.05274772644042969,0.0489,0.15000000000000213,0.9947666625976579,20.0,0.8
0.327,0.0030517578125,0.0030517578125,0.05274772644042969,0.04905,0.15000000000000213,0.997766662597658,20.0,0.8
0.328,0.0030517578125,0.0030517578125,0.0615386962890625,0.0492,0.14999999999999503,0.993733886718746,20.0,0.8
0.329,0.0034332275390625,0.0034332275390625,0.07912063598632812,0.04935,0.14999999999999858,0.9750389404296863,20.0,0.8
0.33,0.0034332275390625,0.0034332275390625,0.09670257568359375,0.0495,0.15000000000000213,0.9639733886718767,20.0,0.8
0.331,0.0034332275390625,0.0034332275390625,0.10549545288085938,0.04965,0.15000000000000213,0.9599390869140642,20.0,0.8
0.332,0.003814697265625,0.003814697265625,0.1318683624267578,0.049800000000000004,0.15000000000000213,0.9342113647460956,20.0,0.8
0.333,0.003814697265625,0.003814697265625,0.15824127197265625,0.04995,0.14999999999999503,0.916113037109371,20.0,0.8
0.334,0.003814697265625,0.003814697265625,0.14065933227539062,0.0501,0.14999999999999858,0.9331785888671864,20.0,0.8
0.335,0.0041961669921875,0.0041961669921875,0.16703224182128906,0.05025,0.15000000000000213,0.9074508666992206,20.0,0.8
0.336,0.0041961669921875,0.0041961669921875,0.14065933227539062,0.0504,0.15000000000000213,0.9315491943359392,20.0,0.8
0.337,0.0041961669921875,0.0041961669921875,0.1318683624267578,0.050550000000000005,0.15000000000000213,0.9415819702148456,20.0,0.8
0.338,0.00457763671875,0.00457763671875,0.123077392578125,0.0507,0.14999999999999503,0.9439853515624961,20.0,0.8
0.339,0.00457763671875,0.00457763671875,0.08791160583496094,0.05085,0.14999999999999858,0.9751179809570302,20.0,0.8
0.34,0.00457763671875,0.00457763671875,0.07912063598632812,0.051000000000000004,0.15000000000000213,0.9851507568359392,20.0,0.8
0.341,0.00457763671875,0.00457763671875,0.07912063598632812,0.05115,0.15000000000000213,0.9881507568359392,20.0,0.8
0.342,0.0049591064453125,0.0049591064453125,0.0615386962890625,0.051300000000000005,0.15000000000000213,0.9975869140625019,20.0,0.8
0.343,0.0049591064453125,0.0049591064453125,0.0615386962890625,0.05145,0.14999999999999503,1.0005869140624961,20.0,0.8
0.34400000000000003,0.0049591064453125,0.0049591064453125,0.0615386962890625,0.0516,0.14999999999999858,1.003586914062499,20.0,0.8
0.34500000000000003,0.0049591064453125,0.0049591064453125,0.043956756591796875,0.051750000000000004,0.15000000000000213,1.0206524658203144,20.0,0.8
0.34600000000000003,0.0049591064453125,0.0049591064453125,0.07032966613769531,0.0519,0.15000000000000213,1.0025541381835954,20.0,0.8
0.34700000000000003,0.0049591064453125,0.0049591064453125,0.03516578674316406,0.052050000000000006,0.15000000000000213,1.0336852416992206,20.0,0.8
0.34800000000000003,0.005340576171875,0.005340576171875,0.07032966613769531,0.0522,0.14999999999999503,1.0009247436523399,20.0,0.8
0.34900000000000003,0.005340576171875,0.005340576171875,0.07912063598632812,0.05235,0.14999999999999858,0.9968919677734364,20.0,0.8
0.35000000000000003,0.005340576171875,0.005340576171875,0.07032966613769531,0.052500000000000005,0.15000000000000213,1.0069247436523454,20.0,0.8
0.35100000000000003,0.005340576171875,0.005340576171875,0.07912063598632812,0.05265,0.15000000000000213,1.0028919677734391,20.0,0.8
0.352,0.005340576171875,0.005340576171875,0.07032966613769531,0.05279999999999999,0.14999999999999858,1.0129247436523425,20.0,0.8
0.353,0.0057220458984375,0.0057220458984375,0.0615386962890625,0.05295,0.14999999999999858,1.0153281249999988,20.0,0.8
0.354,0.0057220458984375,0.0057220458984375,0.07032966613769531,0.053099999999999994,0.14999999999999858,1.0112953491210925,20.0,0.8
0.355,0.0057220458984375,0.0057220458984375,0.07032966613769531,0.05325,0.15000000000000213,1.0142953491210953,20.0,0.8
0.356,0.0057220458984375,0.0057220458984375,0.09670257568359375,0.053399999999999996,0.14999999999999858,0.9961970214843738,20.0,0.8
0.357,0.0057220458984375,0.0057220458984375,0.043956756591796875,0.05354999999999999,0.15000000000000213,1.041393676757814,20.0,0.8
0.358,0.006103515625,0.006103515625,0.07912063598632812,0.0537,0.14999999999999858,1.0086331787109364,20.0,0.8
0.359,0.006103515625,0.006103515625,0.07032966613769531,0.053849999999999995,0.14999999999999858,1.0186659545898427,20.0,0.8
0.36,0.006103515625,0.006103515625,0.05274772644042969,0.054,0.15000000000000213,1.035731506347658,20.0,0.8
0.361,0.006103515625,0.006103515625,0.05274772644042969,0.05415,0.14999999999999858,1.038731506347655,20.0,0.8
0.362,0.006103515625,0.006103515625,0.0615386962890625,0.054299999999999994,0.15000000000000213,1.0346987304687516,20.0,0.8
0.363,0.006103515625,0.006103515625,0.05274772644042969,0.05445,0.14999999999999858,1.044731506347655,20.0,0.8
0.364,0.006103515625,0.006103515625,0.0615386962890625,0.054599999999999996,0.14999999999999858,1.0406987304687487,20.0,0.8
0.365,0.0064849853515625,0.0064849853515625,0.07912063598632812,0.05475,0.15000000000000213,1.0220037841796892,20.0,0.8
0.366,0.0064849853515625,0.0064849853515625,0.07912063598632812,0.0549,0.14999999999999858,1.0250037841796864,20.0,0.8
0.367,0.0064849853515625,0.0064849853515625,0.07032966613769531,0.055049999999999995,0.15000000000000213,1.0350365600585953,20.0,0.8
0.368,0.0064849853515625,0.0064849853515625,0.08791160583496094,0.0552,0.14999999999999858,1.02397100830078,20.0,0.8
0.369,0.006866455078125,0.006866455078125,0.123077392578125,0.055349999999999996,0.14999999999999858,0.9912089843749988,20.0,0.8
0.37,0.006866455078125,0.006866455078125,0.10549545288085938,0.0555,0.15000000000000213,1.0082745361328143,20.0,0.8
0.371,0.006866455078125,0.006866455078125,0.1318683624267578,0.05565,0.14999999999999858,0.9901762084960926,20.0,0.8
0.372,0.0072479248046875,0.0072479248046875,0.11428642272949219,0.055799999999999995,0.15000000000000213,0.9996123657226579,20.0,0.8
0.373,0.0072479248046875,0.0072479248046875,0.10549545288085938,0.05595,0.14999999999999858,1.0096451416015613,20.0,0.8
0.374,0.0072479248046875,0.0072479248046875,0.08791160583496094,0.0561,0.14999999999999503,1.0267122192382772,20.0,0.8
0.375,0.0072479248046875,0.0072479248046875,0.09670257568359375,0.056249999999999994,0.15000000000000213,1.0226794433593767,20.0,0.8
0.376,0.00762939453125,0.00762939453125,0.07912063598632812,0.0564,0.15000000000000213,1.0321156005859393,20.0,0.8
0.377,0.00762939453125,0.00762939453125,0.07912063598632812,0.056549999999999996,0.14999999999999858,1.0351156005859363,20.0,0.8
0.378,0.00762939453125,0.00762939453125,0.07032966613769531,0.0567,0.14999999999999858,1.0451483764648426,20.0,0.8
0.379,0.00762939453125,0.00762939453125,0.08791160583496094,0.05685,0.14999999999999858,1.0340828247070302,20.0,0.8
0.38,0.00762939453125,0.00762939453125,0.07032966613769531,0.056999999999999995,0.15000000000000213,1.0511483764648453,20.0,0.8
0.381,0.00762939453125,0.00762939453125,0.07912063598632812,0.05715,0.15000000000000213,1.0471156005859392,20.0,0.8
0.382,0.0080108642578125,0.0080108642578125,0.09670257568359375,0.0573,0.14999999999999858,1.0284206542968737,20.0,0.8
0.383,0.0080108642578125,0.0080108642578125,0.09670257568359375,0.05745,0.14999999999999858,1.0314206542968738,20.0,0.8
0.384,0.0080108642578125,0.0080108642578125,0.09670257568359375,0.0576,0.14999999999999858,1.0344206542968737,20.0,0.8
0.385,0.0080108642578125,0.0080108642578125,0.09670257568359375,0.057749999999999996,0.15000000000000213,1.0374206542968767,20.0,0.8
0.386,0.008392333984375,0.008392333984375,0.07912063598632812,0.0579,0.15000000000000213,1.0468568115234391,20.0,0.8
0.387,0.008392333984375,0.008392333984375,0.08791160583496094,0.05805,0.14999999999999858,1.04282403564453,20.0,0.8
0.388,0.008392333984375,0.008392333984375,0.07912063598632812,0.0582,0.14999999999999858,1.0528568115234365,20.0,0.8
0.389,0.008392333984375,0.008392333984375,0.09670257568359375,0.05835,0.14999999999999858,1.0417912597656238,20.0,0.8
0.39,0.0087738037109375,0.0087738037109375,0.07032966613769531,0.058499999999999996,0.15000000000000213,1.0582601928710953,20.0,0.8
0.391,0.0087738037109375,0.0087738037109375,0.07032966613769531,0.05865,0.15000000000000213,1.0612601928710954,20.0,0.8
0.392,0.0087738037109375,0.0087738037109375,0.07912063598632812,0.0588,0.14999999999999858,1.0572274169921863,20.0,0.8
0.393,0.0087738037109375,0.0087738037109375,0.0615386962890625,0.05895,0.14999999999999858,1.074292968749999,20.0,0.8
0.394,0.0087738037109375,0.0087738037109375,0.07912063598632812,0.0591,0.14999999999999858,1.0632274169921863,20.0,0.8
0.395,0.0091552734375,0.0091552734375,0.07912063598632812,0.05925,0.15000000000000213,1.0585980224609393,20.0,0.8
0.396,0.0091552734375,0.0091552734375,0.07912063598632812,0.0594,0.15000000000000213,1.0615980224609392,20.0,0.8
0.397,0.0091552734375,0.0091552734375,0.08791160583496094,0.05955,0.14999999999999858,1.0575652465820302,20.0,0.8
0.398,0.0091552734375,0.0091552734375,0.09670257568359375,0.0597,0.14999999999999858,1.0535324707031237,20.0,0.8
0.399,0.0095367431640625,0.0095367431640625,0.10549545288085938,0.05985,0.14999999999999858,1.0418687744140613,20.0,0.8
0.4,0.0095367431640625,0.0095367431640625,0.10549545288085938,0.06,0.15000000000000213,1.0448687744140641,20.0,0.8
0.401,0.0095367431640625,0.0095367431640625,0.10549545288085938,0.06015,0.15000000000000213,1.0478687744140642,20.0,0.8
0.402,0.0095367431640625,0.0095367431640625,0.09670257568359375,0.0603,0.14999999999999858,1.0579030761718737,20.0,0.8
0.403,0.009918212890625,0.009918212890625,0.07912063598632812,0.060450000000000004,0.14999999999999858,1.0673392333984364,20.0,0.8
0.404,0.009918212890625,0.009918212890625,0.09670257568359375,0.0606,0.14999999999999858,1.0562736816406237,20.0,0.8
0.405,0.009918212890625,0.009918212890625,0.08791160583496094,0.06075,0.15000000000000213,1.066306457519533,20.0,0.8
0.406,0.009918212890625,0.009918212890625,0.07912063598632812,0.0609,0.15000000000000213,1.0763392333984392,20.0,0.8
0.40700000000000003,0.0102996826171875,0.0102996826171875,0.10549545288085938,0.06105,0.14999999999999858,1.0506099853515614,20.0,0.8
0.40800000000000003,0.0102996826171875,0.0102996826171875,0.09670257568359375,0.061200000000000004,0.14999999999999858,1.060644287109374,20.0,0.8
0.40900000000000003,0.0102996826171875,0.0102996826171875,0.11428642272949219,0.06135,0.14999999999999858,1.0495772094726552,20.0,0.8
0.41000000000000003,0.0102996826171875,0.0102996826171875,0.1318683624267578,0.0615,0.15000000000000213,1.0385116577148454,20.0,0.8
0.41100000000000003,0.01068115234375,0.01068115234375,0.123077392578125,0.06165,0.15000000000000213,1.0409150390625017,20.0,0.8
0.41200000000000003,0.01068115234375,0.01068115234375,0.123077392578125,0.0618,0.14999999999999858,1.043915039062499,20.0,0.8
0.41300000000000003,0.01068115234375,0.01068115234375,0.14945030212402344,0.061950000000000005,0.14999999999999858,1.0258167114257801,20.0,0.8
0.41400000000000003,0.0110626220703125,0.0110626220703125,0.11428642272949219,0.0621,0.14999999999999858,1.049318420410155,20.0,0.8
0.41500000000000004,0.0110626220703125,0.0110626220703125,0.123077392578125,0.06225,0.15000000000000213,1.0452856445312517,20.0,0.8
0.41600000000000004,0.0110626220703125,0.0110626220703125,0.10549545288085938,0.062400000000000004,0.15000000000000568,1.062351196289067,20.0,0.8
0.417,0.011444091796875,0.011444091796875,0.09670257568359375,0.06255,0.14999999999999147,1.0647561035156181,20.0,0.8
0.418,0.011444091796875,0.011444091796875,0.10549545288085938,0.06269999999999999,0.14999999999999503,1.0607218017578084,20.0,0.8
0.419,0.011444091796875,0.011444091796875,0.08791160583496094,0.06284999999999999,0.15000000000000568,1.0777888793945354,20.0,0.8
0.42,0.011444091796875,0.011444091796875,0.10549545288085938,0.063,0.15000000000000568,1.066721801757817,20.0,0.8
0.421,0.0118255615234375,0.0118255615234375,0.123077392578125,0.06315,0.14999999999999858,1.0480268554687489,20.0,0.8
0.422,0.0118255615234375,0.0118255615234375,0.14065933227539062,0.0633,0.14999999999999503,1.0369613037109335,20.0,0.8
0.423,0.01220703125,0.01220703125,0.15824127197265625,0.06344999999999999,0.14999999999999503,1.0182663574218709,20.0,0.8
0.424,0.01220703125,0.01220703125,0.16703224182128906,0.06359999999999999,0.15000000000000568,1.014233581542973,20.0,0.8
0.425,0.01220703125,0.01220703125,0.16703224182128906,0.06375,0.15000000000000568,1.0172335815429732,20.0,0.8
0.426,0.0125885009765625,0.0125885009765625,0.14945030212402344,0.0639,0.14999999999999503,1.0266697387695274,20.0,0.8
0.427,0.0125885009765625,0.0125885009765625,0.16703224182128906,0.06405,0.14999999999999858,1.0156041870117176,20.0,0.8
0.428,0.012969970703125,0.012969970703125,0.14945030212402344,0.0642,0.14999999999999858,1.0250403442382798,20.0,0.8
0.429,0.012969970703125,0.012969970703125,0.14065933227539062,0.06434999999999999,0.14999999999999858,1.0350731201171863,20.0,0.8
0.43,0.012969970703125,0.012969970703125,0.14065933227539062,0.0645,0.15000000000000568,1.038073120117192,20.0,0.8
0.431,0.0133514404296875,0.0133514404296875,0.14065933227539062,0.06465,0.14999999999999858,1.0334437255859363,20.0,0.8
0.432,0.0133514404296875,0.0133514404296875,0.123077392578125,0.0648,0.14999999999999858,1.0505092773437488,20.0,0.8
0.433,0.0133514404296875,0.0133514404296875,0.14945030212402344,0.06495,0.14999999999999858,1.03241094970703,20.0,0.8
0.434,0.01373291015625,0.01373291015625,0.14945030212402344,0.06509999999999999,0.14999999999999858,1.0277815551757798,20.0,0.8
0.435,0.01373291015625,0.01373291015625,0.14065933227539062,0.06525,0.15000000000000568,1.0378143310546921,20.0,0.8
0.436,0.0141143798828125,0.0141143798828125,0.14065933227539062,0.0654,0.14999999999999858,1.0331849365234365,20.0,0.8
0.437,0.0141143798828125,0.0141143798828125,0.1318683624267578,0.06555,0.14999999999999858,1.0432177124023425,20.0,0.8
0.438,0.0141143798828125,0.0141143798828125,0.11428642272949219,0.0657,0.14999999999999858,1.060283264160155,20.0,0.8
0.439,0.0141143798828125,0.0141143798828125,0.10549545288085938,0.06584999999999999,0.14999999999999858,1.070316040039061,20.0,0.8
0.44,0.014495849609375,0.014495849609375,0.09670257568359375,0.066,0.15000000000000568,1.0727209472656296,20.0,0.8
0.441,0.014495849609375,0.014495849609375,0.11428642272949219,0.06615,0.14999999999999858,1.061653869628905,20.0,0.8
0.442,0.014495849609375,0.014495849609375,0.10549545288085938,0.0663,0.14999999999999858,1.0716866455078113,20.0,0.8
0.443,0.0148773193359375,0.0148773193359375,0.09670257568359375,0.06645,0.14999999999999858,1.0740915527343737,20.0,0.8
0.444,0.0148773193359375,0.0148773193359375,0.1318683624267578,0.06659999999999999,0.14999999999999858,1.0489589233398424,20.0,0.8
0.445,0.0148773193359375,0.0148773193359375,0.11428642272949219,0.06675,0.15000000000000568,1.0660244750976609,20.0,0.8
0.446,0.0152587890625,0.0152587890625,0.14065933227539062,0.0669,0.14999999999999858,1.0402967529296865,20.0,0.8
0.447,0.0152587890625,0.0152587890625,0.123077392578125,0.06705,0.14999999999999858,1.057362304687499,20.0,0.8
0.448,0.0152587890625,0.0152587890625,0.1318683624267578,0.0672,0.14999999999999858,1.0533295288085924,20.0,0.8
0.449,0.0156402587890625,0.0156402587890625,0.123077392578125,0.06735,0.14999999999999858,1.055732910156249,20.0,0.8
0.45,0.0156402587890625,0.0156402587890625,0.10549545288085938,0.0675,0.15000000000000568,1.0727984619140671,20.0,0.8
0.451,0.0156402587890625,0.0156402587890625,0.08791160583496094,0.06765,0.14999999999999858,1.0898655395507801,20.0,0.8
0.452,0.0156402587890625,0.0156402587890625,0.09670257568359375,0.0678,0.14999999999999858,1.0858327636718736,20.0,0.8
0.453,0.016021728515625,0.016021728515625,0.10549545288085938,0.06795,0.14999999999999858,1.0741690673828113,20.0,0.8
0.454,0.016021728515625,0.016021728515625,0.10549545288085938,0.0681,0.14999999999999858,1.0771690673828112,20.0,0.8
0.455,0.016021728515625,0.016021728515625,0.123077392578125,0.06825,0.15000000000000568,1.0661035156250047,20.0,0.8
0.456,0.0164031982421875,0.0164031982421875,0.123077392578125,0.0684,0.14999999999999858,1.061474121093749,20.0,0.8
0.457,0.0164031982421875,0.0164031982421875,0.14065933227539062,0.06855,0.14999999999999858,1.0504085693359364,20.0,0.8
0.458,0.0164031982421875,0.0164031982421875,0.1318683624267578,0.0687,0.14999999999999858,1.0604413452148425,20.0,0.8
0.459,0.01678466796875,0.01678466796875,0.1318683624267578,0.06885,0.14999999999999858,1.0558119506835923,20.0,0.8
0.46,0.01678466796875,0.01678466796875,0.11428642272949219,0.069,0.15000000000000568,1.072877502441411,20.0,0.8
0.461,0.01678466796875,0.01678466796875,0.11428642272949219,0.06915,0.14999999999999858,1.0758775024414051,20.0,0.8
0.462,0.01678466796875,0.01678466796875,0.10549545288085938,0.0693,0.14999999999999858,1.0859102783203114,20.0,0.8
0.463,0.0171661376953125,0.0171661376953125,0.10549545288085938,0.06945,0.14999999999999858,1.0812808837890613,20.0,0.8
0.464,0.0171661376953125,0.0171661376953125,0.09670257568359375,0.0696,0.14999999999999858,1.0913151855468737,20.0,0.8
0.465,0.0171661376953125,0.0171661376953125,0.09670257568359375,0.06975,0.15000000000000568,1.0943151855468796,20.0,0.8
0.466,0.017547607421875,0.017547607421875,0.11428642272949219,0.0699,0.14999999999999858,1.0756187133789052,20.0,0.8
0.467,0.017547607421875,0.017547607421875,0.10549545288085938,0.07005,0.14999999999999858,1.0856514892578113,20.0,0.8
0.468,0.017547607421875,0.017547607421875,0.11428642272949219,0.0702,0.14999999999999858,1.081618713378905,20.0,0.8
0.46900000000000003,0.017547607421875,0.017547607421875,0.11428642272949219,0.07035,0.14999999999999858,1.0846187133789051,20.0,0.8
0.47000000000000003,0.0179290771484375,0.0179290771484375,0.11428642272949219,0.07050000000000001,0.15000000000000568,1.079989318847661,20.0,0.8
0.47100000000000003,0.0179290771484375,0.0179290771484375,0.11428642272949219,0.07065,0.14999999999999858,1.0829893188476551,20.0,0.8
0.47200000000000003,0.0179290771484375,0.0179290771484375,0.11428642272949219,0.0708,0.14999999999999858,1.085989318847655,20.0,0.8
0.47300000000000003,0.018310546875,0.018310546875,0.11428642272949219,0.07095,0.14999999999999858,1.0813599243164052,20.0,0.8
0.47400000000000003,0.018310546875,0.018310546875,0.11428642272949219,0.0711,0.14999999999999858,1.084359924316405,20.0,0.8
0.47500000000000003,0.018310546875,0.018310546875,0.09670257568359375,0.07125000000000001,0.15000000000000568,1.1014270019531298,20.0,0.8
0.47600000000000003,0.0186920166015625,0.0186920166015625,0.11428642272949219,0.0714,0.14999999999999858,1.0827305297851553,20.0,0.8
0.47700000000000004,0.0186920166015625,0.0186920166015625,0.123077392578125,0.07155,0.14999999999999858,1.078697753906249,20.0,0.8
0.47800000000000004,0.0186920166015625,0.0186920166015625,0.1318683624267578,0.0717,0.14999999999999858,1.0746649780273425,20.0,0.8
0.47900000000000004,0.019073486328125,0.019073486328125,0.14065933227539062,0.07185,0.15000000000000568,1.0630028076171918,20.0,0.8
0.48,0.019073486328125,0.019073486328125,0.14945030212402344,0.072,0.14999999999999858,1.05897003173828,20.0,0.8
0.481,0.019073486328125,0.019073486328125,0.14065933227539062,0.07214999999999999,0.14999999999999858,1.0690028076171862,20.0,0.8
0.482,0.0194549560546875,0.0194549560546875,0.14945030212402344,0.07229999999999999,0.15000000000000568,1.0573406372070355,20.0,0.8
0.483,0.0194549560546875,0.0194549560546875,0.1318683624267578,0.07245,0.15000000000000568,1.0744061889648484,20.0,0.8
0.484,0.0194549560546875,0.0194549560546875,0.123077392578125,0.0726,0.14999999999999147,1.0844389648437431,20.0,0.8
0.485,0.01983642578125,0.01983642578125,0.11428642272949219,0.07275,0.14999999999999858,1.086842346191405,20.0,0.8
0.486,0.01983642578125,0.01983642578125,0.09670257568359375,0.07289999999999999,0.14999999999999858,1.1039094238281235,20.0,0.8
0.487,0.01983642578125,0.01983642578125,0.10549545288085938,0.07304999999999999,0.15000000000000568,1.099875122070317,20.0,0.8
0.488,0.0202178955078125,0.0202178955078125,0.14945030212402344,0.0732,0.15000000000000568,1.0600818481445358,20.0,0.8
0.489,0.0202178955078125,0.0202178955078125,0.123077392578125,0.07335,0.14999999999999147,1.0841801757812433,20.0,0.8
0.49,0.0202178955078125,0.0202178955078125,0.15824127197265625,0.0735,0.14999999999999858,1.0590490722656238,20.0,0.8
0.491,0.020599365234375,0.020599365234375,0.16703224182128906,0.07365,0.14999999999999858,1.0473869018554676,20.0,0.8
0.492,0.020599365234375,0.020599365234375,0.14945030212402344,0.07379999999999999,0.15000000000000568,1.0644524536132856,20.0,0.8
0.493,0.0209808349609375,0.0209808349609375,0.15824127197265625,0.07395,0.15000000000000568,1.0527902832031297,20.0,0.8
0.494,0.0209808349609375,0.0209808349609375,0.14945030212402344,0.0741,0.14999999999999147,1.0628230590820245,20.0,0.8
0.495,0.0209808349609375,0.0209808349609375,0.14065933227539062,0.07425,0.14999999999999858,1.0728558349609363,20.0,0.8
0.496,0.0213623046875,0.0213623046875,0.15824127197265625,0.0744,0.14999999999999858,1.0541608886718739,20.0,0.8
0.497,0.0213623046875,0.0213623046875,0.1318683624267578,0.07454999999999999,0.15000000000000568,1.0782592163085982,20.0,0.8
0.498,0.0217437744140625,0.0217437744140625,0.14065933227539062,0.0747,0.15000000000000568,1.066597045898442,20.0,0.8
0.499,0.0217437744140625,0.0217437744140625,0.1318683624267578,0.07485,0.14999999999999147,1.076629821777337,20.0,0.8
0.5,0.0217437744140625,0.0217437744140625,0.1318683624267578,0.075,0.14999999999999858,1.0796298217773426,20.0,0.8
0.501,0.022125244140625,0.022125244140625,0.14065933227539062,0.07515,0.14999999999999858,1.0679676513671863,20.0,0.8
0.502,0.022125244140625,0.022125244140625,0.15824127197265625,0.07529999999999999,0.15000000000000568,1.0569020996093794,20.0,0.8
0.503,0.022125244140625,0.022125244140625,0.15824127197265625,0.07545,0.15000000000000568,1.0599020996093798,20.0,0.8
0.504,0.0225067138671875,0.0225067138671875,0.14945030212402344,0.0756,0.14999999999999147,1.0623054809570245,20.0,0.8
0.505,0.0225067138671875,0.0225067138671875,0.14065933227539062,0.07575,0.14999999999999858,1.0723382568359363,20.0,0.8
0.506,0.02288818359375,0.02288818359375,0.123077392578125,0.0759,0.14999999999999858,1.0817744140624987,20.0,0.8
0.507,0.02288818359375,0.02288818359375,0.123077392578125,0.07604999999999999,0.15000000000000568,1.0847744140625044,20.0,0.8
0.508,0.02288818359375,0.02288818359375,0.1318683624267578,0.0762,0.15000000000000568,1.0807416381835984,20.0,0.8
0.509,0.0232696533203125,0.0232696533203125,0.123077392578125,0.07635,0.14999999999999147,1.0831450195312433,20.0,0.8
0.51,0.0232696533203125,0.0232696533203125,0.123077392578125,0.0765,0.14999999999999858,1.086145019531249,20.0,0.8
0.511,0.0232696533203125,0.0232696533203125,0.1318683624267578,0.07665,0.14999999999999858,1.0821122436523425,20.0,0.8
0.512,0.023651123046875,0.023651123046875,0.14945030212402344,0.0768,0.15000000000000568,1.0634172973632856,20.0,0.8
0.513,0.023651123046875,0.023651123046875,0.1318683624267578,0.07695,0.15000000000000568,1.0804828491210985,20.0,0.8
0.514,0.023651123046875,0.023651123046875,0.14065933227539062,0.0771,0.14999999999999147,1.0764500732421807,20.0,0.8
0.515,0.0240325927734375,0.0240325927734375,0.10549545288085938,0.07725,0.14999999999999858,1.0999517822265612,20.0,0.8
0.516,0.0240325927734375,0.0240325927734375,0.09670257568359375,0.0774,0.14999999999999858,1.1099860839843738,20.0,0.8
0.517,0.0240325927734375,0.0240325927734375,0.08791160583496094,0.07755,0.15000000000000568,1.1200188598632856,20.0,0.8
0.518,0.0240325927734375,0.0240325927734375,0.09670257568359375,0.0777,0.15000000000000568,1.1159860839843796,20.0,0.8
0.519,0.0244140625,0.0244140625,0.10549545288085938,0.07785,0.14999999999999147,1.1043223876953057,20.0,0.8
0.52,0.0244140625,0.0244140625,0.11428642272949219,0.078,0.14999999999999858,1.1002896118164052,20.0,0.8
0.521,0.0244140625,0.0244140625,0.11428642272949219,0.07815,0.14999999999999858,1.103289611816405,20.0,0.8
0.522,0.0247955322265625,0.0247955322265625,0.11428642272949219,0.0783,0.15000000000000568,1.0986602172851607,20.0,0.8
0.523,0.0247955322265625,0.0247955322265625,0.14945030212402344,0.07845,0.15000000000000568,1.073529113769536,20.0,0.8
0.524,0.0247955322265625,0.0247955322265625,0.1318683624267578,0.0786,0.14999999999999147,1.090594665527337,20.0,0.8
0.525,0.025177001953125,0.025177001953125,0.1318683624267578,0.07875,0.14999999999999858,1.0859652709960925,20.0,0.8
0.526,0.025177001953125,0.025177001953125,0.123077392578125,0.0789,0.14999999999999858,1.0959980468749988,20.0,0.8
0.527,0.025177001953125,0.025177001953125,0.10549545288085938,0.07905,0.15000000000000568,1.113063598632817,20.0,0.8
0.528,0.0255584716796875,0.0255584716796875,0.10549545288085938,0.0792,0.15000000000000568,1.1084342041015671,20.0,0.8
0.529,0.0255584716796875,0.0255584716796875,0.10549545288085938,0.07935,0.14999999999999147,1.111434204101556,20.0,0.8
0.53,0.0255584716796875,0.0255584716796875,0.10549545288085938,0.0795,0.14999999999999858,1.1144342041015614,20.0,0.8
0.531,0.0255584716796875,0.0255584716796875,0.123077392578125,0.07965,0.14999999999999858,1.103368652343749,20.0,0.8
0.532,0.02593994140625,0.02593994140625,0.1318683624267578,0.0798,0.15000000000000568,1.0917064819335982,20.0,0.8
0.533,0.02593994140625,0.02593994140625,0.123077392578125,0.07995000000000001,0.15000000000000568,1.1017392578125047,20.0,0.8
0.534,0.02593994140625,0.02593994140625,0.1318683624267578,0.0801,0.14999999999999147,1.097706481933587,20.0,0.8
0.535,0.0263214111328125,0.0263214111328125,0.14065933227539062,0.08025,0.14999999999999858,1.0860443115234364,20.0,0.8
0.536,0.0263214111328125,0.0263214111328125,0.123077392578125,0.0804,0.14999999999999858,1.103109863281249,20.0,0.8
0.537,0.0263214111328125,0.0263214111328125,0.123077392578125,0.08055,0.15000000000000568,1.1061098632812545,20.0,0.8
0.538,0.026702880859375,0.026702880859375,0.11428642272949219,0.08070000000000001,0.15000000000000568,1.108513244628911,20.0,0.8
0.539,0.026702880859375,0.026702880859375,0.10549545288085938,0.08085,0.14999999999999147,1.1185460205078057,20.0,0.8
0.54,0.026702880859375,0.026702880859375,0.1318683624267578,0.081,0.14999999999999858,1.1004476928710927,20.0,0.8
0.541,0.0270843505859375,0.0270843505859375,0.1318683624267578,0.08115,0.14999999999999858,1.0958182983398426,20.0,0.8
0.542,0.0270843505859375,0.0270843505859375,0.1318683624267578,0.0813,0.15000000000000568,1.0988182983398482,20.0,0.8
0.543,0.0270843505859375,0.0270843505859375,0.14945030212402344,0.08145000000000001,0.15000000000000568,1.087752746582036,20.0,0.8
0.544,0.0274658203125,0.0274658203125,0.16703224182128906,0.0816,0.14999999999999147,1.069057800292962,20.0,0.8
0.545,0.0274658203125,0.0274658203125,0.15824127197265625,0.08175,0.14999999999999858,1.0790905761718739,20.0,0.8
0.546,0.0278472900390625,0.0278472900390625,0.15824127197265625,0.0819,0.14999999999999858,1.0744611816406238,20.0,0.8
0.547,0.0278472900390625,0.0278472900390625,0.14945030212402344,0.08205,0.15000000000000568,1.0844939575195358,20.0,0.8
0.548,0.0278472900390625,0.0278472900390625,0.1318683624267578,0.08220000000000001,0.15000000000000568,1.1015595092773485,20.0,0.8
0.549,0.028228759765625,0.028228759765625,0.14065933227539062,0.08235,0.14999999999999147,1.0898973388671809,20.0,0.8
0.55,0.028228759765625,0.028228759765625,0.1758251190185547,0.0825,0.14999999999999858,1.0647647094726553,20.0,0.8
0.551,0.0286102294921875,0.0286102294921875,0.16703224182128906,0.08265,0.14999999999999858,1.0671696166992177,20.0,0.8
0.552,0.0286102294921875,0.0286102294921875,0.21977996826171875,0.0828,0.15000000000000568,1.0279714355468794,20.0,0.8
0.553,0.02899169921875,0.02899169921875,0.21098899841308594,0.08295000000000001,0.15000000000000568,1.0303748168945361,20.0,0.8
0.554,0.02899169921875,0.02899169921875,0.20219802856445312,0.08310000000000001,0.14999999999999147,1.0404075927734309,20.0,0.8
0.555,0.0293731689453125,0.0293731689453125,0.1846160888671875,0.08325,0.14999999999999858,1.0498437499999989,20.0,0.8
0.556,0.0293731689453125,0.0293731689453125,0.1758251190185547,0.0834,0.14999999999999858,1.0598765258789054,20.0,0.8
0.557,0.029754638671875,0.029754638671875,0.1846160888671875,0.08355,0.15000000000000568,1.0482143554687546,20.0,0.8
0.558,0.029754638671875,0.029754638671875,0.16703224182128906,0.08370000000000001,0.15000000000000568,1.0652814331054734,20.0,0.8
0.559,0.0301361083984375,0.0301361083984375,0.16703224182128906,0.08385000000000001,0.14999999999999147,1.060652038574212,20.0,0.8
0.56,0.0301361083984375,0.0301361083984375,0.15824127197265625,0.084,0.14999999999999858,1.070684814453124,20.0,0.8
0.561,0.0301361083984375,0.0301361083984375,0.15824127197265625,0.08415,0.14999999999999858,1.073684814453124,20.0,0.8
0.562,0.030517578125,0.030517578125,0.16703224182128906,0.0843,0.15000000000000568,1.0620226440429732,20.0,0.8
0.5630000000000001,0.030517578125,0.030517578125,0.14945030212402344,0.08445000000000001,0.15000000000000568,1.079088195800786,20.0,0.8
0.5640000000000001,0.0308990478515625,0.0308990478515625,0.14065933227539062,0.08460000000000001,0.14999999999999147,1.0814915771484308,20.0,0.8
0.5650000000000001,0.0308990478515625,0.0308990478515625,0.1318683624267578,0.08475,0.14999999999999858,1.0915243530273426,20.0,0.8
0.5660000000000001,0.0308990478515625,0.0308990478515625,0.1318683624267578,0.0849,0.14999999999999858,1.0945243530273425,20.0,0.8
0.5670000000000001,0.031281471252441406,0.031281471252441406,0.123077392578125,0.08505,0.14999999999999858,1.096908660888671,20.0,0.8
0.5680000000000001,0.031281471252441406,0.031281471252441406,0.1318683624267578,0.08520000000000001,0.15000000000000568,1.0928758850097704,20.0,0.8
0.5690000000000001,0.031281471252441406,0.031281471252441406,0.14065933227539062,0.08535000000000001,0.14999999999999858,1.0888431091308586,20.0,0.8
0.5700000000000001,0.031662940979003906,0.031662940979003906,0.14065933227539062,0.0855,0.14999999999999858,1.0842137145996085,20.0,0.8
0.5710000000000001,0.031662940979003906,0.031662940979003906,0.14945030212402344,0.08565,0.14999999999999858,1.080180938720702,20.0,0.8
0.5720000000000001,0.031662940979003906,0.031662940979003906,0.14945030212402344,0.0858,0.14999999999999858,1.0831809387207019,20.0,0.8
0.5730000000000001,0.032044410705566406,0.032044410705566406,0.1318683624267578,0.08595000000000001,0.15000000000000568,1.0926170959472705,20.0,0.8
0.5740000000000001,0.032044410705566406,0.032044410705566406,0.1318683624267578,0.08610000000000001,0.14999999999999858,1.0956170959472646,20.0,0.8
0.5750000000000001,0.032044410705566406,0.032044410705566406,0.11428642272949219,0.08625000000000001,0.14999999999999858,1.112682647705077,20.0,0.8
0.5760000000000001,0.032425880432128906,0.032425880432128906,0.11428642272949219,0.0864,0.14999999999999147,1.1080532531738214,20.0,0.8
0.577,0.032425880432128906,0.032425880432128906,0.11428642272949219,0.08654999999999999,0.14999999999999858,1.1110532531738269,20.0,0.8
0.578,0.032425880432128906,0.032425880432128906,0.1318683624267578,0.08669999999999999,0.15000000000000568,1.09998770141602,20.0,0.8
0.579,0.032807350158691406,0.032807350158691406,0.14065933227539062,0.08685,0.14999999999999858,1.0883255310058582,20.0,0.8
0.58,0.032807350158691406,0.032807350158691406,0.14945030212402344,0.087,0.14999999999999858,1.0842927551269517,20.0,0.8
0.581,0.033188819885253906,0.033188819885253906,0.15824127197265625,0.08714999999999999,0.14999999999999858,1.0726305847167956,20.0,0.8
0.582,0.033188819885253906,0.033188819885253906,0.14945030212402344,0.08729999999999999,0.14999999999999858,1.0826633605957017,20.0,0.8
0.583,0.033188819885253906,0.033188819885253906,0.14945030212402344,0.08744999999999999,0.15000000000000568,1.0856633605957073,20.0,0.8
0.584,0.033570289611816406,0.033570289611816406,0.14065933227539062,0.0876,0.14999999999999858,1.0880667419433583,20.0,0.8
0.585,0.033570289611816406,0.033570289611816406,0.1318683624267578,0.08775,0.14999999999999858,1.0980995178222643,20.0,0.8
0.586,0.033570289611816406,0.033570289611816406,0.123077392578125,0.08789999999999999,0.14999999999999858,1.1081322937011706,20.0,0.8
0.587,0.033951759338378906,0.033951759338378906,0.123077392578125,0.08804999999999999,0.14999999999999858,1.1035028991699205,20.0,0.8
0.588,0.033951759338378906,0.033951759338378906,0.14065933227539062,0.08819999999999999,0.15000000000000568,1.0924373474121136,20.0,0.8
0.589,0.033951759338378906,0.033951759338378906,0.123077392578125,0.08835,0.14999999999999858,1.1095028991699207,20.0,0.8
0.59,0.034333229064941406,0.034333229064941406,0.14065933227539062,0.0885,0.14999999999999858,1.0908079528808583,20.0,0.8
0.591,0.034333229064941406,0.034333229064941406,0.14945030212402344,0.08864999999999999,0.14999999999999858,1.0867751770019518,20.0,0.8
0.592,0.034333229064941406,0.034333229064941406,0.1318683624267578,0.08879999999999999,0.14999999999999858,1.1038407287597642,20.0,0.8
0.593,0.034714698791503906,0.034714698791503906,0.1318683624267578,0.08894999999999999,0.15000000000000568,1.09921133422852,20.0,0.8
0.594,0.034714698791503906,0.034714698791503906,0.1318683624267578,0.0891,0.14999999999999858,1.1022113342285145,20.0,0.8
0.595,0.034714698791503906,0.034714698791503906,0.123077392578125,0.08925,0.14999999999999858,1.1122441101074207,20.0,0.8
0.596,0.035096168518066406,0.035096168518066406,0.14065933227539062,0.0894,0.14999999999999858,1.093549163818358,20.0,0.8
0.597,0.035096168518066406,0.035096168518066406,0.14945030212402344,0.08954999999999999,0.14999999999999858,1.0895163879394518,20.0,0.8
0.598,0.035477638244628906,0.035477638244628906,0.16703224182128906,0.08969999999999999,0.15000000000000568,1.070821441650395,20.0,0.8
0.599,0.035477638244628906,0.035477638244628906,0.16703224182128906,0.08985,0.14999999999999858,1.0738214416503895,20.0,0.8
0.6,0.035859107971191406,0.035859107971191406,0.1934070587158203,0.09,0.14999999999999858,1.0480921936035144,20.0,0.8
0.601,0.035859107971191406,0.035859107971191406,0.1846160888671875,0.09015,0.14999999999999858,1.0581249694824206,20.0,0.8
0.602,0.035859107971191406,0.035859107971191406,0.1758251190185547,0.09029999999999999,0.14999999999999147,1.0681577453613211,20.0,0.8
0.603,0.036240577697753906,0.036240577697753906,0.14065933227539062,0.09044999999999999,0.15000000000000568,1.0916609802246136,20.0,0.8
0.604,0.036240577697753906,0.036240577697753906,0.15824127197265625,0.0906,0.15000000000000568,1.0805954284668016,20.0,0.8
0.605,0.036622047424316406,0.036622047424316406,0.1318683624267578,0.09075,0.14999999999999858,1.0970643615722644,20.0,0.8
0.606,0.036622047424316406,0.036622047424316406,0.14065933227539062,0.0909,0.14999999999999858,1.0930315856933581,20.0,0.8
0.607,0.036622047424316406,0.036622047424316406,0.1758251190185547,0.09104999999999999,0.14999999999999147,1.067898956298821,20.0,0.8
0.608,0.037003517150878906,0.037003517150878906,0.1934070587158203,0.09119999999999999,0.15000000000000568,1.04920401000977,20.0,0.8
0.609,0.037003517150878906,0.037003517150878906,0.20219802856445312,0.09135,0.15000000000000568,1.0451712341308639,20.0,0.8
0.61,0.037384986877441406,0.037384986877441406,0.20219802856445312,0.0915,0.14999999999999858,1.0405418395996082,20.0,0.8
0.611,0.037384986877441406,0.037384986877441406,0.20219802856445312,0.09165,0.14999999999999858,1.0435418395996081,20.0,0.8
0.612,0.037766456604003906,0.037766456604003906,0.20219802856445312,0.09179999999999999,0.14999999999999147,1.0389124450683525,20.0,0.8
0.613,0.037766456604003906,0.037766456604003906,0.1758251190185547,0.09194999999999999,0.15000000000000568,1.0630107727050824,20.0,0.8
0.614,0.038147926330566406,0.038147926330566406,0.1846160888671875,0.0921,0.15000000000000568,1.0513486022949265,20.0,0.8
0.615,0.038147926330566406,0.038147926330566406,0.1758251190185547,0.09225,0.14999999999999858,1.061381378173827,20.0,0.8
0.616,0.038529396057128906,0.038529396057128906,0.16703224182128906,0.0924,0.14999999999999858,1.0637862854003894,20.0,0.8
0.617,0.038529396057128906,0.038529396057128906,0.1846160888671875,0.09255,0.14999999999999147,1.0527192077636651,20.0,0.8
0.618,0.038910865783691406,0.038910865783691406,0.16703224182128906,0.09269999999999999,0.15000000000000568,1.062156890869145,20.0,0.8
0.619,0.038910865783691406,0.038910865783691406,0.1758251190185547,0.09285,0.15000000000000568,1.0581225891113326,20.0,0.8
0.62,0.039292335510253906,0.039292335510253906,0.1758251190185547,0.093,0.14999999999999858,1.053493194580077,20.0,0.8
0.621,0.039292335510253906,0.039292335510253906,0.14065933227539062,0.09315,0.14999999999999858,1.0846258239746083,20.0,0.8
0.622,0.039292335510253906,0.039292335510253906,0.14945030212402344,0.0933,0.14999999999999147,1.0805930480956962,20.0,0.8
0.623,0.039673805236816406,0.039673805236816406,0.1318683624267578,0.09344999999999999,0.15000000000000568,1.09002920532227,20.0,0.8
0.624,0.039673805236816406,0.039673805236816406,0.1318683624267578,0.0936,0.15000000000000568,1.0930292053222703,20.0,0.8
0.625,0.039673805236816406,0.039673805236816406,0.11428642272949219,0.09375,0.14999999999999858,1.110094757080077,20.0,0.8
0.626,0.040055274963378906,0.040055274963378906,0.1318683624267578,0.0939,0.14999999999999858,1.0913998107910143,20.0,0.8
0.627,0.040055274963378906,0.040055274963378906,0.1318683624267578,0.09405,0.14999999999999147,1.0943998107910087,20.0,0.8
0.628,0.040436744689941406,0.040436744689941406,0.123077392578125,0.09419999999999999,0.15000000000000568,1.0968031921386763,20.0,0.8
0.629,0.040436744689941406,0.040436744689941406,0.1318683624267578,0.09435,0.15000000000000568,1.0927704162597702,20.0,0.8
0.63,0.040436744689941406,0.040436744689941406,0.11428642272949219,0.0945,0.14999999999999858,1.1098359680175771,20.0,0.8
0.631,0.040436744689941406,0.040436744689941406,0.08791160583496094,0.09465,0.14999999999999858,1.133935821533202,20.0,0.8
0.632,0.040818214416503906,0.040818214416503906,0.08791160583496094,0.0948,0.14999999999999147,1.1293064270019462,20.0,0.8
0.633,0.040818214416503906,0.040818214416503906,0.10549545288085938,0.09494999999999999,0.15000000000000568,1.1182393493652387,20.0,0.8
0.634,0.040818214416503906,0.040818214416503906,0.10549545288085938,0.0951,0.15000000000000568,1.121239349365239,20.0,0.8
0.635,0.041199684143066406,0.041199684143066406,0.1318683624267578,0.09525,0.14999999999999858,1.0955116271972645,20.0,0.8
0.636,0.041199684143066406,0.041199684143066406,0.123077392578125,0.0954,0.14999999999999858,1.1055444030761707,20.0,0.8
0.637,0.041199684143066406,0.041199684143066406,0.14065933227539062,0.09555,0.14999999999999147,1.0944788513183525,20.0,0.8
0.638,0.041581153869628906,0.041581153869628906,0.14065933227539062,0.0957,0.15000000000000568,1.0898494567871138,20.0,0.8
0.639,0.041581153869628906,0.041581153869628906,0.1318683624267578,0.09585,0.15000000000000568,1.0998822326660203,20.0,0.8
0.64,0.041581153869628906,0.041581153869628906,0.14065933227539062,0.096,0.14999999999999858,1.0958494567871082,20.0,0.8
0.641,0.041962623596191406,0.041962623596191406,0.1318683624267578,0.09615,0.14999999999999858,1.0982528381347645,20.0,0.8
0.642,0.041962623596191406,0.041962623596191406,0.11428642272949219,0.0963,0.14999999999999147,1.1153183898925711,20.0,0.8
0.643,0.041962623596191406,0.041962623596191406,0.1318683624267578,0.09645,0.15000000000000568,1.10425283813477,20.0,0.8
0.644,0.042344093322753906,0.042344093322753906,0.1318683624267578,0.0966,0.15000000000000568,1.0996234436035204,20.0,0.8
0.645,0.042344093322753906,0.042344093322753906,0.14065933227539062,0.09675,0.14999999999999858,1.0955906677246083,20.0,0.8
0.646,0.042344093322753906,0.042344093322753906,0.14065933227539062,0.0969,0.14999999999999858,1.0985906677246082,20.0,0.8
0.647,0.042725563049316406,0.042725563049316406,0.1318683624267578,0.09705,0.14999999999999147,1.1009940490722587,20.0,0.8
0.648,0.042725563049316406,0.042725563049316406,0.1318683624267578,0.0972,0.15000000000000568,1.1039940490722702,20.0,0.8
0.649,0.043107032775878906,0.043107032775878906,0.11428642272949219,0.09735,0.15000000000000568,1.1134302062988328,20.0,0.8
0.65,0.043107032775878906,0.043107032775878906,0.1318683624267578,0.0975,0.14999999999999858,1.1023646545410146,20.0,0.8
0.651,0.043107032775878906,0.043107032775878906,0.123077392578125,0.09765,0.14999999999999858,1.112397430419921,20.0,0.8
0.652,0.043488502502441406,0.043488502502441406,0.1318683624267578,0.0978,0.14999999999999147,1.1007352600097589,20.0,0.8
0.653,0.043488502502441406,0.043488502502441406,0.14065933227539062,0.09795,0.15000000000000568,1.0967024841308637,20.0,0.8
0.654,0.043488502502441406,0.043488502502441406,0.14065933227539062,0.0981,0.15000000000000568,1.099702484130864,20.0,0.8
0.655,0.043869972229003906,0.043869972229003906,0.16703224182128906,0.09825,0.14999999999999858,1.0739747619628897,20.0,0.8
0.656,0.043869972229003906,0.043869972229003906,0.1758251190185547,0.0984,0.14999999999999858,1.069940460205077,20.0,0.8
0.657,0.044251441955566406,0.044251441955566406,0.16703224182128906,0.09855,0.14999999999999147,1.072345367431634,20.0,0.8
0.658,0.044251441955566406,0.044251441955566406,0.16703224182128906,0.0987,0.15000000000000568,1.075345367431645,20.0,0.8
0.659,0.044251441955566406,0.044251441955566406,0.16703224182128906,0.09885000000000001,0.15000000000000568,1.0783453674316452,20.0,0.8
0.66,0.044632911682128906,0.044632911682128906,0.14945030212402344,0.099,0.14999999999999858,1.0877815246582019,20.0,0.8
0.661,0.044632911682128906,0.044632911682128906,0.14945030212402344,0.09915,0.14999999999999858,1.090781524658202,20.0,0.8
0.662,0.045014381408691406,0.045014381408691406,0.1318683624267578,0.0993,0.14999999999999147,1.1002176818847589,20.0,0.8
0.663,0.045014381408691406,0.045014381408691406,0.15824127197265625,0.09945,0.15000000000000568,1.0821193542480514,20.0,0.8
0.664,0.045395851135253906,0.045395851135253906,0.22857093811035156,0.09960000000000001,0.15000000000000568,1.0212262268066454,20.0,0.8
0.665,0.045395851135253906,0.045395851135253906,0.1846160888671875,0.09975,0.14999999999999858,1.0593901062011708,20.0,0.8
0.666,0.045777320861816406,0.045777320861816406,0.20219802856445312,0.0999,0.14999999999999858,1.0406951599121081,20.0,0.8
0.667,0.045777320861816406,0.045777320861816406,0.1934070587158203,0.10005,0.14999999999999147,1.0507279357910086,20.0,0.8
0.668,0.046158790588378906,0.046158790588378906,0.1758251190185547,0.1002,0.15000000000000568,1.0601640930175826,20.0,0.8
0.669,0.046158790588378906,0.046158790588378906,0.1758251190185547,0.10035000000000001,0.15000000000000568,1.0631640930175827,20.0,0.8
0.67,0.046158790588378906,0.046158790588378906,0.14065933227539062,0.1005,0.14999999999999858,1.0942967224121085,20.0,0.8
0.671,0.046540260314941406,0.046540260314941406,0.15824127197265625,0.10065,0.14999999999999858,1.0756017761230459,20.0,0.8
0.672,0.046540260314941406,0.046540260314941406,0.15824127197265625,0.1008,0.14999999999999147,1.07860177612304,20.0,0.8
0.673,0.046921730041503906,0.046921730041503906,0.15824127197265625,0.10095,0.15000000000000568,1.0739723815918014,20.0,0.8
0.674,0.046921730041503906,0.046921730041503906,0.16703224182128906,0.10110000000000001,0.15000000000000568,1.0699396057128954,20.0,0.8
0.675,0.047303199768066406,0.047303199768066406,0.15824127197265625,0.10125,0.14999999999999858,1.0723429870605459,20.0,0.8
0.676,0.047303199768066406,0.047303199768066406,0.15824127197265625,0.1014,0.14999999999999858,1.0753429870605458,20.0,0.8
0.677,0.047303199768066406,0.047303199768066406,0.123077392578125,0.10155,0.14999999999999147,1.1064740905761652,20.0,0.8
0.678,0.047684669494628906,0.047684669494628906,0.1318683624267578,0.1017,0.15000000000000568,1.0948119201660202,20.0,0.8
0.679,0.047684669494628906,0.047684669494628906,0.123077392578125,0.10185000000000001,0.15000000000000568,1.1048446960449265,20.0,0.8
0.68,0.047684669494628906,0.047684669494628906,0.1318683624267578,0.10200000000000001,0.14999999999999858,1.1008119201660145,20.0,0.8
0.681,0.048066139221191406,0.048066139221191406,0.123077392578125,0.10215,0.14999999999999858,1.103215301513671,20.0,0.8
0.682,0.048066139221191406,0.048066139221191406,0.1318683624267578,0.1023,0.14999999999999147,1.099182525634759,20.0,0.8
0.683,0.048066139221191406,0.048066139221191406,0.14945030212402344,0.10245,0.15000000000000568,1.0881169738769576,20.0,0.8
0.684,0.048447608947753906,0.048447608947753906,0.1318683624267578,0.10260000000000001,0.15000000000000568,1.0975531311035205,20.0,0.8
0.685,0.048447608947753906,0.048447608947753906,0.14945030212402344,0.10275000000000001,0.14999999999999858,1.086487579345702,20.0,0.8
0.686,0.048829078674316406,0.048829078674316406,0.14065933227539062,0.1029,0.14999999999999858,1.0888909606933583,20.0,0.8
0.687,0.048829078674316406,0.048829078674316406,0.11428642272949219,0.10305,0.14999999999999147,1.1129892883300712,20.0,0.8
0.6880000000000001,0.048829078674316406,0.048829078674316406,0.10549545288085938,0.1032,0.15000000000000568,1.123022064208989,20.0,0.8
0.6890000000000001,0.048829078674316406,0.048829078674316406,0.08791160583496094,0.10335000000000001,0.15000000000000568,1.1400891418457078,20.0,0.8
0.6900000000000001,0.049210548400878906,0.049210548400878906,0.09670257568359375,0.10350000000000001,0.14999999999999858,1.128426971435546,20.0,0.8
0.6910000000000001,0.049210548400878906,0.049210548400878906,0.11428642272949219,0.10365,0.14999999999999858,1.1173598937988272,20.0,0.8
0.6920000000000001,0.049210548400878906,0.049210548400878906,0.10549545288085938,0.1038,0.14999999999999147,1.1273926696777277,20.0,0.8
0.6930000000000001,0.049592018127441406,0.049592018127441406,0.11428642272949219,0.10395,0.15000000000000568,1.1157304992675827,20.0,0.8
0.6940000000000001,0.049592018127441406,0.049592018127441406,0.1318683624267578,0.10410000000000001,0.15000000000000568,1.1046649475097705,20.0,0.8
0.6950000000000001,0.049592018127441406,0.049592018127441406,0.123077392578125,0.10425000000000001,0.14999999999999858,1.114697723388671,20.0,0.8
0.6960000000000001,0.049592018127441406,0.049592018127441406,0.1318683624267578,0.1044,0.14999999999999858,1.1106649475097645,20.0,0.8
0.6970000000000001,0.049973487854003906,0.049973487854003906,0.10549545288085938,0.10455,0.14999999999999147,1.1271338806152278,20.0,0.8
0.6980000000000001,0.049973487854003906,0.049973487854003906,0.09670257568359375,0.1047,0.15000000000000568,1.1371681823730515,20.0,0.8
0.6990000000000001,0.049973487854003906,0.049973487854003906,0.09670257568359375,0.10485000000000001,0.15000000000000568,1.1401681823730516,20.0,0.8
0.7000000000000001,0.050354957580566406,0.050354957580566406,0.08791160583496094,0.10500000000000001,0.14999999999999858,1.1425715637207021,20.0,0.8
0.7010000000000001,0.050354957580566406,0.050354957580566406,0.09670257568359375,0.10515000000000001,0.14999999999999858,1.1385387878417959,20.0,0.8
0.7020000000000001,0.050354957580566406,0.050354957580566406,0.10549545288085938,0.1053,0.14999999999999147,1.1345044860839777,20.0,0.8
0.7030000000000001,0.050354957580566406,0.050354957580566406,0.09670257568359375,0.10545,0.14999999999998437,1.1445387878417843,20.0,0.8
0.704,0.050736427307128906,0.050736427307128906,0.10549545288085938,0.10559999999999999,0.1500000000000128,1.1328750915527444,20.0,0.8
0.705,0.050736427307128906,0.050736427307128906,0.123077392578125,0.10575,0.15000000000000568,1.1218095397949264,20.0,0.8
0.706,0.050736427307128906,0.050736427307128906,0.1318683624267578,0.1059,0.14999999999999858,1.1177767639160143,20.0,0.8
0.707,0.051117897033691406,0.051117897033691406,0.1318683624267578,0.10604999999999999,0.14999999999999147,1.1131473693847587,20.0,0.8
0.708,0.051117897033691406,0.051117897033691406,0.123077392578125,0.10619999999999999,0.14999999999999858,1.1231801452636705,20.0,0.8
0.709,0.051117897033691406,0.051117897033691406,0.10549545288085938,0.10634999999999999,0.15000000000000568,1.1402456970214887,20.0,0.8
0.71,0.051499366760253906,0.051499366760253906,0.123077392578125,0.1065,0.15000000000000568,1.1215507507324263,20.0,0.8
0.711,0.051499366760253906,0.051499366760253906,0.10549545288085938,0.10665,0.14999999999999858,1.1386163024902332,20.0,0.8
0.712,0.051499366760253906,0.051499366760253906,0.10549545288085938,0.10679999999999999,0.14999999999999147,1.1416163024902275,20.0,0.8
0.713,0.051499366760253906,0.051499366760253906,0.11428642272949219,0.10694999999999999,0.14999999999999858,1.1375835266113268,20.0,0.8
0.714,0.051880836486816406,0.051880836486816406,0.1318683624267578,0.10709999999999999,0.15000000000000568,1.11888858032227,20.0,0.8
0.715,0.051880836486816406,0.051880836486816406,0.14065933227539062,0.10725,0.15000000000000568,1.1148558044433639,20.0,0.8
0.716,0.051880836486816406,0.051880836486816406,0.14945030212402344,0.1074,0.14999999999999858,1.1108230285644518,20.0,0.8
0.717,0.052262306213378906,0.052262306213378906,0.1318683624267578,0.10754999999999999,0.14999999999999147,1.1202591857910087,20.0,0.8
0.718,0.052262306213378906,0.052262306213378906,0.15824127197265625,0.10769999999999999,0.14999999999999858,1.1021608581542957,20.0,0.8
0.719,0.052643775939941406,0.052643775939941406,0.1318683624267578,0.10784999999999999,0.15000000000000568,1.11862979125977,20.0,0.8
0.72,0.052643775939941406,0.052643775939941406,0.14065933227539062,0.108,0.15000000000000568,1.1145970153808638,20.0,0.8
0.721,0.052643775939941406,0.052643775939941406,0.1318683624267578,0.10815,0.14999999999999858,1.1246297912597643,20.0,0.8
0.722,0.053025245666503906,0.053025245666503906,0.11428642272949219,0.1083,0.14999999999999147,1.1340659484863211,20.0,0.8
0.723,0.053025245666503906,0.053025245666503906,0.10549545288085938,0.10844999999999999,0.14999999999999858,1.144098724365233,20.0,0.8
0.724,0.053025245666503906,0.053025245666503906,0.10549545288085938,0.10859999999999999,0.15000000000000568,1.1470987243652386,20.0,0.8
0.725,0.053406715393066406,0.053406715393066406,0.11428642272949219,0.10875,0.15000000000000568,1.1354365539550828,20.0,0.8
0.726,0.053406715393066406,0.053406715393066406,0.14065933227539062,0.1089,0.14999999999999858,1.1173382263183582,20.0,0.8
0.727,0.053406715393066406,0.053406715393066406,0.14945030212402344,0.10905,0.14999999999999147,1.1133054504394462,20.0,0.8
0.728,0.053788185119628906,0.053788185119628906,0.1758251190185547,0.10919999999999999,0.14999999999999858,1.0875762023925768,20.0,0.8
0.729,0.053788185119628906,0.053788185119628906,0.1934070587158203,0.10934999999999999,0.15000000000000568,1.07651065063477,20.0,0.8
0.73,0.054169654846191406,0.054169654846191406,0.1846160888671875,0.1095,0.15000000000000568,1.0789140319824264,20.0,0.8
0.731,0.054169654846191406,0.054169654846191406,0.1758251190185547,0.10965,0.14999999999999858,1.0889468078613271,20.0,0.8
0.732,0.054551124572753906,0.054551124572753906,0.15824127197265625,0.1098,0.14999999999999147,1.09838449096679,20.0,0.8
0.733,0.054551124572753906,0.054551124572753906,0.14065933227539062,0.10994999999999999,0.14999999999999858,1.1154500427246081,20.0,0.8
0.734,0.054551124572753906,0.054551124572753906,0.11428642272949219,0.11009999999999999,0.15000000000000568,1.1395483703613325,20.0,0.8
0.735,0.054932594299316406,0.054932594299316406,0.1318683624267578,0.11025,0.15000000000000568,1.1208534240722703,20.0,0.8
0.736,0.054932594299316406,0.054932594299316406,0.11428642272949219,0.1104,0.14999999999999858,1.137918975830077,20.0,0.8
0.737,0.054932594299316406,0.054932594299316406,0.123077392578125,0.11055,0.14999999999999147,1.133886199951165,20.0,0.8
0.738,0.055314064025878906,0.055314064025878906,0.123077392578125,0.11069999999999999,0.14999999999999858,1.1292568054199208,20.0,0.8
0.739,0.055314064025878906,0.055314064025878906,0.11428642272949219,0.11084999999999999,0.15000000000000568,1.1392895812988326,20.0,0.8
0.74,0.055314064025878906,0.055314064025878906,0.1318683624267578,0.111,0.15000000000000568,1.1282240295410202,20.0,0.8
0.741,0.055695533752441406,0.055695533752441406,0.11428642272949219,0.11115,0.14999999999999858,1.1376601867675769,20.0,0.8
0.742,0.055695533752441406,0.055695533752441406,0.14945030212402344,0.1113,0.14999999999999147,1.1125290832519463,20.0,0.8
0.743,0.055695533752441406,0.055695533752441406,0.10549545288085938,0.11145,0.14999999999999858,1.150692962646483,20.0,0.8
0.744,0.055695533752441406,0.055695533752441406,0.09670257568359375,0.11159999999999999,0.15000000000000568,1.1607272644043012,20.0,0.8
0.745,0.056077003479003906,0.056077003479003906,0.07912063598632812,0.11175,0.15000000000000568,1.170163421630864,20.0,0.8
0.746,0.056077003479003906,0.056077003479003906,0.07912063598632812,0.1119,0.14999999999999858,1.1731634216308582,20.0,0.8
0.747,0.056077003479003906,0.056077003479003906,0.07912063598632812,0.11205,0.14999999999999147,1.1761634216308525,20.0,0.8
0.748,0.056077003479003906,0.056077003479003906,0.05274772644042969,0.1122,0.14999999999999858,1.2002617492675767,20.0,0.8
0.749,0.056077003479003906,0.056077003479003906,0.07032966613769531,0.11234999999999999,0.14999999999999858,1.1891961975097645,20.0,0.8
0.75,0.056458473205566406,0.056458473205566406,0.08791160583496094,0.11249999999999999,0.14999999999999858,1.1705012512207018,20.0,0.8
0.751,0.056458473205566406,0.056458473205566406,0.07032966613769531,0.11265,0.15000000000000568,1.1875668029785202,20.0,0.8
0.752,0.056458473205566406,0.056458473205566406,0.09670257568359375,0.1128,0.14999999999999858,1.1694684753417957,20.0,0.8
0.753,0.056458473205566406,0.056458473205566406,0.10549545288085938,0.11295,0.14999999999999858,1.165434173583983,20.0,0.8
0.754,0.056839942932128906,0.056839942932128906,0.11428642272949219,0.11309999999999999,0.14999999999999858,1.1537720031738268,20.0,0.8
0.755,0.056839942932128906,0.056839942932128906,0.11428642272949219,0.11324999999999999,0.14999999999999858,1.1567720031738267,20.0,0.8
0.756,0.056839942932128906,0.056839942932128906,0.123077392578125,0.1134,0.15000000000000568,1.1527392272949264,20.0,0.8
0.757,0.056839942932128906,0.056839942932128906,0.10549545288085938,0.11355,0.14999999999999858,1.169804779052733,20.0,0.8
0.758,0.057221412658691406,0.057221412658691406,0.09670257568359375,0.1137,0.14999999999999858,1.1722096862792957,20.0,0.8
0.759,0.057221412658691406,0.057221412658691406,0.07912063598632812,0.11384999999999999,0.14999999999999858,1.189275238037108,20.0,0.8
0.76,0.057221412658691406,0.057221412658691406,0.08791160583496094,0.11399999999999999,0.14999999999999858,1.1852424621582018,20.0,0.8
0.761,0.057221412658691406,0.057221412658691406,0.07032966613769531,0.11415,0.15000000000000568,1.20230801391602,20.0,0.8
0.762,0.057221412658691406,0.057221412658691406,0.07912063598632812,0.1143,0.14999999999999858,1.1982752380371082,20.0,0.8
0.763,0.057602882385253906,0.057602882385253906,0.08791160583496094,0.11445,0.14999999999999858,1.186613067626952,20.0,0.8
0.764,0.057602882385253906,0.057602882385253906,0.09670257568359375,0.1146,0.14999999999999858,1.1825802917480455,20.0,0.8
0.765,0.057602882385253906,0.057602882385253906,0.11428642272949219,0.11474999999999999,0.14999999999999858,1.171513214111327,20.0,0.8
0.766,0.057984352111816406,0.057984352111816406,0.09670257568359375,0.1149,0.15000000000000568,1.1809508972168015,20.0,0.8
0.767,0.057984352111816406,0.057984352111816406,0.10549545288085938,0.11505,0.14999999999999858,1.176916595458983,20.0,0.8
0.768,0.057984352111816406,0.057984352111816406,0.09670257568359375,0.1152,0.14999999999999858,1.1869508972167955,20.0,0.8
0.769,0.057984352111816406,0.057984352111816406,0.09670257568359375,0.11535,0.14999999999999858,1.1899508972167956,20.0,0.8
0.77,0.058365821838378906,0.058365821838378906,0.08791160583496094,0.11549999999999999,0.14999999999999858,1.1923542785644519,20.0,0.8
0.771,0.058365821838378906,0.058365821838378906,0.07912063598632812,0.11565,0.15000000000000568,1.2023870544433641,20.0,0.8
0.772,0.058365821838378906,0.058365821838378906,0.05274772644042969,0.1158,0.14999999999999858,1.226485382080077,20.0,0.8
0.773,0.058365821838378906,0.058365821838378906,0.0615386962890625,0.11595,0.14999999999999858,1.2224526062011707,20.0,0.8
0.774,0.058365821838378906,0.058365821838378906,0.0615386962890625,0.1161,0.14999999999999858,1.2254526062011706,20.0,0.8
0.775,0.058365821838378906,0.058365821838378906,0.043956756591796875,0.11624999999999999,0.14999999999999858,1.242518157958983,20.0,0.8
0.776,0.058365821838378906,0.058365821838378906,0.043956756591796875,0.1164,0.15000000000000568,1.245518157958989,20.0,0.8
0.777,0.058747291564941406,0.058747291564941406,0.03516578674316406,0.11655,0.14999999999999858,1.2479215393066394,20.0,0.8
0.778,0.058747291564941406,0.058747291564941406,0.07032966613769531,0.1167,0.14999999999999858,1.2227904357910147,20.0,0.8
0.779,0.058747291564941406,0.058747291564941406,0.0615386962890625,0.11685,0.14999999999999858,1.2328232116699207,20.0,0.8
0.78,0.058747291564941406,0.058747291564941406,0.07032966613769531,0.11699999999999999,0.14999999999999858,1.2287904357910144,20.0,0.8
0.781,0.058747291564941406,0.058747291564941406,0.08791160583496094,0.11715,0.15000000000000568,1.2177248840332076,20.0,0.8
0.782,0.059128761291503906,0.059128761291503906,0.07912063598632812,0.1173,0.14999999999999858,1.2201282653808583,20.0,0.8
0.783,0.059128761291503906,0.059128761291503906,0.10549545288085938,0.11745,0.14999999999999858,1.2020284118652331,20.0,0.8
0.784,0.059128761291503906,0.059128761291503906,0.09670257568359375,0.1176,0.14999999999999858,1.2120627136230455,20.0,0.8
0.785,0.059128761291503906,0.059128761291503906,0.08791160583496094,0.11775,0.14999999999999858,1.222095489501952,20.0,0.8
0.786,0.059510231018066406,0.059510231018066406,0.08791160583496094,0.1179,0.15000000000000568,1.2174660949707077,20.0,0.8
0.787,0.059510231018066406,0.059510231018066406,0.08791160583496094,0.11805,0.14999999999999858,1.220466094970702,20.0,0.8
0.788,0.059510231018066406,0.059510231018066406,0.07912063598632812,0.1182,0.14999999999999858,1.230498870849608,20.0,0.8
0.789,0.059510231018066406,0.059510231018066406,0.08791160583496094,0.11835,0.14999999999999858,1.226466094970702,20.0,0.8
0.79,0.059510231018066406,0.059510231018066406,0.07032966613769531,0.1185,0.14999999999999858,1.2435316467285145,20.0,0.8
0.791,0.059891700744628906,0.059891700744628906,0.07032966613769531,0.11865,0.15000000000000568,1.2389022521972703,20.0,0.8
0.792,0.059891700744628906,0.059891700744628906,0.08791160583496094,0.1188,0.14999999999999858,1.2278367004394521,20.0,0.8
0.793,0.059891700744628906,0.059891700744628906,0.08791160583496094,0.11895,0.14999999999999858,1.230836700439452,20.0,0.8
0.794,0.059891700744628906,0.059891700744628906,0.11428642272949219,0.1191,0.14999999999999858,1.2127368469238269,20.0,0.8
0.795,0.060273170471191406,0.060273170471191406,0.09670257568359375,0.11925,0.14999999999999858,1.2221745300292954,20.0,0.8
0.796,0.060273170471191406,0.060273170471191406,0.123077392578125,0.1194,0.15000000000000568,1.2040746765136765,20.0,0.8
0.797,0.060273170471191406,0.060273170471191406,0.123077392578125,0.11955,0.14999999999999858,1.2070746765136708,20.0,0.8
0.798,0.060654640197753906,0.060654640197753906,0.11428642272949219,0.1197,0.14999999999999858,1.2094780578613271,20.0,0.8
0.799,0.060654640197753906,0.060654640197753906,0.1318683624267578,0.11985,0.14999999999999858,1.1984125061035145,20.0,0.8
0.8,0.060654640197753906,0.060654640197753906,0.10549545288085938,0.12,0.14999999999999858,1.222510833740233,20.0,0.8
0.801,0.060654640197753906,0.060654640197753906,0.10549545288085938,0.12015,0.15000000000000568,1.225510833740239,20.0,0.8
0.802,0.061036109924316406,0.061036109924316406,0.08791160583496094,0.1203,0.14999999999999858,1.2349485168457022,20.0,0.8
0.803,0.061036109924316406,0.061036109924316406,0.0615386962890625,0.12045,0.14999999999999858,1.2590468444824208,20.0,0.8
0.804,0.061036109924316406,0.061036109924316406,0.07912063598632812,0.1206,0.14999999999999858,1.2479812927246081,20.0,0.8
0.805,0.061036109924316406,0.061036109924316406,0.0615386962890625,0.12075,0.14999999999999858,1.2650468444824208,20.0,0.8
0.806,0.061036109924316406,0.061036109924316406,0.0615386962890625,0.12090000000000001,0.15000000000000568,1.2680468444824267,20.0,0.8
0.807,0.061417579650878906,0.061417579650878906,0.0615386962890625,0.12105,0.14999999999999858,1.2634174499511708,20.0,0.8
0.808,0.061417579650878906,0.061417579650878906,0.07912063598632812,0.1212,0.14999999999999858,1.2523518981933581,20.0,0.8
0.809,0.061417579650878906,0.061417579650878906,0.07032966613769531,0.12135,0.14999999999999858,1.2623846740722646,20.0,0.8
0.81,0.061417579650878906,0.061417579650878906,0.09670257568359375,0.1215,0.14999999999999858,1.2442863464355456,20.0,0.8
0.811,0.061417579650878906,0.061417579650878906,0.10549545288085938,0.12165000000000001,0.15000000000000568,1.2402520446777392,20.0,0.8
0.812,0.061799049377441406,0.061799049377441406,0.11428642272949219,0.1218,0.14999999999999858,1.2285898742675772,20.0,0.8
0.8130000000000001,0.061799049377441406,0.061799049377441406,0.1318683624267578,0.12195,0.14999999999999858,1.2175243225097645,20.0,0.8
0.8140000000000001,0.061799049377441406,0.061799049377441406,0.14065933227539062,0.1221,0.14999999999999858,1.2134915466308582,20.0,0.8
0.8150000000000001,0.062180519104003906,0.062180519104003906,0.14945030212402344,0.12225,0.14999999999999858,1.2018293762207017,20.0,0.8
0.8160000000000001,0.062180519104003906,0.062180519104003906,0.1318683624267578,0.12240000000000001,0.15000000000000568,1.2188949279785204,20.0,0.8
0.8170000000000001,0.062180519104003906,0.062180519104003906,0.10549545288085938,0.12255,0.14999999999999858,1.2429932556152332,20.0,0.8
0.8180000000000001,0.0625619888305664,0.0625619888305664,0.11428642272949219,0.1227,0.14999999999999858,1.2313310852050772,20.0,0.8
0.8190000000000001,0.0625619888305664,0.0625619888305664,0.08791160583496094,0.12285,0.14999999999999858,1.255430938720702,20.0,0.8
0.8200000000000001,0.0625619888305664,0.0625619888305664,0.07032966613769531,0.123,0.14999999999999858,1.2724964904785145,20.0,0.8
0.8210000000000001,0.0625619888305664,0.0625619888305664,0.07912063598632812,0.12315000000000001,0.15000000000000568,1.268463714599614,20.0,0.8
0.8220000000000001,0.0625619888305664,0.0625619888305664,0.05274772644042969,0.1233,0.14999999999999858,1.292562042236327,20.0,0.8
0.8230000000000001,0.0629434585571289,0.0629434585571289,0.05274772644042969,0.12345,0.14999999999999858,1.287932647705077,20.0,0.8
0.8240000000000001,0.0629434585571289,0.0629434585571289,0.05274772644042969,0.1236,0.14999999999999858,1.2909326477050769,20.0,0.8
0.8250000000000001,0.0629434585571289,0.0629434585571289,0.05274772644042969,0.12375,0.14999999999999858,1.293932647705077,20.0,0.8
0.8260000000000001,0.0629434585571289,0.0629434585571289,0.07032966613769531,0.12390000000000001,0.15000000000000568,1.2828670959472703,20.0,0.8
0.8270000000000001,0.0629434585571289,0.0629434585571289,0.03516578674316406,0.12405000000000001,0.14999999999999858,1.3139981994628895,20.0,0.8
0.8280000000000001,0.0629434585571289,0.0629434585571289,0.08791160583496094,0.1242,0.14999999999999858,1.274801544189452,20.0,0.8
0.8290000000000001,0.0633249282836914,0.0633249282836914,0.08791160583496094,0.12435,0.14999999999999858,1.2701721496582021,20.0,0.8
0.8300000000000001,0.0633249282836914,0.0633249282836914,0.07912063598632812,0.1245,0.14999999999999858,1.2802049255371082,20.0,0.8
0.8310000000000001,0.0633249282836914,0.0633249282836914,0.07912063598632812,0.12465000000000001,0.15000000000000568,1.2832049255371143,20.0,0.8
0.8320000000000001,0.0633249282836914,0.0633249282836914,0.10549545288085938,0.12480000000000001,0.14999999999999147,1.2651050720214778,20.0,0.8
0.833,0.0637063980102539,0.0637063980102539,0.07912063598632812,0.12494999999999999,0.15000000000000568,1.2815755310058639,20.0,0.8
0.834,0.0637063980102539,0.0637063980102539,0.11428642272949219,0.1251,0.15000000000000568,1.2564429016113325,20.0,0.8
0.835,0.0637063980102539,0.0637063980102539,0.07912063598632812,0.12525,0.14999999999999147,1.2875755310058525,20.0,0.8
0.836,0.0637063980102539,0.0637063980102539,0.08791160583496094,0.12539999999999998,0.14999999999999858,1.2835427551269516,20.0,0.8
0.837,0.0637063980102539,0.0637063980102539,0.07032966613769531,0.12555,0.14999999999999858,1.3006083068847645,20.0,0.8
0.838,0.0640878677368164,0.0640878677368164,0.07032966613769531,0.12569999999999998,0.14999999999999858,1.2959789123535141,20.0,0.8
0.839,0.0640878677368164,0.0640878677368164,0.0615386962890625,0.12585,0.1500000000000128,1.306011688232432,20.0,0.8
0.84,0.0640878677368164,0.0640878677368164,0.043956756591796875,0.126,0.14999999999999147,1.3230772399902275,20.0,0.8
0.841,0.0640878677368164,0.0640878677368164,0.03516578674316406,0.12614999999999998,0.14999999999999858,1.3331100158691391,20.0,0.8
0.842,0.0640878677368164,0.0640878677368164,0.03516578674316406,0.1263,0.14999999999999858,1.3361100158691392,20.0,0.8
0.843,0.0640878677368164,0.0640878677368164,0.017581939697265625,0.12644999999999998,0.14999999999999858,1.3531770935058578,20.0,0.8
0.844,0.0640878677368164,0.0640878677368164,0.026372909545898438,0.1266,0.1500000000000128,1.349144317626963,20.0,0.8
0.845,0.0640878677368164,0.0640878677368164,0.017581939697265625,0.12675,0.14999999999999147,1.3591770935058527,20.0,0.8
0.846,0.0640878677368164,0.0640878677368164,0.008790969848632812,0.12689999999999999,0.14999999999999858,1.3692098693847643,20.0,0.8
0.847,0.0640878677368164,0.0640878677368164,0.008790969848632812,0.12705,0.14999999999999858,1.3722098693847644,20.0,0.8
0.848,0.0640878677368164,0.0640878677368164,0.026372909545898438,0.12719999999999998,0.14999999999999858,1.3611443176269515,20.0,0.8
0.849,0.0640878677368164,0.0640878677368164,0.026372909545898438,0.12735,0.1500000000000128,1.364144317626963,20.0,0.8
0.85,0.0640878677368164,0.0640878677368164,0.008790969848632812,0.1275,0.14999999999999147,1.3812098693847588,20.0,0.8
0.851,0.0644693374633789,0.0644693374633789,0.026372909545898438,0.12764999999999999,0.14999999999999858,1.3625149230957017,20.0,0.8
0.852,0.0644693374633789,0.0644693374633789,0.017581939697265625,0.1278,0.14999999999999858,1.3725476989746084,20.0,0.8
0.853,0.0644693374633789,0.0644693374633789,0.03516578674316406,0.12794999999999998,0.14999999999999147,1.3614806213378836,20.0,0.8
0.854,0.0644693374633789,0.0644693374633789,0.043956756591796875,0.1281,0.15000000000000568,1.3574478454589887,20.0,0.8
0.855,0.0644693374633789,0.0644693374633789,0.05274772644042969,0.12825,0.15000000000000568,1.3534150695800826,20.0,0.8
0.856,0.0644693374633789,0.0644693374633789,0.05274772644042969,0.1284,0.15000000000000568,1.3564150695800823,20.0,0.8
0.857,0.0644693374633789,0.0644693374633789,0.07032966613769531,0.12855,0.14999999999999147,1.3453495178222588,20.0,0.8
0.858,0.0644693374633789,0.0644693374633789,0.07912063598632812,0.12869999999999998,0.14999999999999147,1.3413167419433523,20.0,0.8
0.859,0.0648508071899414,0.0648508071899414,0.07912063598632812,0.12885,0.15000000000000568,1.336687347412114,20.0,0.8
0.86,0.0648508071899414,0.0648508071899414,0.08791160583496094,0.129,0.15000000000000568,1.3326545715332077,20.0,0.8
0.861,0.0648508071899414,0.0648508071899414,0.07912063598632812,0.12915,0.15000000000000568,1.3426873474121137,20.0,0.8
0.862,0.0648508071899414,0.0648508071899414,0.08791160583496094,0.1293,0.14999999999999147,1.3386545715331961,20.0,0.8
0.863,0.0652322769165039,0.0652322769165039,0.07912063598632812,0.12944999999999998,0.14999999999999147,1.3410579528808522,20.0,0.8
0.864,0.0652322769165039,0.0652322769165039,0.07032966613769531,0.1296,0.15000000000000568,1.35109072875977,20.0,0.8
0.865,0.0652322769165039,0.0652322769165039,0.05274772644042969,0.12975,0.15000000000000568,1.3681562805175829,20.0,0.8
0.866,0.0652322769165039,0.0652322769165039,0.043956756591796875,0.1299,0.15000000000000568,1.3781890563964887,20.0,0.8
0.867,0.0652322769165039,0.0652322769165039,0.03516578674316406,0.13005,0.14999999999999147,1.3882218322753839,20.0,0.8
0.868,0.0652322769165039,0.0652322769165039,0.008790969848632812,0.13019999999999998,0.14999999999999147,1.4123216857910084,20.0,0.8
0.869,0.0652322769165039,0.0652322769165039,0.008790969848632812,0.13035,0.15000000000000568,1.41532168579102,20.0,0.8
0.87,0.0652322769165039,0.0652322769165039,-0.017581939697265625,0.1305,0.15000000000000568,1.439420013427739,20.0,0.8
0.871,0.0652322769165039,0.0652322769165039,0.0,0.13065,0.15000000000000568,1.4283544616699262,20.0,0.8
0.872,0.0652322769165039,0.0652322769165039,-0.008790969848632812,0.1308,0.14999999999999147,1.4383872375488214,20.0,0.8
0.873,0.0652322769165039,0.0652322769165039,-0.017581939697265625,0.13094999999999998,0.14999999999999147,1.4484200134277274,20.0,0.8
0.874,0.0652322769165039,0.0652322769165039,-0.008790969848632812,0.1311,0.15000000000000568,1.4443872375488325,20.0,0.8
0.875,0.0652322769165039,0.0652322769165039,-0.008790969848632812,0.13125,0.15000000000000568,1.4473872375488326,20.0,0.8
0.876,0.0652322769165039,0.0652322769165039,-0.008790969848632812,0.1314,0.15000000000000568,1.4503872375488323,20.0,0.8
0.877,0.0652322769165039,0.0652322769165039,0.008790969848632812,0.13155,0.14999999999999147,1.4393216857910087,20.0,0.8
0.878,0.0652322769165039,0.0652322769165039,0.0,0.13169999999999998,0.14999999999999147,1.4493544616699148,20.0,0.8
0.879,0.0652322769165039,0.0652322769165039,0.008790969848632812,0.13185,0.15000000000000568,1.4453216857910203,20.0,0.8
0.88,0.0652322769165039,0.0652322769165039,0.0,0.132,0.15000000000000568,1.4553544616699265,20.0,0.8
0.881,0.0652322769165039,0.0652322769165039,0.017581939697265625,0.13215,0.15000000000000568,1.4442889099121137,20.0,0.8
0.882,0.0652322769165039,0.0652322769165039,0.017581939697265625,0.1323,0.14999999999999147,1.4472889099121025,20.0,0.8
0.883,0.0652322769165039,0.0652322769165039,0.017581939697265625,0.13244999999999998,0.14999999999999147,1.4502889099121021,20.0,0.8
0.884,0.0652322769165039,0.0652322769165039,0.017581939697265625,0.1326,0.15000000000000568,1.4532889099121138,20.0,0.8
0.885,0.0652322769165039,0.0652322769165039,0.017581939697265625,0.13275,0.15000000000000568,1.4562889099121141,20.0,0.8
0.886,0.0652322769165039,0.0652322769165039,0.0,0.1329,0.15000000000000568,1.4733544616699263,20.0,0.8
0.887,0.0652322769165039,0.0652322769165039,0.017581939697265625,0.13305,0.14999999999999147,1.4622889099121026,20.0,0.8
0.888,0.0652322769165039,0.0652322769165039,0.017581939697265625,0.13319999999999999,0.14999999999999147,1.4652889099121023,20.0,0.8
0.889,0.0652322769165039,0.0652322769165039,0.008790969848632812,0.13335,0.15000000000000568,1.47532168579102,20.0,0.8
0.89,0.0652322769165039,0.0652322769165039,0.008790969848632812,0.1335,0.15000000000000568,1.4783216857910204,20.0,0.8
0.891,0.0652322769165039,0.0652322769165039,0.0,0.13365,0.15000000000000568,1.4883544616699262,20.0,0.8
0.892,0.0652322769165039,0.0652322769165039,0.008790969848632812,0.1338,0.14999999999999147,1.4843216857910089,20.0,0.8
0.893,0.0652322769165039,0.0652322769165039,0.0,0.13394999999999999,0.14999999999999147,1.494354461669915,20.0,0.8
0.894,0.0652322769165039,0.0652322769165039,0.0,0.1341,0.15000000000000568,1.4973544616699264,20.0,0.8
0.895,0.0652322769165039,0.0652322769165039,-0.008790969848632812,0.13425,0.15000000000000568,1.5073872375488326,20.0,0.8
0.896,0.0652322769165039,0.0652322769165039,0.0,0.1344,0.15000000000000568,1.5033544616699261,20.0,0.8
0.897,0.0652322769165039,0.0652322769165039,-0.008790969848632812,0.13455,0.14999999999999147,1.5133872375488213,20.0,0.8
0.898,0.0652322769165039,0.0652322769165039,0.0,0.1347,0.14999999999999147,1.5093544616699148,20.0,0.8
0.899,0.0652322769165039,0.0652322769165039,-0.008790969848632812,0.13485,0.15000000000000568,1.5193872375488326,20.0,0.8
0.9,0.0652322769165039,0.0652322769165039,0.0,0.135,0.15000000000000568,1.5153544616699266,20.0,0.8
0.901,0.0652322769165039,0.0652322769165039,0.0,0.13515,0.15000000000000568,1.5183544616699263,20.0,0.8
0.902,0.0652322769165039,0.0652322769165039,0.0,0.1353,0.14999999999999147,1.521354461669915,20.0,0.8
0.903,0.0652322769165039,0.0652322769165039,0.0,0.13545,0.14999999999999147,1.5243544616699147,20.0,0.8
0.904,0.0652322769165039,0.0652322769165039,-0.008790969848632812,0.1356,0.15000000000000568,1.5343872375488325,20.0,0.8
0.905,0.0652322769165039,0.0652322769165039,-0.008790969848632812,0.13575,0.15000000000000568,1.5373872375488329,20.0,0.8
0.906,0.0652322769165039,0.0652322769165039,0.0,0.1359,0.15000000000000568,1.5333544616699264,20.0,0.8
0.907,0.0652322769165039,0.0652322769165039,-0.008790969848632812,0.13605,0.14999999999999147,1.5433872375488213,20.0,0.8
0.908,0.0652322769165039,0.0652322769165039,-0.008790969848632812,0.1362,0.14999999999999147,1.546387237548821,20.0,0.8
0.909,0.0652322769165039,0.0652322769165039,-0.008790969848632812,0.13635,0.15000000000000568,1.5493872375488325,20.0,0.8
0.91,0.0652322769165039,0.0652322769165039,0.0,0.1365,0.15000000000000568,1.5453544616699266,20.0,0.8
0.911,0.0652322769165039,0.0652322769165039,-0.017581939697265625,0.13665,0.15000000000000568,1.5624200134277388,20.0,0.8
0.912,0.0652322769165039,0.0652322769165039,-0.017581939697265625,0.1368,0.14999999999999147,1.5654200134277279,20.0,0.8
0.913,0.0652322769165039,0.0652322769165039,-0.008790969848632812,0.13695,0.14999999999999147,1.5613872375488211,20.0,0.8
0.914,0.0652322769165039,0.0652322769165039,0.0,0.1371,0.15000000000000568,1.5573544616699264,20.0,0.8
0.915,0.0652322769165039,0.0652322769165039,-0.008790969848632812,0.13725,0.15000000000000568,1.5673872375488327,20.0,0.8
0.916,0.0652322769165039,0.0652322769165039,0.008790969848632812,0.1374,0.15000000000000568,1.55632168579102,20.0,0.8
0.917,0.0652322769165039,0.0652322769165039,-0.017581939697265625,0.13755,0.14999999999999147,1.5804200134277278,20.0,0.8
0.918,0.0652322769165039,0.0652322769165039,0.008790969848632812,0.1377,0.14999999999999147,1.5623216857910085,20.0,0.8
0.919,0.0652322769165039,0.0652322769165039,-0.008790969848632812,0.13785,0.15000000000000568,1.5793872375488327,20.0,0.8
0.92,0.0652322769165039,0.0652322769165039,0.008790969848632812,0.138,0.15000000000000568,1.5683216857910205,20.0,0.8
0.921,0.0652322769165039,0.0652322769165039,0.0,0.13815,0.15000000000000568,1.5783544616699263,20.0,0.8
0.922,0.0652322769165039,0.0652322769165039,-0.017581939697265625,0.1383,0.14999999999999147,1.5954200134277277,20.0,0.8
0.923,0.0652322769165039,0.0652322769165039,-0.008790969848632812,0.13845,0.14999999999999147,1.591387237548821,20.0,0.8
0.924,0.0652322769165039,0.0652322769165039,-0.008790969848632812,0.1386,0.15000000000000568,1.5943872375488326,20.0,0.8
0.925,0.0652322769165039,0.0652322769165039,0.0,0.13875,0.15000000000000568,1.5903544616699268,20.0,0.8
0.926,0.0652322769165039,0.0652322769165039,-0.008790969848632812,0.1389,0.15000000000000568,1.6003872375488326,20.0,0.8
0.927,0.0652322769165039,0.0652322769165039,-0.026372909545898438,0.13905,0.14999999999999147,1.617452789306634,20.0,0.8
0.928,0.0652322769165039,0.0652322769165039,-0.017581939697265625,0.1392,0.14999999999999147,1.6134200134277275,20.0,0.8
0.929,0.0652322769165039,0.0652322769165039,0.0,0.13935,0.15000000000000568,1.6023544616699263,20.0,0.8
0.93,0.0652322769165039,0.0652322769165039,-0.017581939697265625,0.1395,0.15000000000000568,1.6194200134277392,20.0,0.8
0.931,0.0652322769165039,0.0652322769165039,0.0,0.13965,0.15000000000000568,1.6083544616699263,20.0,0.8
0.932,0.0652322769165039,0.0652322769165039,-0.008790969848632812,0.1398,0.14999999999999147,1.6183872375488215,20.0,0.8
0.933,0.0652322769165039,0.0652322769165039,0.0,0.13995,0.14999999999999147,1.614354461669915,20.0,0.8
0.934,0.0652322769165039,0.0652322769165039,0.0,0.1401,0.15000000000000568,1.6173544616699265,20.0,0.8
0.935,0.0652322769165039,0.0652322769165039,0.0,0.14025,0.15000000000000568,1.6203544616699266,20.0,0.8
0.936,0.0652322769165039,0.0652322769165039,-0.017581939697265625,0.1404,0.15000000000000568,1.6374200134277388,20.0,0.8
0.937,0.0652322769165039,0.0652322769165039,0.017581939697265625,0.14055,0.14999999999999147,1.6122889099121027,20.0,0.8
0.9380000000000001,0.0652322769165039,0.0652322769165039,0.0,0.1407,0.14999999999999147,1.629354461669915,20.0,0.8
0.9390000000000001,0.0652322769165039,0.0652322769165039,0.0,0.14085,0.15000000000000568,1.6323544616699266,20.0,0.8
0.9400000000000001,0.0652322769165039,0.0652322769165039,0.0,0.14100000000000001,0.15000000000000568,1.6353544616699267,20.0,0.8
0.9410000000000001,0.0652322769165039,0.0652322769165039,-0.008790969848632812,0.14115,0.15000000000000568,1.6453872375488325,20.0,0.8
0.9420000000000001,0.0652322769165039,0.0652322769165039,0.0,0.1413,0.14999999999999147,1.6413544616699152,20.0,0.8
0.9430000000000001,0.0652322769165039,0.0652322769165039,0.0,0.14145,0.14999999999999147,1.6443544616699148,20.0,0.8
0.9440000000000001,0.0652322769165039,0.0652322769165039,-0.008790969848632812,0.1416,0.15000000000000568,1.6543872375488327,20.0,0.8
0.9450000000000001,0.0652322769165039,0.0652322769165039,0.0,0.14175000000000001,0.15000000000000568,1.6503544616699268,20.0,0.8
0.9460000000000001,0.0652322769165039,0.0652322769165039,0.0,0.1419,0.15000000000000568,1.6533544616699265,20.0,0.8
0.9470000000000001,0.0652322769165039,0.0652322769165039,0.017581939697265625,0.14205,0.14999999999999147,1.6422889099121027,20.0,0.8
0.9480000000000001,0.0652322769165039,0.0652322769165039,-0.008790969848632812,0.1422,0.14999999999999147,1.6663872375488211,20.0,0.8
0.9490000000000001,0.0652322769165039,0.0652322769165039,0.0,0.14235,0.15000000000000568,1.6623544616699264,20.0,0.8
0.9500000000000001,0.0652322769165039,0.0652322769165039,0.0,0.14250000000000002,0.15000000000000568,1.6653544616699267,20.0,0.8
0.9510000000000001,0.0652322769165039,0.0652322769165039,0.008790969848632812,0.14265,0.15000000000000568,1.6613216857910202,20.0,0.8
0.9520000000000001,0.0652322769165039,0.0652322769165039,0.0,0.1428,0.14999999999999147,1.6713544616699154,20.0,0.8
0.9530000000000001,0.0652322769165039,0.0652322769165039,0.0,0.14295,0.14999999999999147,1.674354461669915,20.0,0.8
0.9540000000000001,0.0652322769165039,0.0652322769165039,0.0,0.1431,0.15000000000000568,1.6773544616699265,20.0,0.8
0.9550000000000001,0.0652322769165039,0.0652322769165039,-0.008790969848632812,0.14325000000000002,0.15000000000000568,1.6873872375488328,20.0,0.8
0.9560000000000001,0.0652322769165039,0.0652322769165039,0.0,0.1434,0.15000000000000568,1.6833544616699263,20.0,0.8
0.9570000000000001,0.0652322769165039,0.0652322769165039,0.0,0.14355,0.14999999999999147,1.6863544616699153,20.0,0.8
0.9580000000000001,0.0652322769165039,0.0652322769165039,0.008790969848632812,0.1437,0.14999999999999147,1.6823216857910086,20.0,0.8
0.9590000000000001,0.0652322769165039,0.0652322769165039,0.008790969848632812,0.14385,0.14999999999999147,1.685321685791009,20.0,0.8
0.96,0.0652322769165039,0.0652322769165039,-0.008790969848632812,0.144,0.15000000000000568,1.7023872375488325,20.0,0.8
0.961,0.0652322769165039,0.0652322769165039,0.008790969848632812,0.14415,0.15000000000000568,1.6913216857910203,20.0,0.8
0.962,0.0652322769165039,0.0652322769165039,0.008790969848632812,0.14429999999999998,0.14999999999999147,1.6943216857910084,20.0,0.8
0.963,0.0652322769165039,0.0652322769165039,0.008790969848632812,0.14445,0.14999999999999147,1.6973216857910085,20.0,0.8
0.964,0.0652322769165039,0.0652322769165039,0.017581939697265625,0.14459999999999998,0.14999999999999147,1.693288909912102,20.0,0.8
0.965,0.0652322769165039,0.0652322769165039,0.0,0.14475,0.1500000000000199,1.7103544616699375,20.0,0.8
0.966,0.0652322769165039,0.0652322769165039,0.0,0.1449,0.15000000000000568,1.7133544616699266,20.0,0.8
0.967,0.0652322769165039,0.0652322769165039,0.008790969848632812,0.14504999999999998,0.14999999999999147,1.7093216857910085,20.0,0.8
0.968,0.0652322769165039,0.0652322769165039,0.0,0.1452,0.14999999999999147,1.719354461669915,20.0,0.8
0.969,0.0652322769165039,0.0652322769165039,0.0,0.14534999999999998,0.14999999999999147,1.7223544616699147,20.0,0.8
0.97,0.0652322769165039,0.0652322769165039,0.008790969848632812,0.1455,0.1500000000000199,1.7183216857910313,20.0,0.8
0.971,0.0652322769165039,0.0652322769165039,0.0,0.14565,0.15000000000000568,1.7283544616699265,20.0,0.8
0.972,0.0652322769165039,0.0652322769165039,-0.008790969848632812,0.14579999999999999,0.14999999999999147,1.738387237548821,20.0,0.8
0.973,0.0652322769165039,0.0652322769165039,0.008790969848632812,0.14595,0.14999999999999147,1.7273216857910088,20.0,0.8
0.974,0.0652322769165039,0.0652322769165039,0.008790969848632812,0.14609999999999998,0.14999999999999147,1.7303216857910084,20.0,0.8
0.975,0.0652322769165039,0.0652322769165039,0.0,0.14625,0.1500000000000199,1.7403544616699376,20.0,0.8
0.976,0.0652322769165039,0.0652322769165039,0.0,0.1464,0.15000000000000568,1.7433544616699264,20.0,0.8
0.977,0.0652322769165039,0.0652322769165039,0.017581939697265625,0.14654999999999999,0.14999999999999147,1.7322889099121022,20.0,0.8
0.978,0.0652322769165039,0.0652322769165039,0.0,0.1467,0.14999999999999147,1.749354461669915,20.0,0.8
0.979,0.0652322769165039,0.0652322769165039,0.008790969848632812,0.14684999999999998,0.14999999999999147,1.7453216857910083,20.0,0.8
0.98,0.0652322769165039,0.0652322769165039,0.008790969848632812,0.147,0.1500000000000199,1.7483216857910315,20.0,0.8
0.981,0.0652322769165039,0.0652322769165039,0.008790969848632812,0.14715,0.15000000000000568,1.7513216857910203,20.0,0.8
0.982,0.0652322769165039,0.0652322769165039,0.0,0.1473,0.14999999999999147,1.7613544616699148,20.0,0.8
0.983,0.0652322769165039,0.0652322769165039,0.017581939697265625,0.14745,0.14999999999999147,1.7502889099121024,20.0,0.8
0.984,0.0652322769165039,0.0652322769165039,0.0,0.14759999999999998,0.14999999999999147,1.7673544616699146,20.0,0.8
0.985,0.0652322769165039,0.0652322769165039,0.008790969848632812,0.14775,0.1500000000000199,1.7633216857910314,20.0,0.8
0.986,0.0652322769165039,0.0652322769165039,0.008790969848632812,0.1479,0.15000000000000568,1.7663216857910204,20.0,0.8
0.987,0.0652322769165039,0.0652322769165039,0.0,0.14805,0.14999999999999147,1.776354461669915,20.0,0.8
0.988,0.0652322769165039,0.0652322769165039,0.0,0.1482,0.14999999999999147,1.779354461669915,20.0,0.8
0.989,0.0652322769165039,0.0652322769165039,0.008790969848632812,0.14834999999999998,0.14999999999999147,1.7753216857910084,20.0,0.8
0.99,0.0652322769165039,0.0652322769165039,0.0,0.1485,0.1500000000000199,1.7853544616699375,20.0,0.8
0.991,0.0652322769165039,0.0652322769165039,-0.008790969848632812,0.14865,0.15000000000000568,1.7953872375488327,20.0,0.8
0.992,0.0652322769165039,0.0652322769165039,0.0,0.1488,0.14999999999999147,1.7913544616699149,20.0,0.8
0.993,0.0652322769165039,0.0652322769165039,0.008790969848632812,0.14895,0.14999999999999147,1.7873216857910088,20.0,0.8
0.994,0.0652322769165039,0.0652322769165039,0.008790969848632812,0.14909999999999998,0.14999999999999147,1.7903216857910085,20.0,0.8
0.995,0.0652322769165039,0.0652322769165039,0.008790969848632812,0.14925,0.1500000000000199,1.7933216857910315,20.0,0.8
0.996,0.0652322769165039,0.0652322769165039,0.008790969848632812,0.1494,0.15000000000000568,1.7963216857910203,20.0,0.8
0.997,0.0652322769165039,0.0652322769165039,0.008790969848632812,0.14955,0.14999999999999147,1.7993216857910084,20.0,0.8
0.998,0.0652322769165039,0.0652322769165039,0.0,0.1497,0.14999999999999147,1.809354461669915,20.0,0.8
0.999,0.0652322769165039,0.0652322769165039,0.0,0.14984999999999998,0.14999999999999147,1.8123544616699148,20.0,0.8
1.0,0.0652322769165039,0.0652322769165039,0.008790969848632812,0.15,0.15000000000000568,1.8083216857910203,20.0,0.8
1.0010000000000001,0.0652322769165039,0.0652322769165039,0.0,0.15015,0.15000000000000568,1.8183544616699265,20.0,0.8
1.002,0.0652322769165039,0.0652322769165039,0.0,0.1503,0.14999999999997726,1.8213544616699036,20.0,0.8
1.0030000000000001,0.0652322769165039,0.0652322769165039,0.0,0.15045,0.15000000000000568,1.8243544616699263,20.0,0.8
1.004,0.0652322769165039,0.0652322769165039,0.0,0.15059999999999998,0.14999999999999147,1.8273544616699147,20.0,0.8
1.0050000000000001,0.0652322769165039,0.0652322769165039,0.0,0.15075000000000002,0.1500000000000341,1.8303544616699496,20.0,0.8
1.006,0.0652322769165039,0.0652322769165039,0.0,0.1509,0.14999999999999147,1.8333544616699153,20.0,0.8
1.0070000000000001,0.0652322769165039,0.0652322769165039,0.0,0.15105000000000002,0.15000000000000568,1.8363544616699268,20.0,0.8
1.008,0.0652322769165039,0.0652322769165039,0.008790969848632812,0.1512,0.14999999999997726,1.8323216857909974,20.0,0.8
1.0090000000000001,0.0652322769165039,0.0652322769165039,0.0,0.15135,0.15000000000000568,1.8423544616699266,20.0,0.8
1.01,0.0652322769165039,0.0652322769165039,0.0,0.1515,0.14999999999999147,1.845354461669915,20.0,0.8
1.0110000000000001,0.0652322769165039,0.0652322769165039,0.0,0.15165,0.15000000000000568,1.8483544616699266,20.0,0.8
1.012,0.0652322769165039,0.0652322769165039,0.0,0.1518,0.15000000000000568,1.8513544616699262,20.0,0.8
1.0130000000000001,0.0652322769165039,0.0652322769165039,0.008790969848632812,0.15195,0.15000000000000568,1.8473216857910204,20.0,0.8
1.014,0.0652322769165039,0.0652322769165039,0.0,0.15209999999999999,0.1500000000000199,1.8573544616699376,20.0,0.8
1.0150000000000001,0.0652322769165039,0.0652322769165039,-0.008790969848632812,0.15225000000000002,0.15000000000000568,1.867387237548833,20.0,0.8
1.016,0.0652322769165039,0.0652322769165039,0.0,0.1524,0.14999999999999147,1.8633544616699151,20.0,0.8
1.0170000000000001,0.0652322769165039,0.0652322769165039,0.0,0.15255000000000002,0.14999999999999147,1.8663544616699155,20.0,0.8
1.018,0.0652322769165039,0.0652322769165039,0.0,0.1527,0.14999999999999147,1.8693544616699151,20.0,0.8
1.0190000000000001,0.0652322769165039,0.0652322769165039,0.0,0.15285,0.15000000000000568,1.8723544616699268,20.0,0.8
1.02,0.0652322769165039,0.0652322769165039,-0.008790969848632812,0.153,0.15000000000000568,1.8823872375488326,20.0,0.8
1.0210000000000001,0.0652322769165039,0.0652322769165039,0.008790969848632812,0.15315,0.15000000000000568,1.8713216857910204,20.0,0.8
1.022,0.0652322769165039,0.0652322769165039,0.0,0.1533,0.14999999999999147,1.881354461669915,20.0,0.8
1.0230000000000001,0.0652322769165039,0.0652322769165039,0.0,0.15345,0.14999999999999147,1.884354461669915,20.0,0.8
1.024,0.0652322769165039,0.0652322769165039,0.0,0.1536,0.15000000000000568,1.887354461669926,20.0,0.8
1.025,0.0652322769165039,0.0652322769165039,0.0,0.15374999999999997,0.15000000000000568,1.8903544616699257,20.0,0.8
1.026,0.0652322769165039,0.0652322769165039,0.008790969848632812,0.1539,0.15000000000000568,1.8863216857910206,20.0,0.8
1.027,0.0652322769165039,0.0652322769165039,0.0,0.15405,0.14999999999999147,1.896354461669915,20.0,0.8
1.028,0.0652322769165039,0.0652322769165039,0.0,0.1542,0.15000000000000568,1.8993544616699265,20.0,0.8
1.029,0.0652322769165039,0.0652322769165039,-0.008790969848632812,0.15435,0.14999999999999147,1.909387237548821,20.0,0.8
1.03,0.0652322769165039,0.0652322769165039,0.008790969848632812,0.1545,0.15000000000000568,1.8983216857910201,20.0,0.8
1.031,0.0652322769165039,0.0652322769165039,0.0,0.15464999999999998,0.14999999999997726,1.9083544616699033,20.0,0.8
1.032,0.0652322769165039,0.0652322769165039,-0.008790969848632812,0.1548,0.15000000000000568,1.9183872375488324,20.0,0.8
1.033,0.0652322769165039,0.0652322769165039,0.008790969848632812,0.15494999999999998,0.14999999999999147,1.9073216857910082,20.0,0.8
1.034,0.0652322769165039,0.0652322769165039,-0.017581939697265625,0.1551,0.15000000000000568,1.9314200134277388,20.0,0.8
1.035,0.0652322769165039,0.0652322769165039,0.008790969848632812,0.15524999999999997,0.15000000000000568,1.9133216857910198,20.0,0.8
1.036,0.0652322769165039,0.0652322769165039,0.0,0.1554,0.1500000000000199,1.9233544616699378,20.0,0.8
1.037,0.0652322769165039,0.0652322769165039,0.0,0.15555,0.14999999999997726,1.9263544616699035,20.0,0.8
1.038,0.0652322769165039,0.0652322769165039,0.0,0.1557,0.15000000000000568,1.9293544616699265,20.0,0.8
1.039,0.0652322769165039,0.0652322769165039,0.0,0.15585,0.14999999999997726,1.9323544616699035,20.0,0.8
1.04,0.0652322769165039,0.0652322769165039,0.0,0.156,0.1500000000000199,1.9353544616699379,20.0,0.8
1.041,0.0652322769165039,0.0652322769165039,0.0,0.15614999999999998,0.14999999999999147,1.9383544616699149,20.0,0.8
1.042,0.0652322769165039,0.0652322769165039,0.0,0.1563,0.15000000000000568,1.9413544616699263,20.0,0.8
1.043,0.0652322769165039,0.0652322769165039,0.0,0.15644999999999998,0.14999999999999147,1.9443544616699147,20.0,0.8
1.044,0.0652322769165039,0.0652322769165039,-0.008790969848632812,0.1566,0.15000000000000568,1.9543872375488323,20.0,0.8
1.045,0.0652322769165039,0.0652322769165039,0.008790969848632812,0.15674999999999997,0.14999999999999147,1.943321685791008,20.0,0.8
1.046,0.0652322769165039,0.0652322769165039,0.0,0.1569,0.1500000000000199,1.953354461669938,20.0,0.8
1.047,0.0652322769165039,0.0652322769165039,-0.008790969848632812,0.15705,0.14999999999999147,1.9633872375488213,20.0,0.8
1.048,0.0652322769165039,0.0652322769165039,0.0,0.1572,0.15000000000000568,1.9593544616699266,20.0,0.8
1.049,0.0652322769165039,0.0652322769165039,0.017581939697265625,0.15735,0.15000000000000568,1.9482889099121137,20.0,0.8
1.05,0.0652322769165039,0.0652322769165039,-0.008790969848632812,0.1575,0.14999999999999147,1.9723872375488212,20.0,0.8
1.051,0.0652322769165039,0.0652322769165039,0.0,0.15764999999999998,0.14999999999999147,1.9683544616699147,20.0,0.8
1.052,0.0652322769165039,0.0652322769165039,0.0,0.1578,0.14999999999999147,1.971354461669915,20.0,0.8
1.053,0.0652322769165039,0.0652322769165039,-0.008790969848632812,0.15794999999999998,0.14999999999999147,1.9813872375488208,20.0,0.8
1.054,0.0652322769165039,0.0652322769165039,0.0,0.1581,0.15000000000000568,1.9773544616699263,20.0,0.8
1.055,0.0652322769165039,0.0652322769165039,0.0,0.15824999999999997,0.15000000000000568,1.980354461669926,20.0,0.8
1.056,0.0652322769165039,0.0652322769165039,0.0,0.1584,0.1500000000000199,1.983354461669938,20.0,0.8
1.057,0.0652322769165039,0.0652322769165039,-0.008790969848632812,0.15855,0.14999999999999147,1.993387237548821,20.0,0.8
1.058,0.0652322769165039,0.0652322769165039,0.0,0.1587,0.14999999999999147,1.9893544616699153,20.0,0.8
1.059,0.0652322769165039,0.0652322769165039,0.008790969848632812,0.15885,0.14999999999999147,1.9853216857910085,20.0,0.8
1.06,0.0652322769165039,0.0652322769165039,0.0,0.159,0.15000000000000568,1.9953544616699266,20.0,0.8
1.061,0.0652322769165039,0.0652322769165039,0.008790969848632812,0.15914999999999999,0.14999999999999147,1.9913216857910085,20.0,0.8
1.062,0.0652322769165039,0.0652322769165039,0.0,0.1593,0.15000000000000568,2.0013544616699264,20.0,0.8
1.063,0.0652322769165039,0.0652322769165039,0.0,0.15944999999999998,0.14999999999999147,2.0043544616699145,20.0,0.8
1.064,0.0652322769165039,0.0652322769165039,-0.008790969848632812,0.1596,0.15000000000000568,2.0143872375488323,20.0,0.8
1.065,0.0652322769165039,0.0652322769165039,0.0,0.15974999999999998,0.15000000000000568,2.010354461669926,20.0,0.8
1.066,0.0652322769165039,0.0652322769165039,0.008790969848632812,0.15990000000000001,0.1500000000000199,2.0063216857910318,20.0,0.8
1.067,0.0652322769165039,0.0652322769165039,0.0,0.16005,0.14999999999999147,2.016354461669915,20.0,0.8
1.068,0.0652322769165039,0.0652322769165039,0.008790969848632812,0.1602,0.15000000000000568,2.0123216857910204,20.0,0.8
1.069,0.0652322769165039,0.0652322769165039,0.0,0.16035,0.14999999999997726,2.0223544616699036,20.0,0.8
1.07,0.0652322769165039,0.0652322769165039,0.0,0.1605,0.15000000000000568,2.0253544616699264,20.0,0.8
1.071,0.0652322769165039,0.0652322769165039,0.008790969848632812,0.16065,0.14999999999999147,2.0213216857910083,20.0,0.8
1.072,0.0652322769165039,0.0652322769165039,0.008790969848632812,0.1608,0.1500000000000199,2.0243216857910316,20.0,0.8
1.073,0.0652322769165039,0.0652322769165039,0.008790969848632812,0.16094999999999998,0.14999999999999147,2.0273216857910086,20.0,0.8
1.074,0.0652322769165039,0.0652322769165039,0.0,0.1611,0.15000000000000568,2.0373544616699264,20.0,0.8
1.075,0.0652322769165039,0.0652322769165039,0.008790969848632812,0.16124999999999998,0.15000000000000568,2.03332168579102,20.0,0.8
1.076,0.0652322769165039,0.0652322769165039,-0.008790969848632812,0.16140000000000002,0.1500000000000199,2.0503872375488443,20.0,0.8
1.077,0.0652322769165039,0.0652322769165039,0.017581939697265625,0.16155,0.14999999999997726,2.032288909912091,20.0,0.8
1.078,0.0652322769165039,0.0652322769165039,0.0,0.1617,0.15000000000000568,2.0493544616699264,20.0,0.8
1.079,0.0652322769165039,0.0652322769165039,0.0,0.16185,0.14999999999999147,2.052354461669915,20.0,0.8
1.08,0.0652322769165039,0.0652322769165039,0.008790969848632812,0.162,0.1500000000000199,2.0483216857910316,20.0,0.8
1.081,0.0652322769165039,0.0652322769165039,-0.008790969848632812,0.16215,0.15000000000000568,2.0653872375488325,20.0,0.8
1.082,0.0652322769165039,0.0652322769165039,0.008790969848632812,0.1623,0.15000000000000568,2.0543216857910203,20.0,0.8
1.083,0.0652322769165039,0.0652322769165039,0.008790969848632812,0.16244999999999998,0.14999999999999147,2.0573216857910084,20.0,0.8
1.084,0.0652322769165039,0.0652322769165039,0.0,0.1626,0.14999999999999147,2.0673544616699147,20.0,0.8
1.085,0.0652322769165039,0.0652322769165039,0.0,0.16274999999999998,0.15000000000000568,2.070354461669926,20.0,0.8
1.086,0.0656137466430664,0.0656137466430664,0.008790969848632812,0.16290000000000002,0.1500000000000199,2.058692291259782,20.0,0.8
1.087,0.0656137466430664,0.0656137466430664,0.008790969848632812,0.16305,0.15000000000000568,2.0616922912597704,20.0,0.8
1.088,0.0656137466430664,0.0656137466430664,0.0,0.1632,0.15000000000000568,2.0717250671386767,20.0,0.8
1.089,0.0656137466430664,0.0656137466430664,0.008790969848632812,0.16335,0.14999999999999147,2.0676922912597586,20.0,0.8
1.09,0.0656137466430664,0.0656137466430664,0.008790969848632812,0.1635,0.14999999999999147,2.0706922912597587,20.0,0.8
1.091,0.0656137466430664,0.0656137466430664,0.008790969848632812,0.16365,0.14999999999999147,2.0736922912597584,20.0,0.8
1.092,0.0656137466430664,0.0656137466430664,0.017581939697265625,0.1638,0.15000000000000568,2.069659515380864,20.0,0.8
1.093,0.0656137466430664,0.0656137466430664,0.008790969848632812,0.16394999999999998,0.14999999999999147,2.0796922912597586,20.0,0.8
1.094,0.0656137466430664,0.0656137466430664,0.008790969848632812,0.1641,0.15000000000000568,2.0826922912597703,20.0,0.8
1.095,0.0656137466430664,0.0656137466430664,0.0,0.16424999999999998,0.15000000000000568,2.092725067138676,20.0,0.8
1.096,0.0656137466430664,0.0656137466430664,0.0,0.16440000000000002,0.1500000000000199,2.0957250671386882,20.0,0.8
1.097,0.0656137466430664,0.0656137466430664,0.017581939697265625,0.16455,0.14999999999999147,2.0846595153808525,20.0,0.8
1.098,0.0656137466430664,0.0656137466430664,0.017581939697265625,0.1647,0.15000000000000568,2.087659515380864,20.0,0.8
1.099,0.0656137466430664,0.0656137466430664,0.008790969848632812,0.16485,0.14999999999999147,2.097692291259759,20.0,0.8
1.1,0.0656137466430664,0.0656137466430664,0.008790969848632812,0.165,0.15000000000000568,2.1006922912597705,20.0,0.8
1.101,0.0656137466430664,0.0656137466430664,0.017581939697265625,0.16515,0.14999999999997726,2.096659515380841,20.0,0.8
1.102,0.0656137466430664,0.0656137466430664,0.008790969848632812,0.1653,0.15000000000000568,2.1066922912597703,20.0,0.8
1.103,0.0656137466430664,0.0656137466430664,0.008790969848632812,0.16544999999999999,0.14999999999999147,2.1096922912597584,20.0,0.8
1.104,0.0656137466430664,0.0656137466430664,0.008790969848632812,0.1656,0.1500000000000199,2.112692291259781,20.0,0.8
1.105,0.0656137466430664,0.0656137466430664,0.017581939697265625,0.16574999999999998,0.15000000000000568,2.1086595153808636,20.0,0.8
1.106,0.0656137466430664,0.0656137466430664,0.017581939697265625,0.16590000000000002,0.1500000000000199,2.1116595153808757,20.0,0.8
1.107,0.0656137466430664,0.0656137466430664,0.008790969848632812,0.16605,0.14999999999999147,2.121692291259759,20.0,0.8
1.108,0.0656137466430664,0.0656137466430664,0.017581939697265625,0.16620000000000001,0.15000000000000568,2.1176595153808644,20.0,0.8
1.109,0.0656137466430664,0.0656137466430664,0.017581939697265625,0.16635,0.14999999999997726,2.120659515380841,20.0,0.8
1.11,0.0656137466430664,0.0656137466430664,0.026372909545898438,0.1665,0.15000000000000568,2.1166267395019576,20.0,0.8
1.111,0.0656137466430664,0.0656137466430664,0.017581939697265625,0.16665,0.14999999999999147,2.1266595153808523,20.0,0.8
1.112,0.0656137466430664,0.0656137466430664,0.026372909545898438,0.1668,0.15000000000000568,2.122626739501958,20.0,0.8
1.113,0.0656137466430664,0.0656137466430664,0.026372909545898438,0.16695,0.14999999999999147,2.125626739501946,20.0,0.8
1.114,0.0656137466430664,0.0656137466430664,0.026372909545898438,0.1671,0.15000000000000568,2.1286267395019576,20.0,0.8
1.115,0.0659952163696289,0.0659952163696289,0.043956756591796875,0.16724999999999998,0.14999999999999147,2.1099302673339775,20.0,0.8
1.116,0.0659952163696289,0.0659952163696289,0.03516578674316406,0.16740000000000002,0.1500000000000199,2.119963043212907,20.0,0.8
1.117,0.0659952163696289,0.0659952163696289,0.03516578674316406,0.16755,0.14999999999999147,2.122963043212884,20.0,0.8
1.118,0.0659952163696289,0.0659952163696289,0.03516578674316406,0.16770000000000002,0.1500000000000199,2.1259630432129066,20.0,0.8
1.119,0.0659952163696289,0.0659952163696289,0.043956756591796875,0.16785,0.15000000000000568,2.121930267333989,20.0,0.8
1.12,0.0659952163696289,0.0659952163696289,0.043956756591796875,0.168,0.14999999999999147,2.124930267333978,20.0,0.8
1.121,0.0659952163696289,0.0659952163696289,0.043956756591796875,0.16815,0.14999999999999147,2.1279302673339777,20.0,0.8
1.122,0.0659952163696289,0.0659952163696289,0.043956756591796875,0.1683,0.14999999999999147,2.130930267333978,20.0,0.8
1.123,0.0659952163696289,0.0659952163696289,0.043956756591796875,0.16845,0.14999999999999147,2.1339302673339775,20.0,0.8
1.124,0.0663766860961914,0.0663766860961914,0.026372909545898438,0.1686,0.15000000000000568,2.1433679504394574,20.0,0.8
1.125,0.0663766860961914,0.0663766860961914,0.043956756591796875,0.16874999999999998,0.15000000000000568,2.1323008728027384,20.0,0.8
1.1260000000000001,0.0663766860961914,0.0663766860961914,0.017581939697265625,0.16890000000000002,0.1500000000000199,2.1564007263183758,20.0,0.8
1.127,0.0663766860961914,0.0663766860961914,0.026372909545898438,0.16905,0.14999999999999147,2.1523679504394466,20.0,0.8
1.1280000000000001,0.0663766860961914,0.0663766860961914,0.017581939697265625,0.16920000000000002,0.14999999999999147,2.162400726318353,20.0,0.8
1.129,0.0663766860961914,0.0663766860961914,0.026372909545898438,0.16935,0.14999999999999147,2.1583679504394464,20.0,0.8
1.1300000000000001,0.0663766860961914,0.0663766860961914,0.017581939697265625,0.1695,0.15000000000000568,2.1684007263183642,20.0,0.8
1.131,0.0663766860961914,0.0663766860961914,0.026372909545898438,0.16965,0.14999999999999147,2.164367950439446,20.0,0.8
1.1320000000000001,0.0663766860961914,0.0663766860961914,0.017581939697265625,0.1698,0.15000000000000568,2.174400726318364,20.0,0.8
1.133,0.0663766860961914,0.0663766860961914,0.017581939697265625,0.16995,0.14999999999997726,2.177400726318341,20.0,0.8
1.1340000000000001,0.0663766860961914,0.0663766860961914,0.026372909545898438,0.1701,0.15000000000000568,2.1733679504394576,20.0,0.8
1.135,0.0663766860961914,0.0663766860961914,0.026372909545898438,0.17024999999999998,0.15000000000000568,2.1763679504394573,20.0,0.8
1.1360000000000001,0.0663766860961914,0.0663766860961914,0.026372909545898438,0.17040000000000002,0.1500000000000199,2.1793679504394694,20.0,0.8
1.137,0.0663766860961914,0.0663766860961914,0.017581939697265625,0.17055,0.14999999999999147,2.1894007263183526,20.0,0.8
1.1380000000000001,0.0663766860961914,0.0663766860961914,0.043956756591796875,0.17070000000000002,0.15000000000000568,2.1713008728027394,20.0,0.8
1.139,0.0667581558227539,0.0667581558227539,0.03516578674316406,0.17085,0.14999999999999147,2.1737042541503837,20.0,0.8
1.1400000000000001,0.0667581558227539,0.0667581558227539,0.026372909545898438,0.171,0.15000000000000568,2.183738555908208,20.0,0.8
1.141,0.0667581558227539,0.0667581558227539,0.043956756591796875,0.17115,0.14999999999997726,2.1726714782714662,20.0,0.8
1.1420000000000001,0.0667581558227539,0.0667581558227539,0.03516578674316406,0.1713,0.15000000000000568,2.182704254150395,20.0,0.8
1.143,0.0667581558227539,0.0667581558227539,0.0615386962890625,0.17145,0.14999999999999147,2.164605926513665,20.0,0.8
1.1440000000000001,0.0667581558227539,0.0667581558227539,0.0615386962890625,0.1716,0.15000000000000568,2.1676059265136765,20.0,0.8
1.145,0.0667581558227539,0.0667581558227539,0.07032966613769531,0.17174999999999999,0.15000000000000568,2.16357315063477,20.0,0.8
1.1460000000000001,0.0667581558227539,0.0667581558227539,0.0615386962890625,0.17190000000000003,0.1500000000000199,2.1736059265136882,20.0,0.8
1.147,0.0671396255493164,0.0671396255493164,0.07912063598632812,0.17205,0.14999999999997726,2.1549109802245914,20.0,0.8
1.1480000000000001,0.0671396255493164,0.0671396255493164,0.07912063598632812,0.17220000000000002,0.15000000000000568,2.157910980224614,20.0,0.8
1.149,0.0671396255493164,0.0671396255493164,0.10549545288085938,0.17235,0.14999999999999147,2.1398111267089774,20.0,0.8
1.1500000000000001,0.0671396255493164,0.0671396255493164,0.09670257568359375,0.17250000000000001,0.1500000000000199,2.149845428466813,20.0,0.8
1.151,0.0675210952758789,0.0675210952758789,0.10549545288085938,0.17265,0.14999999999999147,2.1381817321777272,20.0,0.8
1.1520000000000001,0.0675210952758789,0.0675210952758789,0.10549545288085938,0.1728,0.15000000000000568,2.1411817321777393,20.0,0.8
1.153,0.0675210952758789,0.0675210952758789,0.08791160583496094,0.17295,0.14999999999999147,2.158248809814446,20.0,0.8
1.154,0.0675210952758789,0.0675210952758789,0.08791160583496094,0.17309999999999998,0.15000000000000568,2.1612488098144573,20.0,0.8
1.155,0.0679025650024414,0.0679025650024414,0.07032966613769531,0.17325,0.15000000000000568,2.17068496704102,20.0,0.8
1.156,0.0679025650024414,0.0679025650024414,0.0615386962890625,0.17339999999999997,0.15000000000000568,2.180717742919926,20.0,0.8
1.157,0.0679025650024414,0.0679025650024414,0.05274772644042969,0.17355,0.15000000000000568,2.1907505187988328,20.0,0.8
1.158,0.0679025650024414,0.0679025650024414,0.043956756591796875,0.1737,0.14999999999999147,2.2007832946777275,20.0,0.8
1.159,0.0679025650024414,0.0679025650024414,0.043956756591796875,0.17385,0.15000000000000568,2.203783294677739,20.0,0.8
1.16,0.0679025650024414,0.0679025650024414,0.026372909545898438,0.174,0.14999999999999147,2.220850372314446,20.0,0.8
1.161,0.0679025650024414,0.0679025650024414,0.03516578674316406,0.17415,0.15000000000000568,2.216816070556645,20.0,0.8
1.162,0.0679025650024414,0.0679025650024414,0.026372909545898438,0.17429999999999998,0.14999999999999147,2.226850372314446,20.0,0.8
1.163,0.0682840347290039,0.0682840347290039,0.043956756591796875,0.17445,0.14999999999999147,2.2081539001464776,20.0,0.8
1.164,0.0682840347290039,0.0682840347290039,0.03516578674316406,0.17459999999999998,0.14999999999999147,2.2181866760253834,20.0,0.8
1.165,0.0682840347290039,0.0682840347290039,0.07032966613769531,0.17475,0.15000000000000568,2.19305557250977,20.0,0.8
1.166,0.0682840347290039,0.0682840347290039,0.0615386962890625,0.17489999999999997,0.15000000000000568,2.203088348388676,20.0,0.8
1.167,0.0682840347290039,0.0682840347290039,0.07032966613769531,0.17505,0.1500000000000199,2.199055572509782,20.0,0.8
1.168,0.0682840347290039,0.0682840347290039,0.09670257568359375,0.1752,0.14999999999997726,2.1809572448730288,20.0,0.8
1.169,0.0686655044555664,0.0686655044555664,0.10549545288085938,0.17535,0.15000000000000568,2.169293548583989,20.0,0.8
1.17,0.0686655044555664,0.0686655044555664,0.1318683624267578,0.1755,0.14999999999999147,2.1511952209472587,20.0,0.8
1.171,0.0686655044555664,0.0686655044555664,0.1318683624267578,0.17565,0.14999999999999147,2.154195220947259,20.0,0.8
1.172,0.0690469741821289,0.0690469741821289,0.14065933227539062,0.17579999999999998,0.14999999999999147,2.1425330505371023,20.0,0.8
1.173,0.0690469741821289,0.0690469741821289,0.14945030212402344,0.17595,0.15000000000000568,2.138500274658208,20.0,0.8
1.174,0.0694284439086914,0.0694284439086914,0.14945030212402344,0.17609999999999998,0.14999999999999147,2.1338708801269455,20.0,0.8
1.175,0.0694284439086914,0.0694284439086914,0.14065933227539062,0.17625,0.15000000000000568,2.1439036560058637,20.0,0.8
1.176,0.0694284439086914,0.0694284439086914,0.1318683624267578,0.17639999999999997,0.14999999999999147,2.1539364318847585,20.0,0.8
1.177,0.0698099136352539,0.0698099136352539,0.11428642272949219,0.17655,0.1500000000000199,2.163372589111344,20.0,0.8
1.178,0.0698099136352539,0.0698099136352539,0.11428642272949219,0.1767,0.14999999999999147,2.166372589111321,20.0,0.8
1.179,0.0698099136352539,0.0698099136352539,0.14065933227539062,0.17685,0.15000000000000568,2.1482742614746138,20.0,0.8
1.18,0.0701913833618164,0.0701913833618164,0.1318683624267578,0.177,0.14999999999999147,2.150677642822259,20.0,0.8
1.181,0.0701913833618164,0.0701913833618164,0.15824127197265625,0.17715,0.15000000000000568,2.1325793151855517,20.0,0.8
1.182,0.0701913833618164,0.0701913833618164,0.1758251190185547,0.17729999999999999,0.14999999999997726,2.1215122375488096,20.0,0.8
1.183,0.0705728530883789,0.0705728530883789,0.1758251190185547,0.17745,0.15000000000000568,2.116882843017583,20.0,0.8
1.184,0.0705728530883789,0.0705728530883789,0.1758251190185547,0.17759999999999998,0.14999999999997726,2.1198828430175594,20.0,0.8
1.185,0.0709543228149414,0.0709543228149414,0.14065933227539062,0.17775,0.1500000000000199,2.143386077880875,20.0,0.8
1.186,0.0709543228149414,0.0709543228149414,0.14065933227539062,0.17789999999999997,0.15000000000000568,2.146386077880863,20.0,0.8
1.187,0.0709543228149414,0.0709543228149414,0.1318683624267578,0.17805,0.1500000000000199,2.156418853759782,20.0,0.8
1.188,0.0713357925415039,0.0713357925415039,0.11428642272949219,0.1782,0.14999999999999147,2.1658550109863213,20.0,0.8
1.189,0.0713357925415039,0.0713357925415039,0.11428642272949219,0.17835,0.14999999999999147,2.1688550109863214,20.0,0.8
1.19,0.0713357925415039,0.0713357925415039,0.11428642272949219,0.1785,0.14999999999999147,2.171855010986321,20.0,0.8
1.191,0.0717172622680664,0.0717172622680664,0.10549545288085938,0.17865,0.15000000000000568,2.174258392333989,20.0,0.8
1.192,0.0717172622680664,0.0717172622680664,0.123077392578125,0.1788,0.14999999999999147,2.1631928405761647,20.0,0.8
1.193,0.0717172622680664,0.0717172622680664,0.1318683624267578,0.17895,0.15000000000000568,2.1591600646972697,20.0,0.8
1.194,0.0720987319946289,0.0720987319946289,0.11428642272949219,0.17909999999999998,0.14999999999999147,2.168596221923821,20.0,0.8
1.195,0.0720987319946289,0.0720987319946289,0.14945030212402344,0.17925,0.14999999999999147,2.143465118408196,20.0,0.8
1.196,0.0720987319946289,0.0720987319946289,0.123077392578125,0.17939999999999998,0.15000000000000568,2.1675634460449262,20.0,0.8
1.197,0.0724802017211914,0.0724802017211914,0.123077392578125,0.17955000000000002,0.1500000000000199,2.162934051513688,20.0,0.8
1.198,0.0724802017211914,0.0724802017211914,0.123077392578125,0.1797,0.14999999999999147,2.165934051513665,20.0,0.8
1.199,0.0724802017211914,0.0724802017211914,0.11428642272949219,0.17985,0.15000000000000568,2.175966827392583,20.0,0.8
1.2,0.0728616714477539,0.0728616714477539,0.11428642272949219,0.18,0.14999999999999147,2.171337432861321,20.0,0.8
1.201,0.0728616714477539,0.0728616714477539,0.11428642272949219,0.18015,0.15000000000000568,2.174337432861333,20.0,0.8
1.202,0.0728616714477539,0.0728616714477539,0.11428642272949219,0.1803,0.14999999999999147,2.177337432861321,20.0,0.8
1.203,0.0732431411743164,0.0732431411743164,0.1318683624267578,0.18045,0.14999999999999147,2.158642486572259,20.0,0.8
1.204,0.0732431411743164,0.0732431411743164,0.14065933227539062,0.18059999999999998,0.14999999999999147,2.1546097106933524,20.0,0.8
1.205,0.0732431411743164,0.0732431411743164,0.1318683624267578,0.18075,0.15000000000000568,2.1646424865722698,20.0,0.8
1.206,0.0736246109008789,0.0736246109008789,0.15824127197265625,0.18089999999999998,0.15000000000000568,2.138914764404301,20.0,0.8
1.207,0.0736246109008789,0.0736246109008789,0.14065933227539062,0.18105000000000002,0.1500000000000199,2.155980316162126,20.0,0.8
1.208,0.0736246109008789,0.0736246109008789,0.123077392578125,0.1812,0.14999999999999147,2.173045867919915,20.0,0.8
1.209,0.0740060806274414,0.0740060806274414,0.123077392578125,0.18135,0.15000000000000568,2.168416473388677,20.0,0.8
1.21,0.0740060806274414,0.0740060806274414,0.123077392578125,0.1815,0.14999999999999147,2.171416473388665,20.0,0.8
1.211,0.0740060806274414,0.0740060806274414,0.14065933227539062,0.18165,0.15000000000000568,2.160350921630864,20.0,0.8
1.212,0.0743875503540039,0.0743875503540039,0.1318683624267578,0.1818,0.14999999999999147,2.1627543029785086,20.0,0.8
1.213,0.0743875503540039,0.0743875503540039,0.14945030212402344,0.18195,0.15000000000000568,2.151688751220708,20.0,0.8
1.214,0.0743875503540039,0.0743875503540039,0.14945030212402344,0.18209999999999998,0.14999999999997726,2.1546887512206845,20.0,0.8
1.215,0.0747690200805664,0.0747690200805664,0.14945030212402344,0.18225,0.15000000000000568,2.1500593566894577,20.0,0.8
1.216,0.0747690200805664,0.0747690200805664,0.14065933227539062,0.18239999999999998,0.15000000000000568,2.1600921325683635,20.0,0.8
1.217,0.0751504898071289,0.0751504898071289,0.123077392578125,0.18255000000000002,0.1500000000000341,2.1695282897949495,20.0,0.8
1.218,0.0751504898071289,0.0751504898071289,0.11428642272949219,0.1827,0.14999999999999147,2.179561065673821,20.0,0.8
1.219,0.0751504898071289,0.0751504898071289,0.123077392578125,0.18285,0.15000000000000568,2.1755282897949266,20.0,0.8
1.22,0.0755319595336914,0.0755319595336914,0.123077392578125,0.183,0.14999999999997726,2.1708988952636536,20.0,0.8
1.221,0.0755319595336914,0.0755319595336914,0.11428642272949219,0.18315,0.15000000000000568,2.180931671142583,20.0,0.8
1.222,0.0755319595336914,0.0755319595336914,0.14065933227539062,0.1833,0.14999999999997726,2.162833343505841,20.0,0.8
1.223,0.0759134292602539,0.0759134292602539,0.14065933227539062,0.18345,0.1500000000000199,2.1582039489746254,20.0,0.8
1.224,0.0759134292602539,0.0759134292602539,0.14945030212402344,0.18359999999999999,0.15000000000000568,2.1541711730957074,20.0,0.8
1.225,0.0759134292602539,0.0759134292602539,0.14945030212402344,0.18375,0.15000000000000568,2.1571711730957075,20.0,0.8
1.226,0.0762948989868164,0.0762948989868164,0.14065933227539062,0.18389999999999998,0.15000000000000568,2.1595745544433633,20.0,0.8
1.227,0.0762948989868164,0.0762948989868164,0.15824127197265625,0.18405000000000002,0.15000000000000568,2.148509002685552,20.0,0.8
1.228,0.0766763687133789,0.0766763687133789,0.1758251190185547,0.1842,0.14999999999999147,2.1298125305175715,20.0,0.8
1.229,0.0766763687133789,0.0766763687133789,0.1758251190185547,0.18435,0.15000000000000568,2.132812530517583,20.0,0.8
1.23,0.0770578384399414,0.0770578384399414,0.1934070587158203,0.1845,0.14999999999999147,2.114117584228509,20.0,0.8
1.231,0.0770578384399414,0.0770578384399414,0.22857093811035156,0.18465,0.15000000000000568,2.088986480712895,20.0,0.8
1.232,0.0774393081665039,0.0774393081665039,0.22857093811035156,0.1848,0.14999999999999147,2.0843570861816336,20.0,0.8
1.233,0.0774393081665039,0.0774393081665039,0.21977996826171875,0.18495,0.15000000000000568,2.0943898620605514,20.0,0.8
1.234,0.0778207778930664,0.0778207778930664,0.21977996826171875,0.1851,0.14999999999999147,2.08976046752929,20.0,0.8
1.235,0.0778207778930664,0.0778207778930664,0.20219802856445312,0.18525,0.14999999999999147,2.1068260192871024,20.0,0.8
1.236,0.0782022476196289,0.0782022476196289,0.1934070587158203,0.18539999999999998,0.15000000000000568,2.10922940063477,20.0,0.8
1.237,0.0785837173461914,0.0785837173461914,0.24615478515625,0.18555000000000002,0.1500000000000199,2.062401824951188,20.0,0.8
1.238,0.0785837173461914,0.0785837173461914,0.27252769470214844,0.1857,0.14999999999999147,2.0443034973144463,20.0,0.8
1.239,0.0789651870727539,0.0789651870727539,0.23736190795898438,0.18585000000000002,0.15000000000000568,2.0678067321777394,20.0,0.8
1.24,0.0793466567993164,0.0793466567993164,0.24615478515625,0.186,0.14999999999999147,2.056143035888665,20.0,0.8
1.241,0.0793466567993164,0.0793466567993164,0.21977996826171875,0.18615,0.15000000000000568,2.080242889404302,20.0,0.8
1.242,0.0797281265258789,0.0797281265258789,0.1934070587158203,0.1863,0.14999999999999147,2.096711822509759,20.0,0.8
1.243,0.0797281265258789,0.0797281265258789,0.20219802856445312,0.18645,0.15000000000000568,2.092679046630864,20.0,0.8
1.244,0.0801095962524414,0.0801095962524414,0.1934070587158203,0.1866,0.14999999999999147,2.0950824279785087,20.0,0.8
1.245,0.0801095962524414,0.0801095962524414,0.21098899841308594,0.18675,0.15000000000000568,2.0840168762207076,20.0,0.8
1.246,0.0804910659790039,0.0804910659790039,0.1934070587158203,0.18689999999999998,0.14999999999999147,2.0934530334472585,20.0,0.8
1.247,0.0804910659790039,0.0804910659790039,0.1934070587158203,0.18705000000000002,0.1500000000000199,2.096453033447282,20.0,0.8
1.248,0.0808725357055664,0.0808725357055664,0.1758251190185547,0.1872,0.14999999999999147,2.1058891906738215,20.0,0.8
1.249,0.0808725357055664,0.0808725357055664,0.1846160888671875,0.18735000000000002,0.1500000000000199,2.101856414794938,20.0,0.8
1.25,0.0812540054321289,0.0812540054321289,0.1758251190185547,0.1875,0.14999999999999147,2.1042597961425713,20.0,0.8
1.2510000000000001,0.0812540054321289,0.0812540054321289,0.1846160888671875,0.18765,0.15000000000000568,2.1002270202636764,20.0,0.8
1.252,0.0816354751586914,0.0816354751586914,0.21098899841308594,0.1878,0.14999999999997726,2.074499298095685,20.0,0.8
1.2530000000000001,0.0816354751586914,0.0816354751586914,0.1934070587158203,0.18795,0.15000000000000568,2.0915648498535204,20.0,0.8
1.254,0.0820169448852539,0.0820169448852539,0.1934070587158203,0.1881,0.14999999999997726,2.086935455322247,20.0,0.8
1.2550000000000001,0.0820169448852539,0.0820169448852539,0.15824127197265625,0.18825,0.1500000000000199,2.1180680847168127,20.0,0.8
1.256,0.0823984146118164,0.0823984146118164,0.14945030212402344,0.18839999999999998,0.15000000000000568,2.1204714660644575,20.0,0.8
1.2570000000000001,0.0823984146118164,0.0823984146118164,0.1758251190185547,0.18855000000000002,0.1500000000000199,2.1023716125488443,20.0,0.8
1.258,0.0823984146118164,0.0823984146118164,0.1758251190185547,0.1887,0.14999999999997726,2.10537161254881,20.0,0.8
1.2590000000000001,0.0827798843383789,0.0827798843383789,0.20219802856445312,0.18885000000000002,0.15000000000000568,2.079643890380864,20.0,0.8
1.26,0.0831613540649414,0.0831613540649414,0.20219802856445312,0.189,0.14999999999999147,2.0750144958496026,20.0,0.8
1.2610000000000001,0.0831613540649414,0.0831613540649414,0.20219802856445312,0.18915,0.15000000000000568,2.0780144958496143,20.0,0.8
1.262,0.0835428237915039,0.0835428237915039,0.1846160888671875,0.1893,0.14999999999999147,2.087450653076165,20.0,0.8
1.2630000000000001,0.0835428237915039,0.0835428237915039,0.1758251190185547,0.18945,0.15000000000000568,2.097483428955083,20.0,0.8
1.264,0.0839242935180664,0.0839242935180664,0.1934070587158203,0.1896,0.14999999999999147,2.078788482666009,20.0,0.8
1.2650000000000001,0.0839242935180664,0.0839242935180664,0.20219802856445312,0.18975,0.14999999999999147,2.0747557067871023,20.0,0.8
1.266,0.0843057632446289,0.0843057632446289,0.20219802856445312,0.18989999999999999,0.15000000000000568,2.0701263122558635,20.0,0.8
1.2670000000000001,0.0843057632446289,0.0843057632446289,0.20219802856445312,0.19005000000000002,0.15000000000000568,2.0731263122558645,20.0,0.8
1.268,0.0846872329711914,0.0846872329711914,0.21098899841308594,0.1902,0.14999999999999147,2.0614641418456965,20.0,0.8
1.2690000000000001,0.0846872329711914,0.0846872329711914,0.21098899841308594,0.19035000000000002,0.15000000000000568,2.064464141845708,20.0,0.8
1.27,0.0850687026977539,0.0850687026977539,0.21098899841308594,0.1905,0.14999999999999147,2.0598347473144463,20.0,0.8
1.2710000000000001,0.0850687026977539,0.0850687026977539,0.22857093811035156,0.19065000000000001,0.15000000000000568,2.048769195556645,20.0,0.8
1.272,0.0854501724243164,0.0854501724243164,0.2637367248535156,0.1908,0.14999999999999147,2.0160071716308523,20.0,0.8
1.2730000000000001,0.0858316421508789,0.0858316421508789,0.2637367248535156,0.19095,0.14999999999999147,2.0113777770996024,20.0,0.8
1.274,0.0858316421508789,0.0858316421508789,0.27252769470214844,0.1911,0.14999999999999147,2.0073450012206964,20.0,0.8
1.2750000000000001,0.0862131118774414,0.0862131118774414,0.23736190795898438,0.19125,0.15000000000000568,2.030848236083989,20.0,0.8
1.276,0.0865945816040039,0.0865945816040039,0.22857093811035156,0.1914,0.15000000000000568,2.033251617431645,20.0,0.8
1.2770000000000001,0.0865945816040039,0.0865945816040039,0.2549457550048828,0.19155000000000003,0.1500000000000199,2.015151763916032,20.0,0.8
1.278,0.0869760513305664,0.0869760513305664,0.29010963439941406,0.1917,0.14999999999997726,1.9823912658691225,20.0,0.8
1.2790000000000001,0.0873575210571289,0.0873575210571289,0.2989006042480469,0.19185000000000002,0.15000000000000568,1.9707290954589896,20.0,0.8
1.28,0.0877389907836914,0.0877389907836914,0.28131866455078125,0.192,0.14999999999999147,1.98016525268554,20.0,0.8
1.281,0.0877389907836914,0.0877389907836914,0.27252769470214844,0.19215,0.14999999999997726,1.990198028564435,20.0,0.8
1.282,0.0881204605102539,0.0881204605102539,0.2637367248535156,0.1923,0.15000000000000568,1.992601409912114,20.0,0.8
1.283,0.0885019302368164,0.0885019302368164,0.22857093811035156,0.19244999999999998,0.14999999999999147,2.0161046447753836,20.0,0.8
1.284,0.0885019302368164,0.0885019302368164,0.24615478515625,0.1926,0.1500000000000199,2.0050375671386877,20.0,0.8
1.285,0.0888833999633789,0.0888833999633789,0.23736190795898438,0.19274999999999998,0.14999999999999147,2.0074424743652273,20.0,0.8
1.286,0.0888833999633789,0.0888833999633789,0.22857093811035156,0.1929,0.15000000000000568,2.0174752502441446,20.0,0.8
1.287,0.0892648696899414,0.0892648696899414,0.22857093811035156,0.19304999999999997,0.14999999999999147,2.012845855712883,20.0,0.8
1.288,0.0896463394165039,0.0896463394165039,0.20219802856445312,0.1932,0.1500000000000199,2.029314788818376,20.0,0.8
1.289,0.0896463394165039,0.0896463394165039,0.22857093811035156,0.19335,0.14999999999997726,2.0112164611816223,20.0,0.8
1.29,0.0900278091430664,0.0900278091430664,0.21977996826171875,0.1935,0.1500000000000199,2.013619842529313,20.0,0.8
1.291,0.0900278091430664,0.0900278091430664,0.21977996826171875,0.19365,0.14999999999999147,2.01661984252929,20.0,0.8
1.292,0.0904092788696289,0.0904092788696289,0.20219802856445312,0.1938,0.1500000000000199,2.0260559997558754,20.0,0.8
1.293,0.0904092788696289,0.0904092788696289,0.16703224182128906,0.19394999999999998,0.14999999999997726,2.057188629150372,20.0,0.8
1.294,0.0907907485961914,0.0907907485961914,0.1934070587158203,0.1941,0.15000000000000568,2.0314593811035198,20.0,0.8
1.295,0.0907907485961914,0.0907907485961914,0.1846160888671875,0.19424999999999998,0.14999999999999147,2.041492156982415,20.0,0.8
1.296,0.0911722183227539,0.0911722183227539,0.21977996826171875,0.1944,0.15000000000000568,2.0087316589355515,20.0,0.8
1.297,0.0911722183227539,0.0911722183227539,0.21977996826171875,0.19454999999999997,0.15000000000000568,2.011731658935551,20.0,0.8
1.298,0.0915536880493164,0.0915536880493164,0.21098899841308594,0.1947,0.1500000000000199,2.014135040283219,20.0,0.8
1.299,0.0915536880493164,0.0915536880493164,0.1846160888671875,0.19485,0.15000000000000568,2.038233367919926,20.0,0.8
1.3,0.0919351577758789,0.0919351577758789,0.20219802856445312,0.195,0.15000000000000568,2.0195384216308643,20.0,0.8
1.301,0.0919351577758789,0.0919351577758789,0.1934070587158203,0.19515,0.14999999999999147,2.0295711975097586,20.0,0.8
1.302,0.0923166275024414,0.0923166275024414,0.21098899841308594,0.1953,0.14999999999999147,2.0108762512206964,20.0,0.8
1.303,0.0926980972290039,0.0926980972290039,0.21977996826171875,0.19544999999999998,0.14999999999999147,1.9992140808105399,20.0,0.8
1.304,0.0926980972290039,0.0926980972290039,0.22857093811035156,0.1956,0.15000000000000568,1.9951813049316451,20.0,0.8
1.305,0.0930795669555664,0.0930795669555664,0.21977996826171875,0.19574999999999998,0.14999999999999147,1.9975846862792896,20.0,0.8
1.306,0.0930795669555664,0.0930795669555664,0.22857093811035156,0.1959,0.15000000000000568,1.993551910400395,20.0,0.8
1.307,0.0934610366821289,0.0934610366821289,0.2637367248535156,0.19604999999999997,0.15000000000000568,1.9607898864746134,20.0,0.8
1.308,0.09384346008300781,0.09384346008300781,0.27252769470214844,0.1962,0.15000000000000568,1.9491086425781299,20.0,0.8
1.309,0.09422492980957031,0.09422492980957031,0.2989006042480469,0.19635,0.14999999999999147,1.9233809204101495,20.0,0.8
1.31,0.09422492980957031,0.09422492980957031,0.28131866455078125,0.1965,0.15000000000000568,1.9404464721679735,20.0,0.8
1.311,0.09460639953613281,0.09460639953613281,0.2549457550048828,0.19665,0.14999999999999147,1.9569154052734306,20.0,0.8
1.312,0.09498786926269531,0.09498786926269531,0.2549457550048828,0.1968,0.15000000000000568,1.952286010742192,20.0,0.8
1.313,0.09498786926269531,0.09498786926269531,0.2989006042480469,0.19695,0.14999999999997726,1.9201221313476378,20.0,0.8
1.314,0.09536933898925781,0.09536933898925781,0.3252754211425781,0.1971,0.15000000000000568,1.894392883300786,20.0,0.8
1.315,0.09575080871582031,0.09575080871582031,0.3076915740966797,0.19724999999999998,0.14999999999999147,1.9038305664062425,20.0,0.8
1.316,0.09613227844238281,0.09613227844238281,0.29010963439941406,0.1974,0.15000000000000568,1.913266723632817,20.0,0.8
1.317,0.09651374816894531,0.09651374816894531,0.2637367248535156,0.19754999999999998,0.15000000000000568,1.9297356567382855,20.0,0.8
1.318,0.09651374816894531,0.09651374816894531,0.2637367248535156,0.19770000000000001,0.1500000000000199,1.9327356567382974,20.0,0.8
1.319,0.09689521789550781,0.09689521789550781,0.27252769470214844,0.19785,0.14999999999997726,1.9210734863281067,20.0,0.8
1.32,0.09727668762207031,0.09727668762207031,0.2549457550048828,0.198,0.15000000000000568,1.930509643554692,20.0,0.8
1.321,0.09727668762207031,0.09727668762207031,0.24615478515625,0.19815,0.14999999999997726,1.9405424194335756,20.0,0.8
1.322,0.09765815734863281,0.09765815734863281,0.23736190795898438,0.1983,0.1500000000000199,1.9429473266601724,20.0,0.8
1.323,0.09765815734863281,0.09765815734863281,0.23736190795898438,0.19845,0.14999999999999147,1.9459473266601492,20.0,0.8
1.324,0.09803962707519531,0.09803962707519531,0.22857093811035156,0.1986,0.15000000000000568,1.948350708007817,20.0,0.8
1.325,0.09842109680175781,0.09842109680175781,0.23736190795898438,0.19874999999999998,0.14999999999997726,1.9366885375976377,20.0,0.8
1.326,0.09842109680175781,0.09842109680175781,0.21098899841308594,0.1989,0.15000000000000568,1.9607868652343794,20.0,0.8
1.327,0.09880256652832031,0.09880256652832031,0.20219802856445312,0.19904999999999998,0.14999999999999147,1.963190246582024,20.0,0.8
1.328,0.09880256652832031,0.09880256652832031,0.1934070587158203,0.19920000000000002,0.1500000000000341,1.9732230224609653,20.0,0.8
1.329,0.09918403625488281,0.09918403625488281,0.20219802856445312,0.19935,0.14999999999997726,1.9615608520507632,20.0,0.8
1.33,0.09918403625488281,0.09918403625488281,0.21977996826171875,0.1995,0.1500000000000199,1.9504953002929848,20.0,0.8
1.331,0.09956550598144531,0.09956550598144531,0.23736190795898438,0.19965,0.15000000000000568,1.9318003540039106,20.0,0.8
1.332,0.09994697570800781,0.09994697570800781,0.23736190795898438,0.1998,0.14999999999999147,1.9271709594726494,20.0,0.8
1.333,0.09994697570800781,0.09994697570800781,0.22857093811035156,0.19995,0.14999999999999147,1.9372037353515554,20.0,0.8
1.334,0.10032844543457031,0.10032844543457031,0.22857093811035156,0.2001,0.14999999999999147,1.9325743408203058,20.0,0.8
1.335,0.10032844543457031,0.10032844543457031,0.24615478515625,0.20024999999999998,0.14999999999999147,1.9215072631835866,20.0,0.8
1.336,0.10070991516113281,0.10070991516113281,0.23736190795898438,0.2004,0.15000000000000568,1.9239121704101607,20.0,0.8
1.337,0.10109138488769531,0.10109138488769531,0.2549457550048828,0.20054999999999998,0.15000000000000568,1.9052156982421917,20.0,0.8
1.338,0.10109138488769531,0.10109138488769531,0.2549457550048828,0.20070000000000002,0.1500000000000199,1.9082156982422036,20.0,0.8
1.339,0.10147285461425781,0.10147285461425781,0.2637367248535156,0.20085,0.14999999999999147,1.8965535278320242,20.0,0.8
1.34,0.10185432434082031,0.10185432434082031,0.2989006042480469,0.201,0.14999999999999147,1.8637930297851497,20.0,0.8
1.341,0.10223579406738281,0.10223579406738281,0.3076915740966797,0.20115,0.14999999999999147,1.852130859374993,20.0,0.8
1.342,0.10261726379394531,0.10261726379394531,0.3252754211425781,0.2013,0.15000000000000568,1.833434387207036,20.0,0.8
1.343,0.10261726379394531,0.10261726379394531,0.29010963439941406,0.20145,0.14999999999999147,1.8645670166015555,20.0,0.8
1.344,0.10299873352050781,0.10299873352050781,0.2549457550048828,0.2016,0.15000000000000568,1.888068725585942,20.0,0.8
1.345,0.10338020324707031,0.10338020324707031,0.2989006042480469,0.20174999999999998,0.14999999999997726,1.8482754516601378,20.0,0.8
1.346,0.10376167297363281,0.10376167297363281,0.34285736083984375,0.2019,0.15000000000000568,1.808480651855473,20.0,0.8
1.347,0.10414314270019531,0.10414314270019531,0.3252754211425781,0.20204999999999998,0.15000000000000568,1.8179168090820352,20.0,0.8
1.348,0.10414314270019531,0.10414314270019531,0.3076915740966797,0.20220000000000002,0.1500000000000199,1.8349838867187664,20.0,0.8
1.349,0.10452461242675781,0.10452461242675781,0.27252769470214844,0.20235,0.14999999999999147,1.8584855957031183,20.0,0.8
1.35,0.10490608215332031,0.10490608215332031,0.2549457550048828,0.2025,0.15000000000000568,1.8679217529296923,20.0,0.8
1.351,0.10490608215332031,0.10490608215332031,0.2549457550048828,0.20265,0.14999999999997726,1.8709217529296693,20.0,0.8
1.352,0.10528755187988281,0.10528755187988281,0.2549457550048828,0.2028,0.15000000000000568,1.866292358398442,20.0,0.8
1.353,0.10566902160644531,0.10566902160644531,0.23736190795898438,0.20295,0.14999999999999147,1.875730041503899,20.0,0.8
1.354,0.10566902160644531,0.10566902160644531,0.24615478515625,0.2031,0.1500000000000199,1.8716957397461098,20.0,0.8
1.355,0.10605049133300781,0.10605049133300781,0.23736190795898438,0.20325,0.14999999999999147,1.874100646972649,20.0,0.8
1.356,0.10643196105957031,0.10643196105957031,0.23736190795898438,0.2034,0.15000000000000568,1.8694712524414108,20.0,0.8
1.357,0.10643196105957031,0.10643196105957031,0.23736190795898438,0.20354999999999998,0.14999999999999147,1.8724712524413991,20.0,0.8
1.358,0.10681343078613281,0.10681343078613281,0.24615478515625,0.20370000000000002,0.1500000000000199,1.86080755615236,20.0,0.8
1.359,0.10681343078613281,0.10681343078613281,0.21977996826171875,0.20385,0.14999999999997726,1.8849074096679506,20.0,0.8
1.36,0.10719490051269531,0.10719490051269531,0.1846160888671875,0.20400000000000001,0.1500000000000199,1.90840911865236,20.0,0.8
1.361,0.10719490051269531,0.10719490051269531,0.21977996826171875,0.20415,0.14999999999999147,1.883278015136712,20.0,0.8
1.362,0.10757637023925781,0.10757637023925781,0.21977996826171875,0.2043,0.1500000000000199,1.8786486206054849,20.0,0.8
1.363,0.10795783996582031,0.10795783996582031,0.23736190795898438,0.20445,0.14999999999999147,1.8599536743163994,20.0,0.8
1.364,0.10795783996582031,0.10795783996582031,0.22857093811035156,0.2046,0.15000000000000568,1.8699864501953172,20.0,0.8
1.365,0.10833930969238281,0.10833930969238281,0.21977996826171875,0.20475,0.14999999999999147,1.8723898315429617,20.0,0.8
1.366,0.10833930969238281,0.10833930969238281,0.21098899841308594,0.2049,0.14999999999999147,1.882422607421868,20.0,0.8
1.367,0.10872077941894531,0.10872077941894531,0.21098899841308594,0.20504999999999998,0.15000000000000568,1.8777932128906292,20.0,0.8
1.368,0.10872077941894531,0.10872077941894531,0.21977996826171875,0.20520000000000002,0.1500000000000199,1.8737604370117351,20.0,0.8
1.369,0.10910224914550781,0.10910224914550781,0.22857093811035156,0.20535,0.15000000000000568,1.8620982666015673,20.0,0.8
1.37,0.10948371887207031,0.10948371887207031,0.21977996826171875,0.20550000000000002,0.15000000000000568,1.8645016479492236,20.0,0.8
1.371,0.10948371887207031,0.10948371887207031,0.23736190795898438,0.20565,0.14999999999999147,1.8534360961913994,20.0,0.8
1.372,0.10986518859863281,0.10986518859863281,0.23736190795898438,0.2058,0.14999999999999147,1.8488067016601495,20.0,0.8
1.373,0.11024665832519531,0.11024665832519531,0.24615478515625,0.20595,0.14999999999999147,1.8371430053710867,20.0,0.8
1.374,0.11024665832519531,0.11024665832519531,0.29010963439941406,0.2061,0.15000000000000568,1.804979125976567,20.0,0.8
1.375,0.11062812805175781,0.11062812805175781,0.2989006042480469,0.20625,0.14999999999999147,1.7933169555663993,20.0,0.8
1.3760000000000001,0.11100959777832031,0.11100959777832031,0.2637367248535156,0.2064,0.15000000000000568,1.816818664550786,20.0,0.8
1.377,0.11100959777832031,0.11100959777832031,0.2549457550048828,0.20654999999999998,0.15000000000000568,1.8268514404296918,20.0,0.8
1.3780000000000001,0.11139106750488281,0.11139106750488281,0.24615478515625,0.20670000000000002,0.1500000000000199,1.82925482177736,20.0,0.8
1.379,0.11177253723144531,0.11177253723144531,0.29010963439941406,0.20685,0.14999999999999147,1.7894615478515556,20.0,0.8
1.3800000000000001,0.11215400695800781,0.11215400695800781,0.3076915740966797,0.20700000000000002,0.15000000000000568,1.770766601562505,20.0,0.8
1.381,0.11215400695800781,0.11215400695800781,0.3164844512939453,0.20715,0.14999999999999147,1.7667322998046806,20.0,0.8
1.3820000000000001,0.11253547668457031,0.11253547668457031,0.29010963439941406,0.2073,0.15000000000000568,1.7832027587890673,20.0,0.8
1.383,0.11291694641113281,0.11291694641113281,0.2549457550048828,0.20745,0.14999999999997726,1.8067044677734194,20.0,0.8
1.3840000000000001,0.11329841613769531,0.11329841613769531,0.2549457550048828,0.2076,0.15000000000000568,1.8020750732421922,20.0,0.8
1.385,0.11329841613769531,0.11329841613769531,0.24615478515625,0.20775,0.14999999999999147,1.8121078491210867,20.0,0.8
1.3860000000000001,0.11367988586425781,0.11367988586425781,0.2549457550048828,0.2079,0.1500000000000199,1.8004456787109533,20.0,0.8
1.387,0.11406135559082031,0.11406135559082031,0.22857093811035156,0.20804999999999998,0.15000000000000568,1.8169161376953167,20.0,0.8
1.3880000000000001,0.11406135559082031,0.11406135559082031,0.22857093811035156,0.20820000000000002,0.1500000000000199,1.819916137695329,20.0,0.8
1.389,0.11444282531738281,0.11444282531738281,0.21977996826171875,0.20835,0.14999999999997726,1.8223195190429509,20.0,0.8
1.3900000000000001,0.11444282531738281,0.11444282531738281,0.21098899841308594,0.20850000000000002,0.15000000000000568,1.83235229492188,20.0,0.8
1.391,0.11482429504394531,0.11482429504394531,0.22857093811035156,0.20865,0.14999999999997726,1.8136573486327943,20.0,0.8
1.3920000000000001,0.11482429504394531,0.11482429504394531,0.22857093811035156,0.2088,0.1500000000000199,1.8166573486328286,20.0,0.8
1.393,0.11520576477050781,0.11520576477050781,0.21098899841308594,0.20895,0.14999999999999147,1.826093505859368,20.0,0.8
1.3940000000000001,0.11520576477050781,0.11520576477050781,0.1846160888671875,0.2091,0.1500000000000199,1.8501918334961098,20.0,0.8
1.395,0.11558723449707031,0.11558723449707031,0.1846160888671875,0.20925,0.14999999999999147,1.8455624389648368,20.0,0.8
1.3960000000000001,0.11596870422363281,0.11596870422363281,0.21977996826171875,0.2094,0.15000000000000568,1.8128019409179734,20.0,0.8
1.397,0.11596870422363281,0.11596870422363281,0.22857093811035156,0.20955,0.14999999999999147,1.8087691650390556,20.0,0.8
1.3980000000000001,0.11635017395019531,0.11635017395019531,0.22857093811035156,0.20970000000000003,0.1500000000000199,1.8041397705078288,20.0,0.8
1.399,0.11635017395019531,0.11635017395019531,0.24615478515625,0.20985,0.14999999999997726,1.7930726928710756,20.0,0.8
1.4000000000000001,0.11673164367675781,0.11673164367675781,0.21098899841308594,0.21000000000000002,0.1500000000000199,1.8165759277343914,20.0,0.8
1.401,0.11673164367675781,0.11673164367675781,0.21977996826171875,0.21015,0.15000000000000568,1.8125431518554733,20.0,0.8
1.4020000000000001,0.11711311340332031,0.11711311340332031,0.21977996826171875,0.21030000000000001,0.14999999999999147,1.8079137573242123,20.0,0.8
1.403,0.11749458312988281,0.11749458312988281,0.23736190795898438,0.21045,0.14999999999999147,1.7892188110351495,20.0,0.8
1.4040000000000001,0.11749458312988281,0.11749458312988281,0.22857093811035156,0.2106,0.14999999999999147,1.799251586914056,20.0,0.8
1.405,0.11787605285644531,0.11787605285644531,0.22857093811035156,0.21075,0.14999999999999147,1.7946221923828056,20.0,0.8
1.4060000000000001,0.11825752258300781,0.11825752258300781,0.24615478515625,0.2109,0.15000000000000568,1.7759257202148482,20.0,0.8
1.407,0.11825752258300781,0.11825752258300781,0.2637367248535156,0.21105,0.15000000000000568,1.7648601684570355,20.0,0.8
1.408,0.11863899230957031,0.11863899230957031,0.2637367248535156,0.21119999999999997,0.15000000000000568,1.7602307739257852,20.0,0.8
1.409,0.11902046203613281,0.11902046203613281,0.3076915740966797,0.21135,0.1500000000000199,1.7204375000000163,20.0,0.8
1.41,0.11902046203613281,0.11902046203613281,0.28131866455078125,0.2115,0.14999999999999147,1.744535827636712,20.0,0.8
1.411,0.11940193176269531,0.11940193176269531,0.2549457550048828,0.21165,0.15000000000000568,1.7610047607421921,20.0,0.8
1.412,0.11978340148925781,0.11978340148925781,0.22857093811035156,0.2118,0.14999999999999147,1.7774752197265555,20.0,0.8
1.413,0.11978340148925781,0.11978340148925781,0.28131866455078125,0.21195,0.15000000000000568,1.7382770385742232,20.0,0.8
1.414,0.12016487121582031,0.12016487121582031,0.27252769470214844,0.21209999999999998,0.14999999999999147,1.7406804199218677,20.0,0.8
1.415,0.12054634094238281,0.12054634094238281,0.28131866455078125,0.21225,0.15000000000000568,1.7290182495117232,20.0,0.8
1.416,0.12092781066894531,0.12092781066894531,0.27252769470214844,0.21239999999999998,0.14999999999999147,1.7314216308593677,20.0,0.8
1.417,0.12092781066894531,0.12092781066894531,0.23736190795898438,0.21255,0.15000000000000568,1.7625542602539106,20.0,0.8
1.418,0.12130928039550781,0.12130928039550781,0.2637367248535156,0.21269999999999997,0.14999999999999147,1.736825012207024,20.0,0.8
1.419,0.12130928039550781,0.12130928039550781,0.20219802856445312,0.21285,0.1500000000000199,1.7890559692382972,20.0,0.8
1.42,0.12169075012207031,0.12169075012207031,0.21977996826171875,0.213,0.14999999999999147,1.7703610229492117,20.0,0.8
1.421,0.12207221984863281,0.12207221984863281,0.22857093811035156,0.21315,0.1500000000000199,1.7586988525390785,20.0,0.8
1.422,0.12207221984863281,0.12207221984863281,0.21098899841308594,0.2133,0.14999999999999147,1.7757644042968679,20.0,0.8
1.423,0.12245368957519531,0.12245368957519531,0.21977996826171875,0.21345,0.15000000000000568,1.7641022338867234,20.0,0.8
1.424,0.12245368957519531,0.12245368957519531,0.20219802856445312,0.21359999999999998,0.14999999999997726,1.781167785644513,20.0,0.8
1.425,0.12283515930175781,0.12283515930175781,0.1934070587158203,0.21375,0.15000000000000568,1.7835711669921919,20.0,0.8
1.426,0.12283515930175781,0.12283515930175781,0.21098899841308594,0.21389999999999998,0.14999999999997726,1.7725056152343563,20.0,0.8
1.427,0.12321662902832031,0.12321662902832031,0.21098899841308594,0.21405,0.15000000000000568,1.7678762207031293,20.0,0.8
1.428,0.12321662902832031,0.12321662902832031,0.20219802856445312,0.21419999999999997,0.15000000000000568,1.7779089965820352,20.0,0.8
1.429,0.12359809875488281,0.12359809875488281,0.1934070587158203,0.21435,0.1500000000000341,1.7803123779297152,20.0,0.8
1.43,0.12359809875488281,0.12359809875488281,0.15824127197265625,0.2145,0.14999999999999147,1.8114450073242119,20.0,0.8
1.431,0.12397956848144531,0.12397956848144531,0.1758251190185547,0.21465,0.15000000000000568,1.7927485351562547,20.0,0.8
1.432,0.12397956848144531,0.12397956848144531,0.1758251190185547,0.2148,0.14999999999997726,1.7957485351562317,20.0,0.8
1.433,0.12436103820800781,0.12436103820800781,0.1934070587158203,0.21495,0.15000000000000568,1.777053588867192,20.0,0.8
1.434,0.12436103820800781,0.12436103820800781,0.20219802856445312,0.21509999999999999,0.14999999999997726,1.7730208129882628,20.0,0.8
1.435,0.12474250793457031,0.12474250793457031,0.20219802856445312,0.21525,0.1500000000000199,1.768391418457047,20.0,0.8
1.436,0.12474250793457031,0.12474250793457031,0.1846160888671875,0.21539999999999998,0.15000000000000568,1.785456970214848,20.0,0.8
1.437,0.1251239776611328,0.1251239776611328,0.1846160888671875,0.21555,0.15000000000000568,1.7808275756835983,20.0,0.8
1.438,0.1251239776611328,0.1251239776611328,0.1846160888671875,0.21569999999999998,0.15000000000000568,1.783827575683598,20.0,0.8
1.439,0.1255054473876953,0.1255054473876953,0.1846160888671875,0.21585000000000001,0.15000000000000568,1.7791981811523485,20.0,0.8
1.44,0.1255054473876953,0.1255054473876953,0.20219802856445312,0.216,0.14999999999999147,1.7681326293945243,20.0,0.8
1.441,0.1258869171142578,0.1258869171142578,0.1934070587158203,0.21615,0.15000000000000568,1.7705360107421921,20.0,0.8
1.442,0.1258869171142578,0.1258869171142578,0.20219802856445312,0.2163,0.14999999999999147,1.7665032348632743,20.0,0.8
1.443,0.1262683868408203,0.1262683868408203,0.1934070587158203,0.21645,0.15000000000000568,1.7689066162109421,20.0,0.8
1.444,0.1262683868408203,0.1262683868408203,0.1934070587158203,0.2166,0.14999999999999147,1.7719066162109305,20.0,0.8
1.445,0.1266498565673828,0.1266498565673828,0.21977996826171875,0.21675,0.15000000000000568,1.7461788940429732,20.0,0.8
1.446,0.1270313262939453,0.1270313262939453,0.22857093811035156,0.21689999999999998,0.14999999999999147,1.7345167236328054,20.0,0.8
1.447,0.1270313262939453,0.1270313262939453,0.24615478515625,0.21705,0.15000000000000568,1.723449645996098,20.0,0.8
1.448,0.1274127960205078,0.1274127960205078,0.23736190795898438,0.21719999999999998,0.15000000000000568,1.7258545532226601,20.0,0.8
1.449,0.1274127960205078,0.1274127960205078,0.23736190795898438,0.21735000000000002,0.1500000000000199,1.7288545532226727,20.0,0.8
1.45,0.1277942657470703,0.1277942657470703,0.20219802856445312,0.2175,0.14999999999997726,1.7523562622070132,20.0,0.8
1.451,0.1277942657470703,0.1277942657470703,0.1934070587158203,0.21765,0.15000000000000568,1.7623890380859422,20.0,0.8
1.452,0.1281757354736328,0.1281757354736328,0.22857093811035156,0.2178,0.14999999999999147,1.7296285400390556,20.0,0.8
1.453,0.1285572052001953,0.1285572052001953,0.2549457550048828,0.21795,0.15000000000000568,1.703899291992192,20.0,0.8
1.454,0.1285572052001953,0.1285572052001953,0.2549457550048828,0.2181,0.14999999999999147,1.7068992919921804,20.0,0.8
1.455,0.1289386749267578,0.1289386749267578,0.2549457550048828,0.21825,0.15000000000000568,1.702269897460942,20.0,0.8
1.456,0.1293201446533203,0.1293201446533203,0.22857093811035156,0.21839999999999998,0.14999999999997726,1.7187403564452939,20.0,0.8
1.457,0.1293201446533203,0.1293201446533203,0.22857093811035156,0.21855,0.15000000000000568,1.721740356445317,20.0,0.8
1.458,0.1297016143798828,0.1297016143798828,0.21977996826171875,0.21869999999999998,0.14999999999999147,1.7241437377929616,20.0,0.8
1.459,0.1297016143798828,0.1297016143798828,0.1934070587158203,0.21885000000000002,0.1500000000000199,1.7482420654297037,20.0,0.8
1.46,0.1300830841064453,0.1300830841064453,0.21977996826171875,0.219,0.14999999999999147,1.7225143432617118,20.0,0.8
1.461,0.1300830841064453,0.1300830841064453,0.1934070587158203,0.21915,0.15000000000000568,1.7466126708984422,20.0,0.8
1.462,0.1304645538330078,0.1304645538330078,0.1934070587158203,0.2193,0.14999999999999147,1.7419832763671805,20.0,0.8
1.463,0.1304645538330078,0.1304645538330078,0.1758251190185547,0.21945,0.15000000000000568,1.7590488281250047,20.0,0.8
1.464,0.1308460235595703,0.1308460235595703,0.1846160888671875,0.2196,0.14999999999997726,1.7473866577148254,20.0,0.8
1.465,0.1308460235595703,0.1308460235595703,0.1846160888671875,0.21975,0.15000000000000568,1.7503866577148484,20.0,0.8
1.466,0.1312274932861328,0.1312274932861328,0.15824127197265625,0.21989999999999998,0.14999999999997726,1.7668571166992002,20.0,0.8
1.467,0.1312274932861328,0.1312274932861328,0.1846160888671875,0.22005,0.1500000000000199,1.7487572631836095,20.0,0.8
1.468,0.1316089630126953,0.1316089630126953,0.1758251190185547,0.22019999999999998,0.15000000000000568,1.751160644531254,20.0,0.8
1.469,0.1316089630126953,0.1316089630126953,0.1758251190185547,0.22035000000000002,0.1500000000000199,1.7541606445312663,20.0,0.8
1.47,0.1319904327392578,0.1319904327392578,0.15824127197265625,0.2205,0.14999999999997726,1.7635983276367007,20.0,0.8
1.471,0.1319904327392578,0.1319904327392578,0.1318683624267578,0.22065,0.15000000000000568,1.7876966552734423,20.0,0.8
1.472,0.1319904327392578,0.1319904327392578,0.1318683624267578,0.2208,0.14999999999999147,1.7906966552734307,20.0,0.8
1.473,0.1323719024658203,0.1323719024658203,0.14065933227539062,0.22095,0.15000000000000568,1.7790344848632857,20.0,0.8
1.474,0.1323719024658203,0.1323719024658203,0.14945030212402344,0.2211,0.14999999999999147,1.775001708984368,20.0,0.8
1.475,0.1323719024658203,0.1323719024658203,0.15824127197265625,0.22125,0.15000000000000568,1.7709689331054734,20.0,0.8
1.476,0.1327533721923828,0.1327533721923828,0.14945030212402344,0.22139999999999999,0.14999999999999147,1.773372314453118,20.0,0.8
1.477,0.1327533721923828,0.1327533721923828,0.15824127197265625,0.22155,0.14999999999999147,1.769339538574212,20.0,0.8
1.478,0.1331348419189453,0.1331348419189453,0.15824127197265625,0.22169999999999998,0.15000000000000568,1.764710144042973,20.0,0.8
1.479,0.1331348419189453,0.1331348419189453,0.14065933227539062,0.22185000000000002,0.1500000000000199,1.7817756958007975,20.0,0.8
1.48,0.1331348419189453,0.1331348419189453,0.1318683624267578,0.222,0.14999999999999147,1.7918084716796807,20.0,0.8
1.481,0.1335163116455078,0.1335163116455078,0.14945030212402344,0.22215000000000001,0.15000000000000568,1.7731135253906298,20.0,0.8
1.482,0.1335163116455078,0.1335163116455078,0.1318683624267578,0.2223,0.14999999999997726,1.7901790771484192,20.0,0.8
1.483,0.1338977813720703,0.1338977813720703,0.14065933227539062,0.22245,0.15000000000000568,1.778516906738286,20.0,0.8
1.484,0.1338977813720703,0.1338977813720703,0.14945030212402344,0.2226,0.14999999999999147,1.7744841308593682,20.0,0.8
1.485,0.1338977813720703,0.1338977813720703,0.15824127197265625,0.22275,0.15000000000000568,1.7704513549804735,20.0,0.8
1.486,0.1342792510986328,0.1342792510986328,0.15824127197265625,0.2229,0.14999999999999147,1.7658219604492116,20.0,0.8
1.487,0.1342792510986328,0.1342792510986328,0.14945030212402344,0.22305,0.15000000000000568,1.7758547363281294,20.0,0.8
1.488,0.1346607208251953,0.1346607208251953,0.14945030212402344,0.22319999999999998,0.14999999999999147,1.7712253417968677,20.0,0.8
1.489,0.1346607208251953,0.1346607208251953,0.1758251190185547,0.22335000000000002,0.1500000000000199,1.7531254882812664,20.0,0.8
1.49,0.1346607208251953,0.1346607208251953,0.14945030212402344,0.2235,0.14999999999999147,1.7772253417968684,20.0,0.8
1.491,0.1350421905517578,0.1350421905517578,0.1846160888671875,0.22365000000000002,0.15000000000000568,1.7444633178710987,20.0,0.8
1.492,0.1350421905517578,0.1350421905517578,0.1934070587158203,0.2238,0.14999999999999147,1.7404305419921806,20.0,0.8
1.493,0.1354236602783203,0.1354236602783203,0.21098899841308594,0.22395,0.15000000000000568,1.7217355957031297,20.0,0.8
1.494,0.1354236602783203,0.1354236602783203,0.20219802856445312,0.2241,0.14999999999999147,1.7317683715820242,20.0,0.8
1.495,0.1358051300048828,0.1358051300048828,0.21098899841308594,0.22425,0.15000000000000568,1.7201062011718797,20.0,0.8
1.496,0.1358051300048828,0.1358051300048828,0.1758251190185547,0.2244,0.14999999999997726,1.7512373046874816,20.0,0.8
1.497,0.1361865997314453,0.1361865997314453,0.15824127197265625,0.22455,0.15000000000000568,1.7606749877929735,20.0,0.8
1.498,0.1361865997314453,0.1361865997314453,0.14945030212402344,0.22469999999999998,0.15000000000000568,1.7707077636718793,20.0,0.8
1.499,0.1365680694580078,0.1365680694580078,0.16703224182128906,0.22485000000000002,0.1500000000000199,1.7520128173828287,20.0,0.8
1.5,0.1365680694580078,0.1365680694580078,0.1758251190185547,0.22499999999999998,0.14999999999999147,1.7479785156249927,20.0,0.8
1.5010000000000001,0.1369495391845703,0.1369495391845703,0.1758251190185547,0.22515000000000002,0.1500000000000199,1.7433491210937662,20.0,0.8
1.502,0.1369495391845703,0.1369495391845703,0.16703224182128906,0.2253,0.14999999999997726,1.7533834228515444,20.0,0.8
1.5030000000000001,0.1373310089111328,0.1373310089111328,0.1758251190185547,0.22545,0.15000000000000568,1.7417197265625048,20.0,0.8
1.504,0.1373310089111328,0.1373310089111328,0.1846160888671875,0.2256,0.14999999999997726,1.7376869506835755,20.0,0.8
1.5050000000000001,0.1373310089111328,0.1373310089111328,0.14945030212402344,0.22575,0.1500000000000199,1.768819580078141,20.0,0.8
1.506,0.1377124786376953,0.1377124786376953,0.16703224182128906,0.2259,0.14999999999999147,1.7501246337890555,20.0,0.8
1.5070000000000001,0.1377124786376953,0.1377124786376953,0.123077392578125,0.22605,0.1500000000000199,1.7882885131836095,20.0,0.8
1.508,0.1377124786376953,0.1377124786376953,0.123077392578125,0.22619999999999998,0.14999999999999147,1.7912885131835865,20.0,0.8
1.5090000000000001,0.1380939483642578,0.1380939483642578,0.123077392578125,0.22635,0.14999999999999147,1.7866591186523368,20.0,0.8
1.51,0.1380939483642578,0.1380939483642578,0.1318683624267578,0.22649999999999998,0.15000000000000568,1.7826263427734417,20.0,0.8
1.5110000000000001,0.1380939483642578,0.1380939483642578,0.123077392578125,0.22665000000000002,0.1500000000000199,1.79265911865236,20.0,0.8
1.512,0.1384754180908203,0.1384754180908203,0.1318683624267578,0.2268,0.14999999999999147,1.7809969482421808,20.0,0.8
1.5130000000000001,0.1384754180908203,0.1384754180908203,0.1318683624267578,0.22695,0.15000000000000568,1.7839969482421922,20.0,0.8
1.514,0.1388568878173828,0.1388568878173828,0.14065933227539062,0.2271,0.14999999999999147,1.7723347778320242,20.0,0.8
1.5150000000000001,0.1388568878173828,0.1388568878173828,0.14065933227539062,0.22725,0.15000000000000568,1.7753347778320359,20.0,0.8
1.516,0.1388568878173828,0.1388568878173828,0.123077392578125,0.2274,0.14999999999999147,1.7924003295898367,20.0,0.8
1.5170000000000001,0.1392383575439453,0.1392383575439453,0.11428642272949219,0.22755,0.15000000000000568,1.7948037109375048,20.0,0.8
1.518,0.1392383575439453,0.1392383575439453,0.11428642272949219,0.22769999999999999,0.14999999999999147,1.797803710937493,20.0,0.8
1.5190000000000001,0.1392383575439453,0.1392383575439453,0.08791160583496094,0.22785,0.15000000000000568,1.8219035644531294,20.0,0.8
1.52,0.1392383575439453,0.1392383575439453,0.10549545288085938,0.22799999999999998,0.14999999999999147,1.810836486816399,20.0,0.8
1.5210000000000001,0.1396198272705078,0.1396198272705078,0.10549545288085938,0.22815000000000002,0.1500000000000199,1.8062070922851725,20.0,0.8
1.522,0.1396198272705078,0.1396198272705078,0.09670257568359375,0.2283,0.14999999999999147,1.816241394042962,20.0,0.8
1.5230000000000001,0.1396198272705078,0.1396198272705078,0.11428642272949219,0.22845000000000001,0.15000000000000568,1.805174316406255,20.0,0.8
1.524,0.1396198272705078,0.1396198272705078,0.09670257568359375,0.2286,0.14999999999999147,1.822241394042962,20.0,0.8
1.5250000000000001,0.1400012969970703,0.1400012969970703,0.08791160583496094,0.22875,0.15000000000000568,1.8246447753906296,20.0,0.8
1.526,0.1400012969970703,0.1400012969970703,0.11428642272949219,0.2289,0.14999999999999147,1.806544921874993,20.0,0.8
1.5270000000000001,0.1400012969970703,0.1400012969970703,0.09670257568359375,0.22905,0.15000000000000568,1.8236119995117233,20.0,0.8
1.528,0.1400012969970703,0.1400012969970703,0.08791160583496094,0.2292,0.14999999999997726,1.8336447753906064,20.0,0.8
1.5290000000000001,0.1403827667236328,0.1403827667236328,0.08791160583496094,0.22935,0.15000000000000568,1.8290153808593794,20.0,0.8
1.53,0.1403827667236328,0.1403827667236328,0.05274772644042969,0.22949999999999998,0.15000000000000568,1.8601464843750042,20.0,0.8
1.5310000000000001,0.1403827667236328,0.1403827667236328,0.0615386962890625,0.22965000000000002,0.1500000000000341,1.8561137084961215,20.0,0.8
1.532,0.1403827667236328,0.1403827667236328,0.07032966613769531,0.2298,0.14999999999999147,1.8520809326171808,20.0,0.8
1.5330000000000001,0.1403827667236328,0.1403827667236328,0.0615386962890625,0.22995000000000002,0.15000000000000568,1.8621137084960986,20.0,0.8
1.534,0.1403827667236328,0.1403827667236328,0.0615386962890625,0.2301,0.14999999999997726,1.8651137084960754,20.0,0.8
1.5350000000000001,0.1407642364501953,0.1407642364501953,0.07912063598632812,0.23025,0.15000000000000568,1.846418762207036,20.0,0.8
1.536,0.1407642364501953,0.1407642364501953,0.07912063598632812,0.2304,0.14999999999999147,1.8494187622070244,20.0,0.8
1.537,0.1407642364501953,0.1407642364501953,0.09670257568359375,0.23054999999999998,0.14999999999997726,1.8383532104492002,20.0,0.8
1.538,0.1407642364501953,0.1407642364501953,0.09670257568359375,0.2307,0.15000000000000568,1.8413532104492232,20.0,0.8
1.539,0.1411457061767578,0.1411457061767578,0.09670257568359375,0.23084999999999997,0.14999999999997726,1.8367238159179502,20.0,0.8
1.54,0.1411457061767578,0.1411457061767578,0.09670257568359375,0.23099999999999998,0.1500000000000199,1.8397238159179843,20.0,0.8
1.541,0.1411457061767578,0.1411457061767578,0.08791160583496094,0.23114999999999997,0.14999999999999147,1.8497565917968675,20.0,0.8
1.542,0.1411457061767578,0.1411457061767578,0.08791160583496094,0.2313,0.1500000000000341,1.8527565917969024,20.0,0.8
1.543,0.1411457061767578,0.1411457061767578,0.07032966613769531,0.23145,0.14999999999999147,1.8698221435546805,20.0,0.8
1.544,0.1415271759033203,0.1415271759033203,0.07912063598632812,0.2316,0.14999999999999147,1.8581599731445246,20.0,0.8
1.545,0.1415271759033203,0.1415271759033203,0.0615386962890625,0.23174999999999998,0.14999999999999147,1.8752255249023366,20.0,0.8
1.546,0.1415271759033203,0.1415271759033203,0.0615386962890625,0.2319,0.15000000000000568,1.8782255249023483,20.0,0.8
1.547,0.1415271759033203,0.1415271759033203,0.0615386962890625,0.23204999999999998,0.14999999999999147,1.8812255249023364,20.0,0.8
1.548,0.1415271759033203,0.1415271759033203,0.05274772644042969,0.2322,0.15000000000000568,1.8912583007812542,20.0,0.8
1.549,0.1415271759033203,0.1415271759033203,0.05274772644042969,0.23234999999999997,0.14999999999999147,1.8942583007812426,20.0,0.8
1.55,0.1419086456298828,0.1419086456298828,0.0615386962890625,0.23249999999999998,0.15000000000000568,1.882596130371098,20.0,0.8
1.551,0.1419086456298828,0.1419086456298828,0.0615386962890625,0.23264999999999997,0.15000000000000568,1.8855961303710977,20.0,0.8
1.552,0.1419086456298828,0.1419086456298828,0.0615386962890625,0.2328,0.1500000000000199,1.8885961303711098,20.0,0.8
1.553,0.1419086456298828,0.1419086456298828,0.07032966613769531,0.23295,0.14999999999999147,1.8845633544921805,20.0,0.8
1.554,0.1419086456298828,0.1419086456298828,0.07912063598632812,0.2331,0.15000000000000568,1.8805305786132858,20.0,0.8
1.555,0.1422901153564453,0.1422901153564453,0.07912063598632812,0.23324999999999999,0.14999999999999147,1.875901184082024,20.0,0.8
1.556,0.1422901153564453,0.1422901153564453,0.08791160583496094,0.2334,0.15000000000000568,1.8718684082031294,20.0,0.8
1.557,0.1422901153564453,0.1422901153564453,0.07912063598632812,0.23354999999999998,0.14999999999999147,1.8819011840820241,20.0,0.8
1.558,0.1422901153564453,0.1422901153564453,0.07912063598632812,0.2337,0.15000000000000568,1.8849011840820358,20.0,0.8
1.559,0.1422901153564453,0.1422901153564453,0.07912063598632812,0.23384999999999997,0.14999999999999147,1.8879011840820241,20.0,0.8
1.56,0.1426715850830078,0.1426715850830078,0.0615386962890625,0.23399999999999999,0.15000000000000568,1.897337341308598,20.0,0.8
1.561,0.1426715850830078,0.1426715850830078,0.05274772644042969,0.23414999999999997,0.15000000000000568,1.907370117187504,20.0,0.8
1.562,0.1426715850830078,0.1426715850830078,0.07032966613769531,0.2343,0.1500000000000199,1.8963045654297035,20.0,0.8
1.563,0.1426715850830078,0.1426715850830078,0.05274772644042969,0.23445,0.14999999999997726,1.9133701171874817,20.0,0.8
1.564,0.1426715850830078,0.1426715850830078,0.043956756591796875,0.2346,0.15000000000000568,1.9234028930664109,20.0,0.8
1.565,0.1426715850830078,0.1426715850830078,0.03516578674316406,0.23475,0.14999999999999147,1.9334356689453056,20.0,0.8
1.566,0.1426715850830078,0.1426715850830078,0.03516578674316406,0.2349,0.1500000000000199,1.9364356689453284,20.0,0.8
1.567,0.1426715850830078,0.1426715850830078,0.043956756591796875,0.23504999999999998,0.14999999999999147,1.932402893066399,20.0,0.8
1.568,0.1426715850830078,0.1426715850830078,0.03516578674316406,0.2352,0.15000000000000568,1.9424356689453168,20.0,0.8
1.569,0.1430530548095703,0.1430530548095703,0.03516578674316406,0.23534999999999998,0.14999999999997726,1.9378062744140436,20.0,0.8
1.57,0.1430530548095703,0.1430530548095703,0.043956756591796875,0.2355,0.15000000000000568,1.9337734985351605,20.0,0.8
1.571,0.1430530548095703,0.1430530548095703,0.05274772644042969,0.23564999999999997,0.14999999999999147,1.9297407226562426,20.0,0.8
1.572,0.1430530548095703,0.1430530548095703,0.05274772644042969,0.2358,0.1500000000000341,1.9327407226562774,20.0,0.8
1.573,0.1430530548095703,0.1430530548095703,0.0615386962890625,0.23595,0.14999999999999147,1.9287079467773367,20.0,0.8
1.574,0.1430530548095703,0.1430530548095703,0.07032966613769531,0.2361,0.1500000000000199,1.9246751708984533,20.0,0.8
1.575,0.1434345245361328,0.1434345245361328,0.08791160583496094,0.23625,0.14999999999997726,1.9059802246093565,20.0,0.8
1.576,0.1434345245361328,0.1434345245361328,0.09670257568359375,0.2364,0.15000000000000568,1.9019474487304733,20.0,0.8
1.577,0.1434345245361328,0.1434345245361328,0.08791160583496094,0.23654999999999998,0.14999999999999147,1.9119802246093678,20.0,0.8
1.578,0.1434345245361328,0.1434345245361328,0.10549545288085938,0.2367,0.1500000000000199,1.900913146972672,20.0,0.8
1.579,0.1438159942626953,0.1438159942626953,0.10549545288085938,0.23684999999999998,0.14999999999999147,1.8962837524413991,20.0,0.8
1.58,0.1438159942626953,0.1438159942626953,0.09670257568359375,0.237,0.15000000000000568,1.906318054199223,20.0,0.8
1.581,0.1438159942626953,0.1438159942626953,0.07912063598632812,0.23714999999999997,0.15000000000000568,1.9233836059570353,20.0,0.8
1.582,0.1438159942626953,0.1438159942626953,0.07912063598632812,0.2373,0.1500000000000199,1.9263836059570474,20.0,0.8
1.583,0.1438159942626953,0.1438159942626953,0.07032966613769531,0.23745,0.14999999999999147,1.9364163818359306,20.0,0.8
1.584,0.1441974639892578,0.1441974639892578,0.05274772644042969,0.2376,0.15000000000000568,1.9458525390625048,20.0,0.8
1.585,0.1441974639892578,0.1441974639892578,0.026372909545898438,0.23775,0.14999999999999147,1.9699523925781182,20.0,0.8
1.586,0.1441974639892578,0.1441974639892578,0.026372909545898438,0.2379,0.15000000000000568,1.9729523925781296,20.0,0.8
1.587,0.1441974639892578,0.1441974639892578,0.017581939697265625,0.23804999999999998,0.14999999999999147,1.982985168457024,20.0,0.8
1.588,0.1441974639892578,0.1441974639892578,0.0,0.2382,0.15000000000000568,2.000050720214848,20.0,0.8
1.589,0.1441974639892578,0.1441974639892578,-0.008790969848632812,0.23834999999999998,0.14999999999999147,2.010083496093743,20.0,0.8
1.59,0.1441974639892578,0.1441974639892578,0.0,0.2385,0.15000000000000568,2.006050720214848,20.0,0.8
1.591,0.1441974639892578,0.1441974639892578,0.0,0.23864999999999997,0.15000000000000568,2.009050720214848,20.0,0.8
1.592,0.1441974639892578,0.1441974639892578,-0.008790969848632812,0.2388,0.1500000000000199,2.0190834960937663,20.0,0.8
1.593,0.1441974639892578,0.1441974639892578,0.0,0.23895,0.14999999999999147,2.0150507202148367,20.0,0.8
1.594,0.1441974639892578,0.1441974639892578,0.0,0.2391,0.15000000000000568,2.0180507202148483,20.0,0.8
1.595,0.1441974639892578,0.1441974639892578,0.008790969848632812,0.23925,0.14999999999997726,2.014017944335919,20.0,0.8
1.596,0.1441974639892578,0.1441974639892578,0.0,0.2394,0.15000000000000568,2.0240507202148486,20.0,0.8
1.597,0.1441974639892578,0.1441974639892578,0.03516578674316406,0.23954999999999999,0.14999999999999147,1.9989180908203055,20.0,0.8
1.598,0.1441974639892578,0.1441974639892578,0.008790969848632812,0.2397,0.15000000000000568,2.023017944335942,20.0,0.8
1.599,0.1441974639892578,0.1441974639892578,0.03516578674316406,0.23984999999999998,0.14999999999999147,2.0049180908203055,20.0,0.8
1.6,0.1441974639892578,0.1441974639892578,0.026372909545898438,0.24,0.15000000000000568,2.014952392578129,20.0,0.8
1.601,0.1441974639892578,0.1441974639892578,0.017581939697265625,0.24014999999999997,0.14999999999999147,2.024985168457024,20.0,0.8
1.602,0.1441974639892578,0.1441974639892578,0.043956756591796875,0.2403,0.1500000000000199,2.0068853149414223,20.0,0.8
1.603,0.1441974639892578,0.1441974639892578,0.03516578674316406,0.24045,0.14999999999997726,2.0169180908202944,20.0,0.8
1.604,0.1441974639892578,0.1441974639892578,0.026372909545898438,0.2406,0.1500000000000199,2.026952392578141,20.0,0.8
1.605,0.1441974639892578,0.1441974639892578,0.026372909545898438,0.24075,0.14999999999999147,2.029952392578118,20.0,0.8
1.606,0.1441974639892578,0.1441974639892578,0.03516578674316406,0.2409,0.15000000000000568,2.025918090820317,20.0,0.8
1.607,0.1445789337158203,0.1445789337158203,0.03516578674316406,0.24105,0.14999999999997726,2.021288696289044,20.0,0.8
1.608,0.1445789337158203,0.1445789337158203,0.026372909545898438,0.2412,0.15000000000000568,2.031322998046879,20.0,0.8
1.609,0.1445789337158203,0.1445789337158203,0.017581939697265625,0.24134999999999998,0.14999999999997726,2.0413557739257624,20.0,0.8
1.61,0.1445789337158203,0.1445789337158203,0.026372909545898438,0.2415,0.1500000000000199,2.037322998046891,20.0,0.8
1.611,0.1445789337158203,0.1445789337158203,0.017581939697265625,0.24164999999999998,0.14999999999999147,2.0473557739257737,20.0,0.8
1.612,0.1445789337158203,0.1445789337158203,0.026372909545898438,0.24180000000000001,0.1500000000000341,2.0433229980469028,20.0,0.8
1.613,0.1445789337158203,0.1445789337158203,0.017581939697265625,0.24195,0.14999999999999147,2.0533557739257744,20.0,0.8
1.614,0.1445789337158203,0.1445789337158203,0.017581939697265625,0.2421,0.15000000000000568,2.056355773925786,20.0,0.8
1.615,0.1445789337158203,0.1445789337158203,0.008790969848632812,0.24225,0.14999999999999147,2.0663885498046803,20.0,0.8
1.616,0.1445789337158203,0.1445789337158203,0.0,0.2424,0.15000000000000568,2.076421325683598,20.0,0.8
1.617,0.1445789337158203,0.1445789337158203,0.017581939697265625,0.24255,0.14999999999999147,2.0653557739257744,20.0,0.8
1.618,0.1445789337158203,0.1445789337158203,-0.008790969848632812,0.2427,0.15000000000000568,2.0894541015625046,20.0,0.8
1.619,0.1445789337158203,0.1445789337158203,0.0,0.24284999999999998,0.14999999999999147,2.0854213256835865,20.0,0.8
1.62,0.1445789337158203,0.1445789337158203,-0.008790969848632812,0.243,0.15000000000000568,2.0954541015625043,20.0,0.8
1.621,0.1445789337158203,0.1445789337158203,0.0,0.24314999999999998,0.15000000000000568,2.091421325683598,20.0,0.8
1.622,0.1445789337158203,0.1445789337158203,-0.017581939697265625,0.24330000000000002,0.15000000000000568,2.108486877441411,20.0,0.8
1.623,0.1445789337158203,0.1445789337158203,-0.008790969848632812,0.24345,0.14999999999999147,2.104454101562493,20.0,0.8
1.624,0.1445789337158203,0.1445789337158203,-0.017581939697265625,0.2436,0.15000000000000568,2.114486877441411,20.0,0.8
1.625,0.1445789337158203,0.1445789337158203,-0.017581939697265625,0.24375,0.14999999999999147,2.1174868774413995,20.0,0.8
1.6260000000000001,0.1445789337158203,0.1445789337158203,-0.008790969848632812,0.2439,0.15000000000000568,2.1134541015625046,20.0,0.8
1.627,0.1445789337158203,0.1445789337158203,0.0,0.24405,0.14999999999997726,2.1094213256835754,20.0,0.8
1.6280000000000001,0.1445789337158203,0.1445789337158203,-0.017581939697265625,0.2442,0.15000000000000568,2.1264868774414105,20.0,0.8
1.629,0.1445789337158203,0.1445789337158203,-0.008790969848632812,0.24434999999999998,0.14999999999999147,2.122454101562493,20.0,0.8
1.6300000000000001,0.1445789337158203,0.1445789337158203,-0.008790969848632812,0.2445,0.15000000000000568,2.1254541015625046,20.0,0.8
1.631,0.1445789337158203,0.1445789337158203,-0.008790969848632812,0.24464999999999998,0.15000000000000568,2.1284541015625043,20.0,0.8
1.6320000000000001,0.1445789337158203,0.1445789337158203,-0.008790969848632812,0.24480000000000002,0.1500000000000199,2.1314541015625164,20.0,0.8
1.633,0.1445789337158203,0.1445789337158203,-0.008790969848632812,0.24495,0.14999999999997726,2.134454101562482,20.0,0.8
1.6340000000000001,0.1445789337158203,0.1445789337158203,-0.008790969848632812,0.2451,0.15000000000000568,2.1374541015625046,20.0,0.8
1.635,0.1445789337158203,0.1445789337158203,0.0,0.24525,0.14999999999999147,2.1334213256835866,20.0,0.8
1.6360000000000001,0.1445789337158203,0.1445789337158203,-0.008790969848632812,0.2454,0.1500000000000199,2.1434541015625164,20.0,0.8
1.637,0.1445789337158203,0.1445789337158203,0.0,0.24555,0.14999999999999147,2.1394213256835863,20.0,0.8
1.6380000000000001,0.1445789337158203,0.1445789337158203,0.0,0.2457,0.15000000000000568,2.1424213256835984,20.0,0.8
1.639,0.1445789337158203,0.1445789337158203,-0.017581939697265625,0.24584999999999999,0.14999999999997726,2.159486877441388,20.0,0.8
1.6400000000000001,0.1445789337158203,0.1445789337158203,0.008790969848632812,0.246,0.15000000000000568,2.141388549804692,20.0,0.8
1.641,0.1445789337158203,0.1445789337158203,-0.008790969848632812,0.24614999999999998,0.14999999999999147,2.158454101562493,20.0,0.8
1.6420000000000001,0.1445789337158203,0.1445789337158203,0.0,0.24630000000000002,0.1500000000000341,2.154421325683621,20.0,0.8
1.643,0.1445789337158203,0.1445789337158203,0.0,0.24645,0.14999999999999147,2.157421325683587,20.0,0.8
1.6440000000000001,0.1445789337158203,0.1445789337158203,-0.008790969848632812,0.2466,0.1500000000000199,2.1674541015625164,20.0,0.8
1.645,0.1445789337158203,0.1445789337158203,0.0,0.24675,0.14999999999997726,2.1634213256835757,20.0,0.8
1.6460000000000001,0.1445789337158203,0.1445789337158203,-0.008790969848632812,0.2469,0.15000000000000568,2.1734541015625046,20.0,0.8
1.647,0.1445789337158203,0.1445789337158203,0.008790969848632812,0.24705,0.14999999999997726,2.1623885498046693,20.0,0.8
1.6480000000000001,0.1445789337158203,0.1445789337158203,-0.008790969848632812,0.2472,0.1500000000000199,2.179454101562516,20.0,0.8
1.649,0.1441974639892578,0.1441974639892578,-0.008790969848632812,0.24735,0.14999999999999147,2.190083496093743,20.0,0.8
1.6500000000000001,0.1441974639892578,0.1441974639892578,-0.008790969848632812,0.2475,0.15000000000000568,2.1930834960937546,20.0,0.8
1.651,0.1441974639892578,0.1441974639892578,0.008790969848632812,0.24764999999999998,0.1500000000000199,2.1820179443359526,20.0,0.8
1.6520000000000001,0.1441974639892578,0.1441974639892578,-0.017581939697265625,0.24780000000000002,0.1500000000000199,2.2061162719726726,20.0,0.8
1.653,0.1441974639892578,0.1441974639892578,0.0,0.24795,0.14999999999999147,2.195050720214837,20.0,0.8
1.6540000000000001,0.1441974639892578,0.1441974639892578,0.0,0.24810000000000001,0.14999999999999147,2.198050720214837,20.0,0.8
1.655,0.1441974639892578,0.1441974639892578,0.0,0.24825,0.14999999999999147,2.2010507202148366,20.0,0.8
1.6560000000000001,0.1441974639892578,0.1441974639892578,0.0,0.2484,0.15000000000000568,2.2040507202148483,20.0,0.8
1.657,0.1441974639892578,0.1441974639892578,-0.008790969848632812,0.24855,0.14999999999999147,2.2140834960937434,20.0,0.8
1.6580000000000001,0.1441974639892578,0.1441974639892578,-0.008790969848632812,0.2487,0.15000000000000568,2.2170834960937547,20.0,0.8
1.659,0.1441974639892578,0.1441974639892578,0.0,0.24885,0.14999999999999147,2.2130507202148366,20.0,0.8
1.6600000000000001,0.1441974639892578,0.1441974639892578,-0.008790969848632812,0.249,0.15000000000000568,2.2230834960937544,20.0,0.8
1.661,0.1441974639892578,0.1441974639892578,-0.008790969848632812,0.24914999999999998,0.15000000000000568,2.226083496093754,20.0,0.8
1.6620000000000001,0.1441974639892578,0.1441974639892578,0.0,0.24930000000000002,0.1500000000000199,2.2220507202148605,20.0,0.8
1.663,0.1441974639892578,0.1441974639892578,0.0,0.24945,0.14999999999999147,2.2250507202148366,20.0,0.8
1.6640000000000001,0.1441974639892578,0.1441974639892578,0.0,0.24960000000000002,0.15000000000000568,2.2280507202148487,20.0,0.8
1.665,0.1441974639892578,0.1441974639892578,-0.008790969848632812,0.24975,0.15000000000000568,2.2380834960937546,20.0,0.8
1.666,0.1441974639892578,0.1441974639892578,0.0,0.24989999999999998,0.14999999999999147,2.2340507202148365,20.0,0.8
1.667,0.1441974639892578,0.1441974639892578,0.008790969848632812,0.25005,0.15000000000000568,2.230017944335942,20.0,0.8
1.668,0.1441974639892578,0.1441974639892578,-0.008790969848632812,0.2502,0.14999999999999147,2.247083496093743,20.0,0.8
1.669,0.1441974639892578,0.1441974639892578,0.0,0.25035,0.1500000000000199,2.2430507202148604,20.0,0.8
1.67,0.1441974639892578,0.1441974639892578,0.017581939697265625,0.2505,0.14999999999996305,2.2319851684570016,20.0,0.8
1.671,0.1441974639892578,0.1441974639892578,-0.008790969848632812,0.25065,0.15000000000000568,2.2560834960937544,20.0,0.8
1.672,0.1441974639892578,0.1441974639892578,0.0,0.25079999999999997,0.15000000000000568,2.2520507202148474,20.0,0.8
1.673,0.1441974639892578,0.1441974639892578,-0.017581939697265625,0.25095,0.1500000000000199,2.2691162719726723,20.0,0.8
1.674,0.1441974639892578,0.1441974639892578,0.008790969848632812,0.2511,0.14999999999996305,2.2510179443359077,20.0,0.8
1.675,0.1441974639892578,0.1441974639892578,0.008790969848632812,0.25125,0.14999999999999147,2.25401794433593,20.0,0.8
1.676,0.1441974639892578,0.1441974639892578,0.0,0.25139999999999996,0.14999999999999147,2.264050720214836,20.0,0.8
1.677,0.1441974639892578,0.1441974639892578,0.008790969848632812,0.25155,0.1500000000000341,2.2600179443359645,20.0,0.8
1.678,0.1441974639892578,0.1441974639892578,-0.017581939697265625,0.2517,0.14999999999999147,2.2841162719726493,20.0,0.8
1.679,0.1441974639892578,0.1441974639892578,0.008790969848632812,0.25185,0.1500000000000341,2.266017944335965,20.0,0.8
1.68,0.1441974639892578,0.1441974639892578,0.008790969848632812,0.252,0.14999999999996305,2.269017944335908,20.0,0.8
1.681,0.1441974639892578,0.1441974639892578,-0.008790969848632812,0.25215,0.14999999999999147,2.286083496093743,20.0,0.8
1.682,0.1441974639892578,0.1441974639892578,0.0,0.25229999999999997,0.14999999999999147,2.282050720214836,20.0,0.8
1.683,0.1441974639892578,0.1441974639892578,0.0,0.25245,0.1500000000000199,2.28505072021486,20.0,0.8
1.684,0.1441974639892578,0.1441974639892578,0.0,0.2526,0.14999999999997726,2.2880507202148253,20.0,0.8
1.685,0.1441974639892578,0.1441974639892578,0.0,0.25275,0.15000000000000568,2.291050720214848,20.0,0.8
1.686,0.1441974639892578,0.1441974639892578,0.008790969848632812,0.25289999999999996,0.15000000000000568,2.287017944335941,20.0,0.8
1.687,0.1441974639892578,0.1441974639892578,-0.017581939697265625,0.25305,0.1500000000000199,2.311116271972672,20.0,0.8
1.688,0.1441974639892578,0.1441974639892578,0.008790969848632812,0.2532,0.15000000000000568,2.2930179443359417,20.0,0.8
1.689,0.1441974639892578,0.1441974639892578,0.0,0.25335,0.15000000000000568,2.3030507202148485,20.0,0.8
1.69,0.1441974639892578,0.1441974639892578,0.008790969848632812,0.2535,0.14999999999997726,2.2990179443359198,20.0,0.8
1.691,0.1441974639892578,0.1441974639892578,0.008790969848632812,0.25365,0.14999999999999147,2.30201794433593,20.0,0.8
1.692,0.1441974639892578,0.1441974639892578,0.0,0.25379999999999997,0.15000000000000568,2.312050720214848,20.0,0.8
1.693,0.1441974639892578,0.1441974639892578,0.017581939697265625,0.25395,0.1500000000000199,2.3009851684570473,20.0,0.8
1.694,0.1441974639892578,0.1441974639892578,0.0,0.2541,0.14999999999997726,2.3180507202148255,20.0,0.8
1.695,0.1441974639892578,0.1441974639892578,0.008790969848632812,0.25425,0.14999999999999147,2.31401794433593,20.0,0.8
1.696,0.1441974639892578,0.1441974639892578,0.0,0.25439999999999996,0.15000000000000568,2.3240507202148475,20.0,0.8
1.697,0.1441974639892578,0.1441974639892578,0.017581939697265625,0.25455,0.1500000000000199,2.3129851684570473,20.0,0.8
1.698,0.1441974639892578,0.1441974639892578,0.0,0.2547,0.15000000000000568,2.3300507202148477,20.0,0.8
1.699,0.1441974639892578,0.1441974639892578,0.0,0.25485,0.1500000000000199,2.3330507202148603,20.0,0.8
1.7,0.1441974639892578,0.1441974639892578,0.0,0.255,0.14999999999996305,2.336050720214814,20.0,0.8
1.701,0.1441974639892578,0.1441974639892578,0.0,0.25515,0.14999999999999147,2.3390507202148365,20.0,0.8
1.702,0.1445789337158203,0.1445789337158203,0.008790969848632812,0.25529999999999997,0.15000000000000568,2.3273885498046916,20.0,0.8
1.703,0.1445789337158203,0.1445789337158203,0.008790969848632812,0.25545,0.1500000000000341,2.3303885498047148,20.0,0.8
1.704,0.1445789337158203,0.1445789337158203,0.0,0.2556,0.14999999999997726,2.3404213256835757,20.0,0.8
1.705,0.1445789337158203,0.1445789337158203,0.008790969848632812,0.25575,0.14999999999999147,2.33638854980468,20.0,0.8
1.706,0.1445789337158203,0.1445789337158203,0.017581939697265625,0.25589999999999996,0.15000000000000568,2.3323557739257854,20.0,0.8
1.707,0.1445789337158203,0.1445789337158203,0.0,0.25605,0.1500000000000199,2.34942132568361,20.0,0.8
1.708,0.1445789337158203,0.1445789337158203,0.0,0.2562,0.1500000000000341,2.3524213256836206,20.0,0.8
1.709,0.1445789337158203,0.1445789337158203,0.017581939697265625,0.25635,0.15000000000000568,2.3413557739257866,20.0,0.8
1.71,0.1445789337158203,0.1445789337158203,0.008790969848632812,0.2565,0.14999999999997726,2.3513885498046694,20.0,0.8
1.711,0.1445789337158203,0.1445789337158203,0.017581939697265625,0.25665,0.15000000000000568,2.347355773925786,20.0,0.8
1.712,0.1445789337158203,0.1445789337158203,0.0,0.2568,0.15000000000000568,2.3644213256835975,20.0,0.8
1.713,0.1445789337158203,0.1445789337158203,0.017581939697265625,0.25695,0.1500000000000341,2.353355773925809,20.0,0.8
1.714,0.1445789337158203,0.1445789337158203,0.017581939697265625,0.2571,0.15000000000000568,2.356355773925786,20.0,0.8
1.715,0.1445789337158203,0.1445789337158203,0.0,0.25725,0.15000000000000568,2.373421325683598,20.0,0.8
1.716,0.1445789337158203,0.1445789337158203,0.017581939697265625,0.25739999999999996,0.15000000000000568,2.362355773925785,20.0,0.8
1.717,0.1445789337158203,0.1445789337158203,0.017581939697265625,0.25755,0.1500000000000341,2.3653557739258084,20.0,0.8
1.718,0.1445789337158203,0.1445789337158203,0.026372909545898438,0.2577,0.15000000000000568,2.3613229980468793,20.0,0.8
1.719,0.1445789337158203,0.1445789337158203,0.017581939697265625,0.25785,0.1500000000000341,2.371355773925809,20.0,0.8
1.72,0.1445789337158203,0.1445789337158203,0.017581939697265625,0.258,0.14999999999997726,2.374355773925763,20.0,0.8
1.721,0.1445789337158203,0.1445789337158203,0.017581939697265625,0.25815,0.15000000000000568,2.377355773925786,20.0,0.8
1.722,0.1445789337158203,0.1445789337158203,0.026372909545898438,0.2583,0.15000000000000568,2.373322998046879,20.0,0.8
1.723,0.1445789337158203,0.1445789337158203,0.026372909545898438,0.25845,0.1500000000000341,2.376322998046903,20.0,0.8
1.724,0.1445789337158203,0.1445789337158203,0.026372909545898438,0.2586,0.14999999999997726,2.3793229980468564,20.0,0.8
1.725,0.1445789337158203,0.1445789337158203,0.03516578674316406,0.25875,0.15000000000000568,2.3752886962890667,20.0,0.8
1.726,0.1445789337158203,0.1445789337158203,0.026372909545898438,0.25889999999999996,0.15000000000000568,2.3853229980468784,20.0,0.8
1.727,0.1449604034423828,0.1449604034423828,0.03516578674316406,0.25905,0.1500000000000341,2.37365930175784,20.0,0.8
1.728,0.1449604034423828,0.1449604034423828,0.03516578674316406,0.2592,0.15000000000000568,2.3766593017578166,20.0,0.8
1.729,0.1449604034423828,0.1449604034423828,0.026372909545898438,0.25935,0.1500000000000341,2.3866936035156527,20.0,0.8
1.73,0.1449604034423828,0.1449604034423828,0.03516578674316406,0.2595,0.14999999999997726,2.3826593017577946,20.0,0.8
1.731,0.1449604034423828,0.1449604034423828,0.05274772644042969,0.25965,0.15000000000000568,2.371593750000004,20.0,0.8
1.732,0.1449604034423828,0.1449604034423828,0.03516578674316406,0.2598,0.15000000000000568,2.3886593017578166,20.0,0.8
1.733,0.1449604034423828,0.1449604034423828,0.05274772644042969,0.25995,0.1500000000000341,2.3775937500000275,20.0,0.8
1.734,0.1449604034423828,0.1449604034423828,0.03516578674316406,0.2601,0.14999999999997726,2.394659301757794,20.0,0.8
1.735,0.1449604034423828,0.1449604034423828,0.03516578674316406,0.26025,0.15000000000000568,2.3976593017578165,20.0,0.8
1.736,0.1449604034423828,0.1449604034423828,0.03516578674316406,0.26039999999999996,0.14999999999997726,2.4006593017577935,20.0,0.8
1.737,0.1453418731689453,0.1453418731689453,0.043956756591796875,0.26055,0.1500000000000341,2.3889971313476837,20.0,0.8
1.738,0.1453418731689453,0.1453418731689453,0.026372909545898438,0.2607,0.15000000000000568,2.406064208984379,20.0,0.8
1.739,0.1453418731689453,0.1453418731689453,0.05274772644042969,0.26085,0.15000000000000568,2.387964355468755,20.0,0.8
1.74,0.1453418731689453,0.1453418731689453,0.017581939697265625,0.261,0.14999999999997726,2.419096984863263,20.0,0.8
1.741,0.1453418731689453,0.1453418731689453,0.03516578674316406,0.26115,0.14999999999997726,2.408029907226544,20.0,0.8
1.742,0.1453418731689453,0.1453418731689453,0.03516578674316406,0.2613,0.14999999999997726,2.4110299072265438,20.0,0.8
1.743,0.1453418731689453,0.1453418731689453,0.008790969848632812,0.26145,0.15000000000000568,2.4351297607421922,20.0,0.8
1.744,0.1453418731689453,0.1453418731689453,0.008790969848632812,0.2616,0.14999999999997726,2.4381297607421697,20.0,0.8
1.745,0.1453418731689453,0.1453418731689453,0.026372909545898438,0.26175,0.14999999999997726,2.427064208984356,20.0,0.8
1.746,0.1453418731689453,0.1453418731689453,0.017581939697265625,0.26189999999999997,0.15000000000000568,2.4370969848632855,20.0,0.8
1.747,0.1453418731689453,0.1453418731689453,0.017581939697265625,0.26205,0.15000000000000568,2.440096984863286,20.0,0.8
1.748,0.1453418731689453,0.1453418731689453,0.017581939697265625,0.2622,0.14999999999997726,2.4430969848632627,20.0,0.8
1.749,0.1453418731689453,0.1453418731689453,0.026372909545898438,0.26235,0.15000000000000568,2.43906420898438,20.0,0.8
1.75,0.1453418731689453,0.1453418731689453,0.026372909545898438,0.2625,0.14999999999997726,2.4420642089843567,20.0,0.8
1.7510000000000001,0.1453418731689453,0.1453418731689453,0.017581939697265625,0.26265,0.14999999999997726,2.452096984863263,20.0,0.8
1.752,0.1457233428955078,0.1457233428955078,0.03516578674316406,0.2628,0.14999999999997726,2.4334005126952936,20.0,0.8
1.7530000000000001,0.1457233428955078,0.1457233428955078,0.026372909545898438,0.26295,0.1500000000000341,2.443434814453153,20.0,0.8
1.754,0.1457233428955078,0.1457233428955078,0.026372909545898438,0.2631,0.14999999999994884,2.446434814453084,20.0,0.8
1.7550000000000001,0.1457233428955078,0.1457233428955078,0.026372909545898438,0.26325,0.14999999999997726,2.4494348144531064,20.0,0.8
1.756,0.1457233428955078,0.1457233428955078,0.03516578674316406,0.26339999999999997,0.15000000000000568,2.445400512695316,20.0,0.8
1.7570000000000001,0.1457233428955078,0.1457233428955078,0.017581939697265625,0.26355,0.15000000000000568,2.462467590332036,20.0,0.8
1.758,0.1457233428955078,0.1457233428955078,0.043956756591796875,0.2637,0.14999999999997726,2.444367736816388,20.0,0.8
1.7590000000000001,0.1457233428955078,0.1457233428955078,0.017581939697265625,0.26385000000000003,0.1500000000000341,2.468467590332059,20.0,0.8
1.76,0.1457233428955078,0.1457233428955078,0.043956756591796875,0.264,0.14999999999994884,2.4503677368163657,20.0,0.8
1.7610000000000001,0.1457233428955078,0.1457233428955078,0.026372909545898438,0.26415,0.14999999999997726,2.4674348144531066,20.0,0.8
1.762,0.1457233428955078,0.1457233428955078,0.026372909545898438,0.2643,0.15000000000000568,2.470434814453129,20.0,0.8
1.7630000000000001,0.1457233428955078,0.1457233428955078,0.03516578674316406,0.26445,0.15000000000000568,2.4664005126953175,20.0,0.8
1.764,0.1457233428955078,0.1457233428955078,0.026372909545898438,0.2646,0.14999999999994884,2.476434814453084,20.0,0.8
1.7650000000000001,0.1457233428955078,0.1457233428955078,0.017581939697265625,0.26475,0.15000000000000568,2.486467590332036,20.0,0.8
1.766,0.1461048126220703,0.1461048126220703,0.03516578674316406,0.26489999999999997,0.15000000000000568,2.467771118164066,20.0,0.8
1.7670000000000001,0.1461048126220703,0.1461048126220703,0.026372909545898438,0.26505,0.15000000000000568,2.4778054199218795,20.0,0.8
1.768,0.1461048126220703,0.1461048126220703,0.026372909545898438,0.2652,0.14999999999997726,2.4808054199218565,20.0,0.8
1.7690000000000001,0.1461048126220703,0.1461048126220703,0.043956756591796875,0.26535000000000003,0.1500000000000341,2.4697383422851837,20.0,0.8
1.77,0.1461048126220703,0.1461048126220703,0.017581939697265625,0.2655,0.14999999999994884,2.4938381958007407,20.0,0.8
1.7710000000000001,0.1461048126220703,0.1461048126220703,0.043956756591796875,0.26565,0.15000000000000568,2.4757383422851604,20.0,0.8
1.772,0.1461048126220703,0.1461048126220703,0.03516578674316406,0.2658,0.15000000000000568,2.4857711181640667,20.0,0.8
1.7730000000000001,0.1461048126220703,0.1461048126220703,0.026372909545898438,0.26595,0.15000000000000568,2.4958054199218798,20.0,0.8
1.774,0.1461048126220703,0.1461048126220703,0.03516578674316406,0.2661,0.14999999999997726,2.4917711181640443,20.0,0.8
1.7750000000000001,0.1461048126220703,0.1461048126220703,0.03516578674316406,0.26625,0.15000000000000568,2.4947711181640666,20.0,0.8
1.776,0.1461048126220703,0.1461048126220703,0.03516578674316406,0.26639999999999997,0.15000000000000568,2.4977711181640663,20.0,0.8
1.7770000000000001,0.1461048126220703,0.1461048126220703,0.043956756591796875,0.26655,0.1500000000000341,2.4937383422851838,20.0,0.8
1.778,0.1464862823486328,0.1464862823486328,0.043956756591796875,0.2667,0.1500000000000341,2.489108947753933,20.0,0.8
1.7790000000000001,0.1464862823486328,0.1464862823486328,0.03516578674316406,0.26685000000000003,0.15000000000000568,2.4991417236328175,20.0,0.8
1.78,0.1464862823486328,0.1464862823486328,0.043956756591796875,0.267,0.14999999999997726,2.4951089477538884,20.0,0.8
1.7810000000000001,0.1464862823486328,0.1464862823486328,0.03516578674316406,0.26715,0.15000000000000568,2.505141723632817,20.0,0.8
1.782,0.1464862823486328,0.1464862823486328,0.043956756591796875,0.2673,0.15000000000000568,2.5011089477539103,20.0,0.8
1.7830000000000001,0.1464862823486328,0.1464862823486328,0.026372909545898438,0.26745,0.1500000000000341,2.5181760253906527,20.0,0.8
1.784,0.1464862823486328,0.1464862823486328,0.0615386962890625,0.2676,0.15000000000000568,2.4930433959960987,20.0,0.8
1.7850000000000001,0.1464862823486328,0.1464862823486328,0.03516578674316406,0.26775,0.15000000000000568,2.5171417236328164,20.0,0.8
1.786,0.1464862823486328,0.1464862823486328,0.043956756591796875,0.26789999999999997,0.15000000000000568,2.5131089477539104,20.0,0.8
1.7870000000000001,0.1468677520751953,0.1468677520751953,0.043956756591796875,0.26805,0.1500000000000341,2.5084795532226836,20.0,0.8
1.788,0.1468677520751953,0.1468677520751953,0.026372909545898438,0.2682,0.15000000000000568,2.5255466308593792,20.0,0.8
1.7890000000000001,0.1468677520751953,0.1468677520751953,0.017581939697265625,0.26835000000000003,0.1500000000000341,2.5355794067383095,20.0,0.8
1.79,0.1468677520751953,0.1468677520751953,0.03516578674316406,0.2685,0.14999999999997726,2.5245123291015443,20.0,0.8
1.7910000000000001,0.1468677520751953,0.1468677520751953,0.017581939697265625,0.26865,0.15000000000000568,2.541579406738286,20.0,0.8
1.792,0.1468677520751953,0.1468677520751953,0.017581939697265625,0.2688,0.15000000000000568,2.5445794067382854,20.0,0.8
1.793,0.1468677520751953,0.1468677520751953,0.03516578674316406,0.26894999999999997,0.14999999999997726,2.533512329101544,20.0,0.8
1.794,0.1468677520751953,0.1468677520751953,0.017581939697265625,0.2691,0.1500000000000341,2.5505794067383087,20.0,0.8
1.795,0.1468677520751953,0.1468677520751953,0.008790969848632812,0.26925,0.14999999999997726,2.5606121826171693,20.0,0.8
1.796,0.1468677520751953,0.1468677520751953,0.017581939697265625,0.2694,0.14999999999997726,2.5565794067382623,20.0,0.8
1.797,0.1468677520751953,0.1468677520751953,0.017581939697265625,0.26954999999999996,0.15000000000000568,2.559579406738285,20.0,0.8
1.798,0.1468677520751953,0.1468677520751953,0.008790969848632812,0.2697,0.15000000000000568,2.5696121826171923,20.0,0.8
1.799,0.1468677520751953,0.1468677520751953,0.008790969848632812,0.26985,0.14999999999997726,2.572612182617169,20.0,0.8
1.8,0.1468677520751953,0.1468677520751953,0.008790969848632812,0.27,0.1500000000000341,2.575612182617215,20.0,0.8
1.801,0.1468677520751953,0.1468677520751953,0.017581939697265625,0.27015,0.14999999999997726,2.571579406738263,20.0,0.8
1.802,0.1468677520751953,0.1468677520751953,0.03516578674316406,0.2703,0.14999999999997726,2.560512329101544,20.0,0.8
1.803,0.1468677520751953,0.1468677520751953,0.008790969848632812,0.27044999999999997,0.14999999999997726,2.584612182617169,20.0,0.8
1.804,0.1468677520751953,0.1468677520751953,0.008790969848632812,0.2706,0.1500000000000341,2.5876121826172147,20.0,0.8
1.805,0.1468677520751953,0.1468677520751953,0.017581939697265625,0.27075,0.14999999999994884,2.5835794067382403,20.0,0.8
1.806,0.1468677520751953,0.1468677520751953,0.03516578674316406,0.2709,0.15000000000000568,2.572512329101566,20.0,0.8
1.807,0.1472492218017578,0.1472492218017578,0.017581939697265625,0.27104999999999996,0.15000000000000568,2.5819500122070353,20.0,0.8
1.808,0.1472492218017578,0.1472492218017578,0.03516578674316406,0.2712,0.15000000000000568,2.570882934570317,20.0,0.8
1.809,0.1472492218017578,0.1472492218017578,0.017581939697265625,0.27135,0.15000000000000568,2.5879500122070356,20.0,0.8
1.81,0.1472492218017578,0.1472492218017578,0.03516578674316406,0.2715,0.1500000000000341,2.5768829345703406,20.0,0.8
1.811,0.1472492218017578,0.1472492218017578,0.026372909545898438,0.27165,0.14999999999997726,2.5869172363281066,20.0,0.8
1.812,0.1472492218017578,0.1472492218017578,0.026372909545898438,0.2718,0.15000000000000568,2.5899172363281293,20.0,0.8
1.813,0.1472492218017578,0.1472492218017578,0.026372909545898438,0.27194999999999997,0.1500000000000341,2.5929172363281516,20.0,0.8
1.814,0.1472492218017578,0.1472492218017578,0.026372909545898438,0.2721,0.15000000000000568,2.5959172363281295,20.0,0.8
1.815,0.1472492218017578,0.1472492218017578,0.026372909545898438,0.27225,0.14999999999997726,2.5989172363281066,20.0,0.8
1.816,0.1472492218017578,0.1472492218017578,0.026372909545898438,0.2724,0.15000000000000568,2.601917236328129,20.0,0.8
1.817,0.1472492218017578,0.1472492218017578,0.03516578674316406,0.27254999999999996,0.15000000000000568,2.597882934570316,20.0,0.8
1.818,0.1472492218017578,0.1472492218017578,0.026372909545898438,0.2727,0.1500000000000341,2.607917236328152,20.0,0.8
1.819,0.1472492218017578,0.1472492218017578,0.017581939697265625,0.27285,0.15000000000000568,2.617950012207036,20.0,0.8
1.82,0.1472492218017578,0.1472492218017578,0.03516578674316406,0.273,0.1500000000000341,2.6068829345703404,20.0,0.8
1.821,0.1476306915283203,0.1476306915283203,0.026372909545898438,0.27315,0.14999999999997726,2.609287841796857,20.0,0.8
1.822,0.1476306915283203,0.1476306915283203,0.026372909545898438,0.2733,0.15000000000000568,2.612287841796879,20.0,0.8
1.823,0.1476306915283203,0.1476306915283203,0.026372909545898438,0.27344999999999997,0.15000000000000568,2.615287841796879,20.0,0.8
1.824,0.1476306915283203,0.1476306915283203,0.043956756591796875,0.2736,0.1500000000000341,2.6042207641601838,20.0,0.8
1.825,0.1476306915283203,0.1476306915283203,0.017581939697265625,0.27375,0.14999999999997726,2.6283206176757625,20.0,0.8
1.826,0.1476306915283203,0.1476306915283203,0.026372909545898438,0.2739,0.15000000000000568,2.624287841796879,20.0,0.8
1.827,0.1476306915283203,0.1476306915283203,0.026372909545898438,0.27404999999999996,0.15000000000000568,2.6272878417968784,20.0,0.8
1.828,0.1476306915283203,0.1476306915283203,0.03516578674316406,0.2742,0.1500000000000341,2.62325354003909,20.0,0.8
1.829,0.1476306915283203,0.1476306915283203,0.03516578674316406,0.27435,0.15000000000000568,2.6262535400390665,20.0,0.8
1.83,0.1476306915283203,0.1476306915283203,0.03516578674316406,0.2745,0.15000000000000568,2.629253540039067,20.0,0.8
1.831,0.1476306915283203,0.1476306915283203,0.03516578674316406,0.27465,0.14999999999997726,2.6322535400390445,20.0,0.8
1.832,0.1476306915283203,0.1476306915283203,0.043956756591796875,0.2748,0.15000000000000568,2.6282207641601603,20.0,0.8
1.833,0.1480121612548828,0.1480121612548828,0.03516578674316406,0.27494999999999997,0.15000000000000568,2.6306241455078165,20.0,0.8
1.834,0.1480121612548828,0.1480121612548828,0.05274772644042969,0.2751,0.1500000000000341,2.6195585937500274,20.0,0.8
1.835,0.1480121612548828,0.1480121612548828,0.03516578674316406,0.27525,0.14999999999997726,2.636624145507794,20.0,0.8
1.836,0.1480121612548828,0.1480121612548828,0.043956756591796875,0.2754,0.15000000000000568,2.6325913696289103,20.0,0.8
1.837,0.1480121612548828,0.1480121612548828,0.043956756591796875,0.27554999999999996,0.15000000000000568,2.63559136962891,20.0,0.8
1.838,0.1480121612548828,0.1480121612548828,0.043956756591796875,0.2757,0.1500000000000341,2.6385913696289336,20.0,0.8
1.839,0.1480121612548828,0.1480121612548828,0.026372909545898438,0.27585,0.15000000000000568,2.655658447265629,20.0,0.8
1.84,0.1480121612548828,0.1480121612548828,0.03516578674316406,0.276,0.1500000000000341,2.6516241455078404,20.0,0.8
1.841,0.1480121612548828,0.1480121612548828,0.03516578674316406,0.27615,0.14999999999994884,2.6546241455077717,20.0,0.8
1.842,0.1480121612548828,0.1480121612548828,0.03516578674316406,0.2763,0.15000000000000568,2.6576241455078167,20.0,0.8
1.843,0.1483936309814453,0.1483936309814453,0.017581939697265625,0.27645,0.15000000000000568,2.6670618286132854,20.0,0.8
1.844,0.1483936309814453,0.1483936309814453,0.017581939697265625,0.2766,0.1500000000000341,2.6700618286133087,20.0,0.8
1.845,0.1483936309814453,0.1483936309814453,0.026372909545898438,0.27675,0.14999999999997726,2.666029052734357,20.0,0.8
1.846,0.1483936309814453,0.1483936309814453,0.008790969848632812,0.2769,0.14999999999997726,2.683094604492169,20.0,0.8
1.847,0.1483936309814453,0.1483936309814453,0.017581939697265625,0.27704999999999996,0.14999999999997726,2.6790618286132624,20.0,0.8
1.848,0.1483936309814453,0.1483936309814453,0.008790969848632812,0.2772,0.15000000000000568,2.689094604492192,20.0,0.8
1.849,0.1483936309814453,0.1483936309814453,0.008790969848632812,0.27735,0.15000000000000568,2.692094604492192,20.0,0.8
1.85,0.1483936309814453,0.1483936309814453,0.008790969848632812,0.2775,0.15000000000000568,2.695094604492193,20.0,0.8
1.851,0.1483936309814453,0.1483936309814453,0.017581939697265625,0.27765,0.14999999999997726,2.691061828613263,20.0,0.8
1.852,0.1483936309814453,0.1483936309814453,0.017581939697265625,0.2778,0.15000000000000568,2.694061828613286,20.0,0.8
1.853,0.1483936309814453,0.1483936309814453,0.026372909545898438,0.27795,0.14999999999997726,2.690029052734356,20.0,0.8
1.854,0.1483936309814453,0.1483936309814453,0.017581939697265625,0.2781,0.15000000000000568,2.7000618286132863,20.0,0.8
1.855,0.1483936309814453,0.1483936309814453,0.026372909545898438,0.27825,0.14999999999997726,2.6960290527343567,20.0,0.8
1.856,0.1483936309814453,0.1483936309814453,0.026372909545898438,0.2784,0.14999999999997726,2.6990290527343563,20.0,0.8
1.857,0.1483936309814453,0.1483936309814453,0.017581939697265625,0.27854999999999996,0.14999999999997726,2.709061828613262,20.0,0.8
1.858,0.1483936309814453,0.1483936309814453,0.026372909545898438,0.2787,0.1500000000000341,2.7050290527344023,20.0,0.8
1.859,0.1483936309814453,0.1483936309814453,0.026372909545898438,0.27885,0.15000000000000568,2.7080290527343793,20.0,0.8
1.86,0.1483936309814453,0.1483936309814453,0.03516578674316406,0.279,0.15000000000000568,2.7039947509765674,20.0,0.8
1.861,0.1483936309814453,0.1483936309814453,0.03516578674316406,0.27915,0.14999999999997726,2.7069947509765444,20.0,0.8
1.862,0.1487751007080078,0.1487751007080078,0.03516578674316406,0.2793,0.14999999999997726,2.702365356445294,20.0,0.8
1.863,0.1487751007080078,0.1487751007080078,0.026372909545898438,0.27945,0.14999999999997726,2.7123996582031062,20.0,0.8
1.864,0.1487751007080078,0.1487751007080078,0.03516578674316406,0.2796,0.1500000000000341,2.7083653564453405,20.0,0.8
1.865,0.1487751007080078,0.1487751007080078,0.043956756591796875,0.27975,0.14999999999997726,2.704332580566388,20.0,0.8
1.866,0.1487751007080078,0.1487751007080078,0.043956756591796875,0.2799,0.14999999999997726,2.707332580566388,20.0,0.8
1.867,0.1487751007080078,0.1487751007080078,0.05274772644042969,0.28004999999999997,0.15000000000000568,2.7032998046875036,20.0,0.8
1.868,0.1487751007080078,0.1487751007080078,0.05274772644042969,0.2802,0.1500000000000341,2.7062998046875273,20.0,0.8
1.869,0.1487751007080078,0.1487751007080078,0.043956756591796875,0.28035,0.14999999999997726,2.716332580566388,20.0,0.8
1.87,0.1491565704345703,0.1491565704345703,0.07032966613769531,0.2805,0.1500000000000341,2.690604858398465,20.0,0.8
1.871,0.1491565704345703,0.1491565704345703,0.07032966613769531,0.28065,0.14999999999997726,2.6936048583984196,20.0,0.8
1.872,0.1491565704345703,0.1491565704345703,0.0615386962890625,0.2808,0.14999999999997726,2.7036376342773254,20.0,0.8
1.873,0.1491565704345703,0.1491565704345703,0.07912063598632812,0.28095,0.14999999999997726,2.6925720825195127,20.0,0.8
1.874,0.1491565704345703,0.1491565704345703,0.07032966613769531,0.2811,0.1500000000000341,2.702604858398465,20.0,0.8
1.875,0.1491565704345703,0.1491565704345703,0.07032966613769531,0.28125,0.14999999999994884,2.7056048583983965,20.0,0.8
1.8760000000000001,0.1495380401611328,0.1495380401611328,0.0615386962890625,0.2814,0.15000000000000568,2.708008239746098,20.0,0.8
1.877,0.1495380401611328,0.1495380401611328,0.043956756591796875,0.28154999999999997,0.15000000000000568,2.72507379150391,20.0,0.8
1.8780000000000001,0.1495380401611328,0.1495380401611328,0.03516578674316406,0.2817,0.15000000000000568,2.735106567382817,20.0,0.8
1.879,0.1495380401611328,0.1495380401611328,0.03516578674316406,0.28185,0.14999999999997726,2.738106567382794,20.0,0.8
1.8800000000000001,0.1495380401611328,0.1495380401611328,0.026372909545898438,0.28200000000000003,0.1500000000000341,2.748140869140653,20.0,0.8
1.881,0.1495380401611328,0.1495380401611328,0.008790969848632812,0.28215,0.14999999999997726,2.7652064208984197,20.0,0.8
1.8820000000000001,0.1495380401611328,0.1495380401611328,0.008790969848632812,0.2823,0.15000000000000568,2.768206420898442,20.0,0.8
1.883,0.1495380401611328,0.1495380401611328,0.017581939697265625,0.28245,0.1500000000000341,2.764173645019558,20.0,0.8
1.8840000000000001,0.1495380401611328,0.1495380401611328,0.008790969848632812,0.2826,0.15000000000000568,2.7742064208984423,20.0,0.8
1.885,0.1495380401611328,0.1495380401611328,0.0,0.28275,0.14999999999997726,2.784239196777326,20.0,0.8
1.8860000000000001,0.1495380401611328,0.1495380401611328,0.017581939697265625,0.2829,0.15000000000000568,2.7731736450195354,20.0,0.8
1.887,0.1495380401611328,0.1495380401611328,0.008790969848632812,0.28304999999999997,0.15000000000000568,2.7832064208984417,20.0,0.8
1.8880000000000001,0.1495380401611328,0.1495380401611328,0.017581939697265625,0.2832,0.1500000000000341,2.7791736450195588,20.0,0.8
1.889,0.1495380401611328,0.1495380401611328,0.017581939697265625,0.28335,0.15000000000000568,2.782173645019536,20.0,0.8
1.8900000000000001,0.1495380401611328,0.1495380401611328,0.017581939697265625,0.28350000000000003,0.1500000000000341,2.7851736450195594,20.0,0.8
1.891,0.1495380401611328,0.1495380401611328,0.03516578674316406,0.28365,0.14999999999997726,2.7741065673827943,20.0,0.8
1.8920000000000001,0.1499195098876953,0.1499195098876953,0.03516578674316406,0.2838,0.15000000000000568,2.769477172851567,20.0,0.8
1.893,0.1499195098876953,0.1499195098876953,0.03516578674316406,0.28395,0.15000000000000568,2.7724771728515663,20.0,0.8
1.8940000000000001,0.1499195098876953,0.1499195098876953,0.05274772644042969,0.2841,0.15000000000000568,2.761411621093755,20.0,0.8
1.895,0.1499195098876953,0.1499195098876953,0.0615386962890625,0.28425,0.14999999999997726,2.757378845214826,20.0,0.8
1.8960000000000001,0.1499195098876953,0.1499195098876953,0.05274772644042969,0.2844,0.15000000000000568,2.7674116210937543,20.0,0.8
1.897,0.1499195098876953,0.1499195098876953,0.07912063598632812,0.28454999999999997,0.15000000000000568,2.749313293457035,20.0,0.8
1.8980000000000001,0.1499195098876953,0.1499195098876953,0.08791160583496094,0.2847,0.1500000000000341,2.745280517578152,20.0,0.8
1.899,0.1503009796142578,0.1503009796142578,0.07912063598632812,0.28485,0.15000000000000568,2.7476838989257857,20.0,0.8
1.9000000000000001,0.1503009796142578,0.1503009796142578,0.09670257568359375,0.28500000000000003,0.15000000000000568,2.736618347167974,20.0,0.8
1.901,0.1503009796142578,0.1503009796142578,0.09670257568359375,0.28515,0.14999999999997726,2.739618347167951,20.0,0.8
1.9020000000000001,0.1506824493408203,0.1506824493408203,0.123077392578125,0.2853,0.15000000000000568,2.7138890991210984,20.0,0.8
1.903,0.1506824493408203,0.1506824493408203,0.09670257568359375,0.28545,0.15000000000000568,2.737988952636723,20.0,0.8
1.9040000000000001,0.1506824493408203,0.1506824493408203,0.10549545288085938,0.2856,0.1500000000000341,2.733954650878934,20.0,0.8
1.905,0.1506824493408203,0.1506824493408203,0.07912063598632812,0.28575,0.14999999999994884,2.75805450439449,20.0,0.8
1.9060000000000001,0.1506824493408203,0.1506824493408203,0.08791160583496094,0.2859,0.15000000000000568,2.7540217285156294,20.0,0.8
1.907,0.1510639190673828,0.1510639190673828,0.07032966613769531,0.28604999999999997,0.15000000000000568,2.7634578857421914,20.0,0.8
1.9080000000000001,0.1510639190673828,0.1510639190673828,0.043956756591796875,0.2862,0.1500000000000341,2.7875562133789336,20.0,0.8
1.909,0.1510639190673828,0.1510639190673828,0.043956756591796875,0.28635,0.15000000000000568,2.7905562133789106,20.0,0.8
1.9100000000000001,0.1510639190673828,0.1510639190673828,0.017581939697265625,0.28650000000000003,0.1500000000000341,2.814656066894559,20.0,0.8
1.911,0.1510639190673828,0.1510639190673828,0.008790969848632812,0.28665,0.14999999999994884,2.824688842773397,20.0,0.8
1.9120000000000001,0.1510639190673828,0.1510639190673828,0.017581939697265625,0.2868,0.15000000000000568,2.8206560668945357,20.0,0.8
1.913,0.1510639190673828,0.1510639190673828,0.0,0.28695,0.15000000000000568,2.837721618652348,20.0,0.8
1.9140000000000001,0.1510639190673828,0.1510639190673828,0.008790969848632812,0.2871,0.1500000000000341,2.833688842773465,20.0,0.8
1.915,0.1510639190673828,0.1510639190673828,0.008790969848632812,0.28725,0.14999999999997726,2.8366888427734196,20.0,0.8
1.9160000000000001,0.1510639190673828,0.1510639190673828,0.008790969848632812,0.2874,0.15000000000000568,2.839688842773442,20.0,0.8
1.917,0.1510639190673828,0.1510639190673828,0.017581939697265625,0.28755,0.14999999999997726,2.8356560668945123,20.0,0.8
1.9180000000000001,0.1510639190673828,0.1510639190673828,0.026372909545898438,0.2877,0.15000000000000568,2.83162329101563,20.0,0.8
1.919,0.1510639190673828,0.1510639190673828,0.017581939697265625,0.28785,0.15000000000000568,2.8416560668945356,20.0,0.8
1.92,0.1510639190673828,0.1510639190673828,0.043956756591796875,0.288,0.15000000000000568,2.8235562133789105,20.0,0.8
1.921,0.1510639190673828,0.1510639190673828,0.05274772644042969,0.28815,0.1500000000000341,2.8195234375000275,20.0,0.8
1.922,0.1514453887939453,0.1514453887939453,0.0615386962890625,0.2883,0.14999999999997726,2.8078612670898258,20.0,0.8
1.923,0.1514453887939453,0.1514453887939453,0.07032966613769531,0.28845,0.14999999999997726,2.803828491210919,20.0,0.8
1.924,0.1514453887939453,0.1514453887939453,0.10549545288085938,0.28859999999999997,0.15000000000000568,2.77869586181641,20.0,0.8
1.925,0.1514453887939453,0.1514453887939453,0.09670257568359375,0.28875,0.1500000000000341,2.7887301635742463,20.0,0.8
1.926,0.1518268585205078,0.1518268585205078,0.123077392578125,0.2889,0.14999999999997726,2.763000915527325,20.0,0.8
1.927,0.1518268585205078,0.1518268585205078,0.14065933227539062,0.28905,0.15000000000000568,2.7519353637695354,20.0,0.8
1.928,0.1518268585205078,0.1518268585205078,0.15824127197265625,0.28919999999999996,0.15000000000000568,2.7408698120117223,20.0,0.8
1.929,0.1522083282470703,0.1522083282470703,0.14945030212402344,0.28935,0.15000000000000568,2.7432731933593795,20.0,0.8
1.93,0.1522083282470703,0.1522083282470703,0.14945030212402344,0.2895,0.15000000000000568,2.746273193359379,20.0,0.8
1.931,0.1525897979736328,0.1525897979736328,0.14945030212402344,0.28965,0.1500000000000341,2.7416437988281523,20.0,0.8
1.932,0.1525897979736328,0.1525897979736328,0.11428642272949219,0.2898,0.14999999999997726,2.7727749023437323,20.0,0.8
1.933,0.1525897979736328,0.1525897979736328,0.09670257568359375,0.28995,0.15000000000000568,2.789841979980473,20.0,0.8
1.934,0.1525897979736328,0.1525897979736328,0.07912063598632812,0.29009999999999997,0.15000000000000568,2.806907531738285,20.0,0.8
1.935,0.1529712677001953,0.1529712677001953,0.07032966613769531,0.29025,0.15000000000000568,2.8093109130859424,20.0,0.8
1.936,0.1529712677001953,0.1529712677001953,0.05274772644042969,0.2904,0.14999999999997726,2.8263764648437317,20.0,0.8
1.937,0.1529712677001953,0.1529712677001953,0.0615386962890625,0.29055,0.15000000000000568,2.822343688964848,20.0,0.8
1.938,0.1529712677001953,0.1529712677001953,0.043956756591796875,0.29069999999999996,0.15000000000000568,2.83940924072266,20.0,0.8
1.939,0.1529712677001953,0.1529712677001953,0.03516578674316406,0.29085,0.1500000000000341,2.84944201660159,20.0,0.8
1.94,0.1529712677001953,0.1529712677001953,0.05274772644042969,0.291,0.14999999999997726,2.8383764648437313,20.0,0.8
1.941,0.1529712677001953,0.1529712677001953,0.043956756591796875,0.29115,0.1500000000000341,2.8484092407226838,20.0,0.8
1.942,0.1529712677001953,0.1529712677001953,0.0615386962890625,0.2913,0.14999999999997726,2.837343688964826,20.0,0.8
1.943,0.1533527374267578,0.1533527374267578,0.05274772644042969,0.29145,0.15000000000000568,2.8397470703125043,20.0,0.8
1.944,0.1533527374267578,0.1533527374267578,0.07912063598632812,0.29159999999999997,0.15000000000000568,2.821648742675785,20.0,0.8
1.945,0.1533527374267578,0.1533527374267578,0.07032966613769531,0.29175,0.1500000000000341,2.831681518554715,20.0,0.8
1.946,0.1533527374267578,0.1533527374267578,0.09670257568359375,0.2919,0.14999999999994884,2.813583190917928,20.0,0.8
1.947,0.1537342071533203,0.1537342071533203,0.11428642272949219,0.29205,0.15000000000000568,2.794886718750004,20.0,0.8
1.948,0.1537342071533203,0.1537342071533203,0.11428642272949219,0.29219999999999996,0.15000000000000568,2.797886718750004,20.0,0.8
1.949,0.1537342071533203,0.1537342071533203,0.09670257568359375,0.29235,0.1500000000000341,2.814953796386746,20.0,0.8
1.95,0.1537342071533203,0.1537342071533203,0.123077392578125,0.2925,0.15000000000000568,2.796853942871098,20.0,0.8
1.951,0.1541156768798828,0.1541156768798828,0.10549545288085938,0.29265,0.15000000000000568,2.8062901000976614,20.0,0.8
1.952,0.1541156768798828,0.1541156768798828,0.11428642272949219,0.2928,0.14999999999994884,2.8022573242187088,20.0,0.8
1.953,0.1541156768798828,0.1541156768798828,0.09670257568359375,0.29295,0.14999999999997726,2.8193244018554506,20.0,0.8
1.954,0.1544971466064453,0.1544971466064453,0.10549545288085938,0.29309999999999997,0.15000000000000568,2.80766070556641,20.0,0.8
1.955,0.1544971466064453,0.1544971466064453,0.09670257568359375,0.29325,0.15000000000000568,2.8176950073242235,20.0,0.8
1.956,0.1544971466064453,0.1544971466064453,0.07032966613769531,0.2934,0.14999999999994884,2.8417933349608964,20.0,0.8
1.957,0.1544971466064453,0.1544971466064453,0.07912063598632812,0.29355,0.15000000000000568,2.837760559082035,20.0,0.8
1.958,0.1544971466064453,0.1544971466064453,0.07912063598632812,0.29369999999999996,0.15000000000000568,2.840760559082035,20.0,0.8
1.959,0.1548786163330078,0.1548786163330078,0.07032966613769531,0.29385,0.15000000000000568,2.843163940429692,20.0,0.8
1.96,0.1548786163330078,0.1548786163330078,0.08791160583496094,0.294,0.15000000000000568,2.8320983886718794,20.0,0.8
1.961,0.1548786163330078,0.1548786163330078,0.07912063598632812,0.29415,0.15000000000000568,2.842131164550786,20.0,0.8
1.962,0.1548786163330078,0.1548786163330078,0.08791160583496094,0.2943,0.14999999999994884,2.8380983886718343,20.0,0.8
1.963,0.1548786163330078,0.1548786163330078,0.09670257568359375,0.29445,0.15000000000000568,2.834065612792973,20.0,0.8
1.964,0.1552600860595703,0.1552600860595703,0.09670257568359375,0.2946,0.15000000000000568,2.8294362182617228,20.0,0.8
1.965,0.1552600860595703,0.1552600860595703,0.10549545288085938,0.29475,0.15000000000000568,2.8254019165039113,20.0,0.8
1.966,0.1552600860595703,0.1552600860595703,0.08791160583496094,0.2949,0.14999999999997726,2.8424689941406065,20.0,0.8
1.967,0.1556415557861328,0.1556415557861328,0.10549545288085938,0.29505,0.14999999999997726,2.823772521972638,20.0,0.8
1.968,0.1556415557861328,0.1556415557861328,0.10549545288085938,0.29519999999999996,0.14999999999997726,2.826772521972637,20.0,0.8
1.969,0.1556415557861328,0.1556415557861328,0.07032966613769531,0.29535,0.1500000000000341,2.857905151367215,20.0,0.8
1.97,0.1556415557861328,0.1556415557861328,0.07912063598632812,0.2955,0.15000000000000568,2.8538723754882853,20.0,0.8
1.971,0.1556415557861328,0.1556415557861328,0.07032966613769531,0.29565,0.15000000000000568,2.8639051513671925,20.0,0.8
1.972,0.1560230255126953,0.1560230255126953,0.0615386962890625,0.2958,0.14999999999997726,2.866308532714826,20.0,0.8
1.973,0.1560230255126953,0.1560230255126953,0.0615386962890625,0.29595,0.15000000000000568,2.869308532714848,20.0,0.8
1.974,0.1560230255126953,0.1560230255126953,0.0615386962890625,0.2961,0.14999999999997726,2.8723085327148254,20.0,0.8
1.975,0.1560230255126953,0.1560230255126953,0.0615386962890625,0.29625,0.1500000000000341,2.8753085327148713,20.0,0.8
1.976,0.1560230255126953,0.1560230255126953,0.0615386962890625,0.2964,0.14999999999997726,2.8783085327148257,20.0,0.8
1.977,0.1560230255126953,0.1560230255126953,0.07912063598632812,0.29655,0.14999999999997726,2.8672429809570126,20.0,0.8
1.978,0.15640544891357422,0.15640544891357422,0.07032966613769531,0.29669999999999996,0.14999999999997726,2.8696272888183403,20.0,0.8
1.979,0.15640544891357422,0.15640544891357422,0.07912063598632812,0.29685,0.1500000000000341,2.865594512939481,20.0,0.8
1.98,0.15640544891357422,0.15640544891357422,0.08791160583496094,0.297,0.14999999999997726,2.861561737060528,20.0,0.8
1.981,0.15640544891357422,0.15640544891357422,0.09670257568359375,0.29715,0.1500000000000341,2.8575289611816683,20.0,0.8
1.982,0.15640544891357422,0.15640544891357422,0.09670257568359375,0.2973,0.14999999999997726,2.8605289611816227,20.0,0.8
1.983,0.15678691864013672,0.15678691864013672,0.10549545288085938,0.29745,0.14999999999997726,2.84886526489256,20.0,0.8
1.984,0.15678691864013672,0.15678691864013672,0.07912063598632812,0.2976,0.14999999999997726,2.8729651184081844,20.0,0.8
1.985,0.15678691864013672,0.15678691864013672,0.08791160583496094,0.29775,0.1500000000000341,2.868932342529324,20.0,0.8
1.986,0.15678691864013672,0.15678691864013672,0.07912063598632812,0.2979,0.14999999999997726,2.878965118408185,20.0,0.8
1.987,0.15716838836669922,0.15716838836669922,0.07912063598632812,0.29805,0.14999999999997726,2.8743357238769343,20.0,0.8
1.988,0.15716838836669922,0.15716838836669922,0.08791160583496094,0.29819999999999997,0.1500000000000341,2.8703029479980735,20.0,0.8
1.989,0.15716838836669922,0.15716838836669922,0.08791160583496094,0.29835,0.1500000000000341,2.873302947998074,20.0,0.8
1.99,0.15716838836669922,0.15716838836669922,0.09670257568359375,0.2985,0.15000000000000568,2.869270172119145,20.0,0.8
1.991,0.15754985809326172,0.15754985809326172,0.09670257568359375,0.29865,0.1500000000000341,2.8646407775879186,20.0,0.8
1.992,0.15754985809326172,0.15754985809326172,0.10549545288085938,0.2988,0.14999999999997726,2.86060647583006,20.0,0.8
1.993,0.15754985809326172,0.15754985809326172,0.11428642272949219,0.29895,0.14999999999997726,2.856573699951154,20.0,0.8
1.994,0.15754985809326172,0.15754985809326172,0.10549545288085938,0.2991,0.15000000000000568,2.866606475830082,20.0,0.8
1.995,0.15793132781982422,0.15793132781982422,0.09670257568359375,0.29925,0.1500000000000341,2.869011383056668,20.0,0.8
1.996,0.15793132781982422,0.15793132781982422,0.09670257568359375,0.2994,0.14999999999997726,2.8720113830566225,20.0,0.8
1.997,0.15793132781982422,0.15793132781982422,0.08791160583496094,0.29955,0.15000000000000568,2.882044158935551,20.0,0.8
1.998,0.15793132781982422,0.15793132781982422,0.08791160583496094,0.29969999999999997,0.15000000000000568,2.8850441589355507,20.0,0.8
1.999,0.15831279754638672,0.15831279754638672,0.07912063598632812,0.29985,0.15000000000000568,2.8874475402832074,20.0,0.8
2.0,0.15831279754638672,0.15831279754638672,0.07912063598632812,0.3,0.15000000000000568,2.8904475402832075,20.0,0.8
2.001,0.15831279754638672,0.15831279754638672,0.08791160583496094,0.30015,0.15000000000000568,2.8864147644043006,20.0,0.8
2.0020000000000002,0.15831279754638672,0.15831279754638672,0.07912063598632812,0.3003,0.14999999999997726,2.896447540283185,20.0,0.8
2.003,0.15831279754638672,0.15831279754638672,0.07912063598632812,0.30045,0.15000000000000568,2.8994475402832074,20.0,0.8
2.004,0.15869426727294922,0.15869426727294922,0.09670257568359375,0.3006,0.15000000000000568,2.8807525939941447,20.0,0.8
2.005,0.15869426727294922,0.15869426727294922,0.10549545288085938,0.30074999999999996,0.15000000000000568,2.876718292236332,20.0,0.8
2.0060000000000002,0.15869426727294922,0.15869426727294922,0.10549545288085938,0.3009,0.14999999999997726,2.87971829223631,20.0,0.8
2.007,0.15907573699951172,0.15907573699951172,0.123077392578125,0.30105,0.14999999999997726,2.861023345947247,20.0,0.8
2.008,0.15907573699951172,0.15907573699951172,0.11428642272949219,0.30119999999999997,0.15000000000000568,2.8710561218261756,20.0,0.8
2.009,0.15907573699951172,0.15907573699951172,0.11428642272949219,0.30134999999999995,0.15000000000006253,2.874056121826221,20.0,0.8
2.0100000000000002,0.15945720672607422,0.15945720672607422,0.123077392578125,0.30150000000000005,0.15000000000000568,2.8623939514160215,20.0,0.8
2.011,0.15945720672607422,0.15945720672607422,0.123077392578125,0.30165000000000003,0.15000000000000568,2.8653939514160207,20.0,0.8
2.012,0.15945720672607422,0.15945720672607422,0.11428642272949219,0.3018,0.14999999999997726,2.8754267272949043,20.0,0.8
2.013,0.15983867645263672,0.15983867645263672,0.1318683624267578,0.30195,0.15000000000000568,2.8567317810058634,20.0,0.8
2.0140000000000002,0.15983867645263672,0.15983867645263672,0.14065933227539062,0.30210000000000004,0.15000000000000568,2.8526990051269583,20.0,0.8
2.015,0.15983867645263672,0.15983867645263672,0.123077392578125,0.30225,0.14999999999997726,2.8697645568847476,20.0,0.8
2.016,0.16022014617919922,0.16022014617919922,0.16703224182128906,0.3024,0.15000000000000568,2.829971282958989,20.0,0.8
2.017,0.16022014617919922,0.16022014617919922,0.16703224182128906,0.30255,0.15000000000000568,2.832971282958989,20.0,0.8
2.0180000000000002,0.16060161590576172,0.16060161590576172,0.1758251190185547,0.3027,0.14999999999997726,2.8213075866699038,20.0,0.8
2.019,0.16060161590576172,0.16060161590576172,0.16703224182128906,0.30285,0.15000000000000568,2.8313418884277395,20.0,0.8
2.02,0.16060161590576172,0.16060161590576172,0.16703224182128906,0.303,0.14999999999997726,2.8343418884277156,20.0,0.8
2.021,0.16098308563232422,0.16098308563232422,0.14065933227539062,0.30315,0.15000000000000568,2.8508108215332073,20.0,0.8
2.0220000000000002,0.16098308563232422,0.16098308563232422,0.1318683624267578,0.3033,0.14999999999997726,2.8608435974120914,20.0,0.8
2.023,0.16098308563232422,0.16098308563232422,0.1318683624267578,0.30345,0.15000000000000568,2.8638435974121137,20.0,0.8
2.024,0.16136455535888672,0.16136455535888672,0.1318683624267578,0.3036,0.15000000000000568,2.8592142028808634,20.0,0.8
2.025,0.16136455535888672,0.16136455535888672,0.16703224182128906,0.30374999999999996,0.15000000000000568,2.8340830993652384,20.0,0.8
2.0260000000000002,0.16174602508544922,0.16174602508544922,0.15824127197265625,0.3039,0.15000000000000568,2.8364864807128956,20.0,0.8
2.027,0.16174602508544922,0.16174602508544922,0.1758251190185547,0.30405,0.15000000000000568,2.825419403076176,20.0,0.8
2.028,0.16212749481201172,0.16212749481201172,0.1758251190185547,0.30419999999999997,0.15000000000000568,2.8207900085449262,20.0,0.8
2.029,0.16212749481201172,0.16212749481201172,0.16703224182128906,0.30434999999999995,0.15000000000000568,2.830824310302738,20.0,0.8
2.0300000000000002,0.16250896453857422,0.16250896453857422,0.16703224182128906,0.30450000000000005,0.15000000000000568,2.82619491577149,20.0,0.8
2.031,0.16250896453857422,0.16250896453857422,0.14945030212402344,0.30465000000000003,0.15000000000000568,2.8432604675293023,20.0,0.8
2.032,0.16250896453857422,0.16250896453857422,0.14065933227539062,0.3048,0.15000000000000568,2.8532932434082077,20.0,0.8
2.033,0.16289043426513672,0.16289043426513672,0.1318683624267578,0.30495,0.15000000000000568,2.855696624755864,20.0,0.8
2.0340000000000003,0.16289043426513672,0.16289043426513672,0.1318683624267578,0.30510000000000004,0.15000000000000568,2.8586966247558645,20.0,0.8
2.035,0.16289043426513672,0.16289043426513672,0.11428642272949219,0.30525,0.14999999999997726,2.8757621765136543,20.0,0.8
2.036,0.16327190399169922,0.16327190399169922,0.14945030212402344,0.3054,0.15000000000000568,2.8430016784668015,20.0,0.8
2.037,0.16327190399169922,0.16327190399169922,0.11428642272949219,0.30555,0.14999999999997726,2.8741327819824036,20.0,0.8
2.0380000000000003,0.16327190399169922,0.16327190399169922,0.1318683624267578,0.3057,0.14999999999997726,2.863067230224592,20.0,0.8
2.039,0.16365337371826172,0.16365337371826172,0.14065933227539062,0.30585,0.15000000000000568,2.8514050598144576,20.0,0.8
2.04,0.16365337371826172,0.16365337371826172,0.14065933227539062,0.306,0.14999999999997726,2.854405059814435,20.0,0.8
2.041,0.16365337371826172,0.16365337371826172,0.1318683624267578,0.30615,0.15000000000000568,2.864437835693363,20.0,0.8
2.0420000000000003,0.16403484344482422,0.16403484344482422,0.14065933227539062,0.3063,0.14999999999997726,2.8527756652831853,20.0,0.8
2.043,0.16403484344482422,0.16403484344482422,0.123077392578125,0.30645,0.15000000000000568,2.8698412170410204,20.0,0.8
2.044,0.16403484344482422,0.16403484344482422,0.1318683624267578,0.3066,0.15000000000000568,2.8658084411621134,20.0,0.8
2.045,0.16441631317138672,0.16441631317138672,0.14945030212402344,0.30674999999999997,0.15000000000000568,2.8471134948730508,20.0,0.8
2.0460000000000003,0.16441631317138672,0.16441631317138672,0.10549545288085938,0.3069,0.14999999999997726,2.88527737426756,20.0,0.8
2.047,0.16479778289794922,0.16479778289794922,0.1758251190185547,0.30705,0.15000000000000568,2.8243842468261766,20.0,0.8
2.048,0.16479778289794922,0.16479778289794922,0.16703224182128906,0.3072,0.14999999999997726,2.8344185485839652,20.0,0.8
2.049,0.16479778289794922,0.16479778289794922,0.14945030212402344,0.30734999999999996,0.15000000000000568,2.8514841003418008,20.0,0.8
2.05,0.16517925262451172,0.16517925262451172,0.123077392578125,0.30749999999999994,0.15000000000006253,2.8679530334473142,20.0,0.8
2.051,0.16517925262451172,0.16517925262451172,0.14065933227539062,0.30765000000000003,0.15000000000000568,2.856887481689458,20.0,0.8
2.052,0.16517925262451172,0.16517925262451172,0.10549545288085938,0.3078,0.15000000000000568,2.8880185852050833,20.0,0.8
2.053,0.16556072235107422,0.16556072235107422,0.11428642272949219,0.30795,0.14999999999997726,2.8763564147949037,20.0,0.8
2.054,0.16556072235107422,0.16556072235107422,0.123077392578125,0.3081,0.15000000000000568,2.8723236389160203,20.0,0.8
2.055,0.16556072235107422,0.16556072235107422,0.123077392578125,0.30825,0.14999999999997726,2.8753236389159977,20.0,0.8
2.056,0.16594219207763672,0.16594219207763672,0.1318683624267578,0.3084,0.15000000000000568,2.863661468505864,20.0,0.8
2.057,0.16594219207763672,0.16594219207763672,0.1318683624267578,0.30855,0.15000000000000568,2.8666614685058636,20.0,0.8
2.058,0.16594219207763672,0.16594219207763672,0.1318683624267578,0.3087,0.15000000000000568,2.8696614685058632,20.0,0.8
2.059,0.16632366180419922,0.16632366180419922,0.123077392578125,0.30885,0.14999999999997726,2.8720648498534977,20.0,0.8
2.06,0.16632366180419922,0.16632366180419922,0.11428642272949219,0.309,0.15000000000000568,2.8820976257324262,20.0,0.8
2.061,0.16632366180419922,0.16632366180419922,0.1318683624267578,0.30915,0.15000000000000568,2.8710320739746136,20.0,0.8
2.062,0.16670513153076172,0.16670513153076172,0.11428642272949219,0.30929999999999996,0.15000000000000568,2.8804682312011756,20.0,0.8
2.063,0.16670513153076172,0.16670513153076172,0.10549545288085938,0.30945,0.14999999999997726,2.89050100708006,20.0,0.8
2.064,0.16670513153076172,0.16670513153076172,0.123077392578125,0.3096,0.15000000000000568,2.87943545532227,20.0,0.8
2.065,0.16708660125732422,0.16708660125732422,0.1318683624267578,0.30974999999999997,0.15000000000000568,2.867773284912113,20.0,0.8
2.066,0.16708660125732422,0.16708660125732422,0.14945030212402344,0.30989999999999995,0.15000000000000568,2.8567077331543005,20.0,0.8
2.067,0.16708660125732422,0.16708660125732422,0.14065933227539062,0.31005,0.14999999999997726,2.8667405090331846,20.0,0.8
2.068,0.16746807098388672,0.16746807098388672,0.15824127197265625,0.3102,0.14999999999997726,2.8480455627441223,20.0,0.8
2.069,0.16746807098388672,0.16746807098388672,0.14945030212402344,0.31034999999999996,0.15000000000000568,2.8580783386230504,20.0,0.8
2.07,0.16746807098388672,0.16746807098388672,0.15824127197265625,0.31049999999999994,0.1500000000000341,2.854045562744167,20.0,0.8
2.071,0.16784954071044922,0.16784954071044922,0.14945030212402344,0.31065000000000004,0.15000000000000568,2.8564489440918024,20.0,0.8
2.072,0.16784954071044922,0.16784954071044922,0.16703224182128906,0.3108,0.15000000000000568,2.8453833923339893,20.0,0.8
2.073,0.16823101043701172,0.16823101043701172,0.16703224182128906,0.31095,0.15000000000000568,2.8407539978027394,20.0,0.8
2.074,0.16823101043701172,0.16823101043701172,0.1846160888671875,0.3111,0.15000000000000568,2.8296869201660195,20.0,0.8
2.075,0.16861248016357422,0.16861248016357422,0.1846160888671875,0.31125,0.15000000000000568,2.8250575256347705,20.0,0.8
2.076,0.16861248016357422,0.16861248016357422,0.20219802856445312,0.3114,0.14999999999997726,2.8139919738769352,20.0,0.8
2.077,0.16899394989013672,0.16899394989013672,0.20219802856445312,0.31155,0.15000000000000568,2.8093625793457075,20.0,0.8
2.078,0.16899394989013672,0.16899394989013672,0.1934070587158203,0.3117,0.14999999999997726,2.8193953552245907,20.0,0.8
2.079,0.16937541961669922,0.16937541961669922,0.1846160888671875,0.31185,0.14999999999997726,2.8217987365722474,20.0,0.8
2.08,0.16937541961669922,0.16937541961669922,0.1318683624267578,0.312,0.15000000000000568,2.866996917724614,20.0,0.8
2.081,0.16975688934326172,0.16975688934326172,0.1846160888671875,0.31215,0.14999999999997726,2.820169342040997,20.0,0.8
2.082,0.16975688934326172,0.16975688934326172,0.1846160888671875,0.31229999999999997,0.15000000000000568,2.8231693420410195,20.0,0.8
2.083,0.17013835906982422,0.17013835906982422,0.1846160888671875,0.31245,0.15000000000000568,2.81853994750977,20.0,0.8
2.084,0.17013835906982422,0.17013835906982422,0.21977996826171875,0.3126,0.15000000000000568,2.793408843994145,20.0,0.8
2.085,0.17051982879638672,0.17051982879638672,0.21098899841308594,0.31275,0.15000000000000568,2.795812225341801,20.0,0.8
2.086,0.17051982879638672,0.17051982879638672,0.23736190795898438,0.31289999999999996,0.14999999999997726,2.777713897705059,20.0,0.8
2.087,0.17090129852294922,0.17090129852294922,0.15824127197265625,0.31305,0.15000000000000568,2.8363810119628954,20.0,0.8
2.088,0.17090129852294922,0.17090129852294922,0.1846160888671875,0.3132,0.15000000000000568,2.8182811584472693,20.0,0.8
2.089,0.17128276824951172,0.17128276824951172,0.16703224182128906,0.31334999999999996,0.15000000000000568,2.8277188415527386,20.0,0.8
2.09,0.17128276824951172,0.17128276824951172,0.14945030212402344,0.31349999999999995,0.15000000000000568,2.84478439331055,20.0,0.8
2.091,0.17128276824951172,0.17128276824951172,0.15824127197265625,0.31365000000000004,0.15000000000000568,2.840751617431646,20.0,0.8
2.092,0.17166423797607422,0.17166423797607422,0.14065933227539062,0.3138,0.15000000000000568,2.8501877746582083,20.0,0.8
2.093,0.17166423797607422,0.17166423797607422,0.15824127197265625,0.31395,0.15000000000000568,2.839122222900395,20.0,0.8
2.094,0.17204570770263672,0.17204570770263672,0.14065933227539062,0.3141,0.1500000000000341,2.8485583801269803,20.0,0.8
2.095,0.17204570770263672,0.17204570770263672,0.15824127197265625,0.31425000000000003,0.14999999999997726,2.837492828369123,20.0,0.8
2.096,0.17204570770263672,0.17204570770263672,0.14065933227539062,0.3144,0.14999999999997726,2.854558380126935,20.0,0.8
2.097,0.17242717742919922,0.17242717742919922,0.14945030212402344,0.31455,0.15000000000000568,2.8428962097168013,20.0,0.8
2.098,0.17242717742919922,0.17242717742919922,0.1318683624267578,0.3147,0.15000000000000568,2.8599617614746133,20.0,0.8
2.099,0.17280864715576172,0.17280864715576172,0.1318683624267578,0.31485,0.14999999999997726,2.8553323669433417,20.0,0.8
2.1,0.17280864715576172,0.17280864715576172,0.1318683624267578,0.315,0.15000000000000568,2.8583323669433636,20.0,0.8
2.101,0.17280864715576172,0.17280864715576172,0.14945030212402344,0.31515,0.14999999999997726,2.8472668151855287,20.0,0.8
2.102,0.17319011688232422,0.17319011688232422,0.14065933227539062,0.31529999999999997,0.1500000000000341,2.8496701965332294,20.0,0.8
2.103,0.17319011688232422,0.17319011688232422,0.14945030212402344,0.31545,0.14999999999997726,2.845637420654279,20.0,0.8
2.104,0.17319011688232422,0.17319011688232422,0.1318683624267578,0.3156,0.14999999999997726,2.862702972412091,20.0,0.8
2.105,0.17357158660888672,0.17357158660888672,0.14945030212402344,0.31575,0.15000000000000568,2.844008026123051,20.0,0.8
2.106,0.17357158660888672,0.17357158660888672,0.10549545288085938,0.31589999999999996,0.15000000000000568,2.882171905517582,20.0,0.8
2.107,0.17357158660888672,0.17357158660888672,0.123077392578125,0.31605,0.14999999999997726,2.871106353759747,20.0,0.8
2.108,0.17395305633544922,0.17395305633544922,0.1318683624267578,0.3162,0.15000000000000568,2.8594441833496136,20.0,0.8
2.109,0.17395305633544922,0.17395305633544922,0.14065933227539062,0.31634999999999996,0.14999999999997726,2.855411407470684,20.0,0.8
2.11,0.17395305633544922,0.17395305633544922,0.14065933227539062,0.31649999999999995,0.1500000000000341,2.8584114074707294,20.0,0.8
2.111,0.17433452606201172,0.17433452606201172,0.15824127197265625,0.31665000000000004,0.15000000000000568,2.8397164611816463,20.0,0.8
2.112,0.17433452606201172,0.17433452606201172,0.14945030212402344,0.3168,0.15000000000000568,2.8497492370605517,20.0,0.8
2.113,0.17471599578857422,0.17471599578857422,0.14945030212402344,0.31695,0.15000000000000568,2.845119842529302,20.0,0.8
2.114,0.17471599578857422,0.17471599578857422,0.14065933227539062,0.3171,0.15000000000000568,2.855152618408207,20.0,0.8
2.115,0.17471599578857422,0.17471599578857422,0.1318683624267578,0.31725000000000003,0.14999999999997726,2.8651853942870917,20.0,0.8
2.116,0.17509746551513672,0.17509746551513672,0.1318683624267578,0.3174,0.15000000000000568,2.860555999755864,20.0,0.8
2.117,0.17509746551513672,0.17509746551513672,0.1318683624267578,0.31755,0.15000000000000568,2.8635559997558637,20.0,0.8
2.118,0.17509746551513672,0.17509746551513672,0.1318683624267578,0.3177,0.15000000000000568,2.8665559997558634,20.0,0.8
2.119,0.17547893524169922,0.17547893524169922,0.1318683624267578,0.31785,0.15000000000000568,2.861926605224614,20.0,0.8
2.12,0.17547893524169922,0.17547893524169922,0.14065933227539062,0.318,0.15000000000000568,2.857893829345708,20.0,0.8
2.121,0.17547893524169922,0.17547893524169922,0.14945030212402344,0.31815,0.15000000000000568,2.853861053466801,20.0,0.8
2.122,0.17586040496826172,0.17586040496826172,0.14065933227539062,0.31829999999999997,0.14999999999997726,2.8562644348144346,20.0,0.8
2.123,0.17586040496826172,0.17586040496826172,0.14065933227539062,0.31845,0.14999999999997726,2.859264434814435,20.0,0.8
2.124,0.17624187469482422,0.17624187469482422,0.1318683624267578,0.3186,0.14999999999997726,2.861667816162091,20.0,0.8
2.125,0.17624187469482422,0.17624187469482422,0.15824127197265625,0.31875,0.15000000000000568,2.843569488525395,20.0,0.8
2.126,0.17624187469482422,0.17624187469482422,0.15824127197265625,0.31889999999999996,0.15000000000000568,2.8465694885253945,20.0,0.8
2.1270000000000002,0.17662334442138672,0.17662334442138672,0.16703224182128906,0.31905,0.15000000000000568,2.8349073181152393,20.0,0.8
2.128,0.17662334442138672,0.17662334442138672,0.1846160888671875,0.3192,0.15000000000000568,2.8238402404785194,20.0,0.8
2.129,0.17700481414794922,0.17700481414794922,0.1934070587158203,0.31934999999999997,0.14999999999997726,2.8121780700683408,20.0,0.8
2.13,0.17700481414794922,0.17700481414794922,0.21098899841308594,0.31949999999999995,0.15000000000000568,2.8011125183105503,20.0,0.8
2.1310000000000002,0.17738628387451172,0.17738628387451172,0.1934070587158203,0.31965000000000005,0.15000000000000568,2.8105486755371145,20.0,0.8
2.132,0.17738628387451172,0.17738628387451172,0.1758251190185547,0.31980000000000003,0.14999999999997726,2.8276142272949043,20.0,0.8
2.133,0.17776775360107422,0.17776775360107422,0.1846160888671875,0.31995,0.15000000000000568,2.81595205688477,20.0,0.8
2.134,0.17776775360107422,0.17776775360107422,0.16703224182128906,0.3201,0.15000000000000568,2.8330191345214892,20.0,0.8
2.1350000000000002,0.17814922332763672,0.17814922332763672,0.20219802856445312,0.32025000000000003,0.14999999999997726,2.8002571105956857,20.0,0.8
2.136,0.17814922332763672,0.17814922332763672,0.20219802856445312,0.3204,0.15000000000000568,2.803257110595708,20.0,0.8
2.137,0.17853069305419922,0.17853069305419922,0.22857093811035156,0.32055,0.14999999999997726,2.777529388427716,20.0,0.8
2.138,0.17853069305419922,0.17853069305419922,0.21977996826171875,0.3207,0.15000000000000568,2.787562164306645,20.0,0.8
2.1390000000000002,0.17891216278076172,0.17891216278076172,0.21977996826171875,0.32085,0.14999999999997726,2.782932769775373,20.0,0.8
2.14,0.17929363250732422,0.17929363250732422,0.1934070587158203,0.321,0.15000000000000568,2.7994017028808638,20.0,0.8
2.141,0.17929363250732422,0.17929363250732422,0.1846160888671875,0.32115,0.15000000000000568,2.80943447875977,20.0,0.8
2.142,0.17929363250732422,0.17929363250732422,0.16703224182128906,0.3213,0.15000000000000568,2.8265015563964884,20.0,0.8
2.1430000000000002,0.17967510223388672,0.17967510223388672,0.1758251190185547,0.32145,0.14999999999997726,2.8148378601074038,20.0,0.8
2.144,0.17967510223388672,0.17967510223388672,0.15824127197265625,0.3216,0.15000000000000568,2.831904937744145,20.0,0.8
2.145,0.18005657196044922,0.18005657196044922,0.16703224182128906,0.32175,0.15000000000000568,2.8202427673339887,20.0,0.8
2.146,0.18005657196044922,0.18005657196044922,0.1758251190185547,0.32189999999999996,0.1500000000000341,2.8162084655761985,20.0,0.8
2.1470000000000002,0.18043804168701172,0.18043804168701172,0.16703224182128906,0.32205,0.14999999999997726,2.818613372802716,20.0,0.8
2.148,0.18043804168701172,0.18043804168701172,0.14065933227539062,0.3222,0.15000000000000568,2.8427117004394575,20.0,0.8
2.149,0.18081951141357422,0.18081951141357422,0.15824127197265625,0.32234999999999997,0.15000000000000568,2.8240167541503944,20.0,0.8
2.15,0.18081951141357422,0.18081951141357422,0.14065933227539062,0.32249999999999995,0.1500000000000341,2.8410823059082295,20.0,0.8
2.1510000000000002,0.18081951141357422,0.18081951141357422,0.14065933227539062,0.32265000000000005,0.1500000000000341,2.8440823059082314,20.0,0.8
2.152,0.18120098114013672,0.18120098114013672,0.14945030212402344,0.32280000000000003,0.14999999999997726,2.832420135498029,20.0,0.8
2.153,0.18120098114013672,0.18120098114013672,0.15824127197265625,0.32295,0.15000000000000568,2.828387359619146,20.0,0.8
2.154,0.18120098114013672,0.18120098114013672,0.1758251190185547,0.3231,0.15000000000000568,2.8173202819824263,20.0,0.8
2.1550000000000002,0.18158245086669922,0.18158245086669922,0.14945030212402344,0.32325000000000004,0.14999999999997726,2.8337907409667795,20.0,0.8
2.156,0.18158245086669922,0.18158245086669922,0.14065933227539062,0.3234,0.15000000000000568,2.843823516845708,20.0,0.8
2.157,0.18196392059326172,0.18196392059326172,0.123077392578125,0.32355,0.14999999999997726,2.8532596740722473,20.0,0.8
2.158,0.18196392059326172,0.18196392059326172,0.1318683624267578,0.3237,0.15000000000000568,2.8492268981933635,20.0,0.8
2.1590000000000003,0.18196392059326172,0.18196392059326172,0.1318683624267578,0.32385,0.14999999999997726,2.8522268981933414,20.0,0.8
2.16,0.18234539031982422,0.18234539031982422,0.123077392578125,0.324,0.14999999999997726,2.8546302795409977,20.0,0.8
2.161,0.18234539031982422,0.18234539031982422,0.14945030212402344,0.32415,0.15000000000000568,2.836531951904301,20.0,0.8
2.162,0.18234539031982422,0.18234539031982422,0.14945030212402344,0.3243,0.15000000000000568,2.839531951904301,20.0,0.8
2.1630000000000003,0.18272686004638672,0.18272686004638672,0.15824127197265625,0.32445,0.14999999999997726,2.827869781494123,20.0,0.8
2.164,0.18272686004638672,0.18272686004638672,0.16703224182128906,0.3246,0.15000000000000568,2.823837005615239,20.0,0.8
2.165,0.18310832977294922,0.18310832977294922,0.15824127197265625,0.32475,0.14999999999997726,2.8262403869628723,20.0,0.8
2.166,0.18310832977294922,0.18310832977294922,0.14945030212402344,0.32489999999999997,0.15000000000000568,2.8362731628418008,20.0,0.8
2.1670000000000003,0.18310832977294922,0.18310832977294922,0.14065933227539062,0.32505,0.14999999999997726,2.8463059387206853,20.0,0.8
2.168,0.18348979949951172,0.18348979949951172,0.14065933227539062,0.3252,0.15000000000000568,2.841676544189457,20.0,0.8
2.169,0.18348979949951172,0.18348979949951172,0.14945030212402344,0.32535,0.15000000000000568,2.837643768310551,20.0,0.8
2.17,0.18387126922607422,0.18387126922607422,0.16703224182128906,0.32549999999999996,0.1500000000000341,2.8189488220215106,20.0,0.8
2.1710000000000003,0.18387126922607422,0.18387126922607422,0.15824127197265625,0.32565000000000005,0.1500000000000341,2.8289815979004187,20.0,0.8
2.172,0.18387126922607422,0.18387126922607422,0.16703224182128906,0.32580000000000003,0.15000000000000568,2.82494882202149,20.0,0.8
2.173,0.18425273895263672,0.18425273895263672,0.15824127197265625,0.32595,0.15000000000000568,2.8273522033691454,20.0,0.8
2.174,0.18425273895263672,0.18425273895263672,0.16703224182128906,0.3261,0.14999999999997726,2.8233194274902162,20.0,0.8
2.1750000000000003,0.18463420867919922,0.18463420867919922,0.16703224182128906,0.32625000000000004,0.14999999999997726,2.818690032958967,20.0,0.8
2.176,0.18463420867919922,0.18463420867919922,0.15824127197265625,0.3264,0.15000000000000568,2.8287228088378957,20.0,0.8
2.177,0.18501567840576172,0.18501567840576172,0.15824127197265625,0.32655,0.15000000000000568,2.8240934143066454,20.0,0.8
2.178,0.18501567840576172,0.18501567840576172,0.16703224182128906,0.3267,0.15000000000000568,2.820060638427739,20.0,0.8
2.179,0.18501567840576172,0.18501567840576172,0.1758251190185547,0.32685,0.15000000000000568,2.816026336669926,20.0,0.8
2.18,0.18539714813232422,0.18539714813232422,0.16703224182128906,0.327,0.15000000000000568,2.818431243896489,20.0,0.8
2.181,0.18539714813232422,0.18539714813232422,0.1758251190185547,0.32715,0.15000000000000568,2.8143969421386767,20.0,0.8
2.182,0.18577861785888672,0.18577861785888672,0.1758251190185547,0.3273,0.15000000000000568,2.809767547607426,20.0,0.8
2.183,0.18577861785888672,0.18577861785888672,0.16703224182128906,0.32744999999999996,0.14999999999997726,2.8198018493652155,20.0,0.8
2.184,0.18616008758544922,0.18616008758544922,0.14065933227539062,0.3276,0.14999999999997726,2.836270782470685,20.0,0.8
2.185,0.18616008758544922,0.18616008758544922,0.14065933227539062,0.32775,0.14999999999997726,2.8392707824706847,20.0,0.8
2.186,0.18616008758544922,0.18616008758544922,0.16703224182128906,0.32789999999999997,0.15000000000000568,2.8211724548339885,20.0,0.8
2.187,0.18654155731201172,0.18654155731201172,0.16703224182128906,0.32804999999999995,0.1500000000000341,2.816543060302761,20.0,0.8
2.188,0.18654155731201172,0.18654155731201172,0.1934070587158203,0.3282,0.14999999999997726,2.7984432067870912,20.0,0.8
2.189,0.18692302703857422,0.18692302703857422,0.20219802856445312,0.32835,0.15000000000000568,2.786781036376957,20.0,0.8
2.19,0.18730449676513672,0.18730449676513672,0.21098899841308594,0.32849999999999996,0.14999999999997726,2.7751188659667783,20.0,0.8
2.191,0.18730449676513672,0.18730449676513672,0.21098899841308594,0.32864999999999994,0.1500000000000341,2.778118865966823,20.0,0.8
2.192,0.18768596649169922,0.18768596649169922,0.1846160888671875,0.32880000000000004,0.15000000000000568,2.7945877990722705,20.0,0.8
2.193,0.18768596649169922,0.18768596649169922,0.1846160888671875,0.32895,0.14999999999997726,2.797587799072248,20.0,0.8
2.194,0.18768596649169922,0.18768596649169922,0.1758251190185547,0.3291,0.15000000000000568,2.8076205749511765,20.0,0.8
2.195,0.18806743621826172,0.18806743621826172,0.1758251190185547,0.32925,0.1500000000000341,2.802991180419949,20.0,0.8
2.196,0.18806743621826172,0.18806743621826172,0.14945030212402344,0.3294,0.14999999999997726,2.8270910339355293,20.0,0.8
2.197,0.18844890594482422,0.18844890594482422,0.15824127197265625,0.32955,0.15000000000000568,2.8154288635253955,20.0,0.8
2.198,0.18844890594482422,0.18844890594482422,0.1758251190185547,0.3297,0.14999999999997726,2.8043617858886534,20.0,0.8
2.199,0.18883037567138672,0.18883037567138672,0.14945030212402344,0.32985,0.15000000000000568,2.820832244873051,20.0,0.8
2.2,0.18883037567138672,0.18883037567138672,0.16703224182128906,0.33,0.14999999999997726,2.8097666931152165,20.0,0.8
2.201,0.18883037567138672,0.18883037567138672,0.14065933227539062,0.33015,0.15000000000000568,2.8338650207519573,20.0,0.8
2.202,0.18921184539794922,0.18921184539794922,0.14945030212402344,0.3303,0.15000000000000568,2.8222028503418013,20.0,0.8
2.203,0.18921184539794922,0.18921184539794922,0.123077392578125,0.33044999999999997,0.15000000000000568,2.8463011779785194,20.0,0.8
2.204,0.18921184539794922,0.18921184539794922,0.1318683624267578,0.3306,0.14999999999997726,2.842268402099591,20.0,0.8
2.205,0.18959331512451172,0.18959331512451172,0.14065933227539062,0.33075,0.15000000000000568,2.8306062316894574,20.0,0.8
2.206,0.18959331512451172,0.18959331512451172,0.123077392578125,0.33089999999999997,0.15000000000000568,2.84767178344727,20.0,0.8
2.207,0.18959331512451172,0.18959331512451172,0.14065933227539062,0.33104999999999996,0.15000000000000568,2.8366062316894567,20.0,0.8
2.208,0.18997478485107422,0.18997478485107422,0.14945030212402344,0.3312,0.14999999999997726,2.8249440612792784,20.0,0.8
2.209,0.18997478485107422,0.18997478485107422,0.11428642272949219,0.33135,0.15000000000000568,2.8560751647949263,20.0,0.8
2.21,0.18997478485107422,0.18997478485107422,0.10549545288085938,0.33149999999999996,0.15000000000000568,2.8661079406738317,20.0,0.8
2.211,0.19035625457763672,0.19035625457763672,0.09670257568359375,0.33164999999999994,0.1500000000000341,2.868512847900417,20.0,0.8
2.212,0.19035625457763672,0.19035625457763672,0.10549545288085938,0.33180000000000004,0.1500000000000341,2.8644785461426063,20.0,0.8
2.213,0.19035625457763672,0.19035625457763672,0.11428642272949219,0.33195,0.14999999999997726,2.860445770263654,20.0,0.8
2.214,0.19073772430419922,0.19073772430419922,0.11428642272949219,0.3321,0.15000000000000568,2.855816375732427,20.0,0.8
2.215,0.19073772430419922,0.19073772430419922,0.11428642272949219,0.33225,0.14999999999997726,2.8588163757324034,20.0,0.8
2.216,0.19073772430419922,0.19073772430419922,0.1318683624267578,0.33240000000000003,0.14999999999997726,2.8477508239745917,20.0,0.8
2.217,0.19111919403076172,0.19111919403076172,0.14065933227539062,0.33255,0.15000000000000568,2.836088653564458,20.0,0.8
2.218,0.19111919403076172,0.19111919403076172,0.123077392578125,0.3327,0.15000000000000568,2.8531542053222703,20.0,0.8
2.219,0.19111919403076172,0.19111919403076172,0.123077392578125,0.33285,0.15000000000000568,2.85615420532227,20.0,0.8
2.22,0.19150066375732422,0.19150066375732422,0.123077392578125,0.333,0.15000000000000568,2.8515248107910205,20.0,0.8
2.221,0.19150066375732422,0.19150066375732422,0.11428642272949219,0.33315,0.14999999999997726,2.861557586669904,20.0,0.8
2.222,0.19150066375732422,0.19150066375732422,0.11428642272949219,0.3333,0.15000000000000568,2.864557586669926,20.0,0.8
2.223,0.19150066375732422,0.19150066375732422,0.123077392578125,0.33344999999999997,0.14999999999997726,2.860524810790997,20.0,0.8
2.224,0.19188213348388672,0.19188213348388672,0.11428642272949219,0.3336,0.15000000000000568,2.8629281921386767,20.0,0.8
2.225,0.19188213348388672,0.19188213348388672,0.123077392578125,0.33375,0.15000000000000568,2.85889541625977,20.0,0.8
2.226,0.19188213348388672,0.19188213348388672,0.14065933227539062,0.3339,0.14999999999997726,2.8478298645019344,20.0,0.8
2.227,0.19226360321044922,0.19226360321044922,0.14945030212402344,0.33404999999999996,0.15000000000000568,2.8361676940918006,20.0,0.8
2.228,0.19226360321044922,0.19226360321044922,0.14065933227539062,0.3342,0.15000000000000568,2.8462004699707077,20.0,0.8
2.229,0.19264507293701172,0.19264507293701172,0.15824127197265625,0.33435,0.15000000000000568,2.8275055236816447,20.0,0.8
2.23,0.19264507293701172,0.19264507293701172,0.14945030212402344,0.33449999999999996,0.15000000000000568,2.837538299560551,20.0,0.8
2.231,0.19264507293701172,0.19264507293701172,0.14945030212402344,0.33464999999999995,0.1500000000000341,2.840538299560573,20.0,0.8
2.232,0.19302654266357422,0.19302654266357422,0.15824127197265625,0.33480000000000004,0.15000000000000568,2.828876129150396,20.0,0.8
2.233,0.19302654266357422,0.19302654266357422,0.1758251190185547,0.33495,0.15000000000000568,2.8178090515136773,20.0,0.8
2.234,0.19340801239013672,0.19340801239013672,0.16703224182128906,0.3351,0.15000000000000568,2.820213958740239,20.0,0.8
2.235,0.19340801239013672,0.19340801239013672,0.20219802856445312,0.33525,0.15000000000000568,2.7950813293457077,20.0,0.8
2.236,0.19378948211669922,0.19378948211669922,0.20219802856445312,0.33540000000000003,0.14999999999997726,2.7904519348144357,20.0,0.8
2.237,0.19378948211669922,0.19378948211669922,0.1846160888671875,0.33555,0.15000000000000568,2.8075174865722703,20.0,0.8
2.238,0.19417095184326172,0.19417095184326172,0.1758251190185547,0.3357,0.15000000000000568,2.8099208679199266,20.0,0.8
2.239,0.19417095184326172,0.19417095184326172,0.16703224182128906,0.33585,0.1500000000000341,2.8199551696777614,20.0,0.8
2.24,0.19455242156982422,0.19455242156982422,0.1318683624267578,0.336,0.14999999999997726,2.8434568786620917,20.0,0.8
2.241,0.19455242156982422,0.19455242156982422,0.16703224182128906,0.33615,0.14999999999997726,2.818325775146466,20.0,0.8
2.242,0.19455242156982422,0.19455242156982422,0.14065933227539062,0.3363,0.15000000000000568,2.8424241027832076,20.0,0.8
2.243,0.19493389129638672,0.19493389129638672,0.14945030212402344,0.33644999999999997,0.15000000000000568,2.8307619323730506,20.0,0.8
2.244,0.19493389129638672,0.19493389129638672,0.1846160888671875,0.3366,0.14999999999997726,2.8056293029784976,20.0,0.8
2.245,0.19531536102294922,0.19531536102294922,0.16703224182128906,0.33675,0.15000000000000568,2.815066986083989,20.0,0.8
2.246,0.19531536102294922,0.19531536102294922,0.1846160888671875,0.3369,0.14999999999997726,2.803999908447247,20.0,0.8
2.247,0.19569683074951172,0.19569683074951172,0.16703224182128906,0.33704999999999996,0.15000000000000568,2.8134375915527383,20.0,0.8
2.248,0.19569683074951172,0.19569683074951172,0.15824127197265625,0.3372,0.14999999999997726,2.8234703674316224,20.0,0.8
2.249,0.19569683074951172,0.19569683074951172,0.15824127197265625,0.33735,0.14999999999997726,2.8264703674316225,20.0,0.8
2.25,0.19607830047607422,0.19607830047607422,0.14065933227539062,0.33749999999999997,0.15000000000000568,2.8359065246582067,20.0,0.8
2.251,0.19607830047607422,0.19607830047607422,0.14065933227539062,0.33764999999999995,0.1500000000000341,2.8389065246582295,20.0,0.8
2.2520000000000002,0.19607830047607422,0.19607830047607422,0.1318683624267578,0.33780000000000004,0.15000000000000568,2.848939300537115,20.0,0.8
2.253,0.19645977020263672,0.19645977020263672,0.1318683624267578,0.33795000000000003,0.15000000000000568,2.844309906005864,20.0,0.8
2.254,0.19645977020263672,0.19645977020263672,0.1318683624267578,0.3381,0.14999999999997726,2.8473099060058416,20.0,0.8
2.255,0.19684123992919922,0.19684123992919922,0.14065933227539062,0.33825,0.15000000000000568,2.8356477355957073,20.0,0.8
2.2560000000000002,0.19684123992919922,0.19684123992919922,0.14065933227539062,0.33840000000000003,0.15000000000000568,2.8386477355957083,20.0,0.8
2.257,0.19684123992919922,0.19684123992919922,0.14945030212402344,0.33855,0.15000000000000568,2.8346149597168018,20.0,0.8
2.258,0.19722270965576172,0.19722270965576172,0.14065933227539062,0.3387,0.15000000000000568,2.8370183410644576,20.0,0.8
2.259,0.19722270965576172,0.19722270965576172,0.1318683624267578,0.33885,0.15000000000000568,2.8470511169433634,20.0,0.8
2.2600000000000002,0.19722270965576172,0.19722270965576172,0.14065933227539062,0.339,0.14999999999997726,2.843018341064435,20.0,0.8
2.261,0.19760417938232422,0.19760417938232422,0.1318683624267578,0.33915,0.15000000000000568,2.845421722412114,20.0,0.8
2.262,0.19760417938232422,0.19760417938232422,0.123077392578125,0.3393,0.15000000000000568,2.85545449829102,20.0,0.8
2.263,0.19760417938232422,0.19760417938232422,0.09670257568359375,0.33945,0.15000000000000568,2.879554351806645,20.0,0.8
2.2640000000000002,0.19798564910888672,0.19798564910888672,0.16703224182128906,0.3396,0.15000000000000568,2.8186612243652394,20.0,0.8
2.265,0.19798564910888672,0.19798564910888672,0.1318683624267578,0.33975,0.15000000000000568,2.8497923278808637,20.0,0.8
2.266,0.19798564910888672,0.19798564910888672,0.11428642272949219,0.3399,0.15000000000000568,2.866857879638676,20.0,0.8
2.267,0.19836711883544922,0.19836711883544922,0.123077392578125,0.34004999999999996,0.14999999999997726,2.8551957092284965,20.0,0.8
2.2680000000000002,0.19836711883544922,0.19836711883544922,0.11428642272949219,0.3402,0.14999999999997726,2.865228485107404,20.0,0.8
2.269,0.19836711883544922,0.19836711883544922,0.10549545288085938,0.34035,0.14999999999997726,2.8752612609863095,20.0,0.8
2.27,0.19836711883544922,0.19836711883544922,0.07912063598632812,0.34049999999999997,0.15000000000000568,2.899361114501957,20.0,0.8
2.271,0.19874858856201172,0.19874858856201172,0.09670257568359375,0.34064999999999995,0.1500000000000341,2.8806661682129167,20.0,0.8
2.2720000000000002,0.19874858856201172,0.19874858856201172,0.09670257568359375,0.34080000000000005,0.1500000000000341,2.8836661682129185,20.0,0.8
2.273,0.19874858856201172,0.19874858856201172,0.11428642272949219,0.34095000000000003,0.15000000000000568,2.8725990905761773,20.0,0.8
2.274,0.19913005828857422,0.19913005828857422,0.09670257568359375,0.3411,0.14999999999997726,2.8820367736816226,20.0,0.8
2.275,0.19913005828857422,0.19913005828857422,0.123077392578125,0.34125,0.14999999999997726,2.8639369201659974,20.0,0.8
2.2760000000000002,0.19913005828857422,0.19913005828857422,0.10549545288085938,0.34140000000000004,0.14999999999997726,2.8810024719238108,20.0,0.8
2.277,0.19913005828857422,0.19913005828857422,0.1318683624267578,0.34155,0.14999999999997726,2.8629041442870915,20.0,0.8
2.278,0.19951152801513672,0.19951152801513672,0.11428642272949219,0.3417,0.15000000000000568,2.8723403015136766,20.0,0.8
2.279,0.19951152801513672,0.19951152801513672,0.123077392578125,0.34185,0.15000000000000568,2.86830752563477,20.0,0.8
2.2800000000000002,0.19951152801513672,0.19951152801513672,0.11428642272949219,0.342,0.14999999999997726,2.8783403015136546,20.0,0.8
2.281,0.19989299774169922,0.19989299774169922,0.11428642272949219,0.34215,0.15000000000000568,2.8737109069824265,20.0,0.8
2.282,0.19989299774169922,0.19989299774169922,0.10549545288085938,0.3423,0.14999999999997726,2.88374368286131,20.0,0.8
2.283,0.19989299774169922,0.19989299774169922,0.09670257568359375,0.34245,0.1500000000000341,2.893777984619167,20.0,0.8
2.2840000000000003,0.20027446746826172,0.20027446746826172,0.10549545288085938,0.3426,0.14999999999997726,2.8821142883300603,20.0,0.8
2.285,0.20027446746826172,0.20027446746826172,0.1318683624267578,0.34275,0.15000000000000568,2.8640159606933637,20.0,0.8
2.286,0.20027446746826172,0.20027446746826172,0.123077392578125,0.3429,0.15000000000000568,2.87404873657227,20.0,0.8
2.287,0.20027446746826172,0.20027446746826172,0.10549545288085938,0.34304999999999997,0.15000000000000568,2.891114288330082,20.0,0.8
2.2880000000000003,0.20065593719482422,0.20065593719482422,0.1318683624267578,0.3432,0.15000000000000568,2.8653865661621136,20.0,0.8
2.289,0.20065593719482422,0.20065593719482422,0.123077392578125,0.34335,0.15000000000000568,2.8754193420410203,20.0,0.8
2.29,0.20065593719482422,0.20065593719482422,0.11428642272949219,0.34349999999999997,0.15000000000000568,2.8854521179199257,20.0,0.8
2.291,0.20103740692138672,0.20103740692138672,0.1318683624267578,0.34364999999999996,0.15000000000006253,2.866757171630909,20.0,0.8
2.2920000000000003,0.20103740692138672,0.20103740692138672,0.123077392578125,0.34380000000000005,0.15000000000000568,2.8767899475097716,20.0,0.8
2.293,0.20103740692138672,0.20103740692138672,0.10549545288085938,0.34395000000000003,0.15000000000000568,2.893855499267583,20.0,0.8
2.294,0.20141887664794922,0.20141887664794922,0.123077392578125,0.3441,0.15000000000000568,2.875160552978521,20.0,0.8
2.295,0.20141887664794922,0.20141887664794922,0.10549545288085938,0.34425,0.15000000000000568,2.8922261047363325,20.0,0.8
2.2960000000000003,0.20141887664794922,0.20141887664794922,0.11428642272949219,0.34440000000000004,0.14999999999997726,2.8881933288574047,20.0,0.8
2.297,0.20180034637451172,0.20180034637451172,0.123077392578125,0.34455,0.14999999999997726,2.8765311584472477,20.0,0.8
2.298,0.20180034637451172,0.20180034637451172,0.1318683624267578,0.3447,0.15000000000000568,2.872498382568364,20.0,0.8
2.299,0.20180034637451172,0.20180034637451172,0.14065933227539062,0.34485,0.15000000000000568,2.8684656066894574,20.0,0.8
2.3000000000000003,0.20218181610107422,0.20218181610107422,0.14945030212402344,0.34500000000000003,0.14999999999997726,2.856803436279279,20.0,0.8
2.301,0.20218181610107422,0.20218181610107422,0.14065933227539062,0.34515,0.15000000000000568,2.866836212158208,20.0,0.8
2.302,0.20218181610107422,0.20218181610107422,0.14945030212402344,0.3453,0.14999999999997726,2.8628034362792785,20.0,0.8
2.303,0.20256328582763672,0.20256328582763672,0.1318683624267578,0.34545,0.15000000000000568,2.8722395935058636,20.0,0.8
2.3040000000000003,0.20256328582763672,0.20256328582763672,0.14065933227539062,0.3456,0.14999999999997726,2.8682068176269353,20.0,0.8
2.305,0.20256328582763672,0.20256328582763672,0.09670257568359375,0.34575,0.14999999999997726,2.9063722229003726,20.0,0.8
2.306,0.20294475555419922,0.20294475555419922,0.1318683624267578,0.3459,0.15000000000000568,2.8736101989746134,20.0,0.8
2.307,0.20294475555419922,0.20294475555419922,0.15824127197265625,0.34604999999999997,0.15000000000000568,2.8555118713378946,20.0,0.8
2.308,0.20332622528076172,0.20332622528076172,0.14065933227539062,0.34619999999999995,0.14999999999997726,2.864948028564434,20.0,0.8
2.309,0.20332622528076172,0.20332622528076172,0.1318683624267578,0.34635,0.14999999999997726,2.8749808044433407,20.0,0.8
2.31,0.20332622528076172,0.20332622528076172,0.16703224182128906,0.3465,0.14999999999997726,2.8498497009277157,20.0,0.8
2.311,0.20370769500732422,0.20370769500732422,0.16703224182128906,0.34664999999999996,0.15000000000000568,2.845220306396488,20.0,0.8
2.312,0.20370769500732422,0.20370769500732422,0.1758251190185547,0.34679999999999994,0.1500000000000341,2.8411860046386983,20.0,0.8
2.313,0.20408916473388672,0.20408916473388672,0.15824127197265625,0.34695000000000004,0.1500000000000341,2.850623687744169,20.0,0.8
2.314,0.20408916473388672,0.20408916473388672,0.15824127197265625,0.3471,0.15000000000000568,2.8536236877441454,20.0,0.8
2.315,0.20408916473388672,0.20408916473388672,0.10549545288085938,0.34725,0.14999999999997726,2.8988203430175603,20.0,0.8
2.316,0.20447063446044922,0.20447063446044922,0.1318683624267578,0.3474,0.15000000000000568,2.8730926208496133,20.0,0.8
2.317,0.20447063446044922,0.20447063446044922,0.10549545288085938,0.34755,0.15000000000000568,2.897190948486333,20.0,0.8
2.318,0.20447063446044922,0.20447063446044922,0.11428642272949219,0.3477,0.15000000000000568,2.8931581726074267,20.0,0.8
2.319,0.20447063446044922,0.20447063446044922,0.07032966613769531,0.34785,0.15000000000000568,2.931323577880864,20.0,0.8
2.32,0.20485210418701172,0.20485210418701172,0.09670257568359375,0.348,0.14999999999997726,2.905595855712872,20.0,0.8
2.321,0.20485210418701172,0.20485210418701172,0.08791160583496094,0.34815,0.15000000000000568,2.9156286315918014,20.0,0.8
2.322,0.20485210418701172,0.20485210418701172,0.08791160583496094,0.3483,0.15000000000000568,2.9186286315918015,20.0,0.8
2.323,0.20485210418701172,0.20485210418701172,0.08791160583496094,0.34845,0.15000000000000568,2.9216286315918008,20.0,0.8
2.324,0.20523357391357422,0.20523357391357422,0.09670257568359375,0.34859999999999997,0.15000000000000568,2.9099664611816447,20.0,0.8
2.325,0.20523357391357422,0.20523357391357422,0.09670257568359375,0.34875,0.14999999999997726,2.9129664611816226,20.0,0.8
2.326,0.20523357391357422,0.20523357391357422,0.09670257568359375,0.3489,0.15000000000000568,2.915966461181645,20.0,0.8
2.327,0.20523357391357422,0.20523357391357422,0.08791160583496094,0.34904999999999997,0.15000000000000568,2.9259992370605508,20.0,0.8
2.328,0.20561504364013672,0.20561504364013672,0.09670257568359375,0.34919999999999995,0.15000000000000568,2.9143370666503943,20.0,0.8
2.329,0.20561504364013672,0.20561504364013672,0.08791160583496094,0.34935,0.14999999999994884,2.924369842529256,20.0,0.8
2.33,0.20561504364013672,0.20561504364013672,0.08791160583496094,0.3495,0.14999999999997726,2.927369842529278,20.0,0.8
2.331,0.20561504364013672,0.20561504364013672,0.07912063598632812,0.34964999999999996,0.15000000000000568,2.937402618408207,20.0,0.8
2.332,0.20599651336669922,0.20599651336669922,0.07912063598632812,0.34979999999999994,0.15000000000006253,2.932773223877002,20.0,0.8
2.333,0.20599651336669922,0.20599651336669922,0.08791160583496094,0.34995000000000004,0.15000000000000568,2.928740447998052,20.0,0.8
2.334,0.20599651336669922,0.20599651336669922,0.08791160583496094,0.3501,0.15000000000000568,2.931740447998052,20.0,0.8
2.335,0.20599651336669922,0.20599651336669922,0.08791160583496094,0.35025,0.15000000000000568,2.9347404479980512,20.0,0.8
2.336,0.20637798309326172,0.20637798309326172,0.10549545288085938,0.3504,0.15000000000000568,2.9160439758300827,20.0,0.8
2.337,0.20637798309326172,0.20637798309326172,0.10549545288085938,0.35055000000000003,0.14999999999997726,2.9190439758300606,20.0,0.8
2.338,0.20637798309326172,0.20637798309326172,0.10549545288085938,0.3507,0.14999999999997726,2.9220439758300603,20.0,0.8
2.339,0.20637798309326172,0.20637798309326172,0.11428642272949219,0.35085,0.15000000000000568,2.9180111999511764,20.0,0.8
2.34,0.20675945281982422,0.20675945281982422,0.09670257568359375,0.351,0.15000000000000568,2.9274488830566447,20.0,0.8
2.341,0.20675945281982422,0.20675945281982422,0.09670257568359375,0.35115,0.14999999999997726,2.930448883056623,20.0,0.8
2.342,0.20675945281982422,0.20675945281982422,0.07912063598632812,0.3513,0.15000000000000568,2.9475144348144573,20.0,0.8
2.343,0.20675945281982422,0.20675945281982422,0.07912063598632812,0.35145,0.14999999999997726,2.9505144348144348,20.0,0.8
2.344,0.20714092254638672,0.20714092254638672,0.07912063598632812,0.35159999999999997,0.15000000000000568,2.9458850402832066,20.0,0.8
2.345,0.20714092254638672,0.20714092254638672,0.07912063598632812,0.35175,0.14999999999997726,2.948885040283185,20.0,0.8
2.346,0.20714092254638672,0.20714092254638672,0.07912063598632812,0.3519,0.15000000000000568,2.9518850402832073,20.0,0.8
2.347,0.20714092254638672,0.20714092254638672,0.07032966613769531,0.35205,0.15000000000000568,2.9619178161621136,20.0,0.8
2.348,0.20714092254638672,0.20714092254638672,0.07912063598632812,0.35219999999999996,0.15000000000000568,2.9578850402832066,20.0,0.8
2.349,0.20752239227294922,0.20752239227294922,0.07032966613769531,0.35235,0.15000000000000568,2.960288421630864,20.0,0.8
2.35,0.20752239227294922,0.20752239227294922,0.07912063598632812,0.3525,0.15000000000000568,2.9562556457519573,20.0,0.8
2.351,0.20752239227294922,0.20752239227294922,0.08791160583496094,0.35264999999999996,0.15000000000000568,2.9522228698730504,20.0,0.8
2.352,0.20752239227294922,0.20752239227294922,0.08791160583496094,0.35279999999999995,0.15000000000000568,2.9552228698730505,20.0,0.8
2.353,0.20752239227294922,0.20752239227294922,0.07912063598632812,0.35295000000000004,0.15000000000000568,2.9652556457519585,20.0,0.8
2.354,0.20790386199951172,0.20790386199951172,0.09670257568359375,0.3531,0.15000000000000568,2.9465606994628954,20.0,0.8
2.355,0.20790386199951172,0.20790386199951172,0.07912063598632812,0.35325,0.15000000000000568,2.963626251220708,20.0,0.8
2.356,0.20790386199951172,0.20790386199951172,0.07032966613769531,0.3534,0.15000000000000568,2.9736590270996137,20.0,0.8
2.357,0.20790386199951172,0.20790386199951172,0.07912063598632812,0.35355000000000003,0.15000000000000568,2.969626251220708,20.0,0.8
2.358,0.20790386199951172,0.20790386199951172,0.07032966613769531,0.3537,0.14999999999997726,2.9796590270995913,20.0,0.8
2.359,0.20828533172607422,0.20828533172607422,0.07032966613769531,0.35385,0.15000000000000568,2.975029632568364,20.0,0.8
2.36,0.20828533172607422,0.20828533172607422,0.08791160583496094,0.354,0.14999999999997726,2.9639640808105283,20.0,0.8
2.361,0.20828533172607422,0.20828533172607422,0.07032966613769531,0.35415,0.14999999999997726,2.981029632568341,20.0,0.8
2.362,0.20828533172607422,0.20828533172607422,0.07032966613769531,0.3543,0.15000000000000568,2.9840296325683644,20.0,0.8
2.363,0.20828533172607422,0.20828533172607422,0.07912063598632812,0.35445,0.14999999999997726,2.9799968566894344,20.0,0.8
2.364,0.20866680145263672,0.20866680145263672,0.07912063598632812,0.35459999999999997,0.15000000000000568,2.975367462158207,20.0,0.8
2.365,0.20866680145263672,0.20866680145263672,0.08791160583496094,0.35475,0.15000000000000568,2.9713346862793015,20.0,0.8
2.366,0.20866680145263672,0.20866680145263672,0.09670257568359375,0.3549,0.14999999999997726,2.9673019104003724,20.0,0.8
2.367,0.20866680145263672,0.20866680145263672,0.10549545288085938,0.35505,0.15000000000000568,2.963267608642582,20.0,0.8
2.368,0.20904827117919922,0.20904827117919922,0.123077392578125,0.35519999999999996,0.15000000000000568,2.9445726623535196,20.0,0.8
2.369,0.20904827117919922,0.20904827117919922,0.123077392578125,0.35535,0.15000000000000568,2.9475726623535206,20.0,0.8
2.37,0.20904827117919922,0.20904827117919922,0.10549545288085938,0.3555,0.15000000000000568,2.964638214111332,20.0,0.8
2.371,0.20942974090576172,0.20942974090576172,0.11428642272949219,0.35564999999999997,0.14999999999997726,2.9529760437011534,20.0,0.8
2.372,0.20942974090576172,0.20942974090576172,0.09670257568359375,0.35579999999999995,0.15000000000000568,2.970043121337894,20.0,0.8
2.373,0.20942974090576172,0.20942974090576172,0.09670257568359375,0.35595000000000004,0.15000000000000568,2.973043121337896,20.0,0.8
2.374,0.20942974090576172,0.20942974090576172,0.09670257568359375,0.3561,0.15000000000000568,2.976043121337896,20.0,0.8
2.375,0.20981121063232422,0.20981121063232422,0.08791160583496094,0.35625,0.15000000000000568,2.9784465026855513,20.0,0.8
2.376,0.20981121063232422,0.20981121063232422,0.08791160583496094,0.3564,0.1500000000000341,2.981446502685574,20.0,0.8
2.3770000000000002,0.20981121063232422,0.20981121063232422,0.10549545288085938,0.35655000000000003,0.14999999999997726,2.9703794250488107,20.0,0.8
2.378,0.20981121063232422,0.20981121063232422,0.07032966613769531,0.3567,0.15000000000000568,3.0015120544433644,20.0,0.8
2.379,0.21019268035888672,0.21019268035888672,0.11428642272949219,0.35685,0.15000000000000568,2.9617172546386765,20.0,0.8
2.38,0.21019268035888672,0.21019268035888672,0.09670257568359375,0.357,0.15000000000000568,2.978784332275395,20.0,0.8
2.3810000000000002,0.21019268035888672,0.21019268035888672,0.09670257568359375,0.35715,0.14999999999997726,2.981784332275373,20.0,0.8
2.382,0.21019268035888672,0.21019268035888672,0.11428642272949219,0.3573,0.15000000000000568,2.9707172546386764,20.0,0.8
2.383,0.21057415008544922,0.21057415008544922,0.09670257568359375,0.35745,0.15000000000000568,2.980154937744145,20.0,0.8
2.384,0.21057415008544922,0.21057415008544922,0.10549545288085938,0.3576,0.15000000000000568,2.976120635986332,20.0,0.8
2.3850000000000002,0.21057415008544922,0.21057415008544922,0.08791160583496094,0.35775,0.14999999999997726,2.993187713623029,20.0,0.8
2.386,0.21057415008544922,0.21057415008544922,0.09670257568359375,0.3579,0.14999999999997726,2.9891549377441224,20.0,0.8
2.387,0.21095561981201172,0.21095561981201172,0.07912063598632812,0.35805,0.15000000000000568,2.998591094970707,20.0,0.8
2.388,0.21095561981201172,0.21095561981201172,0.07912063598632812,0.35819999999999996,0.15000000000000568,3.0015910949707068,20.0,0.8
2.3890000000000002,0.21095561981201172,0.21095561981201172,0.07912063598632812,0.35835,0.14999999999997726,3.0045910949706847,20.0,0.8
2.39,0.21095561981201172,0.21095561981201172,0.0615386962890625,0.3585,0.15000000000000568,3.02165664672852,20.0,0.8
2.391,0.21095561981201172,0.21095561981201172,0.07912063598632812,0.35864999999999997,0.14999999999997726,3.010591094970684,20.0,0.8
2.392,0.21133708953857422,0.21133708953857422,0.07912063598632812,0.35879999999999995,0.1500000000000341,3.00596170043948,20.0,0.8
2.3930000000000002,0.21133708953857422,0.21133708953857422,0.09670257568359375,0.35895000000000005,0.15000000000000568,2.9948961486816463,20.0,0.8
2.394,0.21133708953857422,0.21133708953857422,0.11428642272949219,0.35910000000000003,0.14999999999997726,2.9838290710449042,20.0,0.8
2.395,0.21133708953857422,0.21133708953857422,0.08791160583496094,0.35925,0.15000000000000568,3.007928924560552,20.0,0.8
2.396,0.21171855926513672,0.21171855926513672,0.123077392578125,0.3594,0.15000000000000568,2.97516690063477,20.0,0.8
2.3970000000000002,0.21171855926513672,0.21171855926513672,0.1318683624267578,0.35955000000000004,0.14999999999997726,2.971134124755842,20.0,0.8
2.398,0.21171855926513672,0.21171855926513672,0.1318683624267578,0.3597,0.15000000000000568,2.974134124755864,20.0,0.8
2.399,0.21210002899169922,0.21210002899169922,0.14065933227539062,0.35985,0.14999999999997726,2.962471954345685,20.0,0.8
2.4,0.21210002899169922,0.21210002899169922,0.14065933227539062,0.36,0.15000000000000568,2.9654719543457073,20.0,0.8
2.4010000000000002,0.21210002899169922,0.21210002899169922,0.11428642272949219,0.36015,0.15000000000000568,2.989570281982427,20.0,0.8
2.402,0.21248149871826172,0.21248149871826172,0.123077392578125,0.3603,0.15000000000000568,2.9779081115722708,20.0,0.8
2.403,0.21248149871826172,0.21248149871826172,0.10549545288085938,0.36045,0.15000000000000568,2.9949736633300823,20.0,0.8
2.404,0.21248149871826172,0.21248149871826172,0.10549545288085938,0.3606,0.14999999999997726,2.9979736633300598,20.0,0.8
2.4050000000000002,0.21286296844482422,0.21286296844482422,0.07912063598632812,0.36075,0.14999999999997726,3.014444122314435,20.0,0.8
2.406,0.21286296844482422,0.21286296844482422,0.07032966613769531,0.3609,0.15000000000000568,3.024476898193364,20.0,0.8
2.407,0.21286296844482422,0.21286296844482422,0.07032966613769531,0.36105,0.15000000000000568,3.0274768981933637,20.0,0.8
2.408,0.21286296844482422,0.21286296844482422,0.0615386962890625,0.36119999999999997,0.15000000000000568,3.0375096740722696,20.0,0.8
2.4090000000000003,0.21286296844482422,0.21286296844482422,0.0615386962890625,0.36135,0.15000000000000568,3.0405096740722706,20.0,0.8
2.41,0.21286296844482422,0.21286296844482422,0.0615386962890625,0.3615,0.15000000000000568,3.04350967407227,20.0,0.8
2.411,0.21286296844482422,0.21286296844482422,0.05274772644042969,0.36164999999999997,0.15000000000000568,3.053542449951176,20.0,0.8
2.412,0.21324443817138672,0.21324443817138672,0.0615386962890625,0.36179999999999995,0.15000000000000568,3.041880279541019,20.0,0.8
2.4130000000000003,0.21324443817138672,0.21324443817138672,0.07032966613769531,0.36195000000000005,0.1500000000000341,3.0378475036621375,20.0,0.8
2.414,0.21324443817138672,0.21324443817138672,0.07032966613769531,0.36210000000000003,0.14999999999997726,3.040847503662092,20.0,0.8
2.415,0.21324443817138672,0.21324443817138672,0.07032966613769531,0.36225,0.15000000000000568,3.043847503662114,20.0,0.8
2.416,0.21324443817138672,0.21324443817138672,0.0615386962890625,0.3624,0.14999999999997726,3.053880279540998,20.0,0.8
2.4170000000000003,0.21362590789794922,0.21362590789794922,0.08791160583496094,0.36255000000000004,0.14999999999997726,3.0281525573730295,20.0,0.8
2.418,0.21362590789794922,0.21362590789794922,0.0615386962890625,0.3627,0.15000000000000568,3.0522508850097707,20.0,0.8
2.419,0.21362590789794922,0.21362590789794922,0.07912063598632812,0.36285,0.14999999999997726,3.041185333251935,20.0,0.8
2.42,0.21362590789794922,0.21362590789794922,0.0615386962890625,0.363,0.1500000000000341,3.0582508850097927,20.0,0.8
2.4210000000000003,0.21362590789794922,0.21362590789794922,0.0615386962890625,0.36315000000000003,0.14999999999997726,3.0612508850097484,20.0,0.8
2.422,0.21362590789794922,0.21362590789794922,0.0615386962890625,0.3633,0.14999999999997726,3.0642508850097476,20.0,0.8
2.423,0.21400737762451172,0.21400737762451172,0.05274772644042969,0.36345,0.15000000000000568,3.0666542663574266,20.0,0.8
2.424,0.21400737762451172,0.21400737762451172,0.05274772644042969,0.3636,0.15000000000000568,3.0696542663574258,20.0,0.8
2.4250000000000003,0.21400737762451172,0.21400737762451172,0.043956756591796875,0.36375,0.14999999999997726,3.0796870422363103,20.0,0.8
2.426,0.21400737762451172,0.21400737762451172,0.043956756591796875,0.3639,0.15000000000000568,3.0826870422363326,20.0,0.8
2.427,0.21400737762451172,0.21400737762451172,0.043956756591796875,0.36405,0.14999999999997726,3.0856870422363096,20.0,0.8
2.428,0.21400737762451172,0.21400737762451172,0.03516578674316406,0.36419999999999997,0.1500000000000341,3.095719818115261,20.0,0.8
2.4290000000000003,0.21400737762451172,0.21400737762451172,0.043956756591796875,0.36435,0.14999999999997726,3.09168704223631,20.0,0.8
2.43,0.21400737762451172,0.21400737762451172,0.043956756591796875,0.3645,0.15000000000000568,3.0946870422363326,20.0,0.8
2.431,0.21438884735107422,0.21438884735107422,0.043956756591796875,0.36465,0.15000000000000568,3.090057647705082,20.0,0.8
2.432,0.21438884735107422,0.21438884735107422,0.05274772644042969,0.36479999999999996,0.14999999999997726,3.086024871826153,20.0,0.8
2.433,0.21438884735107422,0.21438884735107422,0.03516578674316406,0.36494999999999994,0.1500000000000341,3.1030904235840104,20.0,0.8
2.434,0.21438884735107422,0.21438884735107422,0.0615386962890625,0.36510000000000004,0.15000000000000568,3.0849920959472708,20.0,0.8
2.435,0.21438884735107422,0.21438884735107422,0.043956756591796875,0.36525,0.15000000000000568,3.102057647705083,20.0,0.8
2.436,0.21438884735107422,0.21438884735107422,0.07032966613769531,0.3654,0.15000000000000568,3.083959320068364,20.0,0.8
2.437,0.21438884735107422,0.21438884735107422,0.07912063598632812,0.36555,0.15000000000000568,3.0799265441894574,20.0,0.8
2.438,0.21477031707763672,0.21477031707763672,0.07032966613769531,0.3657,0.14999999999997726,3.0823299255370915,20.0,0.8
2.439,0.21477031707763672,0.21477031707763672,0.07032966613769531,0.36585,0.15000000000000568,3.0853299255371143,20.0,0.8
2.44,0.21477031707763672,0.21477031707763672,0.0615386962890625,0.366,0.15000000000000568,3.09536270141602,20.0,0.8
2.441,0.21477031707763672,0.21477031707763672,0.07912063598632812,0.36615,0.15000000000000568,3.084297149658207,20.0,0.8
2.442,0.21477031707763672,0.21477031707763672,0.05274772644042969,0.3663,0.15000000000000568,3.108395477294927,20.0,0.8
2.443,0.21477031707763672,0.21477031707763672,0.05274772644042969,0.36645,0.15000000000000568,3.111395477294926,20.0,0.8
2.444,0.21515178680419922,0.21515178680419922,0.0615386962890625,0.3666,0.15000000000000568,3.09973330688477,20.0,0.8
2.445,0.21515178680419922,0.21515178680419922,0.03516578674316406,0.36674999999999996,0.14999999999997726,3.123831634521465,20.0,0.8
2.446,0.21515178680419922,0.21515178680419922,0.03516578674316406,0.3669,0.14999999999997726,3.126831634521466,20.0,0.8
2.447,0.21515178680419922,0.21515178680419922,0.026372909545898438,0.36705,0.14999999999997726,3.1368659362792783,20.0,0.8
2.448,0.21515178680419922,0.21515178680419922,0.026372909545898438,0.36719999999999997,0.15000000000000568,3.1398659362793007,20.0,0.8
2.449,0.21515178680419922,0.21515178680419922,0.008790969848632812,0.36734999999999995,0.15000000000000568,3.156931488037113,20.0,0.8
2.45,0.21515178680419922,0.21515178680419922,0.026372909545898438,0.3675,0.15000000000000568,3.145865936279301,20.0,0.8
2.451,0.21515178680419922,0.21515178680419922,0.03516578674316406,0.36765,0.15000000000000568,3.1418316345214885,20.0,0.8
2.452,0.21515178680419922,0.21515178680419922,0.0,0.36779999999999996,0.15000000000000568,3.172964263916019,20.0,0.8
2.453,0.21515178680419922,0.21515178680419922,0.026372909545898438,0.36794999999999994,0.1500000000000341,3.1548659362793234,20.0,0.8
2.454,0.21515178680419922,0.21515178680419922,0.017581939697265625,0.36810000000000004,0.15000000000000568,3.164898712158209,20.0,0.8
2.455,0.21515178680419922,0.21515178680419922,0.017581939697265625,0.36825,0.14999999999997726,3.167898712158185,20.0,0.8
2.456,0.21515178680419922,0.21515178680419922,0.026372909545898438,0.3684,0.15000000000000568,3.1638659362793016,20.0,0.8
2.457,0.21515178680419922,0.21515178680419922,0.026372909545898438,0.36855,0.15000000000000568,3.166865936279301,20.0,0.8
2.458,0.21553325653076172,0.21553325653076172,0.03516578674316406,0.3687,0.15000000000000568,3.1552022399902393,20.0,0.8
2.459,0.21553325653076172,0.21553325653076172,0.026372909545898438,0.36885,0.15000000000000568,3.1652365417480515,20.0,0.8
2.46,0.21553325653076172,0.21553325653076172,0.043956756591796875,0.369,0.14999999999997726,3.15416946411131,20.0,0.8
2.461,0.21553325653076172,0.21553325653076172,0.043956756591796875,0.36915,0.15000000000000568,3.157169464111332,20.0,0.8
2.462,0.21553325653076172,0.21553325653076172,0.05274772644042969,0.3693,0.15000000000000568,3.1531366882324265,20.0,0.8
2.463,0.21553325653076172,0.21553325653076172,0.05274772644042969,0.36945,0.15000000000000568,3.1561366882324267,20.0,0.8
2.464,0.21553325653076172,0.21553325653076172,0.0615386962890625,0.3696,0.15000000000000568,3.1521039123535197,20.0,0.8
2.465,0.21553325653076172,0.21553325653076172,0.0615386962890625,0.36974999999999997,0.14999999999997726,3.155103912353497,20.0,0.8
2.466,0.21591472625732422,0.21591472625732422,0.05274772644042969,0.3699,0.14999999999994884,3.1575072937011313,20.0,0.8
2.467,0.21591472625732422,0.21591472625732422,0.07032966613769531,0.37005,0.15000000000000568,3.146441741943364,20.0,0.8
2.468,0.21591472625732422,0.21591472625732422,0.0615386962890625,0.3702,0.15000000000000568,3.1564745178222697,20.0,0.8
2.469,0.21591472625732422,0.21591472625732422,0.07032966613769531,0.37034999999999996,0.1500000000000341,3.152441741943386,20.0,0.8
2.47,0.21591472625732422,0.21591472625732422,0.05274772644042969,0.3705,0.14999999999997726,3.169507293701154,20.0,0.8
2.471,0.21591472625732422,0.21591472625732422,0.05274772644042969,0.37065,0.15000000000000568,3.172507293701176,20.0,0.8
2.472,0.21591472625732422,0.21591472625732422,0.043956756591796875,0.37079999999999996,0.15000000000000568,3.182540069580082,20.0,0.8
2.473,0.21629619598388672,0.21629619598388672,0.03516578674316406,0.37094999999999995,0.1500000000000341,3.1849434509277605,20.0,0.8
2.474,0.21629619598388672,0.21629619598388672,0.026372909545898438,0.37110000000000004,0.15000000000000568,3.194977752685552,20.0,0.8
2.475,0.21629619598388672,0.21629619598388672,0.026372909545898438,0.37125,0.14999999999997726,3.1979777526855293,20.0,0.8
2.476,0.21629619598388672,0.21629619598388672,0.017581939697265625,0.3714,0.15000000000000568,3.208010528564458,20.0,0.8
2.477,0.21629619598388672,0.21629619598388672,0.008790969848632812,0.37155,0.15000000000000568,3.218043304443364,20.0,0.8
2.478,0.21629619598388672,0.21629619598388672,0.0,0.37170000000000003,0.14999999999997726,3.228076080322248,20.0,0.8
2.479,0.21629619598388672,0.21629619598388672,0.008790969848632812,0.37185,0.15000000000000568,3.2240433044433643,20.0,0.8
2.48,0.21629619598388672,0.21629619598388672,0.0,0.372,0.15000000000000568,3.23407608032227,20.0,0.8
2.481,0.21629619598388672,0.21629619598388672,0.0,0.37215,0.15000000000000568,3.23707608032227,20.0,0.8
2.482,0.21629619598388672,0.21629619598388672,0.0,0.3723,0.14999999999997726,3.240076080322248,20.0,0.8
2.483,0.21629619598388672,0.21629619598388672,-0.008790969848632812,0.37245,0.14999999999997726,3.2501088562011535,20.0,0.8
2.484,0.21629619598388672,0.21629619598388672,0.008790969848632812,0.3726,0.15000000000000568,3.239043304443364,20.0,0.8
2.485,0.21629619598388672,0.21629619598388672,0.008790969848632812,0.37274999999999997,0.15000000000000568,3.242043304443363,20.0,0.8
2.486,0.21629619598388672,0.21629619598388672,0.008790969848632812,0.3729,0.14999999999997726,3.2450433044433415,20.0,0.8
2.487,0.21629619598388672,0.21629619598388672,0.017581939697265625,0.37305,0.15000000000000568,3.2410105285644577,20.0,0.8
2.488,0.21629619598388672,0.21629619598388672,0.026372909545898438,0.3732,0.14999999999997726,3.236977752685528,20.0,0.8
2.489,0.21629619598388672,0.21629619598388672,0.03516578674316406,0.37334999999999996,0.15000000000000568,3.232943450927738,20.0,0.8
2.49,0.21629619598388672,0.21629619598388672,0.03516578674316406,0.3735,0.14999999999997726,3.235943450927716,20.0,0.8
2.491,0.21629619598388672,0.21629619598388672,0.03516578674316406,0.37365,0.15000000000000568,3.2389434509277386,20.0,0.8
2.492,0.21629619598388672,0.21629619598388672,0.05274772644042969,0.37379999999999997,0.15000000000000568,3.2278778991699255,20.0,0.8
2.493,0.21667766571044922,0.21667766571044922,0.043956756591796875,0.37394999999999995,0.1500000000000341,3.2302812805176044,20.0,0.8
2.494,0.21667766571044922,0.21667766571044922,0.05274772644042969,0.37410000000000004,0.1500000000000341,3.2262485046387,20.0,0.8
2.495,0.21667766571044922,0.21667766571044922,0.043956756591796875,0.37425,0.15000000000000568,3.236281280517583,20.0,0.8
2.496,0.21667766571044922,0.21667766571044922,0.0615386962890625,0.3744,0.15000000000000568,3.2252157287597707,20.0,0.8
2.497,0.21667766571044922,0.21667766571044922,0.05274772644042969,0.37455,0.14999999999997726,3.2352485046386534,20.0,0.8
2.498,0.21667766571044922,0.21667766571044922,0.0615386962890625,0.37470000000000003,0.14999999999997726,3.2312157287597483,20.0,0.8
2.499,0.21667766571044922,0.21667766571044922,0.0615386962890625,0.37485,0.15000000000000568,3.2342157287597706,20.0,0.8
2.5,0.21705913543701172,0.21705913543701172,0.0615386962890625,0.375,0.15000000000000568,3.2295863342285203,20.0,0.8
2.501,0.21705913543701172,0.21705913543701172,0.07032966613769531,0.37515,0.15000000000000568,3.2255535583496138,20.0,0.8
2.5020000000000002,0.21705913543701172,0.21705913543701172,0.0615386962890625,0.3753,0.15000000000000568,3.2355863342285205,20.0,0.8
2.503,0.21705913543701172,0.21705913543701172,0.0615386962890625,0.37545,0.14999999999997726,3.238586334228498,20.0,0.8
2.504,0.21705913543701172,0.21705913543701172,0.05274772644042969,0.3756,0.15000000000000568,3.248619110107426,20.0,0.8
2.505,0.21705913543701172,0.21705913543701172,0.043956756591796875,0.37575,0.15000000000000568,3.2586518859863323,20.0,0.8
2.5060000000000002,0.21705913543701172,0.21705913543701172,0.05274772644042969,0.3759,0.15000000000000568,3.2546191101074267,20.0,0.8
2.507,0.21744060516357422,0.21744060516357422,0.017581939697265625,0.37605,0.15000000000000568,3.2781223449707078,20.0,0.8
2.508,0.21744060516357422,0.21744060516357422,0.026372909545898438,0.3762,0.14999999999997726,3.274089569091778,20.0,0.8
2.509,0.21744060516357422,0.21744060516357422,0.008790969848632812,0.37634999999999996,0.14999999999997726,3.2911551208495906,20.0,0.8
2.5100000000000002,0.21744060516357422,0.21744060516357422,0.008790969848632812,0.3765,0.15000000000000568,3.2941551208496143,20.0,0.8
2.511,0.21744060516357422,0.21744060516357422,0.0,0.37665,0.14999999999997726,3.304187896728497,20.0,0.8
2.512,0.21744060516357422,0.21744060516357422,0.0,0.37679999999999997,0.15000000000000568,3.3071878967285198,20.0,0.8
2.513,0.21744060516357422,0.21744060516357422,0.0,0.37694999999999995,0.1500000000000341,3.3101878967285416,20.0,0.8
2.5140000000000002,0.21744060516357422,0.21744060516357422,0.0,0.37710000000000005,0.15000000000000568,3.313187896728521,20.0,0.8
2.515,0.21744060516357422,0.21744060516357422,0.0,0.37725000000000003,0.15000000000000568,3.316187896728521,20.0,0.8
2.516,0.21744060516357422,0.21744060516357422,0.0,0.3774,0.14999999999997726,3.3191878967284976,20.0,0.8
2.517,0.21744060516357422,0.21744060516357422,0.0,0.37755,0.15000000000000568,3.3221878967285203,20.0,0.8
2.5180000000000002,0.21744060516357422,0.21744060516357422,0.026372909545898438,0.37770000000000004,0.14999999999994884,3.3040895690917567,20.0,0.8
2.519,0.21744060516357422,0.21744060516357422,0.017581939697265625,0.37785,0.15000000000000568,3.3141223449707082,20.0,0.8
2.52,0.21744060516357422,0.21744060516357422,0.017581939697265625,0.378,0.15000000000000568,3.317122344970708,20.0,0.8
2.521,0.21744060516357422,0.21744060516357422,0.026372909545898438,0.37815,0.1500000000000341,3.313089569091824,20.0,0.8
2.5220000000000002,0.21744060516357422,0.21744060516357422,0.03516578674316406,0.3783,0.14999999999997726,3.309055267333967,20.0,0.8
2.523,0.21744060516357422,0.21744060516357422,0.03516578674316406,0.37845,0.15000000000000568,3.3120552673339887,20.0,0.8
2.524,0.21744060516357422,0.21744060516357422,0.03516578674316406,0.3786,0.15000000000000568,3.315055267333989,20.0,0.8
2.525,0.21744060516357422,0.21744060516357422,0.0615386962890625,0.37875,0.15000000000000568,3.2969569396972696,20.0,0.8
2.5260000000000002,0.21744060516357422,0.21744060516357422,0.043956756591796875,0.3789,0.14999999999997726,3.3140224914550602,20.0,0.8
2.527,0.21782207489013672,0.21782207489013672,0.05274772644042969,0.37905,0.15000000000000568,3.3023603210449264,20.0,0.8
2.528,0.21782207489013672,0.21782207489013672,0.05274772644042969,0.3792,0.15000000000000568,3.305360321044926,20.0,0.8
2.529,0.21782207489013672,0.21782207489013672,0.05274772644042969,0.37934999999999997,0.15000000000000568,3.3083603210449257,20.0,0.8
2.5300000000000002,0.21782207489013672,0.21782207489013672,0.05274772644042969,0.3795,0.14999999999997726,3.3113603210449036,20.0,0.8
2.531,0.21782207489013672,0.21782207489013672,0.03516578674316406,0.37965,0.14999999999997726,3.328425872802716,20.0,0.8
2.532,0.21782207489013672,0.21782207489013672,0.07032966613769531,0.37979999999999997,0.15000000000000568,3.3032947692871133,20.0,0.8
2.533,0.21782207489013672,0.21782207489013672,0.05274772644042969,0.37994999999999995,0.1500000000000341,3.3203603210449484,20.0,0.8
2.5340000000000003,0.21782207489013672,0.21782207489013672,0.05274772644042969,0.38010000000000005,0.15000000000000568,3.3233603210449276,20.0,0.8
2.535,0.21820354461669922,0.21820354461669922,0.043956756591796875,0.38025000000000003,0.15000000000000568,3.325763702392583,20.0,0.8
2.536,0.21820354461669922,0.21820354461669922,0.043956756591796875,0.3804,0.15000000000000568,3.328763702392583,20.0,0.8
2.537,0.21820354461669922,0.21820354461669922,0.05274772644042969,0.38055,0.15000000000000568,3.324730926513676,20.0,0.8
2.5380000000000003,0.21820354461669922,0.21820354461669922,0.043956756591796875,0.38070000000000004,0.15000000000000568,3.3347637023925834,20.0,0.8
2.539,0.21820354461669922,0.21820354461669922,0.0615386962890625,0.38085,0.14999999999997726,3.323698150634748,20.0,0.8
2.54,0.21820354461669922,0.21820354461669922,0.05274772644042969,0.381,0.15000000000000568,3.3337309265136765,20.0,0.8
2.541,0.21820354461669922,0.21820354461669922,0.043956756591796875,0.38115,0.14999999999997726,3.3437637023925597,20.0,0.8
2.5420000000000003,0.21858501434326172,0.21858501434326172,0.05274772644042969,0.38130000000000003,0.14999999999997726,3.332101531982404,20.0,0.8
2.543,0.21858501434326172,0.21858501434326172,0.0615386962890625,0.38145,0.15000000000000568,3.3280687561035207,20.0,0.8
2.544,0.21858501434326172,0.21858501434326172,0.05274772644042969,0.3816,0.14999999999997726,3.3381015319824034,20.0,0.8
2.545,0.21858501434326172,0.21858501434326172,0.026372909545898438,0.38175,0.15000000000000568,3.362201385498051,20.0,0.8
2.5460000000000003,0.21858501434326172,0.21858501434326172,0.05274772644042969,0.3819,0.15000000000000568,3.3441015319824268,20.0,0.8
2.547,0.21858501434326172,0.21858501434326172,0.043956756591796875,0.38205,0.15000000000000568,3.3541343078613326,20.0,0.8
2.548,0.21858501434326172,0.21858501434326172,0.043956756591796875,0.3822,0.15000000000000568,3.3571343078613323,20.0,0.8
2.549,0.21858501434326172,0.21858501434326172,0.026372909545898438,0.38234999999999997,0.15000000000000568,3.3742013854980506,20.0,0.8
2.5500000000000003,0.21858501434326172,0.21858501434326172,0.043956756591796875,0.3825,0.14999999999997726,3.3631343078613103,20.0,0.8
2.551,0.21896743774414062,0.21896743774414062,0.043956756591796875,0.38265,0.15000000000000568,3.358485839843754,20.0,0.8
2.552,0.21896743774414062,0.21896743774414062,0.008790969848632812,0.3828,0.15000000000000568,3.3896184692382856,20.0,0.8
2.553,0.21896743774414062,0.21896743774414062,0.0615386962890625,0.38294999999999996,0.1500000000000341,3.3504202880859637,20.0,0.8
2.5540000000000003,0.21896743774414062,0.21896743774414062,0.017581939697265625,0.38310000000000005,0.1500000000000341,3.388585693359403,20.0,0.8
2.555,0.21896743774414062,0.21896743774414062,0.03516578674316406,0.38325000000000004,0.15000000000000568,3.3775186157226615,20.0,0.8
2.556,0.21896743774414062,0.21896743774414062,0.043956756591796875,0.3834,0.15000000000000568,3.3734858398437546,20.0,0.8
2.557,0.21896743774414062,0.21896743774414062,0.017581939697265625,0.38355,0.15000000000000568,3.39758569335938,20.0,0.8
2.5580000000000003,0.21896743774414062,0.21896743774414062,0.03516578674316406,0.38370000000000004,0.14999999999997726,3.386518615722639,20.0,0.8
2.559,0.21896743774414062,0.21896743774414062,0.043956756591796875,0.38385,0.14999999999997726,3.3824858398437323,20.0,0.8
2.56,0.21896743774414062,0.21896743774414062,0.017581939697265625,0.384,0.15000000000000568,3.40658569335938,20.0,0.8
2.561,0.21896743774414062,0.21896743774414062,0.03516578674316406,0.38415,0.15000000000000568,3.3955186157226604,20.0,0.8
2.562,0.21934890747070312,0.21934890747070312,0.03516578674316406,0.3843,0.1500000000000341,3.390889221191433,20.0,0.8
2.563,0.21934890747070312,0.21934890747070312,0.03516578674316406,0.38445,0.14999999999997726,3.393889221191388,20.0,0.8
2.564,0.21934890747070312,0.21934890747070312,0.026372909545898438,0.3846,0.14999999999997726,3.4039235229492006,20.0,0.8
2.565,0.21934890747070312,0.21934890747070312,0.043956756591796875,0.38475,0.15000000000000568,3.392856445312504,20.0,0.8
2.566,0.21934890747070312,0.21934890747070312,0.026372909545898438,0.38489999999999996,0.15000000000000568,3.4099235229492226,20.0,0.8
2.567,0.21934890747070312,0.21934890747070312,0.043956756591796875,0.38505,0.14999999999997726,3.398856445312482,20.0,0.8
2.568,0.21934890747070312,0.21934890747070312,0.03516578674316406,0.3852,0.15000000000000568,3.4088892211914104,20.0,0.8
2.569,0.21934890747070312,0.21934890747070312,0.026372909545898438,0.38534999999999997,0.15000000000000568,3.4189235229492225,20.0,0.8
2.57,0.21934890747070312,0.21934890747070312,0.05274772644042969,0.38549999999999995,0.15000000000000568,3.4008236694335974,20.0,0.8
2.571,0.21934890747070312,0.21934890747070312,0.05274772644042969,0.38565,0.14999999999997726,3.4038236694335757,20.0,0.8
2.572,0.21973037719726562,0.21973037719726562,0.05274772644042969,0.3858,0.14999999999997726,3.399194274902325,20.0,0.8
2.573,0.21973037719726562,0.21973037719726562,0.05274772644042969,0.38594999999999996,0.15000000000000568,3.4021942749023477,20.0,0.8
2.574,0.21973037719726562,0.21973037719726562,0.05274772644042969,0.38609999999999994,0.1500000000000341,3.4051942749023696,20.0,0.8
2.575,0.21973037719726562,0.21973037719726562,0.07032966613769531,0.38625000000000004,0.15000000000000568,3.3941287231445365,20.0,0.8
2.576,0.21973037719726562,0.21973037719726562,0.0615386962890625,0.3864,0.15000000000000568,3.404161499023443,20.0,0.8
2.577,0.21973037719726562,0.21973037719726562,0.07912063598632812,0.38655,0.14999999999997726,3.3930959472656066,20.0,0.8
2.578,0.22011184692382812,0.22011184692382812,0.07032966613769531,0.3867,0.15000000000000568,3.395499328613286,20.0,0.8
2.579,0.22011184692382812,0.22011184692382812,0.07032966613769531,0.38685,0.14999999999997726,3.3984993286132634,20.0,0.8
2.58,0.22011184692382812,0.22011184692382812,0.07912063598632812,0.387,0.15000000000000568,3.3944665527343796,20.0,0.8
2.581,0.22011184692382812,0.22011184692382812,0.07032966613769531,0.38715,0.15000000000000568,3.404499328613286,20.0,0.8
2.582,0.22011184692382812,0.22011184692382812,0.0615386962890625,0.3873,0.15000000000000568,3.4145321044921917,20.0,0.8
2.583,0.22011184692382812,0.22011184692382812,0.0615386962890625,0.38745,0.14999999999997726,3.41753210449217,20.0,0.8
2.584,0.22049331665039062,0.22049331665039062,0.08791160583496094,0.3876,0.15000000000000568,3.391804382324223,20.0,0.8
2.585,0.22049331665039062,0.22049331665039062,0.05274772644042969,0.38775,0.15000000000000568,3.422935485839848,20.0,0.8
2.586,0.22049331665039062,0.22049331665039062,0.043956756591796875,0.38789999999999997,0.15000000000000568,3.4329682617187536,20.0,0.8
2.587,0.22049331665039062,0.22049331665039062,0.043956756591796875,0.38805,0.15000000000000568,3.4359682617187546,20.0,0.8
2.588,0.22049331665039062,0.22049331665039062,0.07032966613769531,0.3882,0.15000000000000568,3.4178699340820358,20.0,0.8
2.589,0.22049331665039062,0.22049331665039062,0.026372909545898438,0.38835,0.15000000000000568,3.4560353393554726,20.0,0.8
2.59,0.22049331665039062,0.22049331665039062,0.0,0.38849999999999996,0.15000000000000568,3.480133666992191,20.0,0.8
2.591,0.22049331665039062,0.22049331665039062,0.026372909545898438,0.38865,0.14999999999997726,3.46203533935545,20.0,0.8
2.592,0.22049331665039062,0.22049331665039062,0.026372909545898438,0.3888,0.14999999999997726,3.4650353393554503,20.0,0.8
2.593,0.22087478637695312,0.22087478637695312,0.026372909545898438,0.38894999999999996,0.15000000000000568,3.460405944824222,20.0,0.8
2.594,0.22049331665039062,0.22049331665039062,-0.008790969848632812,0.38909999999999995,0.1500000000000341,3.49916644287112,20.0,0.8
2.595,0.22087478637695312,0.22087478637695312,0.03516578674316406,0.38925000000000004,0.1500000000000341,3.4593716430664347,20.0,0.8
2.596,0.22087478637695312,0.22087478637695312,0.017581939697265625,0.3894,0.15000000000000568,3.47643872070313,20.0,0.8
2.597,0.22087478637695312,0.22087478637695312,0.008790969848632812,0.38955,0.15000000000000568,3.4864714965820363,20.0,0.8
2.598,0.22087478637695312,0.22087478637695312,0.017581939697265625,0.3897,0.15000000000000568,3.4824387207031293,20.0,0.8
2.599,0.22087478637695312,0.22087478637695312,0.017581939697265625,0.38985000000000003,0.15000000000000568,3.4854387207031303,20.0,0.8
2.6,0.22087478637695312,0.22087478637695312,0.03516578674316406,0.39,0.14999999999997726,3.4743716430663882,20.0,0.8
2.601,0.22087478637695312,0.22087478637695312,0.017581939697265625,0.39015,0.15000000000000568,3.4914387207031297,20.0,0.8
2.602,0.22087478637695312,0.22087478637695312,0.017581939697265625,0.3903,0.14999999999997726,3.4944387207031062,20.0,0.8
2.603,0.22087478637695312,0.22087478637695312,0.03516578674316406,0.39045,0.14999999999997726,3.483371643066388,20.0,0.8
2.604,0.22087478637695312,0.22087478637695312,0.017581939697265625,0.3906,0.15000000000000568,3.50043872070313,20.0,0.8
2.605,0.22087478637695312,0.22087478637695312,0.07032966613769531,0.39075,0.14999999999997726,3.4612405395507624,20.0,0.8
2.606,0.22087478637695312,0.22087478637695312,0.03516578674316406,0.39089999999999997,0.15000000000000568,3.4923716430664102,20.0,0.8
2.607,0.22087478637695312,0.22087478637695312,0.026372909545898438,0.39105,0.14999999999997726,3.5024059448242006,20.0,0.8
2.608,0.22125625610351562,0.22125625610351562,0.026372909545898438,0.3912,0.15000000000000568,3.497776550292973,20.0,0.8
2.609,0.22125625610351562,0.22125625610351562,0.043956756591796875,0.39135,0.15000000000000568,3.486709472656254,20.0,0.8
2.61,0.22125625610351562,0.22125625610351562,0.05274772644042969,0.39149999999999996,0.15000000000000568,3.4826766967773475,20.0,0.8
2.611,0.22125625610351562,0.22125625610351562,0.03516578674316406,0.39165,0.14999999999994884,3.4997422485351155,20.0,0.8
2.612,0.22125625610351562,0.22125625610351562,0.03516578674316406,0.3918,0.15000000000000568,3.50274224853516,20.0,0.8
2.613,0.22125625610351562,0.22125625610351562,0.043956756591796875,0.39194999999999997,0.15000000000000568,3.498709472656254,20.0,0.8
2.614,0.22125625610351562,0.22125625610351562,0.043956756591796875,0.39209999999999995,0.15000000000006253,3.501709472656299,20.0,0.8
2.615,0.22125625610351562,0.22125625610351562,0.043956756591796875,0.39225000000000004,0.15000000000000568,3.504709472656255,20.0,0.8
2.616,0.22125625610351562,0.22125625610351562,0.03516578674316406,0.3924,0.15000000000000568,3.5147422485351614,20.0,0.8
2.617,0.22125625610351562,0.22125625610351562,0.043956756591796875,0.39255,0.15000000000000568,3.5107094726562544,20.0,0.8
2.618,0.22163772583007812,0.22163772583007812,0.043956756591796875,0.3927,0.15000000000000568,3.5060800781250046,20.0,0.8
2.619,0.22163772583007812,0.22163772583007812,0.05274772644042969,0.39285000000000003,0.14999999999997726,3.5020473022460763,20.0,0.8
2.62,0.22163772583007812,0.22163772583007812,0.03516578674316406,0.393,0.14999999999997726,3.5191128540038883,20.0,0.8
2.621,0.22163772583007812,0.22163772583007812,0.05274772644042969,0.39315,0.15000000000000568,3.5080473022460983,20.0,0.8
2.622,0.22163772583007812,0.22163772583007812,0.05274772644042969,0.3933,0.15000000000000568,3.511047302246098,20.0,0.8
2.623,0.22163772583007812,0.22163772583007812,0.043956756591796875,0.39345,0.14999999999997726,3.5210800781249825,20.0,0.8
2.624,0.22163772583007812,0.22163772583007812,0.03516578674316406,0.3936,0.15000000000000568,3.5311128540039105,20.0,0.8
2.625,0.22163772583007812,0.22163772583007812,0.05274772644042969,0.39375,0.15000000000000568,3.5200473022460983,20.0,0.8
2.626,0.22201919555664062,0.22201919555664062,0.03516578674316406,0.3939,0.15000000000000568,3.52948345947266,20.0,0.8
2.6270000000000002,0.22201919555664062,0.22201919555664062,0.03516578674316406,0.39405,0.14999999999997726,3.532483459472638,20.0,0.8
2.628,0.22201919555664062,0.22201919555664062,0.043956756591796875,0.3942,0.14999999999997726,3.5284506835937317,20.0,0.8
2.629,0.22201919555664062,0.22201919555664062,0.03516578674316406,0.39435,0.15000000000000568,3.53848345947266,20.0,0.8
2.63,0.22201919555664062,0.22201919555664062,0.026372909545898438,0.39449999999999996,0.15000000000000568,3.5485177612304724,20.0,0.8
2.6310000000000002,0.22201919555664062,0.22201919555664062,0.026372909545898438,0.39465,0.15000000000000568,3.551517761230473,20.0,0.8
2.632,0.22201919555664062,0.22201919555664062,0.03516578674316406,0.3948,0.15000000000000568,3.5474834594726605,20.0,0.8
2.633,0.22201919555664062,0.22201919555664062,0.03516578674316406,0.39494999999999997,0.14999999999997726,3.550483459472637,20.0,0.8
2.634,0.22201919555664062,0.22201919555664062,0.008790969848632812,0.39509999999999995,0.15000000000000568,3.574583312988285,20.0,0.8
2.6350000000000002,0.22201919555664062,0.22201919555664062,0.017581939697265625,0.39525000000000005,0.15000000000000568,3.570550537109381,20.0,0.8
2.636,0.22201919555664062,0.22201919555664062,0.017581939697265625,0.39540000000000003,0.15000000000000568,3.57355053710938,20.0,0.8
2.637,0.22201919555664062,0.22201919555664062,0.008790969848632812,0.39555,0.15000000000000568,3.5835833129882864,20.0,0.8
2.638,0.22201919555664062,0.22201919555664062,0.043956756591796875,0.3957,0.15000000000000568,3.558450683593754,20.0,0.8
2.6390000000000002,0.22201919555664062,0.22201919555664062,0.0,0.39585000000000004,0.15000000000000568,3.5966160888671928,20.0,0.8
2.64,0.22201919555664062,0.22201919555664062,0.017581939697265625,0.396,0.15000000000000568,3.58555053710938,20.0,0.8
2.641,0.22240066528320312,0.22240066528320312,0.026372909545898438,0.39615,0.15000000000000568,3.573888366699223,20.0,0.8
2.642,0.22240066528320312,0.22240066528320312,0.026372909545898438,0.3963,0.15000000000000568,3.576888366699223,20.0,0.8
2.6430000000000002,0.22240066528320312,0.22240066528320312,0.026372909545898438,0.39645,0.14999999999997726,3.5798883666992007,20.0,0.8
2.644,0.22240066528320312,0.22240066528320312,0.026372909545898438,0.3966,0.15000000000000568,3.5828883666992235,20.0,0.8
2.645,0.22240066528320312,0.22240066528320312,0.03516578674316406,0.39675,0.15000000000000568,3.5788540649414102,20.0,0.8
2.646,0.22240066528320312,0.22240066528320312,0.05274772644042969,0.3969,0.15000000000000568,3.567788513183598,20.0,0.8
2.6470000000000002,0.22240066528320312,0.22240066528320312,0.03516578674316406,0.39705,0.15000000000000568,3.584854064941411,20.0,0.8
2.648,0.22240066528320312,0.22240066528320312,0.008790969848632812,0.3972,0.14999999999997726,3.608953918457013,20.0,0.8
2.649,0.22240066528320312,0.22240066528320312,0.03516578674316406,0.39735,0.15000000000000568,3.5908540649414102,20.0,0.8
2.65,0.22240066528320312,0.22240066528320312,0.0615386962890625,0.39749999999999996,0.15000000000000568,3.5727557373046914,20.0,0.8
2.6510000000000002,0.22240066528320312,0.22240066528320312,0.043956756591796875,0.39765,0.15000000000000568,3.5898212890625047,20.0,0.8
2.652,0.22278213500976562,0.22278213500976562,0.05274772644042969,0.3978,0.15000000000000568,3.578159118652348,20.0,0.8
2.653,0.22278213500976562,0.22278213500976562,0.05274772644042969,0.39794999999999997,0.14999999999997726,3.5811591186523253,20.0,0.8
2.654,0.22278213500976562,0.22278213500976562,0.05274772644042969,0.39809999999999995,0.15000000000000568,3.584159118652347,20.0,0.8
2.6550000000000002,0.22278213500976562,0.22278213500976562,0.0615386962890625,0.39825000000000005,0.14999999999997726,3.5801263427734202,20.0,0.8
2.656,0.22278213500976562,0.22278213500976562,0.0615386962890625,0.39840000000000003,0.14999999999997726,3.5831263427734203,20.0,0.8
2.657,0.22278213500976562,0.22278213500976562,0.07912063598632812,0.39855,0.15000000000000568,3.5720607910156295,20.0,0.8
2.658,0.22316360473632812,0.22316360473632812,0.043956756591796875,0.3987,0.1500000000000341,3.5955625000000273,20.0,0.8
2.6590000000000003,0.22316360473632812,0.22316360473632812,0.07032966613769531,0.39885000000000004,0.14999999999997726,3.5774641723632636,20.0,0.8
2.66,0.22316360473632812,0.22316360473632812,0.07032966613769531,0.399,0.15000000000000568,3.5804641723632864,20.0,0.8
2.661,0.22316360473632812,0.22316360473632812,0.05274772644042969,0.39915,0.14999999999997726,3.5975297241210757,20.0,0.8
2.662,0.22316360473632812,0.22316360473632812,0.0615386962890625,0.3993,0.15000000000000568,3.593496948242192,20.0,0.8
2.6630000000000003,0.22316360473632812,0.22316360473632812,0.05274772644042969,0.39945,0.14999999999997726,3.6035297241210764,20.0,0.8
2.664,0.22316360473632812,0.22316360473632812,0.05274772644042969,0.3996,0.15000000000000568,3.6065297241210983,20.0,0.8
2.665,0.22354507446289062,0.22354507446289062,0.043956756591796875,0.39975,0.15000000000000568,3.6089331054687546,20.0,0.8
2.666,0.22354507446289062,0.22354507446289062,0.026372909545898438,0.3999,0.15000000000000568,3.6260001831054725,20.0,0.8
2.6670000000000003,0.22354507446289062,0.22354507446289062,0.026372909545898438,0.40005,0.14999999999997726,3.629000183105451,20.0,0.8
2.668,0.22354507446289062,0.22354507446289062,0.017581939697265625,0.4002,0.15000000000000568,3.6390329589843797,20.0,0.8
2.669,0.22354507446289062,0.22354507446289062,0.026372909545898438,0.40035,0.15000000000000568,3.635000183105473,20.0,0.8
2.67,0.22354507446289062,0.22354507446289062,0.008790969848632812,0.40049999999999997,0.15000000000000568,3.6520657348632852,20.0,0.8
2.6710000000000003,0.22354507446289062,0.22354507446289062,0.008790969848632812,0.40065,0.14999999999997726,3.655065734863263,20.0,0.8
2.672,0.22354507446289062,0.22354507446289062,0.017581939697265625,0.4008,0.15000000000000568,3.6510329589843797,20.0,0.8
2.673,0.22354507446289062,0.22354507446289062,0.008790969848632812,0.40095,0.15000000000000568,3.661065734863285,20.0,0.8
2.674,0.22354507446289062,0.22354507446289062,0.008790969848632812,0.40109999999999996,0.1500000000000341,3.664065734863308,20.0,0.8
2.6750000000000003,0.22354507446289062,0.22354507446289062,0.026372909545898438,0.40125000000000005,0.15000000000000568,3.6530001831054744,20.0,0.8
2.676,0.22354507446289062,0.22354507446289062,0.017581939697265625,0.40140000000000003,0.14999999999997726,3.663032958984357,20.0,0.8
2.677,0.22354507446289062,0.22354507446289062,0.03516578674316406,0.40155,0.15000000000000568,3.651965881347661,20.0,0.8
2.678,0.22354507446289062,0.22354507446289062,0.026372909545898438,0.4017,0.15000000000000568,3.662000183105473,20.0,0.8
2.6790000000000003,0.22354507446289062,0.22354507446289062,0.017581939697265625,0.40185000000000004,0.14999999999997726,3.6720329589843574,20.0,0.8
2.68,0.22354507446289062,0.22354507446289062,0.05274772644042969,0.402,0.15000000000000568,3.6469003295898488,20.0,0.8
2.681,0.22354507446289062,0.22354507446289062,0.03516578674316406,0.40215,0.15000000000000568,3.6639658813476608,20.0,0.8
2.682,0.22392654418945312,0.22392654418945312,0.05274772644042969,0.4023,0.15000000000000568,3.645270935058598,20.0,0.8
2.6830000000000003,0.22392654418945312,0.22392654418945312,0.0615386962890625,0.40245000000000003,0.15000000000000568,3.6412381591796925,20.0,0.8
2.684,0.22392654418945312,0.22392654418945312,0.0615386962890625,0.4026,0.14999999999997726,3.64423815917967,20.0,0.8
2.685,0.22392654418945312,0.22392654418945312,0.07032966613769531,0.40275,0.15000000000000568,3.6402053833007857,20.0,0.8
2.686,0.22392654418945312,0.22392654418945312,0.07032966613769531,0.4029,0.15000000000000568,3.643205383300786,20.0,0.8
2.6870000000000003,0.22392654418945312,0.22392654418945312,0.07912063598632812,0.40305,0.14999999999997726,3.639172607421857,20.0,0.8
2.688,0.22430801391601562,0.22430801391601562,0.09670257568359375,0.4032,0.15000000000000568,3.620477661132817,20.0,0.8
2.689,0.22430801391601562,0.22430801391601562,0.07912063598632812,0.40335,0.14999999999997726,3.6375432128906064,20.0,0.8
2.69,0.22430801391601562,0.22430801391601562,0.08791160583496094,0.40349999999999997,0.15000000000000568,3.6335104370117226,20.0,0.8
2.691,0.22430801391601562,0.22430801391601562,0.07912063598632812,0.40364999999999995,0.15000000000000568,3.6435432128906284,20.0,0.8
2.692,0.22468948364257812,0.22468948364257812,0.07032966613769531,0.4038,0.15000000000000568,3.6459465942382856,20.0,0.8
2.693,0.22468948364257812,0.22468948364257812,0.0615386962890625,0.40395,0.15000000000000568,3.655979370117192,20.0,0.8
2.694,0.22468948364257812,0.22468948364257812,0.0615386962890625,0.40409999999999996,0.14999999999997726,3.6589793701171685,20.0,0.8
2.695,0.22468948364257812,0.22468948364257812,0.0615386962890625,0.40424999999999994,0.15000000000000568,3.661979370117191,20.0,0.8
2.696,0.22468948364257812,0.22468948364257812,0.05274772644042969,0.40440000000000004,0.15000000000000568,3.6720121459960993,20.0,0.8
2.697,0.22468948364257812,0.22468948364257812,0.05274772644042969,0.40455,0.15000000000000568,3.6750121459960985,20.0,0.8
2.698,0.22468948364257812,0.22468948364257812,0.026372909545898438,0.4047,0.15000000000000568,3.6991119995117234,20.0,0.8
2.699,0.22468948364257812,0.22468948364257812,0.03516578674316406,0.40485,0.15000000000000568,3.69507769775391,20.0,0.8
2.7,0.22507095336914062,0.22507095336914062,0.03516578674316406,0.405,0.14999999999997726,3.6904483032226385,20.0,0.8
2.701,0.22507095336914062,0.22507095336914062,0.026372909545898438,0.40515,0.15000000000000568,3.7004826049804733,20.0,0.8
2.702,0.22507095336914062,0.22507095336914062,0.03516578674316406,0.4053,0.15000000000000568,3.6964483032226605,20.0,0.8
2.703,0.22507095336914062,0.22507095336914062,0.03516578674316406,0.40545,0.15000000000000568,3.69944830322266,20.0,0.8
2.704,0.22507095336914062,0.22507095336914062,0.043956756591796875,0.4056,0.14999999999997726,3.695415527343732,20.0,0.8
2.705,0.22507095336914062,0.22507095336914062,0.05274772644042969,0.40575,0.15000000000000568,3.6913827514648485,20.0,0.8
2.706,0.22507095336914062,0.22507095336914062,0.05274772644042969,0.4059,0.15000000000000568,3.6943827514648477,20.0,0.8
2.707,0.22507095336914062,0.22507095336914062,0.0615386962890625,0.40604999999999997,0.1500000000000341,3.6903499755859643,20.0,0.8
2.708,0.22545242309570312,0.22545242309570312,0.0615386962890625,0.4062,0.14999999999997726,3.6857205810546696,20.0,0.8
2.709,0.22545242309570312,0.22545242309570312,0.08791160583496094,0.40635,0.14999999999997726,3.6676222534179503,20.0,0.8
2.71,0.22545242309570312,0.22545242309570312,0.08791160583496094,0.4065,0.15000000000000568,3.6706222534179727,20.0,0.8
2.711,0.22545242309570312,0.22545242309570312,0.08791160583496094,0.40664999999999996,0.15000000000000568,3.6736222534179723,20.0,0.8
2.712,0.22545242309570312,0.22545242309570312,0.08791160583496094,0.4068,0.14999999999997726,3.6766222534179507,20.0,0.8
2.713,0.22583389282226562,0.22583389282226562,0.07912063598632812,0.40695,0.15000000000000568,3.6790256347656287,20.0,0.8
2.714,0.22583389282226562,0.22583389282226562,0.09670257568359375,0.40709999999999996,0.15000000000000568,3.6679600830078165,20.0,0.8
2.715,0.22583389282226562,0.22583389282226562,0.07912063598632812,0.40724999999999995,0.1500000000000341,3.685025634765651,20.0,0.8
2.716,0.22583389282226562,0.22583389282226562,0.07032966613769531,0.40740000000000004,0.15000000000000568,3.6950584106445366,20.0,0.8
2.717,0.22621536254882812,0.22621536254882812,0.07032966613769531,0.40755,0.14999999999997726,3.6904290161132636,20.0,0.8
2.718,0.22621536254882812,0.22621536254882812,0.07032966613769531,0.4077,0.15000000000000568,3.693429016113286,20.0,0.8
2.719,0.22621536254882812,0.22621536254882812,0.07032966613769531,0.40785,0.15000000000000568,3.696429016113286,20.0,0.8
2.72,0.22621536254882812,0.22621536254882812,0.0615386962890625,0.40800000000000003,0.14999999999997726,3.70646179199217,20.0,0.8
2.721,0.22621536254882812,0.22621536254882812,0.05274772644042969,0.40815,0.15000000000000568,3.7164945678710986,20.0,0.8
2.722,0.22621536254882812,0.22621536254882812,0.07032966613769531,0.4083,0.14999999999997726,3.705429016113263,20.0,0.8
2.723,0.22659683227539062,0.22659683227539062,0.08791160583496094,0.40845,0.15000000000000568,3.686734069824223,20.0,0.8
2.724,0.22659683227539062,0.22659683227539062,0.07032966613769531,0.4086,0.15000000000000568,3.7037996215820366,20.0,0.8
2.725,0.22659683227539062,0.22659683227539062,0.09670257568359375,0.40875,0.15000000000000568,3.685701293945317,20.0,0.8
2.726,0.22659683227539062,0.22659683227539062,0.07912063598632812,0.4089,0.15000000000000568,3.7027668457031293,20.0,0.8
2.727,0.22697830200195312,0.22697830200195312,0.123077392578125,0.40904999999999997,0.15000000000000568,3.6629720458984414,20.0,0.8
2.728,0.22697830200195312,0.22697830200195312,0.10549545288085938,0.4092,0.14999999999997726,3.680037597656232,20.0,0.8
2.729,0.22697830200195312,0.22697830200195312,0.11428642272949219,0.40935,0.15000000000000568,3.676004821777348,20.0,0.8
2.73,0.22697830200195312,0.22697830200195312,0.10549545288085938,0.4095,0.15000000000000568,3.686037597656254,20.0,0.8
2.731,0.22735977172851562,0.22735977172851562,0.123077392578125,0.40964999999999996,0.15000000000000568,3.6673426513671914,20.0,0.8
2.732,0.22735977172851562,0.22735977172851562,0.10549545288085938,0.4098,0.15000000000000568,3.6844082031250043,20.0,0.8
2.733,0.22735977172851562,0.22735977172851562,0.08791160583496094,0.40995,0.15000000000000568,3.701475280761723,20.0,0.8
2.734,0.22774124145507812,0.22774124145507812,0.10549545288085938,0.41009999999999996,0.15000000000000568,3.6827788085937536,20.0,0.8
2.735,0.22774124145507812,0.22774124145507812,0.07912063598632812,0.41024999999999995,0.1500000000000341,3.7068786621094016,20.0,0.8
2.736,0.22774124145507812,0.22774124145507812,0.10549545288085938,0.41040000000000004,0.1500000000000341,3.6887788085937783,20.0,0.8
2.737,0.22774124145507812,0.22774124145507812,0.11428642272949219,0.41055,0.14999999999997726,3.684746032714826,20.0,0.8
2.738,0.22812271118164062,0.22812271118164062,0.1318683624267578,0.4107,0.15000000000000568,3.666051086425786,20.0,0.8
2.739,0.22812271118164062,0.22812271118164062,0.09670257568359375,0.41085,0.15000000000000568,3.6971837158203167,20.0,0.8
2.74,0.22812271118164062,0.22812271118164062,0.1318683624267578,0.41100000000000003,0.14999999999997726,3.6720510864257636,20.0,0.8
2.741,0.22850418090820312,0.22850418090820312,0.14945030212402344,0.41115,0.15000000000000568,3.6533561401367236,20.0,0.8
2.742,0.22850418090820312,0.22850418090820312,0.123077392578125,0.4113,0.15000000000000568,3.677454467773442,20.0,0.8
2.743,0.22850418090820312,0.22850418090820312,0.15824127197265625,0.41145,0.15000000000000568,3.652323364257817,20.0,0.8
2.744,0.22888565063476562,0.22888565063476562,0.11428642272949219,0.4116,0.15000000000000568,3.6828578491210986,20.0,0.8
2.745,0.22888565063476562,0.22888565063476562,0.123077392578125,0.41175,0.14999999999997726,3.6788250732421695,20.0,0.8
2.746,0.22888565063476562,0.22888565063476562,0.11428642272949219,0.4119,0.15000000000000568,3.688857849121098,20.0,0.8
2.747,0.22926712036132812,0.22926712036132812,0.11428642272949219,0.41204999999999997,0.14999999999997726,3.6842284545898254,20.0,0.8
2.748,0.22926712036132812,0.22926712036132812,0.07032966613769531,0.4122,0.14999999999994884,3.7223938598632405,20.0,0.8
2.749,0.22926712036132812,0.22926712036132812,0.08791160583496094,0.41235,0.15000000000000568,3.711328308105473,20.0,0.8
2.75,0.22926712036132812,0.22926712036132812,0.05274772644042969,0.4125,0.14999999999997726,3.742459411621075,20.0,0.8
2.751,0.22926712036132812,0.22926712036132812,0.07912063598632812,0.41264999999999996,0.1500000000000341,3.7243610839844017,20.0,0.8
2.7520000000000002,0.22964859008789062,0.22964859008789062,0.07912063598632812,0.4128,0.14999999999997726,3.719731689453107,20.0,0.8
2.753,0.22964859008789062,0.22964859008789062,0.07032966613769531,0.41295,0.15000000000000568,3.7297644653320354,20.0,0.8
2.754,0.22964859008789062,0.22964859008789062,0.0615386962890625,0.41309999999999997,0.15000000000000568,3.7397972412109417,20.0,0.8
2.755,0.22964859008789062,0.22964859008789062,0.07032966613769531,0.41324999999999995,0.1500000000000341,3.7357644653320574,20.0,0.8
2.7560000000000002,0.22964859008789062,0.22964859008789062,0.07912063598632812,0.41340000000000005,0.15000000000000568,3.73173168945313,20.0,0.8
2.757,0.23003005981445312,0.23003005981445312,0.09670257568359375,0.41355000000000003,0.15000000000000568,3.713036743164068,20.0,0.8
2.758,0.23003005981445312,0.23003005981445312,0.07912063598632812,0.4137,0.15000000000000568,3.7301022949218794,20.0,0.8
2.759,0.23003005981445312,0.23003005981445312,0.11428642272949219,0.41385,0.15000000000000568,3.7049696655273485,20.0,0.8
2.7600000000000002,0.23003005981445312,0.23003005981445312,0.09670257568359375,0.41400000000000003,0.14999999999997726,3.722036743164045,20.0,0.8
2.761,0.23041152954101562,0.23041152954101562,0.09670257568359375,0.41415,0.15000000000000568,3.7174073486328174,20.0,0.8
2.762,0.23041152954101562,0.23041152954101562,0.09670257568359375,0.4143,0.15000000000000568,3.720407348632817,20.0,0.8
2.763,0.23041152954101562,0.23041152954101562,0.07912063598632812,0.41445,0.15000000000000568,3.737472900390629,20.0,0.8
2.7640000000000002,0.23041152954101562,0.23041152954101562,0.123077392578125,0.4146,0.14999999999997726,3.70530749511717,20.0,0.8
2.765,0.23079299926757812,0.23079299926757812,0.08791160583496094,0.41475,0.14999999999997726,3.7288107299804505,20.0,0.8
2.766,0.23079299926757812,0.23079299926757812,0.08791160583496094,0.4149,0.15000000000000568,3.7318107299804733,20.0,0.8
2.767,0.23079299926757812,0.23079299926757812,0.07032966613769531,0.41505,0.15000000000000568,3.7488762817382852,20.0,0.8
2.7680000000000002,0.23079299926757812,0.23079299926757812,0.10549545288085938,0.4152,0.15000000000000568,3.723743652343755,20.0,0.8
2.769,0.23117446899414062,0.23117446899414062,0.08791160583496094,0.41535,0.15000000000000568,3.733181335449223,20.0,0.8
2.77,0.23117446899414062,0.23117446899414062,0.10549545288085938,0.4155,0.15000000000000568,3.722114257812504,20.0,0.8
2.771,0.23117446899414062,0.23117446899414062,0.10549545288085938,0.41564999999999996,0.15000000000000568,3.725114257812504,20.0,0.8
2.7720000000000002,0.23117446899414062,0.23117446899414062,0.07032966613769531,0.4158,0.14999999999997726,3.7562468872070127,20.0,0.8
2.773,0.23155593872070312,0.23155593872070312,0.08791160583496094,0.41595,0.14999999999997726,3.7375519409179505,20.0,0.8
2.774,0.23155593872070312,0.23155593872070312,0.08791160583496094,0.41609999999999997,0.15000000000000568,3.7405519409179724,20.0,0.8
2.775,0.23155593872070312,0.23155593872070312,0.10549545288085938,0.41624999999999995,0.1500000000000341,3.7294848632812765,20.0,0.8
2.7760000000000002,0.23155593872070312,0.23155593872070312,0.0615386962890625,0.41640000000000005,0.1500000000000341,3.767650268554716,20.0,0.8
2.777,0.23155593872070312,0.23155593872070312,0.07032966613769531,0.41655000000000003,0.15000000000000568,3.7636174926757864,20.0,0.8
2.778,0.23193740844726562,0.23193740844726562,0.07032966613769531,0.4167,0.14999999999997726,3.7589880981445134,20.0,0.8
2.779,0.23193740844726562,0.23193740844726562,0.0615386962890625,0.41685,0.15000000000000568,3.769020874023442,20.0,0.8
2.7800000000000002,0.23193740844726562,0.23193740844726562,0.07032966613769531,0.41700000000000004,0.14999999999997726,3.7649880981445136,20.0,0.8
2.781,0.23193740844726562,0.23193740844726562,0.043956756591796875,0.41715,0.15000000000000568,3.789086425781255,20.0,0.8
2.782,0.23193740844726562,0.23193740844726562,0.08791160583496094,0.4173,0.15000000000000568,3.7569225463867233,20.0,0.8
2.783,0.23193740844726562,0.23193740844726562,0.05274772644042969,0.41745,0.15000000000000568,3.788053649902348,20.0,0.8
2.7840000000000003,0.23231887817382812,0.23231887817382812,0.07032966613769531,0.4176,0.15000000000000568,3.7693587036132863,20.0,0.8
2.785,0.23231887817382812,0.23231887817382812,0.08791160583496094,0.41775,0.15000000000000568,3.7582931518554736,20.0,0.8
2.786,0.23231887817382812,0.23231887817382812,0.08791160583496094,0.4179,0.15000000000000568,3.761293151855473,20.0,0.8
2.787,0.23231887817382812,0.23231887817382812,0.07912063598632812,0.41805,0.15000000000000568,3.771325927734379,20.0,0.8
2.7880000000000003,0.23270034790039062,0.23270034790039062,0.09670257568359375,0.4182,0.15000000000000568,3.7526309814453174,20.0,0.8
2.789,0.23270034790039062,0.23270034790039062,0.08791160583496094,0.41835,0.15000000000000568,3.762663757324223,20.0,0.8
2.79,0.23270034790039062,0.23270034790039062,0.09670257568359375,0.4185,0.15000000000000568,3.7586309814453167,20.0,0.8
2.791,0.23270034790039062,0.23270034790039062,0.09670257568359375,0.41864999999999997,0.14999999999997726,3.7616309814452937,20.0,0.8
2.7920000000000003,0.23308181762695312,0.23308181762695312,0.07912063598632812,0.4188,0.14999999999997726,3.771067138671857,20.0,0.8
2.793,0.23308181762695312,0.23308181762695312,0.09670257568359375,0.41895,0.14999999999997726,3.760001586914044,20.0,0.8
2.794,0.23308181762695312,0.23308181762695312,0.08791160583496094,0.4191,0.15000000000000568,3.770034362792973,20.0,0.8
2.795,0.23308181762695312,0.23308181762695312,0.07912063598632812,0.41924999999999996,0.15000000000006253,3.780067138671924,20.0,0.8
2.7960000000000003,0.23308181762695312,0.23308181762695312,0.07912063598632812,0.41940000000000005,0.15000000000000568,3.78306713867188,20.0,0.8
2.797,0.23346328735351562,0.23346328735351562,0.07032966613769531,0.41955000000000003,0.15000000000000568,3.785470520019537,20.0,0.8
2.798,0.23346328735351562,0.23346328735351562,0.09670257568359375,0.4197,0.15000000000000568,3.767372192382817,20.0,0.8
2.799,0.23346328735351562,0.23346328735351562,0.08791160583496094,0.41985,0.15000000000000568,3.7774049682617235,20.0,0.8
2.8000000000000003,0.23346328735351562,0.23346328735351562,0.08791160583496094,0.42000000000000004,0.14999999999997726,3.7804049682617014,20.0,0.8
2.801,0.23384475708007812,0.23384475708007812,0.08791160583496094,0.42015,0.14999999999997726,3.775775573730451,20.0,0.8
2.802,0.23384475708007812,0.23384475708007812,0.10549545288085938,0.4203,0.15000000000000568,3.7647084960937547,20.0,0.8
2.803,0.23384475708007812,0.23384475708007812,0.08791160583496094,0.42045,0.1500000000000341,3.7817755737304957,20.0,0.8
2.8040000000000003,0.23384475708007812,0.23384475708007812,0.10549545288085938,0.42060000000000003,0.14999999999997726,3.7707084960937327,20.0,0.8
2.805,0.23422622680664062,0.23422622680664062,0.09670257568359375,0.42075,0.15000000000000568,3.773113403320317,20.0,0.8
2.806,0.23422622680664062,0.23422622680664062,0.10549545288085938,0.4209,0.14999999999997726,3.769079101562482,20.0,0.8
2.807,0.23422622680664062,0.23422622680664062,0.08791160583496094,0.42105,0.15000000000000568,3.7861461791992226,20.0,0.8
2.8080000000000003,0.23422622680664062,0.23422622680664062,0.09670257568359375,0.4212,0.14999999999997726,3.7821134033202948,20.0,0.8
2.809,0.23460769653320312,0.23460769653320312,0.10549545288085938,0.42135,0.15000000000000568,3.7704497070312546,20.0,0.8
2.81,0.23460769653320312,0.23460769653320312,0.10549545288085938,0.4215,0.15000000000000568,3.7734497070312543,20.0,0.8
2.811,0.23460769653320312,0.23460769653320312,0.11428642272949219,0.42164999999999997,0.15000000000000568,3.7694169311523478,20.0,0.8
2.8120000000000003,0.23460769653320312,0.23460769653320312,0.123077392578125,0.4218,0.14999999999997726,3.765384155273419,20.0,0.8
2.813,0.23498916625976562,0.23498916625976562,0.123077392578125,0.42195,0.15000000000000568,3.7607547607421923,20.0,0.8
2.814,0.23498916625976562,0.23498916625976562,0.1318683624267578,0.4221,0.15000000000000568,3.756721984863285,20.0,0.8
2.815,0.23498916625976562,0.23498916625976562,0.123077392578125,0.42224999999999996,0.15000000000000568,3.7667547607421916,20.0,0.8
2.816,0.23537063598632812,0.23537063598632812,0.16703224182128906,0.42239999999999994,0.1500000000000341,3.7269614868164322,20.0,0.8
2.817,0.23537063598632812,0.23537063598632812,0.14945030212402344,0.42255000000000004,0.1500000000000341,3.7440270385742465,20.0,0.8
2.818,0.23575210571289062,0.23575210571289062,0.14945030212402344,0.4227,0.15000000000000568,3.739397644042974,20.0,0.8
2.819,0.23575210571289062,0.23575210571289062,0.1318683624267578,0.42285,0.15000000000000568,3.7564631958007855,20.0,0.8
2.82,0.23575210571289062,0.23575210571289062,0.123077392578125,0.423,0.15000000000000568,3.766495971679692,20.0,0.8
2.821,0.23613357543945312,0.23613357543945312,0.1318683624267578,0.42315,0.14999999999997726,3.7548338012695135,20.0,0.8
2.822,0.23613357543945312,0.23613357543945312,0.123077392578125,0.4233,0.15000000000000568,3.7648665771484424,20.0,0.8
2.823,0.23613357543945312,0.23613357543945312,0.15824127197265625,0.42345,0.15000000000000568,3.739735473632817,20.0,0.8
2.824,0.23651504516601562,0.23651504516601562,0.14065933227539062,0.4236,0.15000000000000568,3.749171630859379,20.0,0.8
2.825,0.23651504516601562,0.23651504516601562,0.14945030212402344,0.42375,0.14999999999997726,3.745138854980451,20.0,0.8
2.826,0.23689651489257812,0.23689651489257812,0.14945030212402344,0.4239,0.14999999999997726,3.7405094604492004,20.0,0.8
2.827,0.23689651489257812,0.23689651489257812,0.15824127197265625,0.42405,0.15000000000000568,3.736476684570317,20.0,0.8
2.828,0.23689651489257812,0.23689651489257812,0.1758251190185547,0.42419999999999997,0.15000000000000568,3.7254096069335976,20.0,0.8
2.829,0.23727798461914062,0.23727798461914062,0.14945030212402344,0.42435,0.15000000000000568,3.7418800659179734,20.0,0.8
2.83,0.23727798461914062,0.23727798461914062,0.1318683624267578,0.4245,0.15000000000000568,3.7589456176757854,20.0,0.8
2.831,0.23765945434570312,0.23765945434570312,0.14065933227539062,0.42464999999999997,0.15000000000000568,3.747283447265629,20.0,0.8
2.832,0.23765945434570312,0.23765945434570312,0.1318683624267578,0.42479999999999996,0.14999999999997726,3.757316223144512,20.0,0.8
2.833,0.23765945434570312,0.23765945434570312,0.123077392578125,0.42495,0.14999999999997726,3.767348999023419,20.0,0.8
2.834,0.23804092407226562,0.23804092407226562,0.123077392578125,0.4251,0.14999999999997726,3.762719604492169,20.0,0.8
2.835,0.23804092407226562,0.23804092407226562,0.09670257568359375,0.42524999999999996,0.15000000000000568,3.786819458007816,20.0,0.8
2.836,0.23804092407226562,0.23804092407226562,0.10549545288085938,0.42539999999999994,0.1500000000000341,3.7827851562500263,20.0,0.8
2.837,0.23804092407226562,0.23804092407226562,0.11428642272949219,0.42555000000000004,0.1500000000000341,3.778752380371122,20.0,0.8
2.838,0.23842239379882812,0.23842239379882812,0.11428642272949219,0.4257,0.15000000000000568,3.7741229858398486,20.0,0.8
2.839,0.23842239379882812,0.23842239379882812,0.11428642272949219,0.42585,0.14999999999997726,3.777122985839826,20.0,0.8
2.84,0.23842239379882812,0.23842239379882812,0.1318683624267578,0.426,0.14999999999997726,3.7660574340820125,20.0,0.8
2.841,0.23880386352539062,0.23880386352539062,0.123077392578125,0.42615000000000003,0.14999999999994884,3.768460815429647,20.0,0.8
2.842,0.23880386352539062,0.23880386352539062,0.1318683624267578,0.4263,0.15000000000000568,3.764428039550786,20.0,0.8
2.843,0.23880386352539062,0.23880386352539062,0.123077392578125,0.42645,0.15000000000000568,3.774460815429692,20.0,0.8
2.844,0.23918533325195312,0.23918533325195312,0.123077392578125,0.4266,0.1500000000000341,3.7698314208984645,20.0,0.8
2.845,0.23918533325195312,0.23918533325195312,0.1318683624267578,0.42675,0.14999999999997726,3.765798645019513,20.0,0.8
2.846,0.23918533325195312,0.23918533325195312,0.1318683624267578,0.4269,0.15000000000000568,3.768798645019536,20.0,0.8
2.847,0.23956680297851562,0.23956680297851562,0.123077392578125,0.42705,0.15000000000000568,3.7712020263671917,20.0,0.8
2.848,0.23956680297851562,0.23956680297851562,0.123077392578125,0.42719999999999997,0.15000000000000568,3.774202026367192,20.0,0.8
2.849,0.23956680297851562,0.23956680297851562,0.11428642272949219,0.42735,0.14999999999997726,3.784234802246076,20.0,0.8
2.85,0.23994827270507812,0.23994827270507812,0.1318683624267578,0.4275,0.15000000000000568,3.7655398559570354,20.0,0.8
2.851,0.23994827270507812,0.23994827270507812,0.11428642272949219,0.42765,0.15000000000000568,3.782605407714848,20.0,0.8
2.852,0.23994827270507812,0.23994827270507812,0.09670257568359375,0.42779999999999996,0.15000000000000568,3.799672485351566,20.0,0.8
2.853,0.23994827270507812,0.23994827270507812,0.09670257568359375,0.42795,0.14999999999997726,3.8026724853515446,20.0,0.8
2.854,0.24032974243164062,0.24032974243164062,0.09670257568359375,0.4281,0.14999999999997726,3.798043090820294,20.0,0.8
2.855,0.24032974243164062,0.24032974243164062,0.10549545288085938,0.42824999999999996,0.15000000000000568,3.794008789062504,20.0,0.8
2.856,0.24032974243164062,0.24032974243164062,0.08791160583496094,0.42839999999999995,0.1500000000000341,3.8110758666992446,20.0,0.8
2.857,0.24032974243164062,0.24032974243164062,0.09670257568359375,0.42855000000000004,0.15000000000000568,3.8070430908203177,20.0,0.8
2.858,0.24071121215820312,0.24071121215820312,0.10549545288085938,0.4287,0.15000000000000568,3.7953793945312553,20.0,0.8
2.859,0.24071121215820312,0.24071121215820312,0.09670257568359375,0.42885,0.15000000000000568,3.805413696289067,20.0,0.8
2.86,0.24071121215820312,0.24071121215820312,0.09670257568359375,0.429,0.15000000000000568,3.808413696289067,20.0,0.8
2.861,0.24071121215820312,0.24071121215820312,0.10549545288085938,0.42915000000000003,0.15000000000000568,3.804379394531255,20.0,0.8
2.862,0.24109268188476562,0.24109268188476562,0.11428642272949219,0.4293,0.14999999999997726,3.792717224121076,20.0,0.8
2.863,0.24109268188476562,0.24109268188476562,0.11428642272949219,0.42945,0.15000000000000568,3.7957172241210984,20.0,0.8
2.864,0.24109268188476562,0.24109268188476562,0.123077392578125,0.4296,0.15000000000000568,3.791684448242192,20.0,0.8
2.865,0.24147415161132812,0.24147415161132812,0.10549545288085938,0.42975,0.14999999999997726,3.8011206054687325,20.0,0.8
2.866,0.24147415161132812,0.24147415161132812,0.11428642272949219,0.4299,0.15000000000000568,3.7970878295898483,20.0,0.8
2.867,0.24147415161132812,0.24147415161132812,0.11428642272949219,0.43005,0.14999999999997726,3.8000878295898257,20.0,0.8
2.868,0.24185562133789062,0.24185562133789062,0.11428642272949219,0.43019999999999997,0.15000000000000568,3.7954584350585976,20.0,0.8
2.869,0.24185562133789062,0.24185562133789062,0.1318683624267578,0.43035,0.15000000000000568,3.784392883300786,20.0,0.8
2.87,0.24185562133789062,0.24185562133789062,0.14945030212402344,0.4305,0.15000000000000568,3.773327331542973,20.0,0.8
2.871,0.24223709106445312,0.24223709106445312,0.14065933227539062,0.43065,0.15000000000000568,3.775730712890629,20.0,0.8
2.872,0.24223709106445312,0.24223709106445312,0.15824127197265625,0.43079999999999996,0.15000000000000568,3.7646651611328164,20.0,0.8
2.873,0.24223709106445312,0.24223709106445312,0.15824127197265625,0.43095,0.14999999999997726,3.7676651611327943,20.0,0.8
2.874,0.24261856079101562,0.24261856079101562,0.15824127197265625,0.4311,0.15000000000000568,3.763035766601567,20.0,0.8
2.875,0.24261856079101562,0.24261856079101562,0.15824127197265625,0.43124999999999997,0.15000000000000568,3.7660357666015662,20.0,0.8
2.876,0.24300003051757812,0.24300003051757812,0.14945030212402344,0.43139999999999995,0.1500000000000341,3.768439147949245,20.0,0.8
2.8770000000000002,0.24300003051757812,0.24300003051757812,0.16703224182128906,0.43155000000000004,0.15000000000000568,3.757373596191412,20.0,0.8
2.878,0.24338150024414062,0.24338150024414062,0.15824127197265625,0.43170000000000003,0.15000000000000568,3.7597769775390675,20.0,0.8
2.879,0.24338150024414062,0.24338150024414062,0.15824127197265625,0.43185,0.15000000000000568,3.7627769775390676,20.0,0.8
2.88,0.24338150024414062,0.24338150024414062,0.14945030212402344,0.432,0.15000000000000568,3.772809753417973,20.0,0.8
2.8810000000000002,0.24376296997070312,0.24376296997070312,0.16703224182128906,0.43215000000000003,0.15000000000000568,3.7541148071289117,20.0,0.8
2.882,0.24376296997070312,0.24376296997070312,0.15824127197265625,0.4323,0.14999999999997726,3.764147583007795,20.0,0.8
2.883,0.24414443969726562,0.24414443969726562,0.1318683624267578,0.43245,0.15000000000000568,3.7806165161132856,20.0,0.8
2.884,0.24414443969726562,0.24414443969726562,0.1318683624267578,0.4326,0.14999999999997726,3.7836165161132627,20.0,0.8
2.8850000000000002,0.24414443969726562,0.24414443969726562,0.123077392578125,0.43275,0.14999999999997726,3.7936492919921694,20.0,0.8
2.886,0.24452590942382812,0.24452590942382812,0.14945030212402344,0.4329,0.15000000000000568,3.7679215698242237,20.0,0.8
2.887,0.24452590942382812,0.24452590942382812,0.16703224182128906,0.43305,0.15000000000000568,3.7568560180664106,20.0,0.8
2.888,0.24452590942382812,0.24452590942382812,0.15824127197265625,0.4332,0.15000000000000568,3.766888793945317,20.0,0.8
2.8890000000000002,0.24490737915039062,0.24490737915039062,0.21098899841308594,0.43335,0.14999999999997726,3.720061218261701,20.0,0.8
2.89,0.24528884887695312,0.24528884887695312,0.20219802856445312,0.4335,0.14999999999997726,3.722464599609357,20.0,0.8
2.891,0.24528884887695312,0.24528884887695312,0.21098899841308594,0.43365,0.15000000000000568,3.718431823730473,20.0,0.8
2.892,0.24567031860351562,0.24567031860351562,0.1934070587158203,0.43379999999999996,0.15000000000000568,3.727867980957035,20.0,0.8
2.8930000000000002,0.24567031860351562,0.24567031860351562,0.20219802856445312,0.43395,0.14999999999997726,3.723835205078107,20.0,0.8
2.894,0.24605178833007812,0.24605178833007812,0.20219802856445312,0.4341,0.15000000000000568,3.719205810546879,20.0,0.8
2.895,0.24605178833007812,0.24605178833007812,0.1758251190185547,0.43424999999999997,0.14999999999997726,3.743304138183575,20.0,0.8
2.896,0.24643325805664062,0.24643325805664062,0.1846160888671875,0.43439999999999995,0.1500000000000341,3.731641967773464,20.0,0.8
2.8970000000000002,0.24643325805664062,0.24643325805664062,0.16703224182128906,0.43455000000000005,0.15000000000000568,3.7487090454101617,20.0,0.8
2.898,0.24681472778320312,0.24681472778320312,0.16703224182128906,0.43470000000000003,0.15000000000000568,3.744079650878912,20.0,0.8
2.899,0.24681472778320312,0.24681472778320312,0.1758251190185547,0.43485,0.15000000000000568,3.7400453491210985,20.0,0.8
2.9,0.24681472778320312,0.24681472778320312,0.16703224182128906,0.435,0.15000000000000568,3.750079650878911,20.0,0.8
2.9010000000000002,0.24719619750976562,0.24719619750976562,0.1934070587158203,0.43515000000000004,0.14999999999997726,3.724350402832014,20.0,0.8
2.902,0.24719619750976562,0.24719619750976562,0.14065933227539062,0.4353,0.15000000000000568,3.76954858398438,20.0,0.8
2.903,0.24757766723632812,0.24757766723632812,0.15824127197265625,0.43545,0.15000000000000568,3.750853637695317,20.0,0.8
2.904,0.24757766723632812,0.24757766723632812,0.15824127197265625,0.4356,0.15000000000000568,3.753853637695317,20.0,0.8
2.9050000000000002,0.24795913696289062,0.24795913696289062,0.14945030212402344,0.43575,0.14999999999997726,3.7562570190429514,20.0,0.8
2.906,0.24795913696289062,0.24795913696289062,0.16703224182128906,0.4359,0.15000000000000568,3.745191467285161,20.0,0.8
2.907,0.24795913696289062,0.24795913696289062,0.14065933227539062,0.43605,0.15000000000000568,3.7692897949218795,20.0,0.8
2.908,0.24834060668945312,0.24834060668945312,0.14065933227539062,0.4362,0.15000000000000568,3.7646604003906288,20.0,0.8
2.9090000000000003,0.24834060668945312,0.24834060668945312,0.123077392578125,0.43635,0.14999999999997726,3.7817259521484194,20.0,0.8
2.91,0.24834060668945312,0.24834060668945312,0.09670257568359375,0.4365,0.14999999999997726,3.8058258056640444,20.0,0.8
2.911,0.24872207641601562,0.24872207641601562,0.123077392578125,0.43665,0.15000000000000568,3.780096557617192,20.0,0.8
2.912,0.24872207641601562,0.24872207641601562,0.123077392578125,0.43679999999999997,0.15000000000000568,3.7830965576171915,20.0,0.8
2.9130000000000003,0.24872207641601562,0.24872207641601562,0.123077392578125,0.43695,0.15000000000000568,3.786096557617192,20.0,0.8
2.914,0.24910354614257812,0.24910354614257812,0.123077392578125,0.4371,0.15000000000000568,3.781467163085942,20.0,0.8
2.915,0.24910354614257812,0.24910354614257812,0.1318683624267578,0.43724999999999997,0.15000000000000568,3.777434387207035,20.0,0.8
2.916,0.24910354614257812,0.24910354614257812,0.123077392578125,0.43739999999999996,0.1500000000000341,3.787467163085964,20.0,0.8
2.9170000000000003,0.24948501586914062,0.24948501586914062,0.1318683624267578,0.43755000000000005,0.15000000000000568,3.775804992675787,20.0,0.8
2.918,0.24948501586914062,0.24948501586914062,0.123077392578125,0.43770000000000003,0.14999999999997726,3.7858377685546696,20.0,0.8
2.919,0.24948501586914062,0.24948501586914062,0.14065933227539062,0.43785,0.15000000000000568,3.77477221679688,20.0,0.8
2.92,0.24986648559570312,0.24986648559570312,0.123077392578125,0.438,0.15000000000000568,3.784208374023442,20.0,0.8
2.9210000000000003,0.24986648559570312,0.24986648559570312,0.1318683624267578,0.43815000000000004,0.15000000000000568,3.7801755981445364,20.0,0.8
2.922,0.24986648559570312,0.24986648559570312,0.1318683624267578,0.4383,0.15000000000000568,3.783175598144536,20.0,0.8
2.923,0.2502479553222656,0.2502479553222656,0.1318683624267578,0.43845,0.14999999999997726,3.778546203613263,20.0,0.8
2.924,0.2502479553222656,0.2502479553222656,0.14945030212402344,0.4386,0.15000000000000568,3.767480651855473,20.0,0.8
2.9250000000000003,0.2502479553222656,0.2502479553222656,0.14065933227539062,0.43875000000000003,0.15000000000000568,3.77751342773438,20.0,0.8
2.926,0.2506294250488281,0.2506294250488281,0.15824127197265625,0.4389,0.15000000000000568,3.7588184814453176,20.0,0.8
2.927,0.2506294250488281,0.2506294250488281,0.16703224182128906,0.43905,0.15000000000000568,3.7547857055664107,20.0,0.8
2.928,0.2510108947753906,0.2510108947753906,0.16703224182128906,0.4392,0.14999999999997726,3.7501563110351377,20.0,0.8
2.9290000000000003,0.2510108947753906,0.2510108947753906,0.1758251190185547,0.43935,0.14999999999997726,3.7461220092773257,20.0,0.8
2.93,0.2513923645019531,0.2513923645019531,0.1758251190185547,0.4395,0.15000000000000568,3.7414926147460985,20.0,0.8
2.931,0.2513923645019531,0.2513923645019531,0.1758251190185547,0.43965,0.15000000000000568,3.744492614746098,20.0,0.8
2.932,0.2517738342285156,0.2517738342285156,0.21098899841308594,0.43979999999999997,0.15000000000000568,3.7117321166992228,20.0,0.8
2.9330000000000003,0.2517738342285156,0.2517738342285156,0.20219802856445312,0.43995,0.15000000000000568,3.72176489257813,20.0,0.8
2.934,0.2521553039550781,0.2521553039550781,0.21098899841308594,0.4401,0.15000000000000568,3.710102722167973,20.0,0.8
2.935,0.2521553039550781,0.2521553039550781,0.1934070587158203,0.44025,0.15000000000000568,3.7271682739257854,20.0,0.8
2.936,0.2525367736816406,0.2525367736816406,0.1758251190185547,0.44039999999999996,0.1500000000000341,3.73660443115237,20.0,0.8
2.9370000000000003,0.2525367736816406,0.2525367736816406,0.15824127197265625,0.44055000000000005,0.14999999999997726,3.7536715087890453,20.0,0.8
2.938,0.2529182434082031,0.2529182434082031,0.16703224182128906,0.44070000000000004,0.14999999999997726,3.742009338378889,20.0,0.8
2.939,0.2529182434082031,0.2529182434082031,0.1846160888671875,0.44085,0.15000000000000568,3.730942260742192,20.0,0.8
2.94,0.2532997131347656,0.2532997131347656,0.20219802856445312,0.441,0.1500000000000341,3.7122473144531525,20.0,0.8
2.9410000000000003,0.2532997131347656,0.2532997131347656,0.1846160888671875,0.44115000000000004,0.14999999999997726,3.72931286621092,20.0,0.8
2.942,0.2536811828613281,0.2536811828613281,0.20219802856445312,0.4413,0.15000000000000568,3.71061791992188,20.0,0.8
2.943,0.2536811828613281,0.2536811828613281,0.1934070587158203,0.44145,0.15000000000000568,3.720650695800786,20.0,0.8
2.944,0.2540626525878906,0.2540626525878906,0.1934070587158203,0.4416,0.15000000000000568,3.7160213012695356,20.0,0.8
2.945,0.2540626525878906,0.2540626525878906,0.1758251190185547,0.44175,0.15000000000000568,3.733086853027348,20.0,0.8
2.946,0.2544441223144531,0.2544441223144531,0.15824127197265625,0.4419,0.14999999999997726,3.7425245361327946,20.0,0.8
2.947,0.2544441223144531,0.2544441223144531,0.16703224182128906,0.44205,0.15000000000000568,3.738491760253911,20.0,0.8
2.948,0.2544441223144531,0.2544441223144531,0.1318683624267578,0.4422,0.15000000000000568,3.769622863769535,20.0,0.8
2.949,0.2548255920410156,0.2548255920410156,0.15824127197265625,0.44234999999999997,0.1500000000000341,3.7438951416015893,20.0,0.8
2.95,0.2548255920410156,0.2548255920410156,0.16703224182128906,0.4425,0.14999999999997726,3.739862365722638,20.0,0.8
2.951,0.2552070617675781,0.2552070617675781,0.16703224182128906,0.44265,0.14999999999997726,3.7352329711913876,20.0,0.8
2.952,0.2552070617675781,0.2552070617675781,0.1846160888671875,0.44279999999999997,0.15000000000000568,3.7241658935546913,20.0,0.8
2.953,0.2555885314941406,0.2555885314941406,0.1758251190185547,0.44294999999999995,0.15000000000000568,3.7265692749023476,20.0,0.8
2.954,0.2555885314941406,0.2555885314941406,0.1846160888671875,0.4431,0.15000000000000568,3.722536499023442,20.0,0.8
2.955,0.2555885314941406,0.2555885314941406,0.16703224182128906,0.44325,0.15000000000000568,3.7396035766601603,20.0,0.8
2.956,0.2559700012207031,0.2559700012207031,0.20219802856445312,0.44339999999999996,0.14999999999997726,3.7068415527343563,20.0,0.8
2.957,0.2559700012207031,0.2559700012207031,0.15824127197265625,0.44354999999999994,0.1500000000000341,3.7450069580078384,20.0,0.8
2.958,0.2563514709472656,0.2563514709472656,0.1758251190185547,0.44370000000000004,0.15000000000000568,3.726310485839849,20.0,0.8
2.959,0.2563514709472656,0.2563514709472656,0.16703224182128906,0.44385,0.15000000000000568,3.7363447875976616,20.0,0.8
2.96,0.2567329406738281,0.2567329406738281,0.15824127197265625,0.444,0.15000000000000568,3.738748168945317,20.0,0.8
2.961,0.2567329406738281,0.2567329406738281,0.14945030212402344,0.44415,0.15000000000000568,3.7487809448242233,20.0,0.8
2.962,0.2567329406738281,0.2567329406738281,0.1318683624267578,0.44430000000000003,0.14999999999997726,3.7658464965820135,20.0,0.8
2.963,0.2571144104003906,0.2571144104003906,0.1318683624267578,0.44445,0.15000000000000568,3.761217102050786,20.0,0.8
2.964,0.2571144104003906,0.2571144104003906,0.14065933227539062,0.4446,0.15000000000000568,3.7571843261718794,20.0,0.8
2.965,0.2571144104003906,0.2571144104003906,0.14065933227539062,0.44475,0.15000000000000568,3.760184326171879,20.0,0.8
2.966,0.2574958801269531,0.2574958801269531,0.14945030212402344,0.4449,0.14999999999997726,3.7485221557617012,20.0,0.8
2.967,0.2574958801269531,0.2574958801269531,0.1318683624267578,0.44505,0.15000000000000568,3.7655877075195354,20.0,0.8
2.968,0.2578773498535156,0.2578773498535156,0.14065933227539062,0.4452,0.15000000000000568,3.7539255371093794,20.0,0.8
2.969,0.2578773498535156,0.2578773498535156,0.123077392578125,0.44534999999999997,0.15000000000000568,3.7709910888671914,20.0,0.8
2.97,0.2578773498535156,0.2578773498535156,0.123077392578125,0.4455,0.14999999999997726,3.7739910888671693,20.0,0.8
2.971,0.2582588195800781,0.2582588195800781,0.123077392578125,0.44565,0.14999999999997726,3.769361694335919,20.0,0.8
2.972,0.2582588195800781,0.2582588195800781,0.11428642272949219,0.4458,0.15000000000000568,3.779394470214848,20.0,0.8
2.973,0.2582588195800781,0.2582588195800781,0.10549545288085938,0.44594999999999996,0.15000000000000568,3.7894272460937537,20.0,0.8
2.974,0.2582588195800781,0.2582588195800781,0.123077392578125,0.4461,0.15000000000000568,3.778361694335942,20.0,0.8
2.975,0.2586402893066406,0.2586402893066406,0.11428642272949219,0.44625,0.15000000000000568,3.780765075683598,20.0,0.8
2.976,0.2586402893066406,0.2586402893066406,0.1318683624267578,0.44639999999999996,0.15000000000000568,3.7696995239257847,20.0,0.8
2.977,0.2586402893066406,0.2586402893066406,0.14065933227539062,0.44654999999999995,0.15000000000000568,3.7656667480468786,20.0,0.8
2.978,0.2590217590332031,0.2590217590332031,0.14065933227539062,0.44670000000000004,0.15000000000000568,3.7610373535156305,20.0,0.8
2.979,0.2590217590332031,0.2590217590332031,0.14065933227539062,0.44685,0.14999999999997726,3.764037353515607,20.0,0.8
2.98,0.2594032287597656,0.2594032287597656,0.14945030212402344,0.447,0.15000000000000568,3.7523751831054737,20.0,0.8
2.981,0.2594032287597656,0.2594032287597656,0.14065933227539062,0.44715,0.15000000000000568,3.762407958984379,20.0,0.8
2.982,0.2594032287597656,0.2594032287597656,0.14945030212402344,0.44730000000000003,0.14999999999997726,3.7583751831054513,20.0,0.8
2.983,0.2597846984863281,0.2597846984863281,0.15824127197265625,0.44745,0.15000000000000568,3.7467130126953174,20.0,0.8
2.984,0.2597846984863281,0.2597846984863281,0.16703224182128906,0.4476,0.14999999999997726,3.742680236816388,20.0,0.8
2.985,0.2601661682128906,0.2601661682128906,0.20219802856445312,0.44775,0.15000000000000568,3.709918212890629,20.0,0.8
2.986,0.2601661682128906,0.2601661682128906,0.1934070587158203,0.4479,0.14999999999997726,3.7199509887695132,20.0,0.8
2.987,0.2605476379394531,0.2605476379394531,0.1934070587158203,0.44805,0.15000000000000568,3.715321594238286,20.0,0.8
2.988,0.2605476379394531,0.2605476379394531,0.20219802856445312,0.4482,0.15000000000000568,3.711288818359379,20.0,0.8
2.989,0.2609291076660156,0.2609291076660156,0.15824127197265625,0.44834999999999997,0.15000000000000568,3.7418248291015668,20.0,0.8
2.99,0.2609291076660156,0.2609291076660156,0.1758251190185547,0.4485,0.14999999999997726,3.7307577514648256,20.0,0.8
2.991,0.2613105773925781,0.2613105773925781,0.21098899841308594,0.44865,0.15000000000000568,3.6979972534179733,20.0,0.8
2.992,0.2613105773925781,0.2613105773925781,0.22857093811035156,0.4488,0.15000000000000568,3.68693170166016,20.0,0.8
2.993,0.2616920471191406,0.2616920471191406,0.2549457550048828,0.44894999999999996,0.15000000000000568,3.661202453613285,20.0,0.8
2.994,0.2620735168457031,0.2620735168457031,0.21977996826171875,0.4491,0.14999999999997726,3.6847056884765443,20.0,0.8
2.995,0.2620735168457031,0.2620735168457031,0.21098899841308594,0.44925,0.15000000000000568,3.694738464355473,20.0,0.8
2.996,0.2624549865722656,0.2624549865722656,0.24615478515625,0.44939999999999997,0.15000000000000568,3.6619764404296915,20.0,0.8
2.997,0.2624549865722656,0.2624549865722656,0.1846160888671875,0.44954999999999995,0.1500000000000341,3.7142073974609637,20.0,0.8
2.998,0.2628364562988281,0.2628364562988281,0.1846160888671875,0.44970000000000004,0.15000000000000568,3.7095780029296925,20.0,0.8
2.999,0.2628364562988281,0.2628364562988281,0.15824127197265625,0.44985,0.14999999999997726,3.7336778564452953,20.0,0.8
3.0,0.2632179260253906,0.2632179260253906,0.15824127197265625,0.44999999999999996,0.14999999999997726,3.7290484619140436,20.0,0.8
3.001,0.2632179260253906,0.2632179260253906,0.14945030212402344,0.45014999999999994,0.15000000000006253,3.7390812377930174,20.0,0.8
3.0020000000000002,0.2632179260253906,0.2632179260253906,0.1846160888671875,0.45030000000000003,0.15000000000000568,3.7139486083984425,20.0,0.8
3.003,0.2635993957519531,0.2635993957519531,0.1318683624267578,0.45045,0.15000000000000568,3.751517395019536,20.0,0.8
3.004,0.2635993957519531,0.2635993957519531,0.15824127197265625,0.4506,0.15000000000000568,3.733419067382817,20.0,0.8
3.005,0.2639808654785156,0.2639808654785156,0.14945030212402344,0.45075,0.15000000000000568,3.735822448730473,20.0,0.8
3.0060000000000002,0.2639808654785156,0.2639808654785156,0.14065933227539062,0.4509,0.15000000000000568,3.74585522460938,20.0,0.8
3.007,0.2639808654785156,0.2639808654785156,0.14945030212402344,0.45105,0.14999999999997726,3.7418224487304506,20.0,0.8
3.008,0.2643623352050781,0.2643623352050781,0.14065933227539062,0.4512,0.15000000000000568,3.7442258300781295,20.0,0.8
3.009,0.2643623352050781,0.2643623352050781,0.14945030212402344,0.45135,0.15000000000000568,3.7401930541992225,20.0,0.8
3.0100000000000002,0.2643623352050781,0.2643623352050781,0.14945030212402344,0.4515,0.14999999999997726,3.743193054199201,20.0,0.8
3.011,0.2647438049316406,0.2647438049316406,0.14065933227539062,0.45165,0.15000000000000568,3.7455964355468794,20.0,0.8
3.012,0.2647438049316406,0.2647438049316406,0.15824127197265625,0.4518,0.14999999999997726,3.734530883789044,20.0,0.8
3.013,0.2651252746582031,0.2651252746582031,0.123077392578125,0.45194999999999996,0.15000000000000568,3.7580325927734415,20.0,0.8
3.0140000000000002,0.2651252746582031,0.2651252746582031,0.123077392578125,0.4521,0.14999999999997726,3.761032592773419,20.0,0.8
3.015,0.2651252746582031,0.2651252746582031,0.123077392578125,0.45225,0.15000000000000568,3.764032592773442,20.0,0.8
3.016,0.2655067443847656,0.2655067443847656,0.1318683624267578,0.45239999999999997,0.15000000000000568,3.7523704223632848,20.0,0.8
3.017,0.2655067443847656,0.2655067443847656,0.15824127197265625,0.45254999999999995,0.15000000000000568,3.7342720947265664,20.0,0.8
3.0180000000000002,0.2655067443847656,0.2655067443847656,0.14065933227539062,0.4527,0.15000000000000568,3.7513376464843793,20.0,0.8
3.019,0.2658882141113281,0.2658882141113281,0.14945030212402344,0.45285,0.15000000000000568,3.739675476074223,20.0,0.8
3.02,0.2658882141113281,0.2658882141113281,0.1318683624267578,0.45299999999999996,0.15000000000000568,3.756741027832035,20.0,0.8
3.021,0.2658882141113281,0.2658882141113281,0.15824127197265625,0.45314999999999994,0.15000000000000568,3.738642700195316,20.0,0.8
3.0220000000000002,0.2662696838378906,0.2662696838378906,0.14945030212402344,0.45330000000000004,0.15000000000000568,3.741046081542974,20.0,0.8
3.023,0.2662696838378906,0.2662696838378906,0.14945030212402344,0.45345,0.15000000000000568,3.7440460815429737,20.0,0.8
3.024,0.2666511535644531,0.2666511535644531,0.1318683624267578,0.4536,0.15000000000000568,3.7534822387695357,20.0,0.8
3.025,0.2666511535644531,0.2666511535644531,0.1318683624267578,0.45375,0.15000000000000568,3.7564822387695354,20.0,0.8
3.0260000000000002,0.2666511535644531,0.2666511535644531,0.123077392578125,0.4539,0.15000000000000568,3.7665150146484425,20.0,0.8
3.027,0.2670326232910156,0.2670326232910156,0.14065933227539062,0.45405,0.14999999999997726,3.747820068359357,20.0,0.8
3.028,0.2670326232910156,0.2670326232910156,0.14945030212402344,0.4542,0.15000000000000568,3.743787292480473,20.0,0.8
3.029,0.2670326232910156,0.2670326232910156,0.14065933227539062,0.45435,0.14999999999997726,3.7538200683593566,20.0,0.8
3.0300000000000002,0.2674140930175781,0.2674140930175781,0.15824127197265625,0.4545,0.14999999999994884,3.7351251220702717,20.0,0.8
3.031,0.2674140930175781,0.2674140930175781,0.1318683624267578,0.45465,0.15000000000000568,3.7592234497070356,20.0,0.8
3.032,0.2677955627441406,0.2677955627441406,0.14065933227539062,0.4548,0.15000000000000568,3.747561279296879,20.0,0.8
3.033,0.2677955627441406,0.2677955627441406,0.14065933227539062,0.45494999999999997,0.1500000000000341,3.7505612792969014,20.0,0.8
3.0340000000000003,0.2677955627441406,0.2677955627441406,0.1318683624267578,0.4551,0.14999999999997726,3.7605940551757633,20.0,0.8
3.035,0.2681770324707031,0.2681770324707031,0.14065933227539062,0.45525,0.14999999999997726,3.7489318847656063,20.0,0.8
3.036,0.2681770324707031,0.2681770324707031,0.15824127197265625,0.45539999999999997,0.15000000000000568,3.737866333007817,20.0,0.8
3.037,0.2681770324707031,0.2681770324707031,0.14945030212402344,0.45554999999999995,0.15000000000000568,3.747899108886722,20.0,0.8
3.0380000000000003,0.2685585021972656,0.2685585021972656,0.14945030212402344,0.4557,0.14999999999997726,3.7432697143554505,20.0,0.8
3.039,0.2685585021972656,0.2685585021972656,0.1758251190185547,0.45585,0.15000000000000568,3.725169860839848,20.0,0.8
3.04,0.2689399719238281,0.2689399719238281,0.14945030212402344,0.45599999999999996,0.14999999999997726,3.7416403198242,20.0,0.8
3.041,0.2689399719238281,0.2689399719238281,0.15824127197265625,0.45614999999999994,0.1500000000000341,3.7376075439453387,20.0,0.8
3.0420000000000003,0.2689399719238281,0.2689399719238281,0.1318683624267578,0.45630000000000004,0.15000000000000568,3.7617058715820364,20.0,0.8
3.043,0.2693214416503906,0.2693214416503906,0.1318683624267578,0.45645,0.15000000000000568,3.757076477050786,20.0,0.8
3.044,0.2693214416503906,0.2693214416503906,0.1758251190185547,0.4566,0.15000000000000568,3.7249110717773486,20.0,0.8
3.045,0.2697029113769531,0.2697029113769531,0.1758251190185547,0.45675,0.1500000000000341,3.720281677246121,20.0,0.8
3.0460000000000003,0.2697029113769531,0.2697029113769531,0.21098899841308594,0.45690000000000003,0.14999999999997726,3.6951505737304515,20.0,0.8
3.047,0.2700843811035156,0.2700843811035156,0.1934070587158203,0.45705,0.15000000000000568,3.7045867309570357,20.0,0.8
3.048,0.2700843811035156,0.2700843811035156,0.22857093811035156,0.4572,0.15000000000000568,3.6794556274414107,20.0,0.8
3.049,0.2704658508300781,0.2704658508300781,0.20219802856445312,0.45735,0.15000000000000568,3.695924560546879,20.0,0.8
3.0500000000000003,0.2704658508300781,0.2704658508300781,0.21098899841308594,0.4575,0.15000000000000568,3.6918917846679737,20.0,0.8
3.051,0.2708473205566406,0.2708473205566406,0.1934070587158203,0.45765,0.15000000000000568,3.7013279418945357,20.0,0.8
3.052,0.2708473205566406,0.2708473205566406,0.1758251190185547,0.4578,0.15000000000000568,3.718393493652348,20.0,0.8
3.053,0.2712287902832031,0.2712287902832031,0.1846160888671875,0.45794999999999997,0.15000000000000568,3.7067313232421912,20.0,0.8
3.0540000000000003,0.2712287902832031,0.2712287902832031,0.1846160888671875,0.4581,0.14999999999997726,3.709731323242169,20.0,0.8
3.055,0.2716102600097656,0.2716102600097656,0.1846160888671875,0.45825,0.14999999999997726,3.7051019287109193,20.0,0.8
3.056,0.2716102600097656,0.2716102600097656,0.1846160888671875,0.4584,0.15000000000000568,3.708101928710941,20.0,0.8
3.057,0.2719917297363281,0.2719917297363281,0.1758251190185547,0.45854999999999996,0.15000000000000568,3.710505310058598,20.0,0.8
3.0580000000000003,0.2719917297363281,0.2719917297363281,0.15824127197265625,0.4587,0.14999999999997726,3.7275723876952944,20.0,0.8
3.059,0.2723731994628906,0.2723731994628906,0.15824127197265625,0.45885,0.15000000000000568,3.7229429931640667,20.0,0.8
3.06,0.2723731994628906,0.2723731994628906,0.14065933227539062,0.45899999999999996,0.14999999999997726,3.740008544921856,20.0,0.8
3.061,0.2723731994628906,0.2723731994628906,0.16703224182128906,0.45914999999999995,0.1500000000000341,3.7219102172851826,20.0,0.8
3.0620000000000003,0.2727546691894531,0.2727546691894531,0.1318683624267578,0.45930000000000004,0.15000000000000568,3.7454119262695365,20.0,0.8
3.063,0.2727546691894531,0.2727546691894531,0.14945030212402344,0.45945,0.14999999999997726,3.734346374511701,20.0,0.8
3.064,0.2727546691894531,0.2727546691894531,0.1318683624267578,0.4596,0.15000000000000568,3.751411926269536,20.0,0.8
3.065,0.2731361389160156,0.2731361389160156,0.123077392578125,0.45975,0.15000000000000568,3.753815307617192,20.0,0.8
3.0660000000000003,0.2731361389160156,0.2731361389160156,0.123077392578125,0.45990000000000003,0.14999999999997726,3.7568153076171695,20.0,0.8
3.067,0.2731361389160156,0.2731361389160156,0.11428642272949219,0.46005,0.15000000000000568,3.766848083496099,20.0,0.8
3.068,0.2735176086425781,0.2735176086425781,0.09670257568359375,0.4602,0.14999999999997726,3.776285766601544,20.0,0.8
3.069,0.2735176086425781,0.2735176086425781,0.10549545288085938,0.46035,0.15000000000000568,3.7722514648437544,20.0,0.8
3.0700000000000003,0.2735176086425781,0.2735176086425781,0.09670257568359375,0.4605,0.15000000000000568,3.7822857666015675,20.0,0.8
3.071,0.2735176086425781,0.2735176086425781,0.10549545288085938,0.46065,0.15000000000000568,3.7782514648437546,20.0,0.8
3.072,0.2738990783691406,0.2738990783691406,0.10549545288085938,0.4608,0.15000000000000568,3.7736220703125043,20.0,0.8
3.073,0.2738990783691406,0.2738990783691406,0.09670257568359375,0.46094999999999997,0.14999999999997726,3.783656372070294,20.0,0.8
3.074,0.2738990783691406,0.2738990783691406,0.10549545288085938,0.46109999999999995,0.15000000000000568,3.7796220703125036,20.0,0.8
3.075,0.2738990783691406,0.2738990783691406,0.123077392578125,0.46125,0.14999999999997726,3.7685565185546688,20.0,0.8
3.076,0.2742805480957031,0.2742805480957031,0.11428642272949219,0.4614,0.15000000000000568,3.770959899902348,20.0,0.8
3.077,0.2742805480957031,0.2742805480957031,0.10549545288085938,0.46154999999999996,0.15000000000000568,3.7809926757812535,20.0,0.8
3.078,0.2742805480957031,0.2742805480957031,0.1318683624267578,0.46169999999999994,0.15000000000000568,3.7628943481445347,20.0,0.8
3.079,0.2746620178222656,0.2746620178222656,0.123077392578125,0.46185,0.14999999999997726,3.765297729492169,20.0,0.8
3.08,0.2746620178222656,0.2746620178222656,0.11428642272949219,0.46199999999999997,0.15000000000000568,3.7753305053710977,20.0,0.8
3.081,0.2746620178222656,0.2746620178222656,0.11428642272949219,0.46214999999999995,0.15000000000000568,3.7783305053710974,20.0,0.8
3.082,0.2750434875488281,0.2750434875488281,0.11428642272949219,0.46229999999999993,0.1500000000000341,3.7737011108398697,20.0,0.8
3.083,0.2750434875488281,0.2750434875488281,0.11428642272949219,0.46245,0.15000000000000568,3.776701110839849,20.0,0.8
3.084,0.2750434875488281,0.2750434875488281,0.1318683624267578,0.4626,0.15000000000000568,3.765635559082036,20.0,0.8
3.085,0.2754249572753906,0.2754249572753906,0.123077392578125,0.46275,0.15000000000000568,3.768038940429692,20.0,0.8
3.086,0.2754249572753906,0.2754249572753906,0.14065933227539062,0.4629,0.1500000000000341,3.7569733886719017,20.0,0.8
3.087,0.2754249572753906,0.2754249572753906,0.14065933227539062,0.46305,0.14999999999997726,3.759973388671857,20.0,0.8
3.088,0.2758064270019531,0.2758064270019531,0.1318683624267578,0.4632,0.15000000000000568,3.762376770019536,20.0,0.8
3.089,0.2758064270019531,0.2758064270019531,0.14065933227539062,0.46335,0.15000000000000568,3.758343994140629,20.0,0.8
3.09,0.2758064270019531,0.2758064270019531,0.1318683624267578,0.46349999999999997,0.15000000000000568,3.768376770019535,20.0,0.8
3.091,0.2761878967285156,0.2761878967285156,0.14065933227539062,0.46365,0.14999999999997726,3.756714599609357,20.0,0.8
3.092,0.2761878967285156,0.2761878967285156,0.1318683624267578,0.4638,0.15000000000000568,3.7667473754882854,20.0,0.8
3.093,0.2761878967285156,0.2761878967285156,0.14065933227539062,0.46395,0.15000000000000568,3.762714599609379,20.0,0.8
3.094,0.2765693664550781,0.2765693664550781,0.14065933227539062,0.46409999999999996,0.1500000000000341,3.7580852050781512,20.0,0.8
3.095,0.2765693664550781,0.2765693664550781,0.14945030212402344,0.46425,0.14999999999997726,3.754052429199201,20.0,0.8
3.096,0.2769508361816406,0.2769508361816406,0.14065933227539062,0.4644,0.14999999999997726,3.756455810546856,20.0,0.8
3.097,0.2769508361816406,0.2769508361816406,0.14065933227539062,0.46454999999999996,0.15000000000000568,3.759455810546879,20.0,0.8
3.098,0.2769508361816406,0.2769508361816406,0.14065933227539062,0.46469999999999995,0.15000000000000568,3.762455810546878,20.0,0.8
3.099,0.2773323059082031,0.2773323059082031,0.1318683624267578,0.46485,0.14999999999997726,3.7648591918945127,20.0,0.8
3.1,0.2773323059082031,0.2773323059082031,0.1318683624267578,0.46499999999999997,0.15000000000000568,3.767859191894535,20.0,0.8
3.101,0.2773323059082031,0.2773323059082031,0.10549545288085938,0.46514999999999995,0.14999999999997726,3.791957519531231,20.0,0.8
3.102,0.2777137756347656,0.2777137756347656,0.123077392578125,0.46529999999999994,0.1500000000000341,3.7732625732422136,20.0,0.8
3.103,0.2777137756347656,0.2777137756347656,0.1318683624267578,0.46545000000000003,0.15000000000000568,3.7692297973632862,20.0,0.8
3.104,0.2777137756347656,0.2777137756347656,0.14945030212402344,0.4656,0.15000000000000568,3.7581642456054736,20.0,0.8
3.105,0.2780952453613281,0.2780952453613281,0.1758251190185547,0.46575,0.15000000000000568,3.7324349975585984,20.0,0.8
3.106,0.2780952453613281,0.2780952453613281,0.1758251190185547,0.4659,0.15000000000000568,3.735434997558598,20.0,0.8
3.107,0.2784767150878906,0.2784767150878906,0.1758251190185547,0.46605,0.14999999999997726,3.730805603027326,20.0,0.8
3.108,0.2784767150878906,0.2784767150878906,0.1934070587158203,0.4662,0.15000000000000568,3.7197400512695356,20.0,0.8
3.109,0.2788581848144531,0.2788581848144531,0.16703224182128906,0.46635,0.15000000000000568,3.736210510253911,20.0,0.8
3.11,0.2788581848144531,0.2788581848144531,0.16703224182128906,0.46649999999999997,0.15000000000000568,3.73921051025391,20.0,0.8
3.111,0.2792396545410156,0.2792396545410156,0.1758251190185547,0.46665,0.15000000000000568,3.7275468139648487,20.0,0.8
3.112,0.2792396545410156,0.2792396545410156,0.123077392578125,0.4668,0.15000000000000568,3.772744995117192,20.0,0.8
3.113,0.2792396545410156,0.2792396545410156,0.14945030212402344,0.46695,0.15000000000000568,3.754646667480473,20.0,0.8
3.114,0.2796211242675781,0.2796211242675781,0.14945030212402344,0.46709999999999996,0.14999999999997726,3.7500172729492,20.0,0.8
3.115,0.2796211242675781,0.2796211242675781,0.1318683624267578,0.46725,0.14999999999997726,3.7670828247070127,20.0,0.8
3.116,0.2796211242675781,0.2796211242675781,0.14945030212402344,0.4674,0.14999999999997726,3.7560172729492005,20.0,0.8
3.117,0.2800025939941406,0.2800025939941406,0.14945030212402344,0.46754999999999997,0.15000000000000568,3.7513878784179724,20.0,0.8
3.118,0.2800025939941406,0.2800025939941406,0.1318683624267578,0.46769999999999995,0.15000000000000568,3.768453430175785,20.0,0.8
3.119,0.2800025939941406,0.2800025939941406,0.14065933227539062,0.46785,0.15000000000000568,3.764420654296879,20.0,0.8
3.12,0.2803840637207031,0.2803840637207031,0.1318683624267578,0.46799999999999997,0.15000000000000568,3.766824035644535,20.0,0.8
3.121,0.2803840637207031,0.2803840637207031,0.123077392578125,0.46814999999999996,0.15000000000000568,3.7768568115234413,20.0,0.8
3.122,0.2807655334472656,0.2807655334472656,0.14065933227539062,0.46829999999999994,0.15000000000000568,3.7581618652343782,20.0,0.8
3.123,0.2807655334472656,0.2807655334472656,0.14065933227539062,0.46845000000000003,0.14999999999997726,3.7611618652343575,20.0,0.8
3.124,0.2807655334472656,0.2807655334472656,0.10549545288085938,0.4686,0.14999999999997726,3.7922929687499822,20.0,0.8
3.125,0.2811470031738281,0.2811470031738281,0.1318683624267578,0.46875,0.15000000000000568,3.7665652465820356,20.0,0.8
3.126,0.2811470031738281,0.2811470031738281,0.1318683624267578,0.4689,0.1500000000000341,3.7695652465820584,20.0,0.8
3.1270000000000002,0.2811470031738281,0.2811470031738281,0.123077392578125,0.46905,0.14999999999997726,3.7795980224609194,20.0,0.8
3.128,0.2811470031738281,0.2811470031738281,0.123077392578125,0.4692,0.15000000000000568,3.7825980224609426,20.0,0.8
3.129,0.28152942657470703,0.28152942657470703,0.10549545288085938,0.46935,0.14999999999997726,3.7920151062011533,20.0,0.8
3.13,0.28152942657470703,0.28152942657470703,0.09670257568359375,0.4695,0.15000000000000568,3.8020494079589886,20.0,0.8
3.1310000000000002,0.28152942657470703,0.28152942657470703,0.08791160583496094,0.46965,0.14999999999997726,3.8120821838378727,20.0,0.8
3.132,0.28191089630126953,0.28191089630126953,0.09670257568359375,0.4698,0.15000000000000568,3.800420013427739,20.0,0.8
3.133,0.28191089630126953,0.28191089630126953,0.08791160583496094,0.46995,0.15000000000000568,3.8104527893066447,20.0,0.8
3.134,0.28191089630126953,0.28191089630126953,0.08791160583496094,0.47009999999999996,0.15000000000000568,3.8134527893066443,20.0,0.8
3.1350000000000002,0.28191089630126953,0.28191089630126953,0.08791160583496094,0.47025,0.14999999999997726,3.8164527893066227,20.0,0.8
3.136,0.28191089630126953,0.28191089630126953,0.07912063598632812,0.4704,0.15000000000000568,3.8264855651855507,20.0,0.8
3.137,0.28229236602783203,0.28229236602783203,0.08791160583496094,0.47054999999999997,0.15000000000000568,3.8148233947753947,20.0,0.8
3.138,0.28229236602783203,0.28229236602783203,0.07912063598632812,0.47069999999999995,0.1500000000000341,3.824856170654323,20.0,0.8
3.1390000000000002,0.28229236602783203,0.28229236602783203,0.08791160583496094,0.47085,0.14999999999997726,3.8208233947753723,20.0,0.8
3.14,0.28229236602783203,0.28229236602783203,0.10549545288085938,0.471,0.15000000000000568,3.809756317138676,20.0,0.8
3.141,0.28267383575439453,0.28267383575439453,0.08791160583496094,0.47114999999999996,0.15000000000000568,3.8191940002441442,20.0,0.8
3.142,0.28267383575439453,0.28267383575439453,0.09670257568359375,0.47129999999999994,0.1500000000000341,3.8151612243652604,20.0,0.8
3.1430000000000002,0.28267383575439453,0.28267383575439453,0.09670257568359375,0.47145000000000004,0.15000000000000568,3.8181612243652396,20.0,0.8
3.144,0.28267383575439453,0.28267383575439453,0.09670257568359375,0.4716,0.15000000000000568,3.8211612243652393,20.0,0.8
3.145,0.28305530548095703,0.28305530548095703,0.09670257568359375,0.47175,0.15000000000000568,3.816531829833989,20.0,0.8
3.146,0.28305530548095703,0.28305530548095703,0.09670257568359375,0.4719,0.15000000000000568,3.8195318298339886,20.0,0.8
3.1470000000000002,0.28305530548095703,0.28305530548095703,0.09670257568359375,0.47205,0.14999999999997726,3.822531829833967,20.0,0.8
3.148,0.28305530548095703,0.28305530548095703,0.08791160583496094,0.4722,0.15000000000000568,3.832564605712895,20.0,0.8
3.149,0.28343677520751953,0.28343677520751953,0.08791160583496094,0.47235,0.15000000000000568,3.827935211181645,20.0,0.8
3.15,0.28343677520751953,0.28343677520751953,0.09670257568359375,0.4725,0.15000000000000568,3.823902435302738,20.0,0.8
3.1510000000000002,0.28343677520751953,0.28343677520751953,0.10549545288085938,0.47265,0.14999999999997726,3.819868133544904,20.0,0.8
3.152,0.28343677520751953,0.28343677520751953,0.10549545288085938,0.4728,0.14999999999997726,3.8228681335449037,20.0,0.8
3.153,0.28381824493408203,0.28381824493408203,0.10549545288085938,0.47295,0.15000000000000568,3.818238739013676,20.0,0.8
3.154,0.28381824493408203,0.28381824493408203,0.11428642272949219,0.47309999999999997,0.15000000000000568,3.8142059631347696,20.0,0.8
3.1550000000000002,0.28381824493408203,0.28381824493408203,0.11428642272949219,0.47325,0.14999999999997726,3.8172059631347475,20.0,0.8
3.156,0.28419971466064453,0.28419971466064453,0.123077392578125,0.4734,0.15000000000000568,3.805543792724614,20.0,0.8
3.157,0.28419971466064453,0.28419971466064453,0.10549545288085938,0.47354999999999997,0.14999999999997726,3.822609344482403,20.0,0.8
3.158,0.28419971466064453,0.28419971466064453,0.09670257568359375,0.47369999999999995,0.15000000000000568,3.8326436462402382,20.0,0.8
3.1590000000000003,0.28419971466064453,0.28419971466064453,0.09670257568359375,0.47385,0.14999999999997726,3.835643646240216,20.0,0.8
3.16,0.28458118438720703,0.28458118438720703,0.08791160583496094,0.474,0.15000000000000568,3.8380470275878946,20.0,0.8
3.161,0.28458118438720703,0.28458118438720703,0.09670257568359375,0.47414999999999996,0.15000000000000568,3.834014251708988,20.0,0.8
3.162,0.28458118438720703,0.28458118438720703,0.10549545288085938,0.47429999999999994,0.1500000000000341,3.829979949951198,20.0,0.8
3.1630000000000003,0.28458118438720703,0.28458118438720703,0.08791160583496094,0.47445000000000004,0.1500000000000341,3.8470470275879185,20.0,0.8
3.164,0.28458118438720703,0.28458118438720703,0.09670257568359375,0.4746,0.15000000000000568,3.8430142517089894,20.0,0.8
3.165,0.28496265411376953,0.28496265411376953,0.08791160583496094,0.47475,0.15000000000000568,3.845417633056645,20.0,0.8
3.166,0.28496265411376953,0.28496265411376953,0.10549545288085938,0.4749,0.14999999999997726,3.8343505554199036,20.0,0.8
3.1670000000000003,0.28496265411376953,0.28496265411376953,0.09670257568359375,0.47505000000000003,0.14999999999997726,3.8443848571777166,20.0,0.8
3.168,0.28534412384033203,0.28534412384033203,0.11428642272949219,0.4752,0.15000000000000568,3.8256883850097707,20.0,0.8
3.169,0.28534412384033203,0.28534412384033203,0.10549545288085938,0.47535,0.15000000000000568,3.835721160888676,20.0,0.8
3.17,0.28534412384033203,0.28534412384033203,0.11428642272949219,0.4755,0.15000000000000568,3.83168838500977,20.0,0.8
3.1710000000000003,0.28534412384033203,0.28534412384033203,0.09670257568359375,0.47565,0.14999999999997726,3.8487554626464666,20.0,0.8
3.172,0.28572559356689453,0.28572559356689453,0.10549545288085938,0.4758,0.14999999999997726,3.837091766357404,20.0,0.8
3.173,0.28572559356689453,0.28572559356689453,0.10549545288085938,0.47595,0.15000000000000568,3.840091766357426,20.0,0.8
3.174,0.28572559356689453,0.28572559356689453,0.07912063598632812,0.47609999999999997,0.15000000000000568,3.8641916198730506,20.0,0.8
3.1750000000000003,0.28572559356689453,0.28572559356689453,0.10549545288085938,0.47625,0.14999999999997726,3.846091766357404,20.0,0.8
3.176,0.28610706329345703,0.28610706329345703,0.123077392578125,0.4764,0.15000000000000568,3.8273968200683637,20.0,0.8
3.177,0.28610706329345703,0.28610706329345703,0.123077392578125,0.47655,0.15000000000000568,3.830396820068364,20.0,0.8
3.178,0.28610706329345703,0.28610706329345703,0.1318683624267578,0.47669999999999996,0.15000000000000568,3.8263640441894564,20.0,0.8
3.1790000000000003,0.28648853302001953,0.28648853302001953,0.14065933227539062,0.47685,0.14999999999997726,3.8147018737792786,20.0,0.8
3.18,0.28648853302001953,0.28648853302001953,0.1758251190185547,0.477,0.14999999999997726,3.789569244384747,20.0,0.8
3.181,0.28687000274658203,0.28687000274658203,0.15824127197265625,0.47714999999999996,0.15000000000000568,3.7990069274902383,20.0,0.8
3.182,0.28687000274658203,0.28687000274658203,0.14065933227539062,0.47729999999999995,0.15000000000006253,3.816072479248096,20.0,0.8
3.1830000000000003,0.28687000274658203,0.28687000274658203,0.15824127197265625,0.47745000000000004,0.15000000000000568,3.80500692749024,20.0,0.8
3.184,0.28725147247314453,0.28725147247314453,0.1318683624267578,0.4776,0.15000000000000568,3.821475860595708,20.0,0.8
3.185,0.28725147247314453,0.28725147247314453,0.1318683624267578,0.47775,0.14999999999997726,3.824475860595685,20.0,0.8
3.186,0.28725147247314453,0.28725147247314453,0.09670257568359375,0.4779,0.15000000000000568,3.8556084899902388,20.0,0.8
3.1870000000000003,0.28763294219970703,0.28763294219970703,0.11428642272949219,0.47805000000000003,0.14999999999997726,3.8369120178222484,20.0,0.8
3.188,0.28763294219970703,0.28763294219970703,0.08791160583496094,0.4782,0.15000000000000568,3.861011871337895,20.0,0.8
3.189,0.28763294219970703,0.28763294219970703,0.07032966613769531,0.47835,0.15000000000000568,3.878077423095708,20.0,0.8
3.19,0.28763294219970703,0.28763294219970703,0.08791160583496094,0.4785,0.1500000000000341,3.867011871337917,20.0,0.8
3.1910000000000003,0.28763294219970703,0.28763294219970703,0.07032966613769531,0.47865,0.14999999999997726,3.884077423095685,20.0,0.8
3.192,0.28801441192626953,0.28801441192626953,0.07032966613769531,0.4788,0.15000000000000568,3.879448028564458,20.0,0.8
3.193,0.28801441192626953,0.28801441192626953,0.07912063598632812,0.47895,0.15000000000000568,3.875415252685551,20.0,0.8
3.194,0.28801441192626953,0.28801441192626953,0.07912063598632812,0.47909999999999997,0.15000000000000568,3.8784152526855507,20.0,0.8
3.1950000000000003,0.28801441192626953,0.28801441192626953,0.08791160583496094,0.47925,0.14999999999997726,3.8743824768066224,20.0,0.8
3.196,0.28801441192626953,0.28801441192626953,0.08791160583496094,0.4794,0.15000000000000568,3.877382476806645,20.0,0.8
3.197,0.28839588165283203,0.28839588165283203,0.08791160583496094,0.47955,0.15000000000000568,3.8727530822753944,20.0,0.8
3.198,0.28839588165283203,0.28839588165283203,0.09670257568359375,0.47969999999999996,0.15000000000000568,3.8687203063964883,20.0,0.8
3.1990000000000003,0.28839588165283203,0.28839588165283203,0.09670257568359375,0.47985,0.14999999999997726,3.8717203063964662,20.0,0.8
3.2,0.28839588165283203,0.28839588165283203,0.08791160583496094,0.48,0.14999999999997726,3.881753082275372,20.0,0.8
3.201,0.28877735137939453,0.28877735137939453,0.09670257568359375,0.48014999999999997,0.15000000000000568,3.8700909118652382,20.0,0.8
3.202,0.28877735137939453,0.28877735137939453,0.07912063598632812,0.48029999999999995,0.15000000000000568,3.8871564636230502,20.0,0.8
3.203,0.28877735137939453,0.28877735137939453,0.08791160583496094,0.48044999999999993,0.1500000000000341,3.8831236877441664,20.0,0.8
3.204,0.28877735137939453,0.28877735137939453,0.0615386962890625,0.4806,0.1500000000000341,3.907222015380887,20.0,0.8
3.205,0.28877735137939453,0.28877735137939453,0.07032966613769531,0.48075,0.15000000000000568,3.903189239501958,20.0,0.8
3.206,0.28915882110595703,0.28915882110595703,0.07032966613769531,0.4809,0.15000000000000568,3.8985598449707077,20.0,0.8
3.207,0.28915882110595703,0.28915882110595703,0.07032966613769531,0.48105,0.14999999999997726,3.9015598449706843,20.0,0.8
3.208,0.28915882110595703,0.28915882110595703,0.0615386962890625,0.4812,0.14999999999997726,3.911592620849592,20.0,0.8
3.209,0.28915882110595703,0.28915882110595703,0.05274772644042969,0.48135,0.15000000000000568,3.92162539672852,20.0,0.8
3.21,0.28915882110595703,0.28915882110595703,0.07912063598632812,0.4815,0.15000000000000568,3.903527069091801,20.0,0.8
3.211,0.28915882110595703,0.28915882110595703,0.07032966613769531,0.48164999999999997,0.15000000000000568,3.913559844970707,20.0,0.8
3.212,0.28954029083251953,0.28954029083251953,0.07032966613769531,0.4818,0.15000000000000568,3.908930450439458,20.0,0.8
3.213,0.28954029083251953,0.28954029083251953,0.07032966613769531,0.48195,0.14999999999997726,3.9119304504394345,20.0,0.8
3.214,0.28954029083251953,0.28954029083251953,0.08791160583496094,0.4821,0.15000000000000568,3.9008648986816445,20.0,0.8
3.215,0.28954029083251953,0.28954029083251953,0.09670257568359375,0.48224999999999996,0.14999999999997726,3.8968321228027154,20.0,0.8
3.216,0.28954029083251953,0.28954029083251953,0.07032966613769531,0.4824,0.14999999999997726,3.9209304504394344,20.0,0.8
3.217,0.28992176055908203,0.28992176055908203,0.07032966613769531,0.48255,0.15000000000000568,3.9163010559082077,20.0,0.8
3.218,0.28992176055908203,0.28992176055908203,0.07912063598632812,0.48269999999999996,0.14999999999997726,3.9122682800292776,20.0,0.8
3.219,0.28992176055908203,0.28992176055908203,0.07032966613769531,0.48284999999999995,0.1500000000000341,3.9223010559082296,20.0,0.8
3.22,0.28992176055908203,0.28992176055908203,0.043956756591796875,0.483,0.14999999999997726,3.9463993835449034,20.0,0.8
3.221,0.28992176055908203,0.28992176055908203,0.07032966613769531,0.48314999999999997,0.15000000000000568,3.928301055908207,20.0,0.8
3.222,0.28992176055908203,0.28992176055908203,0.043956756591796875,0.48329999999999995,0.15000000000000568,3.9523993835449254,20.0,0.8
3.223,0.29030323028564453,0.29030323028564453,0.0615386962890625,0.48344999999999994,0.15000000000006253,3.933704437255908,20.0,0.8
3.224,0.29030323028564453,0.29030323028564453,0.05274772644042969,0.48360000000000003,0.15000000000000568,3.9437372131347708,20.0,0.8
3.225,0.29030323028564453,0.29030323028564453,0.03516578674316406,0.48375,0.15000000000000568,3.9608027648925828,20.0,0.8
3.226,0.29030323028564453,0.29030323028564453,0.03516578674316406,0.4839,0.15000000000000568,3.9638027648925824,20.0,0.8
3.227,0.29030323028564453,0.29030323028564453,0.043956756591796875,0.48405,0.15000000000000568,3.959769989013676,20.0,0.8
3.228,0.29030323028564453,0.29030323028564453,0.043956756591796875,0.4842,0.14999999999997726,3.962769989013654,20.0,0.8
3.229,0.29030323028564453,0.29030323028564453,0.0615386962890625,0.48435,0.15000000000000568,3.9517044372558643,20.0,0.8
3.23,0.29030323028564453,0.29030323028564453,0.026372909545898438,0.4845,0.15000000000000568,3.9828370666503945,20.0,0.8
3.231,0.29030323028564453,0.29030323028564453,0.0615386962890625,0.48464999999999997,0.1500000000000341,3.9577044372558863,20.0,0.8
3.232,0.29068470001220703,0.29068470001220703,0.03516578674316406,0.4848,0.14999999999997726,3.97417337036131,20.0,0.8
3.233,0.29068470001220703,0.29068470001220703,0.0615386962890625,0.48495,0.15000000000000568,3.956075042724614,20.0,0.8
3.234,0.29068470001220703,0.29068470001220703,0.05274772644042969,0.4851,0.15000000000000568,3.9661078186035197,20.0,0.8
3.235,0.29068470001220703,0.29068470001220703,0.05274772644042969,0.48524999999999996,0.15000000000000568,3.9691078186035194,20.0,0.8
3.236,0.29068470001220703,0.29068470001220703,0.0615386962890625,0.4854,0.14999999999997726,3.9650750427245915,20.0,0.8
3.237,0.29068470001220703,0.29068470001220703,0.07032966613769531,0.48555,0.15000000000000568,3.9610422668457073,20.0,0.8
3.238,0.29106616973876953,0.29106616973876953,0.0615386962890625,0.48569999999999997,0.15000000000000568,3.9634456481933635,20.0,0.8
3.239,0.29106616973876953,0.29106616973876953,0.0615386962890625,0.48584999999999995,0.15000000000000568,3.9664456481933628,20.0,0.8
3.24,0.29106616973876953,0.29106616973876953,0.0615386962890625,0.486,0.14999999999997726,3.969445648193341,20.0,0.8
3.241,0.29106616973876953,0.29106616973876953,0.043956756591796875,0.48614999999999997,0.14999999999997726,3.986511199951153,20.0,0.8
3.242,0.29106616973876953,0.29106616973876953,0.05274772644042969,0.48629999999999995,0.15000000000000568,3.9824784240722693,20.0,0.8
3.243,0.29106616973876953,0.29106616973876953,0.043956756591796875,0.48644999999999994,0.1500000000000341,3.9925111999511977,20.0,0.8
3.244,0.29106616973876953,0.29106616973876953,0.043956756591796875,0.48660000000000003,0.15000000000000568,3.995511199951177,20.0,0.8
3.245,0.29106616973876953,0.29106616973876953,0.03516578674316406,0.48675,0.15000000000000568,4.005543975830083,20.0,0.8
3.246,0.29106616973876953,0.29106616973876953,0.017581939697265625,0.4869,0.14999999999997726,4.022611053466779,20.0,0.8
3.247,0.29144763946533203,0.29144763946533203,0.017581939697265625,0.48705,0.15000000000000568,4.017981658935551,20.0,0.8
3.248,0.29144763946533203,0.29144763946533203,0.017581939697265625,0.4872,0.15000000000000568,4.020981658935552,20.0,0.8
3.249,0.29144763946533203,0.29144763946533203,0.026372909545898438,0.48735,0.15000000000000568,4.016948883056645,20.0,0.8
3.25,0.29144763946533203,0.29144763946533203,0.026372909545898438,0.4875,0.15000000000000568,4.019948883056645,20.0,0.8
3.251,0.29144763946533203,0.29144763946533203,0.026372909545898438,0.48765,0.15000000000000568,4.022948883056644,20.0,0.8
3.2520000000000002,0.29144763946533203,0.29144763946533203,0.017581939697265625,0.4878,0.14999999999997726,4.032981658935529,20.0,0.8
3.253,0.29144763946533203,0.29144763946533203,0.026372909545898438,0.48795,0.15000000000000568,4.028948883056645,20.0,0.8
3.254,0.29144763946533203,0.29144763946533203,0.03516578674316406,0.4881,0.15000000000000568,4.024914581298832,20.0,0.8
3.255,0.29144763946533203,0.29144763946533203,0.026372909545898438,0.48824999999999996,0.15000000000000568,4.034948883056645,20.0,0.8
3.2560000000000002,0.29144763946533203,0.29144763946533203,0.043956756591796875,0.4884,0.15000000000000568,4.023881805419927,20.0,0.8
3.257,0.29144763946533203,0.29144763946533203,0.03516578674316406,0.48855,0.15000000000000568,4.033914581298832,20.0,0.8
3.258,0.29144763946533203,0.29144763946533203,0.05274772644042969,0.48869999999999997,0.15000000000000568,4.022849029541019,20.0,0.8
3.259,0.29144763946533203,0.29144763946533203,0.043956756591796875,0.48884999999999995,0.14999999999997726,4.032881805419903,20.0,0.8
3.2600000000000002,0.29182910919189453,0.29182910919189453,0.07032966613769531,0.489,0.14999999999997726,4.007154083251935,20.0,0.8
3.261,0.29182910919189453,0.29182910919189453,0.0615386962890625,0.48915,0.14999999999997726,4.017186859130841,20.0,0.8
3.262,0.29182910919189453,0.29182910919189453,0.07032966613769531,0.48929999999999996,0.15000000000000568,4.0131540832519565,20.0,0.8
3.263,0.29182910919189453,0.29182910919189453,0.07032966613769531,0.48944999999999994,0.1500000000000341,4.016154083251979,20.0,0.8
3.2640000000000002,0.29182910919189453,0.29182910919189453,0.07032966613769531,0.48960000000000004,0.15000000000000568,4.0191540832519586,20.0,0.8
3.265,0.29221057891845703,0.29221057891845703,0.0615386962890625,0.48975,0.15000000000000568,4.021557464599614,20.0,0.8
3.266,0.29221057891845703,0.29221057891845703,0.07032966613769531,0.4899,0.15000000000000568,4.017524688720708,20.0,0.8
3.267,0.29221057891845703,0.29221057891845703,0.05274772644042969,0.49005,0.15000000000000568,4.03459024047852,20.0,0.8
3.2680000000000002,0.29221057891845703,0.29221057891845703,0.05274772644042969,0.4902,0.14999999999997726,4.037590240478497,20.0,0.8
3.269,0.29221057891845703,0.29221057891845703,0.043956756591796875,0.49035,0.14999999999997726,4.047623016357404,20.0,0.8
3.27,0.29221057891845703,0.29221057891845703,0.026372909545898438,0.4905,0.15000000000000568,4.064690093994145,20.0,0.8
3.271,0.29221057891845703,0.29221057891845703,0.017581939697265625,0.49065,0.15000000000000568,4.074722869873051,20.0,0.8
3.2720000000000002,0.29221057891845703,0.29221057891845703,0.026372909545898438,0.4908,0.14999999999997726,4.070690093994123,20.0,0.8
3.273,0.29221057891845703,0.29221057891845703,0.017581939697265625,0.49095,0.15000000000000568,4.0807228698730516,20.0,0.8
3.274,0.29221057891845703,0.29221057891845703,0.008790969848632812,0.4911,0.14999999999997726,4.090755645751934,20.0,0.8
3.275,0.29221057891845703,0.29221057891845703,0.0,0.49124999999999996,0.1500000000000341,4.100788421630886,20.0,0.8
3.2760000000000002,0.29221057891845703,0.29221057891845703,0.0,0.4914,0.14999999999997726,4.103788421630841,20.0,0.8
3.277,0.29221057891845703,0.29221057891845703,0.008790969848632812,0.49155,0.15000000000000568,4.099755645751957,20.0,0.8
3.278,0.29221057891845703,0.29221057891845703,-0.008790969848632812,0.49169999999999997,0.15000000000000568,4.11682119750977,20.0,0.8
3.279,0.29221057891845703,0.29221057891845703,0.008790969848632812,0.49184999999999995,0.15000000000000568,4.105755645751956,20.0,0.8
3.2800000000000002,0.29221057891845703,0.29221057891845703,0.017581939697265625,0.492,0.14999999999997726,4.101722869873028,20.0,0.8
3.281,0.29259204864501953,0.29259204864501953,0.008790969848632812,0.49215,0.15000000000000568,4.104126251220707,20.0,0.8
3.282,0.29259204864501953,0.29259204864501953,0.017581939697265625,0.49229999999999996,0.15000000000000568,4.100093475341801,20.0,0.8
3.283,0.29259204864501953,0.29259204864501953,0.026372909545898438,0.49244999999999994,0.15000000000006253,4.09606069946294,20.0,0.8
3.2840000000000003,0.29259204864501953,0.29259204864501953,0.03516578674316406,0.49260000000000004,0.15000000000000568,4.092026397705083,20.0,0.8
3.285,0.29259204864501953,0.29259204864501953,0.026372909545898438,0.49275,0.15000000000000568,4.102060699462895,20.0,0.8
3.286,0.29259204864501953,0.29259204864501953,0.043956756591796875,0.4929,0.15000000000000568,4.090993621826177,20.0,0.8
3.287,0.29259204864501953,0.29259204864501953,0.03516578674316406,0.49305,0.15000000000000568,4.101026397705082,20.0,0.8
3.2880000000000003,0.29259204864501953,0.29259204864501953,0.0615386962890625,0.4932,0.14999999999997726,4.082928070068342,20.0,0.8
3.289,0.29259204864501953,0.29259204864501953,0.0615386962890625,0.49335,0.14999999999997726,4.085928070068341,20.0,0.8
3.29,0.29259204864501953,0.29259204864501953,0.07912063598632812,0.4935,0.15000000000000568,4.074862518310551,20.0,0.8
3.291,0.29297351837158203,0.29297351837158203,0.0615386962890625,0.49365,0.15000000000000568,4.084298675537113,20.0,0.8
3.2920000000000003,0.29297351837158203,0.29297351837158203,0.07912063598632812,0.4938,0.14999999999997726,4.073233123779279,20.0,0.8
3.293,0.29297351837158203,0.29297351837158203,0.07032966613769531,0.49395,0.15000000000000568,4.083265899658207,20.0,0.8
3.294,0.29297351837158203,0.29297351837158203,0.09670257568359375,0.4941,0.15000000000000568,4.065167572021489,20.0,0.8
3.295,0.29297351837158203,0.29297351837158203,0.07032966613769531,0.49424999999999997,0.15000000000000568,4.089265899658208,20.0,0.8
3.2960000000000003,0.29335498809814453,0.29335498809814453,0.08791160583496094,0.4944,0.14999999999997726,4.070570953369122,20.0,0.8
3.297,0.29335498809814453,0.29335498809814453,0.07032966613769531,0.49455,0.14999999999997726,4.087636505126935,20.0,0.8
3.298,0.29335498809814453,0.29335498809814453,0.0615386962890625,0.4947,0.15000000000000568,4.097669281005863,20.0,0.8
3.299,0.29335498809814453,0.29335498809814453,0.043956756591796875,0.49484999999999996,0.15000000000000568,4.114734832763676,20.0,0.8
3.3000000000000003,0.29335498809814453,0.29335498809814453,0.03516578674316406,0.495,0.15000000000000568,4.124767608642583,20.0,0.8
3.301,0.29335498809814453,0.29335498809814453,0.026372909545898438,0.49515,0.15000000000000568,4.134801910400395,20.0,0.8
3.302,0.29335498809814453,0.29335498809814453,0.008790969848632812,0.49529999999999996,0.14999999999997726,4.151867462158184,20.0,0.8
3.303,0.29335498809814453,0.29335498809814453,0.017581939697265625,0.49544999999999995,0.15000000000000568,4.1478346862793005,20.0,0.8
3.3040000000000003,0.29335498809814453,0.29335498809814453,0.0,0.49560000000000004,0.15000000000000568,4.164900238037115,20.0,0.8
3.305,0.29335498809814453,0.29335498809814453,0.0,0.49575,0.15000000000000568,4.167900238037115,20.0,0.8
3.306,0.29335498809814453,0.29335498809814453,-0.008790969848632812,0.4959,0.15000000000000568,4.177933013916021,20.0,0.8
3.307,0.29335498809814453,0.29335498809814453,0.008790969848632812,0.49605,0.15000000000000568,4.166867462158207,20.0,0.8
3.3080000000000003,0.29335498809814453,0.29335498809814453,0.008790969848632812,0.49620000000000003,0.15000000000000568,4.169867462158208,20.0,0.8
3.309,0.29335498809814453,0.29335498809814453,0.0,0.49635,0.15000000000000568,4.179900238037114,20.0,0.8
3.31,0.29335498809814453,0.29335498809814453,0.008790969848632812,0.4965,0.15000000000000568,4.175867462158207,20.0,0.8
3.311,0.29335498809814453,0.29335498809814453,0.017581939697265625,0.49665,0.15000000000000568,4.171834686279301,20.0,0.8
3.3120000000000003,0.29335498809814453,0.29335498809814453,0.0,0.4968,0.14999999999997726,4.188900238037091,20.0,0.8
3.313,0.29373645782470703,0.29373645782470703,0.026372909545898438,0.49695,0.15000000000000568,4.163172515869145,20.0,0.8
3.314,0.29373645782470703,0.29373645782470703,0.008790969848632812,0.4971,0.15000000000000568,4.1802380676269575,20.0,0.8
3.315,0.29373645782470703,0.29373645782470703,0.008790969848632812,0.49724999999999997,0.1500000000000341,4.18323806762698,20.0,0.8
3.3160000000000003,0.29373645782470703,0.29373645782470703,0.026372909545898438,0.4974,0.14999999999997726,4.172172515869123,20.0,0.8
3.317,0.29373645782470703,0.29373645782470703,0.026372909545898438,0.49755,0.14999999999997726,4.175172515869122,20.0,0.8
3.318,0.29373645782470703,0.29373645782470703,0.043956756591796875,0.4977,0.15000000000000568,4.1641054382324265,20.0,0.8
3.319,0.29373645782470703,0.29373645782470703,0.043956756591796875,0.49784999999999996,0.1500000000000341,4.167105438232448,20.0,0.8
3.3200000000000003,0.29373645782470703,0.29373645782470703,0.043956756591796875,0.498,0.14999999999997726,4.170105438232404,20.0,0.8
3.321,0.29373645782470703,0.29373645782470703,0.043956756591796875,0.49815,0.15000000000000568,4.173105438232426,20.0,0.8
3.322,0.29373645782470703,0.29373645782470703,0.043956756591796875,0.49829999999999997,0.15000000000000568,4.176105438232426,20.0,0.8
3.323,0.29373645782470703,0.29373645782470703,0.05274772644042969,0.49844999999999995,0.1500000000000341,4.172072662353543,20.0,0.8
3.3240000000000003,0.29411792755126953,0.29411792755126953,0.03516578674316406,0.49860000000000004,0.15000000000000568,4.181508819580084,20.0,0.8
3.325,0.29411792755126953,0.29411792755126953,0.05274772644042969,0.49875,0.14999999999997726,4.170443267822248,20.0,0.8
3.326,0.29411792755126953,0.29411792755126953,0.03516578674316406,0.4989,0.15000000000000568,4.187508819580082,20.0,0.8
3.327,0.29411792755126953,0.29411792755126953,0.043956756591796875,0.49905,0.1500000000000341,4.183476043701199,20.0,0.8
3.3280000000000003,0.29411792755126953,0.29411792755126953,0.043956756591796875,0.49920000000000003,0.14999999999997726,4.186476043701155,20.0,0.8
3.329,0.29411792755126953,0.29411792755126953,0.043956756591796875,0.49935,0.15000000000000568,4.189476043701177,20.0,0.8
3.33,0.29411792755126953,0.29411792755126953,0.0615386962890625,0.4995,0.14999999999997726,4.178410491943342,20.0,0.8
3.331,0.29411792755126953,0.29411792755126953,0.043956756591796875,0.49965,0.15000000000000568,4.195476043701176,20.0,0.8
3.332,0.29411792755126953,0.29411792755126953,0.03516578674316406,0.49979999999999997,0.15000000000000568,4.205508819580082,20.0,0.8
3.333,0.29449939727783203,0.29449939727783203,0.07032966613769531,0.49995,0.14999999999997726,4.172748321533185,20.0,0.8
3.334,0.29449939727783203,0.29449939727783203,0.043956756591796875,0.5001,0.15000000000000568,4.196846649169927,20.0,0.8
3.335,0.29449939727783203,0.29449939727783203,0.05274772644042969,0.50025,0.14999999999997726,4.192813873290996,20.0,0.8
3.336,0.29449939727783203,0.29449939727783203,0.043956756591796875,0.5004,0.1500000000000341,4.202846649169948,20.0,0.8
3.337,0.29449939727783203,0.29449939727783203,0.05274772644042969,0.50055,0.15000000000000568,4.198813873291021,20.0,0.8
3.338,0.29449939727783203,0.29449939727783203,0.043956756591796875,0.5007,0.15000000000000568,4.208846649169928,20.0,0.8
3.339,0.29449939727783203,0.29449939727783203,0.043956756591796875,0.50085,0.15000000000000568,4.211846649169927,20.0,0.8
3.34,0.29488086700439453,0.29488086700439453,0.043956756591796875,0.501,0.14999999999997726,4.207217254638653,20.0,0.8
3.341,0.29488086700439453,0.29488086700439453,0.026372909545898438,0.50115,0.14999999999997726,4.2242843322753725,20.0,0.8
3.342,0.29488086700439453,0.29488086700439453,0.03516578674316406,0.5013,0.15000000000000568,4.220250030517582,20.0,0.8
3.343,0.29488086700439453,0.29488086700439453,0.026372909545898438,0.50145,0.15000000000000568,4.230284332275394,20.0,0.8
3.344,0.29488086700439453,0.29488086700439453,0.017581939697265625,0.5015999999999999,0.15000000000000568,4.2403171081543,20.0,0.8
3.345,0.29488086700439453,0.29488086700439453,0.008790969848632812,0.50175,0.15000000000000568,4.2503498840332075,20.0,0.8
3.346,0.29488086700439453,0.29488086700439453,0.017581939697265625,0.5019,0.15000000000000568,4.246317108154302,20.0,0.8
3.347,0.29488086700439453,0.29488086700439453,0.017581939697265625,0.50205,0.15000000000000568,4.249317108154302,20.0,0.8
3.348,0.29488086700439453,0.29488086700439453,0.017581939697265625,0.5022,0.14999999999997726,4.252317108154278,20.0,0.8
3.349,0.29488086700439453,0.29488086700439453,0.0,0.50235,0.14999999999997726,4.26938265991209,20.0,0.8
3.35,0.29488086700439453,0.29488086700439453,0.017581939697265625,0.5025,0.14999999999997726,4.258317108154277,20.0,0.8
3.351,0.29488086700439453,0.29488086700439453,0.026372909545898438,0.5026499999999999,0.15000000000000568,4.254284332275394,20.0,0.8
3.352,0.29488086700439453,0.29488086700439453,0.026372909545898438,0.5027999999999999,0.15000000000000568,4.257284332275393,20.0,0.8
3.353,0.29488086700439453,0.29488086700439453,0.026372909545898438,0.50295,0.15000000000000568,4.260284332275395,20.0,0.8
3.354,0.29488086700439453,0.29488086700439453,0.026372909545898438,0.5031,0.15000000000000568,4.263284332275394,20.0,0.8
3.355,0.29488086700439453,0.29488086700439453,0.03516578674316406,0.50325,0.15000000000000568,4.259250030517582,20.0,0.8
3.356,0.29526233673095703,0.29526233673095703,0.03516578674316406,0.5034,0.1500000000000341,4.254620635986355,20.0,0.8
3.357,0.29526233673095703,0.29526233673095703,0.043956756591796875,0.50355,0.15000000000000568,4.250587860107428,20.0,0.8
3.358,0.29526233673095703,0.29526233673095703,0.017581939697265625,0.5037,0.14999999999997726,4.274687713623029,20.0,0.8
3.359,0.29526233673095703,0.29526233673095703,0.043956756591796875,0.50385,0.15000000000000568,4.256587860107427,20.0,0.8
3.36,0.29526233673095703,0.29526233673095703,0.026372909545898438,0.504,0.15000000000000568,4.273654937744145,20.0,0.8
3.361,0.29526233673095703,0.29526233673095703,0.043956756591796875,0.50415,0.14999999999994884,4.262587860107381,20.0,0.8
3.362,0.29526233673095703,0.29526233673095703,0.03516578674316406,0.5043,0.15000000000000568,4.272620635986332,20.0,0.8
3.363,0.29526233673095703,0.29526233673095703,0.03516578674316406,0.50445,0.14999999999997726,4.275620635986309,20.0,0.8
3.364,0.29526233673095703,0.29526233673095703,0.026372909545898438,0.5045999999999999,0.1500000000000341,4.285654937744167,20.0,0.8
3.365,0.29526233673095703,0.29526233673095703,0.03516578674316406,0.50475,0.14999999999997726,4.281620635986311,20.0,0.8
3.366,0.29526233673095703,0.29526233673095703,0.043956756591796875,0.5049,0.15000000000000568,4.2775878601074275,20.0,0.8
3.367,0.29564380645751953,0.29564380645751953,0.026372909545898438,0.50505,0.15000000000000568,4.287025543212895,20.0,0.8
3.368,0.29564380645751953,0.29564380645751953,0.03516578674316406,0.5052,0.15000000000000568,4.282991241455082,20.0,0.8
3.369,0.29564380645751953,0.29564380645751953,0.043956756591796875,0.50535,0.14999999999994884,4.27895846557613,20.0,0.8
3.37,0.29564380645751953,0.29564380645751953,0.026372909545898438,0.5055,0.15000000000000568,4.296025543212894,20.0,0.8
3.371,0.29564380645751953,0.29564380645751953,0.043956756591796875,0.5056499999999999,0.15000000000000568,4.284958465576175,20.0,0.8
3.372,0.29564380645751953,0.29564380645751953,0.05274772644042969,0.5057999999999999,0.1500000000000341,4.280925689697291,20.0,0.8
3.373,0.29564380645751953,0.29564380645751953,0.03516578674316406,0.50595,0.15000000000000568,4.297991241455082,20.0,0.8
3.374,0.29564380645751953,0.29564380645751953,0.026372909545898438,0.5061,0.15000000000000568,4.308025543212895,20.0,0.8
3.375,0.29564380645751953,0.29564380645751953,0.043956756591796875,0.50625,0.15000000000000568,4.296958465576177,20.0,0.8
3.376,0.29564380645751953,0.29564380645751953,0.043956756591796875,0.5064,0.1500000000000341,4.299958465576198,20.0,0.8
3.3770000000000002,0.29602527618408203,0.29602527618408203,0.043956756591796875,0.5065500000000001,0.15000000000000568,4.295329071044928,20.0,0.8
3.378,0.29602527618408203,0.29602527618408203,0.05274772644042969,0.5067,0.15000000000000568,4.2912962951660205,20.0,0.8
3.379,0.29602527618408203,0.29602527618408203,0.043956756591796875,0.50685,0.15000000000000568,4.301329071044927,20.0,0.8
3.38,0.29602527618408203,0.29602527618408203,0.05274772644042969,0.507,0.14999999999997726,4.297296295165998,20.0,0.8
3.3810000000000002,0.29602527618408203,0.29602527618408203,0.05274772644042969,0.50715,0.14999999999994884,4.300296295165975,20.0,0.8
3.382,0.29602527618408203,0.29602527618408203,0.0615386962890625,0.5073,0.15000000000000568,4.296263519287113,20.0,0.8
3.383,0.29602527618408203,0.29602527618408203,0.03516578674316406,0.50745,0.15000000000000568,4.320361846923832,20.0,0.8
3.384,0.29640674591064453,0.29640674591064453,0.07912063598632812,0.5075999999999999,0.1500000000000341,4.280568572998074,20.0,0.8
3.3850000000000002,0.29640674591064453,0.29640674591064453,0.03516578674316406,0.50775,0.15000000000000568,4.318732452392584,20.0,0.8
3.386,0.29640674591064453,0.29640674591064453,0.0615386962890625,0.5079,0.14999999999997726,4.300634124755842,20.0,0.8
3.387,0.29640674591064453,0.29640674591064453,0.043956756591796875,0.50805,0.15000000000000568,4.317699676513676,20.0,0.8
3.388,0.29640674591064453,0.29640674591064453,0.043956756591796875,0.5082,0.14999999999997726,4.320699676513653,20.0,0.8
3.3890000000000002,0.29640674591064453,0.29640674591064453,0.043956756591796875,0.50835,0.14999999999994884,4.32369967651363,20.0,0.8
3.39,0.29640674591064453,0.29640674591064453,0.026372909545898438,0.5085,0.15000000000000568,4.340766754150394,20.0,0.8
3.391,0.29640674591064453,0.29640674591064453,0.017581939697265625,0.5086499999999999,0.14999999999997726,4.350799530029277,20.0,0.8
3.392,0.29640674591064453,0.29640674591064453,0.026372909545898438,0.5087999999999999,0.1500000000000341,4.3467667541504165,20.0,0.8
3.3930000000000002,0.29640674591064453,0.29640674591064453,0.03516578674316406,0.50895,0.1500000000000341,4.342732452392606,20.0,0.8
3.394,0.29678821563720703,0.29678821563720703,0.017581939697265625,0.5091,0.15000000000000568,4.352170135498052,20.0,0.8
3.395,0.29640674591064453,0.29640674591064453,0.0,0.50925,0.15000000000000568,4.3768650817871135,20.0,0.8
3.396,0.29678821563720703,0.29678821563720703,0.026372909545898438,0.5094,0.15000000000000568,4.351137359619144,20.0,0.8
3.3970000000000002,0.29678821563720703,0.29678821563720703,0.008790969848632812,0.5095500000000001,0.15000000000000568,4.368202911376958,20.0,0.8
3.398,0.29678821563720703,0.29678821563720703,0.017581939697265625,0.5097,0.15000000000000568,4.364170135498052,20.0,0.8
3.399,0.29678821563720703,0.29678821563720703,0.017581939697265625,0.50985,0.15000000000000568,4.3671701354980526,20.0,0.8
3.4,0.29678821563720703,0.29678821563720703,0.017581939697265625,0.51,0.14999999999997726,4.370170135498029,20.0,0.8
3.4010000000000002,0.29678821563720703,0.29678821563720703,0.017581939697265625,0.51015,0.14999999999997726,4.373170135498028,20.0,0.8
3.402,0.29678821563720703,0.29678821563720703,0.017581939697265625,0.5103,0.15000000000000568,4.376170135498051,20.0,0.8
3.403,0.29678821563720703,0.29678821563720703,0.03516578674316406,0.51045,0.15000000000000568,4.365103057861332,20.0,0.8
3.404,0.29678821563720703,0.29678821563720703,0.026372909545898438,0.5105999999999999,0.15000000000000568,4.375137359619144,20.0,0.8
3.4050000000000002,0.29678821563720703,0.29678821563720703,0.026372909545898438,0.51075,0.15000000000000568,4.378137359619146,20.0,0.8
3.406,0.29678821563720703,0.29678821563720703,0.026372909545898438,0.5109,0.15000000000000568,4.381137359619145,20.0,0.8
3.407,0.29678821563720703,0.29678821563720703,0.05274772644042969,0.51105,0.15000000000000568,4.36303750610352,20.0,0.8
3.408,0.29678821563720703,0.29678821563720703,0.017581939697265625,0.5112,0.14999999999997726,4.394170135498029,20.0,0.8
3.4090000000000003,0.29678821563720703,0.29678821563720703,0.05274772644042969,0.51135,0.14999999999994884,4.369037506103474,20.0,0.8
3.41,0.29716968536376953,0.29716968536376953,0.05274772644042969,0.5115,0.15000000000000568,4.364408111572269,20.0,0.8
3.411,0.29716968536376953,0.29716968536376953,0.03516578674316406,0.5116499999999999,0.15000000000000568,4.381473663330081,20.0,0.8
3.412,0.29716968536376953,0.29716968536376953,0.043956756591796875,0.5117999999999999,0.15000000000006253,4.377440887451221,20.0,0.8
3.4130000000000003,0.29716968536376953,0.29716968536376953,0.05274772644042969,0.51195,0.1500000000000341,4.373408111572294,20.0,0.8
3.414,0.29716968536376953,0.29716968536376953,0.05274772644042969,0.5121,0.14999999999997726,4.376408111572247,20.0,0.8
3.415,0.29716968536376953,0.29716968536376953,0.043956756591796875,0.51225,0.14999999999997726,4.386440887451153,20.0,0.8
3.416,0.29716968536376953,0.29716968536376953,0.05274772644042969,0.5124,0.1500000000000341,4.382408111572293,20.0,0.8
3.4170000000000003,0.29716968536376953,0.29716968536376953,0.0615386962890625,0.5125500000000001,0.1500000000000341,4.378375335693388,20.0,0.8
3.418,0.29755115509033203,0.29755115509033203,0.05274772644042969,0.5127,0.14999999999997726,4.380778717040998,20.0,0.8
3.419,0.29755115509033203,0.29755115509033203,0.05274772644042969,0.51285,0.14999999999997726,4.383778717040998,20.0,0.8
3.42,0.29755115509033203,0.29755115509033203,0.0615386962890625,0.513,0.14999999999997726,4.379745941162091,20.0,0.8
3.4210000000000003,0.29755115509033203,0.29755115509033203,0.07032966613769531,0.51315,0.14999999999997726,4.375713165283185,20.0,0.8
3.422,0.29755115509033203,0.29755115509033203,0.043956756591796875,0.5133,0.1500000000000341,4.399811492919949,20.0,0.8
3.423,0.29755115509033203,0.29755115509033203,0.07032966613769531,0.51345,0.14999999999997726,4.381713165283184,20.0,0.8
3.424,0.29755115509033203,0.29755115509033203,0.043956756591796875,0.5136,0.1500000000000341,4.4058114929199474,20.0,0.8
3.4250000000000003,0.29793262481689453,0.29793262481689453,0.05274772644042969,0.51375,0.1500000000000341,4.394149322509794,20.0,0.8
3.426,0.29793262481689453,0.29793262481689453,0.05274772644042969,0.5139,0.1500000000000341,4.397149322509794,20.0,0.8
3.427,0.29793262481689453,0.29793262481689453,0.043956756591796875,0.51405,0.1500000000000341,4.4071820983887,20.0,0.8
3.428,0.29793262481689453,0.29793262481689453,0.03516578674316406,0.5142,0.14999999999997726,4.41721487426756,20.0,0.8
3.4290000000000003,0.29793262481689453,0.29793262481689453,0.03516578674316406,0.51435,0.14999999999992042,4.420214874267513,20.0,0.8
3.43,0.29793262481689453,0.29793262481689453,0.043956756591796875,0.5145,0.14999999999997726,4.416182098388653,20.0,0.8
3.431,0.29793262481689453,0.29793262481689453,0.026372909545898438,0.5146499999999999,0.1500000000000341,4.433249176025417,20.0,0.8
3.432,0.29793262481689453,0.29793262481689453,0.0,0.5147999999999999,0.1500000000000341,4.4573475036621355,20.0,0.8
3.4330000000000003,0.29793262481689453,0.29793262481689453,0.043956756591796875,0.51495,0.14999999999997726,4.425182098388654,20.0,0.8
3.434,0.29793262481689453,0.29793262481689453,0.008790969848632812,0.5151,0.14999999999997726,4.456314727783185,20.0,0.8
3.435,0.29793262481689453,0.29793262481689453,0.017581939697265625,0.51525,0.14999999999997726,4.452281951904278,20.0,0.8
3.436,0.29793262481689453,0.29793262481689453,0.008790969848632812,0.5154,0.1500000000000341,4.46231472778323,20.0,0.8
3.4370000000000003,0.29831409454345703,0.29831409454345703,0.008790969848632812,0.5155500000000001,0.14999999999997726,4.457685333251937,20.0,0.8
3.438,0.29831409454345703,0.29831409454345703,0.017581939697265625,0.5157,0.14999999999997726,4.4536525573730295,20.0,0.8
3.439,0.29831409454345703,0.29831409454345703,0.017581939697265625,0.51585,0.14999999999997726,4.456652557373029,20.0,0.8
3.44,0.29831409454345703,0.29831409454345703,0.008790969848632812,0.516,0.14999999999997726,4.466685333251935,20.0,0.8
3.4410000000000003,0.29831409454345703,0.29831409454345703,0.0,0.51615,0.14999999999997726,4.476718109130841,20.0,0.8
3.442,0.29831409454345703,0.29831409454345703,0.026372909545898438,0.5163,0.1500000000000341,4.458619781494168,20.0,0.8
3.443,0.29831409454345703,0.29831409454345703,0.017581939697265625,0.51645,0.14999999999997726,4.468652557373027,20.0,0.8
3.444,0.29831409454345703,0.29831409454345703,0.017581939697265625,0.5166,0.1500000000000341,4.471652557373073,20.0,0.8
3.4450000000000003,0.29831409454345703,0.29831409454345703,0.03516578674316406,0.51675,0.14999999999997726,4.460585479736311,20.0,0.8
3.446,0.29831409454345703,0.29831409454345703,0.026372909545898438,0.5169,0.1500000000000341,4.470619781494169,20.0,0.8
3.447,0.29831409454345703,0.29831409454345703,0.03516578674316406,0.51705,0.1500000000000341,4.466585479736356,20.0,0.8
3.448,0.29831409454345703,0.29831409454345703,0.03516578674316406,0.5172,0.14999999999997726,4.46958547973631,20.0,0.8
3.4490000000000003,0.29831409454345703,0.29831409454345703,0.05274772644042969,0.51735,0.14999999999992042,4.458519927978451,20.0,0.8
3.45,0.29831409454345703,0.29831409454345703,0.03516578674316406,0.5175,0.14999999999997726,4.47558547973631,20.0,0.8
3.451,0.29831409454345703,0.29831409454345703,0.043956756591796875,0.5176499999999999,0.1500000000000341,4.471552703857448,20.0,0.8
3.452,0.29869556427001953,0.29869556427001953,0.043956756591796875,0.5177999999999999,0.14999999999997726,4.466923309326152,20.0,0.8
3.4530000000000003,0.29869556427001953,0.29869556427001953,0.0615386962890625,0.51795,0.1500000000000341,4.455857757568387,20.0,0.8
3.454,0.29869556427001953,0.29869556427001953,0.05274772644042969,0.5181,0.14999999999997726,4.465890533447247,20.0,0.8
3.455,0.29869556427001953,0.29869556427001953,0.0615386962890625,0.51825,0.14999999999997726,4.461857757568342,20.0,0.8
3.456,0.29869556427001953,0.29869556427001953,0.043956756591796875,0.5184,0.14999999999997726,4.478923309326153,20.0,0.8
3.457,0.29869556427001953,0.29869556427001953,0.05274772644042969,0.51855,0.1500000000000341,4.474890533447292,20.0,0.8
3.458,0.29869556427001953,0.29869556427001953,0.0615386962890625,0.5187,0.1500000000000341,4.470857757568387,20.0,0.8
3.459,0.29907703399658203,0.29907703399658203,0.0615386962890625,0.51885,0.14999999999997726,4.466228363037092,20.0,0.8
3.46,0.29907703399658203,0.29907703399658203,0.05274772644042969,0.519,0.14999999999997726,4.476261138915998,20.0,0.8
3.461,0.29907703399658203,0.29907703399658203,0.07032966613769531,0.51915,0.14999999999997726,4.465195587158185,20.0,0.8
3.462,0.29907703399658203,0.29907703399658203,0.0615386962890625,0.5193,0.14999999999997726,4.475228363037091,20.0,0.8
3.463,0.29907703399658203,0.29907703399658203,0.05274772644042969,0.51945,0.1500000000000341,4.485261138916043,20.0,0.8
3.464,0.29907703399658203,0.29907703399658203,0.0615386962890625,0.5196,0.14999999999997726,4.481228363037091,20.0,0.8
3.465,0.29945850372314453,0.29945850372314453,0.03516578674316406,0.5197499999999999,0.15000000000009095,4.49769729614265,20.0,0.8
3.466,0.29945850372314453,0.29945850372314453,0.043956756591796875,0.5199,0.1500000000000341,4.4936645202637,20.0,0.8
3.467,0.29945850372314453,0.29945850372314453,0.043956756591796875,0.52005,0.1500000000000341,4.496664520263699,20.0,0.8
3.468,0.29945850372314453,0.29945850372314453,0.026372909545898438,0.5202,0.1500000000000341,4.513731597900418,20.0,0.8
3.469,0.29945850372314453,0.29945850372314453,0.03516578674316406,0.52035,0.14999999999997726,4.50969729614256,20.0,0.8
3.47,0.29945850372314453,0.29945850372314453,0.017581939697265625,0.5205,0.14999999999997726,4.526764373779278,20.0,0.8
3.471,0.29945850372314453,0.29945850372314453,0.026372909545898438,0.52065,0.14999999999997726,4.522731597900371,20.0,0.8
3.472,0.29945850372314453,0.29945850372314453,0.0,0.5207999999999999,0.1500000000000341,4.546829925537136,20.0,0.8
3.473,0.29945850372314453,0.29945850372314453,0.017581939697265625,0.5209499999999999,0.1500000000000341,4.5357643737793225,20.0,0.8
3.474,0.29945850372314453,0.29945850372314453,0.017581939697265625,0.5211,0.14999999999997726,4.538764373779279,20.0,0.8
3.475,0.29945850372314453,0.29945850372314453,0.008790969848632812,0.52125,0.14999999999997726,4.548797149658185,20.0,0.8
3.476,0.29945850372314453,0.29945850372314453,0.026372909545898438,0.5214,0.14999999999997726,4.537731597900372,20.0,0.8
3.477,0.29945850372314453,0.29945850372314453,0.017581939697265625,0.52155,0.1500000000000341,4.547764373779323,20.0,0.8
3.478,0.29945850372314453,0.29945850372314453,0.017581939697265625,0.5217,0.14999999999997726,4.55076437377928,20.0,0.8
3.479,0.29945850372314453,0.29945850372314453,0.026372909545898438,0.52185,0.14999999999997726,4.546731597900374,20.0,0.8
3.48,0.29945850372314453,0.29945850372314453,0.03516578674316406,0.522,0.14999999999997726,4.542697296142561,20.0,0.8
3.481,0.29983997344970703,0.29983997344970703,0.05274772644042969,0.52215,0.14999999999997726,4.524002349853497,20.0,0.8
3.482,0.29983997344970703,0.29983997344970703,0.03516578674316406,0.5223,0.14999999999997726,4.54106790161131,20.0,0.8
3.483,0.29983997344970703,0.29983997344970703,0.0615386962890625,0.52245,0.1500000000000341,4.5229695739746365,20.0,0.8
3.484,0.29983997344970703,0.29983997344970703,0.05274772644042969,0.5226,0.14999999999997726,4.533002349853496,20.0,0.8
3.485,0.29983997344970703,0.29983997344970703,0.07032966613769531,0.5227499999999999,0.1500000000000341,4.521936798095728,20.0,0.8
3.486,0.29983997344970703,0.29983997344970703,0.07032966613769531,0.5229,0.14999999999997726,4.524936798095685,20.0,0.8
3.487,0.30022144317626953,0.30022144317626953,0.08791160583496094,0.52305,0.1500000000000341,4.506241851806668,20.0,0.8
3.488,0.30022144317626953,0.30022144317626953,0.08791160583496094,0.5232,0.1500000000000341,4.509241851806668,20.0,0.8
3.489,0.30022144317626953,0.30022144317626953,0.07912063598632812,0.52335,0.14999999999997726,4.519274627685529,20.0,0.8
3.49,0.30022144317626953,0.30022144317626953,0.09670257568359375,0.5235,0.14999999999992042,4.508209075927669,20.0,0.8
3.491,0.30022144317626953,0.30022144317626953,0.08791160583496094,0.52365,0.14999999999997726,4.518241851806621,20.0,0.8
3.492,0.30060291290283203,0.30060291290283203,0.07912063598632812,0.5237999999999999,0.1500000000000341,4.520645233154323,20.0,0.8
3.493,0.30060291290283203,0.30060291290283203,0.07912063598632812,0.5239499999999999,0.1500000000000341,4.523645233154323,20.0,0.8
3.494,0.30060291290283203,0.30060291290283203,0.07032966613769531,0.5241,0.14999999999997726,4.533678009033185,20.0,0.8
3.495,0.30060291290283203,0.30060291290283203,0.0615386962890625,0.52425,0.14999999999997726,4.543710784912091,20.0,0.8
3.496,0.30060291290283203,0.30060291290283203,0.043956756591796875,0.5244,0.14999999999997726,4.560776336669903,20.0,0.8
3.497,0.30098438262939453,0.30098438262939453,0.05274772644042969,0.52455,0.1500000000000341,4.549114166259793,20.0,0.8
3.498,0.30098438262939453,0.30098438262939453,0.026372909545898438,0.5247,0.1500000000000341,4.57321401977542,20.0,0.8
3.499,0.30098438262939453,0.30098438262939453,0.026372909545898438,0.52485,0.14999999999997726,4.576214019775374,20.0,0.8
3.5,0.30098438262939453,0.30098438262939453,0.026372909545898438,0.525,0.14999999999997726,4.579214019775373,20.0,0.8
3.501,0.30098438262939453,0.30098438262939453,0.017581939697265625,0.52515,0.14999999999997726,4.589246795654279,20.0,0.8
3.5020000000000002,0.30098438262939453,0.30098438262939453,0.017581939697265625,0.5253,0.14999999999992042,4.592246795654233,20.0,0.8
3.503,0.30098438262939453,0.30098438262939453,0.026372909545898438,0.52545,0.1500000000000341,4.5882140197754175,20.0,0.8
3.504,0.30098438262939453,0.30098438262939453,0.026372909545898438,0.5256,0.14999999999997726,4.5912140197753715,20.0,0.8
3.505,0.30098438262939453,0.30098438262939453,0.03516578674316406,0.5257499999999999,0.14999999999997726,4.587179718017559,20.0,0.8
3.5060000000000002,0.30098438262939453,0.30098438262939453,0.026372909545898438,0.5259,0.14999999999997726,4.5972140197753735,20.0,0.8
3.507,0.30098438262939453,0.30098438262939453,0.05274772644042969,0.52605,0.14999999999997726,4.579114166259748,20.0,0.8
3.508,0.30098438262939453,0.30098438262939453,0.05274772644042969,0.5262,0.1500000000000341,4.582114166259793,20.0,0.8
3.509,0.30136585235595703,0.30136585235595703,0.07032966613769531,0.52635,0.14999999999997726,4.563419219970684,20.0,0.8
3.5100000000000002,0.30136585235595703,0.30136585235595703,0.07912063598632812,0.5265,0.14999999999997726,4.559386444091778,20.0,0.8
3.511,0.30136585235595703,0.30136585235595703,0.08791160583496094,0.52665,0.14999999999997726,4.555353668212872,20.0,0.8
3.512,0.30136585235595703,0.30136585235595703,0.10549545288085938,0.5267999999999999,0.14999999999997726,4.544286590576152,20.0,0.8
3.513,0.30174732208251953,0.30174732208251953,0.10549545288085938,0.5269499999999999,0.1500000000000341,4.539657196044947,20.0,0.8
3.5140000000000002,0.30174732208251953,0.30174732208251953,0.1318683624267578,0.5271,0.14999999999997726,4.521558868408185,20.0,0.8
3.515,0.30174732208251953,0.30174732208251953,0.123077392578125,0.52725,0.14999999999997726,4.531591644287091,20.0,0.8
3.516,0.30212879180908203,0.30212879180908203,0.14065933227539062,0.5274,0.14999999999997726,4.512896697998029,20.0,0.8
3.517,0.30212879180908203,0.30212879180908203,0.11428642272949219,0.52755,0.14999999999997726,4.536995025634747,20.0,0.8
3.5180000000000002,0.30212879180908203,0.30212879180908203,0.11428642272949219,0.5277000000000001,0.14999999999997726,4.539995025634749,20.0,0.8
3.519,0.30212879180908203,0.30212879180908203,0.09670257568359375,0.52785,0.1500000000000341,4.557062103271512,20.0,0.8
3.52,0.30251026153564453,0.30251026153564453,0.08791160583496094,0.528,0.14999999999997726,4.559465484619123,20.0,0.8
3.521,0.30251026153564453,0.30251026153564453,0.07912063598632812,0.52815,0.14999999999992042,4.5694982604979835,20.0,0.8
3.5220000000000002,0.30251026153564453,0.30251026153564453,0.10549545288085938,0.5283,0.14999999999997726,4.551398406982403,20.0,0.8
3.523,0.30251026153564453,0.30251026153564453,0.09670257568359375,0.52845,0.1500000000000341,4.561432708740261,20.0,0.8
3.524,0.30289173126220703,0.30289173126220703,0.10549545288085938,0.5286,0.1500000000000341,4.549769012451199,20.0,0.8
3.525,0.30289173126220703,0.30289173126220703,0.11428642272949219,0.5287499999999999,0.15000000000009095,4.5457362365723375,20.0,0.8
3.5260000000000002,0.30289173126220703,0.30289173126220703,0.123077392578125,0.5289,0.1500000000000341,4.5417034606933875,20.0,0.8
3.527,0.30327320098876953,0.30327320098876953,0.11428642272949219,0.52905,0.14999999999997726,4.544106842040998,20.0,0.8
3.528,0.30327320098876953,0.30327320098876953,0.123077392578125,0.5292,0.1500000000000341,4.540074066162136,20.0,0.8
3.529,0.30327320098876953,0.30327320098876953,0.10549545288085938,0.52935,0.1500000000000341,4.557139617919949,20.0,0.8
3.5300000000000002,0.30365467071533203,0.30365467071533203,0.11428642272949219,0.5295,0.14999999999992042,4.545477447509702,20.0,0.8
3.531,0.30365467071533203,0.30365467071533203,0.11428642272949219,0.52965,0.14999999999997726,4.548477447509747,20.0,0.8
3.532,0.30365467071533203,0.30365467071533203,0.08791160583496094,0.5297999999999999,0.14999999999997726,4.572577301025371,20.0,0.8
3.533,0.30365467071533203,0.30365467071533203,0.08791160583496094,0.5299499999999999,0.1500000000000341,4.575577301025416,20.0,0.8
3.5340000000000003,0.30403614044189453,0.30403614044189453,0.07912063598632812,0.5301,0.1500000000000341,4.577980682373075,20.0,0.8
3.535,0.30403614044189453,0.30403614044189453,0.07032966613769531,0.53025,0.14999999999997726,4.588013458251935,20.0,0.8
3.536,0.30403614044189453,0.30403614044189453,0.07912063598632812,0.5304,0.14999999999997726,4.583980682373029,20.0,0.8
3.537,0.30403614044189453,0.30403614044189453,0.05274772644042969,0.53055,0.1500000000000341,4.608079010009792,20.0,0.8
3.5380000000000003,0.30403614044189453,0.30403614044189453,0.0615386962890625,0.5307000000000001,0.1500000000000341,4.604046234130887,20.0,0.8
3.539,0.30403614044189453,0.30403614044189453,0.07032966613769531,0.53085,0.1500000000000341,4.600013458251981,20.0,0.8
3.54,0.30441761016845703,0.30441761016845703,0.07032966613769531,0.531,0.14999999999997726,4.595384063720686,20.0,0.8
3.541,0.30441761016845703,0.30441761016845703,0.07912063598632812,0.53115,0.1500000000000341,4.591351287841825,20.0,0.8
3.5420000000000003,0.30441761016845703,0.30441761016845703,0.08791160583496094,0.5313,0.14999999999997726,4.587318511962872,20.0,0.8
3.543,0.30441761016845703,0.30441761016845703,0.10549545288085938,0.53145,0.1500000000000341,4.576251434326199,20.0,0.8
3.544,0.30479907989501953,0.30479907989501953,0.123077392578125,0.5316,0.1500000000000341,4.557556488037136,20.0,0.8
3.545,0.30479907989501953,0.30479907989501953,0.11428642272949219,0.53175,0.1500000000000341,4.567589263916042,20.0,0.8
3.5460000000000003,0.30479907989501953,0.30479907989501953,0.14065933227539062,0.5319,0.1500000000000341,4.549490936279325,20.0,0.8
3.547,0.30518054962158203,0.30518054962158203,0.14065933227539062,0.53205,0.14999999999997726,4.544861541748029,20.0,0.8
3.548,0.30518054962158203,0.30518054962158203,0.1318683624267578,0.5322,0.1500000000000341,4.554894317626981,20.0,0.8
3.549,0.30518054962158203,0.30518054962158203,0.1318683624267578,0.53235,0.14999999999997726,4.5578943176269355,20.0,0.8
3.5500000000000003,0.30556201934814453,0.30556201934814453,0.11428642272949219,0.5325,0.14999999999997726,4.567330474853497,20.0,0.8
3.551,0.30556201934814453,0.30556201934814453,0.123077392578125,0.53265,0.14999999999997726,4.56329769897459,20.0,0.8
3.552,0.30556201934814453,0.30556201934814453,0.1318683624267578,0.5327999999999999,0.14999999999997726,4.559264923095684,20.0,0.8
3.553,0.30594348907470703,0.30594348907470703,0.11428642272949219,0.5329499999999999,0.15000000000009095,4.568701080322337,20.0,0.8
3.5540000000000003,0.30594348907470703,0.30594348907470703,0.11428642272949219,0.5331,0.1500000000000341,4.571701080322294,20.0,0.8
3.555,0.30594348907470703,0.30594348907470703,0.1318683624267578,0.53325,0.14999999999997726,4.560635528564435,20.0,0.8
3.556,0.30632495880126953,0.30632495880126953,0.123077392578125,0.5334,0.14999999999997726,4.56303890991209,20.0,0.8
3.557,0.30632495880126953,0.30632495880126953,0.10549545288085938,0.53355,0.1500000000000341,4.580104461669949,20.0,0.8
3.5580000000000003,0.30632495880126953,0.30632495880126953,0.10549545288085938,0.5337000000000001,0.14999999999997726,4.583104461669905,20.0,0.8
3.559,0.30632495880126953,0.30632495880126953,0.08791160583496094,0.53385,0.1500000000000341,4.600171539306669,20.0,0.8
3.56,0.30670642852783203,0.30670642852783203,0.08791160583496094,0.534,0.14999999999997726,4.595542144775373,20.0,0.8
3.561,0.30670642852783203,0.30670642852783203,0.07912063598632812,0.53415,0.14999999999997726,4.605574920654279,20.0,0.8
3.5620000000000003,0.30670642852783203,0.30670642852783203,0.07032966613769531,0.5343,0.14999999999997726,4.615607696533185,20.0,0.8
3.563,0.30670642852783203,0.30670642852783203,0.07032966613769531,0.53445,0.1500000000000341,4.61860769653323,20.0,0.8
3.564,0.30670642852783203,0.30670642852783203,0.0615386962890625,0.5346,0.1500000000000341,4.628640472412136,20.0,0.8
3.565,0.30708789825439453,0.30708789825439453,0.05274772644042969,0.53475,0.1500000000000341,4.631043853759792,20.0,0.8
3.5660000000000003,0.30708789825439453,0.30708789825439453,0.07912063598632812,0.5349,0.1500000000000341,4.612945526123075,20.0,0.8
3.567,0.30708789825439453,0.30708789825439453,0.07032966613769531,0.53505,0.14999999999997726,4.622978302001935,20.0,0.8
3.568,0.30708789825439453,0.30708789825439453,0.07032966613769531,0.5352,0.14999999999997726,4.625978302001935,20.0,0.8
3.569,0.30708789825439453,0.30708789825439453,0.07912063598632812,0.53535,0.14999999999997726,4.621945526123029,20.0,0.8
3.5700000000000003,0.30708789825439453,0.30708789825439453,0.08791160583496094,0.5355,0.14999999999992042,4.617912750244076,20.0,0.8
3.571,0.30746936798095703,0.30746936798095703,0.10549545288085938,0.53565,0.14999999999997726,4.5992162780761525,20.0,0.8
3.572,0.30746936798095703,0.30746936798095703,0.09670257568359375,0.5357999999999999,0.14999999999997726,4.609250579833965,20.0,0.8
3.573,0.30746936798095703,0.30746936798095703,0.10549545288085938,0.5359499999999999,0.1500000000000341,4.605216278076198,20.0,0.8
3.5740000000000003,0.30785083770751953,0.30785083770751953,0.11428642272949219,0.5361,0.14999999999997726,4.593554107665998,20.0,0.8
3.575,0.30785083770751953,0.30785083770751953,0.08791160583496094,0.53625,0.1500000000000341,4.617653961181667,20.0,0.8
3.576,0.30785083770751953,0.30785083770751953,0.09670257568359375,0.5364,0.14999999999997726,4.613621185302716,20.0,0.8
3.577,0.30785083770751953,0.30785083770751953,0.10549545288085938,0.53655,0.1500000000000341,4.609586883544949,20.0,0.8
3.5780000000000003,0.30823230743408203,0.30823230743408203,0.10549545288085938,0.5367000000000001,0.14999999999997726,4.604957489013655,20.0,0.8
3.579,0.30823230743408203,0.30823230743408203,0.10549545288085938,0.53685,0.1500000000000341,4.6079574890137005,20.0,0.8
3.58,0.30823230743408203,0.30823230743408203,0.11428642272949219,0.537,0.1500000000000341,4.603924713134793,20.0,0.8
3.581,0.30823230743408203,0.30823230743408203,0.11428642272949219,0.53715,0.14999999999992042,4.606924713134703,20.0,0.8
3.5820000000000003,0.30861377716064453,0.30861377716064453,0.11428642272949219,0.5373,0.14999999999992042,4.602295318603453,20.0,0.8
3.583,0.30861377716064453,0.30861377716064453,0.123077392578125,0.53745,0.14999999999997726,4.598262542724591,20.0,0.8
3.584,0.30861377716064453,0.30861377716064453,0.123077392578125,0.5376,0.1500000000000341,4.601262542724635,20.0,0.8
3.585,0.30899524688720703,0.30899524688720703,0.1318683624267578,0.53775,0.1500000000000341,4.58960037231448,20.0,0.8
3.586,0.30899524688720703,0.30899524688720703,0.11428642272949219,0.5378999999999999,0.1500000000000341,4.606665924072292,20.0,0.8
3.587,0.30899524688720703,0.30899524688720703,0.123077392578125,0.53805,0.14999999999997726,4.602633148193342,20.0,0.8
3.588,0.30937671661376953,0.30937671661376953,0.09670257568359375,0.5382,0.14999999999997726,4.619103607177716,20.0,0.8
3.589,0.30937671661376953,0.30937671661376953,0.123077392578125,0.53835,0.1500000000000341,4.601003753662136,20.0,0.8
3.59,0.30937671661376953,0.30937671661376953,0.123077392578125,0.5385,0.14999999999997726,4.604003753662091,20.0,0.8
3.591,0.30975818634033203,0.30975818634033203,0.123077392578125,0.53865,0.14999999999997726,4.599374359130841,20.0,0.8
3.592,0.30975818634033203,0.30975818634033203,0.11428642272949219,0.5388,0.14999999999997726,4.6094071350097465,20.0,0.8
3.593,0.30975818634033203,0.30975818634033203,0.1318683624267578,0.5389499999999999,0.14999999999997726,4.598341583251933,20.0,0.8
3.594,0.31013965606689453,0.31013965606689453,0.11428642272949219,0.5390999999999999,0.15000000000009095,4.6077777404785865,20.0,0.8
3.595,0.31013965606689453,0.31013965606689453,0.1318683624267578,0.53925,0.1500000000000341,4.596712188720731,20.0,0.8
3.596,0.31013965606689453,0.31013965606689453,0.09670257568359375,0.5394,0.14999999999997726,4.627844818115216,20.0,0.8
3.597,0.31013965606689453,0.31013965606689453,0.10549545288085938,0.53955,0.14999999999997726,4.623810516357403,20.0,0.8
3.598,0.31052112579345703,0.31052112579345703,0.10549545288085938,0.5397,0.1500000000000341,4.619181121826198,20.0,0.8
3.599,0.31052112579345703,0.31052112579345703,0.09670257568359375,0.53985,0.14999999999997726,4.629215423583966,20.0,0.8
3.6,0.31052112579345703,0.31052112579345703,0.09670257568359375,0.54,0.1500000000000341,4.632215423584013,20.0,0.8
3.601,0.31090259552001953,0.31090259552001953,0.09670257568359375,0.54015,0.14999999999997726,4.627586029052717,20.0,0.8
3.602,0.31090259552001953,0.31090259552001953,0.1318683624267578,0.5403,0.14999999999997726,4.602453399658185,20.0,0.8
3.603,0.31090259552001953,0.31090259552001953,0.14065933227539062,0.54045,0.14999999999997726,4.598420623779278,20.0,0.8
3.604,0.31128406524658203,0.31128406524658203,0.14945030212402344,0.5406,0.1500000000000341,4.586758453369168,20.0,0.8
3.605,0.31128406524658203,0.31128406524658203,0.1934070587158203,0.54075,0.1500000000000341,4.55459304809573,20.0,0.8
3.606,0.31166553497314453,0.31166553497314453,0.20219802856445312,0.5408999999999999,0.1500000000000341,4.542930877685573,20.0,0.8
3.607,0.31166553497314453,0.31166553497314453,0.20219802856445312,0.54105,0.1500000000000341,4.545930877685575,20.0,0.8
3.608,0.31204700469970703,0.31204700469970703,0.21098899841308594,0.5412,0.14999999999997726,4.5342687072753725,20.0,0.8
3.609,0.31204700469970703,0.31204700469970703,0.1846160888671875,0.54135,0.1500000000000341,4.558367034912137,20.0,0.8
3.61,0.31242847442626953,0.31242847442626953,0.1846160888671875,0.5415,0.14999999999997726,4.553737640380842,20.0,0.8
3.611,0.31242847442626953,0.31242847442626953,0.16703224182128906,0.54165,0.14999999999997726,4.570804718017559,20.0,0.8
3.612,0.31280994415283203,0.31280994415283203,0.16703224182128906,0.5418,0.14999999999997726,4.566175323486308,20.0,0.8
3.613,0.31280994415283203,0.31280994415283203,0.1758251190185547,0.5419499999999999,0.14999999999997726,4.562141021728496,20.0,0.8
3.614,0.31280994415283203,0.31280994415283203,0.14945030212402344,0.5420999999999999,0.1500000000000341,4.586240875244167,20.0,0.8
3.615,0.31319141387939453,0.31319141387939453,0.16703224182128906,0.54225,0.14999999999997726,4.56754592895506,20.0,0.8
3.616,0.31319141387939453,0.31319141387939453,0.16703224182128906,0.5424,0.14999999999997726,4.57054592895506,20.0,0.8
3.617,0.31357288360595703,0.31357288360595703,0.14065933227539062,0.54255,0.14999999999997726,4.587014862060528,20.0,0.8
3.618,0.31357288360595703,0.31357288360595703,0.14945030212402344,0.5427,0.1500000000000341,4.5829820861816675,20.0,0.8
3.619,0.31357288360595703,0.31357288360595703,0.14065933227539062,0.54285,0.14999999999997726,4.59301486206053,20.0,0.8
3.62,0.31395435333251953,0.31395435333251953,0.14065933227539062,0.543,0.1500000000000341,4.588385467529325,20.0,0.8
3.621,0.31395435333251953,0.31395435333251953,0.11428642272949219,0.54315,0.14999999999997726,4.612483795165998,20.0,0.8
3.622,0.31395435333251953,0.31395435333251953,0.14945030212402344,0.5433,0.14999999999997726,4.587352691650372,20.0,0.8
3.623,0.31433582305908203,0.31433582305908203,0.14945030212402344,0.54345,0.14999999999992042,4.5827232971190766,20.0,0.8
3.624,0.31433582305908203,0.31433582305908203,0.123077392578125,0.5436,0.1500000000000341,4.606821624755886,20.0,0.8
3.625,0.31433582305908203,0.31433582305908203,0.14065933227539062,0.54375,0.1500000000000341,4.595756072998073,20.0,0.8
3.626,0.31471729278564453,0.31471729278564453,0.1318683624267578,0.5438999999999999,0.1500000000000341,4.598159454345729,20.0,0.8
3.6270000000000002,0.31471729278564453,0.31471729278564453,0.10549545288085938,0.54405,0.1500000000000341,4.62225778198245,20.0,0.8
3.628,0.31471729278564453,0.31471729278564453,0.10549545288085938,0.5442,0.14999999999997726,4.625257781982404,20.0,0.8
3.629,0.31509876251220703,0.31509876251220703,0.10549545288085938,0.54435,0.14999999999997726,4.620628387451154,20.0,0.8
3.63,0.31509876251220703,0.31509876251220703,0.10549545288085938,0.5445,0.14999999999997726,4.623628387451153,20.0,0.8
3.6310000000000002,0.31509876251220703,0.31509876251220703,0.10549545288085938,0.54465,0.14999999999992042,4.626628387451107,20.0,0.8
3.632,0.31548023223876953,0.31548023223876953,0.11428642272949219,0.5448,0.14999999999997726,4.614966217040997,20.0,0.8
3.633,0.31548023223876953,0.31548023223876953,0.10549545288085938,0.5449499999999999,0.14999999999997726,4.6249989929199025,20.0,0.8
3.634,0.31548023223876953,0.31548023223876953,0.1318683624267578,0.5450999999999999,0.1500000000000341,4.606900665283229,20.0,0.8
3.6350000000000002,0.31548023223876953,0.31548023223876953,0.123077392578125,0.54525,0.14999999999997726,4.616933441162091,20.0,0.8
3.636,0.31586170196533203,0.31586170196533203,0.123077392578125,0.5454,0.1500000000000341,4.612304046630886,20.0,0.8
3.637,0.31586170196533203,0.31586170196533203,0.123077392578125,0.54555,0.14999999999997726,4.615304046630841,20.0,0.8
3.638,0.31586170196533203,0.31586170196533203,0.123077392578125,0.5457,0.1500000000000341,4.618304046630886,20.0,0.8
3.6390000000000002,0.31624317169189453,0.31624317169189453,0.1318683624267578,0.5458500000000001,0.1500000000000341,4.606641876220732,20.0,0.8
3.64,0.31624317169189453,0.31624317169189453,0.11428642272949219,0.546,0.1500000000000341,4.623707427978544,20.0,0.8
3.641,0.31624317169189453,0.31624317169189453,0.123077392578125,0.54615,0.1500000000000341,4.619674652099636,20.0,0.8
3.642,0.31662464141845703,0.31662464141845703,0.123077392578125,0.5463,0.14999999999997726,4.615045257568341,20.0,0.8
3.6430000000000002,0.31662464141845703,0.31662464141845703,0.123077392578125,0.54645,0.14999999999992042,4.618045257568296,20.0,0.8
3.644,0.31662464141845703,0.31662464141845703,0.14065933227539062,0.5466,0.14999999999997726,4.606979705810528,20.0,0.8
3.645,0.31700611114501953,0.31700611114501953,0.1318683624267578,0.54675,0.1500000000000341,4.609383087158229,20.0,0.8
3.646,0.31700611114501953,0.31700611114501953,0.14945030212402344,0.5468999999999999,0.1500000000000341,4.598317535400417,20.0,0.8
3.6470000000000002,0.31738758087158203,0.31738758087158203,0.14065933227539062,0.54705,0.14999999999997726,4.600720916748029,20.0,0.8
3.648,0.31738758087158203,0.31738758087158203,0.14065933227539062,0.5472,0.14999999999997726,4.6037209167480295,20.0,0.8
3.649,0.31738758087158203,0.31738758087158203,0.1318683624267578,0.54735,0.14999999999997726,4.613753692626935,20.0,0.8
3.65,0.31776905059814453,0.31776905059814453,0.14065933227539062,0.5475,0.14999999999992042,4.602091522216733,20.0,0.8
3.6510000000000002,0.31776905059814453,0.31776905059814453,0.1318683624267578,0.54765,0.14999999999992042,4.6121242980956385,20.0,0.8
3.652,0.31776905059814453,0.31776905059814453,0.14945030212402344,0.5478,0.14999999999997726,4.601058746337872,20.0,0.8
3.653,0.31815052032470703,0.31815052032470703,0.14065933227539062,0.5479499999999999,0.14999999999997726,4.603462127685527,20.0,0.8
3.654,0.31815052032470703,0.31815052032470703,0.14945030212402344,0.5480999999999999,0.1500000000000341,4.599429351806666,20.0,0.8
3.6550000000000002,0.31815052032470703,0.31815052032470703,0.14065933227539062,0.54825,0.1500000000000341,4.609462127685574,20.0,0.8
3.656,0.31853199005126953,0.31853199005126953,0.15824127197265625,0.5484,0.1500000000000341,4.590767181396512,20.0,0.8
3.657,0.31853199005126953,0.31853199005126953,0.1318683624267578,0.54855,0.14999999999997726,4.614865509033185,20.0,0.8
3.658,0.31891345977783203,0.31891345977783203,0.14065933227539062,0.5487,0.1500000000000341,4.603203338623073,20.0,0.8
3.6590000000000003,0.31891345977783203,0.31891345977783203,0.14065933227539062,0.5488500000000001,0.14999999999997726,4.60620333862303,20.0,0.8
3.66,0.31891345977783203,0.31891345977783203,0.1318683624267578,0.549,0.1500000000000341,4.616236114501981,20.0,0.8
3.661,0.31929492950439453,0.31929492950439453,0.15824127197265625,0.54915,0.1500000000000341,4.590508392334012,20.0,0.8
3.662,0.31929492950439453,0.31929492950439453,0.1758251190185547,0.5493,0.14999999999992042,4.579441314697203,20.0,0.8
3.6630000000000003,0.31967639923095703,0.31967639923095703,0.20219802856445312,0.54945,0.14999999999992042,4.553713592529233,20.0,0.8
3.664,0.31967639923095703,0.31967639923095703,0.24615478515625,0.5496,0.14999999999997726,4.52154818725584,20.0,0.8
3.665,0.32005786895751953,0.32005786895751953,0.21098899841308594,0.54975,0.1500000000000341,4.545051422119167,20.0,0.8
3.666,0.32005786895751953,0.32005786895751953,0.21098899841308594,0.5498999999999999,0.1500000000000341,4.548051422119167,20.0,0.8
3.6670000000000003,0.32043933868408203,0.32043933868408203,0.20219802856445312,0.55005,0.1500000000000341,4.550454803466826,20.0,0.8
3.668,0.32043933868408203,0.32043933868408203,0.1934070587158203,0.5502,0.14999999999997726,4.560487579345685,20.0,0.8
3.669,0.32082080841064453,0.32082080841064453,0.16703224182128906,0.55035,0.14999999999997726,4.576958038330059,20.0,0.8
3.67,0.32082080841064453,0.32082080841064453,0.16703224182128906,0.5505,0.1500000000000341,4.579958038330105,20.0,0.8
3.6710000000000003,0.32120227813720703,0.32120227813720703,0.15824127197265625,0.55065,0.14999999999997726,4.582361419677716,20.0,0.8
3.672,0.32120227813720703,0.32120227813720703,0.1758251190185547,0.5508,0.14999999999997726,4.571294342040996,20.0,0.8
3.673,0.32158374786376953,0.32158374786376953,0.16703224182128906,0.5509499999999999,0.14999999999997726,4.573699249267558,20.0,0.8
3.674,0.32158374786376953,0.32158374786376953,0.16703224182128906,0.5510999999999999,0.1500000000000341,4.5766992492676035,20.0,0.8
3.6750000000000003,0.32158374786376953,0.32158374786376953,0.14945030212402344,0.55125,0.14999999999997726,4.593764801025372,20.0,0.8
3.676,0.32196521759033203,0.32196521759033203,0.14945030212402344,0.5514,0.1500000000000341,4.589135406494169,20.0,0.8
3.677,0.32196521759033203,0.32196521759033203,0.1318683624267578,0.55155,0.14999999999997726,4.606200958251935,20.0,0.8
3.678,0.32196521759033203,0.32196521759033203,0.11428642272949219,0.5517,0.1500000000000341,4.623266510009792,20.0,0.8
3.6790000000000003,0.32234668731689453,0.32234668731689453,0.14945030212402344,0.5518500000000001,0.1500000000000341,4.590506011962919,20.0,0.8
3.68,0.32234668731689453,0.32234668731689453,0.14065933227539062,0.552,0.14999999999997726,4.60053878784178,20.0,0.8
3.681,0.32272815704345703,0.32272815704345703,0.1318683624267578,0.55215,0.1500000000000341,4.602942169189482,20.0,0.8
3.682,0.32272815704345703,0.32272815704345703,0.14065933227539062,0.5523,0.1500000000000341,4.598909393310574,20.0,0.8
3.6830000000000003,0.32272815704345703,0.32272815704345703,0.15824127197265625,0.55245,0.14999999999997726,4.587843841552716,20.0,0.8
3.684,0.32310962677001953,0.32310962677001953,0.14945030212402344,0.5526,0.14999999999997726,4.590247222900372,20.0,0.8
3.685,0.32310962677001953,0.32310962677001953,0.123077392578125,0.55275,0.14999999999997726,4.614345550537091,20.0,0.8
3.686,0.32310962677001953,0.32310962677001953,0.1318683624267578,0.5529,0.15000000000009095,4.610312774658275,20.0,0.8
3.6870000000000003,0.32349109649658203,0.32349109649658203,0.10549545288085938,0.55305,0.14999999999997726,4.626781707763654,20.0,0.8
3.688,0.32349109649658203,0.32349109649658203,0.123077392578125,0.5532,0.14999999999997726,4.615716156005841,20.0,0.8
3.689,0.32349109649658203,0.32349109649658203,0.1318683624267578,0.55335,0.14999999999997726,4.6116833801269355,20.0,0.8
3.69,0.32387256622314453,0.32387256622314453,0.123077392578125,0.5535,0.14999999999997726,4.614086761474591,20.0,0.8
3.6910000000000003,0.32387256622314453,0.32387256622314453,0.123077392578125,0.55365,0.14999999999997726,4.6170867614745905,20.0,0.8
3.692,0.32387256622314453,0.32387256622314453,0.1318683624267578,0.5538,0.1500000000000341,4.613053985595729,20.0,0.8
3.693,0.32425403594970703,0.32425403594970703,0.1318683624267578,0.5539499999999999,0.14999999999997726,4.608424591064434,20.0,0.8
3.694,0.32425403594970703,0.32425403594970703,0.123077392578125,0.5540999999999999,0.1500000000000341,4.618457366943385,20.0,0.8
3.6950000000000003,0.32425403594970703,0.32425403594970703,0.1318683624267578,0.55425,0.1500000000000341,4.614424591064481,20.0,0.8
3.696,0.32463550567626953,0.32463550567626953,0.11428642272949219,0.5544,0.1500000000000341,4.623860748291043,20.0,0.8
3.697,0.32463550567626953,0.32463550567626953,0.10549545288085938,0.55455,0.1500000000000341,4.633893524169949,20.0,0.8
3.698,0.32463550567626953,0.32463550567626953,0.11428642272949219,0.5547,0.15000000000009095,4.629860748291088,20.0,0.8
3.6990000000000003,0.32463550567626953,0.32463550567626953,0.11428642272949219,0.5548500000000001,0.1500000000000341,4.632860748291044,20.0,0.8
3.7,0.32501697540283203,0.32501697540283203,0.123077392578125,0.555,0.14999999999997726,4.621198577880842,20.0,0.8
3.701,0.32501697540283203,0.32501697540283203,0.123077392578125,0.55515,0.1500000000000341,4.624198577880887,20.0,0.8
3.702,0.32501697540283203,0.32501697540283203,0.123077392578125,0.5553,0.14999999999997726,4.627198577880841,20.0,0.8
3.7030000000000003,0.32539844512939453,0.32539844512939453,0.1318683624267578,0.55545,0.14999999999997726,4.615536407470685,20.0,0.8
3.704,0.32539844512939453,0.32539844512939453,0.14065933227539062,0.5556,0.14999999999997726,4.611503631591779,20.0,0.8
3.705,0.32577991485595703,0.32577991485595703,0.123077392578125,0.55575,0.14999999999997726,4.62093978881834,20.0,0.8
3.706,0.32577991485595703,0.32577991485595703,0.1318683624267578,0.5559,0.1500000000000341,4.616907012939479,20.0,0.8
3.7070000000000003,0.32577991485595703,0.32577991485595703,0.11428642272949219,0.55605,0.1500000000000341,4.633972564697293,20.0,0.8
3.708,0.32616138458251953,0.32616138458251953,0.1318683624267578,0.5562,0.14999999999997726,4.615277618408186,20.0,0.8
3.709,0.32616138458251953,0.32616138458251953,0.1318683624267578,0.55635,0.14999999999997726,4.618277618408186,20.0,0.8
3.71,0.32616138458251953,0.32616138458251953,0.14065933227539062,0.5565,0.14999999999997726,4.614244842529279,20.0,0.8
3.7110000000000003,0.32654285430908203,0.32654285430908203,0.14065933227539062,0.55665,0.14999999999992042,4.6096154479979825,20.0,0.8
3.712,0.32654285430908203,0.32654285430908203,0.14945030212402344,0.5568,0.1500000000000341,4.6055826721191675,20.0,0.8
3.713,0.32654285430908203,0.32654285430908203,0.15824127197265625,0.55695,0.14999999999997726,4.601549896240216,20.0,0.8
3.714,0.32692432403564453,0.32692432403564453,0.14065933227539062,0.5570999999999999,0.14999999999997726,4.610986053466777,20.0,0.8
3.715,0.32692432403564453,0.32692432403564453,0.1318683624267578,0.5572499999999999,0.15000000000009095,4.621018829345774,20.0,0.8
3.716,0.32692432403564453,0.32692432403564453,0.1318683624267578,0.5574,0.14999999999997726,4.624018829345685,20.0,0.8
3.717,0.32730579376220703,0.32730579376220703,0.123077392578125,0.55755,0.1500000000000341,4.626422210693386,20.0,0.8
3.718,0.32730579376220703,0.32730579376220703,0.123077392578125,0.5577,0.14999999999997726,4.629422210693341,20.0,0.8
3.719,0.32730579376220703,0.32730579376220703,0.14065933227539062,0.55785,0.1500000000000341,4.618356658935573,20.0,0.8
3.72,0.32768726348876953,0.32768726348876953,0.16703224182128906,0.558,0.1500000000000341,4.592628936767606,20.0,0.8
3.721,0.32768726348876953,0.32768726348876953,0.1846160888671875,0.55815,0.1500000000000341,4.581561859130887,20.0,0.8
3.722,0.32806873321533203,0.32806873321533203,0.1846160888671875,0.5583,0.1500000000000341,4.576932464599637,20.0,0.8
3.723,0.32806873321533203,0.32806873321533203,0.23736190795898438,0.55845,0.1500000000000341,4.5377358093261995,20.0,0.8
3.724,0.32845020294189453,0.32845020294189453,0.1934070587158203,0.5586,0.14999999999997726,4.568270294189435,20.0,0.8
3.725,0.32883167266845703,0.32883167266845703,0.21977996826171875,0.55875,0.14999999999997726,4.542542572021465,20.0,0.8
3.726,0.32883167266845703,0.32883167266845703,0.1846160888671875,0.5589,0.1500000000000341,4.573673675537136,20.0,0.8
3.727,0.32921314239501953,0.32921314239501953,0.1934070587158203,0.5590499999999999,0.15000000000009095,4.562011505127025,20.0,0.8
3.728,0.32921314239501953,0.32921314239501953,0.1846160888671875,0.5592,0.14999999999997726,4.572044281005843,20.0,0.8
3.729,0.32921314239501953,0.32921314239501953,0.1846160888671875,0.55935,0.14999999999997726,4.575044281005842,20.0,0.8
3.73,0.32959461212158203,0.32959461212158203,0.1846160888671875,0.5595,0.14999999999997726,4.570414886474591,20.0,0.8
3.731,0.32959461212158203,0.32959461212158203,0.1758251190185547,0.55965,0.14999999999997726,4.580447662353497,20.0,0.8
3.732,0.32997608184814453,0.32997608184814453,0.16703224182128906,0.5598,0.14999999999997726,4.5828525695800595,20.0,0.8
3.733,0.32997608184814453,0.32997608184814453,0.15824127197265625,0.55995,0.14999999999997726,4.592885345458965,20.0,0.8
3.734,0.33035755157470703,0.33035755157470703,0.14945030212402344,0.5600999999999999,0.14999999999997726,4.59528872680662,20.0,0.8
3.735,0.33035755157470703,0.33035755157470703,0.14065933227539062,0.5602499999999999,0.1500000000000341,4.605321502685572,20.0,0.8
3.736,0.33035755157470703,0.33035755157470703,0.15824127197265625,0.5604,0.1500000000000341,4.594255950927762,20.0,0.8
3.737,0.33073902130126953,0.33073902130126953,0.123077392578125,0.56055,0.1500000000000341,4.617757659912137,20.0,0.8
3.738,0.33073902130126953,0.33073902130126953,0.14945030212402344,0.5607,0.14999999999997726,4.599659332275372,20.0,0.8
3.739,0.33112049102783203,0.33112049102783203,0.14945030212402344,0.56085,0.15000000000009095,4.595029937744212,20.0,0.8
3.74,0.33112049102783203,0.33112049102783203,0.11428642272949219,0.561,0.1500000000000341,4.6261610412597935,20.0,0.8
3.741,0.33112049102783203,0.33112049102783203,0.14065933227539062,0.56115,0.14999999999997726,4.608062713623029,20.0,0.8
3.742,0.33150196075439453,0.33150196075439453,0.11428642272949219,0.5613,0.1500000000000341,4.624531646728544,20.0,0.8
3.743,0.33150196075439453,0.33150196075439453,0.09670257568359375,0.56145,0.14999999999997726,4.641598724365216,20.0,0.8
3.744,0.33150196075439453,0.33150196075439453,0.09670257568359375,0.5616,0.14999999999997726,4.644598724365215,20.0,0.8
3.745,0.33150196075439453,0.33150196075439453,0.10549545288085938,0.56175,0.14999999999997726,4.640564422607403,20.0,0.8
3.746,0.33188343048095703,0.33188343048095703,0.09670257568359375,0.5619,0.14999999999997726,4.642969329833965,20.0,0.8
3.747,0.33188343048095703,0.33188343048095703,0.10549545288085938,0.5620499999999999,0.1500000000000341,4.638935028076198,20.0,0.8
3.748,0.33188343048095703,0.33188343048095703,0.11428642272949219,0.5622,0.1500000000000341,4.634902252197294,20.0,0.8
3.749,0.33188343048095703,0.33188343048095703,0.11428642272949219,0.56235,0.14999999999997726,4.6379022521972475,20.0,0.8
3.75,0.33226490020751953,0.33226490020751953,0.14065933227539062,0.5625,0.14999999999997726,4.612174530029279,20.0,0.8
3.751,0.33226490020751953,0.33226490020751953,0.123077392578125,0.56265,0.14999999999997726,4.629240081787091,20.0,0.8
3.7520000000000002,0.33226490020751953,0.33226490020751953,0.1318683624267578,0.5628,0.14999999999997726,4.625207305908185,20.0,0.8
3.753,0.33264636993408203,0.33264636993408203,0.1318683624267578,0.56295,0.1500000000000341,4.620577911376979,20.0,0.8
3.754,0.33264636993408203,0.33264636993408203,0.1318683624267578,0.5630999999999999,0.14999999999997726,4.623577911376934,20.0,0.8
3.755,0.33302783966064453,0.33302783966064453,0.11428642272949219,0.5632499999999999,0.1500000000000341,4.633014068603542,20.0,0.8
3.7560000000000002,0.33302783966064453,0.33302783966064453,0.1318683624267578,0.5634,0.14999999999997726,4.621948516845686,20.0,0.8
3.757,0.33302783966064453,0.33302783966064453,0.1318683624267578,0.56355,0.1500000000000341,4.6249485168457305,20.0,0.8
3.758,0.33340930938720703,0.33340930938720703,0.14065933227539062,0.5637,0.1500000000000341,4.613286346435573,20.0,0.8
3.759,0.33340930938720703,0.33340930938720703,0.14065933227539062,0.56385,0.1500000000000341,4.616286346435573,20.0,0.8
3.7600000000000002,0.33340930938720703,0.33340930938720703,0.14945030212402344,0.5640000000000001,0.14999999999997726,4.612253570556623,20.0,0.8
3.761,0.33379077911376953,0.33379077911376953,0.15824127197265625,0.56415,0.14999999999997726,4.600591400146468,20.0,0.8
3.762,0.33379077911376953,0.33379077911376953,0.14945030212402344,0.5643,0.1500000000000341,4.610624176025419,20.0,0.8
3.763,0.33417224884033203,0.33417224884033203,0.14065933227539062,0.56445,0.14999999999997726,4.613027557373028,20.0,0.8
3.7640000000000002,0.33417224884033203,0.33417224884033203,0.1318683624267578,0.5646,0.14999999999992042,4.623060333251889,20.0,0.8
3.765,0.33417224884033203,0.33417224884033203,0.14065933227539062,0.56475,0.14999999999997726,4.619027557373029,20.0,0.8
3.766,0.33455371856689453,0.33455371856689453,0.14065933227539062,0.5649,0.14999999999997726,4.614398162841778,20.0,0.8
3.767,0.33455371856689453,0.33455371856689453,0.14945030212402344,0.5650499999999999,0.1500000000000341,4.610365386962917,20.0,0.8
3.7680000000000002,0.33455371856689453,0.33455371856689453,0.14945030212402344,0.5652,0.14999999999997726,4.613365386962872,20.0,0.8
3.769,0.33493518829345703,0.33493518829345703,0.14945030212402344,0.56535,0.14999999999997726,4.6087359924316225,20.0,0.8
3.77,0.33493518829345703,0.33493518829345703,0.14945030212402344,0.5655,0.14999999999997726,4.611735992431623,20.0,0.8
3.771,0.33493518829345703,0.33493518829345703,0.14065933227539062,0.56565,0.14999999999997726,4.621768768310528,20.0,0.8
3.7720000000000002,0.33531665802001953,0.33531665802001953,0.14065933227539062,0.5658,0.14999999999997726,4.617139373779278,20.0,0.8
3.773,0.33531665802001953,0.33531665802001953,0.11428642272949219,0.56595,0.1500000000000341,4.641237701416042,20.0,0.8
3.774,0.33531665802001953,0.33531665802001953,0.123077392578125,0.5660999999999999,0.14999999999997726,4.63720492553709,20.0,0.8
3.775,0.33569812774658203,0.33569812774658203,0.11428642272949219,0.5662499999999999,0.1500000000000341,4.639608306884791,20.0,0.8
3.7760000000000002,0.33569812774658203,0.33569812774658203,0.11428642272949219,0.5664,0.14999999999997726,4.642608306884748,20.0,0.8
3.777,0.33569812774658203,0.33569812774658203,0.14065933227539062,0.56655,0.1500000000000341,4.6245099792480735,20.0,0.8
3.778,0.33607959747314453,0.33607959747314453,0.16703224182128906,0.5667,0.1500000000000341,4.598782257080105,20.0,0.8
3.779,0.33607959747314453,0.33607959747314453,0.1934070587158203,0.56685,0.1500000000000341,4.58068240356448,20.0,0.8
3.7800000000000002,0.33646106719970703,0.33646106719970703,0.1758251190185547,0.5670000000000001,0.14999999999997726,4.590118560790999,20.0,0.8
3.781,0.33684253692626953,0.33684253692626953,0.21977996826171875,0.56715,0.14999999999997726,4.550325286865217,20.0,0.8
3.782,0.33684253692626953,0.33684253692626953,0.1934070587158203,0.5673,0.1500000000000341,4.57442361450198,20.0,0.8
3.783,0.33684253692626953,0.33684253692626953,0.1758251190185547,0.56745,0.14999999999997726,4.5914891662597475,20.0,0.8
3.7840000000000003,0.33722400665283203,0.33722400665283203,0.1934070587158203,0.5676,0.14999999999997726,4.572794219970685,20.0,0.8
3.785,0.33722400665283203,0.33722400665283203,0.1758251190185547,0.56775,0.14999999999997726,4.589859771728497,20.0,0.8
3.786,0.33760547637939453,0.33760547637939453,0.1758251190185547,0.5679,0.14999999999997726,4.585230377197246,20.0,0.8
3.787,0.33760547637939453,0.33760547637939453,0.1758251190185547,0.5680499999999999,0.1500000000000341,4.588230377197291,20.0,0.8
3.7880000000000003,0.33798694610595703,0.33798694610595703,0.1846160888671875,0.5682,0.14999999999997726,4.576568206787092,20.0,0.8
3.789,0.33798694610595703,0.33798694610595703,0.1846160888671875,0.56835,0.14999999999997726,4.579568206787092,20.0,0.8
3.79,0.33836841583251953,0.33836841583251953,0.16703224182128906,0.5685,0.14999999999997726,4.58900588989256,20.0,0.8
3.791,0.33836841583251953,0.33836841583251953,0.14945030212402344,0.56865,0.14999999999997726,4.606071441650371,20.0,0.8
3.7920000000000003,0.33874988555908203,0.33874988555908203,0.15824127197265625,0.5688,0.14999999999992042,4.5944092712401705,20.0,0.8
3.793,0.33874988555908203,0.33874988555908203,0.14945030212402344,0.56895,0.1500000000000341,4.604442047119168,20.0,0.8
3.794,0.33874988555908203,0.33874988555908203,0.15824127197265625,0.5690999999999999,0.14999999999997726,4.600409271240215,20.0,0.8
3.795,0.33913135528564453,0.33913135528564453,0.15824127197265625,0.5692499999999999,0.14999999999997726,4.595779876708964,20.0,0.8
3.7960000000000003,0.33913135528564453,0.33913135528564453,0.16703224182128906,0.5694,0.1500000000000341,4.591747100830105,20.0,0.8
3.797,0.33951282501220703,0.33951282501220703,0.16703224182128906,0.56955,0.1500000000000341,4.587117706298855,20.0,0.8
3.798,0.33951282501220703,0.33951282501220703,0.14945030212402344,0.5697,0.1500000000000341,4.604183258056668,20.0,0.8
3.799,0.33951282501220703,0.33951282501220703,0.14065933227539062,0.56985,0.1500000000000341,4.614216033935573,20.0,0.8
3.8000000000000003,0.33989429473876953,0.33989429473876953,0.123077392578125,0.5700000000000001,0.1500000000000341,4.6236521911621375,20.0,0.8
3.801,0.33989429473876953,0.33989429473876953,0.11428642272949219,0.57015,0.14999999999997726,4.633684967040998,20.0,0.8
3.802,0.33989429473876953,0.33989429473876953,0.11428642272949219,0.5703,0.14999999999997726,4.636684967040998,20.0,0.8
3.803,0.34027576446533203,0.34027576446533203,0.09670257568359375,0.57045,0.14999999999997726,4.6461226501464665,20.0,0.8
3.8040000000000003,0.34027576446533203,0.34027576446533203,0.10549545288085938,0.5706,0.14999999999992042,4.642088348388608,20.0,0.8
3.805,0.34027576446533203,0.34027576446533203,0.10549545288085938,0.57075,0.14999999999997726,4.6450883483886525,20.0,0.8
3.806,0.34027576446533203,0.34027576446533203,0.10549545288085938,0.5709,0.14999999999997726,4.648088348388653,20.0,0.8
3.807,0.34065723419189453,0.34065723419189453,0.11428642272949219,0.57105,0.1500000000000341,4.636426177978542,20.0,0.8
3.8080000000000003,0.34065723419189453,0.34065723419189453,0.10549545288085938,0.5712,0.1500000000000341,4.646458953857451,20.0,0.8
3.809,0.34065723419189453,0.34065723419189453,0.11428642272949219,0.57135,0.1500000000000341,4.642426177978543,20.0,0.8
3.81,0.34065723419189453,0.34065723419189453,0.10549545288085938,0.5715,0.14999999999997726,4.652458953857403,20.0,0.8
3.811,0.34103870391845703,0.34103870391845703,0.10549545288085938,0.57165,0.1500000000000341,4.647829559326199,20.0,0.8
3.8120000000000003,0.34103870391845703,0.34103870391845703,0.10549545288085938,0.5718,0.14999999999997726,4.650829559326153,20.0,0.8
3.813,0.34103870391845703,0.34103870391845703,0.10549545288085938,0.57195,0.1500000000000341,4.653829559326199,20.0,0.8
3.814,0.34142017364501953,0.34142017364501953,0.10549545288085938,0.5720999999999999,0.1500000000000341,4.649200164794948,20.0,0.8
3.815,0.34142017364501953,0.34142017364501953,0.11428642272949219,0.5722499999999999,0.15000000000009095,4.645167388916087,20.0,0.8
3.8160000000000003,0.34142017364501953,0.34142017364501953,0.11428642272949219,0.5724,0.1500000000000341,4.648167388916043,20.0,0.8
3.817,0.34142017364501953,0.34142017364501953,0.1318683624267578,0.57255,0.14999999999997726,4.637101837158186,20.0,0.8
3.818,0.34180164337158203,0.34180164337158203,0.1318683624267578,0.5727,0.1500000000000341,4.63247244262698,20.0,0.8
3.819,0.34180164337158203,0.34180164337158203,0.14065933227539062,0.57285,0.1500000000000341,4.628439666748073,20.0,0.8
3.8200000000000003,0.34218311309814453,0.34218311309814453,0.14945030212402344,0.5730000000000001,0.14999999999997726,4.616777496337873,20.0,0.8
3.821,0.34218311309814453,0.34218311309814453,0.1318683624267578,0.57315,0.14999999999997726,4.633843048095686,20.0,0.8
3.822,0.34218311309814453,0.34218311309814453,0.14945030212402344,0.5733,0.14999999999997726,4.622777496337873,20.0,0.8
3.823,0.34256458282470703,0.34256458282470703,0.14945030212402344,0.57345,0.14999999999997726,4.618148101806622,20.0,0.8
3.8240000000000003,0.34256458282470703,0.34256458282470703,0.14945030212402344,0.5736,0.14999999999997726,4.621148101806622,20.0,0.8
3.825,0.34294605255126953,0.34294605255126953,0.14945030212402344,0.57375,0.14999999999997726,4.616518707275372,20.0,0.8
3.826,0.34294605255126953,0.34294605255126953,0.14945030212402344,0.5739,0.14999999999997726,4.619518707275372,20.0,0.8
3.827,0.34294605255126953,0.34294605255126953,0.14945030212402344,0.57405,0.15000000000009095,4.6225187072754625,20.0,0.8
3.8280000000000003,0.34332752227783203,0.34332752227783203,0.16703224182128906,0.5742,0.1500000000000341,4.603823760986356,20.0,0.8
3.829,0.34332752227783203,0.34332752227783203,0.1318683624267578,0.57435,0.1500000000000341,4.634954864501981,20.0,0.8
3.83,0.34332752227783203,0.34332752227783203,0.1318683624267578,0.5745,0.14999999999997726,4.6379548645019355,20.0,0.8
3.831,0.34370899200439453,0.34370899200439453,0.11428642272949219,0.57465,0.14999999999997726,4.647391021728498,20.0,0.8
3.8320000000000003,0.34370899200439453,0.34370899200439453,0.123077392578125,0.5748,0.14999999999992042,4.643358245849545,20.0,0.8
3.833,0.34370899200439453,0.34370899200439453,0.09670257568359375,0.57495,0.1500000000000341,4.667458099365261,20.0,0.8
3.834,0.34409141540527344,0.34409141540527344,0.11428642272949219,0.5751,0.1500000000000341,4.648742553710964,20.0,0.8
3.835,0.34409141540527344,0.34409141540527344,0.11428642272949219,0.5752499999999999,0.1500000000000341,4.651742553710964,20.0,0.8
3.8360000000000003,0.34409141540527344,0.34409141540527344,0.14065933227539062,0.5754,0.1500000000000341,4.633644226074247,20.0,0.8
3.837,0.34447288513183594,0.34447288513183594,0.15824127197265625,0.57555,0.14999999999997726,4.614949279785138,20.0,0.8
3.838,0.34447288513183594,0.34447288513183594,0.1758251190185547,0.5757,0.1500000000000341,4.603882202148464,20.0,0.8
3.839,0.34485435485839844,0.34485435485839844,0.1758251190185547,0.57585,0.1500000000000341,4.599252807617214,20.0,0.8
3.84,0.34485435485839844,0.34485435485839844,0.1846160888671875,0.576,0.1500000000000341,4.595220031738308,20.0,0.8
3.841,0.34523582458496094,0.34523582458496094,0.1758251190185547,0.57615,0.1500000000000341,4.597623413085966,20.0,0.8
3.842,0.34523582458496094,0.34523582458496094,0.1846160888671875,0.5763,0.14999999999997726,4.593590637207014,20.0,0.8
3.843,0.34523582458496094,0.34523582458496094,0.16703224182128906,0.57645,0.1500000000000341,4.610657714843777,20.0,0.8
3.844,0.34561729431152344,0.34561729431152344,0.16703224182128906,0.5766,0.14999999999997726,4.606028320312482,20.0,0.8
3.845,0.34561729431152344,0.34561729431152344,0.16703224182128906,0.57675,0.14999999999992042,4.6090283203124365,20.0,0.8
3.846,0.34599876403808594,0.34599876403808594,0.14065933227539062,0.5769,0.14999999999997726,4.62549725341795,20.0,0.8
3.847,0.34599876403808594,0.34599876403808594,0.1758251190185547,0.57705,0.14999999999997726,4.600364624023418,20.0,0.8
3.848,0.34638023376464844,0.34638023376464844,0.14945030212402344,0.5771999999999999,0.14999999999997726,4.616835083007793,20.0,0.8
3.849,0.34638023376464844,0.34638023376464844,0.15824127197265625,0.57735,0.14999999999997726,4.612802307128889,20.0,0.8
3.85,0.34638023376464844,0.34638023376464844,0.14945030212402344,0.5775,0.14999999999997726,4.622835083007795,20.0,0.8
3.851,0.34676170349121094,0.34676170349121094,0.1318683624267578,0.57765,0.14999999999997726,4.632271240234357,20.0,0.8
3.852,0.34676170349121094,0.34676170349121094,0.14065933227539062,0.5778,0.1500000000000341,4.628238464355495,20.0,0.8
3.853,0.34676170349121094,0.34676170349121094,0.1318683624267578,0.57795,0.14999999999997726,4.638271240234356,20.0,0.8
3.854,0.34714317321777344,0.34714317321777344,0.1318683624267578,0.5781,0.1500000000000341,4.633641845703152,20.0,0.8
3.855,0.34714317321777344,0.34714317321777344,0.123077392578125,0.5782499999999999,0.14999999999997726,4.6436746215820115,20.0,0.8
3.856,0.34752464294433594,0.34752464294433594,0.16703224182128906,0.5783999999999999,0.15000000000009095,4.603881347656321,20.0,0.8
3.857,0.34752464294433594,0.34752464294433594,0.15824127197265625,0.57855,0.1500000000000341,4.613914123535183,20.0,0.8
3.858,0.34752464294433594,0.34752464294433594,0.14065933227539062,0.5787,0.14999999999997726,4.63097967529295,20.0,0.8
3.859,0.34790611267089844,0.34790611267089844,0.14945030212402344,0.57885,0.1500000000000341,4.61931750488284,20.0,0.8
3.86,0.34790611267089844,0.34790611267089844,0.123077392578125,0.579,0.1500000000000341,4.643415832519557,20.0,0.8
3.861,0.34790611267089844,0.34790611267089844,0.123077392578125,0.57915,0.14999999999997726,4.646415832519514,20.0,0.8
3.862,0.34828758239746094,0.34828758239746094,0.08791160583496094,0.5793,0.14999999999997726,4.669919067382795,20.0,0.8
3.863,0.34828758239746094,0.34828758239746094,0.11428642272949219,0.57945,0.14999999999997726,4.65181921386717,20.0,0.8
3.864,0.34828758239746094,0.34828758239746094,0.123077392578125,0.5796,0.14999999999997726,4.647786437988263,20.0,0.8
3.865,0.34828758239746094,0.34828758239746094,0.10549545288085938,0.57975,0.14999999999997726,4.664851989746075,20.0,0.8
3.866,0.34866905212402344,0.34866905212402344,0.123077392578125,0.5799,0.14999999999997726,4.646157043457012,20.0,0.8
3.867,0.34866905212402344,0.34866905212402344,0.11428642272949219,0.58005,0.14999999999997726,4.656189819335919,20.0,0.8
3.868,0.34866905212402344,0.34866905212402344,0.1318683624267578,0.5801999999999999,0.15000000000009095,4.645124267578197,20.0,0.8
3.869,0.34905052185058594,0.34905052185058594,0.14065933227539062,0.58035,0.1500000000000341,4.633462097167997,20.0,0.8
3.87,0.34905052185058594,0.34905052185058594,0.11428642272949219,0.5805,0.1500000000000341,4.657560424804715,20.0,0.8
3.871,0.34905052185058594,0.34905052185058594,0.123077392578125,0.58065,0.14999999999997726,4.653527648925762,20.0,0.8
3.872,0.34943199157714844,0.34943199157714844,0.10549545288085938,0.5808,0.14999999999997726,4.662963806152325,20.0,0.8
3.873,0.34943199157714844,0.34943199157714844,0.10549545288085938,0.58095,0.14999999999992042,4.66596380615228,20.0,0.8
3.874,0.34943199157714844,0.34943199157714844,0.09670257568359375,0.5811,0.1500000000000341,4.675998107910183,20.0,0.8
3.875,0.34943199157714844,0.34943199157714844,0.10549545288085938,0.5812499999999999,0.1500000000000341,4.67196380615237,20.0,0.8
3.876,0.34981346130371094,0.34981346130371094,0.09670257568359375,0.5813999999999999,0.1500000000000341,4.674368713378932,20.0,0.8
3.8770000000000002,0.34981346130371094,0.34981346130371094,0.11428642272949219,0.58155,0.1500000000000341,4.663301635742215,20.0,0.8
3.878,0.34981346130371094,0.34981346130371094,0.10549545288085938,0.5817,0.14999999999997726,4.6733344116210755,20.0,0.8
3.879,0.35019493103027344,0.35019493103027344,0.11428642272949219,0.58185,0.1500000000000341,4.661672241210964,20.0,0.8
3.88,0.35019493103027344,0.35019493103027344,0.123077392578125,0.582,0.1500000000000341,4.657639465332057,20.0,0.8
3.8810000000000002,0.35019493103027344,0.35019493103027344,0.11428642272949219,0.5821500000000001,0.1500000000000341,4.6676722412109655,20.0,0.8
3.882,0.35057640075683594,0.35057640075683594,0.123077392578125,0.5823,0.14999999999997726,4.656010070800764,20.0,0.8
3.883,0.35057640075683594,0.35057640075683594,0.10549545288085938,0.58245,0.14999999999997726,4.673075622558576,20.0,0.8
3.884,0.35057640075683594,0.35057640075683594,0.10549545288085938,0.5826,0.1500000000000341,4.6760756225586215,20.0,0.8
3.8850000000000002,0.35057640075683594,0.35057640075683594,0.10549545288085938,0.58275,0.14999999999997726,4.679075622558575,20.0,0.8
3.886,0.35095787048339844,0.35095787048339844,0.10549545288085938,0.5829,0.14999999999997726,4.674446228027325,20.0,0.8
3.887,0.35095787048339844,0.35095787048339844,0.10549545288085938,0.58305,0.14999999999997726,4.677446228027325,20.0,0.8
3.888,0.35095787048339844,0.35095787048339844,0.10549545288085938,0.5831999999999999,0.1500000000000341,4.68044622802737,20.0,0.8
3.8890000000000002,0.35095787048339844,0.35095787048339844,0.10549545288085938,0.58335,0.1500000000000341,4.683446228027372,20.0,0.8
3.89,0.35133934020996094,0.35133934020996094,0.123077392578125,0.5835,0.1500000000000341,4.664751281738308,20.0,0.8
3.891,0.35133934020996094,0.35133934020996094,0.11428642272949219,0.58365,0.14999999999997726,4.6747840576171695,20.0,0.8
3.892,0.35133934020996094,0.35133934020996094,0.123077392578125,0.5838,0.14999999999997726,4.670751281738263,20.0,0.8
3.8930000000000002,0.35172080993652344,0.35172080993652344,0.123077392578125,0.58395,0.14999999999997726,4.666121887207012,20.0,0.8
3.894,0.35172080993652344,0.35172080993652344,0.1318683624267578,0.5841,0.1500000000000341,4.662089111328151,20.0,0.8
3.895,0.35172080993652344,0.35172080993652344,0.11428642272949219,0.5842499999999999,0.1500000000000341,4.6791546630859635,20.0,0.8
3.896,0.35210227966308594,0.35210227966308594,0.1318683624267578,0.5843999999999999,0.1500000000000341,4.660459716796901,20.0,0.8
3.8970000000000002,0.35210227966308594,0.35210227966308594,0.09670257568359375,0.58455,0.14999999999997726,4.691592346191388,20.0,0.8
3.898,0.35210227966308594,0.35210227966308594,0.10549545288085938,0.5847,0.14999999999997726,4.687558044433575,20.0,0.8
3.899,0.35210227966308594,0.35210227966308594,0.09670257568359375,0.58485,0.1500000000000341,4.697592346191433,20.0,0.8
3.9,0.35248374938964844,0.35248374938964844,0.123077392578125,0.585,0.1500000000000341,4.6718630981445575,20.0,0.8
3.9010000000000002,0.35248374938964844,0.35248374938964844,0.1318683624267578,0.5851500000000001,0.1500000000000341,4.667830322265654,20.0,0.8
3.902,0.35286521911621094,0.35286521911621094,0.1758251190185547,0.5853,0.14999999999997726,4.62803552246092,20.0,0.8
3.903,0.35286521911621094,0.35286521911621094,0.15824127197265625,0.58545,0.14999999999997726,4.645102600097639,20.0,0.8
3.904,0.35286521911621094,0.35286521911621094,0.1758251190185547,0.5856,0.14999999999997726,4.634035522460919,20.0,0.8
3.9050000000000002,0.35324668884277344,0.35324668884277344,0.16703224182128906,0.58575,0.14999999999992042,4.636440429687436,20.0,0.8
3.906,0.35324668884277344,0.35324668884277344,0.1758251190185547,0.5859,0.14999999999997726,4.632406127929669,20.0,0.8
3.907,0.35362815856933594,0.35362815856933594,0.14945030212402344,0.58605,0.14999999999997726,4.648876586914043,20.0,0.8
3.908,0.35362815856933594,0.35362815856933594,0.14945030212402344,0.5861999999999999,0.1500000000000341,4.651876586914089,20.0,0.8
3.9090000000000003,0.35362815856933594,0.35362815856933594,0.123077392578125,0.58635,0.14999999999997726,4.675974914550763,20.0,0.8
3.91,0.35400962829589844,0.35400962829589844,0.123077392578125,0.5865,0.1500000000000341,4.671345520019559,20.0,0.8
3.911,0.35400962829589844,0.35400962829589844,0.123077392578125,0.58665,0.14999999999997726,4.674345520019513,20.0,0.8
3.912,0.35400962829589844,0.35400962829589844,0.11428642272949219,0.5868,0.14999999999997726,4.684378295898419,20.0,0.8
3.9130000000000003,0.35439109802246094,0.35439109802246094,0.11428642272949219,0.58695,0.14999999999992042,4.679748901367123,20.0,0.8
3.914,0.35439109802246094,0.35439109802246094,0.11428642272949219,0.5871,0.1500000000000341,4.682748901367214,20.0,0.8
3.915,0.35439109802246094,0.35439109802246094,0.10549545288085938,0.5872499999999999,0.1500000000000341,4.692781677246121,20.0,0.8
3.916,0.35477256774902344,0.35477256774902344,0.11428642272949219,0.5873999999999999,0.1500000000000341,4.681119506835963,20.0,0.8
3.9170000000000003,0.35477256774902344,0.35477256774902344,0.09670257568359375,0.58755,0.14999999999997726,4.698186584472638,20.0,0.8
3.918,0.35477256774902344,0.35477256774902344,0.11428642272949219,0.5877,0.14999999999997726,4.687119506835919,20.0,0.8
3.919,0.35477256774902344,0.35477256774902344,0.08791160583496094,0.58785,0.14999999999997726,4.711219360351544,20.0,0.8
3.92,0.35515403747558594,0.35515403747558594,0.08791160583496094,0.588,0.1500000000000341,4.706589965820339,20.0,0.8
3.9210000000000003,0.35515403747558594,0.35515403747558594,0.08791160583496094,0.5881500000000001,0.14999999999997726,4.709589965820296,20.0,0.8
3.922,0.35515403747558594,0.35515403747558594,0.08791160583496094,0.5883,0.14999999999997726,4.712589965820295,20.0,0.8
3.923,0.35515403747558594,0.35515403747558594,0.08791160583496094,0.58845,0.14999999999997726,4.715589965820294,20.0,0.8
3.924,0.35553550720214844,0.35553550720214844,0.07032966613769531,0.5886,0.14999999999992042,4.725026123046812,20.0,0.8
3.9250000000000003,0.35553550720214844,0.35553550720214844,0.10549545288085938,0.58875,0.14999999999992042,4.69989349365228,20.0,0.8
3.926,0.35553550720214844,0.35553550720214844,0.11428642272949219,0.5889,0.1500000000000341,4.695860717773464,20.0,0.8
3.927,0.35553550720214844,0.35553550720214844,0.123077392578125,0.58905,0.14999999999997726,4.691827941894512,20.0,0.8
3.928,0.35591697692871094,0.35591697692871094,0.123077392578125,0.5892,0.1500000000000341,4.687198547363307,20.0,0.8
3.9290000000000003,0.35591697692871094,0.35591697692871094,0.14065933227539062,0.58935,0.1500000000000341,4.676132995605497,20.0,0.8
3.93,0.35591697692871094,0.35591697692871094,0.123077392578125,0.5895,0.1500000000000341,4.693198547363309,20.0,0.8
3.931,0.35629844665527344,0.35629844665527344,0.10549545288085938,0.58965,0.1500000000000341,4.7026347045898715,20.0,0.8
3.932,0.35629844665527344,0.35629844665527344,0.10549545288085938,0.5898,0.14999999999997726,4.705634704589825,20.0,0.8
3.9330000000000003,0.35629844665527344,0.35629844665527344,0.08791160583496094,0.58995,0.14999999999992042,4.7227017822264985,20.0,0.8
3.934,0.35629844665527344,0.35629844665527344,0.08791160583496094,0.5901,0.14999999999997726,4.725701782226544,20.0,0.8
3.935,0.35667991638183594,0.35667991638183594,0.08791160583496094,0.5902499999999999,0.1500000000000341,4.721072387695338,20.0,0.8
3.936,0.35667991638183594,0.35667991638183594,0.07912063598632812,0.5903999999999999,0.14999999999997726,4.731105163574199,20.0,0.8
3.9370000000000003,0.35667991638183594,0.35667991638183594,0.08791160583496094,0.59055,0.14999999999997726,4.727072387695294,20.0,0.8
3.938,0.35667991638183594,0.35667991638183594,0.07912063598632812,0.5907,0.14999999999997726,4.737105163574201,20.0,0.8
3.939,0.35706138610839844,0.35706138610839844,0.07032966613769531,0.59085,0.14999999999997726,4.739508544921857,20.0,0.8
3.94,0.35706138610839844,0.35706138610839844,0.08791160583496094,0.591,0.14999999999997726,4.728442993164044,20.0,0.8
3.9410000000000003,0.35706138610839844,0.35706138610839844,0.08791160583496094,0.5911500000000001,0.1500000000000341,4.731442993164091,20.0,0.8
3.942,0.35706138610839844,0.35706138610839844,0.08791160583496094,0.5913,0.14999999999997726,4.734442993164045,20.0,0.8
3.943,0.35706138610839844,0.35706138610839844,0.07912063598632812,0.59145,0.14999999999997726,4.7444757690429515,20.0,0.8
3.944,0.35744285583496094,0.35744285583496094,0.09670257568359375,0.5916,0.14999999999997726,4.725780822753888,20.0,0.8
3.9450000000000003,0.35744285583496094,0.35744285583496094,0.08791160583496094,0.59175,0.14999999999997726,4.735813598632794,20.0,0.8
3.946,0.35744285583496094,0.35744285583496094,0.07912063598632812,0.5919,0.1500000000000341,4.745846374511745,20.0,0.8
3.947,0.35744285583496094,0.35744285583496094,0.07032966613769531,0.59205,0.14999999999997726,4.755879150390606,20.0,0.8
3.948,0.35744285583496094,0.35744285583496094,0.07912063598632812,0.5922,0.15000000000009095,4.751846374511791,20.0,0.8
3.9490000000000003,0.35782432556152344,0.35782432556152344,0.07912063598632812,0.59235,0.14999999999997726,4.747216979980452,20.0,0.8
3.95,0.35782432556152344,0.35782432556152344,0.07032966613769531,0.5925,0.1500000000000341,4.7572497558594025,20.0,0.8
3.951,0.35782432556152344,0.35782432556152344,0.07912063598632812,0.59265,0.1500000000000341,4.753216979980496,20.0,0.8
3.952,0.35782432556152344,0.35782432556152344,0.07032966613769531,0.5928,0.14999999999997726,4.7632497558593565,20.0,0.8
3.9530000000000003,0.35782432556152344,0.35782432556152344,0.08791160583496094,0.59295,0.14999999999997726,4.752184204101544,20.0,0.8
3.954,0.35820579528808594,0.35820579528808594,0.07912063598632812,0.5931,0.14999999999997726,4.7545875854492,20.0,0.8
3.955,0.35820579528808594,0.35820579528808594,0.09670257568359375,0.5932499999999999,0.1500000000000341,4.743522033691432,20.0,0.8
3.956,0.35820579528808594,0.35820579528808594,0.10549545288085938,0.5933999999999999,0.15000000000009095,4.739487731933665,20.0,0.8
3.9570000000000003,0.35820579528808594,0.35820579528808594,0.09670257568359375,0.59355,0.1500000000000341,4.749522033691434,20.0,0.8
3.958,0.35858726501464844,0.35858726501464844,0.10549545288085938,0.5937,0.14999999999997726,4.737858337402326,20.0,0.8
3.959,0.35858726501464844,0.35858726501464844,0.11428642272949219,0.59385,0.14999999999997726,4.733825561523419,20.0,0.8
3.96,0.35858726501464844,0.35858726501464844,0.10549545288085938,0.594,0.15000000000009095,4.743858337402416,20.0,0.8
3.9610000000000003,0.35896873474121094,0.35896873474121094,0.09670257568359375,0.5941500000000001,0.14999999999997726,4.746263244628889,20.0,0.8
3.962,0.35896873474121094,0.35896873474121094,0.09670257568359375,0.5943,0.14999999999997726,4.749263244628889,20.0,0.8
3.963,0.35896873474121094,0.35896873474121094,0.07912063598632812,0.59445,0.14999999999997726,4.766328796386702,20.0,0.8
3.964,0.35896873474121094,0.35896873474121094,0.08791160583496094,0.5946,0.14999999999997726,4.762296020507795,20.0,0.8
3.9650000000000003,0.35896873474121094,0.35896873474121094,0.07912063598632812,0.59475,0.14999999999997726,4.7723287963867005,20.0,0.8
3.966,0.35935020446777344,0.35935020446777344,0.07912063598632812,0.5949,0.1500000000000341,4.767699401855496,20.0,0.8
3.967,0.35935020446777344,0.35935020446777344,0.07912063598632812,0.59505,0.14999999999997726,4.770699401855451,20.0,0.8
3.968,0.35935020446777344,0.35935020446777344,0.0615386962890625,0.5952,0.14999999999997726,4.787764953613262,20.0,0.8
3.969,0.35935020446777344,0.35935020446777344,0.07912063598632812,0.5953499999999999,0.1500000000000341,4.7766994018554945,20.0,0.8
3.97,0.35935020446777344,0.35935020446777344,0.07912063598632812,0.5955,0.1500000000000341,4.779699401855496,20.0,0.8
3.971,0.35973167419433594,0.35973167419433594,0.07912063598632812,0.59565,0.1500000000000341,4.7750700073242465,20.0,0.8
3.972,0.35973167419433594,0.35973167419433594,0.07912063598632812,0.5958,0.1500000000000341,4.778070007324247,20.0,0.8
3.973,0.35973167419433594,0.35973167419433594,0.07912063598632812,0.59595,0.14999999999997726,4.7810700073242005,20.0,0.8
3.974,0.35973167419433594,0.35973167419433594,0.07912063598632812,0.5961,0.14999999999992042,4.7840700073241536,20.0,0.8
3.975,0.36011314392089844,0.36011314392089844,0.08791160583496094,0.59625,0.14999999999997726,4.772407836914043,20.0,0.8
3.976,0.36011314392089844,0.36011314392089844,0.07912063598632812,0.5963999999999999,0.1500000000000341,4.782440612792995,20.0,0.8
3.977,0.36011314392089844,0.36011314392089844,0.0615386962890625,0.5965499999999999,0.1500000000000341,4.799506164550807,20.0,0.8
3.978,0.36011314392089844,0.36011314392089844,0.07032966613769531,0.5967,0.14999999999997726,4.795473388671857,20.0,0.8
3.979,0.36011314392089844,0.36011314392089844,0.08791160583496094,0.59685,0.14999999999997726,4.784407836914044,20.0,0.8
3.98,0.36049461364746094,0.36049461364746094,0.07032966613769531,0.597,0.14999999999997726,4.793843994140606,20.0,0.8
3.981,0.36049461364746094,0.36049461364746094,0.07032966613769531,0.59715,0.14999999999997726,4.796843994140606,20.0,0.8
3.982,0.36049461364746094,0.36049461364746094,0.08791160583496094,0.5973,0.1500000000000341,4.785778442382841,20.0,0.8
3.983,0.36049461364746094,0.36049461364746094,0.07912063598632812,0.59745,0.14999999999997726,4.795811218261702,20.0,0.8
3.984,0.36049461364746094,0.36049461364746094,0.08791160583496094,0.5976,0.14999999999997726,4.791778442382794,20.0,0.8
3.985,0.36087608337402344,0.36087608337402344,0.11428642272949219,0.59775,0.14999999999997726,4.76604919433592,20.0,0.8
3.986,0.36087608337402344,0.36087608337402344,0.14065933227539062,0.5979,0.14999999999997726,4.747950866699201,20.0,0.8
3.987,0.36087608337402344,0.36087608337402344,0.15824127197265625,0.59805,0.1500000000000341,4.736885314941433,20.0,0.8
3.988,0.36125755310058594,0.36125755310058594,0.1758251190185547,0.5982,0.14999999999997726,4.718188842773418,20.0,0.8
3.989,0.36125755310058594,0.36125755310058594,0.15824127197265625,0.5983499999999999,0.1500000000000341,4.735255920410182,20.0,0.8
3.99,0.36163902282714844,0.36163902282714844,0.15824127197265625,0.5985,0.14999999999997726,4.730626525878889,20.0,0.8
3.991,0.36163902282714844,0.36163902282714844,0.14065933227539062,0.59865,0.1500000000000341,4.747692077636747,20.0,0.8
3.992,0.36163902282714844,0.36163902282714844,0.1318683624267578,0.5988,0.1500000000000341,4.757724853515652,20.0,0.8
3.993,0.36202049255371094,0.36202049255371094,0.11428642272949219,0.59895,0.14999999999997726,4.767161010742169,20.0,0.8
3.994,0.36202049255371094,0.36202049255371094,0.10549545288085938,0.5991,0.14999999999997726,4.7771937866210745,20.0,0.8
3.995,0.36202049255371094,0.36202049255371094,0.08791160583496094,0.59925,0.14999999999997726,4.794260864257794,20.0,0.8
3.996,0.36240196228027344,0.36240196228027344,0.09670257568359375,0.5993999999999999,0.1500000000000341,4.7825986938476825,20.0,0.8
3.997,0.36240196228027344,0.36240196228027344,0.07032966613769531,0.5995499999999999,0.15000000000009095,4.806697021484446,20.0,0.8
3.998,0.36240196228027344,0.36240196228027344,0.08791160583496094,0.5997,0.1500000000000341,4.795631469726589,20.0,0.8
3.999,0.36240196228027344,0.36240196228027344,0.07912063598632812,0.59985,0.14999999999997726,4.805664245605451,20.0,0.8
4.0,0.36240196228027344,0.36240196228027344,0.07032966613769531,0.6,0.1500000000000341,4.815697021484402,20.0,0.8
4.001,0.36278343200683594,0.36278343200683594,0.07032966613769531,0.6001500000000001,0.14999999999997726,4.8110676269531085,20.0,0.8
4.002,0.36278343200683594,0.36278343200683594,0.07032966613769531,0.6003,0.1500000000000341,4.81406762695315,20.0,0.8
4.003,0.36278343200683594,0.36278343200683594,0.08791160583496094,0.60045,0.14999999999997726,4.803002075195295,20.0,0.8
4.0040000000000004,0.36278343200683594,0.36278343200683594,0.07032966613769531,0.6006,0.14999999999997726,4.820067626953107,20.0,0.8
4.005,0.36278343200683594,0.36278343200683594,0.07032966613769531,0.60075,0.1500000000000341,4.8230676269531525,20.0,0.8
4.006,0.36278343200683594,0.36278343200683594,0.05274772644042969,0.6009,0.14999999999997726,4.840133178710919,20.0,0.8
4.007,0.36316490173339844,0.36316490173339844,0.0615386962890625,0.60105,0.14999999999997726,4.828471008300762,20.0,0.8
4.008,0.36316490173339844,0.36316490173339844,0.07032966613769531,0.6012,0.14999999999997726,4.824438232421856,20.0,0.8
4.009,0.36316490173339844,0.36316490173339844,0.05274772644042969,0.60135,0.14999999999997726,4.84150378417967,20.0,0.8
4.01,0.36316490173339844,0.36316490173339844,0.07032966613769531,0.6014999999999999,0.14999999999997726,4.830438232421855,20.0,0.8
4.011,0.36316490173339844,0.36316490173339844,0.0615386962890625,0.60165,0.14999999999997726,4.840471008300764,20.0,0.8
4.0120000000000005,0.36316490173339844,0.36316490173339844,0.043956756591796875,0.6018,0.14999999999997726,4.857536560058575,20.0,0.8
4.013,0.36354637145996094,0.36354637145996094,0.07032966613769531,0.60195,0.14999999999997726,4.831808837890606,20.0,0.8
4.014,0.36354637145996094,0.36354637145996094,0.08791160583496094,0.6021,0.14999999999997726,4.820743286132794,20.0,0.8
4.015,0.36354637145996094,0.36354637145996094,0.07912063598632812,0.60225,0.14999999999997726,4.8307760620117,20.0,0.8
4.016,0.36354637145996094,0.36354637145996094,0.09670257568359375,0.6023999999999999,0.14999999999997726,4.819710510253886,20.0,0.8
4.017,0.36392784118652344,0.36392784118652344,0.123077392578125,0.60255,0.14999999999997726,4.793981262207013,20.0,0.8
4.018,0.36392784118652344,0.36392784118652344,0.10549545288085938,0.6026999999999999,0.14999999999997726,4.811046813964824,20.0,0.8
4.019,0.36392784118652344,0.36392784118652344,0.14065933227539062,0.60285,0.1500000000000341,4.785915710449246,20.0,0.8
4.0200000000000005,0.36430931091308594,0.36430931091308594,0.14065933227539062,0.6030000000000001,0.14999999999997726,4.781286315917953,20.0,0.8
4.021,0.36430931091308594,0.36430931091308594,0.1318683624267578,0.60315,0.1500000000000341,4.791319091796901,20.0,0.8
4.022,0.36430931091308594,0.36430931091308594,0.123077392578125,0.6033000000000001,0.14999999999992042,4.801351867675718,20.0,0.8
4.023,0.36469078063964844,0.36469078063964844,0.11428642272949219,0.6034499999999999,0.15000000000009095,4.803755249023509,20.0,0.8
4.024,0.36469078063964844,0.36469078063964844,0.09670257568359375,0.6036,0.14999999999997726,4.820822326660139,20.0,0.8
4.025,0.36469078063964844,0.36469078063964844,0.07912063598632812,0.60375,0.14999999999992042,4.837887878417905,20.0,0.8
4.026,0.36469078063964844,0.36469078063964844,0.07032966613769531,0.6039,0.1500000000000341,4.847920654296901,20.0,0.8
4.027,0.36469078063964844,0.36469078063964844,0.07032966613769531,0.60405,0.1500000000000341,4.8509206542969014,20.0,0.8
4.0280000000000005,0.36507225036621094,0.36507225036621094,0.043956756591796875,0.6042000000000001,0.14999999999992042,4.867389587402282,20.0,0.8
4.029,0.36507225036621094,0.36507225036621094,0.07032966613769531,0.6043499999999999,0.1500000000000341,4.849291259765651,20.0,0.8
4.03,0.36507225036621094,0.36507225036621094,0.05274772644042969,0.6045,0.14999999999997726,4.86635681152342,20.0,0.8
4.031,0.36507225036621094,0.36507225036621094,0.05274772644042969,0.6046499999999999,0.15000000000009095,4.869356811523509,20.0,0.8
4.032,0.36507225036621094,0.36507225036621094,0.03516578674316406,0.6048,0.14999999999997726,4.886422363281232,20.0,0.8
4.033,0.36507225036621094,0.36507225036621094,0.0615386962890625,0.60495,0.14999999999997726,4.868324035644513,20.0,0.8
4.034,0.36507225036621094,0.36507225036621094,0.05274772644042969,0.6051,0.1500000000000341,4.878356811523465,20.0,0.8
4.035,0.36545372009277344,0.36545372009277344,0.043956756591796875,0.60525,0.1500000000000341,4.8807601928711195,20.0,0.8
4.0360000000000005,0.36545372009277344,0.36545372009277344,0.07912063598632812,0.6054,0.14999999999997726,4.8556290893554515,20.0,0.8
4.037,0.36545372009277344,0.36545372009277344,0.07032966613769531,0.6055499999999999,0.1500000000000341,4.865661865234401,20.0,0.8
4.038,0.36545372009277344,0.36545372009277344,0.07912063598632812,0.6057,0.14999999999997726,4.861629089355452,20.0,0.8
4.039,0.36545372009277344,0.36545372009277344,0.07032966613769531,0.6058499999999999,0.1500000000000341,4.871661865234399,20.0,0.8
4.04,0.36545372009277344,0.36545372009277344,0.0615386962890625,0.606,0.15000000000009095,4.881694641113353,20.0,0.8
4.041,0.36583518981933594,0.36583518981933594,0.07032966613769531,0.6061500000000001,0.14999999999997726,4.870032470703108,20.0,0.8
4.042,0.36583518981933594,0.36583518981933594,0.05274772644042969,0.6063,0.1500000000000341,4.887098022460965,20.0,0.8
4.043,0.36583518981933594,0.36583518981933594,0.05274772644042969,0.60645,0.14999999999997726,4.89009802246092,20.0,0.8
4.0440000000000005,0.36583518981933594,0.36583518981933594,0.05274772644042969,0.6066,0.14999999999997726,4.8930980224609195,20.0,0.8
4.045,0.36583518981933594,0.36583518981933594,0.0615386962890625,0.60675,0.14999999999997726,4.889065246582013,20.0,0.8
4.046,0.36583518981933594,0.36583518981933594,0.043956756591796875,0.6069,0.14999999999997726,4.9061307983398255,20.0,0.8
4.047,0.36583518981933594,0.36583518981933594,0.05274772644042969,0.60705,0.1500000000000341,4.902098022460965,20.0,0.8
4.048,0.36621665954589844,0.36621665954589844,0.043956756591796875,0.6072,0.1500000000000341,4.90450140380862,20.0,0.8
4.049,0.36621665954589844,0.36621665954589844,0.043956756591796875,0.6073500000000001,0.14999999999997726,4.907501403808577,20.0,0.8
4.05,0.36621665954589844,0.36621665954589844,0.05274772644042969,0.6074999999999999,0.1500000000000341,4.903468627929714,20.0,0.8
4.051,0.36621665954589844,0.36621665954589844,0.043956756591796875,0.60765,0.14999999999997726,4.913501403808576,20.0,0.8
4.0520000000000005,0.36621665954589844,0.36621665954589844,0.07912063598632812,0.6078,0.14999999999997726,4.8883703002929515,20.0,0.8
4.053,0.36621665954589844,0.36621665954589844,0.05274772644042969,0.60795,0.14999999999997726,4.912468627929669,20.0,0.8
4.054,0.36659812927246094,0.36659812927246094,0.07912063598632812,0.6081,0.14999999999997726,4.8867409057617,20.0,0.8
4.055,0.36659812927246094,0.36659812927246094,0.08791160583496094,0.60825,0.1500000000000341,4.882708129882839,20.0,0.8
4.056,0.36659812927246094,0.36659812927246094,0.08791160583496094,0.6083999999999999,0.14999999999997726,4.885708129882794,20.0,0.8
4.057,0.36659812927246094,0.36659812927246094,0.09670257568359375,0.60855,0.14999999999997726,4.881675354003889,20.0,0.8
4.058,0.36659812927246094,0.36659812927246094,0.08791160583496094,0.6086999999999999,0.1500000000000341,4.891708129882837,20.0,0.8
4.059,0.36697959899902344,0.36697959899902344,0.08791160583496094,0.60885,0.1500000000000341,4.887078735351589,20.0,0.8
4.0600000000000005,0.36697959899902344,0.36697959899902344,0.08791160583496094,0.6090000000000001,0.14999999999997726,4.890078735351546,20.0,0.8
4.061,0.36697959899902344,0.36697959899902344,0.07912063598632812,0.60915,0.15000000000009095,4.900111511230541,20.0,0.8
4.062,0.36697959899902344,0.36697959899902344,0.07912063598632812,0.6093000000000001,0.14999999999997726,4.903111511230453,20.0,0.8
4.063,0.36736106872558594,0.36736106872558594,0.07032966613769531,0.6094499999999999,0.15000000000009095,4.905514892578196,20.0,0.8
4.064,0.36736106872558594,0.36736106872558594,0.05274772644042969,0.6096,0.14999999999997726,4.922580444335919,20.0,0.8
4.065,0.36736106872558594,0.36736106872558594,0.03516578674316406,0.60975,0.14999999999997726,4.9396459960937324,20.0,0.8
4.066,0.36736106872558594,0.36736106872558594,0.043956756591796875,0.6099,0.15000000000009095,4.9356132202149166,20.0,0.8
4.067,0.36736106872558594,0.36736106872558594,0.026372909545898438,0.61005,0.14999999999997726,4.952680297851544,20.0,0.8
4.0680000000000005,0.36736106872558594,0.36736106872558594,0.043956756591796875,0.6102000000000001,0.14999999999997726,4.941613220214827,20.0,0.8
4.069,0.36736106872558594,0.36736106872558594,0.026372909545898438,0.61035,0.15000000000009095,4.958680297851634,20.0,0.8
4.07,0.36736106872558594,0.36736106872558594,0.026372909545898438,0.6105,0.14999999999997726,4.9616802978515455,20.0,0.8
4.071,0.36736106872558594,0.36736106872558594,0.03516578674316406,0.6106499999999999,0.1500000000000341,4.957645996093776,20.0,0.8
4.072,0.36736106872558594,0.36736106872558594,0.03516578674316406,0.6108,0.14999999999997726,4.960645996093732,20.0,0.8
4.073,0.36736106872558594,0.36736106872558594,0.043956756591796875,0.61095,0.14999999999997726,4.956613220214825,20.0,0.8
4.074,0.36774253845214844,0.36774253845214844,0.05274772644042969,0.6111,0.1500000000000341,4.944951049804715,20.0,0.8
4.075,0.36774253845214844,0.36774253845214844,0.05274772644042969,0.61125,0.14999999999997726,4.947951049804669,20.0,0.8
4.0760000000000005,0.36774253845214844,0.36774253845214844,0.07912063598632812,0.6114,0.14999999999997726,4.9298527221679525,20.0,0.8
4.077,0.36774253845214844,0.36774253845214844,0.07032966613769531,0.6115499999999999,0.1500000000000341,4.9398854980469,20.0,0.8
4.078,0.36774253845214844,0.36774253845214844,0.07912063598632812,0.6117,0.14999999999997726,4.935852722167951,20.0,0.8
4.079,0.36812400817871094,0.36812400817871094,0.10549545288085938,0.6118499999999999,0.1500000000000341,4.91012347412112,20.0,0.8
4.08,0.36812400817871094,0.36812400817871094,0.08791160583496094,0.612,0.1500000000000341,4.92719055175784,20.0,0.8
4.081,0.36812400817871094,0.36812400817871094,0.10549545288085938,0.6121500000000001,0.14999999999997726,4.916123474121077,20.0,0.8
4.082,0.36812400817871094,0.36812400817871094,0.08791160583496094,0.6123,0.1500000000000341,4.933190551757838,20.0,0.8
4.083,0.36850547790527344,0.36850547790527344,0.07912063598632812,0.61245,0.14999999999997726,4.9355939331054515,20.0,0.8
4.0840000000000005,0.36850547790527344,0.36850547790527344,0.08791160583496094,0.6126,0.14999999999997726,4.931561157226545,20.0,0.8
4.085,0.36850547790527344,0.36850547790527344,0.07032966613769531,0.61275,0.1500000000000341,4.948626708984403,20.0,0.8
4.086,0.36850547790527344,0.36850547790527344,0.05274772644042969,0.6129,0.14999999999992042,4.965692260742124,20.0,0.8
4.087,0.36850547790527344,0.36850547790527344,0.05274772644042969,0.61305,0.1500000000000341,4.968692260742214,20.0,0.8
4.088,0.36850547790527344,0.36850547790527344,0.05274772644042969,0.6132,0.14999999999997726,4.971692260742168,20.0,0.8
4.089,0.36888694763183594,0.36888694763183594,0.05274772644042969,0.6133500000000001,0.14999999999997726,4.96706286621092,20.0,0.8
4.09,0.36888694763183594,0.36888694763183594,0.03516578674316406,0.6134999999999999,0.1500000000000341,4.984128417968776,20.0,0.8
4.091,0.36888694763183594,0.36888694763183594,0.043956756591796875,0.61365,0.14999999999997726,4.980095642089826,20.0,0.8
4.0920000000000005,0.36888694763183594,0.36888694763183594,0.03516578674316406,0.6138,0.14999999999997726,4.990128417968732,20.0,0.8
4.093,0.36888694763183594,0.36888694763183594,0.026372909545898438,0.61395,0.1500000000000341,5.00016271972659,20.0,0.8
4.094,0.36888694763183594,0.36888694763183594,0.043956756591796875,0.6141,0.14999999999997726,4.989095642089826,20.0,0.8
4.095,0.36888694763183594,0.36888694763183594,0.043956756591796875,0.61425,0.1500000000000341,4.99209564208987,20.0,0.8
4.096,0.36888694763183594,0.36888694763183594,0.0615386962890625,0.6144,0.14999999999997726,4.981030090332012,20.0,0.8
4.097,0.36888694763183594,0.36888694763183594,0.07032966613769531,0.61455,0.1500000000000341,4.976997314453152,20.0,0.8
4.098,0.36926841735839844,0.36926841735839844,0.07912063598632812,0.6146999999999999,0.1500000000000341,4.965335144042995,20.0,0.8
4.099,0.36926841735839844,0.36926841735839844,0.09670257568359375,0.61485,0.14999999999997726,4.954269592285138,20.0,0.8
4.1,0.36926841735839844,0.36926841735839844,0.10549545288085938,0.6149999999999999,0.1500000000000341,4.9502352905273685,20.0,0.8
4.101,0.36926841735839844,0.36926841735839844,0.09670257568359375,0.61515,0.1500000000000341,4.960269592285183,20.0,0.8
4.102,0.36964988708496094,0.36964988708496094,0.11428642272949219,0.6153000000000001,0.14999999999992042,4.941573120117125,20.0,0.8
4.103,0.36964988708496094,0.36964988708496094,0.11428642272949219,0.6154499999999999,0.1500000000000341,4.944573120117214,20.0,0.8
4.104,0.36964988708496094,0.36964988708496094,0.11428642272949219,0.6156,0.14999999999997726,4.947573120117171,20.0,0.8
4.105,0.37003135681152344,0.37003135681152344,0.09670257568359375,0.61575,0.14999999999992042,4.957010803222593,20.0,0.8
4.106,0.37003135681152344,0.37003135681152344,0.09670257568359375,0.6159,0.1500000000000341,4.9600108032226835,20.0,0.8
4.107,0.37003135681152344,0.37003135681152344,0.05274772644042969,0.61605,0.14999999999992042,4.998174682617123,20.0,0.8
4.108,0.37003135681152344,0.37003135681152344,0.07912063598632812,0.6162,0.1500000000000341,4.980076354980496,20.0,0.8
4.109,0.37003135681152344,0.37003135681152344,0.0615386962890625,0.61635,0.14999999999997726,4.997141906738262,20.0,0.8
4.11,0.37003135681152344,0.37003135681152344,0.026372909545898438,0.6165,0.14999999999992042,5.028274536132749,20.0,0.8
4.111,0.37003135681152344,0.37003135681152344,0.03516578674316406,0.6166499999999999,0.1500000000000341,5.024240234375026,20.0,0.8
4.112,0.37041282653808594,0.37041282653808594,0.017581939697265625,0.6168,0.1500000000000341,5.033677917480496,20.0,0.8
4.113,0.37041282653808594,0.37041282653808594,0.026372909545898438,0.61695,0.14999999999992042,5.029645141601499,20.0,0.8
4.114,0.37041282653808594,0.37041282653808594,0.008790969848632812,0.6171,0.1500000000000341,5.046710693359402,20.0,0.8
4.115,0.37041282653808594,0.37041282653808594,0.017581939697265625,0.61725,0.14999999999992042,5.042677917480404,20.0,0.8
4.116,0.37041282653808594,0.37041282653808594,0.017581939697265625,0.6174,0.1500000000000341,5.045677917480495,20.0,0.8
4.117,0.37041282653808594,0.37041282653808594,0.026372909545898438,0.6175499999999999,0.1500000000000341,5.041645141601589,20.0,0.8
4.118,0.37041282653808594,0.37041282653808594,0.03516578674316406,0.6177,0.14999999999992042,5.037610839843687,20.0,0.8
4.119,0.37041282653808594,0.37041282653808594,0.026372909545898438,0.6178499999999999,0.1500000000000341,5.0476451416015875,20.0,0.8
4.12,0.37041282653808594,0.37041282653808594,0.05274772644042969,0.618,0.1500000000000341,5.029545288085965,20.0,0.8
4.121,0.37041282653808594,0.37041282653808594,0.05274772644042969,0.6181500000000001,0.14999999999992042,5.032545288085875,20.0,0.8
4.122,0.37041282653808594,0.37041282653808594,0.07032966613769531,0.6183,0.1500000000000341,5.021479736328152,20.0,0.8
4.123,0.37079429626464844,0.37079429626464844,0.07032966613769531,0.61845,0.14999999999997726,5.016850341796858,20.0,0.8
4.124,0.37079429626464844,0.37079429626464844,0.07032966613769531,0.6185999999999999,0.1500000000000341,5.0198503417969,20.0,0.8
4.125,0.37079429626464844,0.37079429626464844,0.10549545288085938,0.61875,0.1500000000000341,4.994717712402371,20.0,0.8
4.126,0.37079429626464844,0.37079429626464844,0.09670257568359375,0.6189,0.14999999999997726,5.004752014160138,20.0,0.8
4.127,0.37079429626464844,0.37079429626464844,0.08791160583496094,0.61905,0.1500000000000341,5.01478479003909,20.0,0.8
4.128,0.37117576599121094,0.37117576599121094,0.11428642272949219,0.6192,0.14999999999997726,4.989055541992169,20.0,0.8
4.1290000000000004,0.37117576599121094,0.37117576599121094,0.09670257568359375,0.6193500000000001,0.14999999999997726,5.006122619628889,20.0,0.8
4.13,0.37117576599121094,0.37117576599121094,0.09670257568359375,0.6194999999999999,0.1500000000000341,5.009122619628933,20.0,0.8
4.131,0.37117576599121094,0.37117576599121094,0.08791160583496094,0.61965,0.14999999999997726,5.019155395507795,20.0,0.8
4.132,0.37155723571777344,0.37155723571777344,0.08791160583496094,0.6197999999999999,0.14999999999997726,5.014526000976542,20.0,0.8
4.133,0.37155723571777344,0.37155723571777344,0.05274772644042969,0.61995,0.14999999999997726,5.045657104492169,20.0,0.8
4.134,0.37155723571777344,0.37155723571777344,0.043956756591796875,0.6201,0.14999999999997726,5.055689880371075,20.0,0.8
4.135,0.37155723571777344,0.37155723571777344,0.03516578674316406,0.62025,0.14999999999997726,5.0657226562499815,20.0,0.8
4.136,0.37155723571777344,0.37155723571777344,0.03516578674316406,0.6204,0.14999999999997726,5.068722656249982,20.0,0.8
4.1370000000000005,0.37155723571777344,0.37155723571777344,0.026372909545898438,0.62055,0.14999999999997726,5.078756958007796,20.0,0.8
4.138,0.37155723571777344,0.37155723571777344,0.03516578674316406,0.6206999999999999,0.14999999999997726,5.07472265624998,20.0,0.8
4.139,0.37155723571777344,0.37155723571777344,0.026372909545898438,0.62085,0.14999999999997726,5.0847569580077945,20.0,0.8
4.14,0.37155723571777344,0.37155723571777344,0.0,0.6209999999999999,0.14999999999997726,5.108855285644511,20.0,0.8
4.141,0.37155723571777344,0.37155723571777344,0.026372909545898438,0.62115,0.1500000000000341,5.09075695800784,20.0,0.8
4.142,0.37193870544433594,0.37193870544433594,0.017581939697265625,0.6213000000000001,0.14999999999997726,5.093160339355452,20.0,0.8
4.143,0.37193870544433594,0.37193870544433594,0.017581939697265625,0.62145,0.1500000000000341,5.096160339355494,20.0,0.8
4.144,0.37193870544433594,0.37193870544433594,0.017581939697265625,0.6216,0.14999999999997726,5.099160339355451,20.0,0.8
4.1450000000000005,0.37193870544433594,0.37193870544433594,0.026372909545898438,0.62175,0.14999999999992042,5.095127563476499,20.0,0.8
4.146,0.37193870544433594,0.37193870544433594,0.017581939697265625,0.6219,0.1500000000000341,5.105160339355496,20.0,0.8
4.147,0.37193870544433594,0.37193870544433594,0.03516578674316406,0.62205,0.14999999999992042,5.094093261718686,20.0,0.8
4.148,0.37193870544433594,0.37193870544433594,0.043956756591796875,0.6222,0.1500000000000341,5.09006048583987,20.0,0.8
4.149,0.37193870544433594,0.37193870544433594,0.05274772644042969,0.62235,0.14999999999997726,5.086027709960918,20.0,0.8
4.15,0.37193870544433594,0.37193870544433594,0.05274772644042969,0.6225,0.14999999999992042,5.089027709960875,20.0,0.8
4.151,0.37193870544433594,0.37193870544433594,0.0615386962890625,0.6226499999999999,0.1500000000000341,5.084994934082057,20.0,0.8
4.152,0.37232017517089844,0.37232017517089844,0.08791160583496094,0.6228,0.14999999999997726,5.059267211914045,20.0,0.8
4.1530000000000005,0.37232017517089844,0.37232017517089844,0.07912063598632812,0.62295,0.14999999999992042,5.069299987792904,20.0,0.8
4.154,0.37232017517089844,0.37232017517089844,0.08791160583496094,0.6231,0.1500000000000341,5.065267211914089,20.0,0.8
4.155,0.37232017517089844,0.37232017517089844,0.09670257568359375,0.62325,0.14999999999997726,5.061234436035138,20.0,0.8
4.156,0.37270164489746094,0.37270164489746094,0.10549545288085938,0.6234,0.1500000000000341,5.0495707397461205,20.0,0.8
4.157,0.37270164489746094,0.37270164489746094,0.09670257568359375,0.6235499999999999,0.14999999999997726,5.059605041503886,20.0,0.8
4.158,0.37270164489746094,0.37270164489746094,0.09670257568359375,0.6237,0.14999999999997726,5.062605041503888,20.0,0.8
4.159,0.37270164489746094,0.37270164489746094,0.07912063598632812,0.6238499999999999,0.1500000000000341,5.079670593261745,20.0,0.8
4.16,0.37270164489746094,0.37270164489746094,0.0615386962890625,0.624,0.1500000000000341,5.096736145019559,20.0,0.8
4.1610000000000005,0.37308311462402344,0.37308311462402344,0.043956756591796875,0.6241500000000001,0.14999999999997726,5.106172302246078,20.0,0.8
4.162,0.37308311462402344,0.37308311462402344,0.026372909545898438,0.6243,0.1500000000000341,5.123239379882839,20.0,0.8
4.163,0.37308311462402344,0.37308311462402344,0.03516578674316406,0.6244500000000001,0.14999999999997726,5.119205078124983,20.0,0.8
4.164,0.37308311462402344,0.37308311462402344,0.026372909545898438,0.6245999999999999,0.1500000000000341,5.129239379882839,20.0,0.8
4.165,0.37308311462402344,0.37308311462402344,0.008790969848632812,0.62475,0.14999999999997726,5.146304931640608,20.0,0.8
4.166,0.37308311462402344,0.37308311462402344,0.008790969848632812,0.6249,0.14999999999997726,5.149304931640607,20.0,0.8
4.167,0.37308311462402344,0.37308311462402344,0.0,0.62505,0.14999999999997726,5.159337707519512,20.0,0.8
4.168,0.37308311462402344,0.37308311462402344,-0.008790969848632812,0.6252,0.14999999999997726,5.169370483398419,20.0,0.8
4.1690000000000005,0.37308311462402344,0.37308311462402344,0.008790969848632812,0.6253500000000001,0.14999999999997726,5.158304931640608,20.0,0.8
4.17,0.37308311462402344,0.37308311462402344,-0.008790969848632812,0.6255,0.14999999999997726,5.175370483398418,20.0,0.8
4.171,0.37308311462402344,0.37308311462402344,0.008790969848632812,0.62565,0.14999999999997726,5.164304931640608,20.0,0.8
4.172,0.37308311462402344,0.37308311462402344,0.0,0.6257999999999999,0.1500000000000341,5.174337707519557,20.0,0.8
4.173,0.37308311462402344,0.37308311462402344,0.017581939697265625,0.62595,0.14999999999997726,5.1632721557617005,20.0,0.8
4.174,0.37308311462402344,0.37308311462402344,0.017581939697265625,0.6261,0.14999999999997726,5.166272155761701,20.0,0.8
4.175,0.37308311462402344,0.37308311462402344,0.017581939697265625,0.62625,0.1500000000000341,5.169272155761745,20.0,0.8
4.176,0.37308311462402344,0.37308311462402344,0.03516578674316406,0.6264,0.1500000000000341,5.158205078125026,20.0,0.8
4.1770000000000005,0.37308311462402344,0.37308311462402344,0.03516578674316406,0.62655,0.14999999999997726,5.161205078124983,20.0,0.8
4.178,0.37308311462402344,0.37308311462402344,0.05274772644042969,0.6266999999999999,0.14999999999997726,5.150139526367168,20.0,0.8
4.179,0.37308311462402344,0.37308311462402344,0.05274772644042969,0.62685,0.14999999999997726,5.15313952636717,20.0,0.8
4.18,0.37346458435058594,0.37346458435058594,0.05274772644042969,0.6269999999999999,0.1500000000000341,5.1485101318359625,20.0,0.8
4.181,0.37346458435058594,0.37346458435058594,0.0615386962890625,0.62715,0.1500000000000341,5.144477355957058,20.0,0.8
4.182,0.37346458435058594,0.37346458435058594,0.07032966613769531,0.6273000000000001,0.14999999999997726,5.140444580078108,20.0,0.8
4.183,0.37346458435058594,0.37346458435058594,0.09670257568359375,0.62745,0.15000000000009095,5.122346252441479,20.0,0.8
4.184,0.37346458435058594,0.37346458435058594,0.09670257568359375,0.6276,0.1500000000000341,5.125346252441435,20.0,0.8
4.1850000000000005,0.37384605407714844,0.37384605407714844,0.08791160583496094,0.62775,0.14999999999992042,5.127749633789,20.0,0.8
4.186,0.37384605407714844,0.37384605407714844,0.07912063598632812,0.6279,0.1500000000000341,5.137782409667996,20.0,0.8
4.187,0.37384605407714844,0.37384605407714844,0.08791160583496094,0.62805,0.14999999999997726,5.133749633789044,20.0,0.8
4.188,0.37384605407714844,0.37384605407714844,0.07912063598632812,0.6282,0.15000000000009095,5.143782409668042,20.0,0.8
4.189,0.37384605407714844,0.37384605407714844,0.0615386962890625,0.62835,0.1500000000000341,5.160847961425808,20.0,0.8
4.19,0.37422752380371094,0.37422752380371094,0.05274772644042969,0.6285000000000001,0.14999999999997726,5.16325134277342,20.0,0.8
4.191,0.37422752380371094,0.37422752380371094,0.05274772644042969,0.6286499999999999,0.15000000000009095,5.166251342773509,20.0,0.8
4.192,0.37422752380371094,0.37422752380371094,0.026372909545898438,0.6288,0.14999999999997726,5.190351196289045,20.0,0.8
4.1930000000000005,0.37422752380371094,0.37422752380371094,0.017581939697265625,0.62895,0.14999999999997726,5.200383972167951,20.0,0.8
4.194,0.37422752380371094,0.37422752380371094,0.017581939697265625,0.6291,0.15000000000009095,5.203383972168042,20.0,0.8
4.195,0.37422752380371094,0.37422752380371094,0.008790969848632812,0.62925,0.14999999999997726,5.213416748046856,20.0,0.8
4.196,0.37422752380371094,0.37422752380371094,-0.008790969848632812,0.6294,0.1500000000000341,5.230482299804714,20.0,0.8
4.197,0.37422752380371094,0.37422752380371094,0.0,0.6295499999999999,0.1500000000000341,5.226449523925808,20.0,0.8
4.198,0.37422752380371094,0.37422752380371094,-0.017581939697265625,0.6297,0.14999999999997726,5.243515075683577,20.0,0.8
4.199,0.37422752380371094,0.37422752380371094,0.0,0.6298499999999999,0.1500000000000341,5.232449523925807,20.0,0.8
4.2,0.37422752380371094,0.37422752380371094,0.0,0.63,0.1500000000000341,5.2354495239258085,20.0,0.8
4.2010000000000005,0.37422752380371094,0.37422752380371094,-0.008790969848632812,0.6301500000000001,0.14999999999997726,5.245482299804671,20.0,0.8
4.202,0.37422752380371094,0.37422752380371094,0.008790969848632812,0.6303,0.1500000000000341,5.234416748046902,20.0,0.8
4.203,0.37422752380371094,0.37422752380371094,0.0,0.6304500000000001,0.14999999999997726,5.2444495239257645,20.0,0.8
4.204,0.37422752380371094,0.37422752380371094,0.008790969848632812,0.6305999999999999,0.1500000000000341,5.240416748046901,20.0,0.8
4.205,0.37422752380371094,0.37422752380371094,0.026372909545898438,0.63075,0.14999999999997726,5.229351196289045,20.0,0.8
4.206,0.37422752380371094,0.37422752380371094,0.017581939697265625,0.6309,0.14999999999997726,5.239383972167951,20.0,0.8
4.207,0.37422752380371094,0.37422752380371094,0.026372909545898438,0.63105,0.1500000000000341,5.23535119628909,20.0,0.8
4.208,0.37422752380371094,0.37422752380371094,0.03516578674316406,0.6312,0.14999999999997726,5.231316894531232,20.0,0.8
4.2090000000000005,0.37422752380371094,0.37422752380371094,0.05274772644042969,0.6313500000000001,0.14999999999997726,5.2202513427734205,20.0,0.8
4.21,0.37422752380371094,0.37422752380371094,0.03516578674316406,0.6315,0.1500000000000341,5.2373168945312765,20.0,0.8
4.211,0.37460899353027344,0.37460899353027344,0.05274772644042969,0.63165,0.14999999999997726,5.21862194824217,20.0,0.8
4.212,0.37460899353027344,0.37460899353027344,0.043956756591796875,0.6317999999999999,0.1500000000000341,5.228654724121119,20.0,0.8
4.213,0.37460899353027344,0.37460899353027344,0.07032966613769531,0.63195,0.14999999999997726,5.210556396484357,20.0,0.8
4.214,0.37460899353027344,0.37460899353027344,0.07032966613769531,0.6321,0.14999999999997726,5.213556396484356,20.0,0.8
4.215,0.37460899353027344,0.37460899353027344,0.07032966613769531,0.63225,0.1500000000000341,5.2165563964844015,20.0,0.8
4.216,0.37460899353027344,0.37460899353027344,0.07912063598632812,0.6324,0.14999999999997726,5.212523620605451,20.0,0.8
4.2170000000000005,0.37499046325683594,0.37499046325683594,0.07912063598632812,0.6325500000000001,0.14999999999997726,5.2078942260742025,20.0,0.8
4.218,0.37499046325683594,0.37499046325683594,0.07912063598632812,0.6326999999999999,0.1500000000000341,5.210894226074244,20.0,0.8
4.219,0.37499046325683594,0.37499046325683594,0.07032966613769531,0.63285,0.14999999999997726,5.220927001953107,20.0,0.8
4.22,0.37499046325683594,0.37499046325683594,0.07032966613769531,0.6329999999999999,0.1500000000000341,5.22392700195315,20.0,0.8
4.221,0.37499046325683594,0.37499046325683594,0.0615386962890625,0.63315,0.1500000000000341,5.233959777832059,20.0,0.8
4.222,0.37499046325683594,0.37499046325683594,0.05274772644042969,0.6333000000000001,0.1500000000000341,5.243992553710967,20.0,0.8
4.223,0.37537193298339844,0.37537193298339844,0.043956756591796875,0.63345,0.15000000000009095,5.246395935058665,20.0,0.8
4.224,0.37537193298339844,0.37537193298339844,0.026372909545898438,0.6336,0.14999999999992042,5.263463012695249,20.0,0.8
4.225,0.37537193298339844,0.37537193298339844,0.0,0.6337499999999999,0.1500000000000341,5.287561340332058,20.0,0.8
4.226,0.37537193298339844,0.37537193298339844,0.0,0.6339,0.14999999999997726,5.2905613403320135,20.0,0.8
4.227,0.37537193298339844,0.37537193298339844,-0.008790969848632812,0.63405,0.14999999999992042,5.300594116210874,20.0,0.8
4.228,0.37537193298339844,0.37537193298339844,-0.017581939697265625,0.6342,0.1500000000000341,5.3106268920898705,20.0,0.8
4.229,0.37537193298339844,0.37537193298339844,-0.008790969848632812,0.63435,0.14999999999997726,5.306594116210919,20.0,0.8
4.23,0.37537193298339844,0.37537193298339844,-0.008790969848632812,0.6345000000000001,0.14999999999997726,5.309594116210921,20.0,0.8
4.231,0.37537193298339844,0.37537193298339844,-0.008790969848632812,0.6346499999999999,0.1500000000000341,5.312594116210963,20.0,0.8
4.232,0.37537193298339844,0.37537193298339844,0.0,0.6348,0.14999999999992042,5.308561340331968,20.0,0.8
4.233,0.37537193298339844,0.37537193298339844,0.0,0.6349499999999999,0.1500000000000341,5.311561340332057,20.0,0.8
4.234,0.37537193298339844,0.37537193298339844,0.008790969848632812,0.6351,0.14999999999997726,5.307528564453107,20.0,0.8
4.235,0.37537193298339844,0.37537193298339844,0.017581939697265625,0.63525,0.14999999999992042,5.303495788574155,20.0,0.8
4.236,0.37537193298339844,0.37537193298339844,0.026372909545898438,0.6354,0.1500000000000341,5.299463012695339,20.0,0.8
4.237,0.37537193298339844,0.37537193298339844,0.017581939697265625,0.63555,0.14999999999997726,5.309495788574199,20.0,0.8
4.238,0.37537193298339844,0.37537193298339844,0.03516578674316406,0.6357,0.14999999999992042,5.298428710937436,20.0,0.8
4.239,0.37537193298339844,0.37537193298339844,0.026372909545898438,0.6358499999999999,0.1500000000000341,5.308463012695339,20.0,0.8
4.24,0.37537193298339844,0.37537193298339844,0.03516578674316406,0.636,0.14999999999992042,5.304428710937437,20.0,0.8
4.241,0.37537193298339844,0.37537193298339844,0.03516578674316406,0.6361499999999999,0.1500000000000341,5.307428710937525,20.0,0.8
4.242,0.37537193298339844,0.37537193298339844,0.03516578674316406,0.6363,0.1500000000000341,5.3104287109375266,20.0,0.8
4.243,0.37537193298339844,0.37537193298339844,0.043956756591796875,0.6364500000000001,0.14999999999992042,5.306395935058531,20.0,0.8
4.244,0.37537193298339844,0.37537193298339844,0.03516578674316406,0.6365999999999999,0.1500000000000341,5.316428710937527,20.0,0.8
4.245,0.37575340270996094,0.37575340270996094,0.043956756591796875,0.63675,0.14999999999997726,5.304766540527327,20.0,0.8
4.246,0.37575340270996094,0.37575340270996094,0.05274772644042969,0.6369,0.14999999999992042,5.300733764648374,20.0,0.8
4.247,0.37575340270996094,0.37575340270996094,0.043956756591796875,0.63705,0.1500000000000341,5.3107665405273705,20.0,0.8
4.248,0.37575340270996094,0.37575340270996094,0.05274772644042969,0.6372,0.14999999999997726,5.306733764648419,20.0,0.8
4.249,0.37575340270996094,0.37575340270996094,0.043956756591796875,0.63735,0.1500000000000341,5.316766540527371,20.0,0.8
4.25,0.37575340270996094,0.37575340270996094,0.0615386962890625,0.6375,0.14999999999997726,5.305700988769512,20.0,0.8
4.251,0.37575340270996094,0.37575340270996094,0.05274772644042969,0.63765,0.14999999999997726,5.31573376464842,20.0,0.8
4.252,0.37613487243652344,0.37613487243652344,0.0615386962890625,0.6377999999999999,0.1500000000000341,5.304071594238307,20.0,0.8
4.253,0.37613487243652344,0.37613487243652344,0.07032966613769531,0.63795,0.14999999999997726,5.300038818359357,20.0,0.8
4.2540000000000004,0.37613487243652344,0.37613487243652344,0.05274772644042969,0.6381,0.14999999999997726,5.317104370117169,20.0,0.8
4.255,0.37613487243652344,0.37613487243652344,0.05274772644042969,0.63825,0.1500000000000341,5.320104370117215,20.0,0.8
4.256,0.37613487243652344,0.37613487243652344,0.05274772644042969,0.6384,0.14999999999997726,5.323104370117168,20.0,0.8
4.257,0.37613487243652344,0.37613487243652344,0.05274772644042969,0.63855,0.14999999999997726,5.326104370117168,20.0,0.8
4.258,0.37613487243652344,0.37613487243652344,0.043956756591796875,0.6386999999999999,0.14999999999997726,5.336137145996075,20.0,0.8
4.259,0.37651634216308594,0.37651634216308594,0.026372909545898438,0.63885,0.14999999999997726,5.345574829101546,20.0,0.8
4.26,0.37651634216308594,0.37651634216308594,0.017581939697265625,0.6389999999999999,0.14999999999997726,5.355607604980448,20.0,0.8
4.261,0.37651634216308594,0.37651634216308594,0.026372909545898438,0.63915,0.15000000000009095,5.351574829101635,20.0,0.8
4.2620000000000005,0.37651634216308594,0.37651634216308594,0.017581939697265625,0.6393000000000001,0.14999999999997726,5.361607604980452,20.0,0.8
4.263,0.37651634216308594,0.37651634216308594,0.017581939697265625,0.63945,0.1500000000000341,5.364607604980495,20.0,0.8
4.264,0.37651634216308594,0.37651634216308594,0.008790969848632812,0.6396000000000001,0.14999999999992042,5.374640380859313,20.0,0.8
4.265,0.37651634216308594,0.37651634216308594,0.0,0.6397499999999999,0.1500000000000341,5.384673156738307,20.0,0.8
4.266,0.37651634216308594,0.37651634216308594,0.017581939697265625,0.6399,0.1500000000000341,5.373607604980496,20.0,0.8
4.267,0.37651634216308594,0.37651634216308594,-0.008790969848632812,0.64005,0.14999999999992042,5.397705932617124,20.0,0.8
4.268,0.37651634216308594,0.37651634216308594,0.0,0.6402,0.1500000000000341,5.393673156738309,20.0,0.8
4.269,0.37651634216308594,0.37651634216308594,0.026372909545898438,0.64035,0.14999999999997726,5.375574829101544,20.0,0.8
4.2700000000000005,0.37651634216308594,0.37651634216308594,0.017581939697265625,0.6405000000000001,0.14999999999992042,5.3856076049804065,20.0,0.8
4.271,0.37651634216308594,0.37651634216308594,0.017581939697265625,0.6406499999999999,0.1500000000000341,5.3886076049804945,20.0,0.8
4.272,0.37651634216308594,0.37651634216308594,0.026372909545898438,0.6408,0.14999999999992042,5.384574829101499,20.0,0.8
4.273,0.37651634216308594,0.37651634216308594,0.017581939697265625,0.6409499999999999,0.1500000000000341,5.394607604980494,20.0,0.8
4.274,0.37651634216308594,0.37651634216308594,0.043956756591796875,0.6411,0.1500000000000341,5.376507751464871,20.0,0.8
4.275,0.37651634216308594,0.37651634216308594,0.026372909545898438,0.64125,0.14999999999992042,5.393574829101498,20.0,0.8
4.276,0.37651634216308594,0.37651634216308594,0.03516578674316406,0.6414,0.1500000000000341,5.389540527343777,20.0,0.8
4.277,0.37651634216308594,0.37651634216308594,0.03516578674316406,0.64155,0.14999999999997726,5.392540527343732,20.0,0.8
4.2780000000000005,0.37689781188964844,0.37689781188964844,0.043956756591796875,0.6417,0.14999999999992042,5.380878356933532,20.0,0.8
4.279,0.37689781188964844,0.37689781188964844,0.03516578674316406,0.6418499999999999,0.1500000000000341,5.390911132812525,20.0,0.8
4.28,0.37689781188964844,0.37689781188964844,0.043956756591796875,0.642,0.14999999999997726,5.386878356933575,20.0,0.8
4.281,0.37689781188964844,0.37689781188964844,0.043956756591796875,0.6421499999999999,0.1500000000000341,5.389878356933619,20.0,0.8
4.282,0.37689781188964844,0.37689781188964844,0.026372909545898438,0.6423,0.1500000000000341,5.40694543457034,20.0,0.8
4.283,0.37689781188964844,0.37689781188964844,0.043956756591796875,0.6424500000000001,0.14999999999997726,5.3958783569335775,20.0,0.8
4.284,0.37689781188964844,0.37689781188964844,0.05274772644042969,0.6426,0.1500000000000341,5.391845581054714,20.0,0.8
4.285,0.37689781188964844,0.37689781188964844,0.043956756591796875,0.64275,0.14999999999997726,5.401878356933576,20.0,0.8
4.2860000000000005,0.37689781188964844,0.37689781188964844,0.043956756591796875,0.6429,0.14999999999997726,5.404878356933576,20.0,0.8
4.287,0.37727928161621094,0.37727928161621094,0.043956756591796875,0.64305,0.1500000000000341,5.4002489624023715,20.0,0.8
4.288,0.37727928161621094,0.37727928161621094,0.0615386962890625,0.6432,0.14999999999997726,5.389183410644513,20.0,0.8
4.289,0.37727928161621094,0.37727928161621094,0.05274772644042969,0.64335,0.1500000000000341,5.399216186523464,20.0,0.8
4.29,0.37727928161621094,0.37727928161621094,0.07032966613769531,0.6435,0.14999999999997726,5.388150634765606,20.0,0.8
4.291,0.37727928161621094,0.37727928161621094,0.0615386962890625,0.64365,0.14999999999997726,5.398183410644514,20.0,0.8
4.292,0.37727928161621094,0.37727928161621094,0.09670257568359375,0.6437999999999999,0.14999999999997726,5.373052307128886,20.0,0.8
4.293,0.37766075134277344,0.37766075134277344,0.07032966613769531,0.64395,0.14999999999997726,5.389521240234357,20.0,0.8
4.2940000000000005,0.37766075134277344,0.37766075134277344,0.09670257568359375,0.6441,0.14999999999997726,5.371422912597637,20.0,0.8
4.295,0.37766075134277344,0.37766075134277344,0.07032966613769531,0.64425,0.14999999999997726,5.395521240234356,20.0,0.8
4.296,0.37766075134277344,0.37766075134277344,0.07912063598632812,0.6444,0.14999999999997726,5.391488464355451,20.0,0.8
4.297,0.37804222106933594,0.37804222106933594,0.08791160583496094,0.64455,0.1500000000000341,5.379826293945339,20.0,0.8
4.298,0.37804222106933594,0.37804222106933594,0.05274772644042969,0.6446999999999999,0.14999999999997726,5.410957397460917,20.0,0.8
4.299,0.37804222106933594,0.37804222106933594,0.043956756591796875,0.64485,0.14999999999997726,5.420990173339826,20.0,0.8
4.3,0.37804222106933594,0.37804222106933594,0.05274772644042969,0.6449999999999999,0.14999999999997726,5.4169573974609175,20.0,0.8
4.301,0.37804222106933594,0.37804222106933594,0.0,0.64515,0.1500000000000341,5.462155578613309,20.0,0.8
4.3020000000000005,0.37804222106933594,0.37804222106933594,0.05274772644042969,0.6453000000000001,0.14999999999997726,5.422957397460921,20.0,0.8
4.303,0.37804222106933594,0.37804222106933594,0.0,0.64545,0.1500000000000341,5.468155578613308,20.0,0.8
4.304,0.37804222106933594,0.37804222106933594,0.008790969848632812,0.6456000000000001,0.14999999999992042,5.4641228027343125,20.0,0.8
4.305,0.37804222106933594,0.37804222106933594,0.0,0.6457499999999999,0.15000000000009095,5.474155578613353,20.0,0.8
4.306,0.37804222106933594,0.37804222106933594,0.008790969848632812,0.6459,0.14999999999997726,5.470122802734358,20.0,0.8
4.307,0.37804222106933594,0.37804222106933594,-0.008790969848632812,0.64605,0.14999999999992042,5.487188354492124,20.0,0.8
4.308,0.37804222106933594,0.37804222106933594,0.008790969848632812,0.6462,0.15000000000009095,5.476122802734447,20.0,0.8
4.309,0.37804222106933594,0.37804222106933594,0.017581939697265625,0.64635,0.14999999999997726,5.47209002685545,20.0,0.8
4.3100000000000005,0.37804222106933594,0.37804222106933594,0.0,0.6465000000000001,0.14999999999992042,5.489155578613219,20.0,0.8
4.311,0.37804222106933594,0.37804222106933594,0.026372909545898438,0.64665,0.1500000000000341,5.471057250976589,20.0,0.8
4.312,0.37804222106933594,0.37804222106933594,0.017581939697265625,0.6468,0.14999999999997726,5.481090026855451,20.0,0.8
4.313,0.37804222106933594,0.37804222106933594,0.03516578674316406,0.6469499999999999,0.15000000000009095,5.470022949218821,20.0,0.8
4.314,0.37804222106933594,0.37804222106933594,0.043956756591796875,0.6471,0.14999999999997726,5.465990173339826,20.0,0.8
4.315,0.37842369079589844,0.37842369079589844,0.05274772644042969,0.64725,0.14999999999997726,5.454328002929669,20.0,0.8
4.316,0.37842369079589844,0.37842369079589844,0.05274772644042969,0.6474,0.15000000000009095,5.45732800292976,20.0,0.8
4.317,0.37842369079589844,0.37842369079589844,0.0615386962890625,0.64755,0.14999999999997726,5.453295227050762,20.0,0.8
4.3180000000000005,0.37842369079589844,0.37842369079589844,0.05274772644042969,0.6477,0.14999999999997726,5.46332800292967,20.0,0.8
4.319,0.37842369079589844,0.37842369079589844,0.0615386962890625,0.6478499999999999,0.1500000000000341,5.4592952270508075,20.0,0.8
4.32,0.37842369079589844,0.37842369079589844,0.07032966613769531,0.648,0.14999999999997726,5.4552624511718575,20.0,0.8
4.321,0.37880516052246094,0.37880516052246094,0.0615386962890625,0.6481499999999999,0.1500000000000341,5.457665832519556,20.0,0.8
4.322,0.37880516052246094,0.37880516052246094,0.07912063598632812,0.6483,0.1500000000000341,5.4466002807617455,20.0,0.8
4.323,0.37880516052246094,0.37880516052246094,0.07912063598632812,0.6484500000000001,0.14999999999997726,5.449600280761702,20.0,0.8
4.324,0.37880516052246094,0.37880516052246094,0.07912063598632812,0.6486,0.1500000000000341,5.452600280761746,20.0,0.8
4.325,0.37880516052246094,0.37880516052246094,0.0615386962890625,0.64875,0.1500000000000341,5.46966583251956,20.0,0.8
4.3260000000000005,0.37918663024902344,0.37918663024902344,0.07912063598632812,0.6489,0.14999999999997726,5.450970886230452,20.0,0.8
4.327,0.37918663024902344,0.37918663024902344,0.07032966613769531,0.64905,0.1500000000000341,5.461003662109402,20.0,0.8
4.328,0.37918663024902344,0.37918663024902344,0.09670257568359375,0.6492,0.14999999999997726,5.442905334472638,20.0,0.8
4.329,0.37918663024902344,0.37918663024902344,0.07032966613769531,0.64935,0.1500000000000341,5.467003662109402,20.0,0.8
4.33,0.37918663024902344,0.37918663024902344,0.08791160583496094,0.6495,0.14999999999997726,5.455938110351544,20.0,0.8
4.331,0.37956809997558594,0.37956809997558594,0.0615386962890625,0.6496500000000001,0.14999999999997726,5.4724070434570145,20.0,0.8
4.332,0.37956809997558594,0.37956809997558594,0.03516578674316406,0.6497999999999999,0.1500000000000341,5.496505371093776,20.0,0.8
4.333,0.37956809997558594,0.37956809997558594,0.05274772644042969,0.64995,0.1500000000000341,5.485439819335966,20.0,0.8
4.3340000000000005,0.37956809997558594,0.37956809997558594,0.043956756591796875,0.6501,0.14999999999997726,5.495472595214826,20.0,0.8
4.335,0.37956809997558594,0.37956809997558594,0.03516578674316406,0.65025,0.1500000000000341,5.505505371093777,20.0,0.8
4.336,0.37956809997558594,0.37956809997558594,0.026372909545898438,0.6504,0.14999999999997726,5.515539672851544,20.0,0.8
4.337,0.37956809997558594,0.37956809997558594,0.026372909545898438,0.65055,0.1500000000000341,5.518539672851589,20.0,0.8
4.338,0.37956809997558594,0.37956809997558594,0.017581939697265625,0.6507,0.1500000000000341,5.528572448730495,20.0,0.8
4.339,0.37956809997558594,0.37956809997558594,0.017581939697265625,0.65085,0.14999999999997726,5.531572448730452,20.0,0.8
4.34,0.37956809997558594,0.37956809997558594,0.017581939697265625,0.6509999999999999,0.1500000000000341,5.5345724487304935,20.0,0.8
4.341,0.37956809997558594,0.37956809997558594,0.017581939697265625,0.65115,0.1500000000000341,5.537572448730495,20.0,0.8
4.3420000000000005,0.37956809997558594,0.37956809997558594,0.008790969848632812,0.6513000000000001,0.14999999999997726,5.547605224609359,20.0,0.8
4.343,0.37994956970214844,0.37994956970214844,0.008790969848632812,0.65145,0.1500000000000341,5.542975830078152,20.0,0.8
4.344,0.37994956970214844,0.37994956970214844,-0.008790969848632812,0.6516000000000001,0.14999999999997726,5.560041381835921,20.0,0.8
4.345,0.37994956970214844,0.37994956970214844,0.026372909545898438,0.6517499999999999,0.15000000000009095,5.534910278320384,20.0,0.8
4.346,0.37994956970214844,0.37994956970214844,0.0,0.6519,0.14999999999997726,5.559008605957013,20.0,0.8
4.347,0.37994956970214844,0.37994956970214844,0.043956756591796875,0.65205,0.14999999999997726,5.526843200683576,20.0,0.8
4.348,0.37994956970214844,0.37994956970214844,0.026372909545898438,0.6522,0.15000000000009095,5.543910278320386,20.0,0.8
4.349,0.37994956970214844,0.37994956970214844,0.03516578674316406,0.65235,0.14999999999997726,5.539875976562482,20.0,0.8
4.3500000000000005,0.37994956970214844,0.37994956970214844,0.043956756591796875,0.6525000000000001,0.14999999999997726,5.535843200683577,20.0,0.8
4.351,0.37994956970214844,0.37994956970214844,0.0615386962890625,0.65265,0.15000000000009095,5.524777648925853,20.0,0.8
4.352,0.37994956970214844,0.37994956970214844,0.043956756591796875,0.6528,0.14999999999992042,5.541843200683531,20.0,0.8
4.353,0.37994956970214844,0.37994956970214844,0.0615386962890625,0.6529499999999999,0.1500000000000341,5.530777648925807,20.0,0.8
4.354,0.38033103942871094,0.38033103942871094,0.07912063598632812,0.6531,0.14999999999997726,5.512082702636701,20.0,0.8
4.355,0.38033103942871094,0.38033103942871094,0.08791160583496094,0.65325,0.14999999999997726,5.508049926757794,20.0,0.8
4.356,0.38033103942871094,0.38033103942871094,0.09670257568359375,0.6534,0.1500000000000341,5.5040171508789335,20.0,0.8
4.357,0.38033103942871094,0.38033103942871094,0.10549545288085938,0.65355,0.14999999999992042,5.49998284912103,20.0,0.8
4.358,0.38071250915527344,0.38071250915527344,0.11428642272949219,0.6537,0.1500000000000341,5.488320678710964,20.0,0.8
4.359,0.38071250915527344,0.38071250915527344,0.14065933227539062,0.6538499999999999,0.14999999999997726,5.470222351074199,20.0,0.8
4.36,0.38071250915527344,0.38071250915527344,0.10549545288085938,0.654,0.14999999999992042,5.50135345458978,20.0,0.8
4.361,0.38109397888183594,0.38109397888183594,0.10549545288085938,0.6541499999999999,0.1500000000000341,5.49672406005862,20.0,0.8
4.362,0.38109397888183594,0.38109397888183594,0.07912063598632812,0.6543,0.1500000000000341,5.5208239135742465,20.0,0.8
4.363,0.38109397888183594,0.38109397888183594,0.07032966613769531,0.6544500000000001,0.14999999999992042,5.5308566894530635,20.0,0.8
4.364,0.38109397888183594,0.38109397888183594,0.0615386962890625,0.6546,0.1500000000000341,5.540889465332057,20.0,0.8
4.365,0.38109397888183594,0.38109397888183594,0.05274772644042969,0.65475,0.14999999999997726,5.55092224121092,20.0,0.8
4.366,0.38109397888183594,0.38109397888183594,0.03516578674316406,0.6548999999999999,0.1500000000000341,5.567987792968776,20.0,0.8
4.367,0.38109397888183594,0.38109397888183594,0.026372909545898438,0.65505,0.14999999999997726,5.5780220947265455,20.0,0.8
4.368,0.38147544860839844,0.38147544860839844,0.017581939697265625,0.6552,0.14999999999992042,5.580425476074155,20.0,0.8
4.369,0.38147544860839844,0.38147544860839844,0.0,0.65535,0.1500000000000341,5.597491027832058,20.0,0.8
4.37,0.38147544860839844,0.38147544860839844,0.0,0.6555,0.14999999999997726,5.600491027832012,20.0,0.8
4.371,0.38147544860839844,0.38147544860839844,-0.008790969848632812,0.6556500000000001,0.14999999999992042,5.610523803710875,20.0,0.8
4.372,0.38147544860839844,0.38147544860839844,-0.008790969848632812,0.6557999999999999,0.1500000000000341,5.613523803710963,20.0,0.8
4.373,0.38147544860839844,0.38147544860839844,0.008790969848632812,0.65595,0.14999999999997726,5.602458251953108,20.0,0.8
4.374,0.38147544860839844,0.38147544860839844,0.008790969848632812,0.6560999999999999,0.1500000000000341,5.60545825195315,20.0,0.8
4.375,0.38147544860839844,0.38147544860839844,0.017581939697265625,0.65625,0.14999999999997726,5.6014254760742,20.0,0.8
4.376,0.38147544860839844,0.38147544860839844,0.026372909545898438,0.6564,0.14999999999997726,5.597392700195295,20.0,0.8
4.377,0.38147544860839844,0.38147544860839844,0.026372909545898438,0.65655,0.1500000000000341,5.600392700195339,20.0,0.8
4.378,0.38147544860839844,0.38147544860839844,0.03516578674316406,0.6567,0.14999999999997726,5.596358398437481,20.0,0.8
4.3790000000000004,0.38147544860839844,0.38147544860839844,0.03516578674316406,0.65685,0.14999999999997726,5.599358398437483,20.0,0.8
4.38,0.38147544860839844,0.38147544860839844,0.043956756591796875,0.6569999999999999,0.1500000000000341,5.59532562255862,20.0,0.8
4.381,0.38147544860839844,0.38147544860839844,0.0615386962890625,0.65715,0.14999999999997726,5.584260070800764,20.0,0.8
4.382,0.38147544860839844,0.38147544860839844,0.07032966613769531,0.6572999999999999,0.14999999999997726,5.580227294921854,20.0,0.8
4.383,0.38185691833496094,0.38185691833496094,0.07912063598632812,0.65745,0.1500000000000341,5.568565124511745,20.0,0.8
4.384,0.38185691833496094,0.38185691833496094,0.07912063598632812,0.6576000000000001,0.14999999999997726,5.571565124511702,20.0,0.8
4.385,0.38185691833496094,0.38185691833496094,0.09670257568359375,0.65775,0.1500000000000341,5.560499572753933,20.0,0.8
4.386,0.38185691833496094,0.38185691833496094,0.11428642272949219,0.6579,0.14999999999997726,5.549432495117171,20.0,0.8
4.3870000000000005,0.38223838806152344,0.38223838806152344,0.11428642272949219,0.65805,0.14999999999992042,5.544803100585875,20.0,0.8
4.388,0.38223838806152344,0.38223838806152344,0.08791160583496094,0.6582,0.1500000000000341,5.568902954101589,20.0,0.8
4.389,0.38223838806152344,0.38223838806152344,0.08791160583496094,0.65835,0.14999999999992042,5.571902954101499,20.0,0.8
4.39,0.38223838806152344,0.38223838806152344,0.08791160583496094,0.6585,0.1500000000000341,5.5749029541015895,20.0,0.8
4.391,0.38223838806152344,0.38223838806152344,0.05274772644042969,0.65865,0.14999999999997726,5.606034057617168,20.0,0.8
4.392,0.38261985778808594,0.38261985778808594,0.07032966613769531,0.6588,0.14999999999992042,5.587339111328062,20.0,0.8
4.393,0.38261985778808594,0.38261985778808594,0.043956756591796875,0.6589499999999999,0.1500000000000341,5.611437438964869,20.0,0.8
4.394,0.38261985778808594,0.38261985778808594,0.05274772644042969,0.6591,0.14999999999997726,5.607404663085919,20.0,0.8
4.3950000000000005,0.38261985778808594,0.38261985778808594,0.043956756591796875,0.65925,0.14999999999992042,5.617437438964781,20.0,0.8
4.396,0.38261985778808594,0.38261985778808594,0.03516578674316406,0.6594,0.1500000000000341,5.627470214843777,20.0,0.8
4.397,0.38261985778808594,0.38261985778808594,0.03516578674316406,0.65955,0.14999999999997726,5.630470214843731,20.0,0.8
4.398,0.38261985778808594,0.38261985778808594,0.03516578674316406,0.6597,0.1500000000000341,5.6334702148437765,20.0,0.8
4.399,0.38261985778808594,0.38261985778808594,0.03516578674316406,0.6598499999999999,0.14999999999997726,5.636470214843731,20.0,0.8
4.4,0.38261985778808594,0.38261985778808594,0.026372909545898438,0.66,0.14999999999992042,5.6465045166014995,20.0,0.8
4.401,0.38300132751464844,0.38300132751464844,0.05274772644042969,0.6601499999999999,0.1500000000000341,5.620775268554713,20.0,0.8
4.402,0.38300132751464844,0.38300132751464844,0.05274772644042969,0.6603,0.15000000000009095,5.62377526855476,20.0,0.8
4.4030000000000005,0.38300132751464844,0.38300132751464844,0.043956756591796875,0.6604500000000001,0.14999999999992042,5.633808044433532,20.0,0.8
4.404,0.38300132751464844,0.38300132751464844,0.07032966613769531,0.6606,0.1500000000000341,5.615709716796902,20.0,0.8
4.405,0.38300132751464844,0.38300132751464844,0.07032966613769531,0.6607500000000001,0.14999999999997726,5.618709716796858,20.0,0.8
4.406,0.38300132751464844,0.38300132751464844,0.08791160583496094,0.6608999999999999,0.1500000000000341,5.607644165039088,20.0,0.8
4.407,0.38338279724121094,0.38338279724121094,0.07032966613769531,0.66105,0.14999999999997726,5.617080322265607,20.0,0.8
4.408,0.38338279724121094,0.38338279724121094,0.08791160583496094,0.6612,0.14999999999997726,5.6060147705077945,20.0,0.8
4.409,0.38338279724121094,0.38338279724121094,0.07912063598632812,0.66135,0.1500000000000341,5.6160475463867465,20.0,0.8
4.41,0.38338279724121094,0.38338279724121094,0.08791160583496094,0.6615,0.1500000000000341,5.612014770507839,20.0,0.8
4.4110000000000005,0.38376426696777344,0.38376426696777344,0.07912063598632812,0.6616500000000001,0.14999999999997726,5.614418151855452,20.0,0.8
4.412,0.38376426696777344,0.38376426696777344,0.0615386962890625,0.6617999999999999,0.1500000000000341,5.631483703613307,20.0,0.8
4.413,0.38376426696777344,0.38376426696777344,0.05274772644042969,0.66195,0.14999999999997726,5.64151647949217,20.0,0.8
4.414,0.38376426696777344,0.38376426696777344,0.07032966613769531,0.6620999999999999,0.14999999999997726,5.630450927734355,20.0,0.8
4.415,0.38376426696777344,0.38376426696777344,0.05274772644042969,0.66225,0.1500000000000341,5.647516479492215,20.0,0.8
4.416,0.38376426696777344,0.38376426696777344,0.05274772644042969,0.6624,0.14999999999997726,5.650516479492168,20.0,0.8
4.417,0.38376426696777344,0.38376426696777344,0.0615386962890625,0.66255,0.14999999999997726,5.646483703613263,20.0,0.8
4.418,0.38414573669433594,0.38414573669433594,0.03516578674316406,0.6627,0.14999999999997726,5.662952636718732,20.0,0.8
4.4190000000000005,0.38414573669433594,0.38414573669433594,0.07032966613769531,0.66285,0.14999999999997726,5.637821533203108,20.0,0.8
4.42,0.38414573669433594,0.38414573669433594,0.07032966613769531,0.6629999999999999,0.14999999999997726,5.640821533203105,20.0,0.8
4.421,0.38414573669433594,0.38414573669433594,0.0615386962890625,0.66315,0.14999999999997726,5.650854309082013,20.0,0.8
4.422,0.38414573669433594,0.38414573669433594,0.07912063598632812,0.6632999999999999,0.1500000000000341,5.6397887573242445,20.0,0.8
4.423,0.38452720642089844,0.38452720642089844,0.10549545288085938,0.66345,0.1500000000000341,5.6140595092773715,20.0,0.8
4.424,0.38452720642089844,0.38452720642089844,0.08791160583496094,0.6636000000000001,0.14999999999997726,5.631126586914046,20.0,0.8
4.425,0.38452720642089844,0.38452720642089844,0.11428642272949219,0.66375,0.1500000000000341,5.613026733398463,20.0,0.8
4.426,0.38452720642089844,0.38452720642089844,0.1318683624267578,0.6639,0.14999999999997726,5.601961181640608,20.0,0.8
4.4270000000000005,0.38490867614746094,0.38490867614746094,0.09670257568359375,0.66405,0.14999999999992042,5.625464416503843,20.0,0.8
4.428,0.38490867614746094,0.38490867614746094,0.123077392578125,0.6642,0.1500000000000341,5.607364562988309,20.0,0.8
4.429,0.38490867614746094,0.38490867614746094,0.10549545288085938,0.66435,0.14999999999997726,5.624430114746075,20.0,0.8
4.43,0.38529014587402344,0.38529014587402344,0.08791160583496094,0.6645,0.15000000000009095,5.633867797851634,20.0,0.8
4.431,0.38529014587402344,0.38529014587402344,0.10549545288085938,0.66465,0.14999999999997726,5.6228007202148245,20.0,0.8
4.432,0.38529014587402344,0.38529014587402344,0.09670257568359375,0.6648000000000001,0.14999999999992042,5.632835021972594,20.0,0.8
4.433,0.38529014587402344,0.38529014587402344,0.08791160583496094,0.6649499999999999,0.1500000000000341,5.642867797851588,20.0,0.8
4.434,0.38567161560058594,0.38567161560058594,0.07032966613769531,0.6651,0.14999999999997726,5.652303955078107,20.0,0.8
4.4350000000000005,0.38567161560058594,0.38567161560058594,0.11428642272949219,0.66525,0.14999999999992042,5.620138549804624,20.0,0.8
4.436,0.38567161560058594,0.38567161560058594,0.08791160583496094,0.6654,0.1500000000000341,5.644238403320339,20.0,0.8
4.437,0.38567161560058594,0.38567161560058594,0.1318683624267578,0.66555,0.14999999999997726,5.612072998046857,20.0,0.8
4.438,0.38605308532714844,0.38605308532714844,0.14065933227539062,0.6657,0.15000000000009095,5.60041082763679,20.0,0.8
4.439,0.38605308532714844,0.38605308532714844,0.14065933227539062,0.6658499999999999,0.14999999999997726,5.603410827636699,20.0,0.8
4.44,0.38643455505371094,0.38643455505371094,0.15824127197265625,0.666,0.14999999999997726,5.5847158813476385,20.0,0.8
4.441,0.38643455505371094,0.38643455505371094,0.16703224182128906,0.6661499999999999,0.15000000000009095,5.580683105468822,20.0,0.8
4.442,0.38643455505371094,0.38643455505371094,0.14065933227539062,0.6663,0.1500000000000341,5.604781433105496,20.0,0.8
4.4430000000000005,0.38681602478027344,0.38681602478027344,0.14945030212402344,0.6664500000000001,0.14999999999997726,5.593119262695296,20.0,0.8
4.444,0.38681602478027344,0.38681602478027344,0.14065933227539062,0.6666,0.1500000000000341,5.603152038574245,20.0,0.8
4.445,0.38681602478027344,0.38681602478027344,0.123077392578125,0.6667500000000001,0.14999999999997726,5.620217590332014,20.0,0.8
4.446,0.38719749450683594,0.38719749450683594,0.10549545288085938,0.6668999999999999,0.1500000000000341,5.629653747558621,20.0,0.8
4.447,0.38719749450683594,0.38719749450683594,0.10549545288085938,0.66705,0.14999999999997726,5.632653747558576,20.0,0.8
4.448,0.38719749450683594,0.38719749450683594,0.10549545288085938,0.6672,0.14999999999997726,5.6356537475585755,20.0,0.8
4.449,0.38757896423339844,0.38757896423339844,0.09670257568359375,0.66735,0.1500000000000341,5.638058654785183,20.0,0.8
4.45,0.38757896423339844,0.38757896423339844,0.09670257568359375,0.6675,0.14999999999997726,5.641058654785137,20.0,0.8
4.4510000000000005,0.38757896423339844,0.38757896423339844,0.10549545288085938,0.6676500000000001,0.14999999999997726,5.637024353027327,20.0,0.8
4.452,0.38757896423339844,0.38757896423339844,0.09670257568359375,0.6678,0.14999999999997726,5.647058654785137,20.0,0.8
4.453,0.38796043395996094,0.38796043395996094,0.123077392578125,0.66795,0.14999999999997726,5.621329406738264,20.0,0.8
4.454,0.38796043395996094,0.38796043395996094,0.10549545288085938,0.6680999999999999,0.1500000000000341,5.63839495849612,20.0,0.8
4.455,0.38796043395996094,0.38796043395996094,0.09670257568359375,0.66825,0.14999999999997726,5.648429260253888,20.0,0.8
4.456,0.38796043395996094,0.38796043395996094,0.10549545288085938,0.6684,0.14999999999997726,5.6443949584960755,20.0,0.8
4.457,0.38834190368652344,0.38834190368652344,0.10549545288085938,0.66855,0.1500000000000341,5.639765563964871,20.0,0.8
4.458,0.38834190368652344,0.38834190368652344,0.11428642272949219,0.6687,0.14999999999997726,5.635732788085918,20.0,0.8
4.4590000000000005,0.38834190368652344,0.38834190368652344,0.09670257568359375,0.6688500000000001,0.14999999999997726,5.652799865722638,20.0,0.8
4.46,0.38834190368652344,0.38834190368652344,0.08791160583496094,0.6689999999999999,0.1500000000000341,5.662832641601589,20.0,0.8
4.461,0.38872337341308594,0.38872337341308594,0.09670257568359375,0.66915,0.1500000000000341,5.651170471191435,20.0,0.8
4.462,0.38872337341308594,0.38872337341308594,0.11428642272949219,0.6692999999999999,0.1500000000000341,5.640103393554712,20.0,0.8
4.463,0.38872337341308594,0.38872337341308594,0.10549545288085938,0.66945,0.1500000000000341,5.650136169433621,20.0,0.8
4.464,0.38910484313964844,0.38910484313964844,0.123077392578125,0.6696000000000001,0.14999999999997726,5.631441223144514,20.0,0.8
4.465,0.38910484313964844,0.38910484313964844,0.11428642272949219,0.66975,0.15000000000009095,5.64147399902351,20.0,0.8
4.466,0.38910484313964844,0.38910484313964844,0.1318683624267578,0.6699,0.14999999999997726,5.630408447265609,20.0,0.8
4.4670000000000005,0.38948631286621094,0.38948631286621094,0.123077392578125,0.67005,0.14999999999992042,5.632811828613218,20.0,0.8
4.468,0.38948631286621094,0.38948631286621094,0.1318683624267578,0.6702,0.15000000000009095,5.628779052734448,20.0,0.8
4.469,0.38948631286621094,0.38948631286621094,0.11428642272949219,0.67035,0.14999999999997726,5.6458446044921695,20.0,0.8
4.47,0.38948631286621094,0.38948631286621094,0.09670257568359375,0.6705,0.15000000000009095,5.662911682128979,20.0,0.8
4.471,0.38986778259277344,0.38986778259277344,0.10549545288085938,0.67065,0.14999999999997726,5.651247985839825,20.0,0.8
4.472,0.38986778259277344,0.38986778259277344,0.123077392578125,0.6708000000000001,0.14999999999997726,5.640182434082014,20.0,0.8
4.473,0.38986778259277344,0.38986778259277344,0.10549545288085938,0.6709499999999999,0.15000000000009095,5.657247985839915,20.0,0.8
4.474,0.39024925231933594,0.39024925231933594,0.1318683624267578,0.6711,0.1500000000000341,5.631520263671903,20.0,0.8
4.4750000000000005,0.39024925231933594,0.39024925231933594,0.1318683624267578,0.67125,0.14999999999997726,5.634520263671858,20.0,0.8
4.476,0.39024925231933594,0.39024925231933594,0.11428642272949219,0.6714,0.15000000000009095,5.65158581542976,20.0,0.8
4.477,0.39063072204589844,0.39063072204589844,0.123077392578125,0.67155,0.14999999999992042,5.639923645019467,20.0,0.8
4.478,0.39063072204589844,0.39063072204589844,0.123077392578125,0.6717,0.1500000000000341,5.6429236450195575,20.0,0.8
4.479,0.39063072204589844,0.39063072204589844,0.11428642272949219,0.67185,0.1500000000000341,5.652956420898464,20.0,0.8
4.48,0.39101219177246094,0.39101219177246094,0.11428642272949219,0.672,0.14999999999997726,5.648327026367171,20.0,0.8
4.481,0.39101219177246094,0.39101219177246094,0.10549545288085938,0.6721499999999999,0.1500000000000341,5.658359802246119,20.0,0.8
4.482,0.39101219177246094,0.39101219177246094,0.11428642272949219,0.6723,0.14999999999992042,5.654327026367124,20.0,0.8
4.483,0.39101219177246094,0.39101219177246094,0.11428642272949219,0.6724499999999999,0.1500000000000341,5.657327026367213,20.0,0.8
4.484,0.39139366149902344,0.39139366149902344,0.123077392578125,0.6726,0.1500000000000341,5.645664855957058,20.0,0.8
4.485,0.39139366149902344,0.39139366149902344,0.11428642272949219,0.6727500000000001,0.14999999999992042,5.655697631835876,20.0,0.8
4.486,0.39139366149902344,0.39139366149902344,0.1318683624267578,0.6728999999999999,0.1500000000000341,5.644632080078151,20.0,0.8
4.487,0.39177513122558594,0.39177513122558594,0.1318683624267578,0.67305,0.1500000000000341,5.640002685546903,20.0,0.8
4.488,0.39177513122558594,0.39177513122558594,0.1318683624267578,0.6732,0.14999999999997726,5.643002685546858,20.0,0.8
4.489,0.39177513122558594,0.39177513122558594,0.123077392578125,0.67335,0.1500000000000341,5.653035461425809,20.0,0.8
4.49,0.39215660095214844,0.39215660095214844,0.11428642272949219,0.6735,0.14999999999997726,5.655438842773419,20.0,0.8
4.491,0.39215660095214844,0.39215660095214844,0.1318683624267578,0.67365,0.1500000000000341,5.644373291015651,20.0,0.8
4.492,0.39215660095214844,0.39215660095214844,0.1318683624267578,0.6738,0.1500000000000341,5.6473732910156516,20.0,0.8
4.493,0.39253807067871094,0.39253807067871094,0.1318683624267578,0.67395,0.14999999999997726,5.642743896484358,20.0,0.8
4.494,0.39253807067871094,0.39253807067871094,0.14065933227539062,0.6740999999999999,0.1500000000000341,5.638711120605494,20.0,0.8
4.495,0.39253807067871094,0.39253807067871094,0.14945030212402344,0.67425,0.14999999999997726,5.634678344726544,20.0,0.8
4.496,0.39291954040527344,0.39291954040527344,0.16703224182128906,0.6744,0.14999999999992042,5.615983398437436,20.0,0.8
4.497,0.39291954040527344,0.39291954040527344,0.16703224182128906,0.67455,0.1500000000000341,5.618983398437527,20.0,0.8
4.498,0.39330101013183594,0.39330101013183594,0.14945030212402344,0.6747,0.14999999999997726,5.628419555664044,20.0,0.8
4.499,0.39330101013183594,0.39330101013183594,0.15824127197265625,0.67485,0.1500000000000341,5.6243867797851825,20.0,0.8
4.5,0.39330101013183594,0.39330101013183594,0.15824127197265625,0.6749999999999999,0.1500000000000341,5.627386779785182,20.0,0.8
4.501,0.39368247985839844,0.39368247985839844,0.14945030212402344,0.67515,0.14999999999997726,5.629790161132794,20.0,0.8
4.502,0.39368247985839844,0.39368247985839844,0.14065933227539062,0.6752999999999999,0.1500000000000341,5.639822937011744,20.0,0.8
4.503,0.39406394958496094,0.39406394958496094,0.16703224182128906,0.67545,0.1500000000000341,5.614095214843777,20.0,0.8
4.5040000000000004,0.39406394958496094,0.39406394958496094,0.20219802856445312,0.6756000000000001,0.14999999999997726,5.588962585449202,20.0,0.8
4.505,0.39444541931152344,0.39444541931152344,0.21977996826171875,0.67575,0.15000000000009095,5.570267639160228,20.0,0.8
4.506,0.39444541931152344,0.39444541931152344,0.22857093811035156,0.6759000000000001,0.14999999999992042,5.566234863281187,20.0,0.8
4.507,0.39482688903808594,0.39482688903808594,0.23736190795898438,0.6760499999999999,0.1500000000000341,5.55457269287112,20.0,0.8
4.508,0.39520835876464844,0.39520835876464844,0.21977996826171875,0.6762,0.14999999999997726,5.564008850097639,20.0,0.8
4.509,0.39520835876464844,0.39520835876464844,0.20219802856445312,0.67635,0.14999999999992042,5.581074401855405,20.0,0.8
4.51,0.39558982849121094,0.39558982849121094,0.20219802856445312,0.6765,0.1500000000000341,5.576445007324246,20.0,0.8
4.511,0.39558982849121094,0.39558982849121094,0.20219802856445312,0.67665,0.14999999999997726,5.5794450073242,20.0,0.8
4.5120000000000005,0.39597129821777344,0.39597129821777344,0.20219802856445312,0.6768000000000001,0.14999999999992042,5.574815612792906,20.0,0.8
4.513,0.39597129821777344,0.39597129821777344,0.1846160888671875,0.6769499999999999,0.1500000000000341,5.5918811645508075,20.0,0.8
4.514,0.39635276794433594,0.39635276794433594,0.16703224182128906,0.6771,0.14999999999992042,5.601318847656187,20.0,0.8
4.515,0.39635276794433594,0.39635276794433594,0.1846160888671875,0.6772499999999999,0.1500000000000341,5.590251770019557,20.0,0.8
4.516,0.39635276794433594,0.39635276794433594,0.15824127197265625,0.6774,0.14999999999997726,5.614351623535138,20.0,0.8
4.517,0.39673423767089844,0.39673423767089844,0.16703224182128906,0.67755,0.14999999999992042,5.6026894531249365,20.0,0.8
4.518,0.39673423767089844,0.39673423767089844,0.14945030212402344,0.6777,0.1500000000000341,5.6197550048828395,20.0,0.8
4.519,0.39711570739746094,0.39711570739746094,0.1846160888671875,0.67785,0.14999999999997726,5.586992980957012,20.0,0.8
4.5200000000000005,0.39711570739746094,0.39711570739746094,0.15824127197265625,0.678,0.14999999999992042,5.611092834472593,20.0,0.8
4.521,0.39749717712402344,0.39749717712402344,0.1846160888671875,0.6781499999999999,0.1500000000000341,5.5853635864258075,20.0,0.8
4.522,0.39749717712402344,0.39749717712402344,0.1846160888671875,0.6783,0.14999999999997726,5.588363586425764,20.0,0.8
4.523,0.39787864685058594,0.39787864685058594,0.1758251190185547,0.6784499999999999,0.1500000000000341,5.590766967773462,20.0,0.8
4.524,0.39787864685058594,0.39787864685058594,0.14065933227539062,0.6786,0.1500000000000341,5.621899597167995,20.0,0.8
4.525,0.39787864685058594,0.39787864685058594,0.11428642272949219,0.6787500000000001,0.14999999999997726,5.6459979248046706,20.0,0.8
4.526,0.39826011657714844,0.39826011657714844,0.1318683624267578,0.6789,0.1500000000000341,5.627302978515652,20.0,0.8
4.527,0.39826011657714844,0.39826011657714844,0.14945030212402344,0.67905,0.14999999999997726,5.616237426757795,20.0,0.8
4.5280000000000005,0.39826011657714844,0.39826011657714844,0.14065933227539062,0.6792,0.14999999999992042,5.626270202636656,20.0,0.8
4.529,0.39864158630371094,0.39864158630371094,0.14065933227539062,0.67935,0.1500000000000341,5.621640808105496,20.0,0.8
4.53,0.39864158630371094,0.39864158630371094,0.14945030212402344,0.6795,0.14999999999997726,5.617608032226544,20.0,0.8
4.531,0.39902305603027344,0.39902305603027344,0.14065933227539062,0.67965,0.1500000000000341,5.620011413574246,20.0,0.8
4.532,0.39902305603027344,0.39902305603027344,0.1318683624267578,0.6798,0.14999999999997726,5.630044189453106,20.0,0.8
4.533,0.39902305603027344,0.39902305603027344,0.1318683624267578,0.67995,0.14999999999997726,5.633044189453108,20.0,0.8
4.534,0.39940452575683594,0.39940452575683594,0.14065933227539062,0.6800999999999999,0.1500000000000341,5.621382019042994,20.0,0.8
4.535,0.39940452575683594,0.39940452575683594,0.123077392578125,0.68025,0.14999999999997726,5.638447570800763,20.0,0.8
4.5360000000000005,0.39940452575683594,0.39940452575683594,0.14945030212402344,0.6804,0.14999999999997726,5.6203492431640445,20.0,0.8
4.537,0.39978599548339844,0.39978599548339844,0.15824127197265625,0.68055,0.1500000000000341,5.608687072753933,20.0,0.8
4.538,0.39978599548339844,0.39978599548339844,0.15824127197265625,0.6807,0.14999999999997726,5.611687072753887,20.0,0.8
4.539,0.40016746520996094,0.40016746520996094,0.1846160888671875,0.68085,0.14999999999997726,5.5859578247070125,20.0,0.8
4.54,0.40016746520996094,0.40016746520996094,0.15824127197265625,0.6809999999999999,0.14999999999997726,5.6100576782226375,20.0,0.8
4.541,0.40054893493652344,0.40054893493652344,0.1758251190185547,0.68115,0.14999999999997726,5.59136120605467,20.0,0.8
4.542,0.40054893493652344,0.40054893493652344,0.1846160888671875,0.6812999999999999,0.14999999999997726,5.587328430175761,20.0,0.8
4.543,0.40093040466308594,0.40093040466308594,0.1934070587158203,0.68145,0.1500000000000341,5.575666259765652,20.0,0.8
4.5440000000000005,0.40093040466308594,0.40093040466308594,0.21098899841308594,0.6816000000000001,0.14999999999997726,5.564600708007796,20.0,0.8
4.545,0.40131187438964844,0.40131187438964844,0.21977996826171875,0.68175,0.1500000000000341,5.552938537597683,20.0,0.8
4.546,0.40131187438964844,0.40131187438964844,0.21977996826171875,0.6819000000000001,0.14999999999997726,5.55593853759764,20.0,0.8
4.547,0.40169334411621094,0.40169334411621094,0.20219802856445312,0.6820499999999999,0.1500000000000341,5.565374694824245,20.0,0.8
4.548,0.40169334411621094,0.40169334411621094,0.21098899841308594,0.6822,0.14999999999997726,5.561341918945295,20.0,0.8
4.549,0.40207481384277344,0.40207481384277344,0.20219802856445312,0.68235,0.14999999999992042,5.563745300292905,20.0,0.8
4.55,0.40207481384277344,0.40207481384277344,0.1846160888671875,0.6825,0.1500000000000341,5.580810852050809,20.0,0.8
4.551,0.40245628356933594,0.40245628356933594,0.22857093811035156,0.68265,0.1500000000000341,5.541017578125027,20.0,0.8
4.5520000000000005,0.40283775329589844,0.40283775329589844,0.22857093811035156,0.6828000000000001,0.14999999999992042,5.5363881835936875,20.0,0.8
4.553,0.40283775329589844,0.40283775329589844,0.2637367248535156,0.68295,0.1500000000000341,5.511255554199245,20.0,0.8
4.554,0.40321922302246094,0.40321922302246094,0.2549457550048828,0.6831,0.14999999999997726,5.513658935546857,20.0,0.8
4.555,0.40360069274902344,0.40360069274902344,0.24615478515625,0.6832499999999999,0.15000000000009095,5.516062316894602,20.0,0.8
4.556,0.40360069274902344,0.40360069274902344,0.23736190795898438,0.6834,0.14999999999997726,5.526096618652326,20.0,0.8
4.557,0.40398216247558594,0.40398216247558594,0.21098899841308594,0.68355,0.14999999999997726,5.542565551757794,20.0,0.8
4.558,0.40398216247558594,0.40398216247558594,0.20219802856445312,0.6837,0.1500000000000341,5.552598327636746,20.0,0.8
4.559,0.40436363220214844,0.40436363220214844,0.20219802856445312,0.68385,0.1500000000000341,5.547968933105496,20.0,0.8
4.5600000000000005,0.40436363220214844,0.40436363220214844,0.20219802856445312,0.684,0.14999999999992042,5.550968933105406,20.0,0.8
4.561,0.40474510192871094,0.40474510192871094,0.20219802856445312,0.6841499999999999,0.1500000000000341,5.546339538574244,20.0,0.8
4.562,0.40474510192871094,0.40474510192871094,0.1846160888671875,0.6843,0.14999999999997726,5.563405090332013,20.0,0.8
4.563,0.40512657165527344,0.40512657165527344,0.1758251190185547,0.6844499999999999,0.15000000000009095,5.565808471679759,20.0,0.8
4.564,0.40512657165527344,0.40512657165527344,0.16703224182128906,0.6846,0.15000000000009095,5.575842773437573,20.0,0.8
4.565,0.40550804138183594,0.40550804138183594,0.1846160888671875,0.6847500000000001,0.14999999999997726,5.5571463012695155,20.0,0.8
4.566,0.40550804138183594,0.40550804138183594,0.1934070587158203,0.6849,0.1500000000000341,5.553113525390651,20.0,0.8
4.567,0.40588951110839844,0.40588951110839844,0.1846160888671875,0.68505,0.14999999999997726,5.555516906738264,20.0,0.8
4.5680000000000005,0.40588951110839844,0.40588951110839844,0.1934070587158203,0.6852,0.14999999999997726,5.551484130859357,20.0,0.8
4.569,0.40627193450927734,0.40627193450927734,0.15824127197265625,0.68535,0.1500000000000341,5.574968292236356,20.0,0.8
4.57,0.40627193450927734,0.40627193450927734,0.14945030212402344,0.6855,0.14999999999997726,5.585001068115216,20.0,0.8
4.571,0.40627193450927734,0.40627193450927734,0.15824127197265625,0.68565,0.1500000000000341,5.580968292236355,20.0,0.8
4.572,0.40665340423583984,0.40665340423583984,0.15824127197265625,0.6858,0.14999999999997726,5.576338897705059,20.0,0.8
4.573,0.40665340423583984,0.40665340423583984,0.16703224182128906,0.6859500000000001,0.14999999999997726,5.572306121826155,20.0,0.8
4.574,0.40703487396240234,0.40703487396240234,0.16703224182128906,0.6860999999999999,0.1500000000000341,5.5676767272949474,20.0,0.8
4.575,0.40703487396240234,0.40703487396240234,0.16703224182128906,0.68625,0.14999999999997726,5.570676727294904,20.0,0.8
4.5760000000000005,0.40741634368896484,0.40741634368896484,0.16703224182128906,0.6864,0.14999999999997726,5.566047332763653,20.0,0.8
4.577,0.40741634368896484,0.40741634368896484,0.15824127197265625,0.68655,0.14999999999997726,5.57608010864256,20.0,0.8
4.578,0.40779781341552734,0.40779781341552734,0.15824127197265625,0.6867,0.14999999999997726,5.57145071411131,20.0,0.8
4.579,0.40779781341552734,0.40779781341552734,0.15824127197265625,0.68685,0.1500000000000341,5.574450714111355,20.0,0.8
4.58,0.40779781341552734,0.40779781341552734,0.14945030212402344,0.6869999999999999,0.14999999999997726,5.584483489990214,20.0,0.8
4.581,0.40817928314208984,0.40817928314208984,0.1758251190185547,0.68715,0.14999999999997726,5.558754241943341,20.0,0.8
4.582,0.40817928314208984,0.40817928314208984,0.16703224182128906,0.6872999999999999,0.1500000000000341,5.5687885437011975,20.0,0.8
4.583,0.40856075286865234,0.40856075286865234,0.1846160888671875,0.68745,0.1500000000000341,5.550092071533231,20.0,0.8
4.5840000000000005,0.40856075286865234,0.40856075286865234,0.1846160888671875,0.6876000000000001,0.14999999999997726,5.553092071533188,20.0,0.8
4.585,0.40894222259521484,0.40894222259521484,0.1934070587158203,0.68775,0.1500000000000341,5.541429901123073,20.0,0.8
4.586,0.40894222259521484,0.40894222259521484,0.20219802856445312,0.6879000000000001,0.1500000000000341,5.537397125244169,20.0,0.8
4.587,0.40932369232177734,0.40932369232177734,0.21098899841308594,0.6880499999999999,0.15000000000009095,5.525734954834056,20.0,0.8
4.588,0.40932369232177734,0.40932369232177734,0.22857093811035156,0.6882,0.14999999999997726,5.514669403076155,20.0,0.8
4.589,0.40970516204833984,0.40970516204833984,0.21977996826171875,0.68835,0.14999999999997726,5.51707278442381,20.0,0.8
4.59,0.40970516204833984,0.40970516204833984,0.22857093811035156,0.6885,0.15000000000009095,5.513040008544994,20.0,0.8
4.591,0.41008663177490234,0.41008663177490234,0.22857093811035156,0.68865,0.14999999999997726,5.508410614013654,20.0,0.8
4.5920000000000005,0.41046810150146484,0.41046810150146484,0.20219802856445312,0.6888000000000001,0.14999999999992042,5.524879547119078,20.0,0.8
4.593,0.41046810150146484,0.41046810150146484,0.21977996826171875,0.68895,0.15000000000009095,5.5138139953614,20.0,0.8
4.594,0.41084957122802734,0.41084957122802734,0.24615478515625,0.6891,0.14999999999997726,5.488084747314436,20.0,0.8
4.595,0.41084957122802734,0.41084957122802734,0.2637367248535156,0.6892499999999999,0.15000000000009095,5.477019195556712,20.0,0.8
4.596,0.41123104095458984,0.41123104095458984,0.2989006042480469,0.6894,0.14999999999997726,5.444258697509747,20.0,0.8
4.597,0.41161251068115234,0.41161251068115234,0.2549457550048828,0.68955,0.14999999999997726,5.474793182373029,20.0,0.8
4.598,0.41199398040771484,0.41199398040771484,0.27252769470214844,0.6897,0.15000000000009095,5.456098236084057,20.0,0.8
4.599,0.41199398040771484,0.41199398040771484,0.23736190795898438,0.68985,0.14999999999997726,5.487230865478496,20.0,0.8
4.6000000000000005,0.41237545013427734,0.41237545013427734,0.21977996826171875,0.6900000000000001,0.14999999999997726,5.4966670227050605,20.0,0.8
4.601,0.41275691986083984,0.41275691986083984,0.23736190795898438,0.6901499999999999,0.15000000000009095,5.477972076416087,20.0,0.8
4.602,0.41275691986083984,0.41275691986083984,0.23736190795898438,0.6903,0.14999999999997726,5.480972076415998,20.0,0.8
4.603,0.41313838958740234,0.41313838958740234,0.21977996826171875,0.6904499999999999,0.1500000000000341,5.4904082336426026,20.0,0.8
4.604,0.41313838958740234,0.41313838958740234,0.21977996826171875,0.6906,0.1500000000000341,5.493408233642604,20.0,0.8
4.605,0.41351985931396484,0.41351985931396484,0.21098899841308594,0.6907500000000001,0.14999999999997726,5.495811614990218,20.0,0.8
4.606,0.41351985931396484,0.41351985931396484,0.22857093811035156,0.6909,0.1500000000000341,5.484746063232449,20.0,0.8
4.607,0.41390132904052734,0.41390132904052734,0.20219802856445312,0.69105,0.14999999999997726,5.501214996337874,20.0,0.8
4.6080000000000005,0.41390132904052734,0.41390132904052734,0.21098899841308594,0.6912,0.14999999999997726,5.497182220458967,20.0,0.8
4.609,0.41428279876708984,0.41428279876708984,0.20219802856445312,0.69135,0.1500000000000341,5.499585601806668,20.0,0.8
4.61,0.41428279876708984,0.41428279876708984,0.1934070587158203,0.6915,0.14999999999992042,5.5096183776854835,20.0,0.8
4.611,0.41466426849365234,0.41466426849365234,0.14945030212402344,0.69165,0.1500000000000341,5.540154388427762,20.0,0.8
4.612,0.41466426849365234,0.41466426849365234,0.15824127197265625,0.6918,0.14999999999997726,5.5361216125488095,20.0,0.8
4.613,0.41504573822021484,0.41504573822021484,0.16703224182128906,0.6919500000000001,0.14999999999997726,5.524459442138655,20.0,0.8
4.614,0.41504573822021484,0.41504573822021484,0.1846160888671875,0.6920999999999999,0.1500000000000341,5.513392364501979,20.0,0.8
4.615,0.41542720794677734,0.41542720794677734,0.1758251190185547,0.69225,0.14999999999997726,5.515795745849592,20.0,0.8
4.616,0.41542720794677734,0.41542720794677734,0.1758251190185547,0.6923999999999999,0.1500000000000341,5.518795745849634,20.0,0.8
4.617,0.41580867767333984,0.41580867767333984,0.1758251190185547,0.69255,0.14999999999997726,5.514166351318341,20.0,0.8
4.618,0.41580867767333984,0.41580867767333984,0.16703224182128906,0.6927,0.14999999999997726,5.524200653076153,20.0,0.8
4.619,0.41580867767333984,0.41580867767333984,0.14945030212402344,0.69285,0.1500000000000341,5.541266204834011,20.0,0.8
4.62,0.41619014739990234,0.41619014739990234,0.1758251190185547,0.693,0.14999999999997726,5.51553695678709,20.0,0.8
4.621,0.41619014739990234,0.41619014739990234,0.1758251190185547,0.69315,0.1500000000000341,5.518536956787138,20.0,0.8
4.622,0.41657161712646484,0.41657161712646484,0.1934070587158203,0.6932999999999999,0.1500000000000341,5.499842010498072,20.0,0.8
4.623,0.41657161712646484,0.41657161712646484,0.20219802856445312,0.69345,0.14999999999997726,5.495809234619122,20.0,0.8
4.624,0.41695308685302734,0.41695308685302734,0.20219802856445312,0.6935999999999999,0.1500000000000341,5.491179840087916,20.0,0.8
4.625,0.41695308685302734,0.41695308685302734,0.21098899841308594,0.69375,0.1500000000000341,5.487147064209012,20.0,0.8
4.626,0.41733455657958984,0.41733455657958984,0.1934070587158203,0.6939000000000001,0.14999999999997726,5.496583221435531,20.0,0.8
4.627,0.41771602630615234,0.41771602630615234,0.22857093811035156,0.69405,0.15000000000009095,5.463822723388743,20.0,0.8
4.628,0.41771602630615234,0.41771602630615234,0.23736190795898438,0.6942,0.1500000000000341,5.459789947509793,20.0,0.8
4.6290000000000004,0.41809749603271484,0.41809749603271484,0.23736190795898438,0.69435,0.14999999999992042,5.455160552978453,20.0,0.8
4.63,0.41809749603271484,0.41809749603271484,0.21977996826171875,0.6945,0.15000000000009095,5.472226104736402,20.0,0.8
4.631,0.41847896575927734,0.41847896575927734,0.21977996826171875,0.69465,0.14999999999992042,5.467596710205014,20.0,0.8
4.632,0.41847896575927734,0.41847896575927734,0.1934070587158203,0.6948,0.1500000000000341,5.491695037841823,20.0,0.8
4.633,0.41886043548583984,0.41886043548583984,0.1846160888671875,0.69495,0.14999999999997726,5.494098419189434,20.0,0.8
4.634,0.41924190521240234,0.41924190521240234,0.24615478515625,0.6951,0.14999999999992042,5.440238067626891,20.0,0.8
4.635,0.41924190521240234,0.41924190521240234,0.22857093811035156,0.6952499999999999,0.1500000000000341,5.457305145263698,20.0,0.8
4.636,0.41962337493896484,0.41962337493896484,0.27252769470214844,0.6954,0.1500000000000341,5.417510345459012,20.0,0.8
4.6370000000000005,0.42000484466552734,0.42000484466552734,0.27252769470214844,0.69555,0.14999999999992042,5.41288095092767,20.0,0.8
4.638,0.42000484466552734,0.42000484466552734,0.24615478515625,0.6957,0.1500000000000341,5.43697927856448,20.0,0.8
4.639,0.42038631439208984,0.42038631439208984,0.22857093811035156,0.69585,0.14999999999992042,5.446416961669858,20.0,0.8
4.64,0.42076778411865234,0.42076778411865234,0.22857093811035156,0.696,0.1500000000000341,5.441787567138698,20.0,0.8
4.641,0.42076778411865234,0.42076778411865234,0.21977996826171875,0.6961499999999999,0.1500000000000341,5.451820343017603,20.0,0.8
4.642,0.42114925384521484,0.42114925384521484,0.21977996826171875,0.6963,0.14999999999992042,5.447190948486265,20.0,0.8
4.643,0.42114925384521484,0.42114925384521484,0.21977996826171875,0.6964499999999999,0.1500000000000341,5.4501909484863535,20.0,0.8
4.644,0.42153072357177734,0.42153072357177734,0.20219802856445312,0.6966,0.1500000000000341,5.459627105712919,20.0,0.8
4.6450000000000005,0.42153072357177734,0.42153072357177734,0.20219802856445312,0.6967500000000001,0.14999999999992042,5.462627105712829,20.0,0.8
4.646,0.42191219329833984,0.42191219329833984,0.1934070587158203,0.6969,0.1500000000000341,5.465030487060573,20.0,0.8
4.647,0.42191219329833984,0.42191219329833984,0.1934070587158203,0.6970500000000001,0.14999999999997726,5.468030487060529,20.0,0.8
4.648,0.42229366302490234,0.42229366302490234,0.21098899841308594,0.6971999999999999,0.1500000000000341,5.449335540771511,20.0,0.8
4.649,0.42267513275146484,0.42267513275146484,0.20219802856445312,0.69735,0.1500000000000341,5.451738922119169,20.0,0.8
4.65,0.42267513275146484,0.42267513275146484,0.1846160888671875,0.6975,0.14999999999997726,5.4688044738769355,20.0,0.8
4.651,0.42267513275146484,0.42267513275146484,0.15824127197265625,0.69765,0.1500000000000341,5.492904327392605,20.0,0.8
4.652,0.42305660247802734,0.42305660247802734,0.14945030212402344,0.6978,0.14999999999997726,5.495307708740215,20.0,0.8
4.6530000000000005,0.42305660247802734,0.42305660247802734,0.16703224182128906,0.6979500000000001,0.14999999999997726,5.484242156982405,20.0,0.8
4.654,0.42343807220458984,0.42343807220458984,0.14945030212402344,0.6980999999999999,0.1500000000000341,5.493678314209011,20.0,0.8
4.655,0.42343807220458984,0.42343807220458984,0.1846160888671875,0.69825,0.14999999999997726,5.468545684814436,20.0,0.8
4.656,0.42381954193115234,0.42381954193115234,0.15824127197265625,0.6983999999999999,0.1500000000000341,5.485016143798854,20.0,0.8
4.657,0.42381954193115234,0.42381954193115234,0.15824127197265625,0.69855,0.14999999999997726,5.48801614379881,20.0,0.8
4.658,0.42381954193115234,0.42381954193115234,0.14945030212402344,0.6987,0.14999999999997726,5.498048919677716,20.0,0.8
4.659,0.42420101165771484,0.42420101165771484,0.14065933227539062,0.69885,0.1500000000000341,5.500452301025417,20.0,0.8
4.66,0.42420101165771484,0.42420101165771484,0.14945030212402344,0.699,0.14999999999997726,5.4964195251464645,20.0,0.8
4.6610000000000005,0.42458248138427734,0.42458248138427734,0.14065933227539062,0.69915,0.14999999999997726,5.498822906494123,20.0,0.8
4.662,0.42458248138427734,0.42458248138427734,0.15824127197265625,0.6992999999999999,0.1500000000000341,5.487757354736354,20.0,0.8
4.663,0.42458248138427734,0.42458248138427734,0.14945030212402344,0.69945,0.14999999999997726,5.497790130615217,20.0,0.8
4.664,0.42496395111083984,0.42496395111083984,0.16703224182128906,0.6995999999999999,0.14999999999997726,5.479095184326151,20.0,0.8
4.665,0.42496395111083984,0.42496395111083984,0.1758251190185547,0.69975,0.1500000000000341,5.4750608825683855,20.0,0.8
4.666,0.42534542083740234,0.42534542083740234,0.1846160888671875,0.6999000000000001,0.14999999999997726,5.463398712158186,20.0,0.8
4.667,0.42534542083740234,0.42534542083740234,0.1934070587158203,0.70005,0.1500000000000341,5.459365936279323,20.0,0.8
4.668,0.42572689056396484,0.42572689056396484,0.20219802856445312,0.7002,0.14999999999997726,5.447703765869123,20.0,0.8
4.6690000000000005,0.42572689056396484,0.42572689056396484,0.20219802856445312,0.70035,0.14999999999992042,5.450703765869077,20.0,0.8
4.67,0.42610836029052734,0.42610836029052734,0.22857093811035156,0.7005,0.1500000000000341,5.424976043701199,20.0,0.8
4.671,0.42648983001708984,0.42648983001708984,0.23736190795898438,0.70065,0.14999999999992042,5.413313873290952,20.0,0.8
4.672,0.42648983001708984,0.42648983001708984,0.24615478515625,0.7008,0.1500000000000341,5.40927957153323,20.0,0.8
4.673,0.42687129974365234,0.42687129974365234,0.22857093811035156,0.70095,0.14999999999997726,5.418717254638653,20.0,0.8
4.674,0.42687129974365234,0.42687129974365234,0.21098899841308594,0.7011000000000001,0.14999999999992042,5.435782806396422,20.0,0.8
4.675,0.42725276947021484,0.42725276947021484,0.20219802856445312,0.7012499999999999,0.1500000000000341,5.438186187744167,20.0,0.8
4.676,0.42763423919677734,0.42763423919677734,0.2549457550048828,0.7014,0.14999999999997726,5.391358612060529,20.0,0.8
4.6770000000000005,0.42763423919677734,0.42763423919677734,0.27252769470214844,0.70155,0.14999999999992042,5.380293060302671,20.0,0.8
4.678,0.42801570892333984,0.42801570892333984,0.27252769470214844,0.7017,0.1500000000000341,5.375663665771511,20.0,0.8
4.679,0.42839717864990234,0.42839717864990234,0.27252769470214844,0.70185,0.14999999999997726,5.371034271240215,20.0,0.8
4.68,0.42839717864990234,0.42839717864990234,0.23736190795898438,0.702,0.1500000000000341,5.402166900634792,20.0,0.8
4.681,0.42877864837646484,0.42877864837646484,0.21098899841308594,0.7021499999999999,0.14999999999997726,5.418635833740216,20.0,0.8
4.682,0.42877864837646484,0.42877864837646484,0.21098899841308594,0.7023,0.14999999999997726,5.4216358337402175,20.0,0.8
4.683,0.42916011810302734,0.42916011810302734,0.20219802856445312,0.7024499999999999,0.1500000000000341,5.424039215087916,20.0,0.8
4.684,0.42916011810302734,0.42916011810302734,0.21098899841308594,0.7026,0.1500000000000341,5.420006439209011,20.0,0.8
4.6850000000000005,0.42954158782958984,0.42954158782958984,0.1846160888671875,0.7027500000000001,0.14999999999997726,5.436475372314437,20.0,0.8
4.686,0.42954158782958984,0.42954158782958984,0.20219802856445312,0.7029,0.1500000000000341,5.425409820556668,20.0,0.8
4.687,0.42992305755615234,0.42992305755615234,0.1846160888671875,0.7030500000000001,0.14999999999997726,5.434845977783187,20.0,0.8
4.688,0.42992305755615234,0.42992305755615234,0.16703224182128906,0.7031999999999999,0.15000000000009095,5.451913055419993,20.0,0.8
4.689,0.43030452728271484,0.43030452728271484,0.1758251190185547,0.70335,0.14999999999997726,5.440249359130841,20.0,0.8
4.69,0.43030452728271484,0.43030452728271484,0.1934070587158203,0.7035,0.14999999999997726,5.429183807373029,20.0,0.8
4.691,0.43068599700927734,0.43068599700927734,0.16703224182128906,0.70365,0.1500000000000341,5.445654266357449,20.0,0.8
4.692,0.43068599700927734,0.43068599700927734,0.1934070587158203,0.7038,0.14999999999997726,5.427554412841778,20.0,0.8
4.6930000000000005,0.43106746673583984,0.43106746673583984,0.1846160888671875,0.7039500000000001,0.14999999999997726,5.429957794189437,20.0,0.8
4.694,0.43106746673583984,0.43106746673583984,0.15824127197265625,0.7041,0.1500000000000341,5.454057647705104,20.0,0.8
4.695,0.43144893646240234,0.43144893646240234,0.14065933227539062,0.70425,0.14999999999997726,5.463493804931623,20.0,0.8
4.696,0.43144893646240234,0.43144893646240234,0.15824127197265625,0.7043999999999999,0.1500000000000341,5.452428253173854,20.0,0.8
4.697,0.43144893646240234,0.43144893646240234,0.16703224182128906,0.70455,0.14999999999997726,5.448395477294904,20.0,0.8
4.698,0.43183040618896484,0.43183040618896484,0.16703224182128906,0.7047,0.14999999999997726,5.443766082763653,20.0,0.8
4.699,0.43183040618896484,0.43183040618896484,0.16703224182128906,0.70485,0.14999999999997726,5.446766082763653,20.0,0.8
4.7,0.43221187591552734,0.43221187591552734,0.1758251190185547,0.705,0.1500000000000341,5.435102386474636,20.0,0.8
4.7010000000000005,0.43221187591552734,0.43221187591552734,0.15824127197265625,0.70515,0.14999999999997726,5.452169464111312,20.0,0.8
4.702,0.43259334564208984,0.43259334564208984,0.15824127197265625,0.7052999999999999,0.14999999999997726,5.447540069580058,20.0,0.8
4.703,0.43259334564208984,0.43259334564208984,0.14065933227539062,0.70545,0.14999999999997726,5.464605621337872,20.0,0.8
4.704,0.43259334564208984,0.43259334564208984,0.14945030212402344,0.7055999999999999,0.1500000000000341,5.46057284545901,20.0,0.8
4.705,0.43297481536865234,0.43297481536865234,0.1758251190185547,0.70575,0.1500000000000341,5.4348435974121365,20.0,0.8
4.706,0.43297481536865234,0.43297481536865234,0.1758251190185547,0.7059000000000001,0.14999999999997726,5.437843597412093,20.0,0.8
4.707,0.43335628509521484,0.43335628509521484,0.16703224182128906,0.70605,0.15000000000009095,5.440248504638744,20.0,0.8
4.708,0.43335628509521484,0.43335628509521484,0.1758251190185547,0.7062,0.1500000000000341,5.436214202880887,20.0,0.8
4.7090000000000005,0.43373775482177734,0.43373775482177734,0.1846160888671875,0.70635,0.14999999999992042,5.42455203247064,20.0,0.8
4.71,0.43373775482177734,0.43373775482177734,0.16703224182128906,0.7065,0.1500000000000341,5.44161911010745,20.0,0.8
4.711,0.43411922454833984,0.43411922454833984,0.16703224182128906,0.70665,0.14999999999997726,5.4369897155761535,20.0,0.8
4.712,0.43411922454833984,0.43411922454833984,0.1758251190185547,0.7068,0.15000000000009095,5.432955413818432,20.0,0.8
4.713,0.43450069427490234,0.43450069427490234,0.1934070587158203,0.70695,0.1500000000000341,5.414260467529323,20.0,0.8
4.714,0.43450069427490234,0.43450069427490234,0.1934070587158203,0.7071000000000001,0.14999999999997726,5.41726046752928,20.0,0.8
4.715,0.43488216400146484,0.43488216400146484,0.20219802856445312,0.7072499999999999,0.15000000000009095,5.405598297119212,20.0,0.8
4.716,0.43488216400146484,0.43488216400146484,0.1934070587158203,0.7074,0.14999999999997726,5.415631072998029,20.0,0.8
4.7170000000000005,0.43488216400146484,0.43488216400146484,0.1758251190185547,0.70755,0.14999999999997726,5.432696624755841,20.0,0.8
4.718,0.43526363372802734,0.43526363372802734,0.1846160888671875,0.7077,0.1500000000000341,5.4210344543457305,20.0,0.8
4.719,0.43526363372802734,0.43526363372802734,0.16703224182128906,0.70785,0.14999999999997726,5.4381015319824035,20.0,0.8
4.72,0.43564510345458984,0.43564510345458984,0.20219802856445312,0.708,0.15000000000009095,5.405339508056713,20.0,0.8
4.721,0.43602657318115234,0.43602657318115234,0.21977996826171875,0.70815,0.14999999999997726,5.386644561767558,20.0,0.8
4.722,0.43602657318115234,0.43602657318115234,0.23736190795898438,0.7083,0.14999999999997726,5.375579010009748,20.0,0.8
4.723,0.43640804290771484,0.43640804290771484,0.2549457550048828,0.7084499999999999,0.15000000000009095,5.3568825378418685,20.0,0.8
4.724,0.43678951263427734,0.43678951263427734,0.2637367248535156,0.7086,0.1500000000000341,5.3452203674316685,20.0,0.8
4.7250000000000005,0.43678951263427734,0.43678951263427734,0.20219802856445312,0.7087500000000001,0.14999999999997726,5.397451324462875,20.0,0.8
4.726,0.43717098236083984,0.43717098236083984,0.21098899841308594,0.7089,0.15000000000009095,5.385789154052806,20.0,0.8
4.727,0.43717098236083984,0.43717098236083984,0.1846160888671875,0.7090500000000001,0.14999999999997726,5.409887481689436,20.0,0.8
4.728,0.43755245208740234,0.43755245208740234,0.1758251190185547,0.7091999999999999,0.1500000000000341,5.412290863037136,20.0,0.8
4.729,0.43755245208740234,0.43755245208740234,0.1758251190185547,0.70935,0.14999999999997726,5.415290863037092,20.0,0.8
4.73,0.43755245208740234,0.43755245208740234,0.1758251190185547,0.7095,0.14999999999997726,5.418290863037091,20.0,0.8
4.731,0.43793392181396484,0.43793392181396484,0.15824127197265625,0.70965,0.1500000000000341,5.427728546142605,20.0,0.8
4.732,0.43793392181396484,0.43793392181396484,0.15824127197265625,0.7098,0.14999999999997726,5.43072854614256,20.0,0.8
4.7330000000000005,0.43831539154052734,0.43831539154052734,0.14945030212402344,0.7099500000000001,0.14999999999997726,5.4331319274902174,20.0,0.8
4.734,0.43831539154052734,0.43831539154052734,0.15824127197265625,0.7101,0.1500000000000341,5.4290991516113545,20.0,0.8
4.735,0.43831539154052734,0.43831539154052734,0.123077392578125,0.71025,0.14999999999997726,5.460230255126936,20.0,0.8
4.736,0.43869686126708984,0.43869686126708984,0.14065933227539062,0.7103999999999999,0.1500000000000341,5.441535308837916,20.0,0.8
4.737,0.43869686126708984,0.43869686126708984,0.14065933227539062,0.71055,0.14999999999997726,5.444535308837873,20.0,0.8
4.738,0.43907833099365234,0.43907833099365234,0.14945030212402344,0.7107,0.14999999999997726,5.432873138427716,20.0,0.8
4.739,0.43907833099365234,0.43907833099365234,0.15824127197265625,0.71085,0.1500000000000341,5.428840362548855,20.0,0.8
4.74,0.43907833099365234,0.43907833099365234,0.14945030212402344,0.711,0.14999999999997726,5.438873138427715,20.0,0.8
4.741,0.43945980072021484,0.43945980072021484,0.123077392578125,0.71115,0.1500000000000341,5.455342071533229,20.0,0.8
4.742,0.43945980072021484,0.43945980072021484,0.11428642272949219,0.7112999999999999,0.14999999999997726,5.4653748474120905,20.0,0.8
4.743,0.43945980072021484,0.43945980072021484,0.10549545288085938,0.71145,0.14999999999997726,5.475407623290998,20.0,0.8
4.744,0.43984127044677734,0.43984127044677734,0.10549545288085938,0.7115999999999999,0.1500000000000341,5.470778228759791,20.0,0.8
4.745,0.43984127044677734,0.43984127044677734,0.11428642272949219,0.71175,0.1500000000000341,5.466745452880886,20.0,0.8
4.746,0.43984127044677734,0.43984127044677734,0.123077392578125,0.7119000000000001,0.1500000000000341,5.462712677001981,20.0,0.8
4.747,0.44022274017333984,0.44022274017333984,0.11428642272949219,0.71205,0.15000000000009095,5.465116058349682,20.0,0.8
4.748,0.44022274017333984,0.44022274017333984,0.1318683624267578,0.7122,0.14999999999997726,5.454050506591781,20.0,0.8
4.749,0.44022274017333984,0.44022274017333984,0.11428642272949219,0.7123499999999999,0.1500000000000341,5.471116058349635,20.0,0.8
4.75,0.44060420989990234,0.44060420989990234,0.123077392578125,0.7125,0.14999999999997726,5.459453887939435,20.0,0.8
4.751,0.44060420989990234,0.44060420989990234,0.10549545288085938,0.71265,0.14999999999992042,5.476519439697202,20.0,0.8
4.752,0.44060420989990234,0.44060420989990234,0.10549545288085938,0.7128,0.15000000000009095,5.479519439697339,20.0,0.8
4.753,0.44060420989990234,0.44060420989990234,0.09670257568359375,0.71295,0.14999999999997726,5.489553741455059,20.0,0.8
4.7540000000000004,0.44098567962646484,0.44098567962646484,0.10549545288085938,0.7131000000000001,0.14999999999997726,5.477890045165998,20.0,0.8
4.755,0.44098567962646484,0.44098567962646484,0.11428642272949219,0.7132499999999999,0.15000000000009095,5.473857269287181,20.0,0.8
4.756,0.44098567962646484,0.44098567962646484,0.11428642272949219,0.7134,0.14999999999992042,5.476857269287047,20.0,0.8
4.757,0.44136714935302734,0.44136714935302734,0.123077392578125,0.7135499999999999,0.1500000000000341,5.465195098876978,20.0,0.8
4.758,0.44136714935302734,0.44136714935302734,0.14945030212402344,0.7137,0.14999999999997726,5.447096771240216,20.0,0.8
4.759,0.44136714935302734,0.44136714935302734,0.14945030212402344,0.71385,0.14999999999992042,5.45009677124017,20.0,0.8
4.76,0.44174861907958984,0.44174861907958984,0.14065933227539062,0.714,0.1500000000000341,5.452500152587917,20.0,0.8
4.761,0.44174861907958984,0.44174861907958984,0.14065933227539062,0.71415,0.14999999999997726,5.455500152587872,20.0,0.8
4.7620000000000005,0.44174861907958984,0.44174861907958984,0.14945030212402344,0.7143,0.14999999999992042,5.451467376708922,20.0,0.8
4.763,0.44213008880615234,0.44213008880615234,0.14945030212402344,0.7144499999999999,0.1500000000000341,5.44683798217776,20.0,0.8
4.764,0.44213008880615234,0.44213008880615234,0.1318683624267578,0.7146,0.14999999999992042,5.463903533935483,20.0,0.8
4.765,0.44251155853271484,0.44251155853271484,0.15824127197265625,0.7147499999999999,0.1500000000000341,5.438175811767604,20.0,0.8
4.766,0.44251155853271484,0.44251155853271484,0.15824127197265625,0.7149,0.1500000000000341,5.4411758117676055,20.0,0.8
4.767,0.44251155853271484,0.44251155853271484,0.15824127197265625,0.7150500000000001,0.14999999999992042,5.444175811767517,20.0,0.8
4.768,0.44289302825927734,0.44289302825927734,0.1758251190185547,0.7152,0.1500000000000341,5.425479339599635,20.0,0.8
4.769,0.44289302825927734,0.44289302825927734,0.15824127197265625,0.71535,0.14999999999997726,5.4425464172363105,20.0,0.8
4.7700000000000005,0.44327449798583984,0.44327449798583984,0.1318683624267578,0.7155,0.14999999999992042,5.459015350341733,20.0,0.8
4.771,0.44327449798583984,0.44327449798583984,0.123077392578125,0.71565,0.1500000000000341,5.469048126220731,20.0,0.8
4.772,0.44327449798583984,0.44327449798583984,0.11428642272949219,0.7158,0.14999999999997726,5.479080902099591,20.0,0.8
4.773,0.44365596771240234,0.44365596771240234,0.11428642272949219,0.71595,0.1500000000000341,5.474451507568386,20.0,0.8
4.774,0.44365596771240234,0.44365596771240234,0.10549545288085938,0.7161,0.14999999999997726,5.484484283447246,20.0,0.8
4.775,0.44365596771240234,0.44365596771240234,0.10549545288085938,0.71625,0.14999999999997726,5.487484283447248,20.0,0.8
4.776,0.44365596771240234,0.44365596771240234,0.11428642272949219,0.7163999999999999,0.1500000000000341,5.483451507568385,20.0,0.8
4.777,0.44403743743896484,0.44403743743896484,0.14945030212402344,0.71655,0.1500000000000341,5.450691009521512,20.0,0.8
4.7780000000000005,0.44403743743896484,0.44403743743896484,0.15824127197265625,0.7167,0.14999999999997726,5.44665823364256,20.0,0.8
4.779,0.44441890716552734,0.44441890716552734,0.1758251190185547,0.71685,0.1500000000000341,5.427961761474636,20.0,0.8
4.78,0.44441890716552734,0.44441890716552734,0.1934070587158203,0.717,0.14999999999997726,5.4168962097167785,20.0,0.8
4.781,0.44480037689208984,0.44480037689208984,0.1846160888671875,0.71715,0.14999999999997726,5.419299591064434,20.0,0.8
4.782,0.44480037689208984,0.44480037689208984,0.16703224182128906,0.7172999999999999,0.14999999999997726,5.436366668701152,20.0,0.8
4.783,0.44480037689208984,0.44480037689208984,0.15824127197265625,0.71745,0.14999999999997726,5.44639944458006,20.0,0.8
4.784,0.44518184661865234,0.44518184661865234,0.16703224182128906,0.7175999999999999,0.1500000000000341,5.434737274169947,20.0,0.8
4.785,0.44518184661865234,0.44518184661865234,0.14065933227539062,0.71775,0.15000000000009095,5.4588356018067135,20.0,0.8
4.7860000000000005,0.44556331634521484,0.44556331634521484,0.14945030212402344,0.7179000000000001,0.14999999999997726,5.447173431396468,20.0,0.8
4.787,0.44556331634521484,0.44556331634521484,0.14065933227539062,0.71805,0.1500000000000341,5.457206207275417,20.0,0.8
4.788,0.44556331634521484,0.44556331634521484,0.1318683624267578,0.7182000000000001,0.14999999999997726,5.46723898315428,20.0,0.8
4.789,0.44594478607177734,0.44594478607177734,0.123077392578125,0.7183499999999999,0.1500000000000341,5.469642364501979,20.0,0.8
4.79,0.44594478607177734,0.44594478607177734,0.123077392578125,0.7185,0.1500000000000341,5.472642364501981,20.0,0.8
4.791,0.44594478607177734,0.44594478607177734,0.1318683624267578,0.71865,0.14999999999992042,5.468609588622983,20.0,0.8
4.792,0.44632625579833984,0.44632625579833984,0.10549545288085938,0.7188,0.1500000000000341,5.485078521728543,20.0,0.8
4.793,0.44632625579833984,0.44632625579833984,0.07032966613769531,0.71895,0.14999999999997726,5.516211151123028,20.0,0.8
4.7940000000000005,0.44632625579833984,0.44632625579833984,0.08791160583496094,0.7191000000000001,0.14999999999992042,5.505145599365172,20.0,0.8
4.795,0.44632625579833984,0.44632625579833984,0.07912063598632812,0.71925,0.1500000000000341,5.515178375244167,20.0,0.8
4.796,0.44632625579833984,0.44632625579833984,0.07912063598632812,0.7194,0.14999999999992042,5.518178375244077,20.0,0.8
4.797,0.44670772552490234,0.44670772552490234,0.07032966613769531,0.7195499999999999,0.1500000000000341,5.520581756591822,20.0,0.8
4.798,0.44670772552490234,0.44670772552490234,0.07912063598632812,0.7197,0.1500000000000341,5.516548980712918,20.0,0.8
4.799,0.44670772552490234,0.44670772552490234,0.07912063598632812,0.71985,0.14999999999992042,5.519548980712827,20.0,0.8
4.8,0.44670772552490234,0.44670772552490234,0.08791160583496094,0.72,0.1500000000000341,5.515516204834011,20.0,0.8
4.801,0.44670772552490234,0.44670772552490234,0.08791160583496094,0.72015,0.14999999999997726,5.518516204833965,20.0,0.8
4.8020000000000005,0.44708919525146484,0.44708919525146484,0.09670257568359375,0.7203,0.14999999999992042,5.506854034423765,20.0,0.8
4.803,0.44708919525146484,0.44708919525146484,0.09670257568359375,0.7204499999999999,0.1500000000000341,5.509854034423855,20.0,0.8
4.804,0.44708919525146484,0.44708919525146484,0.11428642272949219,0.7206,0.14999999999997726,5.498786956787092,20.0,0.8
4.805,0.44708919525146484,0.44708919525146484,0.10549545288085938,0.7207499999999999,0.1500000000000341,5.508819732666041,20.0,0.8
4.806,0.44747066497802734,0.44747066497802734,0.10549545288085938,0.7209,0.1500000000000341,5.5041903381347925,20.0,0.8
4.807,0.44747066497802734,0.44747066497802734,0.10549545288085938,0.7210500000000001,0.14999999999997726,5.507190338134748,20.0,0.8
4.808,0.44747066497802734,0.44747066497802734,0.08791160583496094,0.7212,0.1500000000000341,5.524257415771511,20.0,0.8
4.809,0.44747066497802734,0.44747066497802734,0.07912063598632812,0.72135,0.14999999999997726,5.534290191650374,20.0,0.8
4.8100000000000005,0.44785213470458984,0.44785213470458984,0.07912063598632812,0.7215,0.14999999999997726,5.529660797119123,20.0,0.8
4.811,0.44785213470458984,0.44785213470458984,0.07032966613769531,0.72165,0.1500000000000341,5.539693572998074,20.0,0.8
4.812,0.44785213470458984,0.44785213470458984,0.043956756591796875,0.7218,0.14999999999997726,5.563791900634747,20.0,0.8
4.813,0.44785213470458984,0.44785213470458984,0.07032966613769531,0.72195,0.14999999999997726,5.545693572998029,20.0,0.8
4.814,0.44785213470458984,0.44785213470458984,0.0615386962890625,0.7221,0.14999999999997726,5.555726348876934,20.0,0.8
4.815,0.44785213470458984,0.44785213470458984,0.0615386962890625,0.7222500000000001,0.14999999999997726,5.558726348876936,20.0,0.8
4.816,0.44823360443115234,0.44823360443115234,0.05274772644042969,0.7223999999999999,0.1500000000000341,5.561129730224636,20.0,0.8
4.817,0.44823360443115234,0.44823360443115234,0.07032966613769531,0.72255,0.14999999999997726,5.550064178466779,20.0,0.8
4.8180000000000005,0.44823360443115234,0.44823360443115234,0.0615386962890625,0.7227,0.14999999999997726,5.560096954345686,20.0,0.8
4.819,0.44823360443115234,0.44823360443115234,0.07912063598632812,0.72285,0.1500000000000341,5.549031402587918,20.0,0.8
4.82,0.44823360443115234,0.44823360443115234,0.07032966613769531,0.723,0.14999999999997726,5.559064178466778,20.0,0.8
4.821,0.44861507415771484,0.44861507415771484,0.09670257568359375,0.72315,0.1500000000000341,5.533336456298855,20.0,0.8
4.822,0.44861507415771484,0.44861507415771484,0.07912063598632812,0.7232999999999999,0.14999999999997726,5.550402008056622,20.0,0.8
4.823,0.44861507415771484,0.44861507415771484,0.07032966613769531,0.72345,0.14999999999997726,5.56043478393553,20.0,0.8
4.824,0.44861507415771484,0.44861507415771484,0.0615386962890625,0.7235999999999999,0.14999999999997726,5.570467559814433,20.0,0.8
4.825,0.44861507415771484,0.44861507415771484,0.0615386962890625,0.72375,0.1500000000000341,5.57346755981448,20.0,0.8
4.8260000000000005,0.44861507415771484,0.44861507415771484,0.05274772644042969,0.7239000000000001,0.14999999999997726,5.583500335693342,20.0,0.8
4.827,0.44899654388427734,0.44899654388427734,0.05274772644042969,0.72405,0.14999999999997726,5.578870941162091,20.0,0.8
4.828,0.44899654388427734,0.44899654388427734,0.043956756591796875,0.7242000000000001,0.14999999999997726,5.588903717040999,20.0,0.8
4.829,0.44899654388427734,0.44899654388427734,0.026372909545898438,0.7243499999999999,0.15000000000009095,5.6059707946778055,20.0,0.8
4.83,0.44899654388427734,0.44899654388427734,0.03516578674316406,0.7245,0.14999999999997726,5.601936492919904,20.0,0.8
4.831,0.44899654388427734,0.44899654388427734,0.043956756591796875,0.72465,0.14999999999992042,5.5979037170409525,20.0,0.8
4.832,0.44899654388427734,0.44899654388427734,0.03516578674316406,0.7248,0.15000000000009095,5.607936492919995,20.0,0.8
4.833,0.44899654388427734,0.44899654388427734,0.043956756591796875,0.72495,0.14999999999997726,5.603903717040997,20.0,0.8
4.8340000000000005,0.44899654388427734,0.44899654388427734,0.043956756591796875,0.7251000000000001,0.14999999999992042,5.606903717040954,20.0,0.8
4.835,0.44937801361083984,0.44937801361083984,0.0615386962890625,0.72525,0.1500000000000341,5.588208770751979,20.0,0.8
4.836,0.44937801361083984,0.44937801361083984,0.05274772644042969,0.7254,0.14999999999997726,5.598241546630842,20.0,0.8
4.837,0.44937801361083984,0.44937801361083984,0.07032966613769531,0.7255499999999999,0.15000000000009095,5.587175994873118,20.0,0.8
4.838,0.44937801361083984,0.44937801361083984,0.07032966613769531,0.7257,0.14999999999997726,5.590175994873029,20.0,0.8
4.839,0.44937801361083984,0.44937801361083984,0.08791160583496094,0.72585,0.14999999999997726,5.579110443115216,20.0,0.8
4.84,0.44937801361083984,0.44937801361083984,0.08791160583496094,0.726,0.15000000000009095,5.582110443115306,20.0,0.8
4.841,0.44975948333740234,0.44975948333740234,0.08791160583496094,0.72615,0.14999999999997726,5.577481048583966,20.0,0.8
4.8420000000000005,0.44975948333740234,0.44975948333740234,0.09670257568359375,0.7263000000000001,0.14999999999997726,5.573448272705061,20.0,0.8
4.843,0.44975948333740234,0.44975948333740234,0.07032966613769531,0.7264499999999999,0.1500000000000341,5.597546600341822,20.0,0.8
4.844,0.44975948333740234,0.44975948333740234,0.08791160583496094,0.7266,0.14999999999997726,5.586481048583966,20.0,0.8
4.845,0.45014095306396484,0.45014095306396484,0.05274772644042969,0.7267499999999999,0.1500000000000341,5.609982757568385,20.0,0.8
4.846,0.45014095306396484,0.45014095306396484,0.07032966613769531,0.7269,0.1500000000000341,5.598917205810574,20.0,0.8
4.847,0.45014095306396484,0.45014095306396484,0.03516578674316406,0.7270500000000001,0.14999999999997726,5.630048309326156,20.0,0.8
4.848,0.45014095306396484,0.45014095306396484,0.043956756591796875,0.7272,0.15000000000009095,5.626015533447337,20.0,0.8
4.849,0.45014095306396484,0.45014095306396484,0.017581939697265625,0.72735,0.1500000000000341,5.650115386962918,20.0,0.8
4.8500000000000005,0.45014095306396484,0.45014095306396484,0.017581939697265625,0.7275,0.14999999999997726,5.653115386962873,20.0,0.8
4.851,0.45014095306396484,0.45014095306396484,0.026372909545898438,0.72765,0.15000000000009095,5.649082611084058,20.0,0.8
4.852,0.45014095306396484,0.45014095306396484,0.0,0.7278,0.14999999999997726,5.673180938720685,20.0,0.8
4.853,0.45014095306396484,0.45014095306396484,0.008790969848632812,0.72795,0.1500000000000341,5.669148162841823,20.0,0.8
4.854,0.45014095306396484,0.45014095306396484,0.0,0.7281,0.1500000000000341,5.67918093872073,20.0,0.8
4.855,0.45014095306396484,0.45014095306396484,0.0,0.7282500000000001,0.14999999999997726,5.682180938720686,20.0,0.8
4.856,0.45014095306396484,0.45014095306396484,0.008790969848632812,0.7283999999999999,0.1500000000000341,5.678148162841823,20.0,0.8
4.857,0.45014095306396484,0.45014095306396484,0.008790969848632812,0.72855,0.1500000000000341,5.681148162841825,20.0,0.8
4.8580000000000005,0.45014095306396484,0.45014095306396484,0.017581939697265625,0.7287,0.14999999999997726,5.677115386962872,20.0,0.8
4.859,0.45014095306396484,0.45014095306396484,0.03516578674316406,0.72885,0.1500000000000341,5.666048309326199,20.0,0.8
4.86,0.45014095306396484,0.45014095306396484,0.017581939697265625,0.729,0.14999999999997726,5.683115386962872,20.0,0.8
4.861,0.45014095306396484,0.45014095306396484,0.05274772644042969,0.72915,0.1500000000000341,5.657982757568386,20.0,0.8
4.862,0.45052242279052734,0.45052242279052734,0.05274772644042969,0.7293,0.1500000000000341,5.6533533630371355,20.0,0.8
4.863,0.45052242279052734,0.45052242279052734,0.043956756591796875,0.72945,0.14999999999997726,5.663386138915998,20.0,0.8
4.864,0.45052242279052734,0.45052242279052734,0.07032966613769531,0.7295999999999999,0.1500000000000341,5.6452878112793226,20.0,0.8
4.865,0.45052242279052734,0.45052242279052734,0.07912063598632812,0.72975,0.14999999999997726,5.641255035400373,20.0,0.8
4.866,0.45052242279052734,0.45052242279052734,0.07912063598632812,0.7298999999999999,0.1500000000000341,5.644255035400415,20.0,0.8
4.867,0.45090389251708984,0.45090389251708984,0.07912063598632812,0.73005,0.15000000000009095,5.6396256408692125,20.0,0.8
4.868,0.45090389251708984,0.45090389251708984,0.09670257568359375,0.7302000000000001,0.1500000000000341,5.628560089111357,20.0,0.8
4.869,0.45090389251708984,0.45090389251708984,0.09670257568359375,0.7303499999999999,0.15000000000009095,5.6315600891114,20.0,0.8
4.87,0.45090389251708984,0.45090389251708984,0.08791160583496094,0.7305,0.14999999999997726,5.641592864990217,20.0,0.8
4.871,0.45128536224365234,0.45128536224365234,0.09670257568359375,0.73065,0.14999999999997726,5.62993069458006,20.0,0.8
4.872,0.45128536224365234,0.45128536224365234,0.08791160583496094,0.7308,0.15000000000009095,5.639963470459056,20.0,0.8
4.873,0.45128536224365234,0.45128536224365234,0.0615386962890625,0.73095,0.14999999999992042,5.66406179809564,20.0,0.8
4.874,0.45128536224365234,0.45128536224365234,0.09670257568359375,0.7311,0.1500000000000341,5.638930694580106,20.0,0.8
4.875,0.45128536224365234,0.45128536224365234,0.017581939697265625,0.73125,0.1500000000000341,5.705227203369167,20.0,0.8
4.876,0.45128536224365234,0.45128536224365234,0.03516578674316406,0.7314,0.14999999999992042,5.694160125732359,20.0,0.8
4.877,0.45128536224365234,0.45128536224365234,0.0,0.7315499999999999,0.1500000000000341,5.725292755126979,20.0,0.8
4.878,0.45128536224365234,0.45128536224365234,0.0,0.7317,0.14999999999997726,5.728292755126935,20.0,0.8
4.8790000000000004,0.45128536224365234,0.45128536224365234,-0.026372909545898438,0.73185,0.14999999999997726,5.752391082763654,20.0,0.8
4.88,0.45128536224365234,0.45128536224365234,-0.017581939697265625,0.732,0.15000000000009095,5.748358306884838,20.0,0.8
4.881,0.45128536224365234,0.45128536224365234,0.0,0.73215,0.14999999999992042,5.737292755126888,20.0,0.8
4.882,0.45128536224365234,0.45128536224365234,-0.03516578674316406,0.7323,0.1500000000000341,5.76842538452151,20.0,0.8
4.883,0.45128536224365234,0.45128536224365234,-0.017581939697265625,0.7324499999999999,0.14999999999997726,5.757358306884747,20.0,0.8
4.884,0.45128536224365234,0.45128536224365234,-0.03516578674316406,0.7326,0.14999999999992042,5.774425384521422,20.0,0.8
4.885,0.45128536224365234,0.45128536224365234,-0.008790969848632812,0.7327499999999999,0.1500000000000341,5.756325531005884,20.0,0.8
4.886,0.45128536224365234,0.45128536224365234,0.008790969848632812,0.7329,0.1500000000000341,5.745259979248074,20.0,0.8
4.8870000000000005,0.45128536224365234,0.45128536224365234,0.017581939697265625,0.7330500000000001,0.14999999999997726,5.741227203369124,20.0,0.8
4.888,0.45128536224365234,0.45128536224365234,0.017581939697265625,0.7332,0.1500000000000341,5.744227203369167,20.0,0.8
4.889,0.45128536224365234,0.45128536224365234,0.026372909545898438,0.7333500000000001,0.14999999999992042,5.740194427490172,20.0,0.8
4.89,0.45128536224365234,0.45128536224365234,0.03516578674316406,0.7334999999999999,0.1500000000000341,5.7361601257324475,20.0,0.8
4.891,0.45128536224365234,0.45128536224365234,0.017581939697265625,0.73365,0.14999999999997726,5.753227203369122,20.0,0.8
4.892,0.45128536224365234,0.45128536224365234,0.026372909545898438,0.7338,0.14999999999992042,5.7491944274901705,20.0,0.8
4.893,0.45166683197021484,0.45166683197021484,0.043956756591796875,0.73395,0.1500000000000341,5.730497955322293,20.0,0.8
4.894,0.45166683197021484,0.45166683197021484,0.026372909545898438,0.7341,0.14999999999997726,5.747565032958966,20.0,0.8
4.8950000000000005,0.45166683197021484,0.45166683197021484,0.026372909545898438,0.7342500000000001,0.14999999999992042,5.750565032958922,20.0,0.8
4.896,0.45166683197021484,0.45166683197021484,0.03516578674316406,0.7343999999999999,0.1500000000000341,5.746530731201198,20.0,0.8
4.897,0.45166683197021484,0.45166683197021484,0.026372909545898438,0.73455,0.14999999999997726,5.756565032958967,20.0,0.8
4.898,0.45166683197021484,0.45166683197021484,0.008790969848632812,0.7346999999999999,0.1500000000000341,5.773630584716822,20.0,0.8
4.899,0.45166683197021484,0.45166683197021484,0.03516578674316406,0.73485,0.14999999999997726,5.755530731201154,20.0,0.8
4.9,0.45166683197021484,0.45166683197021484,0.008790969848632812,0.735,0.14999999999997726,5.779630584716778,20.0,0.8
4.901,0.45166683197021484,0.45166683197021484,0.017581939697265625,0.73515,0.1500000000000341,5.775597808837917,20.0,0.8
4.902,0.45166683197021484,0.45166683197021484,0.0,0.7353,0.14999999999997726,5.792663360595684,20.0,0.8
4.9030000000000005,0.45166683197021484,0.45166683197021484,0.026372909545898438,0.73545,0.14999999999997726,5.774565032958968,20.0,0.8
4.904,0.45166683197021484,0.45166683197021484,0.0,0.7355999999999999,0.1500000000000341,5.798663360595729,20.0,0.8
4.905,0.45166683197021484,0.45166683197021484,0.017581939697265625,0.73575,0.14999999999997726,5.787597808837872,20.0,0.8
4.906,0.45166683197021484,0.45166683197021484,0.017581939697265625,0.7358999999999999,0.14999999999997726,5.7905978088378705,20.0,0.8
4.907,0.45166683197021484,0.45166683197021484,-0.008790969848632812,0.73605,0.1500000000000341,5.814696136474637,20.0,0.8
4.908,0.45166683197021484,0.45166683197021484,-0.017581939697265625,0.7362000000000001,0.14999999999997726,5.8247289123535,20.0,0.8
4.909,0.45166683197021484,0.45166683197021484,0.008790969848632812,0.73635,0.1500000000000341,5.806630584716823,20.0,0.8
4.91,0.45166683197021484,0.45166683197021484,0.0,0.7365,0.14999999999997726,5.816663360595685,20.0,0.8
4.9110000000000005,0.45166683197021484,0.45166683197021484,-0.008790969848632812,0.73665,0.14999999999992042,5.826696136474546,20.0,0.8
4.912,0.45166683197021484,0.45166683197021484,-0.008790969848632812,0.7368,0.15000000000009095,5.829696136474682,20.0,0.8
4.913,0.45166683197021484,0.45166683197021484,0.0,0.73695,0.14999999999992042,5.825663360595639,20.0,0.8
4.914,0.45166683197021484,0.45166683197021484,-0.008790969848632812,0.7371,0.1500000000000341,5.835696136474636,20.0,0.8
4.915,0.45166683197021484,0.45166683197021484,-0.017581939697265625,0.73725,0.14999999999997726,5.845728912353497,20.0,0.8
4.916,0.45166683197021484,0.45166683197021484,-0.008790969848632812,0.7374,0.14999999999992042,5.841696136474547,20.0,0.8
4.917,0.45166683197021484,0.45166683197021484,-0.017581939697265625,0.7375499999999999,0.1500000000000341,5.851728912353542,20.0,0.8
4.918,0.45166683197021484,0.45166683197021484,-0.017581939697265625,0.7377,0.14999999999997726,5.854728912353498,20.0,0.8
4.9190000000000005,0.45166683197021484,0.45166683197021484,-0.008790969848632812,0.73785,0.14999999999992042,5.850696136474546,20.0,0.8
4.92,0.45166683197021484,0.45166683197021484,0.008790969848632812,0.738,0.1500000000000341,5.839630584716824,20.0,0.8
4.921,0.45166683197021484,0.45166683197021484,-0.008790969848632812,0.73815,0.14999999999992042,5.856696136474546,20.0,0.8
4.922,0.45166683197021484,0.45166683197021484,0.0,0.7383,0.1500000000000341,5.85266336059573,20.0,0.8
4.923,0.45166683197021484,0.45166683197021484,0.0,0.7384499999999999,0.14999999999997726,5.855663360595683,20.0,0.8
4.924,0.45166683197021484,0.45166683197021484,-0.008790969848632812,0.7386,0.14999999999992042,5.865696136474546,20.0,0.8
4.925,0.45166683197021484,0.45166683197021484,0.017581939697265625,0.7387499999999999,0.1500000000000341,5.847597808837916,20.0,0.8
4.926,0.45166683197021484,0.45166683197021484,-0.017581939697265625,0.7389,0.15000000000009095,5.878728912353589,20.0,0.8
4.9270000000000005,0.45166683197021484,0.45166683197021484,0.0,0.7390500000000001,0.14999999999992042,5.867663360595642,20.0,0.8
4.928,0.45166683197021484,0.45166683197021484,0.008790969848632812,0.7392,0.1500000000000341,5.863630584716823,20.0,0.8
4.929,0.45166683197021484,0.45166683197021484,0.0,0.7393500000000001,0.14999999999997726,5.873663360595685,20.0,0.8
4.93,0.45166683197021484,0.45166683197021484,-0.008790969848632812,0.7394999999999999,0.1500000000000341,5.883696136474636,20.0,0.8
4.931,0.45166683197021484,0.45166683197021484,0.0,0.73965,0.14999999999997726,5.879663360595686,20.0,0.8
4.932,0.45166683197021484,0.45166683197021484,-0.017581939697265625,0.7398,0.14999999999997726,5.896728912353498,20.0,0.8
4.933,0.45166683197021484,0.45166683197021484,-0.008790969848632812,0.73995,0.1500000000000341,5.892696136474636,20.0,0.8
4.934,0.45166683197021484,0.45166683197021484,-0.017581939697265625,0.7401,0.1500000000000341,5.902728912353543,20.0,0.8
4.9350000000000005,0.45166683197021484,0.45166683197021484,0.0,0.7402500000000001,0.14999999999997726,5.891663360595686,20.0,0.8
4.936,0.45166683197021484,0.45166683197021484,-0.026372909545898438,0.7404,0.1500000000000341,5.915761688232448,20.0,0.8
4.937,0.45166683197021484,0.45166683197021484,-0.008790969848632812,0.74055,0.14999999999997726,5.904696136474592,20.0,0.8
4.938,0.45166683197021484,0.45166683197021484,0.0,0.7406999999999999,0.14999999999997726,5.900663360595683,20.0,0.8
4.939,0.45166683197021484,0.45166683197021484,-0.017581939697265625,0.74085,0.1500000000000341,5.917728912353543,20.0,0.8
4.94,0.45166683197021484,0.45166683197021484,0.008790969848632812,0.741,0.14999999999997726,5.899630584716779,20.0,0.8
4.941,0.45166683197021484,0.45166683197021484,-0.017581939697265625,0.74115,0.14999999999997726,5.923728912353497,20.0,0.8
4.942,0.45166683197021484,0.45166683197021484,-0.008790969848632812,0.7413,0.14999999999997726,5.91969613647459,20.0,0.8
4.9430000000000005,0.45166683197021484,0.45166683197021484,0.0,0.74145,0.14999999999997726,5.915663360595685,20.0,0.8
4.944,0.45166683197021484,0.45166683197021484,-0.008790969848632812,0.7415999999999999,0.1500000000000341,5.9256961364746354,20.0,0.8
4.945,0.45166683197021484,0.45166683197021484,-0.008790969848632812,0.74175,0.14999999999997726,5.928696136474592,20.0,0.8
4.946,0.45166683197021484,0.45166683197021484,0.0,0.7418999999999999,0.1500000000000341,5.924663360595728,20.0,0.8
4.947,0.45166683197021484,0.45166683197021484,0.0,0.74205,0.1500000000000341,5.92766336059573,20.0,0.8
4.948,0.45166683197021484,0.45166683197021484,0.008790969848632812,0.7422000000000001,0.14999999999997726,5.92363058471678,20.0,0.8
4.949,0.45128536224365234,0.45128536224365234,-0.026372909545898438,0.74235,0.1500000000000341,5.962391082763698,20.0,0.8
4.95,0.45166683197021484,0.45166683197021484,0.017581939697265625,0.7425,0.14999999999997726,5.922597808837874,20.0,0.8
4.9510000000000005,0.45166683197021484,0.45166683197021484,0.0,0.74265,0.14999999999992042,5.93966336059564,20.0,0.8
4.952,0.45166683197021484,0.45166683197021484,0.008790969848632812,0.7428,0.1500000000000341,5.935630584716824,20.0,0.8
4.953,0.45166683197021484,0.45166683197021484,0.0,0.74295,0.14999999999992042,5.945663360595639,20.0,0.8
4.954,0.45166683197021484,0.45166683197021484,-0.008790969848632812,0.7431,0.15000000000009095,5.955696136474682,20.0,0.8
4.955,0.45166683197021484,0.45166683197021484,0.008790969848632812,0.74325,0.14999999999997726,5.944630584716778,20.0,0.8
4.956,0.45166683197021484,0.45166683197021484,0.0,0.7434000000000001,0.14999999999992042,5.9546633605956405,20.0,0.8
4.957,0.45166683197021484,0.45166683197021484,0.0,0.7435499999999999,0.1500000000000341,5.957663360595729,20.0,0.8
4.958,0.45166683197021484,0.45166683197021484,-0.008790969848632812,0.7437,0.14999999999997726,5.967696136474592,20.0,0.8
4.9590000000000005,0.45166683197021484,0.45166683197021484,0.0,0.74385,0.14999999999992042,5.96366336059564,20.0,0.8
4.96,0.45166683197021484,0.45166683197021484,0.0,0.744,0.1500000000000341,5.966663360595731,20.0,0.8
4.961,0.45166683197021484,0.45166683197021484,-0.008790969848632812,0.74415,0.14999999999997726,5.97669613647459,20.0,0.8
4.962,0.45166683197021484,0.45166683197021484,-0.008790969848632812,0.7443,0.15000000000009095,5.979696136474681,20.0,0.8
4.963,0.45166683197021484,0.45166683197021484,0.0,0.74445,0.14999999999997726,5.975663360595684,20.0,0.8
4.964,0.45166683197021484,0.45166683197021484,0.0,0.7446,0.14999999999997726,5.978663360595686,20.0,0.8
4.965,0.45166683197021484,0.45166683197021484,0.0,0.7447499999999999,0.15000000000009095,5.981663360595774,20.0,0.8
4.966,0.45166683197021484,0.45166683197021484,-0.008790969848632812,0.7449,0.1500000000000341,5.991696136474636,20.0,0.8
4.9670000000000005,0.45166683197021484,0.45166683197021484,0.0,0.7450500000000001,0.14999999999997726,5.987663360595686,20.0,0.8
4.968,0.45166683197021484,0.45166683197021484,0.008790969848632812,0.7452,0.1500000000000341,5.983630584716824,20.0,0.8
4.969,0.45166683197021484,0.45166683197021484,0.0,0.7453500000000001,0.14999999999997726,5.993663360595686,20.0,0.8
4.97,0.45166683197021484,0.45166683197021484,0.008790969848632812,0.7454999999999999,0.1500000000000341,5.9896305847168225,20.0,0.8
4.971,0.45166683197021484,0.45166683197021484,0.017581939697265625,0.74565,0.14999999999997726,5.9855978088378725,20.0,0.8
4.972,0.45166683197021484,0.45166683197021484,0.0,0.7458,0.14999999999997726,6.002663360595685,20.0,0.8
4.973,0.45166683197021484,0.45166683197021484,0.0,0.74595,0.1500000000000341,6.005663360595731,20.0,0.8
4.974,0.45166683197021484,0.45166683197021484,0.017581939697265625,0.7461,0.14999999999997726,5.994597808837872,20.0,0.8
4.9750000000000005,0.45166683197021484,0.45166683197021484,0.0,0.7462500000000001,0.14999999999997726,6.011663360595686,20.0,0.8
4.976,0.45166683197021484,0.45166683197021484,0.0,0.7464,0.1500000000000341,6.01466336059573,20.0,0.8
4.977,0.45166683197021484,0.45166683197021484,0.017581939697265625,0.74655,0.14999999999997726,6.003597808837873,20.0,0.8
4.978,0.45166683197021484,0.45166683197021484,0.0,0.7466999999999999,0.1500000000000341,6.020663360595729,20.0,0.8
4.979,0.45166683197021484,0.45166683197021484,0.017581939697265625,0.74685,0.14999999999997726,6.0095978088378725,20.0,0.8
4.98,0.45166683197021484,0.45166683197021484,-0.008790969848632812,0.747,0.14999999999997726,6.033696136474591,20.0,0.8
4.981,0.45166683197021484,0.45166683197021484,0.0,0.74715,0.1500000000000341,6.02966336059573,20.0,0.8
4.982,0.45166683197021484,0.45166683197021484,0.008790969848632812,0.7473,0.14999999999997726,6.025630584716779,20.0,0.8
4.9830000000000005,0.45166683197021484,0.45166683197021484,0.017581939697265625,0.7474500000000001,0.14999999999997726,6.021597808837874,20.0,0.8
4.984,0.45166683197021484,0.45166683197021484,0.0,0.7475999999999999,0.1500000000000341,6.038663360595729,20.0,0.8
4.985,0.45166683197021484,0.45166683197021484,0.0,0.74775,0.14999999999997726,6.041663360595685,20.0,0.8
4.986,0.45166683197021484,0.45166683197021484,-0.008790969848632812,0.7478999999999999,0.1500000000000341,6.051696136474635,20.0,0.8
4.987,0.45166683197021484,0.45166683197021484,0.008790969848632812,0.74805,0.1500000000000341,6.0406305847168245,20.0,0.8
4.988,0.45166683197021484,0.45166683197021484,0.017581939697265625,0.7482000000000001,0.14999999999997726,6.0365978088378744,20.0,0.8
4.989,0.45166683197021484,0.45166683197021484,-0.008790969848632812,0.74835,0.1500000000000341,6.060696136474635,20.0,0.8
4.99,0.45166683197021484,0.45166683197021484,0.008790969848632812,0.7485,0.14999999999997726,6.0496305847167795,20.0,0.8
4.9910000000000005,0.45166683197021484,0.45166683197021484,0.008790969848632812,0.74865,0.14999999999997726,6.05263058471678,20.0,0.8
4.992,0.45166683197021484,0.45166683197021484,0.0,0.7488,0.15000000000009095,6.062663360595777,20.0,0.8
4.993,0.45166683197021484,0.45166683197021484,0.026372909545898438,0.74895,0.14999999999997726,6.044565032958967,20.0,0.8
4.994,0.45166683197021484,0.45166683197021484,0.0,0.7491,0.15000000000009095,6.068663360595775,20.0,0.8
4.995,0.45166683197021484,0.45166683197021484,-0.017581939697265625,0.74925,0.14999999999997726,6.085728912353497,20.0,0.8
4.996,0.45166683197021484,0.45166683197021484,0.026372909545898438,0.7494000000000001,0.14999999999997726,6.053565032958968,20.0,0.8
4.997,0.45166683197021484,0.45166683197021484,0.017581939697265625,0.7495499999999999,0.15000000000009095,6.0635978088379625,20.0,0.8
4.998,0.45166683197021484,0.45166683197021484,0.0,0.7497,0.14999999999992042,6.08066336059564,20.0,0.8
4.999,0.45166683197021484,0.45166683197021484,0.0,0.7498499999999999,0.1500000000000341,6.083663360595729,20.0,0.8
5.0,0.45166683197021484,0.45166683197021484,0.017581939697265625,0.75,0.14999999999997726,6.072597808837872,20.0,0.8
5.001,0.45166683197021484,0.45166683197021484,0.008790969848632812,0.75015,0.14999999999992042,6.082630584716734,20.0,0.8
5.002,0.45166683197021484,0.45166683197021484,0.008790969848632812,0.7503,0.1500000000000341,6.0856305847168235,20.0,0.8
5.003,0.45166683197021484,0.45166683197021484,-0.008790969848632812,0.75045,0.1500000000000341,6.102696136474635,20.0,0.8
5.0040000000000004,0.45166683197021484,0.45166683197021484,0.026372909545898438,0.7506,0.14999999999997726,6.077565032958967,20.0,0.8
5.005,0.45166683197021484,0.45166683197021484,-0.008790969848632812,0.7507499999999999,0.1500000000000341,6.108696136474635,20.0,0.8
5.006,0.45166683197021484,0.45166683197021484,0.008790969848632812,0.7509,0.14999999999992042,6.097630584716734,20.0,0.8
5.007,0.45166683197021484,0.45166683197021484,0.0,0.7510499999999999,0.1500000000000341,6.107663360595728,20.0,0.8
5.008,0.45166683197021484,0.45166683197021484,0.008790969848632812,0.7512,0.1500000000000341,6.103630584716823,20.0,0.8
5.009,0.45166683197021484,0.45166683197021484,0.008790969848632812,0.7513500000000001,0.14999999999992042,6.106630584716735,20.0,0.8
5.01,0.45166683197021484,0.45166683197021484,0.008790969848632812,0.7515,0.1500000000000341,6.1096305847168235,20.0,0.8
5.011,0.45166683197021484,0.45166683197021484,0.008790969848632812,0.75165,0.1500000000000341,6.112630584716825,20.0,0.8
5.0120000000000005,0.45166683197021484,0.45166683197021484,0.008790969848632812,0.7518,0.14999999999997726,6.115630584716779,20.0,0.8
5.013,0.45166683197021484,0.45166683197021484,0.0,0.75195,0.1500000000000341,6.1256633605957305,20.0,0.8
5.014,0.45166683197021484,0.45166683197021484,0.026372909545898438,0.7521,0.14999999999992042,6.10756503295892,20.0,0.8
5.015,0.45166683197021484,0.45166683197021484,-0.017581939697265625,0.75225,0.1500000000000341,6.145728912353543,20.0,0.8
5.016,0.45166683197021484,0.45166683197021484,0.008790969848632812,0.7524,0.1500000000000341,6.127630584716823,20.0,0.8
5.017,0.45166683197021484,0.45166683197021484,0.008790969848632812,0.75255,0.14999999999992042,6.130630584716735,20.0,0.8
5.018,0.45166683197021484,0.45166683197021484,0.0,0.7526999999999999,0.1500000000000341,6.140663360595729,20.0,0.8
5.019,0.45166683197021484,0.45166683197021484,0.017581939697265625,0.75285,0.14999999999997726,6.129597808837873,20.0,0.8
5.0200000000000005,0.45166683197021484,0.45166683197021484,0.017581939697265625,0.753,0.14999999999992042,6.1325978088378275,20.0,0.8
5.021,0.45166683197021484,0.45166683197021484,-0.008790969848632812,0.75315,0.1500000000000341,6.156696136474636,20.0,0.8
5.022,0.45166683197021484,0.45166683197021484,0.017581939697265625,0.7533,0.14999999999997726,6.138597808837871,20.0,0.8
5.023,0.45166683197021484,0.45166683197021484,0.017581939697265625,0.75345,0.1500000000000341,6.141597808837917,20.0,0.8
5.024,0.45166683197021484,0.45166683197021484,0.017581939697265625,0.7535999999999999,0.1500000000000341,6.144597808837917,20.0,0.8
5.025,0.45166683197021484,0.45166683197021484,0.0,0.75375,0.14999999999997726,6.161663360595686,20.0,0.8
5.026,0.45166683197021484,0.45166683197021484,0.0,0.7538999999999999,0.1500000000000341,6.164663360595728,20.0,0.8
5.027,0.45166683197021484,0.45166683197021484,0.008790969848632812,0.75405,0.1500000000000341,6.160630584716824,20.0,0.8
5.0280000000000005,0.45166683197021484,0.45166683197021484,0.017581939697265625,0.7542000000000001,0.14999999999997726,6.156597808837874,20.0,0.8
5.029,0.45166683197021484,0.45166683197021484,0.008790969848632812,0.75435,0.1500000000000341,6.166630584716824,20.0,0.8
5.03,0.45166683197021484,0.45166683197021484,0.017581939697265625,0.7545000000000001,0.14999999999997726,6.162597808837874,20.0,0.8
5.031,0.45166683197021484,0.45166683197021484,0.008790969848632812,0.7546499999999999,0.1500000000000341,6.172630584716822,20.0,0.8
5.032,0.45204830169677734,0.45204830169677734,0.017581939697265625,0.7548,0.14999999999997726,6.160968414306622,20.0,0.8
5.033,0.45204830169677734,0.45204830169677734,0.017581939697265625,0.75495,0.14999999999992042,6.163968414306577,20.0,0.8
5.034,0.45204830169677734,0.45204830169677734,0.026372909545898438,0.7551,0.1500000000000341,6.159935638427762,20.0,0.8
5.035,0.45204830169677734,0.45204830169677734,-0.008790969848632812,0.75525,0.14999999999997726,6.191066741943341,20.0,0.8
5.0360000000000005,0.45204830169677734,0.45204830169677734,0.026372909545898438,0.7554000000000001,0.14999999999992042,6.165935638427672,20.0,0.8
5.037,0.45204830169677734,0.45204830169677734,0.008790969848632812,0.7555499999999999,0.1500000000000341,6.183001190185573,20.0,0.8
5.038,0.45204830169677734,0.45204830169677734,0.026372909545898438,0.7557,0.14999999999992042,6.171935638427671,20.0,0.8
5.039,0.45204830169677734,0.45204830169677734,0.017581939697265625,0.7558499999999999,0.1500000000000341,6.181968414306666,20.0,0.8
5.04,0.45204830169677734,0.45204830169677734,0.017581939697265625,0.756,0.14999999999997726,6.184968414306622,20.0,0.8
5.041,0.45204830169677734,0.45204830169677734,0.008790969848632812,0.75615,0.14999999999992042,6.195001190185483,20.0,0.8
5.042,0.45204830169677734,0.45204830169677734,0.043956756591796875,0.7563,0.1500000000000341,6.169868560791042,20.0,0.8
5.043,0.45204830169677734,0.45204830169677734,0.026372909545898438,0.75645,0.14999999999997726,6.186935638427716,20.0,0.8
5.0440000000000005,0.45204830169677734,0.45204830169677734,0.03516578674316406,0.7566,0.14999999999992042,6.182901336669859,20.0,0.8
5.045,0.45204830169677734,0.45204830169677734,0.043956756591796875,0.7567499999999999,0.1500000000000341,6.178868560791041,20.0,0.8
5.046,0.45204830169677734,0.45204830169677734,0.03516578674316406,0.7569,0.14999999999992042,6.188901336669858,20.0,0.8
5.047,0.45204830169677734,0.45204830169677734,0.05274772644042969,0.7570499999999999,0.1500000000000341,6.177835784912135,20.0,0.8
5.048,0.45242977142333984,0.45242977142333984,0.03516578674316406,0.7572,0.1500000000000341,6.1872719421386995,20.0,0.8
5.049,0.45242977142333984,0.45242977142333984,0.07032966613769531,0.7573500000000001,0.14999999999992042,6.162140838622985,20.0,0.8
5.05,0.45242977142333984,0.45242977142333984,0.03516578674316406,0.7575,0.1500000000000341,6.193271942138698,20.0,0.8
5.051,0.45242977142333984,0.45242977142333984,0.07912063598632812,0.75765,0.14999999999997726,6.161108062744123,20.0,0.8
5.0520000000000005,0.45242977142333984,0.45242977142333984,0.05274772644042969,0.7578,0.14999999999992042,6.185206390380796,20.0,0.8
5.053,0.45242977142333984,0.45242977142333984,0.07912063598632812,0.75795,0.1500000000000341,6.167108062744169,20.0,0.8
5.054,0.45281124114990234,0.45281124114990234,0.07032966613769531,0.7581,0.14999999999997726,6.169511444091778,20.0,0.8
5.055,0.45281124114990234,0.45281124114990234,0.0615386962890625,0.75825,0.1500000000000341,6.17954421997073,20.0,0.8
5.056,0.45281124114990234,0.45281124114990234,0.07032966613769531,0.7584,0.14999999999997726,6.175511444091778,20.0,0.8
5.057,0.45281124114990234,0.45281124114990234,0.0615386962890625,0.7585500000000001,0.14999999999997726,6.185544219970686,20.0,0.8
5.058,0.45281124114990234,0.45281124114990234,0.03516578674316406,0.7586999999999999,0.1500000000000341,6.209642547607448,20.0,0.8
5.059,0.45281124114990234,0.45281124114990234,0.05274772644042969,0.75885,0.14999999999997726,6.198576995849591,20.0,0.8
5.0600000000000005,0.45281124114990234,0.45281124114990234,0.026372909545898438,0.759,0.14999999999997726,6.222676849365216,20.0,0.8
5.061,0.45281124114990234,0.45281124114990234,0.043956756591796875,0.75915,0.1500000000000341,6.211609771728543,20.0,0.8
5.062,0.45281124114990234,0.45281124114990234,0.0,0.7593,0.14999999999997726,6.2497751770019345,20.0,0.8
5.063,0.45281124114990234,0.45281124114990234,0.026372909545898438,0.75945,0.14999999999997726,6.231676849365216,20.0,0.8
5.064,0.45319271087646484,0.45319271087646484,0.008790969848632812,0.7595999999999999,0.14999999999997726,6.241113006591777,20.0,0.8
5.065,0.45319271087646484,0.45319271087646484,0.0,0.75975,0.14999999999997726,6.251145782470685,20.0,0.8
5.066,0.45319271087646484,0.45319271087646484,0.017581939697265625,0.7598999999999999,0.14999999999997726,6.240080230712871,20.0,0.8
5.067,0.45319271087646484,0.45319271087646484,0.026372909545898438,0.76005,0.1500000000000341,6.236047454834012,20.0,0.8
5.0680000000000005,0.45319271087646484,0.45319271087646484,0.043956756591796875,0.7602000000000001,0.14999999999997726,6.22498037719725,20.0,0.8
5.069,0.45319271087646484,0.45319271087646484,0.008790969848632812,0.76035,0.14999999999997726,6.256113006591778,20.0,0.8
5.07,0.45319271087646484,0.45319271087646484,0.017581939697265625,0.7605000000000001,0.14999999999997726,6.252080230712873,20.0,0.8
5.071,0.45319271087646484,0.45319271087646484,0.05274772644042969,0.7606499999999999,0.1500000000000341,6.226947601318386,20.0,0.8
5.072,0.45319271087646484,0.45319271087646484,0.03516578674316406,0.7608,0.14999999999997726,6.244013153076155,20.0,0.8
5.073,0.45319271087646484,0.45319271087646484,0.03516578674316406,0.76095,0.14999999999992042,6.247013153076108,20.0,0.8
5.074,0.45319271087646484,0.45319271087646484,0.026372909545898438,0.7611,0.1500000000000341,6.257047454834011,20.0,0.8
5.075,0.45319271087646484,0.45319271087646484,0.07032966613769531,0.76125,0.1500000000000341,6.2248820495605734,20.0,0.8
5.0760000000000005,0.45319271087646484,0.45319271087646484,0.05274772644042969,0.7614000000000001,0.14999999999992042,6.241947601318297,20.0,0.8
5.077,0.45357418060302734,0.45357418060302734,0.07032966613769531,0.76155,0.1500000000000341,6.223252655029323,20.0,0.8
5.078,0.45357418060302734,0.45357418060302734,0.05274772644042969,0.7617,0.14999999999992042,6.240318206787046,20.0,0.8
5.079,0.45357418060302734,0.45357418060302734,0.017581939697265625,0.7618499999999999,0.15000000000009095,6.271450836181712,20.0,0.8
5.08,0.45357418060302734,0.45357418060302734,0.0615386962890625,0.762,0.14999999999997726,6.239285430908185,20.0,0.8
5.081,0.45357418060302734,0.45357418060302734,0.08791160583496094,0.76215,0.14999999999992042,6.221187103271421,20.0,0.8
5.082,0.45357418060302734,0.45357418060302734,0.05274772644042969,0.7623,0.1500000000000341,6.252318206787137,20.0,0.8
5.083,0.45357418060302734,0.45357418060302734,0.043956756591796875,0.76245,0.1500000000000341,6.2623509826660415,20.0,0.8
5.0840000000000005,0.45395565032958984,0.45395565032958984,0.07912063598632812,0.7626000000000001,0.14999999999992042,6.229590484619077,20.0,0.8
5.085,0.45395565032958984,0.45395565032958984,0.07032966613769531,0.7627499999999999,0.1500000000000341,6.239623260498073,20.0,0.8
5.086,0.45395565032958984,0.45395565032958984,0.07912063598632812,0.7629,0.14999999999997726,6.235590484619124,20.0,0.8
5.087,0.45395565032958984,0.45395565032958984,0.09670257568359375,0.7630499999999999,0.15000000000009095,6.2245249328613985,20.0,0.8
5.088,0.45433712005615234,0.45433712005615234,0.08791160583496094,0.7632,0.15000000000009095,6.226928314209056,20.0,0.8
5.089,0.45433712005615234,0.45433712005615234,0.07912063598632812,0.7633500000000001,0.14999999999997726,6.236961090087874,20.0,0.8
5.09,0.45433712005615234,0.45433712005615234,0.07912063598632812,0.7635,0.1500000000000341,6.239961090087918,20.0,0.8
5.091,0.45433712005615234,0.45433712005615234,0.0615386962890625,0.76365,0.14999999999997726,6.257026641845687,20.0,0.8
5.0920000000000005,0.45433712005615234,0.45433712005615234,0.07912063598632812,0.7638,0.14999999999997726,6.2459610900878735,20.0,0.8
5.093,0.45433712005615234,0.45433712005615234,0.0615386962890625,0.76395,0.1500000000000341,6.26302664184573,20.0,0.8
5.094,0.45471858978271484,0.45471858978271484,0.043956756591796875,0.7641,0.14999999999997726,6.2724627990722475,20.0,0.8
5.095,0.45471858978271484,0.45471858978271484,0.0615386962890625,0.76425,0.1500000000000341,6.2613972473144806,20.0,0.8
5.096,0.45471858978271484,0.45471858978271484,0.026372909545898438,0.7644,0.14999999999997726,6.292529876708966,20.0,0.8
5.097,0.45471858978271484,0.45471858978271484,0.043956756591796875,0.7645500000000001,0.14999999999997726,6.281462799072249,20.0,0.8
5.098,0.45471858978271484,0.45471858978271484,0.0,0.7646999999999999,0.1500000000000341,6.3196282043457295,20.0,0.8
5.099,0.45471858978271484,0.45471858978271484,0.026372909545898438,0.76485,0.14999999999997726,6.301529876708967,20.0,0.8
5.1000000000000005,0.45471858978271484,0.45471858978271484,0.0,0.765,0.14999999999997726,6.325628204345685,20.0,0.8
5.101,0.45471858978271484,0.45471858978271484,0.026372909545898438,0.76515,0.14999999999997726,6.3075298767089665,20.0,0.8
5.102,0.45471858978271484,0.45471858978271484,0.0,0.7653,0.14999999999997726,6.331628204345684,20.0,0.8
5.103,0.45471858978271484,0.45471858978271484,0.008790969848632812,0.76545,0.1500000000000341,6.327595428466823,20.0,0.8
5.104,0.45471858978271484,0.45471858978271484,0.0,0.7656,0.14999999999997726,6.337628204345684,20.0,0.8
5.105,0.45471858978271484,0.45471858978271484,0.03516578674316406,0.76575,0.14999999999997726,6.312495574951155,20.0,0.8
5.106,0.45471858978271484,0.45471858978271484,0.026372909545898438,0.7658999999999999,0.1500000000000341,6.32252987670901,20.0,0.8
5.107,0.45471858978271484,0.45471858978271484,0.026372909545898438,0.76605,0.1500000000000341,6.325529876709012,20.0,0.8
5.1080000000000005,0.45471858978271484,0.45471858978271484,0.03516578674316406,0.7662000000000001,0.14999999999997726,6.321495574951156,20.0,0.8
5.109,0.45510005950927734,0.45510005950927734,0.026372909545898438,0.76635,0.14999999999997726,6.3239004821777165,20.0,0.8
5.11,0.45510005950927734,0.45510005950927734,0.043956756591796875,0.7665000000000001,0.14999999999997726,6.312833404540999,20.0,0.8
5.111,0.45510005950927734,0.45510005950927734,0.07032966613769531,0.7666499999999999,0.15000000000009095,6.294735076904368,20.0,0.8
5.112,0.45510005950927734,0.45510005950927734,0.0615386962890625,0.7668,0.14999999999997726,6.304767852783185,20.0,0.8
5.113,0.45510005950927734,0.45510005950927734,0.07032966613769531,0.76695,0.14999999999992042,6.300735076904234,20.0,0.8
5.114,0.45548152923583984,0.45548152923583984,0.10549545288085938,0.7671,0.15000000000009095,6.267973052978589,20.0,0.8
5.115,0.45548152923583984,0.45548152923583984,0.10549545288085938,0.76725,0.14999999999997726,6.270973052978497,20.0,0.8
5.1160000000000005,0.45548152923583984,0.45548152923583984,0.10549545288085938,0.7674000000000001,0.14999999999992042,6.273973052978453,20.0,0.8
5.117,0.45548152923583984,0.45548152923583984,0.1318683624267578,0.76755,0.15000000000009095,6.255874725341869,20.0,0.8
5.118,0.45586299896240234,0.45586299896240234,0.11428642272949219,0.7677,0.14999999999997726,6.265310882568342,20.0,0.8
5.119,0.45586299896240234,0.45586299896240234,0.11428642272949219,0.7678499999999999,0.15000000000009095,6.26831088256843,20.0,0.8
5.12,0.45586299896240234,0.45586299896240234,0.09670257568359375,0.768,0.14999999999997726,6.28537796020506,20.0,0.8
5.121,0.45586299896240234,0.45586299896240234,0.07912063598632812,0.76815,0.14999999999997726,6.302443511962872,20.0,0.8
5.122,0.45624446868896484,0.45624446868896484,0.07032966613769531,0.7683,0.15000000000009095,6.30484689331062,20.0,0.8
5.123,0.45624446868896484,0.45624446868896484,0.0615386962890625,0.76845,0.14999999999992042,6.31487966918939,20.0,0.8
5.124,0.45624446868896484,0.45624446868896484,0.043956756591796875,0.7686,0.1500000000000341,6.331945220947292,20.0,0.8
5.125,0.45624446868896484,0.45624446868896484,0.043956756591796875,0.7687499999999999,0.14999999999997726,6.334945220947246,20.0,0.8
5.126,0.45624446868896484,0.45624446868896484,0.043956756591796875,0.7689,0.14999999999997726,6.3379452209472475,20.0,0.8
5.127,0.45624446868896484,0.45624446868896484,0.026372909545898438,0.7690499999999999,0.1500000000000341,6.35501229858401,20.0,0.8
5.128,0.45624446868896484,0.45624446868896484,0.03516578674316406,0.7692,0.1500000000000341,6.3509779968262,20.0,0.8
5.1290000000000004,0.45624446868896484,0.45624446868896484,0.026372909545898438,0.7693500000000001,0.14999999999997726,6.361012298583969,20.0,0.8
5.13,0.45624446868896484,0.45624446868896484,0.017581939697265625,0.7695,0.1500000000000341,6.371045074462916,20.0,0.8
5.131,0.45624446868896484,0.45624446868896484,0.026372909545898438,0.7696500000000001,0.14999999999992042,6.367012298583921,20.0,0.8
5.132,0.45662593841552734,0.45662593841552734,0.026372909545898438,0.7697999999999999,0.1500000000000341,6.362382904052761,20.0,0.8
5.133,0.45662593841552734,0.45662593841552734,0.03516578674316406,0.76995,0.14999999999997726,6.358348602294905,20.0,0.8
5.134,0.45662593841552734,0.45662593841552734,0.05274772644042969,0.7701,0.14999999999992042,6.347283050537046,20.0,0.8
5.135,0.45662593841552734,0.45662593841552734,0.05274772644042969,0.77025,0.1500000000000341,6.350283050537136,20.0,0.8
5.136,0.45662593841552734,0.45662593841552734,0.05274772644042969,0.7704,0.14999999999997726,6.35328305053709,20.0,0.8
5.1370000000000005,0.45662593841552734,0.45662593841552734,0.07912063598632812,0.7705500000000001,0.14999999999997726,6.335184722900374,20.0,0.8
5.138,0.45662593841552734,0.45662593841552734,0.07912063598632812,0.7706999999999999,0.1500000000000341,6.338184722900417,20.0,0.8
5.139,0.45700740814208984,0.45700740814208984,0.07032966613769531,0.77085,0.14999999999992042,6.340588104247984,20.0,0.8
5.14,0.45700740814208984,0.45700740814208984,0.08791160583496094,0.7709999999999999,0.1500000000000341,6.32952255249026,20.0,0.8
5.141,0.45700740814208984,0.45700740814208984,0.07912063598632812,0.77115,0.14999999999997726,6.339555328369123,20.0,0.8
5.142,0.45700740814208984,0.45700740814208984,0.07912063598632812,0.7713,0.14999999999992042,6.342555328369077,20.0,0.8
5.143,0.45700740814208984,0.45700740814208984,0.07912063598632812,0.77145,0.1500000000000341,6.3455553283691675,20.0,0.8
5.144,0.45738887786865234,0.45738887786865234,0.07032966613769531,0.7716,0.14999999999997726,6.347958709716777,20.0,0.8
5.1450000000000005,0.45738887786865234,0.45738887786865234,0.07032966613769531,0.77175,0.14999999999997726,6.350958709716779,20.0,0.8
5.146,0.45738887786865234,0.45738887786865234,0.08791160583496094,0.7718999999999999,0.1500000000000341,6.33989315795901,20.0,0.8
5.147,0.45738887786865234,0.45738887786865234,0.07912063598632812,0.77205,0.14999999999997726,6.3499259338378735,20.0,0.8
5.148,0.45777034759521484,0.45777034759521484,0.07912063598632812,0.7721999999999999,0.1500000000000341,6.345296539306665,20.0,0.8
5.149,0.45777034759521484,0.45777034759521484,0.08791160583496094,0.77235,0.1500000000000341,6.341263763427761,20.0,0.8
5.15,0.45777034759521484,0.45777034759521484,0.10549545288085938,0.7725000000000001,0.14999999999997726,6.330196685790998,20.0,0.8
5.151,0.45777034759521484,0.45777034759521484,0.10549545288085938,0.77265,0.15000000000009095,6.333196685791088,20.0,0.8
5.152,0.45815181732177734,0.45815181732177734,0.11428642272949219,0.7728,0.1500000000000341,6.321534515380888,20.0,0.8
5.1530000000000005,0.45815181732177734,0.45815181732177734,0.11428642272949219,0.77295,0.14999999999992042,6.324534515380797,20.0,0.8
5.154,0.45815181732177734,0.45815181732177734,0.10549545288085938,0.7731,0.15000000000009095,6.334567291259838,20.0,0.8
5.155,0.45815181732177734,0.45815181732177734,0.123077392578125,0.77325,0.14999999999992042,6.323501739501889,20.0,0.8
5.156,0.45853328704833984,0.45853328704833984,0.08791160583496094,0.7734,0.1500000000000341,6.3470049743652615,20.0,0.8
5.157,0.45853328704833984,0.45853328704833984,0.08791160583496094,0.77355,0.14999999999997726,6.350004974365215,20.0,0.8
5.158,0.45853328704833984,0.45853328704833984,0.08791160583496094,0.7737,0.14999999999992042,6.353004974365172,20.0,0.8
5.159,0.45853328704833984,0.45853328704833984,0.07912063598632812,0.7738499999999999,0.1500000000000341,6.363037750244167,20.0,0.8
5.16,0.45891475677490234,0.45891475677490234,0.07032966613769531,0.774,0.1500000000000341,6.365441131591824,20.0,0.8
5.1610000000000005,0.45891475677490234,0.45891475677490234,0.05274772644042969,0.77415,0.14999999999992042,6.382506683349546,20.0,0.8
5.162,0.45891475677490234,0.45891475677490234,0.07032966613769531,0.7743,0.1500000000000341,6.371441131591824,20.0,0.8
5.163,0.45891475677490234,0.45891475677490234,0.07912063598632812,0.77445,0.14999999999992042,6.367408355712826,20.0,0.8
5.164,0.45891475677490234,0.45891475677490234,0.05274772644042969,0.7746,0.1500000000000341,6.391506683349636,20.0,0.8
5.165,0.45891475677490234,0.45891475677490234,0.07912063598632812,0.7747499999999999,0.1500000000000341,6.373408355712917,20.0,0.8
5.166,0.45929622650146484,0.45929622650146484,0.07032966613769531,0.7749,0.14999999999992042,6.375811737060484,20.0,0.8
5.167,0.45929622650146484,0.45929622650146484,0.08791160583496094,0.7750499999999999,0.1500000000000341,6.364746185302759,20.0,0.8
5.168,0.45929622650146484,0.45929622650146484,0.08791160583496094,0.7752,0.1500000000000341,6.367746185302761,20.0,0.8
5.1690000000000005,0.45929622650146484,0.45929622650146484,0.09670257568359375,0.7753500000000001,0.14999999999992042,6.363713409423766,20.0,0.8
5.17,0.45967769622802734,0.45967769622802734,0.11428642272949219,0.7755,0.1500000000000341,6.3450169372558864,20.0,0.8
5.171,0.45967769622802734,0.45967769622802734,0.10549545288085938,0.7756500000000001,0.14999999999992042,6.3550497131347035,20.0,0.8
5.172,0.45967769622802734,0.45967769622802734,0.11428642272949219,0.7757999999999999,0.1500000000000341,6.351016937255885,20.0,0.8
5.173,0.46005916595458984,0.46005916595458984,0.09670257568359375,0.77595,0.1500000000000341,6.360454620361356,20.0,0.8
5.174,0.46005916595458984,0.46005916595458984,0.11428642272949219,0.7761,0.14999999999992042,6.349387542724546,20.0,0.8
5.175,0.46005916595458984,0.46005916595458984,0.123077392578125,0.77625,0.1500000000000341,6.34535476684573,20.0,0.8
5.176,0.46005916595458984,0.46005916595458984,0.11428642272949219,0.7764,0.14999999999997726,6.355387542724591,20.0,0.8
5.1770000000000005,0.46044063568115234,0.46044063568115234,0.11428642272949219,0.7765500000000001,0.14999999999992042,6.3507581481932975,20.0,0.8
5.178,0.46044063568115234,0.46044063568115234,0.14065933227539062,0.7767,0.1500000000000341,6.332659820556667,20.0,0.8
5.179,0.46082210540771484,0.46082210540771484,0.1758251190185547,0.77685,0.14999999999997726,6.299897796630842,20.0,0.8
5.18,0.46082210540771484,0.46082210540771484,0.1934070587158203,0.7769999999999999,0.1500000000000341,6.288832244873072,20.0,0.8
5.181,0.46120357513427734,0.46120357513427734,0.20219802856445312,0.77715,0.14999999999997726,6.277170074462872,20.0,0.8
5.182,0.46120357513427734,0.46120357513427734,0.21098899841308594,0.7773,0.14999999999997726,6.273137298583966,20.0,0.8
5.183,0.46158504486083984,0.46158504486083984,0.14945030212402344,0.77745,0.1500000000000341,6.3177388610840115,20.0,0.8
5.184,0.46158504486083984,0.46158504486083984,0.16703224182128906,0.7776,0.14999999999997726,6.306673309326153,20.0,0.8
5.1850000000000005,0.46158504486083984,0.46158504486083984,0.16703224182128906,0.77775,0.14999999999997726,6.309673309326155,20.0,0.8
5.186,0.46196651458740234,0.46196651458740234,0.10549545288085938,0.7778999999999999,0.1500000000000341,6.354273345947291,20.0,0.8
5.187,0.46196651458740234,0.46196651458740234,0.14945030212402344,0.77805,0.14999999999997726,6.322109466552716,20.0,0.8
5.188,0.46196651458740234,0.46196651458740234,0.08791160583496094,0.7781999999999999,0.14999999999997726,6.3743404235839645,20.0,0.8
5.189,0.46234798431396484,0.46234798431396484,0.09670257568359375,0.77835,0.1500000000000341,6.362678253173856,20.0,0.8
5.19,0.46234798431396484,0.46234798431396484,0.10549545288085938,0.7785000000000001,0.14999999999997726,6.358643951415999,20.0,0.8
5.191,0.46234798431396484,0.46234798431396484,0.1318683624267578,0.77865,0.14999999999997726,6.340545623779278,20.0,0.8
5.192,0.46234798431396484,0.46234798431396484,0.08791160583496094,0.7788,0.14999999999997726,6.378711029052717,20.0,0.8
5.1930000000000005,0.46272945404052734,0.46272945404052734,0.07912063598632812,0.77895,0.14999999999997726,6.381114410400373,20.0,0.8
5.194,0.46272945404052734,0.46272945404052734,0.07032966613769531,0.7791,0.1500000000000341,6.3911471862793245,20.0,0.8
5.195,0.46272945404052734,0.46272945404052734,0.08791160583496094,0.77925,0.14999999999992042,6.380081634521421,20.0,0.8
5.196,0.46272945404052734,0.46272945404052734,0.07912063598632812,0.7794,0.1500000000000341,6.390114410400417,20.0,0.8
5.197,0.46272945404052734,0.46272945404052734,0.05274772644042969,0.77955,0.14999999999997726,6.41421273803709,20.0,0.8
5.198,0.46311092376708984,0.46311092376708984,0.08791160583496094,0.7797000000000001,0.14999999999992042,6.381452239990172,20.0,0.8
5.199,0.46311092376708984,0.46311092376708984,0.05274772644042969,0.7798499999999999,0.1500000000000341,6.412583343505886,20.0,0.8
5.2,0.46311092376708984,0.46311092376708984,0.09670257568359375,0.78,0.14999999999997726,6.38041946411131,20.0,0.8
5.2010000000000005,0.46311092376708984,0.46311092376708984,0.07032966613769531,0.78015,0.14999999999992042,6.404517791747983,20.0,0.8
5.202,0.46349239349365234,0.46349239349365234,0.08791160583496094,0.7803,0.1500000000000341,6.385822845459011,20.0,0.8
5.203,0.46349239349365234,0.46349239349365234,0.11428642272949219,0.78045,0.14999999999992042,6.367722991943296,20.0,0.8
5.204,0.46349239349365234,0.46349239349365234,0.09670257568359375,0.7806,0.1500000000000341,6.384790069580105,20.0,0.8
5.205,0.46349239349365234,0.46349239349365234,0.14065933227539062,0.7807499999999999,0.14999999999997726,6.352624664306621,20.0,0.8
5.206,0.46387386322021484,0.46387386322021484,0.1318683624267578,0.7809,0.14999999999992042,6.355028045654233,20.0,0.8
5.207,0.46387386322021484,0.46387386322021484,0.1318683624267578,0.7810499999999999,0.1500000000000341,6.358028045654323,20.0,0.8
5.208,0.46425533294677734,0.46425533294677734,0.14945030212402344,0.7812,0.1500000000000341,6.339333099365263,20.0,0.8
5.2090000000000005,0.46425533294677734,0.46425533294677734,0.1318683624267578,0.7813500000000001,0.14999999999992042,6.356398651122985,20.0,0.8
5.21,0.46425533294677734,0.46425533294677734,0.1318683624267578,0.7815,0.1500000000000341,6.359398651123073,20.0,0.8
5.211,0.46463680267333984,0.46463680267333984,0.11428642272949219,0.7816500000000001,0.14999999999997726,6.368834808349592,20.0,0.8
5.212,0.46463680267333984,0.46463680267333984,0.10549545288085938,0.7817999999999999,0.15000000000009095,6.378867584228588,20.0,0.8
5.213,0.46463680267333984,0.46463680267333984,0.11428642272949219,0.78195,0.14999999999997726,6.3748348083495925,20.0,0.8
5.214,0.46463680267333984,0.46463680267333984,0.123077392578125,0.7821,0.14999999999997726,6.370802032470685,20.0,0.8
5.215,0.46501827239990234,0.46501827239990234,0.123077392578125,0.78225,0.1500000000000341,6.36617263793948,20.0,0.8
5.216,0.46501827239990234,0.46501827239990234,0.123077392578125,0.7824,0.14999999999997726,6.3691726379394344,20.0,0.8
5.2170000000000005,0.46501827239990234,0.46501827239990234,0.123077392578125,0.7825500000000001,0.14999999999997726,6.372172637939436,20.0,0.8
5.218,0.46539974212646484,0.46539974212646484,0.11428642272949219,0.7827,0.1500000000000341,6.374576019287136,20.0,0.8
5.219,0.46539974212646484,0.46539974212646484,0.09670257568359375,0.78285,0.14999999999997726,6.3916430969238105,20.0,0.8
5.22,0.46539974212646484,0.46539974212646484,0.08791160583496094,0.7829999999999999,0.1500000000000341,6.40167587280276,20.0,0.8
5.221,0.46539974212646484,0.46539974212646484,0.08791160583496094,0.78315,0.14999999999997726,6.404675872802716,20.0,0.8
5.222,0.46578121185302734,0.46578121185302734,0.07912063598632812,0.7833,0.14999999999997726,6.407079254150373,20.0,0.8
5.223,0.46578121185302734,0.46578121185302734,0.07032966613769531,0.78345,0.14999999999997726,6.417112030029278,20.0,0.8
5.224,0.46578121185302734,0.46578121185302734,0.0615386962890625,0.7836,0.1500000000000341,6.427144805908229,20.0,0.8
5.2250000000000005,0.46578121185302734,0.46578121185302734,0.07912063598632812,0.7837500000000001,0.14999999999997726,6.4160792541503735,20.0,0.8
5.226,0.46578121185302734,0.46578121185302734,0.07912063598632812,0.7838999999999999,0.14999999999997726,6.419079254150372,20.0,0.8
5.227,0.46616268157958984,0.46616268157958984,0.08791160583496094,0.78405,0.14999999999997726,6.407417083740217,20.0,0.8
5.228,0.46616268157958984,0.46616268157958984,0.09670257568359375,0.7841999999999999,0.1500000000000341,6.403384307861353,20.0,0.8
5.229,0.46616268157958984,0.46616268157958984,0.09670257568359375,0.78435,0.15000000000009095,6.4063843078614005,20.0,0.8
5.23,0.46616268157958984,0.46616268157958984,0.11428642272949219,0.7845000000000001,0.14999999999997726,6.395317230224593,20.0,0.8
5.231,0.46654415130615234,0.46654415130615234,0.1318683624267578,0.78465,0.1500000000000341,6.376622283935574,20.0,0.8
5.232,0.46654415130615234,0.46654415130615234,0.123077392578125,0.7848,0.1500000000000341,6.386655059814482,20.0,0.8
5.2330000000000005,0.46654415130615234,0.46654415130615234,0.1318683624267578,0.78495,0.14999999999997726,6.38262228393553,20.0,0.8
5.234,0.46692562103271484,0.46692562103271484,0.11428642272949219,0.7851,0.1500000000000341,6.392058441162137,20.0,0.8
5.235,0.46692562103271484,0.46692562103271484,0.1318683624267578,0.78525,0.14999999999992042,6.380992889404233,20.0,0.8
5.236,0.46730709075927734,0.46730709075927734,0.1318683624267578,0.7854,0.15000000000009095,6.37636349487312,20.0,0.8
5.237,0.46730709075927734,0.46730709075927734,0.14945030212402344,0.78555,0.1500000000000341,6.365297943115261,20.0,0.8
5.238,0.46730709075927734,0.46730709075927734,0.15824127197265625,0.7857000000000001,0.14999999999992042,6.361265167236266,20.0,0.8
5.239,0.46768856048583984,0.46768856048583984,0.15824127197265625,0.7858499999999999,0.15000000000009095,6.3566357727051495,20.0,0.8
5.24,0.46768856048583984,0.46768856048583984,0.16703224182128906,0.786,0.14999999999997726,6.352602996826154,20.0,0.8
5.2410000000000005,0.46807003021240234,0.46807003021240234,0.16703224182128906,0.78615,0.14999999999992042,6.347973602294859,20.0,0.8
5.242,0.46807003021240234,0.46807003021240234,0.1758251190185547,0.7863,0.1500000000000341,6.343939300537136,20.0,0.8
5.243,0.46807003021240234,0.46807003021240234,0.1758251190185547,0.78645,0.14999999999997726,6.34693930053709,20.0,0.8
5.244,0.46845149993896484,0.46845149993896484,0.14945030212402344,0.7866,0.15000000000009095,6.363409759521557,20.0,0.8
5.245,0.46845149993896484,0.46845149993896484,0.14065933227539062,0.78675,0.14999999999997726,6.373442535400372,20.0,0.8
5.246,0.46883392333984375,0.46883392333984375,0.14065933227539062,0.7869,0.14999999999997726,6.368794067382796,20.0,0.8
5.247,0.46883392333984375,0.46883392333984375,0.15824127197265625,0.7870499999999999,0.15000000000009095,6.3577285156250705,20.0,0.8
5.248,0.46921539306640625,0.46921539306640625,0.1758251190185547,0.7872,0.14999999999992042,6.339032043456967,20.0,0.8
5.249,0.46921539306640625,0.46921539306640625,0.1934070587158203,0.7873499999999999,0.1500000000000341,6.327966491699244,20.0,0.8
5.25,0.46959686279296875,0.46959686279296875,0.1846160888671875,0.7875,0.15000000000009095,6.330369873046948,20.0,0.8
5.251,0.46959686279296875,0.46959686279296875,0.20219802856445312,0.7876500000000001,0.14999999999997726,6.319304321289046,20.0,0.8
5.252,0.46997833251953125,0.46997833251953125,0.1758251190185547,0.7878,0.1500000000000341,6.335773254394557,20.0,0.8
5.253,0.46997833251953125,0.46997833251953125,0.1758251190185547,0.78795,0.14999999999997726,6.338773254394513,20.0,0.8
5.2540000000000004,0.46997833251953125,0.46997833251953125,0.15824127197265625,0.7881,0.14999999999997726,6.355840332031232,20.0,0.8
5.255,0.47035980224609375,0.47035980224609375,0.14945030212402344,0.78825,0.1500000000000341,6.3582437133789345,20.0,0.8
5.256,0.47035980224609375,0.47035980224609375,0.123077392578125,0.7884,0.14999999999992042,6.382342041015561,20.0,0.8
5.257,0.47035980224609375,0.47035980224609375,0.123077392578125,0.78855,0.1500000000000341,6.385342041015651,20.0,0.8
5.258,0.47074127197265625,0.47074127197265625,0.11428642272949219,0.7887,0.14999999999997726,6.387745422363262,20.0,0.8
5.259,0.47074127197265625,0.47074127197265625,0.123077392578125,0.78885,0.14999999999997726,6.383712646484358,20.0,0.8
5.26,0.47074127197265625,0.47074127197265625,0.123077392578125,0.7889999999999999,0.1500000000000341,6.3867126464844,20.0,0.8
5.261,0.47112274169921875,0.47112274169921875,0.1318683624267578,0.78915,0.14999999999997726,6.375050476074201,20.0,0.8
5.2620000000000005,0.47112274169921875,0.47112274169921875,0.123077392578125,0.7893,0.14999999999997726,6.385083251953106,20.0,0.8
5.263,0.47112274169921875,0.47112274169921875,0.123077392578125,0.78945,0.1500000000000341,6.388083251953152,20.0,0.8
5.264,0.47150421142578125,0.47150421142578125,0.123077392578125,0.7896,0.14999999999992042,6.383453857421811,20.0,0.8
5.265,0.47150421142578125,0.47150421142578125,0.123077392578125,0.78975,0.1500000000000341,6.386453857421901,20.0,0.8
5.266,0.47150421142578125,0.47150421142578125,0.10549545288085938,0.7898999999999999,0.14999999999997726,6.403519409179667,20.0,0.8
5.267,0.47188568115234375,0.47188568115234375,0.14065933227539062,0.79005,0.14999999999992042,6.370758911132749,20.0,0.8
5.268,0.47188568115234375,0.47188568115234375,0.123077392578125,0.7901999999999999,0.1500000000000341,6.38782446289065,20.0,0.8
5.269,0.47188568115234375,0.47188568115234375,0.14065933227539062,0.79035,0.1500000000000341,6.37675891113284,20.0,0.8
5.2700000000000005,0.47226715087890625,0.47226715087890625,0.15824127197265625,0.7905000000000001,0.14999999999997726,6.358063964843734,20.0,0.8
5.271,0.47226715087890625,0.47226715087890625,0.14945030212402344,0.79065,0.1500000000000341,6.368096740722683,20.0,0.8
5.272,0.47264862060546875,0.47264862060546875,0.14065933227539062,0.7908000000000001,0.14999999999997726,6.370500122070295,20.0,0.8
5.273,0.47264862060546875,0.47264862060546875,0.1318683624267578,0.7909499999999999,0.15000000000009095,6.380532897949291,20.0,0.8
5.274,0.47264862060546875,0.47264862060546875,0.10549545288085938,0.7911,0.14999999999997726,6.40463122558592,20.0,0.8
5.275,0.47264862060546875,0.47264862060546875,0.11428642272949219,0.79125,0.14999999999992042,6.400598449706968,20.0,0.8
5.276,0.47303009033203125,0.47303009033203125,0.10549545288085938,0.7914,0.15000000000009095,6.40300183105476,20.0,0.8
5.277,0.47303009033203125,0.47303009033203125,0.123077392578125,0.79155,0.14999999999997726,6.391936279296856,20.0,0.8
5.2780000000000005,0.47303009033203125,0.47303009033203125,0.11428642272949219,0.7917000000000001,0.14999999999997726,6.401969055175765,20.0,0.8
5.279,0.47341156005859375,0.47341156005859375,0.123077392578125,0.7918499999999999,0.15000000000009095,6.390306884765697,20.0,0.8
5.28,0.47341156005859375,0.47341156005859375,0.1318683624267578,0.792,0.14999999999992042,6.3862741088866555,20.0,0.8
5.281,0.47341156005859375,0.47341156005859375,0.123077392578125,0.7921499999999999,0.1500000000000341,6.39630688476565,20.0,0.8
5.282,0.47379302978515625,0.47379302978515625,0.123077392578125,0.7923,0.14999999999997726,6.391677490234357,20.0,0.8
5.283,0.47379302978515625,0.47379302978515625,0.10549545288085938,0.79245,0.14999999999992042,6.408743041992124,20.0,0.8
5.284,0.47379302978515625,0.47379302978515625,0.09670257568359375,0.7926,0.1500000000000341,6.418777343750027,20.0,0.8
5.285,0.47379302978515625,0.47379302978515625,0.11428642272949219,0.79275,0.14999999999997726,6.407710266113262,20.0,0.8
5.2860000000000005,0.47417449951171875,0.47417449951171875,0.11428642272949219,0.7929,0.14999999999992042,6.4030808715819685,20.0,0.8
5.287,0.47417449951171875,0.47417449951171875,0.11428642272949219,0.7930499999999999,0.1500000000000341,6.406080871582057,20.0,0.8
5.288,0.47417449951171875,0.47417449951171875,0.1318683624267578,0.7932,0.14999999999992042,6.3950153198241555,20.0,0.8
5.289,0.47455596923828125,0.47455596923828125,0.14065933227539062,0.7933499999999999,0.1500000000000341,6.383353149414087,20.0,0.8
5.29,0.47455596923828125,0.47455596923828125,0.15824127197265625,0.7935,0.1500000000000341,6.3722875976562765,20.0,0.8
5.291,0.47493743896484375,0.47493743896484375,0.14065933227539062,0.7936500000000001,0.14999999999992042,6.38172375488275,20.0,0.8
5.292,0.47493743896484375,0.47493743896484375,0.14065933227539062,0.7938,0.1500000000000341,6.384723754882839,20.0,0.8
5.293,0.47493743896484375,0.47493743896484375,0.14065933227539062,0.79395,0.14999999999997726,6.387723754882796,20.0,0.8
5.2940000000000005,0.47531890869140625,0.47531890869140625,0.14945030212402344,0.7941,0.14999999999992042,6.376061584472593,20.0,0.8
5.295,0.47531890869140625,0.47531890869140625,0.15824127197265625,0.79425,0.1500000000000341,6.372028808593777,20.0,0.8
5.296,0.47531890869140625,0.47531890869140625,0.14065933227539062,0.7944,0.14999999999992042,6.389094360351499,20.0,0.8
5.297,0.47570037841796875,0.47570037841796875,0.14945030212402344,0.79455,0.1500000000000341,6.377432189941434,20.0,0.8
5.298,0.47570037841796875,0.47570037841796875,0.14945030212402344,0.7947,0.14999999999997726,6.380432189941387,20.0,0.8
5.299,0.47608184814453125,0.47608184814453125,0.15824127197265625,0.7948500000000001,0.14999999999992042,6.368770019531188,20.0,0.8
5.3,0.47608184814453125,0.47608184814453125,0.14945030212402344,0.7949999999999999,0.1500000000000341,6.3788027954101825,20.0,0.8
5.301,0.47608184814453125,0.47608184814453125,0.14945030212402344,0.79515,0.1500000000000341,6.381802795410184,20.0,0.8
5.3020000000000005,0.47646331787109375,0.47646331787109375,0.14945030212402344,0.7953,0.14999999999992042,6.377173400878843,20.0,0.8
5.303,0.47646331787109375,0.47646331787109375,0.1318683624267578,0.79545,0.1500000000000341,6.394238952636746,20.0,0.8
5.304,0.47684478759765625,0.47684478759765625,0.1318683624267578,0.7956,0.14999999999997726,6.38960955810545,20.0,0.8
5.305,0.47684478759765625,0.47684478759765625,0.11428642272949219,0.79575,0.1500000000000341,6.406675109863308,20.0,0.8
5.306,0.47684478759765625,0.47684478759765625,0.14065933227539062,0.7958999999999999,0.14999999999997726,6.388576782226544,20.0,0.8
5.307,0.47722625732421875,0.47722625732421875,0.14945030212402344,0.79605,0.14999999999997726,6.376914611816389,20.0,0.8
5.308,0.47722625732421875,0.47722625732421875,0.1846160888671875,0.7961999999999999,0.1500000000000341,6.3517819824219,20.0,0.8
5.309,0.47760772705078125,0.47760772705078125,0.20219802856445312,0.79635,0.15000000000009095,6.333087036132885,20.0,0.8
5.3100000000000005,0.47760772705078125,0.47760772705078125,0.20219802856445312,0.7965000000000001,0.14999999999997726,6.3360870361327954,20.0,0.8
5.311,0.47798919677734375,0.47798919677734375,0.24615478515625,0.79665,0.1500000000000341,6.296292236328152,20.0,0.8
5.312,0.47798919677734375,0.47798919677734375,0.20219802856445312,0.7968000000000001,0.14999999999997726,6.334457641601546,20.0,0.8
5.313,0.47837066650390625,0.47837066650390625,0.21098899841308594,0.7969499999999999,0.1500000000000341,6.322795471191432,20.0,0.8
5.314,0.47837066650390625,0.47837066650390625,0.1846160888671875,0.7971,0.1500000000000341,6.346893798828153,20.0,0.8
5.315,0.47875213623046875,0.47875213623046875,0.1758251190185547,0.79725,0.14999999999992042,6.349297180175718,20.0,0.8
5.316,0.47875213623046875,0.47875213623046875,0.15824127197265625,0.7974,0.1500000000000341,6.366364257812528,20.0,0.8
5.317,0.47913360595703125,0.47913360595703125,0.1934070587158203,0.79755,0.14999999999997726,6.3336022338867,20.0,0.8
5.3180000000000005,0.47913360595703125,0.47913360595703125,0.15824127197265625,0.7977000000000001,0.14999999999992042,6.364734863281188,20.0,0.8
5.319,0.47951507568359375,0.47951507568359375,0.16703224182128906,0.79785,0.1500000000000341,6.35307269287112,20.0,0.8
5.32,0.47951507568359375,0.47951507568359375,0.14065933227539062,0.798,0.14999999999992042,6.37717102050775,20.0,0.8
5.321,0.47951507568359375,0.47951507568359375,0.14945030212402344,0.7981499999999999,0.1500000000000341,6.373138244628932,20.0,0.8
5.322,0.47989654541015625,0.47989654541015625,0.123077392578125,0.7983,0.14999999999997726,6.389607177734357,20.0,0.8
5.323,0.47989654541015625,0.47989654541015625,0.10549545288085938,0.79845,0.14999999999992042,6.406672729492123,20.0,0.8
5.324,0.47989654541015625,0.47989654541015625,0.123077392578125,0.7986,0.1500000000000341,6.3956071777344015,20.0,0.8
5.325,0.48027801513671875,0.48027801513671875,0.1318683624267578,0.79875,0.14999999999997726,6.383945007324201,20.0,0.8
5.3260000000000005,0.48027801513671875,0.48027801513671875,0.123077392578125,0.7989,0.14999999999992042,6.393977783203063,20.0,0.8
5.327,0.48027801513671875,0.48027801513671875,0.14065933227539062,0.7990499999999999,0.1500000000000341,6.382912231445338,20.0,0.8
5.328,0.48065948486328125,0.48065948486328125,0.15824127197265625,0.7992,0.14999999999992042,6.364217285156187,20.0,0.8
5.329,0.48065948486328125,0.48065948486328125,0.15824127197265625,0.7993499999999999,0.1500000000000341,6.367217285156276,20.0,0.8
5.33,0.48065948486328125,0.48065948486328125,0.123077392578125,0.7995,0.1500000000000341,6.398348388671902,20.0,0.8
5.331,0.48104095458984375,0.48104095458984375,0.14065933227539062,0.7996500000000001,0.14999999999992042,6.379653442382751,20.0,0.8
5.332,0.48104095458984375,0.48104095458984375,0.11428642272949219,0.7998,0.1500000000000341,6.403751770019557,20.0,0.8
5.333,0.48104095458984375,0.48104095458984375,0.10549545288085938,0.79995,0.14999999999997726,6.4137845458984195,20.0,0.8
5.3340000000000005,0.48142242431640625,0.48142242431640625,0.123077392578125,0.8001,0.14999999999992042,6.395089599609312,20.0,0.8
5.335,0.48142242431640625,0.48142242431640625,0.14065933227539062,0.80025,0.1500000000000341,6.38402404785159,20.0,0.8
5.336,0.48142242431640625,0.48142242431640625,0.14945030212402344,0.8004,0.14999999999997726,6.379991271972638,20.0,0.8
5.337,0.48180389404296875,0.48180389404296875,0.14065933227539062,0.80055,0.1500000000000341,6.382394653320339,20.0,0.8
5.338,0.48180389404296875,0.48180389404296875,0.15824127197265625,0.8007,0.14999999999997726,6.371329101562481,20.0,0.8
5.339,0.48218536376953125,0.48218536376953125,0.1318683624267578,0.8008500000000001,0.14999999999997726,6.387798034667952,20.0,0.8
5.34,0.48218536376953125,0.48218536376953125,0.14065933227539062,0.8009999999999999,0.1500000000000341,6.383765258789088,20.0,0.8
5.341,0.48218536376953125,0.48218536376953125,0.1318683624267578,0.80115,0.14999999999997726,6.3937980346679515,20.0,0.8
5.3420000000000005,0.48256683349609375,0.48256683349609375,0.1318683624267578,0.8013,0.14999999999997726,6.389168640136701,20.0,0.8
5.343,0.48256683349609375,0.48256683349609375,0.14945030212402344,0.80145,0.1500000000000341,6.378103088378934,20.0,0.8
5.344,0.48256683349609375,0.48256683349609375,0.14065933227539062,0.8016,0.14999999999997726,6.388135864257794,20.0,0.8
5.345,0.48294830322265625,0.48294830322265625,0.15824127197265625,0.80175,0.1500000000000341,6.3694409179687765,20.0,0.8
5.346,0.48294830322265625,0.48294830322265625,0.14945030212402344,0.8019,0.14999999999997726,6.379473693847636,20.0,0.8
5.347,0.48332977294921875,0.48332977294921875,0.1758251190185547,0.80205,0.14999999999997726,6.353744445800763,20.0,0.8
5.348,0.48332977294921875,0.48332977294921875,0.16703224182128906,0.8021999999999999,0.14999999999997726,6.363778747558574,20.0,0.8
5.349,0.48332977294921875,0.48332977294921875,0.16703224182128906,0.80235,0.1500000000000341,6.366778747558621,20.0,0.8
5.3500000000000005,0.48371124267578125,0.48371124267578125,0.1758251190185547,0.8025000000000001,0.14999999999997726,6.355115051269515,20.0,0.8
5.351,0.48371124267578125,0.48371124267578125,0.1758251190185547,0.80265,0.14999999999997726,6.358115051269512,20.0,0.8
5.352,0.48409271240234375,0.48409271240234375,0.1758251190185547,0.8028000000000001,0.14999999999997726,6.353485656738264,20.0,0.8
5.353,0.48409271240234375,0.48409271240234375,0.20219802856445312,0.8029499999999999,0.15000000000009095,6.335387329101635,20.0,0.8
5.354,0.48447418212890625,0.48447418212890625,0.1846160888671875,0.8031,0.14999999999997726,6.344823486328108,20.0,0.8
5.355,0.48447418212890625,0.48447418212890625,0.20219802856445312,0.80325,0.14999999999992042,6.333757934570249,20.0,0.8
5.356,0.48485565185546875,0.48485565185546875,0.21977996826171875,0.8034,0.1500000000000341,6.3150629882812765,20.0,0.8
5.357,0.48485565185546875,0.48485565185546875,0.1934070587158203,0.80355,0.14999999999997726,6.33916131591795,20.0,0.8
5.3580000000000005,0.48523712158203125,0.48523712158203125,0.16703224182128906,0.8037000000000001,0.14999999999992042,6.355631774902282,20.0,0.8
5.359,0.48523712158203125,0.48523712158203125,0.15824127197265625,0.80385,0.1500000000000341,6.365664550781276,20.0,0.8
5.36,0.48561859130859375,0.48561859130859375,0.1846160888671875,0.804,0.14999999999992042,6.339935302734312,20.0,0.8
5.361,0.48561859130859375,0.48561859130859375,0.21098899841308594,0.8041499999999999,0.15000000000009095,6.321836975097727,20.0,0.8
5.362,0.48600006103515625,0.48600006103515625,0.21977996826171875,0.8043,0.14999999999997726,6.310174804687482,20.0,0.8
5.363,0.48600006103515625,0.48600006103515625,0.21977996826171875,0.80445,0.14999999999992042,6.313174804687437,20.0,0.8
5.364,0.48638153076171875,0.48638153076171875,0.21977996826171875,0.8046,0.15000000000009095,6.308545410156323,20.0,0.8
5.365,0.48676300048828125,0.48676300048828125,0.20219802856445312,0.80475,0.14999999999997726,6.317981567382793,20.0,0.8
5.3660000000000005,0.48676300048828125,0.48676300048828125,0.21098899841308594,0.8049000000000001,0.14999999999992042,6.313948791503844,20.0,0.8
5.367,0.48714447021484375,0.48714447021484375,0.20219802856445312,0.8050499999999999,0.1500000000000341,6.316352172851589,20.0,0.8
5.368,0.48714447021484375,0.48714447021484375,0.14065933227539062,0.8052,0.14999999999997726,6.368583129882795,20.0,0.8
5.369,0.48714447021484375,0.48714447021484375,0.16703224182128906,0.8053499999999999,0.15000000000009095,6.350484802246164,20.0,0.8
5.37,0.48752593994140625,0.48752593994140625,0.16703224182128906,0.8055,0.1500000000000341,6.34585540771487,20.0,0.8
5.371,0.48752593994140625,0.48752593994140625,0.1758251190185547,0.8056500000000001,0.14999999999997726,6.341821105957014,20.0,0.8
5.372,0.48790740966796875,0.48790740966796875,0.1758251190185547,0.8058,0.15000000000009095,6.337191711425854,20.0,0.8
5.373,0.48790740966796875,0.48790740966796875,0.16703224182128906,0.80595,0.1500000000000341,6.347226013183622,20.0,0.8
5.3740000000000006,0.48828887939453125,0.48828887939453125,0.14945030212402344,0.8061,0.14999999999997726,6.3566621704101385,20.0,0.8
5.375,0.48828887939453125,0.48828887939453125,0.15824127197265625,0.80625,0.1500000000000341,6.352629394531277,20.0,0.8
5.376,0.48828887939453125,0.48828887939453125,0.15824127197265625,0.8064,0.14999999999997726,6.355629394531232,20.0,0.8
5.377,0.48867034912109375,0.48867034912109375,0.16703224182128906,0.80655,0.1500000000000341,6.343967224121121,20.0,0.8
5.378,0.48867034912109375,0.48867034912109375,0.1758251190185547,0.8067,0.1500000000000341,6.339932922363308,20.0,0.8
5.3790000000000004,0.48905181884765625,0.48905181884765625,0.16703224182128906,0.8068500000000001,0.14999999999997726,6.342337829589827,20.0,0.8
5.38,0.48905181884765625,0.48905181884765625,0.16703224182128906,0.8069999999999999,0.1500000000000341,6.3453378295898695,20.0,0.8
5.381,0.48943328857421875,0.48943328857421875,0.14065933227539062,0.80715,0.14999999999992042,6.36180676269525,20.0,0.8
5.382,0.48943328857421875,0.48943328857421875,0.11428642272949219,0.8072999999999999,0.1500000000000341,6.385905090332057,20.0,0.8
5.383,0.48943328857421875,0.48943328857421875,0.14065933227539062,0.80745,0.14999999999997726,6.367806762695294,20.0,0.8
5.384,0.48981475830078125,0.48981475830078125,0.1318683624267578,0.8076,0.14999999999997726,6.37021014404295,20.0,0.8
5.385,0.48981475830078125,0.48981475830078125,0.14065933227539062,0.80775,0.1500000000000341,6.366177368164089,20.0,0.8
5.386,0.48981475830078125,0.48981475830078125,0.14945030212402344,0.8079,0.1500000000000341,6.362144592285183,20.0,0.8
5.3870000000000005,0.49019622802734375,0.49019622802734375,0.14945030212402344,0.80805,0.14999999999997726,6.357515197753889,20.0,0.8
5.388,0.49019622802734375,0.49019622802734375,0.1318683624267578,0.8081999999999999,0.1500000000000341,6.374580749511744,20.0,0.8
5.389,0.49019622802734375,0.49019622802734375,0.14065933227539062,0.80835,0.14999999999997726,6.370547973632794,20.0,0.8
5.39,0.49057769775390625,0.49057769775390625,0.1318683624267578,0.8084999999999999,0.1500000000000341,6.372951354980494,20.0,0.8
5.391,0.49057769775390625,0.49057769775390625,0.1318683624267578,0.80865,0.15000000000009095,6.3759513549805416,20.0,0.8
5.392,0.49057769775390625,0.49057769775390625,0.123077392578125,0.8088000000000001,0.14999999999997726,6.385984130859359,20.0,0.8
5.393,0.49095916748046875,0.49095916748046875,0.123077392578125,0.80895,0.1500000000000341,6.38135473632815,20.0,0.8
5.394,0.49095916748046875,0.49095916748046875,0.14065933227539062,0.8091,0.14999999999997726,6.370289184570295,20.0,0.8
5.3950000000000005,0.49134063720703125,0.49134063720703125,0.15824127197265625,0.80925,0.14999999999997726,6.3515942382812325,20.0,0.8
5.396,0.49134063720703125,0.49134063720703125,0.15824127197265625,0.8094,0.15000000000009095,6.354594238281323,20.0,0.8
5.397,0.49172210693359375,0.49172210693359375,0.1758251190185547,0.80955,0.14999999999992042,6.335897766113217,20.0,0.8
5.398,0.49172210693359375,0.49172210693359375,0.16703224182128906,0.8097,0.15000000000009095,6.345932067871166,20.0,0.8
5.399,0.49172210693359375,0.49172210693359375,0.1758251190185547,0.80985,0.14999999999997726,6.341897766113262,20.0,0.8
5.4,0.49210357666015625,0.49210357666015625,0.1846160888671875,0.81,0.14999999999992042,6.330235595703062,20.0,0.8
5.401,0.49210357666015625,0.49210357666015625,0.1758251190185547,0.8101499999999999,0.15000000000009095,6.340268371582103,20.0,0.8
5.402,0.49248504638671875,0.49248504638671875,0.1934070587158203,0.8103,0.14999999999997726,6.321573425292951,20.0,0.8
5.4030000000000005,0.49248504638671875,0.49248504638671875,0.20219802856445312,0.81045,0.14999999999997726,6.317540649414044,20.0,0.8
5.404,0.49286651611328125,0.49286651611328125,0.20219802856445312,0.8106,0.15000000000009095,6.312911254882885,20.0,0.8
5.405,0.49286651611328125,0.49286651611328125,0.20219802856445312,0.81075,0.14999999999992042,6.3159112548827485,20.0,0.8
5.406,0.49324798583984375,0.49324798583984375,0.21977996826171875,0.8109,0.1500000000000341,6.297216308593776,20.0,0.8
5.407,0.49324798583984375,0.49324798583984375,0.1846160888671875,0.8110499999999999,0.14999999999997726,6.3283474121093555,20.0,0.8
5.408,0.49362945556640625,0.49362945556640625,0.1934070587158203,0.8112,0.14999999999992042,6.3166852416991555,20.0,0.8
5.409,0.49401092529296875,0.49401092529296875,0.21977996826171875,0.8113499999999999,0.1500000000000341,6.2909575195312755,20.0,0.8
5.41,0.49401092529296875,0.49401092529296875,0.24615478515625,0.8115,0.1500000000000341,6.2728576660156525,20.0,0.8
5.4110000000000005,0.49439239501953125,0.49439239501953125,0.24615478515625,0.8116500000000001,0.14999999999997726,6.268228271484359,20.0,0.8
5.412,0.49477386474609375,0.49477386474609375,0.28131866455078125,0.8118,0.1500000000000341,6.235467773437526,20.0,0.8
5.413,0.49477386474609375,0.49477386474609375,0.23736190795898438,0.8119500000000001,0.14999999999992042,6.273633178710875,20.0,0.8
5.414,0.49515533447265625,0.49515533447265625,0.22857093811035156,0.8120999999999999,0.1500000000000341,6.27603656005862,20.0,0.8
5.415,0.49515533447265625,0.49515533447265625,0.21098899841308594,0.81225,0.14999999999997726,6.293102111816389,20.0,0.8
5.416,0.49553680419921875,0.49553680419921875,0.1846160888671875,0.8124,0.14999999999992042,6.309571044921811,20.0,0.8
5.417,0.49553680419921875,0.49553680419921875,0.1846160888671875,0.81255,0.1500000000000341,6.312571044921902,20.0,0.8
5.418,0.49591827392578125,0.49591827392578125,0.1846160888671875,0.8127,0.14999999999997726,6.307941650390607,20.0,0.8
5.4190000000000005,0.49591827392578125,0.49591827392578125,0.1846160888671875,0.8128500000000001,0.14999999999992042,6.310941650390562,20.0,0.8
5.42,0.49629974365234375,0.49629974365234375,0.1758251190185547,0.813,0.1500000000000341,6.313345031738307,20.0,0.8
5.421,0.49629974365234375,0.49629974365234375,0.15824127197265625,0.81315,0.14999999999997726,6.330412109374983,20.0,0.8
5.422,0.49629974365234375,0.49629974365234375,0.1318683624267578,0.8132999999999999,0.1500000000000341,6.3545104370117445,20.0,0.8
5.423,0.49668121337890625,0.49668121337890625,0.16703224182128906,0.81345,0.14999999999997726,6.3217499389648255,20.0,0.8
5.424,0.49668121337890625,0.49668121337890625,0.14945030212402344,0.8136,0.14999999999992042,6.338815490722593,20.0,0.8
5.425,0.49706268310546875,0.49706268310546875,0.1318683624267578,0.81375,0.1500000000000341,6.348251647949246,20.0,0.8
5.426,0.49706268310546875,0.49706268310546875,0.1758251190185547,0.8139,0.14999999999997726,6.316086242675762,20.0,0.8
5.4270000000000005,0.49744415283203125,0.49744415283203125,0.14945030212402344,0.81405,0.14999999999992042,6.332556701660093,20.0,0.8
5.428,0.49744415283203125,0.49744415283203125,0.15824127197265625,0.8141999999999999,0.1500000000000341,6.328523925781276,20.0,0.8
5.429,0.49744415283203125,0.49744415283203125,0.14065933227539062,0.81435,0.14999999999997726,6.345589477539045,20.0,0.8
5.43,0.49782562255859375,0.49782562255859375,0.1318683624267578,0.8144999999999999,0.1500000000000341,6.347992858886744,20.0,0.8
5.431,0.49782562255859375,0.49782562255859375,0.11428642272949219,0.81465,0.1500000000000341,6.365058410644558,20.0,0.8
5.432,0.49782562255859375,0.49782562255859375,0.1318683624267578,0.8148000000000001,0.14999999999997726,6.353992858886702,20.0,0.8
5.433,0.49820709228515625,0.49820709228515625,0.14945030212402344,0.81495,0.1500000000000341,6.335297912597683,20.0,0.8
5.434,0.49820709228515625,0.49820709228515625,0.15824127197265625,0.8151,0.14999999999997726,6.331265136718733,20.0,0.8
5.4350000000000005,0.49858856201171875,0.49858856201171875,0.14945030212402344,0.81525,0.14999999999997726,6.333668518066388,20.0,0.8
5.436,0.49858856201171875,0.49858856201171875,0.15824127197265625,0.8154,0.15000000000009095,6.329635742187572,20.0,0.8
5.437,0.49858856201171875,0.49858856201171875,0.14065933227539062,0.81555,0.14999999999992042,6.346701293945249,20.0,0.8
5.438,0.49897003173828125,0.49897003173828125,0.14065933227539062,0.8157,0.1500000000000341,6.34207189941409,20.0,0.8
5.439,0.49897003173828125,0.49897003173828125,0.14945030212402344,0.81585,0.14999999999997726,6.338039123535137,20.0,0.8
5.44,0.49935150146484375,0.49935150146484375,0.15824127197265625,0.8160000000000001,0.14999999999992042,6.326376953124938,20.0,0.8
5.441,0.49935150146484375,0.49935150146484375,0.16703224182128906,0.8161499999999999,0.1500000000000341,6.322344177246119,20.0,0.8
5.442,0.49935150146484375,0.49935150146484375,0.16703224182128906,0.8163,0.14999999999997726,6.325344177246076,20.0,0.8
5.4430000000000005,0.49973297119140625,0.49973297119140625,0.1758251190185547,0.81645,0.14999999999992042,6.313680480956968,20.0,0.8
5.444,0.49973297119140625,0.49973297119140625,0.1846160888671875,0.8166,0.1500000000000341,6.309647705078152,20.0,0.8
5.445,0.5001144409179688,0.5001144409179688,0.1846160888671875,0.81675,0.14999999999992042,6.30501831054681,20.0,0.8
5.446,0.5001144409179688,0.5001144409179688,0.1934070587158203,0.8169,0.1500000000000341,6.300985534667995,20.0,0.8
5.447,0.5004959106445312,0.5004959106445312,0.1846160888671875,0.8170499999999999,0.14999999999997726,6.3033889160156065,20.0,0.8
5.448,0.5004959106445312,0.5004959106445312,0.1846160888671875,0.8172,0.14999999999992042,6.306388916015562,20.0,0.8
5.449,0.5008773803710938,0.5008773803710938,0.1846160888671875,0.8173499999999999,0.1500000000000341,6.3017595214844,20.0,0.8
5.45,0.5008773803710938,0.5008773803710938,0.21098899841308594,0.8175,0.15000000000009095,6.2836611938477285,20.0,0.8
5.4510000000000005,0.5012588500976562,0.5012588500976562,0.1934070587158203,0.8176500000000001,0.14999999999992042,6.293097351074157,20.0,0.8
5.452,0.5012588500976562,0.5012588500976562,0.21977996826171875,0.8178,0.1500000000000341,6.274999023437527,20.0,0.8
5.453,0.5016403198242188,0.5016403198242188,0.1934070587158203,0.8179500000000001,0.14999999999997726,6.291467956542952,20.0,0.8
5.454,0.5016403198242188,0.5016403198242188,0.16703224182128906,0.8180999999999999,0.1500000000000341,6.315567810058619,20.0,0.8
5.455,0.5020217895507812,0.5020217895507812,0.14945030212402344,0.81825,0.1500000000000341,6.325003967285184,20.0,0.8
5.456,0.5020217895507812,0.5020217895507812,0.15824127197265625,0.8184,0.14999999999992042,6.320971191406187,20.0,0.8
5.457,0.5024032592773438,0.5024032592773438,0.20219802856445312,0.81855,0.1500000000000341,6.281176391601591,20.0,0.8
5.458,0.5024032592773438,0.5024032592773438,0.20219802856445312,0.8187,0.1500000000000341,6.28417639160159,20.0,0.8
5.4590000000000005,0.5027847290039062,0.5027847290039062,0.23736190795898438,0.8188500000000001,0.14999999999992042,6.251415893554626,20.0,0.8
5.46,0.5027847290039062,0.5027847290039062,0.22857093811035156,0.819,0.1500000000000341,6.26144866943362,20.0,0.8
5.461,0.5031661987304688,0.5031661987304688,0.23736190795898438,0.81915,0.14999999999997726,6.24978649902342,20.0,0.8
5.462,0.5031661987304688,0.5031661987304688,0.20219802856445312,0.8192999999999999,0.1500000000000341,6.2809176025390885,20.0,0.8
5.463,0.5035476684570312,0.5035476684570312,0.20219802856445312,0.81945,0.1500000000000341,6.27628820800784,20.0,0.8
5.464,0.5035476684570312,0.5035476684570312,0.1758251190185547,0.8196,0.14999999999997726,6.300386535644512,20.0,0.8
5.465,0.5039291381835938,0.5039291381835938,0.1758251190185547,0.81975,0.1500000000000341,6.295757141113308,20.0,0.8
5.466,0.5039291381835938,0.5039291381835938,0.20219802856445312,0.8199,0.14999999999997726,6.277658813476544,20.0,0.8
5.4670000000000005,0.5043106079101562,0.5043106079101562,0.1758251190185547,0.8200500000000001,0.14999999999997726,6.2941277465820145,20.0,0.8
5.468,0.5043106079101562,0.5043106079101562,0.1846160888671875,0.8201999999999999,0.1500000000000341,6.290094970703151,20.0,0.8
5.469,0.5046920776367188,0.5046920776367188,0.16703224182128906,0.82035,0.14999999999997726,6.299532653808575,20.0,0.8
5.47,0.5046920776367188,0.5046920776367188,0.16703224182128906,0.8204999999999999,0.14999999999997726,6.302532653808574,20.0,0.8
5.471,0.5050735473632812,0.5050735473632812,0.16703224182128906,0.82065,0.1500000000000341,6.297903259277371,20.0,0.8
5.472,0.5050735473632812,0.5050735473632812,0.15824127197265625,0.8208000000000001,0.14999999999997726,6.307936035156234,20.0,0.8
5.473,0.5050735473632812,0.5050735473632812,0.14945030212402344,0.82095,0.14999999999997726,6.317968811035136,20.0,0.8
5.474,0.5054550170898438,0.5054550170898438,0.16703224182128906,0.8211,0.14999999999997726,6.299273864746076,20.0,0.8
5.4750000000000005,0.5054550170898438,0.5054550170898438,0.16703224182128906,0.82125,0.14999999999997726,6.302273864746076,20.0,0.8
5.476,0.5058364868164062,0.5058364868164062,0.16703224182128906,0.8214,0.1500000000000341,6.2976444702148715,20.0,0.8
5.477,0.5058364868164062,0.5058364868164062,0.123077392578125,0.82155,0.14999999999992042,6.335808349609311,20.0,0.8
5.478,0.5058364868164062,0.5058364868164062,0.11428642272949219,0.8217,0.15000000000009095,6.345841125488353,20.0,0.8
5.479,0.5062179565429688,0.5062179565429688,0.10549545288085938,0.82185,0.14999999999997726,6.348244506835918,20.0,0.8
5.48,0.5062179565429688,0.5062179565429688,0.1318683624267578,0.8220000000000001,0.14999999999992042,6.330146179199156,20.0,0.8
5.481,0.5062179565429688,0.5062179565429688,0.123077392578125,0.8221499999999999,0.1500000000000341,6.340178955078151,20.0,0.8
5.482,0.5065994262695312,0.5065994262695312,0.123077392578125,0.8223,0.14999999999997726,6.335549560546857,20.0,0.8
5.4830000000000005,0.5065994262695312,0.5065994262695312,0.123077392578125,0.82245,0.14999999999992042,6.338549560546811,20.0,0.8
5.484,0.5065994262695312,0.5065994262695312,0.1318683624267578,0.8226,0.1500000000000341,6.334516784667996,20.0,0.8
5.485,0.5069808959960938,0.5069808959960938,0.11428642272949219,0.82275,0.14999999999997726,6.343952941894513,20.0,0.8
5.486,0.5069808959960938,0.5069808959960938,0.1318683624267578,0.8229,0.15000000000009095,6.332887390136791,20.0,0.8
5.487,0.5069808959960938,0.5069808959960938,0.11428642272949219,0.82305,0.14999999999997726,6.349952941894512,20.0,0.8
5.488,0.5073623657226562,0.5073623657226562,0.123077392578125,0.8232,0.14999999999992042,6.338290771484312,20.0,0.8
5.489,0.5073623657226562,0.5073623657226562,0.11428642272949219,0.8233499999999999,0.15000000000009095,6.348323547363353,20.0,0.8
5.49,0.5073623657226562,0.5073623657226562,0.123077392578125,0.8235,0.1500000000000341,6.344290771484403,20.0,0.8
5.4910000000000005,0.5073623657226562,0.5073623657226562,0.11428642272949219,0.8236500000000001,0.14999999999992042,6.3543235473632205,20.0,0.8
5.492,0.5077438354492188,0.5077438354492188,0.123077392578125,0.8238,0.1500000000000341,6.342661376953151,20.0,0.8
5.493,0.5077438354492188,0.5077438354492188,0.14065933227539062,0.8239500000000001,0.14999999999997726,6.331595825195295,20.0,0.8
5.494,0.5081253051757812,0.5081253051757812,0.14945030212402344,0.8240999999999999,0.15000000000009095,6.3199336547852285,20.0,0.8
5.495,0.5081253051757812,0.5081253051757812,0.15824127197265625,0.82425,0.14999999999997726,6.315900878906233,20.0,0.8
5.496,0.5081253051757812,0.5081253051757812,0.15824127197265625,0.8244,0.14999999999997726,6.318900878906232,20.0,0.8
5.497,0.5085067749023438,0.5085067749023438,0.15824127197265625,0.82455,0.15000000000009095,6.314271484375072,20.0,0.8
5.498,0.5085067749023438,0.5085067749023438,0.15824127197265625,0.8247,0.14999999999997726,6.317271484374982,20.0,0.8
5.4990000000000006,0.5088882446289062,0.5088882446289062,0.1758251190185547,0.8248500000000001,0.14999999999997726,6.2985750122070145,20.0,0.8
5.5,0.5088882446289062,0.5088882446289062,0.16703224182128906,0.825,0.1500000000000341,6.30860931396487,20.0,0.8
5.501,0.5092697143554688,0.5092697143554688,0.16703224182128906,0.82515,0.14999999999997726,6.303979919433576,20.0,0.8
5.502,0.5092697143554688,0.5092697143554688,0.16703224182128906,0.8252999999999999,0.1500000000000341,6.306979919433619,20.0,0.8
5.503,0.5096511840820312,0.5096511840820312,0.1846160888671875,0.82545,0.14999999999997726,6.2882834472656075,20.0,0.8
5.5040000000000004,0.5096511840820312,0.5096511840820312,0.15824127197265625,0.8256,0.14999999999997726,6.312383300781232,20.0,0.8
5.505,0.5096511840820312,0.5096511840820312,0.1758251190185547,0.82575,0.1500000000000341,6.301316223144558,20.0,0.8
5.506,0.5100326538085938,0.5100326538085938,0.14945030212402344,0.8259,0.14999999999997726,6.317786682128887,20.0,0.8
5.507,0.5100326538085938,0.5100326538085938,0.1318683624267578,0.82605,0.1500000000000341,6.334852233886745,20.0,0.8
5.508,0.5100326538085938,0.5100326538085938,0.123077392578125,0.8261999999999999,0.14999999999997726,6.344885009765606,20.0,0.8
5.509,0.5104141235351562,0.5104141235351562,0.15824127197265625,0.82635,0.14999999999997726,6.312124511718733,20.0,0.8
5.51,0.5104141235351562,0.5104141235351562,0.15824127197265625,0.8264999999999999,0.1500000000000341,6.315124511718775,20.0,0.8
5.511,0.5107955932617188,0.5107955932617188,0.1846160888671875,0.82665,0.1500000000000341,6.289395263671902,20.0,0.8
5.5120000000000005,0.5107955932617188,0.5107955932617188,0.1846160888671875,0.8268000000000001,0.14999999999997726,6.2923952636718585,20.0,0.8
5.513,0.5111770629882812,0.5111770629882812,0.1758251190185547,0.82695,0.1500000000000341,6.294798645019558,20.0,0.8
5.514,0.5111770629882812,0.5111770629882812,0.1934070587158203,0.8271000000000001,0.14999999999997726,6.283733093261702,20.0,0.8
5.515,0.5115585327148438,0.5115585327148438,0.1758251190185547,0.8272499999999999,0.15000000000009095,6.2931692504883525,20.0,0.8
5.516,0.5115585327148438,0.5115585327148438,0.16703224182128906,0.8274,0.14999999999997726,6.303203552246075,20.0,0.8
5.517,0.5115585327148438,0.5115585327148438,0.1318683624267578,0.82755,0.14999999999997726,6.334334655761701,20.0,0.8
5.518,0.5119400024414062,0.5119400024414062,0.14065933227539062,0.8277,0.15000000000009095,6.322672485351635,20.0,0.8
5.519,0.5119400024414062,0.5119400024414062,0.1318683624267578,0.82785,0.14999999999997726,6.33270526123045,20.0,0.8
5.5200000000000005,0.5119400024414062,0.5119400024414062,0.11428642272949219,0.8280000000000001,0.14999999999992042,6.349770812988219,20.0,0.8
5.521,0.5123214721679688,0.5123214721679688,0.10549545288085938,0.8281499999999999,0.15000000000009095,6.352174194336009,20.0,0.8
5.522,0.5123214721679688,0.5123214721679688,0.14945030212402344,0.8283,0.14999999999992042,6.320010314941343,20.0,0.8
5.523,0.5127029418945312,0.5127029418945312,0.123077392578125,0.8284499999999999,0.15000000000009095,6.336479248046946,20.0,0.8
5.524,0.5127029418945312,0.5127029418945312,0.123077392578125,0.8286,0.14999999999997726,6.339479248046857,20.0,0.8
5.525,0.5127029418945312,0.5127029418945312,0.11428642272949219,0.82875,0.14999999999997726,6.3495120239257625,20.0,0.8
5.526,0.5127029418945312,0.5127029418945312,0.1318683624267578,0.8289,0.15000000000009095,6.338446472168041,20.0,0.8
5.527,0.5130844116210938,0.5130844116210938,0.123077392578125,0.82905,0.1500000000000341,6.3408498535156514,20.0,0.8
5.5280000000000005,0.5130844116210938,0.5130844116210938,0.123077392578125,0.8292,0.14999999999997726,6.343849853515608,20.0,0.8
5.529,0.5130844116210938,0.5130844116210938,0.10549545288085938,0.8293499999999999,0.15000000000009095,6.360915405273508,20.0,0.8
5.53,0.5134658813476562,0.5134658813476562,0.15824127197265625,0.8295,0.14999999999992042,6.3140893554686865,20.0,0.8
5.531,0.5134658813476562,0.5134658813476562,0.1318683624267578,0.8296499999999999,0.1500000000000341,6.338187683105494,20.0,0.8
5.532,0.5138473510742188,0.5138473510742188,0.14065933227539062,0.8298,0.1500000000000341,6.32652551269534,20.0,0.8
5.533,0.5138473510742188,0.5138473510742188,0.15824127197265625,0.8299500000000001,0.14999999999992042,6.315459960937439,20.0,0.8
5.534,0.5138473510742188,0.5138473510742188,0.1318683624267578,0.8301,0.1500000000000341,6.339558288574245,20.0,0.8
5.535,0.5142288208007812,0.5142288208007812,0.1318683624267578,0.83025,0.1500000000000341,6.334928894042997,20.0,0.8
5.5360000000000005,0.5142288208007812,0.5142288208007812,0.11428642272949219,0.8304,0.14999999999997726,6.351994445800764,20.0,0.8
5.537,0.5142288208007812,0.5142288208007812,0.09670257568359375,0.83055,0.1500000000000341,6.369061523437528,20.0,0.8
5.538,0.5142288208007812,0.5142288208007812,0.09670257568359375,0.8307,0.14999999999992042,6.372061523437436,20.0,0.8
5.539,0.5146102905273438,0.5146102905273438,0.09670257568359375,0.83085,0.1500000000000341,6.367432128906277,20.0,0.8
5.54,0.5146102905273438,0.5146102905273438,0.09670257568359375,0.831,0.1500000000000341,6.370432128906277,20.0,0.8
5.541,0.5146102905273438,0.5146102905273438,0.09670257568359375,0.83115,0.14999999999992042,6.373432128906187,20.0,0.8
5.542,0.5149917602539062,0.5149917602539062,0.09670257568359375,0.8312999999999999,0.1500000000000341,6.368802734375026,20.0,0.8
5.543,0.5149917602539062,0.5149917602539062,0.08791160583496094,0.83145,0.14999999999997726,6.3788355102538885,20.0,0.8
5.5440000000000005,0.5149917602539062,0.5149917602539062,0.09670257568359375,0.8316,0.14999999999997726,6.374802734374981,20.0,0.8
5.545,0.5149917602539062,0.5149917602539062,0.09670257568359375,0.83175,0.1500000000000341,6.377802734375027,20.0,0.8
5.546,0.5153732299804688,0.5153732299804688,0.08791160583496094,0.8319,0.14999999999997726,6.380206115722638,20.0,0.8
5.547,0.5153732299804688,0.5153732299804688,0.09670257568359375,0.83205,0.1500000000000341,6.376173339843777,20.0,0.8
5.548,0.5153732299804688,0.5153732299804688,0.09670257568359375,0.8321999999999999,0.14999999999997726,6.37917333984373,20.0,0.8
5.549,0.5153732299804688,0.5153732299804688,0.07912063598632812,0.83235,0.14999999999997726,6.396238891601545,20.0,0.8
5.55,0.5153732299804688,0.5153732299804688,0.08791160583496094,0.8324999999999999,0.1500000000000341,6.392206115722682,20.0,0.8
5.551,0.5157546997070312,0.5157546997070312,0.08791160583496094,0.83265,0.1500000000000341,6.387576721191434,20.0,0.8
5.5520000000000005,0.5157546997070312,0.5157546997070312,0.09670257568359375,0.8328000000000001,0.14999999999992042,6.3835439453124385,20.0,0.8
5.553,0.5157546997070312,0.5157546997070312,0.10549545288085938,0.83295,0.1500000000000341,6.379509643554714,20.0,0.8
5.554,0.5157546997070312,0.5157546997070312,0.10549545288085938,0.8331000000000001,0.14999999999997726,6.38250964355467,20.0,0.8
5.555,0.5161361694335938,0.5161361694335938,0.1318683624267578,0.8332499999999999,0.15000000000009095,6.356781921386791,20.0,0.8
5.556,0.5161361694335938,0.5161361694335938,0.123077392578125,0.8334,0.14999999999997726,6.366814697265608,20.0,0.8
5.557,0.5161361694335938,0.5161361694335938,0.1318683624267578,0.83355,0.14999999999992042,6.362781921386655,20.0,0.8
5.558,0.5165176391601562,0.5165176391601562,0.14945030212402344,0.8337,0.15000000000009095,6.344086975097729,20.0,0.8
5.559,0.5165176391601562,0.5165176391601562,0.14065933227539062,0.83385,0.14999999999997726,6.354119750976544,20.0,0.8
5.5600000000000005,0.5168991088867188,0.5168991088867188,0.1318683624267578,0.8340000000000001,0.14999999999992042,6.356523132324156,20.0,0.8
5.561,0.5168991088867188,0.5168991088867188,0.14065933227539062,0.83415,0.15000000000009095,6.352490356445384,20.0,0.8
5.562,0.5168991088867188,0.5168991088867188,0.14945030212402344,0.8343,0.14999999999992042,6.348457580566343,20.0,0.8
5.563,0.5172805786132812,0.5172805786132812,0.123077392578125,0.8344499999999999,0.1500000000000341,6.3649265136719,20.0,0.8
5.564,0.5172805786132812,0.5172805786132812,0.14945030212402344,0.8346,0.14999999999997726,6.346828186035138,20.0,0.8
5.565,0.5172805786132812,0.5172805786132812,0.11428642272949219,0.83475,0.14999999999992042,6.377959289550718,20.0,0.8
5.566,0.5176620483398438,0.5176620483398438,0.1318683624267578,0.8349,0.1500000000000341,6.359264343261746,20.0,0.8
5.567,0.5176620483398438,0.5176620483398438,0.1318683624267578,0.83505,0.14999999999997726,6.3622643432617,20.0,0.8
5.5680000000000005,0.5176620483398438,0.5176620483398438,0.1318683624267578,0.8352,0.14999999999992042,6.365264343261655,20.0,0.8
5.569,0.5180435180664062,0.5180435180664062,0.1318683624267578,0.8353499999999999,0.1500000000000341,6.360634948730495,20.0,0.8
5.57,0.5180435180664062,0.5180435180664062,0.123077392578125,0.8355,0.14999999999992042,6.370667724609312,20.0,0.8
5.571,0.5180435180664062,0.5180435180664062,0.123077392578125,0.8356499999999999,0.1500000000000341,6.373667724609399,20.0,0.8
5.572,0.5184249877929688,0.5184249877929688,0.09670257568359375,0.8358,0.1500000000000341,6.390138183593777,20.0,0.8
5.573,0.5184249877929688,0.5184249877929688,0.09670257568359375,0.8359500000000001,0.14999999999992042,6.393138183593687,20.0,0.8
5.574,0.5184249877929688,0.5184249877929688,0.07912063598632812,0.8361,0.1500000000000341,6.4102037353515895,20.0,0.8
5.575,0.5184249877929688,0.5184249877929688,0.09670257568359375,0.83625,0.14999999999997726,6.399138183593733,20.0,0.8
5.5760000000000005,0.5188064575195312,0.5188064575195312,0.10549545288085938,0.8364,0.14999999999992042,6.387474487304624,20.0,0.8
5.577,0.5188064575195312,0.5188064575195312,0.123077392578125,0.83655,0.1500000000000341,6.376408935546902,20.0,0.8
5.578,0.5188064575195312,0.5188064575195312,0.1318683624267578,0.8367,0.14999999999997726,6.372376159667951,20.0,0.8
5.579,0.5191879272460938,0.5191879272460938,0.15824127197265625,0.83685,0.1500000000000341,6.346648437500027,20.0,0.8
5.58,0.5191879272460938,0.5191879272460938,0.14945030212402344,0.837,0.14999999999997726,6.356681213378887,20.0,0.8
5.581,0.5195693969726562,0.5195693969726562,0.16703224182128906,0.8371500000000001,0.14999999999997726,6.337986267089827,20.0,0.8
5.582,0.5195693969726562,0.5195693969726562,0.1758251190185547,0.8372999999999999,0.1500000000000341,6.333951965332057,20.0,0.8
5.583,0.5195693969726562,0.5195693969726562,0.15824127197265625,0.83745,0.14999999999997726,6.3510190429687325,20.0,0.8
5.5840000000000005,0.5199508666992188,0.5199508666992188,0.1318683624267578,0.8376,0.14999999999992042,6.367487976074155,20.0,0.8
5.585,0.5199508666992188,0.5199508666992188,0.14065933227539062,0.83775,0.1500000000000341,6.3634552001953395,20.0,0.8
5.586,0.5199508666992188,0.5199508666992188,0.11428642272949219,0.8379,0.14999999999997726,6.387553527832012,20.0,0.8
5.587,0.5203323364257812,0.5203323364257812,0.09670257568359375,0.83805,0.1500000000000341,6.396991210937527,20.0,0.8
5.588,0.5203323364257812,0.5203323364257812,0.08791160583496094,0.8382,0.14999999999997726,6.407023986816387,20.0,0.8
5.589,0.5203323364257812,0.5203323364257812,0.08791160583496094,0.83835,0.14999999999997726,6.410023986816389,20.0,0.8
5.59,0.5203323364257812,0.5203323364257812,0.08791160583496094,0.8384999999999999,0.1500000000000341,6.413023986816431,20.0,0.8
5.591,0.5207138061523438,0.5207138061523438,0.07912063598632812,0.83865,0.1500000000000341,6.41542736816409,20.0,0.8
5.5920000000000005,0.5207138061523438,0.5207138061523438,0.0615386962890625,0.8388000000000001,0.14999999999997726,6.432492919921859,20.0,0.8
5.593,0.5207138061523438,0.5207138061523438,0.08791160583496094,0.83895,0.1500000000000341,6.414394592285183,20.0,0.8
5.594,0.5207138061523438,0.5207138061523438,0.07032966613769531,0.8391000000000001,0.14999999999997726,6.431460144042952,20.0,0.8
5.595,0.5207138061523438,0.5207138061523438,0.07032966613769531,0.8392499999999999,0.14999999999997726,6.434460144042949,20.0,0.8
5.596,0.5210952758789062,0.5210952758789062,0.07912063598632812,0.8394,0.14999999999997726,6.422797973632795,20.0,0.8
5.597,0.5210952758789062,0.5210952758789062,0.07912063598632812,0.83955,0.14999999999997726,6.425797973632795,20.0,0.8
5.598,0.5210952758789062,0.5210952758789062,0.07912063598632812,0.8397,0.1500000000000341,6.4287979736328404,20.0,0.8
5.599,0.5210952758789062,0.5210952758789062,0.07912063598632812,0.83985,0.1500000000000341,6.43179797363284,20.0,0.8
5.6000000000000005,0.5210952758789062,0.5210952758789062,0.07912063598632812,0.8400000000000001,0.14999999999992042,6.43479797363275,20.0,0.8
5.601,0.5214767456054688,0.5214767456054688,0.0615386962890625,0.84015,0.1500000000000341,6.444234130859401,20.0,0.8
5.602,0.5214767456054688,0.5214767456054688,0.07032966613769531,0.8403,0.14999999999992042,6.440201354980406,20.0,0.8
5.603,0.5214767456054688,0.5214767456054688,0.05274772644042969,0.8404499999999999,0.15000000000009095,6.457266906738353,20.0,0.8
5.604,0.5214767456054688,0.5214767456054688,0.07032966613769531,0.8406,0.1500000000000341,6.446201354980496,20.0,0.8
5.605,0.5214767456054688,0.5214767456054688,0.05274772644042969,0.84075,0.14999999999992042,6.463266906738217,20.0,0.8
5.606,0.5214767456054688,0.5214767456054688,0.05274772644042969,0.8409,0.1500000000000341,6.4662669067383085,20.0,0.8
5.607,0.5218582153320312,0.5218582153320312,0.0615386962890625,0.84105,0.1500000000000341,6.454604736328152,20.0,0.8
5.6080000000000005,0.5218582153320312,0.5218582153320312,0.0615386962890625,0.8412000000000001,0.14999999999992042,6.457604736328063,20.0,0.8
5.609,0.5218582153320312,0.5218582153320312,0.0615386962890625,0.8413499999999999,0.1500000000000341,6.4606047363281505,20.0,0.8
5.61,0.5218582153320312,0.5218582153320312,0.0615386962890625,0.8415,0.14999999999997726,6.463604736328107,20.0,0.8
5.611,0.5218582153320312,0.5218582153320312,0.07032966613769531,0.8416499999999999,0.15000000000009095,6.45957196044929,20.0,0.8
5.612,0.5218582153320312,0.5218582153320312,0.07912063598632812,0.8418,0.15000000000009095,6.455539184570386,20.0,0.8
5.613,0.5222396850585938,0.5222396850585938,0.0615386962890625,0.8419500000000001,0.14999999999997726,6.464975341796859,20.0,0.8
5.614,0.5222396850585938,0.5222396850585938,0.10549545288085938,0.8421,0.1500000000000341,6.432809936523464,20.0,0.8
5.615,0.5222396850585938,0.5222396850585938,0.07912063598632812,0.84225,0.14999999999997726,6.456909790039045,20.0,0.8
5.6160000000000005,0.5222396850585938,0.5222396850585938,0.07912063598632812,0.8424,0.14999999999992042,6.459909790038999,20.0,0.8
5.617,0.5222396850585938,0.5222396850585938,0.08791160583496094,0.84255,0.1500000000000341,6.455877014160184,20.0,0.8
5.618,0.5226211547851562,0.5226211547851562,0.07032966613769531,0.8427,0.14999999999997726,6.4653131713867005,20.0,0.8
5.619,0.5226211547851562,0.5226211547851562,0.0615386962890625,0.84285,0.15000000000009095,6.475345947265697,20.0,0.8
5.62,0.5226211547851562,0.5226211547851562,0.0615386962890625,0.843,0.14999999999997726,6.478345947265606,20.0,0.8
5.621,0.5226211547851562,0.5226211547851562,0.05274772644042969,0.8431500000000001,0.14999999999997726,6.488378723144514,20.0,0.8
5.622,0.5226211547851562,0.5226211547851562,0.05274772644042969,0.8432999999999999,0.15000000000009095,6.491378723144603,20.0,0.8
5.623,0.5226211547851562,0.5226211547851562,0.043956756591796875,0.84345,0.14999999999997726,6.50141149902342,20.0,0.8
5.6240000000000006,0.5226211547851562,0.5226211547851562,0.03516578674316406,0.8436,0.14999999999997726,6.511444274902326,20.0,0.8
5.625,0.5226211547851562,0.5226211547851562,0.026372909545898438,0.84375,0.1500000000000341,6.521478576660184,20.0,0.8
5.626,0.5230026245117188,0.5230026245117188,0.03516578674316406,0.8439,0.14999999999997726,6.509814880371076,20.0,0.8
5.627,0.5230026245117188,0.5230026245117188,0.026372909545898438,0.84405,0.1500000000000341,6.519849182128933,20.0,0.8
5.628,0.5230026245117188,0.5230026245117188,0.017581939697265625,0.8442,0.14999999999997726,6.529881958007793,20.0,0.8
5.6290000000000004,0.5230026245117188,0.5230026245117188,0.03516578674316406,0.84435,0.14999999999997726,6.518814880371076,20.0,0.8
5.63,0.5230026245117188,0.5230026245117188,0.026372909545898438,0.8444999999999999,0.1500000000000341,6.5288491821289325,20.0,0.8
5.631,0.5230026245117188,0.5230026245117188,0.026372909545898438,0.84465,0.14999999999997726,6.531849182128889,20.0,0.8
5.632,0.5230026245117188,0.5230026245117188,0.05274772644042969,0.8447999999999999,0.1500000000000341,6.513749328613306,20.0,0.8
5.633,0.5230026245117188,0.5230026245117188,0.043956756591796875,0.84495,0.1500000000000341,6.523782104492214,20.0,0.8
5.634,0.5230026245117188,0.5230026245117188,0.05274772644042969,0.8451000000000001,0.14999999999997726,6.519749328613264,20.0,0.8
5.635,0.5233840942382812,0.5233840942382812,0.05274772644042969,0.84525,0.1500000000000341,6.515119934082058,20.0,0.8
5.636,0.5233840942382812,0.5233840942382812,0.0615386962890625,0.8454,0.14999999999997726,6.511087158203108,20.0,0.8
5.6370000000000005,0.5233840942382812,0.5233840942382812,0.05274772644042969,0.84555,0.14999999999997726,6.521119934082013,20.0,0.8
5.638,0.5233840942382812,0.5233840942382812,0.07032966613769531,0.8457,0.15000000000009095,6.510054382324292,20.0,0.8
5.639,0.5233840942382812,0.5233840942382812,0.05274772644042969,0.84585,0.14999999999992042,6.527119934081967,20.0,0.8
5.64,0.5233840942382812,0.5233840942382812,0.0615386962890625,0.846,0.15000000000009095,6.5230871582031975,20.0,0.8
5.641,0.5233840942382812,0.5233840942382812,0.05274772644042969,0.84615,0.14999999999997726,6.533119934082012,20.0,0.8
5.642,0.5237655639648438,0.5237655639648438,0.043956756591796875,0.8463,0.14999999999997726,6.53552331542967,20.0,0.8
5.643,0.5237655639648438,0.5237655639648438,0.043956756591796875,0.8464499999999999,0.15000000000009095,6.538523315429758,20.0,0.8
5.644,0.5237655639648438,0.5237655639648438,0.03516578674316406,0.8466,0.14999999999997726,6.548556091308576,20.0,0.8
5.6450000000000005,0.5237655639648438,0.5237655639648438,0.026372909545898438,0.84675,0.14999999999997726,6.558590393066389,20.0,0.8
5.646,0.5237655639648438,0.5237655639648438,0.043956756591796875,0.8469,0.15000000000009095,6.54752331542976,20.0,0.8
5.647,0.5237655639648438,0.5237655639648438,0.026372909545898438,0.84705,0.14999999999992042,6.564590393066341,20.0,0.8
5.648,0.5237655639648438,0.5237655639648438,0.017581939697265625,0.8472,0.15000000000009095,6.574623168945385,20.0,0.8
5.649,0.5237655639648438,0.5237655639648438,0.026372909545898438,0.8473499999999999,0.14999999999997726,6.570590393066388,20.0,0.8
5.65,0.5237655639648438,0.5237655639648438,0.026372909545898438,0.8475,0.14999999999997726,6.5735903930663895,20.0,0.8
5.651,0.5237655639648438,0.5237655639648438,0.017581939697265625,0.8476499999999999,0.15000000000009095,6.583623168945383,20.0,0.8
5.652,0.5237655639648438,0.5237655639648438,0.017581939697265625,0.8478,0.1500000000000341,6.586623168945339,20.0,0.8
5.6530000000000005,0.5237655639648438,0.5237655639648438,0.017581939697265625,0.8479500000000001,0.14999999999997726,6.5896231689452955,20.0,0.8
5.654,0.5237655639648438,0.5237655639648438,0.026372909545898438,0.8481,0.15000000000009095,6.585590393066479,20.0,0.8
5.655,0.5241470336914062,0.5241470336914062,0.017581939697265625,0.8482500000000001,0.14999999999992042,6.5879937744140005,20.0,0.8
5.656,0.5241470336914062,0.5241470336914062,0.026372909545898438,0.8483999999999999,0.1500000000000341,6.583960998535182,20.0,0.8
5.657,0.5241470336914062,0.5241470336914062,0.043956756591796875,0.84855,0.14999999999997726,6.572893920898419,20.0,0.8
5.658,0.5241470336914062,0.5241470336914062,0.03516578674316406,0.8487,0.14999999999992042,6.58292669677728,20.0,0.8
5.659,0.5241470336914062,0.5241470336914062,0.03516578674316406,0.84885,0.1500000000000341,6.5859266967773715,20.0,0.8
5.66,0.5241470336914062,0.5241470336914062,0.043956756591796875,0.849,0.14999999999997726,6.581893920898419,20.0,0.8
5.6610000000000005,0.5241470336914062,0.5241470336914062,0.03516578674316406,0.8491500000000001,0.14999999999997726,6.591926696777327,20.0,0.8
5.662,0.5241470336914062,0.5241470336914062,0.0615386962890625,0.8492999999999999,0.1500000000000341,6.573828369140651,20.0,0.8
5.663,0.5241470336914062,0.5241470336914062,0.05274772644042969,0.84945,0.14999999999992042,6.583861145019468,20.0,0.8
5.664,0.5245285034179688,0.5245285034179688,0.05274772644042969,0.8495999999999999,0.1500000000000341,6.579231750488307,20.0,0.8
5.665,0.5245285034179688,0.5245285034179688,0.0615386962890625,0.84975,0.14999999999997726,6.575198974609357,20.0,0.8
5.666,0.5245285034179688,0.5245285034179688,0.0615386962890625,0.8499,0.14999999999992042,6.578198974609311,20.0,0.8
5.667,0.5245285034179688,0.5245285034179688,0.05274772644042969,0.85005,0.1500000000000341,6.588231750488308,20.0,0.8
5.668,0.5245285034179688,0.5245285034179688,0.0615386962890625,0.8502,0.14999999999997726,6.5841989746093565,20.0,0.8
5.6690000000000005,0.5245285034179688,0.5245285034179688,0.0615386962890625,0.85035,0.14999999999997726,6.587198974609358,20.0,0.8
5.67,0.5245285034179688,0.5245285034179688,0.05274772644042969,0.8504999999999999,0.1500000000000341,6.597231750488307,20.0,0.8
5.671,0.5249099731445312,0.5249099731445312,0.03516578674316406,0.85065,0.14999999999997726,6.606667907714826,20.0,0.8
5.672,0.5249099731445312,0.5249099731445312,0.026372909545898438,0.8507999999999999,0.1500000000000341,6.616702209472682,20.0,0.8
5.673,0.5249099731445312,0.5249099731445312,0.017581939697265625,0.85095,0.1500000000000341,6.62673498535159,20.0,0.8
5.674,0.5249099731445312,0.5249099731445312,0.017581939697265625,0.8511000000000001,0.14999999999997726,6.629734985351546,20.0,0.8
5.675,0.5249099731445312,0.5249099731445312,0.0,0.85125,0.1500000000000341,6.646800537109401,20.0,0.8
5.676,0.5249099731445312,0.5249099731445312,0.0,0.8514,0.1500000000000341,6.649800537109403,20.0,0.8
5.6770000000000005,0.5249099731445312,0.5249099731445312,-0.008790969848632812,0.85155,0.14999999999997726,6.659833312988264,20.0,0.8
5.678,0.5249099731445312,0.5249099731445312,0.0,0.8517,0.15000000000009095,6.655800537109449,20.0,0.8
5.679,0.5249099731445312,0.5249099731445312,-0.008790969848632812,0.85185,0.14999999999992042,6.665833312988218,20.0,0.8
5.68,0.5249099731445312,0.5249099731445312,0.0,0.852,0.15000000000009095,6.661800537109447,20.0,0.8
5.681,0.5249099731445312,0.5249099731445312,-0.008790969848632812,0.85215,0.1500000000000341,6.671833312988308,20.0,0.8
5.682,0.5249099731445312,0.5249099731445312,0.008790969848632812,0.8523000000000001,0.14999999999992042,6.660767761230407,20.0,0.8
5.683,0.5249099731445312,0.5249099731445312,0.017581939697265625,0.8524499999999999,0.15000000000009095,6.656734985351634,20.0,0.8
5.684,0.5249099731445312,0.5249099731445312,0.008790969848632812,0.8526,0.1500000000000341,6.6667677612304965,20.0,0.8
5.6850000000000005,0.5249099731445312,0.5249099731445312,0.017581939697265625,0.85275,0.14999999999992042,6.6627349853514986,20.0,0.8
5.686,0.5249099731445312,0.5249099731445312,0.017581939697265625,0.8529,0.15000000000009095,6.6657349853516354,20.0,0.8
5.687,0.5249099731445312,0.5249099731445312,0.0,0.85305,0.14999999999992042,6.682800537109311,20.0,0.8
5.688,0.5249099731445312,0.5249099731445312,0.017581939697265625,0.8532,0.1500000000000341,6.671734985351589,20.0,0.8
5.689,0.5249099731445312,0.5249099731445312,0.017581939697265625,0.8533499999999999,0.1500000000000341,6.674734985351588,20.0,0.8
5.69,0.5249099731445312,0.5249099731445312,0.017581939697265625,0.8535,0.14999999999992042,6.677734985351499,20.0,0.8
5.691,0.5249099731445312,0.5249099731445312,0.017581939697265625,0.8536499999999999,0.1500000000000341,6.680734985351588,20.0,0.8
5.692,0.5249099731445312,0.5249099731445312,0.026372909545898438,0.8538,0.1500000000000341,6.676702209472684,20.0,0.8
5.6930000000000005,0.5249099731445312,0.5249099731445312,0.008790969848632812,0.8539500000000001,0.14999999999992042,6.693767761230408,20.0,0.8
5.694,0.5249099731445312,0.5249099731445312,0.008790969848632812,0.8541,0.1500000000000341,6.696767761230495,20.0,0.8
5.695,0.5249099731445312,0.5249099731445312,0.026372909545898438,0.8542500000000001,0.14999999999992042,6.685702209472593,20.0,0.8
5.696,0.5249099731445312,0.5249099731445312,0.008790969848632812,0.8543999999999999,0.1500000000000341,6.702767761230495,20.0,0.8
5.697,0.5249099731445312,0.5249099731445312,0.008790969848632812,0.85455,0.14999999999997726,6.705767761230452,20.0,0.8
5.698,0.5249099731445312,0.5249099731445312,0.008790969848632812,0.8547,0.14999999999992042,6.708767761230406,20.0,0.8
5.699,0.5249099731445312,0.5249099731445312,0.017581939697265625,0.85485,0.1500000000000341,6.704734985351589,20.0,0.8
5.7,0.5249099731445312,0.5249099731445312,0.0,0.855,0.14999999999997726,6.721800537109356,20.0,0.8
5.7010000000000005,0.5249099731445312,0.5249099731445312,0.008790969848632812,0.8551500000000001,0.14999999999992042,6.717767761230407,20.0,0.8
5.702,0.5249099731445312,0.5249099731445312,0.017581939697265625,0.8553,0.1500000000000341,6.713734985351588,20.0,0.8
5.703,0.5249099731445312,0.5249099731445312,0.0,0.85545,0.14999999999997726,6.730800537109357,20.0,0.8
5.704,0.5249099731445312,0.5249099731445312,0.008790969848632812,0.8555999999999999,0.1500000000000341,6.726767761230494,20.0,0.8
5.705,0.5249099731445312,0.5249099731445312,0.0,0.85575,0.14999999999997726,6.736800537109357,20.0,0.8
5.706,0.5249099731445312,0.5249099731445312,0.008790969848632812,0.8559,0.14999999999997726,6.732767761230451,20.0,0.8
5.707,0.5249099731445312,0.5249099731445312,0.0,0.85605,0.1500000000000341,6.742800537109402,20.0,0.8
5.708,0.5249099731445312,0.5249099731445312,0.0,0.8562,0.14999999999997726,6.745800537109355,20.0,0.8
5.7090000000000005,0.5249099731445312,0.5249099731445312,-0.008790969848632812,0.8563500000000001,0.14999999999997726,6.755833312988264,20.0,0.8
5.71,0.5249099731445312,0.5249099731445312,-0.008790969848632812,0.8564999999999999,0.1500000000000341,6.758833312988307,20.0,0.8
5.711,0.5249099731445312,0.5249099731445312,0.008790969848632812,0.85665,0.14999999999997726,6.747767761230452,20.0,0.8
5.712,0.5249099731445312,0.5249099731445312,-0.008790969848632812,0.8567999999999999,0.1500000000000341,6.764833312988306,20.0,0.8
5.713,0.5249099731445312,0.5249099731445312,0.0,0.85695,0.1500000000000341,6.760800537109402,20.0,0.8
5.714,0.5249099731445312,0.5249099731445312,-0.008790969848632812,0.8571000000000001,0.14999999999997726,6.770833312988264,20.0,0.8
5.715,0.5249099731445312,0.5249099731445312,-0.008790969848632812,0.85725,0.1500000000000341,6.773833312988308,20.0,0.8
5.716,0.5249099731445312,0.5249099731445312,0.0,0.8574,0.14999999999997726,6.769800537109358,20.0,0.8
5.7170000000000005,0.5249099731445312,0.5249099731445312,0.008790969848632812,0.85755,0.14999999999997726,6.765767761230451,20.0,0.8
5.718,0.5249099731445312,0.5249099731445312,-0.008790969848632812,0.8577,0.15000000000009095,6.782833312988354,20.0,0.8
5.719,0.5249099731445312,0.5249099731445312,0.017581939697265625,0.85785,0.14999999999992042,6.764734985351499,20.0,0.8
5.72,0.5249099731445312,0.5249099731445312,0.0,0.858,0.1500000000000341,6.781800537109403,20.0,0.8
5.721,0.5249099731445312,0.5249099731445312,0.008790969848632812,0.85815,0.14999999999997726,6.77776776123045,20.0,0.8
5.722,0.5249099731445312,0.5249099731445312,-0.008790969848632812,0.8583000000000001,0.14999999999992042,6.794833312988219,20.0,0.8
5.723,0.5249099731445312,0.5249099731445312,-0.008790969848632812,0.8584499999999999,0.1500000000000341,6.797833312988307,20.0,0.8
5.724,0.5249099731445312,0.5249099731445312,0.0,0.8586,0.14999999999997726,6.793800537109357,20.0,0.8
5.7250000000000005,0.5249099731445312,0.5249099731445312,-0.008790969848632812,0.85875,0.14999999999992042,6.8038333129882185,20.0,0.8
5.726,0.5249099731445312,0.5249099731445312,-0.008790969848632812,0.8589,0.1500000000000341,6.806833312988308,20.0,0.8
5.727,0.5249099731445312,0.5249099731445312,0.0,0.85905,0.14999999999992042,6.80280053710931,20.0,0.8
5.728,0.5249099731445312,0.5249099731445312,0.0,0.8592,0.1500000000000341,6.805800537109402,20.0,0.8
5.729,0.5249099731445312,0.5249099731445312,0.0,0.85935,0.14999999999997726,6.808800537109356,20.0,0.8
5.73,0.5249099731445312,0.5249099731445312,-0.008790969848632812,0.8595,0.14999999999992042,6.818833312988219,20.0,0.8
5.731,0.5249099731445312,0.5249099731445312,-0.008790969848632812,0.8596499999999999,0.1500000000000341,6.821833312988306,20.0,0.8
5.732,0.5249099731445312,0.5249099731445312,0.0,0.8598,0.1500000000000341,6.817800537109402,20.0,0.8
5.7330000000000005,0.5249099731445312,0.5249099731445312,0.0,0.8599500000000001,0.14999999999992042,6.820800537109313,20.0,0.8
5.734,0.5249099731445312,0.5249099731445312,0.0,0.8601,0.1500000000000341,6.823800537109403,20.0,0.8
5.735,0.5249099731445312,0.5249099731445312,-0.008790969848632812,0.8602500000000001,0.14999999999997726,6.833833312988265,20.0,0.8
5.736,0.5249099731445312,0.5249099731445312,0.008790969848632812,0.8603999999999999,0.15000000000009095,6.82276776123054,20.0,0.8
5.737,0.5249099731445312,0.5249099731445312,-0.008790969848632812,0.86055,0.14999999999997726,6.839833312988263,20.0,0.8
5.738,0.5249099731445312,0.5249099731445312,0.0,0.8607,0.14999999999997726,6.835800537109357,20.0,0.8
5.739,0.5249099731445312,0.5249099731445312,-0.017581939697265625,0.86085,0.1500000000000341,6.8528660888672155,20.0,0.8
5.74,0.5249099731445312,0.5249099731445312,0.0,0.861,0.14999999999997726,6.841800537109356,20.0,0.8
5.7410000000000005,0.5249099731445312,0.5249099731445312,0.0,0.8611500000000001,0.14999999999997726,6.844800537109358,20.0,0.8
5.742,0.5249099731445312,0.5249099731445312,0.0,0.8613,0.1500000000000341,6.847800537109402,20.0,0.8
5.743,0.5249099731445312,0.5249099731445312,0.0,0.86145,0.14999999999997726,6.850800537109357,20.0,0.8
5.744,0.5249099731445312,0.5249099731445312,0.0,0.8615999999999999,0.15000000000009095,6.853800537109446,20.0,0.8
5.745,0.5249099731445312,0.5249099731445312,0.0,0.86175,0.14999999999997726,6.856800537109357,20.0,0.8
5.746,0.5249099731445312,0.5249099731445312,0.0,0.8619,0.14999999999997726,6.859800537109356,20.0,0.8
5.747,0.5249099731445312,0.5249099731445312,0.0,0.86205,0.1500000000000341,6.862800537109402,20.0,0.8
5.748,0.5249099731445312,0.5249099731445312,0.0,0.8622,0.1500000000000341,6.865800537109402,20.0,0.8
5.7490000000000006,0.5249099731445312,0.5249099731445312,-0.008790969848632812,0.8623500000000001,0.14999999999997726,6.875833312988265,20.0,0.8
5.75,0.5249099731445312,0.5249099731445312,0.008790969848632812,0.8624999999999999,0.1500000000000341,6.864767761230494,20.0,0.8
5.751,0.5249099731445312,0.5249099731445312,0.008790969848632812,0.86265,0.14999999999997726,6.867767761230451,20.0,0.8
5.752,0.5249099731445312,0.5249099731445312,-0.008790969848632812,0.8627999999999999,0.1500000000000341,6.884833312988307,20.0,0.8
5.753,0.5249099731445312,0.5249099731445312,0.0,0.86295,0.15000000000009095,6.880800537109448,20.0,0.8
5.7540000000000004,0.5249099731445312,0.5249099731445312,0.008790969848632812,0.8631000000000001,0.14999999999997726,6.876767761230453,20.0,0.8
5.755,0.5249099731445312,0.5249099731445312,0.0,0.86325,0.1500000000000341,6.886800537109401,20.0,0.8
5.756,0.5249099731445312,0.5249099731445312,0.008790969848632812,0.8634000000000001,0.1500000000000341,6.882767761230497,20.0,0.8
5.757000000000001,0.5249099731445312,0.5249099731445312,0.008790969848632812,0.86355,0.14999999999997726,6.8857677612304515,20.0,0.8
5.758,0.5249099731445312,0.5249099731445312,0.0,0.8637,0.1500000000000341,6.8958005371094035,20.0,0.8
5.759,0.5249099731445312,0.5249099731445312,-0.008790969848632812,0.86385,0.14999999999992042,6.905833312988218,20.0,0.8
5.76,0.5249099731445312,0.5249099731445312,0.0,0.864,0.15000000000009095,6.901800537109447,20.0,0.8
5.761,0.5249099731445312,0.5249099731445312,0.0,0.86415,0.1500000000000341,6.904800537109402,20.0,0.8
5.7620000000000005,0.5249099731445312,0.5249099731445312,0.008790969848632812,0.8643000000000001,0.14999999999992042,6.900767761230407,20.0,0.8
5.763,0.5249099731445312,0.5249099731445312,-0.008790969848632812,0.8644499999999999,0.15000000000009095,6.9178333129883525,20.0,0.8
5.764,0.5249099731445312,0.5249099731445312,0.008790969848632812,0.8646,0.14999999999997726,6.906767761230451,20.0,0.8
5.765,0.5249099731445312,0.5249099731445312,0.008790969848632812,0.8647499999999999,0.15000000000009095,6.9097677612305395,20.0,0.8
5.766,0.5249099731445312,0.5249099731445312,0.008790969848632812,0.8649,0.1500000000000341,6.912767761230496,20.0,0.8
5.767,0.5249099731445312,0.5249099731445312,-0.017581939697265625,0.86505,0.14999999999997726,6.93686608886717,20.0,0.8
5.768,0.5249099731445312,0.5249099731445312,0.008790969848632812,0.8652,0.15000000000009095,6.918767761230541,20.0,0.8
5.769,0.5249099731445312,0.5249099731445312,0.008790969848632812,0.86535,0.14999999999997726,6.921767761230449,20.0,0.8
5.7700000000000005,0.5249099731445312,0.5249099731445312,0.0,0.8655,0.14999999999997726,6.931800537109357,20.0,0.8
5.771,0.5249099731445312,0.5249099731445312,0.008790969848632812,0.8656499999999999,0.15000000000009095,6.92776776123054,20.0,0.8
5.772,0.5249099731445312,0.5249099731445312,0.0,0.8658,0.14999999999997726,6.937800537109357,20.0,0.8
5.773,0.5249099731445312,0.5249099731445312,0.0,0.8659499999999999,0.1500000000000341,6.9408005371094,20.0,0.8
5.774,0.5249099731445312,0.5249099731445312,0.0,0.8661,0.1500000000000341,6.943800537109402,20.0,0.8
5.775,0.5249099731445312,0.5249099731445312,0.008790969848632812,0.8662500000000001,0.14999999999997726,6.939767761230452,20.0,0.8
5.776,0.5249099731445312,0.5249099731445312,0.0,0.8664,0.15000000000009095,6.949800537109447,20.0,0.8
5.777,0.5249099731445312,0.5249099731445312,0.0,0.86655,0.14999999999997726,6.952800537109358,20.0,0.8
5.7780000000000005,0.5249099731445312,0.5249099731445312,0.0,0.8667,0.14999999999997726,6.955800537109357,20.0,0.8
5.779,0.5249099731445312,0.5249099731445312,0.0,0.86685,0.15000000000009095,6.958800537109448,20.0,0.8
5.78,0.5249099731445312,0.5249099731445312,0.0,0.867,0.14999999999992042,6.961800537109311,20.0,0.8
5.781,0.5249099731445312,0.5249099731445312,0.0,0.86715,0.1500000000000341,6.964800537109403,20.0,0.8
5.782,0.5249099731445312,0.5249099731445312,0.008790969848632812,0.8673,0.14999999999997726,6.96076776123045,20.0,0.8
5.783,0.5249099731445312,0.5249099731445312,-0.008790969848632812,0.86745,0.14999999999997726,6.977833312988264,20.0,0.8
5.784,0.5249099731445312,0.5249099731445312,0.008790969848632812,0.8675999999999999,0.1500000000000341,6.966767761230495,20.0,0.8
5.785,0.5249099731445312,0.5249099731445312,-0.008790969848632812,0.86775,0.14999999999997726,6.9838333129882635,20.0,0.8
5.7860000000000005,0.5249099731445312,0.5249099731445312,0.008790969848632812,0.8679,0.14999999999997726,6.972767761230451,20.0,0.8
5.787,0.5249099731445312,0.5249099731445312,0.0,0.86805,0.1500000000000341,6.982800537109402,20.0,0.8
5.788,0.5249099731445312,0.5249099731445312,-0.008790969848632812,0.8682,0.14999999999992042,6.992833312988217,20.0,0.8
5.789,0.5249099731445312,0.5249099731445312,0.008790969848632812,0.86835,0.1500000000000341,6.981767761230495,20.0,0.8
5.79,0.5249099731445312,0.5249099731445312,0.0,0.8684999999999999,0.14999999999997726,6.991800537109356,20.0,0.8
5.791,0.5249099731445312,0.5249099731445312,0.0,0.86865,0.14999999999997726,6.994800537109358,20.0,0.8
5.792,0.5249099731445312,0.5249099731445312,-0.008790969848632812,0.8687999999999999,0.1500000000000341,7.004833312988306,20.0,0.8
5.793,0.5249099731445312,0.5249099731445312,0.008790969848632812,0.86895,0.1500000000000341,6.993767761230496,20.0,0.8
5.7940000000000005,0.5249099731445312,0.5249099731445312,0.0,0.8691000000000001,0.14999999999997726,7.003800537109358,20.0,0.8
5.795,0.5249099731445312,0.5249099731445312,-0.008790969848632812,0.86925,0.1500000000000341,7.013833312988308,20.0,0.8
5.796,0.5249099731445312,0.5249099731445312,0.0,0.8694000000000001,0.14999999999997726,7.009800537109358,20.0,0.8
5.797,0.5249099731445312,0.5249099731445312,0.0,0.8695499999999999,0.1500000000000341,7.012800537109401,20.0,0.8
5.798,0.5249099731445312,0.5249099731445312,-0.008790969848632812,0.8697,0.14999999999997726,7.022833312988263,20.0,0.8
5.799,0.5249099731445312,0.5249099731445312,0.0,0.86985,0.14999999999997726,7.018800537109357,20.0,0.8
5.8,0.5249099731445312,0.5249099731445312,0.008790969848632812,0.87,0.15000000000009095,7.014767761230542,20.0,0.8
5.801,0.5249099731445312,0.5249099731445312,0.0,0.87015,0.14999999999997726,7.024800537109356,20.0,0.8
5.8020000000000005,0.5249099731445312,0.5249099731445312,0.0,0.8703000000000001,0.14999999999997726,7.027800537109358,20.0,0.8
5.803,0.5249099731445312,0.5249099731445312,0.0,0.87045,0.15000000000009095,7.030800537109447,20.0,0.8
5.804,0.5249099731445312,0.5249099731445312,-0.008790969848632812,0.8706,0.14999999999992042,7.040833312988219,20.0,0.8
5.805,0.5249099731445312,0.5249099731445312,0.008790969848632812,0.8707499999999999,0.1500000000000341,7.029767761230494,20.0,0.8
5.806,0.5249099731445312,0.5249099731445312,-0.008790969848632812,0.8709,0.14999999999997726,7.046833312988263,20.0,0.8
5.807,0.5249099731445312,0.5249099731445312,0.008790969848632812,0.87105,0.14999999999992042,7.035767761230405,20.0,0.8
5.808,0.5249099731445312,0.5249099731445312,0.0,0.8712,0.15000000000009095,7.045800537109447,20.0,0.8
5.809,0.5249099731445312,0.5249099731445312,0.0,0.87135,0.14999999999997726,7.048800537109356,20.0,0.8
5.8100000000000005,0.5249099731445312,0.5249099731445312,0.0,0.8715,0.14999999999992042,7.051800537109313,20.0,0.8
5.811,0.5249099731445312,0.5249099731445312,0.0,0.8716499999999999,0.15000000000009095,7.054800537109446,20.0,0.8
5.812,0.5249099731445312,0.5249099731445312,0.0,0.8718,0.14999999999992042,7.057800537109311,20.0,0.8
5.813,0.5249099731445312,0.5249099731445312,-0.008790969848632812,0.8719499999999999,0.1500000000000341,7.067833312988307,20.0,0.8
5.814,0.5249099731445312,0.5249099731445312,0.008790969848632812,0.8721,0.1500000000000341,7.056767761230496,20.0,0.8
5.815,0.5249099731445312,0.5249099731445312,0.0,0.8722500000000001,0.14999999999992042,7.066800537109313,20.0,0.8
5.816,0.5249099731445312,0.5249099731445312,0.0,0.8724,0.1500000000000341,7.069800537109401,20.0,0.8
5.817,0.5249099731445312,0.5249099731445312,0.0,0.87255,0.14999999999997726,7.072800537109357,20.0,0.8
5.8180000000000005,0.5249099731445312,0.5249099731445312,-0.008790969848632812,0.8727,0.14999999999992042,7.082833312988218,20.0,0.8
5.819,0.5249099731445312,0.5249099731445312,0.008790969848632812,0.87285,0.1500000000000341,7.071767761230497,20.0,0.8
5.82,0.5249099731445312,0.5249099731445312,0.0,0.873,0.14999999999992042,7.081800537109311,20.0,0.8
5.821,0.5249099731445312,0.5249099731445312,-0.008790969848632812,0.87315,0.1500000000000341,7.0918333129883075,20.0,0.8
5.822,0.5249099731445312,0.5249099731445312,0.0,0.8733,0.14999999999997726,7.087800537109356,20.0,0.8
5.823,0.5249099731445312,0.5249099731445312,0.008790969848632812,0.8734500000000001,0.14999999999992042,7.083767761230407,20.0,0.8
5.824,0.5249099731445312,0.5249099731445312,0.008790969848632812,0.8735999999999999,0.1500000000000341,7.086767761230495,20.0,0.8
5.825,0.5249099731445312,0.5249099731445312,-0.008790969848632812,0.87375,0.1500000000000341,7.103833312988309,20.0,0.8
5.8260000000000005,0.5249099731445312,0.5249099731445312,0.008790969848632812,0.8739,0.14999999999992042,7.092767761230405,20.0,0.8
5.827,0.5249099731445312,0.5249099731445312,0.0,0.87405,0.1500000000000341,7.1028005371094025,20.0,0.8
5.828,0.5249099731445312,0.5249099731445312,0.008790969848632812,0.8742,0.14999999999997726,7.098767761230451,20.0,0.8
5.829,0.5249099731445312,0.5249099731445312,0.008790969848632812,0.87435,0.1500000000000341,7.101767761230495,20.0,0.8
5.83,0.5249099731445312,0.5249099731445312,0.008790969848632812,0.8744999999999999,0.1500000000000341,7.1047677612304945,20.0,0.8
5.831,0.5249099731445312,0.5249099731445312,0.008790969848632812,0.87465,0.14999999999997726,7.107767761230451,20.0,0.8
5.832,0.5249099731445312,0.5249099731445312,0.008790969848632812,0.8747999999999999,0.1500000000000341,7.110767761230495,20.0,0.8
5.833,0.5249099731445312,0.5249099731445312,0.008790969848632812,0.87495,0.15000000000009095,7.113767761230542,20.0,0.8
5.8340000000000005,0.5249099731445312,0.5249099731445312,0.0,0.8751000000000001,0.14999999999997726,7.123800537109359,20.0,0.8
5.835,0.5249099731445312,0.5249099731445312,0.008790969848632812,0.87525,0.1500000000000341,7.119767761230495,20.0,0.8
5.836,0.5249099731445312,0.5249099731445312,0.0,0.8754000000000001,0.14999999999997726,7.129800537109357,20.0,0.8
5.837,0.5252914428710938,0.5252914428710938,0.008790969848632812,0.8755499999999999,0.14999999999997726,7.1181383666992,20.0,0.8
5.838,0.5252914428710938,0.5252914428710938,0.008790969848632812,0.8757,0.1500000000000341,7.121138366699247,20.0,0.8
5.839,0.5252914428710938,0.5252914428710938,0.008790969848632812,0.87585,0.14999999999997726,7.124138366699201,20.0,0.8
5.84,0.5252914428710938,0.5252914428710938,0.0,0.876,0.15000000000009095,7.1341711425781975,20.0,0.8
5.841,0.5252914428710938,0.5252914428710938,0.008790969848632812,0.87615,0.14999999999997726,7.1301383666992,20.0,0.8
5.8420000000000005,0.5252914428710938,0.5252914428710938,0.017581939697265625,0.8763000000000001,0.14999999999992042,7.12610559082025,20.0,0.8
5.843,0.5252914428710938,0.5252914428710938,0.0,0.87645,0.15000000000009095,7.143171142578197,20.0,0.8
5.844,0.5252914428710938,0.5252914428710938,0.0,0.8766,0.14999999999992042,7.146171142578062,20.0,0.8
5.845,0.5252914428710938,0.5252914428710938,0.008790969848632812,0.8767499999999999,0.1500000000000341,7.142138366699244,20.0,0.8
5.846,0.5252914428710938,0.5252914428710938,0.017581939697265625,0.8769,0.14999999999997726,7.138105590820294,20.0,0.8
5.847,0.5252914428710938,0.5252914428710938,0.017581939697265625,0.87705,0.14999999999992042,7.141105590820249,20.0,0.8
5.848,0.5252914428710938,0.5252914428710938,0.017581939697265625,0.8772,0.1500000000000341,7.144105590820339,20.0,0.8
5.849,0.5252914428710938,0.5252914428710938,0.008790969848632812,0.87735,0.14999999999997726,7.1541383666992,20.0,0.8
5.8500000000000005,0.5252914428710938,0.5252914428710938,0.017581939697265625,0.8775000000000001,0.14999999999992042,7.1501055908202495,20.0,0.8
5.851,0.5252914428710938,0.5252914428710938,0.017581939697265625,0.8776499999999999,0.1500000000000341,7.1531055908203385,20.0,0.8
5.852,0.5252914428710938,0.5252914428710938,0.017581939697265625,0.8778,0.14999999999992042,7.15610559082025,20.0,0.8
5.853,0.5252914428710938,0.5252914428710938,0.017581939697265625,0.8779499999999999,0.1500000000000341,7.159105590820337,20.0,0.8
5.854,0.5252914428710938,0.5252914428710938,0.017581939697265625,0.8781,0.1500000000000341,7.162105590820339,20.0,0.8
5.855,0.5252914428710938,0.5252914428710938,0.017581939697265625,0.8782500000000001,0.14999999999992042,7.16510559082025,20.0,0.8
5.856,0.5252914428710938,0.5252914428710938,0.017581939697265625,0.8784,0.1500000000000341,7.168105590820339,20.0,0.8
5.857,0.5252914428710938,0.5252914428710938,0.026372909545898438,0.87855,0.14999999999997726,7.16407281494139,20.0,0.8
5.8580000000000005,0.5252914428710938,0.5252914428710938,0.026372909545898438,0.8787,0.14999999999992042,7.167072814941343,20.0,0.8
5.859,0.5252914428710938,0.5252914428710938,0.05274772644042969,0.87885,0.1500000000000341,7.148972961425809,20.0,0.8
5.86,0.5252914428710938,0.5252914428710938,0.026372909545898438,0.879,0.14999999999997726,7.1730728149413885,20.0,0.8
5.861,0.5256729125976562,0.5256729125976562,0.017581939697265625,0.87915,0.1500000000000341,7.17547619628909,20.0,0.8
5.862,0.5256729125976562,0.5256729125976562,0.05274772644042969,0.8793,0.14999999999997726,7.150343566894512,20.0,0.8
5.863,0.5256729125976562,0.5256729125976562,0.03516578674316406,0.8794500000000001,0.14999999999997726,7.167409118652327,20.0,0.8
5.864,0.5256729125976562,0.5256729125976562,0.043956756591796875,0.8795999999999999,0.1500000000000341,7.163376342773463,20.0,0.8
5.865,0.5256729125976562,0.5256729125976562,0.03516578674316406,0.87975,0.14999999999997726,7.1734091186523266,20.0,0.8
5.8660000000000005,0.5256729125976562,0.5256729125976562,0.03516578674316406,0.8799,0.14999999999997726,7.176409118652327,20.0,0.8
5.867,0.5256729125976562,0.5256729125976562,0.043956756591796875,0.88005,0.1500000000000341,7.172376342773465,20.0,0.8
5.868,0.5256729125976562,0.5256729125976562,0.043956756591796875,0.8802,0.14999999999997726,7.1753763427734185,20.0,0.8
5.869,0.5256729125976562,0.5256729125976562,0.03516578674316406,0.88035,0.1500000000000341,7.1854091186523705,20.0,0.8
5.87,0.5256729125976562,0.5256729125976562,0.017581939697265625,0.8805,0.14999999999997726,7.202476196289044,20.0,0.8
5.871,0.5260543823242188,0.5260543823242188,0.026372909545898438,0.88065,0.14999999999997726,7.19081402587889,20.0,0.8
5.872,0.5260543823242188,0.5260543823242188,0.03516578674316406,0.8807999999999999,0.1500000000000341,7.186779724121119,20.0,0.8
5.873,0.5260543823242188,0.5260543823242188,0.03516578674316406,0.88095,0.1500000000000341,7.189779724121121,20.0,0.8
5.8740000000000006,0.5260543823242188,0.5260543823242188,0.03516578674316406,0.8811000000000001,0.14999999999997726,7.192779724121078,20.0,0.8
5.875,0.5260543823242188,0.5260543823242188,0.017581939697265625,0.88125,0.1500000000000341,7.209846801757839,20.0,0.8
5.876,0.5260543823242188,0.5260543823242188,0.026372909545898438,0.8814000000000001,0.14999999999997726,7.20581402587889,20.0,0.8
5.877,0.5260543823242188,0.5260543823242188,0.026372909545898438,0.88155,0.1500000000000341,7.208814025878932,20.0,0.8
5.878,0.5260543823242188,0.5260543823242188,0.008790969848632812,0.8817,0.14999999999997726,7.225879577636701,20.0,0.8
5.8790000000000004,0.5260543823242188,0.5260543823242188,0.03516578674316406,0.88185,0.14999999999997726,7.207779724121076,20.0,0.8
5.88,0.5260543823242188,0.5260543823242188,0.008790969848632812,0.882,0.1500000000000341,7.231879577636747,20.0,0.8
5.881,0.5260543823242188,0.5260543823242188,0.026372909545898438,0.88215,0.14999999999997726,7.220814025878888,20.0,0.8
5.882000000000001,0.5260543823242188,0.5260543823242188,0.026372909545898438,0.8823000000000001,0.14999999999992042,7.223814025878844,20.0,0.8
5.883,0.5260543823242188,0.5260543823242188,0.026372909545898438,0.88245,0.1500000000000341,7.226814025878933,20.0,0.8
5.884,0.5260543823242188,0.5260543823242188,0.017581939697265625,0.8826,0.14999999999992042,7.23684680175775,20.0,0.8
5.885,0.5264358520507812,0.5264358520507812,0.03516578674316406,0.8827499999999999,0.15000000000009095,7.218150329589915,20.0,0.8
5.886,0.5264358520507812,0.5264358520507812,0.03516578674316406,0.8829,0.14999999999997726,7.221150329589826,20.0,0.8
5.8870000000000005,0.5264358520507812,0.5264358520507812,0.03516578674316406,0.88305,0.14999999999992042,7.224150329589779,20.0,0.8
5.888,0.5264358520507812,0.5264358520507812,0.03516578674316406,0.8832,0.15000000000009095,7.227150329589916,20.0,0.8
5.889,0.5264358520507812,0.5264358520507812,0.043956756591796875,0.88335,0.14999999999997726,7.223117553710919,20.0,0.8
5.89,0.5264358520507812,0.5264358520507812,0.043956756591796875,0.8835,0.15000000000009095,7.226117553711009,20.0,0.8
5.891,0.5264358520507812,0.5264358520507812,0.043956756591796875,0.8836499999999999,0.14999999999997726,7.229117553710918,20.0,0.8
5.892,0.5264358520507812,0.5264358520507812,0.03516578674316406,0.8838,0.14999999999997726,7.239150329589826,20.0,0.8
5.893,0.5264358520507812,0.5264358520507812,0.05274772644042969,0.8839499999999999,0.15000000000009095,7.228084777832103,20.0,0.8
5.894,0.5268173217773438,0.5268173217773438,0.043956756591796875,0.8841,0.1500000000000341,7.230488159179715,20.0,0.8
5.8950000000000005,0.5268173217773438,0.5268173217773438,0.043956756591796875,0.8842500000000001,0.14999999999997726,7.233488159179672,20.0,0.8
5.896,0.5268173217773438,0.5268173217773438,0.0615386962890625,0.8844,0.15000000000009095,7.222422607421946,20.0,0.8
5.897,0.5268173217773438,0.5268173217773438,0.043956756591796875,0.8845500000000001,0.14999999999997726,7.23948815917967,20.0,0.8
5.898,0.5268173217773438,0.5268173217773438,0.07032966613769531,0.8846999999999999,0.1500000000000341,7.221389831542995,20.0,0.8
5.899,0.5268173217773438,0.5268173217773438,0.0615386962890625,0.88485,0.14999999999997726,7.231422607421858,20.0,0.8
5.9,0.5268173217773438,0.5268173217773438,0.07032966613769531,0.885,0.14999999999997726,7.227389831542951,20.0,0.8
5.901,0.5271987915039062,0.5271987915039062,0.09670257568359375,0.88515,0.1500000000000341,7.201662109375027,20.0,0.8
5.902,0.5271987915039062,0.5271987915039062,0.09670257568359375,0.8853,0.1500000000000341,7.204662109375027,20.0,0.8
5.9030000000000005,0.5271987915039062,0.5271987915039062,0.09670257568359375,0.8854500000000001,0.14999999999997726,7.207662109374983,20.0,0.8
5.904,0.5271987915039062,0.5271987915039062,0.10549545288085938,0.8855999999999999,0.15000000000009095,7.203627807617259,20.0,0.8
5.905,0.5275802612304688,0.5275802612304688,0.10549545288085938,0.88575,0.14999999999992042,7.198998413085874,20.0,0.8
5.906,0.5275802612304688,0.5275802612304688,0.11428642272949219,0.8858999999999999,0.1500000000000341,7.194965637207057,20.0,0.8
5.907,0.5275802612304688,0.5275802612304688,0.10549545288085938,0.88605,0.14999999999997726,7.204998413085919,20.0,0.8
5.908,0.5279617309570312,0.5279617309570312,0.08791160583496094,0.8862,0.14999999999997726,7.214436096191388,20.0,0.8
5.909,0.5279617309570312,0.5279617309570312,0.09670257568359375,0.88635,0.1500000000000341,7.210403320312527,20.0,0.8
5.91,0.5279617309570312,0.5279617309570312,0.05274772644042969,0.8865,0.1500000000000341,7.2485671997070575,20.0,0.8
5.9110000000000005,0.5279617309570312,0.5279617309570312,0.0615386962890625,0.88665,0.14999999999997726,7.2445344238281075,20.0,0.8
5.912,0.5279617309570312,0.5279617309570312,0.043956756591796875,0.8867999999999999,0.1500000000000341,7.2615999755859635,20.0,0.8
5.913,0.5279617309570312,0.5279617309570312,0.03516578674316406,0.88695,0.14999999999992042,7.2716327514647805,20.0,0.8
5.914,0.5279617309570312,0.5279617309570312,0.017581939697265625,0.8870999999999999,0.1500000000000341,7.288699829101587,20.0,0.8
5.915,0.5279617309570312,0.5279617309570312,0.017581939697265625,0.88725,0.15000000000009095,7.291699829101635,20.0,0.8
5.916,0.5279617309570312,0.5279617309570312,0.017581939697265625,0.8874000000000001,0.14999999999997726,7.294699829101545,20.0,0.8
5.917,0.5279617309570312,0.5279617309570312,0.026372909545898438,0.88755,0.1500000000000341,7.290667053222683,20.0,0.8
5.918,0.5279617309570312,0.5279617309570312,0.017581939697265625,0.8877,0.14999999999997726,7.3006998291015455,20.0,0.8
5.9190000000000005,0.5283432006835938,0.5283432006835938,0.026372909545898438,0.88785,0.14999999999997726,7.289037658691389,20.0,0.8
5.92,0.5283432006835938,0.5283432006835938,0.026372909545898438,0.888,0.15000000000009095,7.292037658691479,20.0,0.8
5.921,0.5283432006835938,0.5283432006835938,0.03516578674316406,0.88815,0.14999999999992042,7.28800335693353,20.0,0.8
5.922,0.5283432006835938,0.5283432006835938,0.026372909545898438,0.8883,0.15000000000009095,7.298037658691479,20.0,0.8
5.923,0.5283432006835938,0.5283432006835938,0.043956756591796875,0.88845,0.14999999999997726,7.2869705810546685,20.0,0.8
5.924,0.5283432006835938,0.5283432006835938,0.0615386962890625,0.8886000000000001,0.14999999999992042,7.275905029296813,20.0,0.8
5.925,0.5283432006835938,0.5283432006835938,0.05274772644042969,0.8887499999999999,0.15000000000009095,7.285937805175853,20.0,0.8
5.926,0.5283432006835938,0.5283432006835938,0.0615386962890625,0.8889,0.14999999999997726,7.2819050292968575,20.0,0.8
5.9270000000000005,0.5287246704101562,0.5287246704101562,0.08791160583496094,0.88905,0.14999999999997726,7.256177307128889,20.0,0.8
5.928,0.5287246704101562,0.5287246704101562,0.10549545288085938,0.8892,0.15000000000009095,7.24511022949226,20.0,0.8
5.929,0.5287246704101562,0.5287246704101562,0.07912063598632812,0.88935,0.14999999999992042,7.2692100830077475,20.0,0.8
5.93,0.5287246704101562,0.5287246704101562,0.123077392578125,0.8895,0.1500000000000341,7.237044677734401,20.0,0.8
5.931,0.5291061401367188,0.5291061401367188,0.10549545288085938,0.8896499999999999,0.14999999999997726,7.246480834960918,20.0,0.8
5.932,0.5291061401367188,0.5291061401367188,0.123077392578125,0.8898,0.14999999999992042,7.2354152832030625,20.0,0.8
5.933,0.5291061401367188,0.5291061401367188,0.10549545288085938,0.8899499999999999,0.1500000000000341,7.252480834960963,20.0,0.8
5.934,0.5291061401367188,0.5291061401367188,0.123077392578125,0.8901,0.1500000000000341,7.2414152832031515,20.0,0.8
5.9350000000000005,0.5294876098632812,0.5294876098632812,0.11428642272949219,0.8902500000000001,0.14999999999997726,7.243818664550765,20.0,0.8
5.936,0.5294876098632812,0.5294876098632812,0.09670257568359375,0.8904,0.15000000000009095,7.260885742187573,20.0,0.8
5.937,0.5294876098632812,0.5294876098632812,0.08791160583496094,0.8905500000000001,0.14999999999992042,7.2709185180663445,20.0,0.8
5.938,0.5298690795898438,0.5298690795898438,0.10549545288085938,0.8906999999999999,0.1500000000000341,7.252222045898463,20.0,0.8
5.939,0.5298690795898438,0.5298690795898438,0.07912063598632812,0.89085,0.14999999999997726,7.276321899414045,20.0,0.8
5.94,0.5298690795898438,0.5298690795898438,0.07032966613769531,0.891,0.14999999999992042,7.286354675292905,20.0,0.8
5.941,0.5298690795898438,0.5298690795898438,0.08791160583496094,0.89115,0.1500000000000341,7.275289123535184,20.0,0.8
5.942,0.5298690795898438,0.5298690795898438,0.0615386962890625,0.8913,0.14999999999997726,7.299387451171857,20.0,0.8
5.9430000000000005,0.5298690795898438,0.5298690795898438,0.07032966613769531,0.8914500000000001,0.14999999999992042,7.295354675292907,20.0,0.8
5.944,0.5302505493164062,0.5302505493164062,0.07912063598632812,0.8916,0.1500000000000341,7.283692504882839,20.0,0.8
5.945,0.5302505493164062,0.5302505493164062,0.07912063598632812,0.89175,0.14999999999992042,7.286692504882749,20.0,0.8
5.946,0.5302505493164062,0.5302505493164062,0.07032966613769531,0.8918999999999999,0.1500000000000341,7.296725280761744,20.0,0.8
5.947,0.5302505493164062,0.5302505493164062,0.07032966613769531,0.89205,0.14999999999997726,7.299725280761701,20.0,0.8
5.948,0.5302505493164062,0.5302505493164062,0.09670257568359375,0.8922,0.14999999999992042,7.281626953124936,20.0,0.8
5.949,0.5306320190429688,0.5306320190429688,0.07032966613769531,0.89235,0.1500000000000341,7.298095886230495,20.0,0.8
5.95,0.5306320190429688,0.5306320190429688,0.08791160583496094,0.8925,0.14999999999997726,7.287030334472638,20.0,0.8
5.9510000000000005,0.5306320190429688,0.5306320190429688,0.07912063598632812,0.89265,0.14999999999992042,7.2970631103515,20.0,0.8
5.952,0.5306320190429688,0.5306320190429688,0.0615386962890625,0.8927999999999999,0.1500000000000341,7.3141286621094,20.0,0.8
5.953,0.5306320190429688,0.5306320190429688,0.0615386962890625,0.89295,0.14999999999997726,7.317128662109357,20.0,0.8
5.954,0.5310134887695312,0.5310134887695312,0.0615386962890625,0.8930999999999999,0.1500000000000341,7.312499267578151,20.0,0.8
5.955,0.5310134887695312,0.5310134887695312,0.043956756591796875,0.89325,0.1500000000000341,7.329564819335965,20.0,0.8
5.956,0.5310134887695312,0.5310134887695312,0.05274772644042969,0.8934000000000001,0.14999999999997726,7.325532043457015,20.0,0.8
5.957,0.5310134887695312,0.5310134887695312,0.03516578674316406,0.89355,0.1500000000000341,7.34259759521487,20.0,0.8
5.958,0.5310134887695312,0.5310134887695312,0.0615386962890625,0.8937,0.14999999999997726,7.3244992675781075,20.0,0.8
5.9590000000000005,0.5310134887695312,0.5310134887695312,0.05274772644042969,0.89385,0.14999999999997726,7.334532043457013,20.0,0.8
5.96,0.5310134887695312,0.5310134887695312,0.0615386962890625,0.894,0.15000000000009095,7.330499267578198,20.0,0.8
5.961,0.5313959121704102,0.5313959121704102,0.0615386962890625,0.89415,0.14999999999992042,7.325850799560484,20.0,0.8
5.962,0.5313959121704102,0.5313959121704102,0.07032966613769531,0.8943,0.1500000000000341,7.321818023681667,20.0,0.8
5.963,0.5313959121704102,0.5313959121704102,0.09670257568359375,0.89445,0.14999999999997726,7.303719696044903,20.0,0.8
5.964,0.5313959121704102,0.5313959121704102,0.08791160583496094,0.8946000000000001,0.14999999999992042,7.313752471923766,20.0,0.8
5.965,0.5317773818969727,0.5317773818969727,0.09670257568359375,0.8947499999999999,0.1500000000000341,7.302090301513698,20.0,0.8
5.966,0.5317773818969727,0.5317773818969727,0.11428642272949219,0.8949,0.14999999999997726,7.291023223876936,20.0,0.8
5.9670000000000005,0.5317773818969727,0.5317773818969727,0.11428642272949219,0.89505,0.14999999999992042,7.29402322387689,20.0,0.8
5.968,0.5317773818969727,0.5317773818969727,0.11428642272949219,0.8952,0.15000000000009095,7.297023223877026,20.0,0.8
5.969,0.5321588516235352,0.5321588516235352,0.11428642272949219,0.89535,0.14999999999992042,7.29239382934564,20.0,0.8
5.97,0.5321588516235352,0.5321588516235352,0.10549545288085938,0.8955,0.1500000000000341,7.302426605224636,20.0,0.8
5.971,0.5321588516235352,0.5321588516235352,0.11428642272949219,0.89565,0.14999999999997726,7.298393829345684,20.0,0.8
5.972,0.5325403213500977,0.5325403213500977,0.10549545288085938,0.8958,0.14999999999992042,7.300797210693296,20.0,0.8
5.973,0.5325403213500977,0.5325403213500977,0.10549545288085938,0.8959499999999999,0.1500000000000341,7.303797210693386,20.0,0.8
5.974,0.5325403213500977,0.5325403213500977,0.123077392578125,0.8961,0.15000000000009095,7.292731658935621,20.0,0.8
5.9750000000000005,0.5329217910766602,0.5329217910766602,0.11428642272949219,0.8962500000000001,0.14999999999992042,7.295135040283142,20.0,0.8
5.976,0.5329217910766602,0.5329217910766602,0.123077392578125,0.8964,0.1500000000000341,7.291102264404323,20.0,0.8
5.977,0.5329217910766602,0.5329217910766602,0.123077392578125,0.8965500000000001,0.14999999999992042,7.294102264404234,20.0,0.8
5.978,0.5329217910766602,0.5329217910766602,0.1318683624267578,0.8966999999999999,0.1500000000000341,7.290069488525417,20.0,0.8
5.979,0.5333032608032227,0.5333032608032227,0.11428642272949219,0.89685,0.1500000000000341,7.299505645751982,20.0,0.8
5.98,0.5333032608032227,0.5333032608032227,0.123077392578125,0.897,0.14999999999992042,7.295472869872984,20.0,0.8
5.981,0.5333032608032227,0.5333032608032227,0.09670257568359375,0.89715,0.1500000000000341,7.319572723388699,20.0,0.8
5.982,0.5336847305297852,0.5336847305297852,0.11428642272949219,0.8973,0.1500000000000341,7.30087625122073,20.0,0.8
5.9830000000000005,0.5336847305297852,0.5336847305297852,0.09670257568359375,0.8974500000000001,0.14999999999992042,7.31794332885736,20.0,0.8
5.984,0.5336847305297852,0.5336847305297852,0.08791160583496094,0.8976,0.1500000000000341,7.327976104736354,20.0,0.8
5.985,0.5336847305297852,0.5336847305297852,0.07912063598632812,0.89775,0.14999999999997726,7.3380088806152175,20.0,0.8
5.986,0.5340662002563477,0.5340662002563477,0.08791160583496094,0.8978999999999999,0.1500000000000341,7.326346710205104,20.0,0.8
5.987,0.5340662002563477,0.5340662002563477,0.07032966613769531,0.89805,0.1500000000000341,7.343412261962918,20.0,0.8
5.988,0.5340662002563477,0.5340662002563477,0.08791160583496094,0.8982,0.14999999999997726,7.33234671020506,20.0,0.8
5.989,0.5340662002563477,0.5340662002563477,0.07912063598632812,0.89835,0.1500000000000341,7.3423794860840115,20.0,0.8
5.99,0.5340662002563477,0.5340662002563477,0.08791160583496094,0.8985,0.14999999999997726,7.338346710205059,20.0,0.8
5.9910000000000005,0.5344476699829102,0.5344476699829102,0.11428642272949219,0.8986500000000001,0.14999999999997726,7.312617462158186,20.0,0.8
5.992,0.5344476699829102,0.5344476699829102,0.11428642272949219,0.8987999999999999,0.1500000000000341,7.3156174621582295,20.0,0.8
5.993,0.5344476699829102,0.5344476699829102,0.1318683624267578,0.89895,0.14999999999997726,7.304551910400374,20.0,0.8
5.994,0.5348291397094727,0.5348291397094727,0.123077392578125,0.8990999999999999,0.14999999999997726,7.306955291748026,20.0,0.8
5.995,0.5348291397094727,0.5348291397094727,0.14065933227539062,0.89925,0.1500000000000341,7.295889739990261,20.0,0.8
5.996,0.5348291397094727,0.5348291397094727,0.123077392578125,0.8994000000000001,0.14999999999997726,7.31295529174803,20.0,0.8
5.997,0.5352106094360352,0.5352106094360352,0.11428642272949219,0.89955,0.14999999999997726,7.315358673095685,20.0,0.8
5.998,0.5352106094360352,0.5352106094360352,0.14065933227539062,0.8997,0.14999999999997726,7.297260345458968,20.0,0.8
5.9990000000000006,0.5352106094360352,0.5352106094360352,0.15824127197265625,0.89985,0.14999999999992042,7.286194793701109,20.0,0.8
6.0,0.5355920791625977,0.5355920791625977,0.15824127197265625,0.8999999999999999,0.15000000000009095,7.281565399169993,20.0,0.8
6.001,0.5355920791625977,0.5355920791625977,0.1846160888671875,0.90015,0.14999999999992042,7.263465545654233,20.0,0.8
6.002,0.5359735488891602,0.5359735488891602,0.1934070587158203,0.9002999999999999,0.15000000000009095,7.251803375244211,20.0,0.8
6.003,0.5359735488891602,0.5359735488891602,0.20219802856445312,0.90045,0.1500000000000341,7.2477705993652615,20.0,0.8
6.0040000000000004,0.5363550186157227,0.5363550186157227,0.20219802856445312,0.9006000000000001,0.14999999999992042,7.243141204833922,20.0,0.8
6.005,0.5363550186157227,0.5363550186157227,0.1758251190185547,0.9007499999999999,0.1500000000000341,7.267239532470729,20.0,0.8
6.006,0.5367364883422852,0.5367364883422852,0.16703224182128906,0.9009,0.14999999999997726,7.269644439697248,20.0,0.8
6.007000000000001,0.5367364883422852,0.5367364883422852,0.14945030212402344,0.90105,0.14999999999992042,7.286709991455015,20.0,0.8
6.008,0.5371179580688477,0.5371179580688477,0.14945030212402344,0.9012,0.1500000000000341,7.282080596923856,20.0,0.8
6.009,0.5371179580688477,0.5371179580688477,0.123077392578125,0.90135,0.14999999999992042,7.3061789245604825,20.0,0.8
6.01,0.5371179580688477,0.5371179580688477,0.1318683624267578,0.9015,0.15000000000009095,7.302146148681713,20.0,0.8
6.011,0.5371179580688477,0.5371179580688477,0.11428642272949219,0.90165,0.14999999999997726,7.319211700439435,20.0,0.8
6.0120000000000005,0.5374994277954102,0.5374994277954102,0.11428642272949219,0.9018,0.14999999999992042,7.314582305908141,20.0,0.8
6.013,0.5374994277954102,0.5374994277954102,0.1318683624267578,0.9019499999999999,0.1500000000000341,7.303516754150416,20.0,0.8
6.014,0.5374994277954102,0.5374994277954102,0.10549545288085938,0.9021,0.14999999999997726,7.327615081787091,20.0,0.8
6.015000000000001,0.5378808975219727,0.5378808975219727,0.10549545288085938,0.90225,0.14999999999992042,7.3229856872557955,20.0,0.8
6.016,0.5378808975219727,0.5378808975219727,0.10549545288085938,0.9024,0.1500000000000341,7.325985687255887,20.0,0.8
6.017,0.5378808975219727,0.5378808975219727,0.09670257568359375,0.90255,0.14999999999997726,7.336019989013653,20.0,0.8
6.018,0.5382623672485352,0.5382623672485352,0.10549545288085938,0.9027,0.15000000000009095,7.324356292724681,20.0,0.8
6.019,0.5382623672485352,0.5382623672485352,0.09670257568359375,0.9028499999999999,0.14999999999997726,7.334390594482402,20.0,0.8
6.0200000000000005,0.5382623672485352,0.5382623672485352,0.10549545288085938,0.903,0.14999999999997726,7.330356292724591,20.0,0.8
6.021,0.5382623672485352,0.5382623672485352,0.11428642272949219,0.9031499999999999,0.15000000000009095,7.326323516845774,20.0,0.8
6.022,0.5386438369750977,0.5386438369750977,0.10549545288085938,0.9033,0.14999999999997726,7.328726898193341,20.0,0.8
6.023,0.5386438369750977,0.5386438369750977,0.123077392578125,0.9034499999999999,0.1500000000000341,7.317661346435571,20.0,0.8
6.024,0.5386438369750977,0.5386438369750977,0.1318683624267578,0.9036,0.1500000000000341,7.313628570556667,20.0,0.8
6.025,0.5390253067016602,0.5390253067016602,0.1318683624267578,0.90375,0.14999999999997726,7.308999176025374,20.0,0.8
6.026,0.5390253067016602,0.5390253067016602,0.14065933227539062,0.9038999999999999,0.1500000000000341,7.30496640014651,20.0,0.8
6.027,0.5390253067016602,0.5390253067016602,0.11428642272949219,0.90405,0.14999999999997726,7.3290647277831855,20.0,0.8
6.0280000000000005,0.5394067764282227,0.5394067764282227,0.11428642272949219,0.9042,0.14999999999997726,7.324435333251935,20.0,0.8
6.029,0.5394067764282227,0.5394067764282227,0.11428642272949219,0.90435,0.1500000000000341,7.32743533325198,20.0,0.8
6.03,0.5394067764282227,0.5394067764282227,0.123077392578125,0.9045,0.14999999999997726,7.323402557373028,20.0,0.8
6.031,0.5397882461547852,0.5397882461547852,0.1318683624267578,0.90465,0.1500000000000341,7.311740386962917,20.0,0.8
6.032,0.5397882461547852,0.5397882461547852,0.123077392578125,0.9047999999999999,0.14999999999997726,7.321773162841777,20.0,0.8
6.033,0.5397882461547852,0.5397882461547852,0.14065933227539062,0.90495,0.14999999999997726,7.310707611083966,20.0,0.8
6.034,0.5401697158813477,0.5401697158813477,0.1318683624267578,0.9050999999999999,0.1500000000000341,7.313110992431667,20.0,0.8
6.035,0.5401697158813477,0.5401697158813477,0.1318683624267578,0.90525,0.14999999999997726,7.316110992431623,20.0,0.8
6.0360000000000005,0.5401697158813477,0.5401697158813477,0.123077392578125,0.9054,0.14999999999997726,7.326143768310528,20.0,0.8
6.037,0.5405511856079102,0.5405511856079102,0.123077392578125,0.90555,0.1500000000000341,7.321514373779323,20.0,0.8
6.038,0.5405511856079102,0.5405511856079102,0.11428642272949219,0.9057,0.14999999999992042,7.331547149658139,20.0,0.8
6.039,0.5405511856079102,0.5405511856079102,0.11428642272949219,0.9058499999999999,0.15000000000009095,7.334547149658275,20.0,0.8
6.04,0.5409326553344727,0.5409326553344727,0.11428642272949219,0.9059999999999999,0.14999999999997726,7.329917755126933,20.0,0.8
6.041,0.5409326553344727,0.5409326553344727,0.1318683624267578,0.90615,0.14999999999992042,7.318852203369077,20.0,0.8
6.042,0.5409326553344727,0.5409326553344727,0.123077392578125,0.9062999999999999,0.15000000000009095,7.328884979248118,20.0,0.8
6.043,0.5413141250610352,0.5413141250610352,0.14065933227539062,0.90645,0.1500000000000341,7.310190032959011,20.0,0.8
6.0440000000000005,0.5413141250610352,0.5413141250610352,0.14945030212402344,0.9066000000000001,0.14999999999992042,7.306157257080016,20.0,0.8
6.045,0.5413141250610352,0.5413141250610352,0.16703224182128906,0.90675,0.15000000000009095,7.295091705322338,20.0,0.8
6.046,0.5416955947875977,0.5416955947875977,0.14945030212402344,0.9069,0.14999999999992042,7.304527862548765,20.0,0.8
6.047,0.5416955947875977,0.5416955947875977,0.16703224182128906,0.9070499999999999,0.15000000000009095,7.293462310791087,20.0,0.8
6.048,0.5420770645141602,0.5420770645141602,0.1758251190185547,0.9072,0.14999999999997726,7.281798614501935,20.0,0.8
6.049,0.5420770645141602,0.5420770645141602,0.1846160888671875,0.90735,0.14999999999997726,7.277765838623029,20.0,0.8
6.05,0.5424585342407227,0.5424585342407227,0.1934070587158203,0.9075,0.15000000000009095,7.2661036682129625,20.0,0.8
6.051,0.5424585342407227,0.5424585342407227,0.21098899841308594,0.90765,0.1500000000000341,7.255038116455104,20.0,0.8
6.0520000000000005,0.5428400039672852,0.5428400039672852,0.21977996826171875,0.9078,0.14999999999997726,7.243375946044904,20.0,0.8
6.053,0.5428400039672852,0.5428400039672852,0.21098899841308594,0.9079499999999999,0.15000000000009095,7.2534087219239,20.0,0.8
6.054,0.5432214736938477,0.5432214736938477,0.21977996826171875,0.9081,0.14999999999992042,7.241746551513609,20.0,0.8
6.055,0.5432214736938477,0.5432214736938477,0.1758251190185547,0.9082499999999999,0.1500000000000341,7.279910430908227,20.0,0.8
6.056,0.5436029434204102,0.5436029434204102,0.1846160888671875,0.9084,0.14999999999997726,7.268248260498028,20.0,0.8
6.057,0.5436029434204102,0.5436029434204102,0.21098899841308594,0.90855,0.14999999999992042,7.250149932861264,20.0,0.8
6.058,0.5439844131469727,0.5439844131469727,0.21977996826171875,0.9087,0.1500000000000341,7.238487762451198,20.0,0.8
6.059,0.5443658828735352,0.5443658828735352,0.23736190795898438,0.9088499999999999,0.1500000000000341,7.219792816162135,20.0,0.8
6.0600000000000005,0.5443658828735352,0.5443658828735352,0.24615478515625,0.909,0.14999999999997726,7.215758514404279,20.0,0.8
6.061,0.5447473526000977,0.5447473526000977,0.22857093811035156,0.9091499999999999,0.1500000000000341,7.225196197509791,20.0,0.8
6.062,0.5447473526000977,0.5447473526000977,0.21098899841308594,0.9093,0.14999999999992042,7.242261749267515,20.0,0.8
6.063,0.5451288223266602,0.5451288223266602,0.20219802856445312,0.9094499999999999,0.1500000000000341,7.244665130615259,20.0,0.8
6.064,0.5451288223266602,0.5451288223266602,0.16703224182128906,0.9096,0.15000000000009095,7.275797760009838,20.0,0.8
6.065,0.5455102920532227,0.5455102920532227,0.1758251190185547,0.9097500000000001,0.14999999999992042,7.264134063720641,20.0,0.8
6.066,0.5455102920532227,0.5455102920532227,0.16703224182128906,0.9098999999999999,0.1500000000000341,7.274168365478541,20.0,0.8
6.067,0.5458917617797852,0.5458917617797852,0.16703224182128906,0.91005,0.14999999999997726,7.269538970947248,20.0,0.8
6.0680000000000005,0.5458917617797852,0.5458917617797852,0.16703224182128906,0.9102,0.14999999999997726,7.272538970947248,20.0,0.8
6.069,0.5462732315063477,0.5462732315063477,0.16703224182128906,0.91035,0.1500000000000341,7.267909576416042,20.0,0.8
6.07,0.5462732315063477,0.5462732315063477,0.14945030212402344,0.9105,0.14999999999992042,7.284975128173763,20.0,0.8
6.071,0.5466547012329102,0.5466547012329102,0.15824127197265625,0.91065,0.1500000000000341,7.273312957763698,20.0,0.8
6.072,0.5466547012329102,0.5466547012329102,0.15824127197265625,0.9107999999999999,0.14999999999997726,7.276312957763653,20.0,0.8
6.073,0.5466547012329102,0.5466547012329102,0.15824127197265625,0.91095,0.14999999999992042,7.27931295776361,20.0,0.8
6.074,0.5470361709594727,0.5470361709594727,0.1758251190185547,0.9110999999999999,0.1500000000000341,7.260616485595728,20.0,0.8
6.075,0.5470361709594727,0.5470361709594727,0.1758251190185547,0.91125,0.14999999999997726,7.263616485595684,20.0,0.8
6.0760000000000005,0.5474176406860352,0.5474176406860352,0.1758251190185547,0.9114,0.14999999999992042,7.258987091064389,20.0,0.8
6.077,0.5474176406860352,0.5474176406860352,0.15824127197265625,0.91155,0.1500000000000341,7.276054168701199,20.0,0.8
6.078,0.5474176406860352,0.5474176406860352,0.1318683624267578,0.9117,0.14999999999997726,7.300152496337872,20.0,0.8
6.079,0.5477991104125977,0.5477991104125977,0.15824127197265625,0.9118499999999999,0.1500000000000341,7.2744247741699475,20.0,0.8
6.08,0.5477991104125977,0.5477991104125977,0.14945030212402344,0.9119999999999999,0.14999999999997726,7.284457550048808,20.0,0.8
6.081,0.5481805801391602,0.5481805801391602,0.16703224182128906,0.91215,0.14999999999997726,7.265762603759748,20.0,0.8
6.082,0.5481805801391602,0.5481805801391602,0.1758251190185547,0.9122999999999999,0.15000000000009095,7.261728302002024,20.0,0.8
6.083,0.5485620498657227,0.5485620498657227,0.1758251190185547,0.91245,0.1500000000000341,7.25709890747073,20.0,0.8
6.0840000000000005,0.5485620498657227,0.5485620498657227,0.1846160888671875,0.9126000000000001,0.14999999999992042,7.253066131591734,20.0,0.8
6.085,0.5489435195922852,0.5489435195922852,0.1846160888671875,0.91275,0.15000000000009095,7.248436737060619,20.0,0.8
6.086,0.5489435195922852,0.5489435195922852,0.16703224182128906,0.9129,0.14999999999992042,7.265503814697203,20.0,0.8
6.087,0.5489435195922852,0.5489435195922852,0.1758251190185547,0.9130499999999999,0.1500000000000341,7.261469512939478,20.0,0.8
6.088,0.5493249893188477,0.5493249893188477,0.1758251190185547,0.9132,0.14999999999997726,7.256840118408185,20.0,0.8
6.089,0.5493249893188477,0.5493249893188477,0.1846160888671875,0.91335,0.14999999999992042,7.252807342529232,20.0,0.8
6.09,0.5497064590454102,0.5497064590454102,0.21098899841308594,0.9135,0.1500000000000341,7.227079620361355,20.0,0.8
6.091,0.5500879287719727,0.5500879287719727,0.21977996826171875,0.91365,0.14999999999997726,7.215417449951153,20.0,0.8
6.0920000000000005,0.5500879287719727,0.5500879287719727,0.21977996826171875,0.9138000000000001,0.14999999999992042,7.21841744995111,20.0,0.8
6.093,0.5504693984985352,0.5504693984985352,0.21977996826171875,0.9139499999999999,0.1500000000000341,7.213788055419947,20.0,0.8
6.094,0.5504693984985352,0.5504693984985352,0.23736190795898438,0.9141,0.14999999999992042,7.202722503662046,20.0,0.8
6.095,0.5508508682250977,0.5508508682250977,0.22857093811035156,0.9142499999999999,0.1500000000000341,7.2051258850097915,20.0,0.8
6.096,0.5508508682250977,0.5508508682250977,0.23736190795898438,0.9144,0.14999999999997726,7.201093109130841,20.0,0.8
6.097,0.5512323379516602,0.5512323379516602,0.24615478515625,0.91455,0.14999999999992042,7.189429412841733,20.0,0.8
6.098,0.5516138076782227,0.5516138076782227,0.23736190795898438,0.9147,0.1500000000000341,7.191834320068385,20.0,0.8
6.099,0.5516138076782227,0.5516138076782227,0.1934070587158203,0.9148499999999999,0.14999999999997726,7.229998199462871,20.0,0.8
6.1000000000000005,0.5519952774047852,0.5519952774047852,0.21977996826171875,0.915,0.14999999999992042,7.204270477294859,20.0,0.8
6.101,0.5519952774047852,0.5519952774047852,0.2549457550048828,0.9151499999999999,0.1500000000000341,7.179137847900416,20.0,0.8
6.102,0.5523767471313477,0.5523767471313477,0.24615478515625,0.9153,0.14999999999992042,7.181541229247983,20.0,0.8
6.103,0.5527582168579102,0.5527582168579102,0.27252769470214844,0.9154499999999999,0.1500000000000341,7.1558135070801026,20.0,0.8
6.104,0.5531396865844727,0.5531396865844727,0.2549457550048828,0.9156,0.1500000000000341,7.165249664306668,20.0,0.8
6.105,0.5531396865844727,0.5531396865844727,0.2549457550048828,0.9157500000000001,0.14999999999992042,7.168249664306578,20.0,0.8
6.106,0.5535211563110352,0.5535211563110352,0.23736190795898438,0.9158999999999999,0.1500000000000341,7.177687347412135,20.0,0.8
6.107,0.5535211563110352,0.5535211563110352,0.1934070587158203,0.91605,0.14999999999997726,7.215851226806623,20.0,0.8
6.1080000000000005,0.5539026260375977,0.5539026260375977,0.21098899841308594,0.9162,0.14999999999992042,7.197156280517515,20.0,0.8
6.109,0.5539026260375977,0.5539026260375977,0.20219802856445312,0.91635,0.1500000000000341,7.207189056396512,20.0,0.8
6.11,0.5542840957641602,0.5542840957641602,0.20219802856445312,0.9165,0.14999999999997726,7.202559661865216,20.0,0.8
6.111,0.5542840957641602,0.5542840957641602,0.20219802856445312,0.91665,0.1500000000000341,7.205559661865261,20.0,0.8
6.112,0.5546655654907227,0.5546655654907227,0.1934070587158203,0.9168,0.14999999999997726,7.207963043212871,20.0,0.8
6.113,0.5546655654907227,0.5546655654907227,0.1846160888671875,0.91695,0.14999999999997726,7.2179958190917795,20.0,0.8
6.114,0.5550470352172852,0.5550470352172852,0.20219802856445312,0.9170999999999999,0.1500000000000341,7.199300872802761,20.0,0.8
6.115,0.5554285049438477,0.5554285049438477,0.20219802856445312,0.91725,0.14999999999997726,7.1946714782714665,20.0,0.8
6.1160000000000005,0.5554285049438477,0.5554285049438477,0.20219802856445312,0.9174,0.14999999999997726,7.197671478271466,20.0,0.8
6.117,0.5558099746704102,0.5558099746704102,0.20219802856445312,0.91755,0.1500000000000341,7.193042083740261,20.0,0.8
6.118,0.5558099746704102,0.5558099746704102,0.1934070587158203,0.9177,0.14999999999997726,7.203074859619122,20.0,0.8
6.119,0.5561914443969727,0.5561914443969727,0.1758251190185547,0.9178499999999999,0.14999999999997726,7.212511016845684,20.0,0.8
6.12,0.5561914443969727,0.5561914443969727,0.1846160888671875,0.9179999999999999,0.14999999999997726,7.208478240966778,20.0,0.8
6.121,0.5565729141235352,0.5565729141235352,0.1934070587158203,0.91815,0.14999999999997726,7.196816070556623,20.0,0.8
6.122,0.5565729141235352,0.5565729141235352,0.20219802856445312,0.9182999999999999,0.1500000000000341,7.19278329467776,20.0,0.8
6.123,0.5569543838500977,0.5569543838500977,0.1934070587158203,0.91845,0.15000000000009095,7.195186676025463,20.0,0.8
6.1240000000000006,0.5569543838500977,0.5569543838500977,0.1934070587158203,0.9186000000000001,0.14999999999992042,7.198186676025329,20.0,0.8
6.125,0.5573358535766602,0.5573358535766602,0.1846160888671875,0.91875,0.1500000000000341,7.2005900573730734,20.0,0.8
6.126,0.5573358535766602,0.5573358535766602,0.16703224182128906,0.9189,0.14999999999992042,7.217657135009703,20.0,0.8
6.127,0.5573358535766602,0.5573358535766602,0.1846160888671875,0.9190499999999999,0.1500000000000341,7.206590057373073,20.0,0.8
6.128,0.5577173233032227,0.5577173233032227,0.1846160888671875,0.9192,0.1500000000000341,7.201960662841825,20.0,0.8
6.1290000000000004,0.5577173233032227,0.5577173233032227,0.20219802856445312,0.91935,0.14999999999992042,7.190895111083921,20.0,0.8
6.13,0.5580987930297852,0.5580987930297852,0.21098899841308594,0.9195,0.1500000000000341,7.179232940673855,20.0,0.8
6.131,0.5584802627563477,0.5584802627563477,0.21977996826171875,0.91965,0.14999999999997726,7.167570770263652,20.0,0.8
6.132000000000001,0.5584802627563477,0.5584802627563477,0.21977996826171875,0.9198000000000001,0.14999999999992042,7.170570770263609,20.0,0.8
6.133,0.5588617324829102,0.5588617324829102,0.21977996826171875,0.9199499999999999,0.1500000000000341,7.165941375732448,20.0,0.8
6.134,0.5588617324829102,0.5588617324829102,0.22857093811035156,0.9201,0.14999999999992042,7.161908599853453,20.0,0.8
6.135,0.5592432022094727,0.5592432022094727,0.24615478515625,0.9202499999999999,0.15000000000009095,7.143212127685617,20.0,0.8
6.136,0.5596246719360352,0.5596246719360352,0.2549457550048828,0.9204,0.1500000000000341,7.131549957275418,20.0,0.8
6.1370000000000005,0.5596246719360352,0.5596246719360352,0.2549457550048828,0.92055,0.14999999999992042,7.134549957275326,20.0,0.8
6.138,0.5600061416625977,0.5600061416625977,0.21098899841308594,0.9207,0.1500000000000341,7.165085968017605,20.0,0.8
6.139,0.5600061416625977,0.5600061416625977,0.20219802856445312,0.92085,0.14999999999997726,7.175118743896465,20.0,0.8
6.140000000000001,0.5603876113891602,0.5603876113891602,0.2549457550048828,0.921,0.14999999999992042,7.128291168212828,20.0,0.8
6.141,0.5607690811157227,0.5607690811157227,0.27252769470214844,0.9211499999999999,0.1500000000000341,7.109596221923853,20.0,0.8
6.142,0.5607690811157227,0.5607690811157227,0.27252769470214844,0.9213,0.14999999999997726,7.11259622192381,20.0,0.8
6.143,0.5611505508422852,0.5611505508422852,0.29010963439941406,0.9214499999999999,0.15000000000009095,7.093901275634836,20.0,0.8
6.144,0.5615320205688477,0.5615320205688477,0.2637367248535156,0.9216,0.1500000000000341,7.110370208740261,20.0,0.8
6.1450000000000005,0.5619134902954102,0.5619134902954102,0.24615478515625,0.9217500000000001,0.14999999999997726,7.11980636596678,20.0,0.8
6.146,0.5619134902954102,0.5619134902954102,0.23736190795898438,0.9218999999999999,0.15000000000009095,7.129840667724681,20.0,0.8
6.147,0.5622949600219727,0.5622949600219727,0.22857093811035156,0.92205,0.14999999999997726,7.1322440490722485,20.0,0.8
6.148,0.5622949600219727,0.5622949600219727,0.23736190795898438,0.9221999999999999,0.1500000000000341,7.128211273193385,20.0,0.8
6.149,0.5626764297485352,0.5626764297485352,0.22857093811035156,0.92235,0.1500000000000341,7.130614654541043,20.0,0.8
6.15,0.5630578994750977,0.5630578994750977,0.22857093811035156,0.9225,0.14999999999997726,7.125985260009747,20.0,0.8
6.151,0.5630578994750977,0.5630578994750977,0.21977996826171875,0.92265,0.1500000000000341,7.136018035888698,20.0,0.8
6.152,0.5634393692016602,0.5634393692016602,0.21977996826171875,0.9228,0.14999999999997726,7.131388641357403,20.0,0.8
6.1530000000000005,0.5634393692016602,0.5634393692016602,0.23736190795898438,0.92295,0.14999999999997726,7.120323089599593,20.0,0.8
6.154,0.5638208389282227,0.5638208389282227,0.21977996826171875,0.9230999999999999,0.1500000000000341,7.129759246826197,20.0,0.8
6.155,0.5642023086547852,0.5642023086547852,0.21098899841308594,0.92325,0.14999999999997726,7.13216262817381,20.0,0.8
6.156,0.5642023086547852,0.5642023086547852,0.1758251190185547,0.9233999999999999,0.1500000000000341,7.163293731689478,20.0,0.8
6.157,0.5642023086547852,0.5642023086547852,0.1846160888671875,0.92355,0.14999999999997726,7.159260955810529,20.0,0.8
6.158,0.5645837783813477,0.5645837783813477,0.20219802856445312,0.9237,0.14999999999997726,7.140566009521465,20.0,0.8
6.159,0.5649652481079102,0.5649652481079102,0.21098899841308594,0.92385,0.1500000000000341,7.128903839111354,20.0,0.8
6.16,0.5649652481079102,0.5649652481079102,0.21977996826171875,0.9239999999999999,0.14999999999997726,7.124871063232402,20.0,0.8
6.1610000000000005,0.5653467178344727,0.5653467178344727,0.20219802856445312,0.92415,0.14999999999997726,7.134307220458966,20.0,0.8
6.162,0.5653467178344727,0.5653467178344727,0.1934070587158203,0.9242999999999999,0.15000000000009095,7.144339996337961,20.0,0.8
6.163,0.5657281875610352,0.5657281875610352,0.1934070587158203,0.92445,0.14999999999992042,7.139710601806577,20.0,0.8
6.164,0.5657281875610352,0.5657281875610352,0.1846160888671875,0.9245999999999999,0.15000000000009095,7.149743377685617,20.0,0.8
6.165,0.5661096572875977,0.5661096572875977,0.21977996826171875,0.92475,0.1500000000000341,7.116982879638698,20.0,0.8
6.166,0.5661096572875977,0.5661096572875977,0.21098899841308594,0.9249,0.14999999999992042,7.127015655517516,20.0,0.8
6.167,0.5664911270141602,0.5664911270141602,0.22857093811035156,0.9250499999999999,0.15000000000009095,7.108320709228587,20.0,0.8
6.168,0.5668725967407227,0.5668725967407227,0.23736190795898438,0.9252,0.14999999999997726,7.096658538818342,20.0,0.8
6.1690000000000005,0.5668725967407227,0.5668725967407227,0.23736190795898438,0.92535,0.14999999999992042,7.099658538818296,20.0,0.8
6.17,0.5672540664672852,0.5672540664672852,0.24615478515625,0.9255,0.15000000000009095,7.087994842529369,20.0,0.8
6.171,0.5672540664672852,0.5672540664672852,0.24615478515625,0.92565,0.14999999999992042,7.090994842529233,20.0,0.8
6.172,0.5676355361938477,0.5676355361938477,0.2549457550048828,0.9258,0.15000000000009095,7.079332672119213,20.0,0.8
6.173,0.5680170059204102,0.5680170059204102,0.27252769470214844,0.9259499999999999,0.14999999999997726,7.060637725830058,20.0,0.8
6.174,0.5680170059204102,0.5680170059204102,0.24615478515625,0.9261,0.14999999999997726,7.084736053466779,20.0,0.8
6.175,0.5683984756469727,0.5683984756469727,0.21977996826171875,0.9262499999999999,0.15000000000009095,7.101206512451244,20.0,0.8
6.176,0.5687799453735352,0.5687799453735352,0.24615478515625,0.9264,0.14999999999997726,7.075477264404279,20.0,0.8
6.1770000000000005,0.5687799453735352,0.5687799453735352,0.2637367248535156,0.92655,0.14999999999997726,7.064411712646466,20.0,0.8
6.178,0.5691614151000977,0.5691614151000977,0.2637367248535156,0.9267,0.15000000000009095,7.059782318115306,20.0,0.8
6.179,0.5695428848266602,0.5695428848266602,0.27252769470214844,0.92685,0.14999999999992042,7.0481201477050135,20.0,0.8
6.18,0.5695428848266602,0.5695428848266602,0.2637367248535156,0.9269999999999999,0.1500000000000341,7.058152923584011,20.0,0.8
6.181,0.5699243545532227,0.5699243545532227,0.24615478515625,0.9271499999999999,0.14999999999997726,7.067589080810527,20.0,0.8
6.182,0.5703058242797852,0.5703058242797852,0.22857093811035156,0.9273,0.14999999999997726,7.077026763915998,20.0,0.8
6.183,0.5703058242797852,0.5703058242797852,0.21977996826171875,0.9274499999999999,0.1500000000000341,7.0870595397949465,20.0,0.8
6.184,0.5706872940063477,0.5706872940063477,0.20219802856445312,0.9276,0.1500000000000341,7.096495697021512,20.0,0.8
6.1850000000000005,0.5706872940063477,0.5706872940063477,0.21098899841308594,0.9277500000000001,0.14999999999997726,7.092462921142562,20.0,0.8
6.186,0.5710687637329102,0.5710687637329102,0.20219802856445312,0.9279,0.1500000000000341,7.094866302490261,20.0,0.8
6.187,0.5714502334594727,0.5714502334594727,0.21977996826171875,0.92805,0.14999999999992042,7.076171356201109,20.0,0.8
6.188,0.5714502334594727,0.5714502334594727,0.21098899841308594,0.9281999999999999,0.1500000000000341,7.086204132080104,20.0,0.8
6.189,0.5718317031860352,0.5718317031860352,0.21098899841308594,0.92835,0.14999999999997726,7.08157473754881,20.0,0.8
6.19,0.5718317031860352,0.5718317031860352,0.21098899841308594,0.9285,0.14999999999992042,7.084574737548765,20.0,0.8
6.191,0.5722131729125977,0.5722131729125977,0.21977996826171875,0.92865,0.1500000000000341,7.072912567138698,20.0,0.8
6.192,0.5722131729125977,0.5722131729125977,0.20219802856445312,0.9288,0.14999999999997726,7.089978118896465,20.0,0.8
6.1930000000000005,0.5725946426391602,0.5725946426391602,0.1846160888671875,0.92895,0.14999999999997726,7.09941427612303,20.0,0.8
6.194,0.5725946426391602,0.5725946426391602,0.1846160888671875,0.9290999999999999,0.1500000000000341,7.102414276123073,20.0,0.8
6.195,0.5729761123657227,0.5729761123657227,0.20219802856445312,0.92925,0.14999999999992042,7.083719329833921,20.0,0.8
6.196,0.5729761123657227,0.5729761123657227,0.1934070587158203,0.9293999999999999,0.1500000000000341,7.093752105712915,20.0,0.8
6.197,0.5733575820922852,0.5733575820922852,0.1934070587158203,0.92955,0.14999999999997726,7.089122711181622,20.0,0.8
6.198,0.5733575820922852,0.5733575820922852,0.1846160888671875,0.9297,0.14999999999992042,7.099155487060482,20.0,0.8
6.199,0.5737390518188477,0.5737390518188477,0.1846160888671875,0.92985,0.1500000000000341,7.094526092529324,20.0,0.8
6.2,0.5737390518188477,0.5737390518188477,0.1758251190185547,0.9299999999999999,0.1500000000000341,7.104558868408229,20.0,0.8
6.2010000000000005,0.5741205215454102,0.5741205215454102,0.16703224182128906,0.93015,0.14999999999997726,7.106963775634748,20.0,0.8
6.202,0.5741205215454102,0.5741205215454102,0.16703224182128906,0.9302999999999999,0.15000000000009095,7.109963775634837,20.0,0.8
6.203,0.5745019912719727,0.5745019912719727,0.1758251190185547,0.93045,0.14999999999992042,7.0983000793456394,20.0,0.8
6.204,0.5745019912719727,0.5745019912719727,0.1846160888671875,0.9305999999999999,0.15000000000009095,7.094267303466867,20.0,0.8
6.205,0.5748834609985352,0.5748834609985352,0.1934070587158203,0.93075,0.15000000000009095,7.082605133056712,20.0,0.8
6.206,0.5748834609985352,0.5748834609985352,0.20219802856445312,0.9309000000000001,0.14999999999992042,7.078572357177672,20.0,0.8
6.207,0.5752649307250977,0.5752649307250977,0.1846160888671875,0.9310499999999999,0.15000000000009095,7.088008514404368,20.0,0.8
6.208,0.5752649307250977,0.5752649307250977,0.21098899841308594,0.9312,0.1500000000000341,7.069910186767606,20.0,0.8
6.2090000000000005,0.5756464004516602,0.5756464004516602,0.21098899841308594,0.93135,0.14999999999992042,7.0652807922362655,20.0,0.8
6.21,0.5756464004516602,0.5756464004516602,0.21098899841308594,0.9315,0.15000000000009095,7.068280792236401,20.0,0.8
6.211,0.5760278701782227,0.5760278701782227,0.21977996826171875,0.93165,0.14999999999992042,7.056618621826107,20.0,0.8
6.212,0.5760278701782227,0.5760278701782227,0.21098899841308594,0.9318,0.1500000000000341,7.066651397705105,20.0,0.8
6.213,0.5764093399047852,0.5764093399047852,0.22857093811035156,0.93195,0.1500000000000341,7.047956451416042,20.0,0.8
6.214,0.5764093399047852,0.5764093399047852,0.1934070587158203,0.9321,0.14999999999992042,7.079087554931578,20.0,0.8
6.215,0.5767908096313477,0.5767908096313477,0.1846160888671875,0.9322499999999999,0.1500000000000341,7.081490936279322,20.0,0.8
6.216,0.5771722793579102,0.5771722793579102,0.23736190795898438,0.9324,0.14999999999997726,7.034664886474591,20.0,0.8
6.2170000000000005,0.5771722793579102,0.5771722793579102,0.2549457550048828,0.93255,0.14999999999992042,7.023597808837827,20.0,0.8
6.218,0.5775537490844727,0.5775537490844727,0.27252769470214844,0.9327,0.1500000000000341,7.004902862548855,20.0,0.8
6.219,0.5779352188110352,0.5779352188110352,0.2549457550048828,0.93285,0.14999999999992042,7.014339019775326,20.0,0.8
6.22,0.5779352188110352,0.5779352188110352,0.27252769470214844,0.9329999999999999,0.1500000000000341,7.003273468017603,20.0,0.8
6.221,0.5783166885375977,0.5783166885375977,0.24615478515625,0.9331499999999999,0.14999999999997726,7.019742401123027,20.0,0.8
6.222,0.5786981582641602,0.5786981582641602,0.22857093811035156,0.9333,0.14999999999992042,7.029180084228452,20.0,0.8
6.223,0.5786981582641602,0.5786981582641602,0.21977996826171875,0.9334499999999999,0.1500000000000341,7.039212860107447,20.0,0.8
6.224,0.5790796279907227,0.5790796279907227,0.20219802856445312,0.9336,0.1500000000000341,7.048649017334012,20.0,0.8
6.2250000000000005,0.5790796279907227,0.5790796279907227,0.21098899841308594,0.9337500000000001,0.14999999999992042,7.044616241455016,20.0,0.8
6.226,0.5794610977172852,0.5794610977172852,0.21977996826171875,0.9339,0.1500000000000341,7.032954071044948,20.0,0.8
6.227,0.5794610977172852,0.5794610977172852,0.20219802856445312,0.93405,0.14999999999992042,7.0500196228026715,20.0,0.8
6.228,0.5798425674438477,0.5798425674438477,0.1934070587158203,0.9341999999999999,0.1500000000000341,7.052423004150416,20.0,0.8
6.229,0.5798425674438477,0.5798425674438477,0.20219802856445312,0.93435,0.14999999999997726,7.048390228271466,20.0,0.8
6.23,0.5802240371704102,0.5802240371704102,0.1934070587158203,0.9345,0.14999999999992042,7.050793609619077,20.0,0.8
6.231,0.5802240371704102,0.5802240371704102,0.1934070587158203,0.93465,0.1500000000000341,7.053793609619167,20.0,0.8
6.232,0.5806055068969727,0.5806055068969727,0.20219802856445312,0.9348,0.14999999999997726,7.042131439208966,20.0,0.8
6.2330000000000005,0.5806055068969727,0.5806055068969727,0.16703224182128906,0.9349500000000001,0.14999999999992042,7.073264068603454,20.0,0.8
6.234,0.5809869766235352,0.5809869766235352,0.15824127197265625,0.9350999999999999,0.1500000000000341,7.075667449951197,20.0,0.8
6.235,0.5809869766235352,0.5809869766235352,0.1758251190185547,0.93525,0.14999999999997726,7.064600372314435,20.0,0.8
6.236,0.5813684463500977,0.5813684463500977,0.16703224182128906,0.9353999999999999,0.1500000000000341,7.067005279541041,20.0,0.8
6.237,0.5813684463500977,0.5813684463500977,0.1934070587158203,0.93555,0.14999999999997726,7.048905426025373,20.0,0.8
6.238,0.5817499160766602,0.5817499160766602,0.1846160888671875,0.9357,0.14999999999997726,7.051308807373029,20.0,0.8
6.239,0.5817499160766602,0.5817499160766602,0.1758251190185547,0.93585,0.1500000000000341,7.061341583251979,20.0,0.8
6.24,0.5821313858032227,0.5821313858032227,0.1758251190185547,0.9359999999999999,0.14999999999997726,7.056712188720684,20.0,0.8
6.2410000000000005,0.5821313858032227,0.5821313858032227,0.16703224182128906,0.93615,0.14999999999997726,7.066746490478498,20.0,0.8
6.242,0.5821313858032227,0.5821313858032227,0.16703224182128906,0.9362999999999999,0.15000000000009095,7.069746490478587,20.0,0.8
6.243,0.5825128555297852,0.5825128555297852,0.15824127197265625,0.93645,0.14999999999992042,7.072149871826109,20.0,0.8
6.244,0.5825128555297852,0.5825128555297852,0.16703224182128906,0.9365999999999999,0.1500000000000341,7.06811709594729,20.0,0.8
6.245,0.5828943252563477,0.5828943252563477,0.1758251190185547,0.93675,0.1500000000000341,7.0564533996582295,20.0,0.8
6.246,0.5828943252563477,0.5828943252563477,0.1934070587158203,0.9369000000000001,0.14999999999992042,7.0453878479003285,20.0,0.8
6.247,0.5832757949829102,0.5832757949829102,0.1846160888671875,0.9370499999999999,0.1500000000000341,7.047791229248073,20.0,0.8
6.248,0.5832757949829102,0.5832757949829102,0.1846160888671875,0.9372,0.14999999999997726,7.05079122924803,20.0,0.8
6.2490000000000006,0.5836572647094727,0.5836572647094727,0.1934070587158203,0.93735,0.14999999999992042,7.039129058837827,20.0,0.8
6.25,0.5836572647094727,0.5836572647094727,0.1934070587158203,0.9375,0.1500000000000341,7.042129058837918,20.0,0.8
6.251,0.5840387344360352,0.5840387344360352,0.1934070587158203,0.93765,0.14999999999992042,7.037499664306577,20.0,0.8
6.252,0.5840387344360352,0.5840387344360352,0.21098899841308594,0.9378,0.1500000000000341,7.026434112548855,20.0,0.8
6.253,0.5844202041625977,0.5844202041625977,0.1934070587158203,0.93795,0.14999999999997726,7.035870269775371,20.0,0.8
6.2540000000000004,0.5844202041625977,0.5844202041625977,0.21098899841308594,0.9381,0.14999999999992042,7.024804718017515,20.0,0.8
6.255,0.5848016738891602,0.5848016738891602,0.20219802856445312,0.9382499999999999,0.1500000000000341,7.027208099365261,20.0,0.8
6.256,0.5848016738891602,0.5848016738891602,0.16703224182128906,0.9384,0.14999999999997726,7.058340728759748,20.0,0.8
6.257000000000001,0.5851831436157227,0.5851831436157227,0.1934070587158203,0.93855,0.14999999999992042,7.032611480712827,20.0,0.8
6.258,0.5851831436157227,0.5851831436157227,0.21098899841308594,0.9387,0.1500000000000341,7.0215459289551045,20.0,0.8
6.259,0.5855646133422852,0.5855646133422852,0.23736190795898438,0.93885,0.14999999999992042,6.995818206787045,20.0,0.8
6.26,0.5859460830688477,0.5859460830688477,0.22857093811035156,0.939,0.1500000000000341,6.9982215881347924,20.0,0.8
6.261,0.5859460830688477,0.5859460830688477,0.24615478515625,0.9391499999999999,0.14999999999997726,6.987154510498027,20.0,0.8
6.2620000000000005,0.5863275527954102,0.5863275527954102,0.23736190795898438,0.9393,0.14999999999992042,6.989559417724546,20.0,0.8
6.263,0.5863275527954102,0.5863275527954102,0.21977996826171875,0.9394499999999999,0.1500000000000341,7.006624969482447,20.0,0.8
6.264,0.5867090225219727,0.5867090225219727,0.21977996826171875,0.9396,0.1500000000000341,7.001995574951199,20.0,0.8
6.265000000000001,0.5870904922485352,0.5870904922485352,0.20219802856445312,0.9397500000000001,0.14999999999992042,7.011431732177672,20.0,0.8
6.266,0.5870904922485352,0.5870904922485352,0.1846160888671875,0.9399,0.1500000000000341,7.0284972839355735,20.0,0.8
6.267,0.5874719619750977,0.5874719619750977,0.1846160888671875,0.94005,0.14999999999997726,7.02386788940428,20.0,0.8
6.268,0.5874719619750977,0.5874719619750977,0.1846160888671875,0.9401999999999999,0.15000000000009095,7.026867889404368,20.0,0.8
6.269,0.5878534317016602,0.5878534317016602,0.1758251190185547,0.94035,0.14999999999997726,7.029271270751935,20.0,0.8
6.2700000000000005,0.5878534317016602,0.5878534317016602,0.1846160888671875,0.9405,0.14999999999997726,7.0252384948730295,20.0,0.8
6.271,0.5878534317016602,0.5878534317016602,0.1758251190185547,0.94065,0.1500000000000341,7.03527127075198,20.0,0.8
6.272,0.5882349014282227,0.5882349014282227,0.15824127197265625,0.9408,0.14999999999997726,7.044708953857403,20.0,0.8
6.273,0.5882349014282227,0.5882349014282227,0.15824127197265625,0.94095,0.1500000000000341,7.047708953857448,20.0,0.8
6.274,0.5886163711547852,0.5886163711547852,0.16703224182128906,0.9410999999999999,0.14999999999997726,7.036046783447246,20.0,0.8
6.275,0.5886163711547852,0.5886163711547852,0.15824127197265625,0.94125,0.14999999999997726,7.046079559326155,20.0,0.8
6.276,0.5889978408813477,0.5889978408813477,0.16703224182128906,0.9413999999999999,0.1500000000000341,7.03441738891604,20.0,0.8
6.277,0.5889978408813477,0.5889978408813477,0.14945030212402344,0.94155,0.1500000000000341,7.051482940673855,20.0,0.8
6.2780000000000005,0.5889978408813477,0.5889978408813477,0.11428642272949219,0.9417,0.14999999999997726,7.082614044189435,20.0,0.8
6.279,0.5893793106079102,0.5893793106079102,0.11428642272949219,0.94185,0.14999999999997726,7.077984649658185,20.0,0.8
6.28,0.5893793106079102,0.5893793106079102,0.1318683624267578,0.942,0.14999999999997726,7.066919097900372,20.0,0.8
6.281,0.5893793106079102,0.5893793106079102,0.1318683624267578,0.9421499999999999,0.1500000000000341,7.069919097900416,20.0,0.8
6.282,0.5897607803344727,0.5897607803344727,0.11428642272949219,0.9422999999999999,0.14999999999997726,7.079355255126933,20.0,0.8
6.283,0.5897607803344727,0.5897607803344727,0.123077392578125,0.94245,0.14999999999997726,7.075322479248029,20.0,0.8
6.284,0.5897607803344727,0.5897607803344727,0.11428642272949219,0.9425999999999999,0.15000000000009095,7.085355255127023,20.0,0.8
6.285,0.5897607803344727,0.5897607803344727,0.123077392578125,0.94275,0.15000000000009095,7.0813224792481195,20.0,0.8
6.2860000000000005,0.5901422500610352,0.5901422500610352,0.10549545288085938,0.9429000000000001,0.14999999999992042,7.090758636474547,20.0,0.8
6.287,0.5901422500610352,0.5901422500610352,0.11428642272949219,0.9430499999999999,0.15000000000009095,7.086725860595775,20.0,0.8
6.288,0.5901422500610352,0.5901422500610352,0.11428642272949219,0.9432,0.14999999999992042,7.089725860595641,20.0,0.8
6.289,0.5905237197875977,0.5905237197875977,0.10549545288085938,0.9433499999999999,0.15000000000009095,7.0921292419434305,20.0,0.8
6.29,0.5905237197875977,0.5905237197875977,0.11428642272949219,0.9435,0.1500000000000341,7.0880964660644805,20.0,0.8
6.291,0.5905237197875977,0.5905237197875977,0.10549545288085938,0.94365,0.14999999999992042,7.098129241943295,20.0,0.8
6.292,0.5909051895141602,0.5909051895141602,0.11428642272949219,0.9438,0.15000000000009095,7.086467071533275,20.0,0.8
6.293,0.5909051895141602,0.5909051895141602,0.123077392578125,0.94395,0.14999999999997726,7.082434295654278,20.0,0.8
6.2940000000000005,0.5909051895141602,0.5909051895141602,0.1318683624267578,0.9441,0.14999999999992042,7.078401519775328,20.0,0.8
6.295,0.5912866592407227,0.5912866592407227,0.14945030212402344,0.9442499999999999,0.15000000000009095,7.059706573486399,20.0,0.8
6.296,0.5912866592407227,0.5912866592407227,0.14945030212402344,0.9444,0.14999999999997726,7.0627065734863095,20.0,0.8
6.297,0.5912866592407227,0.5912866592407227,0.14065933227539062,0.9445499999999999,0.15000000000009095,7.072739349365305,20.0,0.8
6.298,0.5916681289672852,0.5916681289672852,0.16703224182128906,0.9447,0.14999999999997726,7.047011627197247,20.0,0.8
6.299,0.5916681289672852,0.5916681289672852,0.14065933227539062,0.94485,0.14999999999997726,7.0711099548339655,20.0,0.8
6.3,0.5920495986938477,0.5920495986938477,0.14945030212402344,0.945,0.15000000000009095,7.0594477844239,20.0,0.8
6.301,0.5920495986938477,0.5920495986938477,0.14945030212402344,0.9451499999999999,0.14999999999997726,7.062447784423808,20.0,0.8
6.3020000000000005,0.5920495986938477,0.5920495986938477,0.14065933227539062,0.9453,0.14999999999997726,7.072480560302717,20.0,0.8
6.303,0.5924310684204102,0.5924310684204102,0.14065933227539062,0.9454499999999999,0.15000000000009095,7.067851165771555,20.0,0.8
6.304,0.5924310684204102,0.5924310684204102,0.15824127197265625,0.9456,0.14999999999992042,7.0567856140136085,20.0,0.8
6.305,0.5928125381469727,0.5928125381469727,0.15824127197265625,0.9457499999999999,0.1500000000000341,7.0521562194824465,20.0,0.8
6.306,0.5928125381469727,0.5928125381469727,0.14065933227539062,0.9459,0.1500000000000341,7.069221771240261,20.0,0.8
6.307,0.5928125381469727,0.5928125381469727,0.14065933227539062,0.9460500000000001,0.14999999999997726,7.072221771240217,20.0,0.8
6.308,0.5931940078735352,0.5931940078735352,0.1318683624267578,0.9461999999999999,0.1500000000000341,7.074625152587917,20.0,0.8
6.309,0.5931940078735352,0.5931940078735352,0.11428642272949219,0.94635,0.14999999999997726,7.091690704345686,20.0,0.8
6.3100000000000005,0.5931940078735352,0.5931940078735352,0.10549545288085938,0.9465,0.14999999999997726,7.1017234802245905,20.0,0.8
6.311,0.5935754776000977,0.5935754776000977,0.1318683624267578,0.94665,0.1500000000000341,7.075995758056668,20.0,0.8
6.312,0.5935754776000977,0.5935754776000977,0.14065933227539062,0.9468,0.14999999999992042,7.071962982177671,20.0,0.8
6.313,0.5935754776000977,0.5935754776000977,0.16703224182128906,0.94695,0.1500000000000341,7.053864654541042,20.0,0.8
6.314,0.5939579010009766,0.5939579010009766,0.16703224182128906,0.9470999999999999,0.14999999999997726,7.0492161865234175,20.0,0.8
6.315,0.5939579010009766,0.5939579010009766,0.1846160888671875,0.94725,0.14999999999997726,7.038149108886701,20.0,0.8
6.316,0.5943393707275391,0.5943393707275391,0.1934070587158203,0.9473999999999999,0.1500000000000341,7.026486938476588,20.0,0.8
6.317,0.5943393707275391,0.5943393707275391,0.1934070587158203,0.94755,0.14999999999997726,7.029486938476545,20.0,0.8
6.3180000000000005,0.5947208404541016,0.5947208404541016,0.1846160888671875,0.9477,0.14999999999997726,7.031890319824201,20.0,0.8
6.319,0.5947208404541016,0.5947208404541016,0.14945030212402344,0.94785,0.1500000000000341,7.063022949218777,20.0,0.8
6.32,0.5951023101806641,0.5951023101806641,0.16703224182128906,0.948,0.14999999999992042,7.044328002929623,20.0,0.8
6.321,0.5951023101806641,0.5951023101806641,0.1318683624267578,0.9481499999999999,0.1500000000000341,7.075459106445339,20.0,0.8
6.322,0.5951023101806641,0.5951023101806641,0.123077392578125,0.9482999999999999,0.14999999999997726,7.085491882324199,20.0,0.8
6.323,0.5954837799072266,0.5954837799072266,0.11428642272949219,0.94845,0.14999999999992042,7.087895263671812,20.0,0.8
6.324,0.5954837799072266,0.5954837799072266,0.11428642272949219,0.9485999999999999,0.15000000000009095,7.090895263671945,20.0,0.8
6.325,0.5954837799072266,0.5954837799072266,0.123077392578125,0.94875,0.1500000000000341,7.086862487792995,20.0,0.8
6.3260000000000005,0.5954837799072266,0.5954837799072266,0.10549545288085938,0.9489000000000001,0.14999999999992042,7.103928039550719,20.0,0.8
6.327,0.5958652496337891,0.5958652496337891,0.10549545288085938,0.94905,0.15000000000009095,7.099298645019603,20.0,0.8
6.328,0.5958652496337891,0.5958652496337891,0.09670257568359375,0.9492,0.14999999999992042,7.109332946777281,20.0,0.8
6.329,0.5958652496337891,0.5958652496337891,0.09670257568359375,0.9493499999999999,0.15000000000009095,7.112332946777415,20.0,0.8
6.33,0.5962467193603516,0.5962467193603516,0.08791160583496094,0.9495,0.14999999999997726,7.114736328124982,20.0,0.8
6.331,0.5962467193603516,0.5962467193603516,0.07912063598632812,0.94965,0.14999999999992042,7.124769104003843,20.0,0.8
6.332,0.5962467193603516,0.5962467193603516,0.09670257568359375,0.9498,0.15000000000009095,7.113703552246166,20.0,0.8
6.333,0.5962467193603516,0.5962467193603516,0.08791160583496094,0.94995,0.14999999999997726,7.123736328124981,20.0,0.8
6.3340000000000005,0.5962467193603516,0.5962467193603516,0.07912063598632812,0.9501000000000001,0.14999999999997726,7.133769104003889,20.0,0.8
6.335,0.5966281890869141,0.5966281890869141,0.08791160583496094,0.9502499999999999,0.15000000000009095,7.122106933593821,20.0,0.8
6.336,0.5966281890869141,0.5966281890869141,0.08791160583496094,0.9504,0.14999999999992042,7.125106933593687,20.0,0.8
6.337,0.5966281890869141,0.5966281890869141,0.08791160583496094,0.9505499999999999,0.1500000000000341,7.128106933593775,20.0,0.8
6.338,0.5966281890869141,0.5966281890869141,0.08791160583496094,0.9507,0.14999999999997726,7.131106933593731,20.0,0.8
6.339,0.5970096588134766,0.5970096588134766,0.07912063598632812,0.95085,0.14999999999992042,7.133510314941342,20.0,0.8
6.34,0.5970096588134766,0.5970096588134766,0.10549545288085938,0.951,0.1500000000000341,7.1154104614258085,20.0,0.8
6.341,0.5970096588134766,0.5970096588134766,0.09670257568359375,0.9511499999999999,0.14999999999997726,7.125444763183574,20.0,0.8
6.3420000000000005,0.5970096588134766,0.5970096588134766,0.10549545288085938,0.9513,0.14999999999992042,7.121410461425718,20.0,0.8
6.343,0.5973911285400391,0.5973911285400391,0.09670257568359375,0.9514499999999999,0.1500000000000341,7.1238153686523695,20.0,0.8
6.344,0.5973911285400391,0.5973911285400391,0.08791160583496094,0.9516,0.14999999999992042,7.1338481445311865,20.0,0.8
6.345,0.5973911285400391,0.5973911285400391,0.07912063598632812,0.9517499999999999,0.1500000000000341,7.143880920410181,20.0,0.8
6.346,0.5973911285400391,0.5973911285400391,0.07912063598632812,0.9519,0.1500000000000341,7.146880920410183,20.0,0.8
6.347,0.5973911285400391,0.5973911285400391,0.0615386962890625,0.9520500000000001,0.14999999999992042,7.163946472167907,20.0,0.8
6.348,0.5977725982666016,0.5977725982666016,0.07032966613769531,0.9521999999999999,0.1500000000000341,7.152284301757838,20.0,0.8
6.349,0.5977725982666016,0.5977725982666016,0.0615386962890625,0.95235,0.1500000000000341,7.162317077636747,20.0,0.8
6.3500000000000005,0.5977725982666016,0.5977725982666016,0.043956756591796875,0.9525,0.14999999999992042,7.1793826293944685,20.0,0.8
6.351,0.5977725982666016,0.5977725982666016,0.043956756591796875,0.95265,0.1500000000000341,7.182382629394558,20.0,0.8
6.352,0.5977725982666016,0.5977725982666016,0.043956756591796875,0.9528,0.14999999999992042,7.185382629394467,20.0,0.8
6.353,0.5977725982666016,0.5977725982666016,0.05274772644042969,0.95295,0.1500000000000341,7.181349853515652,20.0,0.8
6.354,0.5977725982666016,0.5977725982666016,0.03516578674316406,0.9531,0.1500000000000341,7.198415405273464,20.0,0.8
6.355,0.5977725982666016,0.5977725982666016,0.043956756591796875,0.95325,0.14999999999992042,7.194382629394469,20.0,0.8
6.356,0.5981540679931641,0.5981540679931641,0.043956756591796875,0.9533999999999999,0.1500000000000341,7.189753234863306,20.0,0.8
6.357,0.5981540679931641,0.5981540679931641,0.043956756591796875,0.95355,0.1500000000000341,7.192753234863308,20.0,0.8
6.3580000000000005,0.5981540679931641,0.5981540679931641,0.0615386962890625,0.9537,0.14999999999992042,7.181687683105405,20.0,0.8
6.359,0.5981540679931641,0.5981540679931641,0.05274772644042969,0.95385,0.1500000000000341,7.191720458984403,20.0,0.8
6.36,0.5981540679931641,0.5981540679931641,0.05274772644042969,0.954,0.14999999999997726,7.194720458984356,20.0,0.8
6.361,0.5981540679931641,0.5981540679931641,0.05274772644042969,0.9541499999999999,0.1500000000000341,7.197720458984401,20.0,0.8
6.362,0.5981540679931641,0.5981540679931641,0.05274772644042969,0.9542999999999999,0.1500000000000341,7.200720458984401,20.0,0.8
6.363,0.5985355377197266,0.5985355377197266,0.0615386962890625,0.95445,0.14999999999997726,7.189058288574201,20.0,0.8
6.364,0.5985355377197266,0.5985355377197266,0.05274772644042969,0.9545999999999999,0.15000000000009095,7.199091064453196,20.0,0.8
6.365,0.5985355377197266,0.5985355377197266,0.05274772644042969,0.95475,0.1500000000000341,7.202091064453152,20.0,0.8
6.3660000000000005,0.5985355377197266,0.5985355377197266,0.03516578674316406,0.9549000000000001,0.14999999999992042,7.219156616210875,20.0,0.8
6.367,0.5985355377197266,0.5985355377197266,0.043956756591796875,0.95505,0.15000000000009095,7.215123840332103,20.0,0.8
6.368,0.5985355377197266,0.5985355377197266,0.03516578674316406,0.9552,0.14999999999992042,7.2251566162108745,20.0,0.8
6.369,0.5985355377197266,0.5985355377197266,0.026372909545898438,0.9553499999999999,0.1500000000000341,7.235190917968776,20.0,0.8
6.37,0.5985355377197266,0.5985355377197266,0.026372909545898438,0.9555,0.14999999999997726,7.2381909179687325,20.0,0.8
6.371,0.5985355377197266,0.5985355377197266,0.017581939697265625,0.95565,0.14999999999992042,7.248223693847592,20.0,0.8
6.372,0.5985355377197266,0.5985355377197266,0.017581939697265625,0.9558,0.1500000000000341,7.251223693847683,20.0,0.8
6.373,0.5985355377197266,0.5985355377197266,0.008790969848632812,0.95595,0.14999999999997726,7.261256469726544,20.0,0.8
6.3740000000000006,0.5985355377197266,0.5985355377197266,0.0,0.9561000000000001,0.14999999999992042,7.271289245605407,20.0,0.8
6.375,0.5985355377197266,0.5985355377197266,0.008790969848632812,0.9562499999999999,0.1500000000000341,7.267256469726588,20.0,0.8
6.376,0.5985355377197266,0.5985355377197266,0.008790969848632812,0.9564,0.14999999999992042,7.270256469726499,20.0,0.8
6.377,0.5985355377197266,0.5985355377197266,0.0,0.9565499999999999,0.1500000000000341,7.280289245605495,20.0,0.8
6.378,0.5985355377197266,0.5985355377197266,0.008790969848632812,0.9567,0.14999999999997726,7.276256469726545,20.0,0.8
6.3790000000000004,0.5985355377197266,0.5985355377197266,-0.008790969848632812,0.95685,0.14999999999992042,7.293322021484311,20.0,0.8
6.38,0.5985355377197266,0.5985355377197266,0.008790969848632812,0.957,0.1500000000000341,7.282256469726589,20.0,0.8
6.381,0.5985355377197266,0.5985355377197266,0.0,0.95715,0.14999999999997726,7.292289245605449,20.0,0.8
6.382000000000001,0.5985355377197266,0.5985355377197266,0.008790969848632812,0.9573,0.14999999999992042,7.2882564697265,20.0,0.8
6.383,0.5989170074462891,0.5989170074462891,0.008790969848632812,0.9574499999999999,0.1500000000000341,7.283627075195338,20.0,0.8
6.384,0.5989170074462891,0.5989170074462891,0.008790969848632812,0.9576,0.14999999999992042,7.286627075195249,20.0,0.8
6.385,0.5989170074462891,0.5989170074462891,0.008790969848632812,0.9577499999999999,0.1500000000000341,7.289627075195337,20.0,0.8
6.386,0.5989170074462891,0.5989170074462891,0.008790969848632812,0.9579,0.1500000000000341,7.292627075195339,20.0,0.8
6.3870000000000005,0.5989170074462891,0.5989170074462891,0.0,0.9580500000000001,0.14999999999992042,7.302659851074156,20.0,0.8
6.388,0.5989170074462891,0.5989170074462891,0.0,0.9581999999999999,0.1500000000000341,7.305659851074245,20.0,0.8
6.389,0.5989170074462891,0.5989170074462891,0.008790969848632812,0.95835,0.14999999999997726,7.301627075195295,20.0,0.8
6.390000000000001,0.5989170074462891,0.5989170074462891,0.008790969848632812,0.9585,0.14999999999992042,7.304627075195249,20.0,0.8
6.391,0.5989170074462891,0.5989170074462891,-0.008790969848632812,0.95865,0.1500000000000341,7.321692626953152,20.0,0.8
6.392,0.5989170074462891,0.5989170074462891,0.0,0.9588,0.14999999999997726,7.3176598510742,20.0,0.8
6.393,0.5989170074462891,0.5989170074462891,0.008790969848632812,0.95895,0.15000000000009095,7.3136270751953845,20.0,0.8
6.394,0.5989170074462891,0.5989170074462891,0.0,0.9591,0.14999999999997726,7.323659851074199,20.0,0.8
6.3950000000000005,0.5989170074462891,0.5989170074462891,0.008790969848632812,0.95925,0.14999999999997726,7.319627075195295,20.0,0.8
6.396,0.5989170074462891,0.5989170074462891,-0.008790969848632812,0.9593999999999999,0.1500000000000341,7.336692626953151,20.0,0.8
6.397,0.5989170074462891,0.5989170074462891,-0.008790969848632812,0.95955,0.14999999999997726,7.3396926269531075,20.0,0.8
6.398000000000001,0.5989170074462891,0.5989170074462891,0.008790969848632812,0.9597,0.14999999999997726,7.328627075195294,20.0,0.8
6.399,0.5989170074462891,0.5989170074462891,-0.017581939697265625,0.95985,0.1500000000000341,7.352725402832058,20.0,0.8
6.4,0.5989170074462891,0.5989170074462891,0.008790969848632812,0.96,0.14999999999997726,7.334627075195294,20.0,0.8
6.401,0.5989170074462891,0.5989170074462891,-0.017581939697265625,0.96015,0.1500000000000341,7.358725402832058,20.0,0.8
6.402,0.5989170074462891,0.5989170074462891,0.008790969848632812,0.9602999999999999,0.14999999999997726,7.340627075195293,20.0,0.8
6.4030000000000005,0.5989170074462891,0.5989170074462891,0.0,0.96045,0.14999999999997726,7.350659851074201,20.0,0.8
6.404,0.5989170074462891,0.5989170074462891,0.008790969848632812,0.9605999999999999,0.1500000000000341,7.346627075195338,20.0,0.8
6.405,0.5989170074462891,0.5989170074462891,-0.017581939697265625,0.96075,0.14999999999992042,7.370725402831967,20.0,0.8
6.406,0.5989170074462891,0.5989170074462891,0.0,0.9608999999999999,0.15000000000009095,7.359659851074289,20.0,0.8
6.407,0.5989170074462891,0.5989170074462891,0.0,0.96105,0.1500000000000341,7.362659851074246,20.0,0.8
6.408,0.5989170074462891,0.5989170074462891,0.0,0.9612,0.14999999999992042,7.365659851074156,20.0,0.8
6.409,0.5989170074462891,0.5989170074462891,-0.008790969848632812,0.9613499999999999,0.15000000000009095,7.375692626953196,20.0,0.8
6.41,0.5989170074462891,0.5989170074462891,-0.008790969848632812,0.9615,0.14999999999997726,7.378692626953107,20.0,0.8
6.4110000000000005,0.5985355377197266,0.5985355377197266,-0.008790969848632812,0.96165,0.14999999999992042,7.389322021484312,20.0,0.8
6.412,0.5985355377197266,0.5985355377197266,0.0,0.9618,0.15000000000009095,7.3852892456055415,20.0,0.8
6.413,0.5985355377197266,0.5985355377197266,-0.008790969848632812,0.96195,0.14999999999997726,7.395322021484356,20.0,0.8
6.414,0.5985355377197266,0.5985355377197266,-0.008790969848632812,0.9621,0.15000000000009095,7.3983220214844465,20.0,0.8
6.415,0.5985355377197266,0.5985355377197266,-0.017581939697265625,0.9622499999999999,0.14999999999997726,7.408354797363263,20.0,0.8
6.416,0.5985355377197266,0.5985355377197266,0.0,0.9624,0.14999999999992042,7.397289245605406,20.0,0.8
6.417,0.5985355377197266,0.5985355377197266,-0.008790969848632812,0.9625499999999999,0.15000000000009095,7.407322021484445,20.0,0.8
6.418,0.5985355377197266,0.5985355377197266,-0.008790969848632812,0.9627,0.14999999999997726,7.410322021484356,20.0,0.8
6.4190000000000005,0.5985355377197266,0.5985355377197266,-0.008790969848632812,0.96285,0.14999999999992042,7.413322021484311,20.0,0.8
6.42,0.5985355377197266,0.5985355377197266,0.0,0.963,0.15000000000009095,7.4092892456055415,20.0,0.8
6.421,0.5985355377197266,0.5985355377197266,-0.008790969848632812,0.96315,0.14999999999997726,7.419322021484356,20.0,0.8
6.422,0.5985355377197266,0.5985355377197266,-0.008790969848632812,0.9632999999999999,0.15000000000009095,7.422322021484446,20.0,0.8
6.423,0.5985355377197266,0.5985355377197266,0.0,0.9634499999999999,0.14999999999997726,7.418289245605449,20.0,0.8
6.424,0.5985355377197266,0.5985355377197266,-0.008790969848632812,0.9636,0.14999999999997726,7.428322021484357,20.0,0.8
6.425,0.5985355377197266,0.5985355377197266,0.0,0.9637499999999999,0.15000000000009095,7.424289245605539,20.0,0.8
6.426,0.5985355377197266,0.5985355377197266,0.008790969848632812,0.9639,0.15000000000009095,7.420256469726635,20.0,0.8
6.4270000000000005,0.5985355377197266,0.5985355377197266,-0.008790969848632812,0.9640500000000001,0.14999999999997726,7.437322021484358,20.0,0.8
6.428,0.5985355377197266,0.5985355377197266,0.0,0.9642,0.15000000000009095,7.433289245605541,20.0,0.8
6.429,0.5985355377197266,0.5985355377197266,0.0,0.96435,0.14999999999997726,7.436289245605451,20.0,0.8
6.43,0.5985355377197266,0.5985355377197266,-0.008790969848632812,0.9644999999999999,0.1500000000000341,7.4463220214844,20.0,0.8
6.431,0.5985355377197266,0.5985355377197266,0.0,0.96465,0.1500000000000341,7.4422892456054965,20.0,0.8
6.432,0.5985355377197266,0.5985355377197266,-0.008790969848632812,0.9648,0.14999999999997726,7.452322021484356,20.0,0.8
6.433,0.5985355377197266,0.5985355377197266,0.008790969848632812,0.96495,0.1500000000000341,7.441256469726589,20.0,0.8
6.434,0.5985355377197266,0.5985355377197266,-0.008790969848632812,0.9651,0.1500000000000341,7.458322021484402,20.0,0.8
6.4350000000000005,0.5985355377197266,0.5985355377197266,0.008790969848632812,0.96525,0.14999999999997726,7.447256469726546,20.0,0.8
6.436,0.5985355377197266,0.5985355377197266,0.0,0.9653999999999999,0.1500000000000341,7.457289245605494,20.0,0.8
6.437,0.5985355377197266,0.5985355377197266,0.008790969848632812,0.96555,0.14999999999992042,7.453256469726499,20.0,0.8
6.438,0.5985355377197266,0.5985355377197266,-0.008790969848632812,0.9656999999999999,0.1500000000000341,7.4703220214844,20.0,0.8
6.439,0.5985355377197266,0.5985355377197266,0.0,0.96585,0.1500000000000341,7.466289245605497,20.0,0.8
6.44,0.5985355377197266,0.5985355377197266,0.0,0.966,0.14999999999997726,7.46928924560545,20.0,0.8
6.441,0.5985355377197266,0.5985355377197266,0.008790969848632812,0.96615,0.1500000000000341,7.465256469726588,20.0,0.8
6.442,0.5985355377197266,0.5985355377197266,0.0,0.9662999999999999,0.14999999999997726,7.475289245605449,20.0,0.8
6.4430000000000005,0.5985355377197266,0.5985355377197266,-0.008790969848632812,0.96645,0.14999999999997726,7.485322021484357,20.0,0.8
6.444,0.5985355377197266,0.5985355377197266,0.0,0.9665999999999999,0.15000000000009095,7.48128924560554,20.0,0.8
6.445,0.5985355377197266,0.5985355377197266,0.0,0.96675,0.14999999999992042,7.484289245605405,20.0,0.8
6.446,0.5985355377197266,0.5985355377197266,0.0,0.9668999999999999,0.15000000000009095,7.487289245605539,20.0,0.8
6.447,0.5985355377197266,0.5985355377197266,0.008790969848632812,0.96705,0.1500000000000341,7.483256469726589,20.0,0.8
6.448,0.5985355377197266,0.5985355377197266,-0.008790969848632812,0.9672000000000001,0.14999999999992042,7.500322021484313,20.0,0.8
6.449,0.5985355377197266,0.5985355377197266,0.008790969848632812,0.9673499999999999,0.15000000000009095,7.489256469726634,20.0,0.8
6.45,0.5985355377197266,0.5985355377197266,0.0,0.9675,0.14999999999997726,7.499289245605451,20.0,0.8
6.4510000000000005,0.5985355377197266,0.5985355377197266,0.0,0.96765,0.14999999999992042,7.502289245605405,20.0,0.8
6.452,0.5985355377197266,0.5985355377197266,0.0,0.9678,0.15000000000009095,7.505289245605542,20.0,0.8
6.453,0.5985355377197266,0.5985355377197266,0.0,0.96795,0.14999999999992042,7.508289245605405,20.0,0.8
6.454,0.5985355377197266,0.5985355377197266,0.0,0.9681,0.15000000000009095,7.511289245605541,20.0,0.8
6.455,0.5985355377197266,0.5985355377197266,-0.008790969848632812,0.9682499999999999,0.14999999999997726,7.521322021484355,20.0,0.8
6.456,0.5985355377197266,0.5985355377197266,0.008790969848632812,0.9684,0.14999999999992042,7.5102564697264995,20.0,0.8
6.457,0.5985355377197266,0.5985355377197266,-0.008790969848632812,0.9685499999999999,0.15000000000009095,7.527322021484446,20.0,0.8
6.458,0.5985355377197266,0.5985355377197266,0.0,0.9687,0.14999999999997726,7.523289245605451,20.0,0.8
6.4590000000000005,0.5985355377197266,0.5985355377197266,0.0,0.96885,0.14999999999997726,7.52628924560545,20.0,0.8
6.46,0.5985355377197266,0.5985355377197266,0.008790969848632812,0.969,0.15000000000009095,7.522256469726634,20.0,0.8
6.461,0.5985355377197266,0.5985355377197266,0.0,0.96915,0.14999999999992042,7.532289245605404,20.0,0.8
6.462,0.5985355377197266,0.5985355377197266,0.0,0.9692999999999999,0.1500000000000341,7.535289245605496,20.0,0.8
6.463,0.5985355377197266,0.5985355377197266,0.0,0.9694499999999999,0.14999999999997726,7.538289245605449,20.0,0.8
6.464,0.5985355377197266,0.5985355377197266,0.008790969848632812,0.9696,0.14999999999992042,7.5342564697264995,20.0,0.8
6.465,0.5985355377197266,0.5985355377197266,-0.008790969848632812,0.9697499999999999,0.1500000000000341,7.5513220214844,20.0,0.8
6.466,0.5985355377197266,0.5985355377197266,-0.008790969848632812,0.9699,0.1500000000000341,7.554322021484402,20.0,0.8
6.4670000000000005,0.5985355377197266,0.5985355377197266,0.008790969848632812,0.9700500000000001,0.14999999999992042,7.543256469726501,20.0,0.8
6.468,0.5985355377197266,0.5985355377197266,0.008790969848632812,0.9702,0.1500000000000341,7.546256469726589,20.0,0.8
6.469,0.5985355377197266,0.5985355377197266,-0.017581939697265625,0.97035,0.14999999999992042,7.570354797363218,20.0,0.8
6.47,0.5985355377197266,0.5985355377197266,0.0,0.9704999999999999,0.1500000000000341,7.559289245605495,20.0,0.8
6.471,0.5985355377197266,0.5985355377197266,0.0,0.97065,0.14999999999997726,7.5622892456054505,20.0,0.8
6.472,0.5985355377197266,0.5985355377197266,0.0,0.9708,0.14999999999992042,7.565289245605405,20.0,0.8
6.473,0.5985355377197266,0.5985355377197266,0.0,0.97095,0.1500000000000341,7.568289245605496,20.0,0.8
6.474,0.5985355377197266,0.5985355377197266,0.0,0.9711,0.14999999999997726,7.571289245605449,20.0,0.8
6.4750000000000005,0.5985355377197266,0.5985355377197266,-0.008790969848632812,0.9712500000000001,0.14999999999992042,7.581322021484312,20.0,0.8
6.476,0.5985355377197266,0.5985355377197266,0.0,0.9713999999999999,0.1500000000000341,7.577289245605495,20.0,0.8
6.477,0.5985355377197266,0.5985355377197266,0.0,0.97155,0.14999999999997726,7.580289245605451,20.0,0.8
6.478,0.5985355377197266,0.5985355377197266,0.0,0.9716999999999999,0.1500000000000341,7.583289245605494,20.0,0.8
6.479,0.5985355377197266,0.5985355377197266,0.0,0.97185,0.14999999999997726,7.58628924560545,20.0,0.8
6.48,0.5985355377197266,0.5985355377197266,0.008790969848632812,0.972,0.14999999999992042,7.582256469726499,20.0,0.8
6.481,0.5985355377197266,0.5985355377197266,-0.008790969848632812,0.97215,0.1500000000000341,7.599322021484402,20.0,0.8
6.482,0.5985355377197266,0.5985355377197266,0.0,0.9722999999999999,0.14999999999997726,7.595289245605449,20.0,0.8
6.4830000000000005,0.5985355377197266,0.5985355377197266,0.008790969848632812,0.97245,0.14999999999992042,7.5912564697265,20.0,0.8
6.484,0.5985355377197266,0.5985355377197266,-0.008790969848632812,0.9725999999999999,0.15000000000009095,7.608322021484446,20.0,0.8
6.485,0.5985355377197266,0.5985355377197266,0.0,0.97275,0.14999999999997726,7.60428924560545,20.0,0.8
6.486,0.5985355377197266,0.5985355377197266,0.0,0.9728999999999999,0.15000000000009095,7.607289245605539,20.0,0.8
6.487,0.5985355377197266,0.5985355377197266,0.0,0.97305,0.1500000000000341,7.610289245605496,20.0,0.8
6.488,0.5985355377197266,0.5985355377197266,0.0,0.9732000000000001,0.14999999999992042,7.613289245605406,20.0,0.8
6.489,0.5985355377197266,0.5985355377197266,0.0,0.9733499999999999,0.15000000000009095,7.61628924560554,20.0,0.8
6.49,0.5985355377197266,0.5985355377197266,0.0,0.9735,0.14999999999997726,7.619289245605451,20.0,0.8
6.4910000000000005,0.5985355377197266,0.5985355377197266,0.008790969848632812,0.97365,0.14999999999992042,7.6152564697265,20.0,0.8
6.492,0.5985355377197266,0.5985355377197266,0.0,0.9738,0.15000000000009095,7.625289245605542,20.0,0.8
6.493,0.5985355377197266,0.5985355377197266,0.0,0.97395,0.14999999999992042,7.628289245605404,20.0,0.8
6.494,0.5985355377197266,0.5985355377197266,0.0,0.9741,0.1500000000000341,7.631289245605496,20.0,0.8
6.495,0.5985355377197266,0.5985355377197266,-0.008790969848632812,0.97425,0.14999999999997726,7.641322021484356,20.0,0.8
6.496,0.5985355377197266,0.5985355377197266,0.017581939697265625,0.9744,0.14999999999992042,7.623223693847594,20.0,0.8
6.497,0.5985355377197266,0.5985355377197266,-0.017581939697265625,0.9745499999999999,0.1500000000000341,7.654354797363307,20.0,0.8
6.498,0.5985355377197266,0.5985355377197266,0.0,0.9747,0.1500000000000341,7.643289245605496,20.0,0.8
6.4990000000000006,0.5985355377197266,0.5985355377197266,0.0,0.97485,0.14999999999992042,7.646289245605405,20.0,0.8
6.5,0.5985355377197266,0.5985355377197266,-0.008790969848632812,0.975,0.1500000000000341,7.656322021484402,20.0,0.8
6.501,0.5985355377197266,0.5985355377197266,0.008790969848632812,0.97515,0.14999999999992042,7.645256469726498,20.0,0.8
6.502,0.5985355377197266,0.5985355377197266,0.0,0.9753,0.1500000000000341,7.655289245605495,20.0,0.8
6.503,0.5985355377197266,0.5985355377197266,0.0,0.9754499999999999,0.1500000000000341,7.658289245605495,20.0,0.8
6.5040000000000004,0.5985355377197266,0.5985355377197266,0.0,0.9756,0.14999999999992042,7.661289245605405,20.0,0.8
6.505,0.5985355377197266,0.5985355377197266,0.008790969848632812,0.9757499999999999,0.1500000000000341,7.657256469726588,20.0,0.8
6.506,0.5985355377197266,0.5985355377197266,0.0,0.9759,0.1500000000000341,7.667289245605496,20.0,0.8
6.507000000000001,0.5985355377197266,0.5985355377197266,0.0,0.9760500000000001,0.14999999999992042,7.670289245605407,20.0,0.8
6.508,0.5985355377197266,0.5985355377197266,-0.008790969848632812,0.9762,0.1500000000000341,7.680322021484401,20.0,0.8
6.509,0.5985355377197266,0.5985355377197266,0.008790969848632812,0.97635,0.14999999999997726,7.6692564697265455,20.0,0.8
6.51,0.5985355377197266,0.5985355377197266,0.0,0.9764999999999999,0.1500000000000341,7.679289245605495,20.0,0.8
6.511,0.5985355377197266,0.5985355377197266,0.0,0.97665,0.1500000000000341,7.682289245605497,20.0,0.8
6.5120000000000005,0.5985355377197266,0.5985355377197266,0.008790969848632812,0.9768,0.14999999999992042,7.678256469726499,20.0,0.8
6.513,0.5985355377197266,0.5985355377197266,0.0,0.97695,0.1500000000000341,7.688289245605496,20.0,0.8
6.514,0.5985355377197266,0.5985355377197266,0.0,0.9771,0.14999999999997726,7.69128924560545,20.0,0.8
6.515000000000001,0.5985355377197266,0.5985355377197266,0.008790969848632812,0.9772500000000001,0.14999999999992042,7.687256469726501,20.0,0.8
6.516,0.5985355377197266,0.5985355377197266,-0.008790969848632812,0.9773999999999999,0.1500000000000341,7.7043220214844,20.0,0.8
6.517,0.5985355377197266,0.5985355377197266,0.0,0.97755,0.14999999999997726,7.70028924560545,20.0,0.8
6.518,0.5985355377197266,0.5985355377197266,0.0,0.9776999999999999,0.1500000000000341,7.703289245605495,20.0,0.8
6.519,0.5985355377197266,0.5985355377197266,0.0,0.97785,0.14999999999997726,7.706289245605451,20.0,0.8
6.5200000000000005,0.5985355377197266,0.5985355377197266,0.0,0.978,0.14999999999997726,7.70928924560545,20.0,0.8
6.521,0.5985355377197266,0.5985355377197266,0.0,0.97815,0.1500000000000341,7.712289245605495,20.0,0.8
6.522,0.5985355377197266,0.5985355377197266,-0.008790969848632812,0.9783,0.14999999999997726,7.722322021484356,20.0,0.8
6.523000000000001,0.5985355377197266,0.5985355377197266,0.0,0.97845,0.14999999999997726,7.718289245605451,20.0,0.8
6.524,0.5985355377197266,0.5985355377197266,-0.008790969848632812,0.9785999999999999,0.1500000000000341,7.7283220214844,20.0,0.8
6.525,0.5985355377197266,0.5985355377197266,0.0,0.97875,0.14999999999997726,7.72428924560545,20.0,0.8
6.526,0.5985355377197266,0.5985355377197266,0.008790969848632812,0.9788999999999999,0.15000000000009095,7.720256469726633,20.0,0.8
6.527,0.5985355377197266,0.5985355377197266,0.0,0.97905,0.1500000000000341,7.730289245605496,20.0,0.8
6.5280000000000005,0.5985355377197266,0.5985355377197266,0.0,0.9792000000000001,0.14999999999992042,7.733289245605406,20.0,0.8
6.529,0.5985355377197266,0.5985355377197266,-0.008790969848632812,0.9793499999999999,0.1500000000000341,7.743322021484401,20.0,0.8
6.53,0.5985355377197266,0.5985355377197266,0.008790969848632812,0.9795,0.14999999999992042,7.7322564697265,20.0,0.8
6.531,0.5985355377197266,0.5985355377197266,0.0,0.9796499999999999,0.15000000000009095,7.74228924560554,20.0,0.8
6.532,0.5985355377197266,0.5985355377197266,0.0,0.9798,0.14999999999997726,7.74528924560545,20.0,0.8
6.533,0.5985355377197266,0.5985355377197266,0.0,0.97995,0.14999999999992042,7.748289245605405,20.0,0.8
6.534,0.5985355377197266,0.5985355377197266,0.0,0.9801,0.15000000000009095,7.751289245605541,20.0,0.8
6.535,0.5985355377197266,0.5985355377197266,-0.008790969848632812,0.98025,0.14999999999997726,7.7613220214843555,20.0,0.8
6.5360000000000005,0.5985355377197266,0.5985355377197266,0.0,0.9804,0.14999999999992042,7.7572892456054054,20.0,0.8
6.537,0.5985355377197266,0.5985355377197266,0.0,0.9805499999999999,0.1500000000000341,7.760289245605495,20.0,0.8
6.538,0.5985355377197266,0.5985355377197266,0.0,0.9807,0.14999999999997726,7.763289245605451,20.0,0.8
6.539,0.5985355377197266,0.5985355377197266,0.008790969848632812,0.9808499999999999,0.15000000000009095,7.759256469726632,20.0,0.8
6.54,0.5985355377197266,0.5985355377197266,0.0,0.981,0.14999999999997726,7.769289245605449,20.0,0.8
6.541,0.5985355377197266,0.5985355377197266,-0.008790969848632812,0.98115,0.14999999999997726,7.779322021484356,20.0,0.8
6.542,0.5985355377197266,0.5985355377197266,0.008790969848632812,0.9813,0.15000000000009095,7.7682564697266345,20.0,0.8
6.543,0.5985355377197266,0.5985355377197266,0.0,0.9814499999999999,0.14999999999997726,7.778289245605449,20.0,0.8
6.5440000000000005,0.5985355377197266,0.5985355377197266,-0.008790969848632812,0.9816,0.14999999999992042,7.788322021484312,20.0,0.8
6.545,0.5985355377197266,0.5985355377197266,0.008790969848632812,0.9817499999999999,0.15000000000009095,7.777256469726633,20.0,0.8
6.546,0.5985355377197266,0.5985355377197266,-0.008790969848632812,0.9819,0.14999999999997726,7.794322021484357,20.0,0.8
6.547,0.5985355377197266,0.5985355377197266,0.0,0.9820499999999999,0.15000000000009095,7.790289245605539,20.0,0.8
6.548,0.5985355377197266,0.5985355377197266,0.008790969848632812,0.9822,0.1500000000000341,7.786256469726589,20.0,0.8
6.549,0.5985355377197266,0.5985355377197266,-0.008790969848632812,0.9823500000000001,0.14999999999997726,7.803322021484358,20.0,0.8
6.55,0.5985355377197266,0.5985355377197266,0.0,0.9824999999999999,0.15000000000009095,7.79928924560554,20.0,0.8
6.551,0.5985355377197266,0.5985355377197266,0.008790969848632812,0.98265,0.14999999999997726,7.795256469726545,20.0,0.8
6.5520000000000005,0.5985355377197266,0.5985355377197266,-0.008790969848632812,0.9828,0.14999999999997726,7.812322021484357,20.0,0.8
6.553,0.5985355377197266,0.5985355377197266,0.008790969848632812,0.98295,0.15000000000009095,7.801256469726635,20.0,0.8
6.554,0.5985355377197266,0.5985355377197266,-0.008790969848632812,0.9831,0.14999999999997726,7.818322021484356,20.0,0.8
6.555,0.5985355377197266,0.5985355377197266,0.0,0.98325,0.1500000000000341,7.8142892456054955,20.0,0.8
6.556,0.5985355377197266,0.5985355377197266,0.0,0.9833999999999999,0.14999999999997726,7.8172892456054495,20.0,0.8
6.557,0.5985355377197266,0.5985355377197266,0.0,0.98355,0.14999999999997726,7.820289245605451,20.0,0.8
6.558,0.5985355377197266,0.5985355377197266,0.008790969848632812,0.9836999999999999,0.1500000000000341,7.8162564697265875,20.0,0.8
6.559,0.5985355377197266,0.5985355377197266,-0.008790969848632812,0.98385,0.14999999999997726,7.833322021484356,20.0,0.8
6.5600000000000005,0.5985355377197266,0.5985355377197266,0.017581939697265625,0.984,0.14999999999997726,7.815223693847638,20.0,0.8
6.561,0.5985355377197266,0.5985355377197266,-0.017581939697265625,0.98415,0.1500000000000341,7.8463547973633085,20.0,0.8
6.562,0.5985355377197266,0.5985355377197266,0.008790969848632812,0.9843,0.14999999999992042,7.828256469726498,20.0,0.8
6.563,0.5985355377197266,0.5985355377197266,0.0,0.9844499999999999,0.1500000000000341,7.838289245605495,20.0,0.8
6.564,0.5985355377197266,0.5985355377197266,-0.008790969848632812,0.9845999999999999,0.14999999999997726,7.848322021484355,20.0,0.8
6.565,0.5985355377197266,0.5985355377197266,0.0,0.98475,0.14999999999997726,7.8442892456054505,20.0,0.8
6.566,0.5985355377197266,0.5985355377197266,0.0,0.9848999999999999,0.15000000000009095,7.847289245605539,20.0,0.8
6.567,0.5985355377197266,0.5985355377197266,0.0,0.98505,0.1500000000000341,7.850289245605496,20.0,0.8
6.5680000000000005,0.5985355377197266,0.5985355377197266,0.0,0.9852000000000001,0.14999999999992042,7.853289245605406,20.0,0.8
6.569,0.5985355377197266,0.5985355377197266,0.008790969848632812,0.98535,0.15000000000009095,7.849256469726634,20.0,0.8
6.57,0.5985355377197266,0.5985355377197266,-0.008790969848632812,0.9855,0.14999999999992042,7.866322021484312,20.0,0.8
6.571,0.5985355377197266,0.5985355377197266,0.008790969848632812,0.9856499999999999,0.15000000000009095,7.855256469726633,20.0,0.8
6.572,0.5985355377197266,0.5985355377197266,0.0,0.9858,0.14999999999997726,7.86528924560545,20.0,0.8
6.573,0.5985355377197266,0.5985355377197266,0.0,0.98595,0.14999999999997726,7.86828924560545,20.0,0.8
6.574,0.5985355377197266,0.5985355377197266,0.0,0.9861,0.15000000000009095,7.871289245605541,20.0,0.8
6.575,0.5985355377197266,0.5985355377197266,-0.008790969848632812,0.98625,0.1500000000000341,7.881322021484402,20.0,0.8
6.5760000000000005,0.5985355377197266,0.5985355377197266,0.008790969848632812,0.9864,0.14999999999992042,7.870256469726501,20.0,0.8
6.577,0.5985355377197266,0.5985355377197266,-0.008790969848632812,0.9865499999999999,0.15000000000009095,7.8873220214844455,20.0,0.8
6.578,0.5985355377197266,0.5985355377197266,0.008790969848632812,0.9867,0.14999999999992042,7.876256469726499,20.0,0.8
6.579,0.5985355377197266,0.5985355377197266,-0.008790969848632812,0.9868499999999999,0.15000000000009095,7.893322021484446,20.0,0.8
6.58,0.5985355377197266,0.5985355377197266,0.0,0.987,0.1500000000000341,7.889289245605497,20.0,0.8
6.581,0.5985355377197266,0.5985355377197266,0.008790969848632812,0.98715,0.14999999999992042,7.885256469726499,20.0,0.8
6.582,0.5985355377197266,0.5985355377197266,-0.008790969848632812,0.9873,0.15000000000009095,7.902322021484446,20.0,0.8
6.583,0.5985355377197266,0.5985355377197266,0.008790969848632812,0.9874499999999999,0.1500000000000341,7.891256469726589,20.0,0.8
6.5840000000000005,0.5985355377197266,0.5985355377197266,0.008790969848632812,0.9876,0.14999999999997726,7.894256469726545,20.0,0.8
6.585,0.5985355377197266,0.5985355377197266,-0.008790969848632812,0.9877499999999999,0.15000000000009095,7.9113220214844455,20.0,0.8
6.586,0.5985355377197266,0.5985355377197266,0.0,0.9879,0.14999999999992042,7.907289245605405,20.0,0.8
6.587,0.5985355377197266,0.5985355377197266,0.008790969848632812,0.9880499999999999,0.1500000000000341,7.903256469726587,20.0,0.8
6.588,0.5985355377197266,0.5985355377197266,0.0,0.9882,0.15000000000009095,7.913289245605541,20.0,0.8
6.589,0.5985355377197266,0.5985355377197266,0.0,0.9883500000000001,0.14999999999992042,7.916289245605406,20.0,0.8
6.59,0.5985355377197266,0.5985355377197266,0.0,0.9884999999999999,0.1500000000000341,7.919289245605495,20.0,0.8
6.591,0.5985355377197266,0.5985355377197266,0.008790969848632812,0.98865,0.14999999999997726,7.915256469726545,20.0,0.8
6.5920000000000005,0.5985355377197266,0.5985355377197266,-0.008790969848632812,0.9888,0.14999999999997726,7.932322021484357,20.0,0.8
6.593,0.5985355377197266,0.5985355377197266,0.008790969848632812,0.98895,0.1500000000000341,7.92125646972659,20.0,0.8
6.594,0.5985355377197266,0.5985355377197266,-0.008790969848632812,0.9891,0.14999999999992042,7.9383220214843115,20.0,0.8
6.595,0.5985355377197266,0.5985355377197266,0.0,0.98925,0.1500000000000341,7.934289245605496,20.0,0.8
6.596,0.5985355377197266,0.5985355377197266,0.008790969848632812,0.9894,0.14999999999997726,7.930256469726543,20.0,0.8
6.597,0.5985355377197266,0.5985355377197266,0.0,0.98955,0.14999999999992042,7.940289245605405,20.0,0.8
6.598,0.5985355377197266,0.5985355377197266,0.008790969848632812,0.9896999999999999,0.1500000000000341,7.9362564697265885,20.0,0.8
6.599,0.5985355377197266,0.5985355377197266,-0.008790969848632812,0.98985,0.14999999999997726,7.953322021484357,20.0,0.8
6.6000000000000005,0.5985355377197266,0.5985355377197266,0.008790969848632812,0.99,0.14999999999992042,7.942256469726499,20.0,0.8
6.601,0.5985355377197266,0.5985355377197266,0.008790969848632812,0.99015,0.1500000000000341,7.945256469726589,20.0,0.8
6.602,0.5985355377197266,0.5985355377197266,0.0,0.9903,0.14999999999997726,7.955289245605449,20.0,0.8
6.603,0.5985355377197266,0.5985355377197266,0.008790969848632812,0.9904499999999999,0.1500000000000341,7.951256469726589,20.0,0.8
6.604,0.5985355377197266,0.5985355377197266,0.0,0.9905999999999999,0.14999999999997726,7.961289245605449,20.0,0.8
6.605,0.5985355377197266,0.5985355377197266,0.008790969848632812,0.99075,0.14999999999997726,7.957256469726545,20.0,0.8
6.606,0.5985355377197266,0.5985355377197266,0.0,0.9908999999999999,0.15000000000009095,7.9672892456055395,20.0,0.8
6.607,0.5985355377197266,0.5985355377197266,0.0,0.99105,0.1500000000000341,7.970289245605496,20.0,0.8
6.6080000000000005,0.5985355377197266,0.5985355377197266,0.0,0.9912000000000001,0.14999999999986358,7.973289245605361,20.0,0.8
6.609,0.5985355377197266,0.5985355377197266,-0.008790969848632812,0.99135,0.15000000000009095,7.9833220214844465,20.0,0.8
6.61,0.5985355377197266,0.5985355377197266,0.0,0.9915,0.14999999999992042,7.979289245605406,20.0,0.8
6.611,0.5985355377197266,0.5985355377197266,0.008790969848632812,0.9916499999999999,0.15000000000009095,7.9752564697266335,20.0,0.8
6.612,0.5989170074462891,0.5989170074462891,0.008790969848632812,0.9918,0.14999999999997726,7.970627075195295,20.0,0.8
6.613,0.5989170074462891,0.5989170074462891,0.0,0.99195,0.14999999999992042,7.980659851074155,20.0,0.8
6.614,0.5989170074462891,0.5989170074462891,0.0,0.9921,0.15000000000009095,7.983659851074291,20.0,0.8
6.615,0.5989170074462891,0.5989170074462891,0.0,0.99225,0.14999999999997726,7.986659851074199,20.0,0.8
6.6160000000000005,0.5989170074462891,0.5989170074462891,0.0,0.9924000000000001,0.14999999999992042,7.989659851074156,20.0,0.8
6.617,0.5989170074462891,0.5989170074462891,-0.008790969848632812,0.9925499999999999,0.15000000000009095,7.9996926269531965,20.0,0.8
6.618,0.5989170074462891,0.5989170074462891,0.008790969848632812,0.9927,0.14999999999992042,7.98862707519525,20.0,0.8
6.619,0.5989170074462891,0.5989170074462891,0.0,0.9928499999999999,0.1500000000000341,7.998659851074244,20.0,0.8
6.62,0.5989170074462891,0.5989170074462891,0.0,0.993,0.14999999999997726,8.0016598510742,20.0,0.8
6.621,0.5989170074462891,0.5989170074462891,0.008790969848632812,0.99315,0.14999999999992042,7.997627075195249,20.0,0.8
6.622,0.5989170074462891,0.5989170074462891,0.0,0.9933,0.1500000000000341,8.007659851074246,20.0,0.8
6.623,0.5989170074462891,0.5989170074462891,0.008790969848632812,0.9934499999999999,0.14999999999997726,8.003627075195293,20.0,0.8
6.6240000000000006,0.5989170074462891,0.5989170074462891,0.0,0.9936,0.14999999999992042,8.013659851074156,20.0,0.8
6.625,0.5989170074462891,0.5989170074462891,0.008790969848632812,0.9937499999999999,0.1500000000000341,8.009627075195338,20.0,0.8
6.626,0.5989170074462891,0.5989170074462891,0.008790969848632812,0.9939,0.14999999999992042,8.01262707519525,20.0,0.8
6.627,0.5989170074462891,0.5989170074462891,0.0,0.9940499999999999,0.1500000000000341,8.022659851074243,20.0,0.8
6.628,0.5989170074462891,0.5989170074462891,0.0,0.9942,0.1500000000000341,8.025659851074245,20.0,0.8
6.6290000000000004,0.5989170074462891,0.5989170074462891,0.008790969848632812,0.9943500000000001,0.14999999999992042,8.02162707519525,20.0,0.8
6.63,0.5989170074462891,0.5989170074462891,0.0,0.9944999999999999,0.1500000000000341,8.031659851074245,20.0,0.8
6.631,0.5989170074462891,0.5989170074462891,0.0,0.99465,0.14999999999997726,8.0346598510742,20.0,0.8
6.632000000000001,0.5989170074462891,0.5989170074462891,0.0,0.9948,0.14999999999992042,8.037659851074157,20.0,0.8
6.633,0.5989170074462891,0.5989170074462891,0.0,0.99495,0.1500000000000341,8.040659851074246,20.0,0.8
6.634,0.5989170074462891,0.5989170074462891,0.0,0.9951,0.14999999999997726,8.0436598510742,20.0,0.8
6.635,0.5989170074462891,0.5989170074462891,0.0,0.99525,0.1500000000000341,8.046659851074246,20.0,0.8
6.636,0.5989170074462891,0.5989170074462891,0.0,0.9954,0.14999999999997726,8.0496598510742,20.0,0.8
6.6370000000000005,0.5989170074462891,0.5989170074462891,-0.008790969848632812,0.99555,0.14999999999997726,8.059692626953108,20.0,0.8
6.638,0.5989170074462891,0.5989170074462891,0.008790969848632812,0.9956999999999999,0.1500000000000341,8.048627075195338,20.0,0.8
6.639,0.5989170074462891,0.5989170074462891,0.0,0.99585,0.14999999999997726,8.0586598510742,20.0,0.8
6.640000000000001,0.5989170074462891,0.5989170074462891,0.008790969848632812,0.996,0.14999999999992042,8.05462707519525,20.0,0.8
6.641,0.5989170074462891,0.5989170074462891,0.008790969848632812,0.99615,0.1500000000000341,8.05762707519534,20.0,0.8
6.642,0.5989170074462891,0.5989170074462891,-0.008790969848632812,0.9963,0.14999999999997726,8.074692626953105,20.0,0.8
6.643,0.5989170074462891,0.5989170074462891,0.008790969848632812,0.99645,0.1500000000000341,8.063627075195338,20.0,0.8
6.644,0.5989170074462891,0.5989170074462891,0.0,0.9965999999999999,0.14999999999997726,8.073659851074199,20.0,0.8
6.6450000000000005,0.5989170074462891,0.5989170074462891,-0.008790969848632812,0.99675,0.14999999999997726,8.083692626953107,20.0,0.8
6.646,0.5989170074462891,0.5989170074462891,0.0,0.9968999999999999,0.15000000000009095,8.07965985107429,20.0,0.8
6.647,0.5989170074462891,0.5989170074462891,0.008790969848632812,0.99705,0.15000000000009095,8.075627075195385,20.0,0.8
6.648000000000001,0.5989170074462891,0.5989170074462891,-0.008790969848632812,0.9972000000000001,0.14999999999992042,8.092692626953063,20.0,0.8
6.649,0.5989170074462891,0.5989170074462891,0.008790969848632812,0.99735,0.15000000000009095,8.081627075195385,20.0,0.8
6.65,0.5989170074462891,0.5989170074462891,0.0,0.9975,0.14999999999992042,8.091659851074157,20.0,0.8
6.651,0.5989170074462891,0.5989170074462891,0.0,0.9976499999999999,0.1500000000000341,8.094659851074244,20.0,0.8
6.652,0.5989170074462891,0.5989170074462891,0.0,0.9978,0.1500000000000341,8.097659851074246,20.0,0.8
6.6530000000000005,0.5989170074462891,0.5989170074462891,0.0,0.99795,0.14999999999992042,8.100659851074155,20.0,0.8
6.654,0.5989170074462891,0.5989170074462891,0.008790969848632812,0.9981,0.1500000000000341,8.09662707519534,20.0,0.8
6.655,0.5989170074462891,0.5989170074462891,0.008790969848632812,0.99825,0.14999999999997726,8.099627075195293,20.0,0.8
6.656000000000001,0.5989170074462891,0.5989170074462891,0.0,0.9984000000000001,0.14999999999992042,8.109659851074158,20.0,0.8
6.657,0.5989170074462891,0.5989170074462891,0.0,0.9985499999999999,0.1500000000000341,8.112659851074245,20.0,0.8
6.658,0.5989170074462891,0.5989170074462891,0.0,0.9987,0.14999999999992042,8.115659851074156,20.0,0.8
6.659,0.5989170074462891,0.5989170074462891,-0.008790969848632812,0.9988499999999999,0.15000000000009095,8.125692626953196,20.0,0.8
6.66,0.5989170074462891,0.5989170074462891,0.0,0.999,0.1500000000000341,8.121659851074247,20.0,0.8
6.6610000000000005,0.5989170074462891,0.5989170074462891,0.008790969848632812,0.99915,0.14999999999992042,8.11762707519525,20.0,0.8
6.662,0.5989170074462891,0.5989170074462891,-0.008790969848632812,0.9993,0.1500000000000341,8.134692626953152,20.0,0.8
6.663,0.5989170074462891,0.5989170074462891,0.0,0.99945,0.14999999999997726,8.1306598510742,20.0,0.8
6.664,0.5989170074462891,0.5989170074462891,0.008790969848632812,0.9995999999999999,0.15000000000009095,8.126627075195385,20.0,0.8
6.665,0.5989170074462891,0.5989170074462891,-0.017581939697265625,0.9997499999999999,0.1500000000000341,8.150725402832055,20.0,0.8
6.666,0.5989170074462891,0.5989170074462891,0.008790969848632812,0.9999,0.14999999999997726,8.132627075195295,20.0,0.8
6.667,0.5989170074462891,0.5989170074462891,0.0,1.0000499999999999,0.15000000000009095,8.142659851074288,20.0,0.8
6.668,0.5989170074462891,0.5989170074462891,0.0,1.0002,0.1500000000000341,8.145659851074246,20.0,0.8
6.6690000000000005,0.5989170074462891,0.5989170074462891,0.0,1.00035,0.14999999999997726,8.148659851074202,20.0,0.8
6.67,0.5989170074462891,0.5989170074462891,-0.008790969848632812,1.0005,0.1500000000000341,8.158692626953151,20.0,0.8
6.671,0.5989170074462891,0.5989170074462891,0.008790969848632812,1.00065,0.14999999999997726,8.147627075195295,20.0,0.8
6.672,0.5989170074462891,0.5989170074462891,0.0,1.0008,0.15000000000009095,8.157659851074289,20.0,0.8
6.673,0.5989170074462891,0.5989170074462891,0.0,1.00095,0.1500000000000341,8.160659851074247,20.0,0.8
6.674,0.5989170074462891,0.5989170074462891,0.0,1.0011,0.14999999999997726,8.163659851074202,20.0,0.8
6.675,0.5989170074462891,0.5989170074462891,0.0,1.00125,0.15000000000009095,8.16665985107429,20.0,0.8
6.676,0.5989170074462891,0.5989170074462891,0.0,1.0014,0.14999999999992042,8.169659851074158,20.0,0.8
6.6770000000000005,0.5989170074462891,0.5989170074462891,-0.008790969848632812,1.00155,0.14999999999997726,8.179692626953106,20.0,0.8
6.678,0.5989170074462891,0.5989170074462891,0.008790969848632812,1.0017,0.15000000000009095,8.168627075195387,20.0,0.8
6.679,0.5989170074462891,0.5989170074462891,-0.008790969848632812,1.00185,0.14999999999997726,8.185692626953106,20.0,0.8
6.68,0.5989170074462891,0.5989170074462891,0.008790969848632812,1.002,0.1500000000000341,8.174627075195339,20.0,0.8
6.681,0.5989170074462891,0.5989170074462891,0.0,1.0021499999999999,0.14999999999992042,8.184659851074153,20.0,0.8
6.682,0.5989170074462891,0.5989170074462891,0.0,1.0023,0.14999999999997726,8.1876598510742,20.0,0.8
6.683,0.5989170074462891,0.5989170074462891,-0.008790969848632812,1.0024499999999998,0.1500000000000341,8.197692626953149,20.0,0.8
6.684,0.5989170074462891,0.5989170074462891,0.017581939697265625,1.0026,0.1500000000000341,8.179594299316433,20.0,0.8
6.6850000000000005,0.5989170074462891,0.5989170074462891,0.0,1.00275,0.14999999999997726,8.1966598510742,20.0,0.8
6.686,0.5989170074462891,0.5989170074462891,-0.008790969848632812,1.0029,0.15000000000009095,8.206692626953195,20.0,0.8
6.687,0.5989170074462891,0.5989170074462891,0.0,1.00305,0.14999999999997726,8.2026598510742,20.0,0.8
6.688,0.5989170074462891,0.5989170074462891,0.0,1.0031999999999999,0.15000000000009095,8.205659851074287,20.0,0.8
6.689,0.5989170074462891,0.5989170074462891,0.0,1.00335,0.1500000000000341,8.208659851074247,20.0,0.8
6.69,0.5989170074462891,0.5989170074462891,0.008790969848632812,1.0035,0.14999999999992042,8.20462707519525,20.0,0.8
6.691,0.5989170074462891,0.5989170074462891,0.0,1.00365,0.15000000000009095,8.21465985107429,20.0,0.8
6.692,0.5989170074462891,0.5989170074462891,0.0,1.0038,0.1500000000000341,8.217659851074247,20.0,0.8
6.6930000000000005,0.5989170074462891,0.5989170074462891,0.008790969848632812,1.0039500000000001,0.14999999999992042,8.213627075195252,20.0,0.8
6.694,0.5989170074462891,0.5989170074462891,0.0,1.0041,0.15000000000009095,8.223659851074292,20.0,0.8
6.695,0.5989170074462891,0.5989170074462891,0.017581939697265625,1.00425,0.14999999999992042,8.212594299316343,20.0,0.8
6.696,0.5989170074462891,0.5989170074462891,0.0,1.0044,0.15000000000009095,8.22965985107429,20.0,0.8
6.697,0.5989170074462891,0.5989170074462891,0.0,1.00455,0.14999999999992042,8.232659851074157,20.0,0.8
6.698,0.5989170074462891,0.5989170074462891,0.017581939697265625,1.0047,0.14999999999997726,8.221594299316386,20.0,0.8
6.699,0.5989170074462891,0.5989170074462891,0.008790969848632812,1.00485,0.15000000000009095,8.231627075195387,20.0,0.8
6.7,0.5989170074462891,0.5989170074462891,0.008790969848632812,1.005,0.14999999999992042,8.234627075195247,20.0,0.8
6.7010000000000005,0.5989170074462891,0.5989170074462891,0.017581939697265625,1.00515,0.14999999999997726,8.230594299316389,20.0,0.8
6.702,0.5989170074462891,0.5989170074462891,0.008790969848632812,1.0052999999999999,0.15000000000009095,8.240627075195384,20.0,0.8
6.703,0.5989170074462891,0.5989170074462891,0.017581939697265625,1.00545,0.14999999999992042,8.23659429931634,20.0,0.8
6.704,0.5989170074462891,0.5989170074462891,0.008790969848632812,1.0055999999999998,0.15000000000009095,8.246627075195383,20.0,0.8
6.705,0.5989170074462891,0.5989170074462891,0.008790969848632812,1.00575,0.1500000000000341,8.249627075195338,20.0,0.8
6.706,0.5989170074462891,0.5989170074462891,0.017581939697265625,1.0059,0.14999999999997726,8.245594299316389,20.0,0.8
6.707,0.5989170074462891,0.5989170074462891,0.017581939697265625,1.0060499999999999,0.15000000000009095,8.248594299316478,20.0,0.8
6.708,0.5989170074462891,0.5989170074462891,0.017581939697265625,1.0062,0.1500000000000341,8.251594299316432,20.0,0.8
6.7090000000000005,0.5989170074462891,0.5989170074462891,0.03516578674316406,1.00635,0.14999999999997726,8.240527221679672,20.0,0.8
6.71,0.5989170074462891,0.5989170074462891,0.017581939697265625,1.0065,0.15000000000009095,8.257594299316478,20.0,0.8
6.711,0.5989170074462891,0.5989170074462891,0.017581939697265625,1.00665,0.14999999999992042,8.260594299316343,20.0,0.8
6.712,0.5989170074462891,0.5989170074462891,0.03516578674316406,1.0068,0.1500000000000341,8.249527221679713,20.0,0.8
6.713,0.5989170074462891,0.5989170074462891,0.026372909545898438,1.00695,0.1500000000000341,8.259561523437526,20.0,0.8
6.714,0.5992984771728516,0.5992984771728516,0.026372909545898438,1.0071,0.14999999999992042,8.254932128906189,20.0,0.8
6.715,0.5992984771728516,0.5992984771728516,0.03516578674316406,1.00725,0.1500000000000341,8.250897827148464,20.0,0.8
6.716,0.5992984771728516,0.5992984771728516,0.043956756591796875,1.0074,0.14999999999992042,8.246865051269468,20.0,0.8
6.7170000000000005,0.5992984771728516,0.5992984771728516,0.043956756591796875,1.00755,0.14999999999997726,8.249865051269513,20.0,0.8
6.718,0.5992984771728516,0.5992984771728516,0.043956756591796875,1.0077,0.1500000000000341,8.25286505126956,20.0,0.8
6.719,0.5992984771728516,0.5992984771728516,0.03516578674316406,1.00785,0.14999999999992042,8.262897827148372,20.0,0.8
6.72,0.5992984771728516,0.5992984771728516,0.05274772644042969,1.008,0.1500000000000341,8.251832275390653,20.0,0.8
6.721,0.5992984771728516,0.5992984771728516,0.043956756591796875,1.0081499999999999,0.14999999999992042,8.261865051269464,20.0,0.8
6.722,0.5992984771728516,0.5992984771728516,0.043956756591796875,1.0083,0.14999999999992042,8.264865051269467,20.0,0.8
6.723,0.5996799468994141,0.5996799468994141,0.0615386962890625,1.0084499999999998,0.1500000000000341,8.246170104980493,20.0,0.8
6.724,0.5996799468994141,0.5996799468994141,0.043956756591796875,1.0086,0.15000000000009095,8.263235656738352,20.0,0.8
6.7250000000000005,0.5996799468994141,0.5996799468994141,0.043956756591796875,1.00875,0.14999999999997726,8.266235656738264,20.0,0.8
6.726,0.5996799468994141,0.5996799468994141,0.05274772644042969,1.0089,0.1500000000000341,8.2622028808594,20.0,0.8
6.727,0.5996799468994141,0.5996799468994141,0.03516578674316406,1.00905,0.14999999999997726,8.27926843261717,20.0,0.8
6.728,0.5996799468994141,0.5996799468994141,0.03516578674316406,1.0091999999999999,0.15000000000009095,8.282268432617258,20.0,0.8
6.729,0.5996799468994141,0.5996799468994141,0.03516578674316406,1.00935,0.15000000000009095,8.28526843261726,20.0,0.8
6.73,0.5996799468994141,0.5996799468994141,0.026372909545898438,1.0095,0.14999999999992042,8.295302734374937,20.0,0.8
6.731,0.5996799468994141,0.5996799468994141,0.026372909545898438,1.00965,0.15000000000009095,8.29830273437507,20.0,0.8
6.732,0.5996799468994141,0.5996799468994141,0.017581939697265625,1.0098,0.1500000000000341,8.308335510253935,20.0,0.8
6.7330000000000005,0.6000614166259766,0.6000614166259766,0.03516578674316406,1.0099500000000001,0.14999999999992042,8.289639038085875,20.0,0.8
6.734,0.6000614166259766,0.6000614166259766,0.017581939697265625,1.0101,0.15000000000009095,8.30670611572273,20.0,0.8
6.735,0.6000614166259766,0.6000614166259766,0.026372909545898438,1.01025,0.14999999999992042,8.302673339843688,20.0,0.8
6.736,0.6000614166259766,0.6000614166259766,0.03516578674316406,1.0104,0.15000000000009095,8.298639038086009,20.0,0.8
6.737,0.6000614166259766,0.6000614166259766,0.026372909545898438,1.01055,0.14999999999997726,8.308673339843734,20.0,0.8
6.738,0.6000614166259766,0.6000614166259766,0.026372909545898438,1.0107,0.14999999999992042,8.311673339843685,20.0,0.8
6.739,0.6000614166259766,0.6000614166259766,0.05274772644042969,1.01085,0.15000000000009095,8.293573486328198,20.0,0.8
6.74,0.6000614166259766,0.6000614166259766,0.043956756591796875,1.011,0.14999999999992042,8.303606262206966,20.0,0.8
6.7410000000000005,0.6000614166259766,0.6000614166259766,0.05274772644042969,1.01115,0.14999999999992042,8.299573486328061,20.0,0.8
6.742,0.6000614166259766,0.6000614166259766,0.0615386962890625,1.0112999999999999,0.15000000000009095,8.29554071044929,20.0,0.8
6.743,0.6004428863525391,0.6004428863525391,0.07032966613769531,1.01145,0.14999999999992042,8.283878540038998,20.0,0.8
6.744,0.6004428863525391,0.6004428863525391,0.07912063598632812,1.0115999999999998,0.1500000000000341,8.279845764160179,20.0,0.8
6.745,0.6004428863525391,0.6004428863525391,0.08791160583496094,1.01175,0.1500000000000341,8.275812988281277,20.0,0.8
6.746,0.6004428863525391,0.6004428863525391,0.09670257568359375,1.0119,0.14999999999992042,8.27178021240228,20.0,0.8
6.747,0.6008243560791016,0.6008243560791016,0.09670257568359375,1.01205,0.1500000000000341,8.26715081787112,20.0,0.8
6.748,0.6008243560791016,0.6008243560791016,0.10549545288085938,1.0122,0.1500000000000341,8.263116516113309,20.0,0.8
6.7490000000000006,0.6008243560791016,0.6008243560791016,0.11428642272949219,1.01235,0.14999999999992042,8.259083740234313,20.0,0.8
6.75,0.6008243560791016,0.6008243560791016,0.1318683624267578,1.0125,0.1500000000000341,8.248018188476589,20.0,0.8
6.751,0.6012058258056641,0.6012058258056641,0.11428642272949219,1.01265,0.14999999999992042,8.257454345703062,20.0,0.8
6.752,0.6012058258056641,0.6012058258056641,0.11428642272949219,1.0128,0.1500000000000341,8.26045434570315,20.0,0.8
6.753,0.6012058258056641,0.6012058258056641,0.09670257568359375,1.01295,0.1500000000000341,8.277521423339872,20.0,0.8
6.7540000000000004,0.6015872955322266,0.6015872955322266,0.10549545288085938,1.0131000000000001,0.14999999999992042,8.26585772705072,20.0,0.8
6.755,0.6015872955322266,0.6015872955322266,0.07032966613769531,1.01325,0.1500000000000341,8.29699035644534,20.0,0.8
6.756,0.6015872955322266,0.6015872955322266,0.07912063598632812,1.0134,0.14999999999992042,8.292957580566343,20.0,0.8
6.757000000000001,0.6015872955322266,0.6015872955322266,0.0615386962890625,1.01355,0.14999999999992042,8.310023132324154,20.0,0.8
6.758,0.6015872955322266,0.6015872955322266,0.0615386962890625,1.0137,0.1500000000000341,8.313023132324247,20.0,0.8
6.759,0.6015872955322266,0.6015872955322266,0.07032966613769531,1.01385,0.14999999999997726,8.308990356445292,20.0,0.8
6.76,0.6019687652587891,0.6019687652587891,0.0615386962890625,1.014,0.1500000000000341,8.311393737792997,20.0,0.8
6.761,0.6019687652587891,0.6019687652587891,0.07032966613769531,1.0141499999999999,0.14999999999992042,8.307360961913997,20.0,0.8
6.7620000000000005,0.6019687652587891,0.6019687652587891,0.07912063598632812,1.0143,0.14999999999997726,8.303328186035138,20.0,0.8
6.763,0.6019687652587891,0.6019687652587891,0.07032966613769531,1.0144499999999999,0.1500000000000341,8.313360961914087,20.0,0.8
6.764,0.6019687652587891,0.6019687652587891,0.08791160583496094,1.0146,0.1500000000000341,8.302295410156276,20.0,0.8
6.765000000000001,0.6023502349853516,0.6023502349853516,0.09670257568359375,1.01475,0.14999999999997726,8.290633239746077,20.0,0.8
6.766,0.6023502349853516,0.6023502349853516,0.11428642272949219,1.0149,0.1500000000000341,8.2795661621094,20.0,0.8
6.767,0.6023502349853516,0.6023502349853516,0.10549545288085938,1.01505,0.14999999999997726,8.289598937988263,20.0,0.8
6.768,0.6027317047119141,0.6027317047119141,0.123077392578125,1.0151999999999999,0.15000000000009095,8.27090399169929,20.0,0.8
6.769,0.6027317047119141,0.6027317047119141,0.14065933227539062,1.01535,0.1500000000000341,8.259838439941433,20.0,0.8
6.7700000000000005,0.6027317047119141,0.6027317047119141,0.123077392578125,1.0155,0.14999999999992042,8.276903991699157,20.0,0.8
6.771,0.6031131744384766,0.6031131744384766,0.1318683624267578,1.01565,0.15000000000009095,8.265241821289134,20.0,0.8
6.772,0.6031131744384766,0.6031131744384766,0.10549545288085938,1.0158,0.1500000000000341,8.28934014892581,20.0,0.8
6.773000000000001,0.6031131744384766,0.6031131744384766,0.10549545288085938,1.0159500000000001,0.14999999999992042,8.292340148925721,20.0,0.8
6.774,0.6031131744384766,0.6031131744384766,0.09670257568359375,1.0161,0.15000000000009095,8.302374450683665,20.0,0.8
6.775,0.6034946441650391,0.6034946441650391,0.08791160583496094,1.01625,0.14999999999992042,8.304777832031188,20.0,0.8
6.776,0.6034946441650391,0.6034946441650391,0.10549545288085938,1.0164,0.1500000000000341,8.293710754394558,20.0,0.8
6.777,0.6034946441650391,0.6034946441650391,0.07912063598632812,1.01655,0.14999999999992042,8.317810607910094,20.0,0.8
6.7780000000000005,0.6034946441650391,0.6034946441650391,0.08791160583496094,1.0167,0.14999999999992042,8.313777832031185,20.0,0.8
6.779,0.6038761138916016,0.6038761138916016,0.10549545288085938,1.01685,0.1500000000000341,8.295081359863309,20.0,0.8
6.78,0.6038761138916016,0.6038761138916016,0.08791160583496094,1.017,0.14999999999992042,8.312148437499934,20.0,0.8
6.781000000000001,0.6038761138916016,0.6038761138916016,0.10549545288085938,1.01715,0.14999999999992042,8.301081359863218,20.0,0.8
6.782,0.6042575836181641,0.6042575836181641,0.123077392578125,1.0172999999999999,0.1500000000000341,8.282386413574242,20.0,0.8
6.783,0.6042575836181641,0.6042575836181641,0.10549545288085938,1.01745,0.14999999999992042,8.299451965331968,20.0,0.8
6.784,0.6042575836181641,0.6042575836181641,0.123077392578125,1.0175999999999998,0.1500000000000341,8.288386413574242,20.0,0.8
6.785,0.6042575836181641,0.6042575836181641,0.123077392578125,1.01775,0.1500000000000341,8.291386413574244,20.0,0.8
6.7860000000000005,0.6046390533447266,0.6046390533447266,0.123077392578125,1.0179,0.14999999999992042,8.286757019042906,20.0,0.8
6.787,0.6046390533447266,0.6046390533447266,0.1318683624267578,1.01805,0.1500000000000341,8.282724243164086,20.0,0.8
6.788,0.6046390533447266,0.6046390533447266,0.10549545288085938,1.0182,0.14999999999997726,8.306822570800763,20.0,0.8
6.789,0.6050205230712891,0.6050205230712891,0.1318683624267578,1.0183499999999999,0.15000000000009095,8.281094848632883,20.0,0.8
6.79,0.6050205230712891,0.6050205230712891,0.123077392578125,1.0185,0.1500000000000341,8.291127624511745,20.0,0.8
6.791,0.6050205230712891,0.6050205230712891,0.1318683624267578,1.01865,0.14999999999997726,8.287094848632796,20.0,0.8
6.792,0.6054019927978516,0.6054019927978516,0.14065933227539062,1.0188,0.15000000000009095,8.275432678222726,20.0,0.8
6.793,0.6054019927978516,0.6054019927978516,0.14065933227539062,1.01895,0.1500000000000341,8.278432678222686,20.0,0.8
6.7940000000000005,0.6054019927978516,0.6054019927978516,0.11428642272949219,1.0191000000000001,0.14999999999997726,8.302531005859358,20.0,0.8
6.795,0.6057834625244141,0.6057834625244141,0.10549545288085938,1.01925,0.1500000000000341,8.304934387207059,20.0,0.8
6.796,0.6057834625244141,0.6057834625244141,0.11428642272949219,1.0194,0.14999999999997726,8.300901611328108,20.0,0.8
6.797,0.6057834625244141,0.6057834625244141,0.11428642272949219,1.01955,0.1500000000000341,8.30390161132815,20.0,0.8
6.798,0.6061649322509766,0.6061649322509766,0.10549545288085938,1.0197,0.14999999999992042,8.30630499267572,20.0,0.8
6.799,0.6061649322509766,0.6061649322509766,0.09670257568359375,1.01985,0.14999999999997726,8.316339294433574,20.0,0.8
6.8,0.6061649322509766,0.6061649322509766,0.10549545288085938,1.02,0.15000000000009095,8.312304992675854,20.0,0.8
6.801,0.6061649322509766,0.6061649322509766,0.10549545288085938,1.02015,0.14999999999997726,8.315304992675761,20.0,0.8
6.8020000000000005,0.6065464019775391,0.6065464019775391,0.11428642272949219,1.0203,0.14999999999997726,8.303642822265605,20.0,0.8
6.803,0.6065464019775391,0.6065464019775391,0.09670257568359375,1.0204499999999999,0.1500000000000341,8.320709899902369,20.0,0.8
6.804,0.6065464019775391,0.6065464019775391,0.11428642272949219,1.0206,0.14999999999997726,8.309642822265605,20.0,0.8
6.805,0.6069278717041016,0.6069278717041016,0.10549545288085938,1.0207499999999998,0.1500000000000341,8.312046203613304,20.0,0.8
6.806,0.6069278717041016,0.6069278717041016,0.11428642272949219,1.0209,0.1500000000000341,8.308013427734402,20.0,0.8
6.807,0.6069278717041016,0.6069278717041016,0.09670257568359375,1.02105,0.14999999999997726,8.325080505371075,20.0,0.8
6.808,0.6069278717041016,0.6069278717041016,0.11428642272949219,1.0211999999999999,0.15000000000009095,8.314013427734446,20.0,0.8
6.809,0.6073093414306641,0.6073093414306641,0.10549545288085938,1.02135,0.15000000000009095,8.316416809082103,20.0,0.8
6.8100000000000005,0.6073093414306641,0.6073093414306641,0.123077392578125,1.0215,0.14999999999992042,8.305351257324157,20.0,0.8
6.811,0.6073093414306641,0.6073093414306641,0.11428642272949219,1.02165,0.15000000000009095,8.315384033203198,20.0,0.8
6.812,0.6076908111572266,0.6076908111572266,0.123077392578125,1.0218,0.14999999999992042,8.303721862792905,20.0,0.8
6.813,0.6076908111572266,0.6076908111572266,0.14065933227539062,1.02195,0.15000000000009095,8.292656311035227,20.0,0.8
6.814,0.6076908111572266,0.6076908111572266,0.14945030212402344,1.0221,0.15000000000009095,8.288623535156322,20.0,0.8
6.815,0.6080722808837891,0.6080722808837891,0.14945030212402344,1.02225,0.14999999999992042,8.283994140624939,20.0,0.8
6.816,0.6080722808837891,0.6080722808837891,0.15824127197265625,1.0224,0.15000000000009095,8.279961364746168,20.0,0.8
6.817,0.6084537506103516,0.6084537506103516,0.15824127197265625,1.02255,0.14999999999992042,8.275331970214781,20.0,0.8
6.8180000000000005,0.6084537506103516,0.6084537506103516,0.1758251190185547,1.0227,0.14999999999992042,8.26426489257806,20.0,0.8
6.819,0.6088352203369141,0.6088352203369141,0.16703224182128906,1.02285,0.15000000000009095,8.266669799804761,20.0,0.8
6.82,0.6088352203369141,0.6088352203369141,0.1846160888671875,1.023,0.14999999999997726,8.255602722167948,20.0,0.8
6.821,0.6092166900634766,0.6092166900634766,0.1846160888671875,1.02315,0.15000000000009095,8.250973327636792,20.0,0.8
6.822,0.6092166900634766,0.6092166900634766,0.21098899841308594,1.0232999999999999,0.14999999999992042,8.232874999999934,20.0,0.8
6.823,0.6095981597900391,0.6095981597900391,0.1934070587158203,1.02345,0.14999999999997726,8.242311157226544,20.0,0.8
6.824,0.6095981597900391,0.6095981597900391,0.1758251190185547,1.0235999999999998,0.15000000000009095,8.259376708984446,20.0,0.8
6.825,0.6099796295166016,0.6099796295166016,0.1846160888671875,1.02375,0.1500000000000341,8.247714538574243,20.0,0.8
6.8260000000000005,0.6099796295166016,0.6099796295166016,0.1846160888671875,1.0239,0.14999999999997726,8.250714538574202,20.0,0.8
6.827,0.6103610992431641,0.6103610992431641,0.20219802856445312,1.02405,0.1500000000000341,8.232019592285182,20.0,0.8
6.828,0.6103610992431641,0.6103610992431641,0.23736190795898438,1.0242,0.14999999999986358,8.206888488769422,20.0,0.8
6.829,0.6107425689697266,0.6107425689697266,0.27252769470214844,1.0243499999999999,0.15000000000009095,8.174126464843821,20.0,0.8
6.83,0.6111240386962891,0.6111240386962891,0.27252769470214844,1.0245,0.14999999999997726,8.169497070312481,20.0,0.8
6.831,0.6111240386962891,0.6111240386962891,0.24615478515625,1.02465,0.14999999999986358,8.193595397949112,20.0,0.8
6.832,0.6115055084228516,0.6115055084228516,0.2549457550048828,1.0248,0.14999999999997726,8.181933227539043,20.0,0.8
6.833,0.6118869781494141,0.6118869781494141,0.23736190795898438,1.02495,0.15000000000009095,8.191370910644604,20.0,0.8
6.8340000000000005,0.6118869781494141,0.6118869781494141,0.21098899841308594,1.0251000000000001,0.14999999999986358,8.215469238281143,20.0,0.8
6.835,0.6122684478759766,0.6122684478759766,0.21098899841308594,1.02525,0.15000000000009095,8.210839843750072,20.0,0.8
6.836,0.6122684478759766,0.6122684478759766,0.20219802856445312,1.0254,0.14999999999997726,8.22087261962889,20.0,0.8
6.837,0.6126499176025391,0.6126499176025391,0.1846160888671875,1.02555,0.15000000000009095,8.23030877685554,20.0,0.8
6.838,0.6126499176025391,0.6126499176025391,0.20219802856445312,1.0257,0.14999999999997726,8.219243225097639,20.0,0.8
6.839,0.6130313873291016,0.6130313873291016,0.1758251190185547,1.02585,0.14999999999997726,8.235712158203107,20.0,0.8
6.84,0.6130313873291016,0.6130313873291016,0.1846160888671875,1.026,0.15000000000009095,8.231679382324291,20.0,0.8
6.841,0.6134128570556641,0.6134128570556641,0.1846160888671875,1.02615,0.14999999999997726,8.227049987792949,20.0,0.8
6.8420000000000005,0.6134128570556641,0.6134128570556641,0.1846160888671875,1.0263,0.14999999999997726,8.23004998779295,20.0,0.8
6.843,0.6137943267822266,0.6137943267822266,0.1846160888671875,1.0264499999999999,0.15000000000009095,8.225420593261788,20.0,0.8
6.844,0.6137943267822266,0.6137943267822266,0.1934070587158203,1.0266,0.14999999999997726,8.221387817382794,20.0,0.8
6.845,0.6137943267822266,0.6137943267822266,0.15824127197265625,1.0267499999999998,0.15000000000009095,8.252520446777414,20.0,0.8
6.846,0.6141757965087891,0.6141757965087891,0.15824127197265625,1.0269,0.15000000000009095,8.247891052246166,20.0,0.8
6.847,0.6141757965087891,0.6141757965087891,0.16703224182128906,1.02705,0.14999999999986358,8.243858276367078,20.0,0.8
6.848,0.6145572662353516,0.6145572662353516,0.16703224182128906,1.0272,0.14999999999997726,8.239228881835917,20.0,0.8
6.849,0.6145572662353516,0.6145572662353516,0.15824127197265625,1.02735,0.14999999999997726,8.249261657714825,20.0,0.8
6.8500000000000005,0.6149387359619141,0.6149387359619141,0.1846160888671875,1.0275,0.14999999999997726,8.223532409667952,20.0,0.8
6.851,0.6149387359619141,0.6149387359619141,0.16703224182128906,1.02765,0.15000000000009095,8.24059948730476,20.0,0.8
6.852,0.6153202056884766,0.6153202056884766,0.1758251190185547,1.0278,0.14999999999997726,8.228935791015608,20.0,0.8
6.853,0.6153202056884766,0.6153202056884766,0.16703224182128906,1.02795,0.15000000000009095,8.238970092773508,20.0,0.8
6.854,0.6153202056884766,0.6153202056884766,0.16703224182128906,1.0281,0.14999999999997726,8.241970092773421,20.0,0.8
6.855,0.6157016754150391,0.6157016754150391,0.1758251190185547,1.02825,0.14999999999997726,8.230306396484359,20.0,0.8
6.856,0.6157016754150391,0.6157016754150391,0.16703224182128906,1.0284,0.14999999999997726,8.24034069824217,20.0,0.8
6.857,0.6160831451416016,0.6160831451416016,0.1846160888671875,1.02855,0.14999999999997726,8.221644226074202,20.0,0.8
6.8580000000000005,0.6160831451416016,0.6160831451416016,0.20219802856445312,1.0287,0.14999999999997726,8.210578674316386,20.0,0.8
6.859,0.6164646148681641,0.6164646148681641,0.21098899841308594,1.02885,0.15000000000009095,8.198916503906325,20.0,0.8
6.86,0.6164646148681641,0.6164646148681641,0.21977996826171875,1.029,0.14999999999997726,8.194883728027325,20.0,0.8
6.861,0.6168460845947266,0.6168460845947266,0.22857093811035156,1.02915,0.15000000000009095,8.18322155761726,20.0,0.8
6.862,0.6172275543212891,0.6172275543212891,0.23736190795898438,1.0292999999999999,0.14999999999997726,8.171559387207012,20.0,0.8
6.863,0.6172275543212891,0.6172275543212891,0.2549457550048828,1.02945,0.14999999999986358,8.160492309570202,20.0,0.8
6.864,0.6176090240478516,0.6176090240478516,0.27252769470214844,1.0295999999999998,0.15000000000009095,8.14179736328132,20.0,0.8
6.865,0.6179904937744141,0.6179904937744141,0.2549457550048828,1.02975,0.14999999999997726,8.151233520507793,20.0,0.8
6.8660000000000005,0.6179904937744141,0.6179904937744141,0.23736190795898438,1.0299,0.14999999999997726,8.168300598144514,20.0,0.8
6.867,0.6183719635009766,0.6183719635009766,0.22857093811035156,1.03005,0.14999999999997726,8.170703979492169,20.0,0.8
6.868,0.6187534332275391,0.6187534332275391,0.2549457550048828,1.0302,0.15000000000009095,8.144974731445384,20.0,0.8
6.869,0.6187534332275391,0.6187534332275391,0.3076915740966797,1.0303499999999999,0.15000000000009095,8.105778076171946,20.0,0.8
6.87,0.6191349029541016,0.6191349029541016,0.2989006042480469,1.0305,0.14999999999997726,8.108181457519512,20.0,0.8
6.871,0.6195163726806641,0.6195163726806641,0.2989006042480469,1.03065,0.14999999999997726,8.103552062988264,20.0,0.8
6.872,0.6198978424072266,0.6198978424072266,0.29010963439941406,1.0308,0.15000000000009095,8.10595544433601,20.0,0.8
6.873,0.6198978424072266,0.6198978424072266,0.2549457550048828,1.03095,0.15000000000009095,8.137086547851634,20.0,0.8
6.8740000000000006,0.6202793121337891,0.6202793121337891,0.23736190795898438,1.0311000000000001,0.14999999999997726,8.146524230957016,20.0,0.8
6.875,0.6206607818603516,0.6206607818603516,0.2549457550048828,1.03125,0.15000000000009095,8.127827758789135,20.0,0.8
6.876,0.6206607818603516,0.6206607818603516,0.24615478515625,1.0314,0.14999999999986358,8.137860534667862,20.0,0.8
6.877,0.6210422515869141,0.6210422515869141,0.23736190795898438,1.03155,0.15000000000009095,8.140265441894604,20.0,0.8
6.878,0.6214237213134766,0.6214237213134766,0.23736190795898438,1.0317,0.14999999999997726,8.135636047363263,20.0,0.8
6.8790000000000004,0.6214237213134766,0.6214237213134766,0.24615478515625,1.03185,0.14999999999997726,8.13160174560545,20.0,0.8
6.88,0.6218051910400391,0.6218051910400391,0.22857093811035156,1.032,0.15000000000020464,8.141039428711101,20.0,0.8
6.881,0.6221866607666016,0.6221866607666016,0.2549457550048828,1.03215,0.14999999999986358,8.11531018066395,20.0,0.8
6.882000000000001,0.6221866607666016,0.6221866607666016,0.20219802856445312,1.0323,0.14999999999986358,8.160508361816298,20.0,0.8
6.883,0.6225681304931641,0.6225681304931641,0.1846160888671875,1.0324499999999999,0.15000000000009095,8.169944519043039,20.0,0.8
6.884,0.6225681304931641,0.6225681304931641,0.20219802856445312,1.0326,0.14999999999997726,8.158878967285137,20.0,0.8
6.885,0.6229496002197266,0.6229496002197266,0.20219802856445312,1.0327499999999998,0.14999999999997726,8.154249572753885,20.0,0.8
6.886,0.6229496002197266,0.6229496002197266,0.21098899841308594,1.0329,0.14999999999997726,8.150216796874979,20.0,0.8
6.8870000000000005,0.6233310699462891,0.6233310699462891,0.1934070587158203,1.03305,0.14999999999997726,8.159652954101546,20.0,0.8
6.888,0.6233310699462891,0.6233310699462891,0.1934070587158203,1.0332,0.15000000000009095,8.162652954101633,20.0,0.8
6.889,0.6237125396728516,0.6237125396728516,0.1846160888671875,1.03335,0.15000000000009095,8.165056335449291,20.0,0.8
6.890000000000001,0.6237125396728516,0.6237125396728516,0.1934070587158203,1.0335,0.14999999999997726,8.161023559570296,20.0,0.8
6.891,0.6240940093994141,0.6240940093994141,0.1846160888671875,1.03365,0.14999999999997726,8.16342694091795,20.0,0.8
6.892,0.6240940093994141,0.6240940093994141,0.1934070587158203,1.0338,0.14999999999986358,8.159394165038956,20.0,0.8
6.893,0.6244754791259766,0.6244754791259766,0.20219802856445312,1.03395,0.15000000000009095,8.147731994628977,20.0,0.8
6.894,0.6244754791259766,0.6244754791259766,0.21098899841308594,1.0341,0.15000000000009095,8.143699218750074,20.0,0.8
6.8950000000000005,0.6248569488525391,0.6248569488525391,0.21977996826171875,1.0342500000000001,0.14999999999997726,8.132037048339829,20.0,0.8
6.896,0.6248569488525391,0.6248569488525391,0.23736190795898438,1.0344,0.15000000000009095,8.120971496582102,20.0,0.8
6.897,0.6252384185791016,0.6252384185791016,0.24615478515625,1.03455,0.14999999999986358,8.109307800292862,20.0,0.8
6.898000000000001,0.6256198883056641,0.6256198883056641,0.27252769470214844,1.0347,0.14999999999986358,8.08358007812489,20.0,0.8
6.899,0.6260013580322266,0.6260013580322266,0.28131866455078125,1.03485,0.15000000000009095,8.071917907714917,20.0,0.8
6.9,0.6260013580322266,0.6260013580322266,0.29010963439941406,1.035,0.14999999999986358,8.067885131835828,20.0,0.8
6.901,0.6263828277587891,0.6263828277587891,0.27252769470214844,1.03515,0.14999999999997726,8.077321289062482,20.0,0.8
6.902,0.6267642974853516,0.6267642974853516,0.2637367248535156,1.0352999999999999,0.14999999999986358,8.079724670410044,20.0,0.8
6.9030000000000005,0.6271457672119141,0.6271457672119141,0.3164844512939453,1.03545,0.15000000000009095,8.032897094726636,20.0,0.8
6.904,0.6271457672119141,0.6271457672119141,0.34285736083984375,1.0355999999999999,0.15000000000009095,8.014798767089912,20.0,0.8
6.905,0.6275272369384766,0.6275272369384766,0.34285736083984375,1.03575,0.15000000000009095,8.010169372558666,20.0,0.8
6.906000000000001,0.6279087066650391,0.6279087066650391,0.33406639099121094,1.0359,0.14999999999997726,8.012572753906232,20.0,0.8
6.907,0.6282901763916016,0.6282901763916016,0.2989006042480469,1.03605,0.14999999999997726,8.036075988769511,20.0,0.8
6.908,0.6286716461181641,0.6286716461181641,0.29010963439941406,1.0362,0.14999999999997726,8.03847937011717,20.0,0.8
6.909,0.6286716461181641,0.6286716461181641,0.28131866455078125,1.0363499999999999,0.15000000000009095,8.048512145996163,20.0,0.8
6.91,0.6290531158447266,0.6290531158447266,0.2637367248535156,1.0365,0.15000000000009095,8.05794830322273,20.0,0.8
6.9110000000000005,0.6294345855712891,0.6294345855712891,0.27252769470214844,1.03665,0.14999999999986358,8.04628613281239,20.0,0.8
6.912,0.6298160552978516,0.6298160552978516,0.27252769470214844,1.0368,0.15000000000009095,8.041656738281322,20.0,0.8
6.913,0.6298160552978516,0.6298160552978516,0.27252769470214844,1.03695,0.14999999999986358,8.044656738281141,20.0,0.8
6.914,0.6301975250244141,0.6301975250244141,0.2637367248535156,1.0371,0.14999999999997726,8.047060119628885,20.0,0.8
6.915,0.6305789947509766,0.6305789947509766,0.2549457550048828,1.03725,0.15000000000009095,8.049463500976636,20.0,0.8
6.916,0.6305789947509766,0.6305789947509766,0.21977996826171875,1.0374,0.14999999999986358,8.080596130370985,20.0,0.8
6.917,0.6309604644775391,0.6309604644775391,0.21098899841308594,1.03755,0.15000000000009095,8.082999511718823,20.0,0.8
6.918,0.6309604644775391,0.6309604644775391,0.23736190795898438,1.0377,0.14999999999997726,8.064901184082014,20.0,0.8
6.9190000000000005,0.6313419342041016,0.6313419342041016,0.22857093811035156,1.03785,0.14999999999986358,8.067304565429577,20.0,0.8
6.92,0.6317234039306641,0.6317234039306641,0.21977996826171875,1.038,0.14999999999997726,8.069707946777328,20.0,0.8
6.921,0.6317234039306641,0.6317234039306641,0.21977996826171875,1.03815,0.14999999999986358,8.072707946777232,20.0,0.8
6.922,0.6321048736572266,0.6321048736572266,0.21977996826171875,1.0383,0.15000000000009095,8.068078552246167,20.0,0.8
6.923,0.6321048736572266,0.6321048736572266,0.21098899841308594,1.0384499999999999,0.14999999999997726,8.07811132812498,20.0,0.8
6.924,0.6324863433837891,0.6324863433837891,0.21098899841308594,1.0386,0.14999999999997726,8.07348193359373,20.0,0.8
6.925,0.6324863433837891,0.6324863433837891,0.21977996826171875,1.0387499999999998,0.15000000000009095,8.069449157714914,20.0,0.8
6.926,0.6328678131103516,0.6328678131103516,0.24615478515625,1.0389,0.14999999999997726,8.04371990966795,20.0,0.8
6.9270000000000005,0.6332492828369141,0.6332492828369141,0.2549457550048828,1.03905,0.14999999999986358,8.032057739257704,20.0,0.8
6.928,0.6332492828369141,0.6332492828369141,0.2549457550048828,1.0392,0.15000000000009095,8.035057739257883,20.0,0.8
6.929,0.6336307525634766,0.6336307525634766,0.27252769470214844,1.03935,0.14999999999986358,8.01636279296864,20.0,0.8
6.93,0.6340122222900391,0.6340122222900391,0.29010963439941406,1.0394999999999999,0.14999999999997726,7.997667846679667,20.0,0.8
6.931,0.6343936920166016,0.6343936920166016,0.2989006042480469,1.03965,0.15000000000009095,7.9860056762696034,20.0,0.8
6.932,0.6347751617431641,0.6347751617431641,0.3164844512939453,1.0398,0.14999999999997726,7.967309204101546,20.0,0.8
6.933,0.6347751617431641,0.6347751617431641,0.2637367248535156,1.03995,0.15000000000009095,8.01250738525398,20.0,0.8
6.934,0.6351566314697266,0.6351566314697266,0.3252754211425781,1.0401,0.15000000000009095,7.958647033691479,20.0,0.8
6.9350000000000005,0.6355381011962891,0.6355381011962891,0.3604393005371094,1.0402500000000001,0.14999999999986358,7.925886535644425,20.0,0.8
6.936,0.6359195709228516,0.6359195709228516,0.3604393005371094,1.0404,0.14999999999997726,7.921257141113263,20.0,0.8
6.937,0.6363010406494141,0.6363010406494141,0.35164833068847656,1.04055,0.14999999999997726,7.923660522460921,20.0,0.8
6.938,0.6366825103759766,0.6366825103759766,0.3164844512939453,1.0407,0.14999999999997726,7.9471622314452945,20.0,0.8
6.939,0.6370639801025391,0.6370639801025391,0.2989006042480469,1.04085,0.14999999999997726,7.956599914550763,20.0,0.8
6.94,0.6370639801025391,0.6370639801025391,0.29010963439941406,1.041,0.14999999999997726,7.966632690429668,20.0,0.8
6.941,0.6374454498291016,0.6374454498291016,0.28131866455078125,1.04115,0.15000000000009095,7.969036071777417,20.0,0.8
6.942,0.6378269195556641,0.6378269195556641,0.27252769470214844,1.0413,0.14999999999986358,7.971439453124888,20.0,0.8
6.9430000000000005,0.6378269195556641,0.6378269195556641,0.29010963439941406,1.04145,0.14999999999997726,7.96037390136717,20.0,0.8
6.944,0.6382083892822266,0.6382083892822266,0.2549457550048828,1.0415999999999999,0.15000000000009095,7.983875610351633,20.0,0.8
6.945,0.6385898590087891,0.6385898590087891,0.27252769470214844,1.04175,0.14999999999986358,7.96518066406239,20.0,0.8
6.946,0.6389713287353516,0.6389713287353516,0.24615478515625,1.0418999999999998,0.14999999999997726,7.981649597167948,20.0,0.8
6.947,0.6389713287353516,0.6389713287353516,0.21977996826171875,1.04205,0.14999999999997726,8.005749450683574,20.0,0.8
6.948,0.6393527984619141,0.6393527984619141,0.21977996826171875,1.0422,0.14999999999997726,8.001120056152327,20.0,0.8
6.949,0.6393527984619141,0.6393527984619141,0.21977996826171875,1.0423499999999999,0.14999999999997726,8.004120056152324,20.0,0.8
6.95,0.6397342681884766,0.6397342681884766,0.22857093811035156,1.0425,0.15000000000009095,7.99245788574226,20.0,0.8
6.9510000000000005,0.6397342681884766,0.6397342681884766,0.21098899841308594,1.04265,0.14999999999986358,8.009523437499892,20.0,0.8
6.952,0.6401157379150391,0.6401157379150391,0.21977996826171875,1.0428,0.15000000000009095,7.997861267089915,20.0,0.8
6.953,0.6404972076416016,0.6404972076416016,0.21098899841308594,1.04295,0.14999999999997726,8.000264648437483,20.0,0.8
6.954,0.6404972076416016,0.6404972076416016,0.1934070587158203,1.0431,0.15000000000009095,8.017330200195383,20.0,0.8
6.955,0.6408786773681641,0.6408786773681641,0.20219802856445312,1.04325,0.15000000000009095,8.005668029785229,20.0,0.8
6.956,0.6408786773681641,0.6408786773681641,0.21098899841308594,1.0434,0.14999999999986358,8.001635253906143,20.0,0.8
6.957,0.6412601470947266,0.6412601470947266,0.22857093811035156,1.04355,0.15000000000009095,7.982940307617259,20.0,0.8
6.958,0.6412601470947266,0.6412601470947266,0.21977996826171875,1.0437,0.14999999999986358,7.992973083495987,20.0,0.8
6.9590000000000005,0.6416416168212891,0.6416416168212891,0.22857093811035156,1.04385,0.14999999999997726,7.981310913085919,20.0,0.8
6.96,0.6420230865478516,0.6420230865478516,0.24615478515625,1.044,0.15000000000009095,7.962614440918042,20.0,0.8
6.961,0.6420230865478516,0.6420230865478516,0.2637367248535156,1.04415,0.14999999999997726,7.951548889160137,20.0,0.8
6.962,0.6424045562744141,0.6424045562744141,0.2637367248535156,1.0443,0.15000000000009095,7.946919494628978,20.0,0.8
6.963,0.6427860260009766,0.6427860260009766,0.28131866455078125,1.0444499999999999,0.14999999999986358,7.928224548339732,20.0,0.8
6.964,0.6427860260009766,0.6427860260009766,0.27252769470214844,1.0446,0.14999999999986358,7.9382573242186405,20.0,0.8
6.965,0.6431674957275391,0.6431674957275391,0.24615478515625,1.0447499999999998,0.14999999999997726,7.954726257324197,20.0,0.8
6.966,0.6435489654541016,0.6435489654541016,0.2989006042480469,1.0449,0.15000000000009095,7.907900207519604,20.0,0.8
6.9670000000000005,0.6439304351806641,0.6439304351806641,0.3252754211425781,1.04505,0.14999999999997726,7.882170959472638,20.0,0.8
6.968,0.6443119049072266,0.6443119049072266,0.34285736083984375,1.0452,0.15000000000009095,7.863476013183664,20.0,0.8
6.969,0.6446933746337891,0.6446933746337891,0.34285736083984375,1.04535,0.14999999999997726,7.858846618652326,20.0,0.8
6.97,0.6446933746337891,0.6446933746337891,0.3076915740966797,1.0454999999999999,0.15000000000009095,7.889979248046944,20.0,0.8
6.971,0.6450748443603516,0.6450748443603516,0.2989006042480469,1.04565,0.15000000000009095,7.892382629394604,20.0,0.8
6.972,0.6454563140869141,0.6454563140869141,0.29010963439941406,1.0458,0.14999999999997726,7.89478601074217,20.0,0.8
6.973,0.6458377838134766,0.6458377838134766,0.27252769470214844,1.04595,0.14999999999997726,7.90422216796873,20.0,0.8
6.974,0.6458377838134766,0.6458377838134766,0.28131866455078125,1.0461,0.14999999999997726,7.9001893920898265,20.0,0.8
6.9750000000000005,0.6462192535400391,0.6462192535400391,0.29010963439941406,1.0462500000000001,0.14999999999997726,7.888527221679672,20.0,0.8
6.976,0.6466007232666016,0.6466007232666016,0.28131866455078125,1.0464,0.15000000000009095,7.8909306030274164,20.0,0.8
6.977,0.6469821929931641,0.6469821929931641,0.29010963439941406,1.04655,0.14999999999997726,7.879268432617171,20.0,0.8
6.978,0.6469821929931641,0.6469821929931641,0.27252769470214844,1.0467,0.15000000000009095,7.896333984375072,20.0,0.8
6.979,0.6473636627197266,0.6473636627197266,0.21977996826171875,1.04685,0.14999999999986358,7.933902770995986,20.0,0.8
6.98,0.6473636627197266,0.6473636627197266,0.21977996826171875,1.047,0.14999999999986358,7.936902770995983,20.0,0.8
6.981,0.6477451324462891,0.6477451324462891,0.21977996826171875,1.04715,0.14999999999997726,7.932273376464826,20.0,0.8
6.982,0.6481266021728516,0.6481266021728516,0.23736190795898438,1.0473,0.14999999999997726,7.913578430175761,20.0,0.8
6.9830000000000005,0.6481266021728516,0.6481266021728516,0.21977996826171875,1.04745,0.14999999999997726,7.930643981933575,20.0,0.8
6.984,0.6485080718994141,0.6485080718994141,0.21977996826171875,1.0475999999999999,0.14999999999997726,7.926014587402323,20.0,0.8
6.985,0.6485080718994141,0.6485080718994141,0.21977996826171875,1.04775,0.14999999999997726,7.929014587402325,20.0,0.8
6.986,0.6488895416259766,0.6488895416259766,0.21977996826171875,1.0478999999999998,0.15000000000009095,7.9243851928711635,20.0,0.8
6.987,0.6492710113525391,0.6492710113525391,0.21977996826171875,1.04805,0.15000000000009095,7.919755798339915,20.0,0.8
6.988,0.6492710113525391,0.6492710113525391,0.22857093811035156,1.0482,0.14999999999997726,7.91572302246092,20.0,0.8
6.989,0.6496524810791016,0.6496524810791016,0.23736190795898438,1.04835,0.15000000000009095,7.9040608520508515,20.0,0.8
6.99,0.6496524810791016,0.6496524810791016,0.2549457550048828,1.0485,0.15000000000009095,7.892993774414135,20.0,0.8
6.9910000000000005,0.6500339508056641,0.6500339508056641,0.2637367248535156,1.04865,0.14999999999986358,7.881331604003798,20.0,0.8
6.992,0.6504154205322266,0.6504154205322266,0.27252769470214844,1.0488,0.15000000000009095,7.869669433593822,20.0,0.8
6.993,0.6507968902587891,0.6507968902587891,0.28131866455078125,1.04895,0.14999999999986358,7.858007263183485,20.0,0.8
6.994,0.6507968902587891,0.6507968902587891,0.3076915740966797,1.0491,0.15000000000009095,7.839908935546946,20.0,0.8
6.995,0.6511783599853516,0.6511783599853516,0.2989006042480469,1.04925,0.15000000000009095,7.8423123168946045,20.0,0.8
6.996,0.6515598297119141,0.6515598297119141,0.2637367248535156,1.0494,0.14999999999997726,7.8658140258788904,20.0,0.8
6.997,0.6519412994384766,0.6519412994384766,0.2989006042480469,1.04955,0.15000000000020464,7.833053527832194,20.0,0.8
6.998,0.6519412994384766,0.6519412994384766,0.35164833068847656,1.0497,0.14999999999986358,7.79385534667958,20.0,0.8
6.9990000000000006,0.6523227691650391,0.6523227691650391,0.33406639099121094,1.04985,0.14999999999986358,7.80329150390614,20.0,0.8
7.0,0.6527042388916016,0.6527042388916016,0.34285736083984375,1.05,0.14999999999997726,7.7916293334960764,20.0,0.8
7.001,0.6530857086181641,0.6530857086181641,0.2989006042480469,1.05015,0.14999999999997726,7.822165344238261,20.0,0.8
7.002,0.6534671783447266,0.6534671783447266,0.29010963439941406,1.0503,0.14999999999997726,7.8245687255859195,20.0,0.8
7.003,0.6538486480712891,0.6538486480712891,0.27252769470214844,1.0504499999999999,0.14999999999986358,7.834004882812389,20.0,0.8
7.0040000000000004,0.6538486480712891,0.6538486480712891,0.27252769470214844,1.0506,0.14999999999997726,7.837004882812481,20.0,0.8
7.005,0.6542301177978516,0.6542301177978516,0.28131866455078125,1.0507499999999999,0.15000000000009095,7.8253427124024135,20.0,0.8
7.006,0.6546115875244141,0.6546115875244141,0.2549457550048828,1.0509,0.15000000000009095,7.841811645507884,20.0,0.8
7.007000000000001,0.6546115875244141,0.6546115875244141,0.27252769470214844,1.05105,0.14999999999997726,7.830746093749982,20.0,0.8
7.008,0.6549930572509766,0.6549930572509766,0.28131866455078125,1.0512,0.15000000000009095,7.819083923339915,20.0,0.8
7.009,0.6553745269775391,0.6553745269775391,0.27252769470214844,1.05135,0.14999999999986358,7.821487304687391,20.0,0.8
7.01,0.6553745269775391,0.6553745269775391,0.22857093811035156,1.0514999999999999,0.15000000000009095,7.859652709961008,20.0,0.8
7.011,0.6557559967041016,0.6557559967041016,0.21098899841308594,1.05165,0.15000000000009095,7.869088867187572,20.0,0.8
7.0120000000000005,0.6561374664306641,0.6561374664306641,0.22857093811035156,1.0518,0.14999999999997726,7.850393920898421,20.0,0.8
7.013,0.6561374664306641,0.6561374664306641,0.21098899841308594,1.05195,0.15000000000009095,7.867459472656321,20.0,0.8
7.014,0.656519889831543,0.656519889831543,0.22857093811035156,1.0521,0.14999999999997726,7.848745452880842,20.0,0.8
7.015000000000001,0.656519889831543,0.656519889831543,0.21098899841308594,1.0522500000000001,0.14999999999986358,7.865811004638565,20.0,0.8
7.016,0.6569013595581055,0.6569013595581055,0.21098899841308594,1.0524,0.15000000000009095,7.8611816101074945,20.0,0.8
7.017,0.6569013595581055,0.6569013595581055,0.20219802856445312,1.05255,0.14999999999997726,7.8712143859863115,20.0,0.8
7.018,0.657282829284668,0.657282829284668,0.20219802856445312,1.0527,0.14999999999997726,7.866584991455059,20.0,0.8
7.019,0.657282829284668,0.657282829284668,0.20219802856445312,1.05285,0.14999999999986358,7.86958499145497,20.0,0.8
7.0200000000000005,0.6576642990112305,0.6576642990112305,0.20219802856445312,1.053,0.14999999999997726,7.864955596923808,20.0,0.8
7.021,0.658045768737793,0.658045768737793,0.21977996826171875,1.05315,0.15000000000009095,7.846260650634839,20.0,0.8
7.022,0.658045768737793,0.658045768737793,0.22857093811035156,1.0533,0.14999999999997726,7.84222787475584,20.0,0.8
7.023000000000001,0.6584272384643555,0.6584272384643555,0.22857093811035156,1.05345,0.14999999999997726,7.8375984802245915,20.0,0.8
7.024,0.6584272384643555,0.6584272384643555,0.2637367248535156,1.0535999999999999,0.14999999999997726,7.8124658508300575,20.0,0.8
7.025,0.658808708190918,0.658808708190918,0.24615478515625,1.05375,0.14999999999997726,7.821902008056622,20.0,0.8
7.026,0.6591901779174805,0.6591901779174805,0.28131866455078125,1.0538999999999998,0.15000000000009095,7.789141510009835,20.0,0.8
7.027,0.659571647644043,0.659571647644043,0.28131866455078125,1.05405,0.15000000000009095,7.784512115478587,20.0,0.8
7.0280000000000005,0.659571647644043,0.659571647644043,0.2549457550048828,1.0542,0.14999999999997726,7.808610443115216,20.0,0.8
7.029,0.6599531173706055,0.6599531173706055,0.24615478515625,1.05435,0.15000000000009095,7.811013824462961,20.0,0.8
7.03,0.660334587097168,0.660334587097168,0.2989006042480469,1.0545,0.14999999999997726,7.764187774658184,20.0,0.8
7.031000000000001,0.660334587097168,0.660334587097168,0.2989006042480469,1.05465,0.14999999999997726,7.767187774658186,20.0,0.8
7.032,0.6607160568237305,0.6607160568237305,0.3252754211425781,1.0548,0.15000000000020464,7.741458526611491,20.0,0.8
7.033,0.661097526550293,0.661097526550293,0.3076915740966797,1.05495,0.14999999999986358,7.7508962097166885,20.0,0.8
7.034,0.6614789962768555,0.6614789962768555,0.2637367248535156,1.0551,0.15000000000009095,7.781430694580149,20.0,0.8
7.035,0.6614789962768555,0.6614789962768555,0.2637367248535156,1.05525,0.14999999999997726,7.7844306945800605,20.0,0.8
7.0360000000000005,0.661860466003418,0.661860466003418,0.24615478515625,1.0554000000000001,0.14999999999997726,7.793866851806625,20.0,0.8
7.037,0.6622419357299805,0.6622419357299805,0.24615478515625,1.05555,0.14999999999997726,7.789237457275372,20.0,0.8
7.038,0.6622419357299805,0.6622419357299805,0.2549457550048828,1.0557,0.14999999999997726,7.7852046813964675,20.0,0.8
7.039000000000001,0.662623405456543,0.662623405456543,0.2549457550048828,1.05585,0.14999999999997726,7.780575286865215,20.0,0.8
7.04,0.6630048751831055,0.6630048751831055,0.21977996826171875,1.056,0.15000000000009095,7.80407852172859,20.0,0.8
7.041,0.6630048751831055,0.6630048751831055,0.2637367248535156,1.05615,0.14999999999997726,7.771913116455059,20.0,0.8
7.042,0.663386344909668,0.663386344909668,0.23736190795898438,1.0563,0.15000000000009095,7.788383575439526,20.0,0.8
7.043,0.6637678146362305,0.6637678146362305,0.22857093811035156,1.05645,0.14999999999997726,7.790786956787089,20.0,0.8
7.0440000000000005,0.6637678146362305,0.6637678146362305,0.21098899841308594,1.0566,0.14999999999986358,7.807852508544812,20.0,0.8
7.045,0.664149284362793,0.664149284362793,0.1934070587158203,1.0567499999999999,0.15000000000009095,7.817288665771554,20.0,0.8
7.046,0.664149284362793,0.664149284362793,0.1934070587158203,1.0569,0.14999999999986358,7.820288665771375,20.0,0.8
7.047,0.6645307540893555,0.6645307540893555,0.20219802856445312,1.0570499999999998,0.14999999999997726,7.808626495361306,20.0,0.8
7.048,0.6645307540893555,0.6645307540893555,0.20219802856445312,1.0572,0.15000000000009095,7.811626495361399,20.0,0.8
7.049,0.664912223815918,0.664912223815918,0.21098899841308594,1.05735,0.14999999999986358,7.799964324951063,20.0,0.8
7.05,0.664912223815918,0.664912223815918,0.1758251190185547,1.0574999999999999,0.15000000000009095,7.831095428466868,20.0,0.8
7.051,0.6652936935424805,0.6652936935424805,0.20219802856445312,1.05765,0.14999999999997726,7.805367706298809,20.0,0.8
7.0520000000000005,0.6652936935424805,0.6652936935424805,0.1846160888671875,1.0578,0.14999999999986358,7.822433258056533,20.0,0.8
7.053,0.665675163269043,0.665675163269043,0.16703224182128906,1.05795,0.14999999999997726,7.83187094116209,20.0,0.8
7.054,0.665675163269043,0.665675163269043,0.1846160888671875,1.0581,0.14999999999997726,7.820803863525374,20.0,0.8
7.055,0.6660566329956055,0.6660566329956055,0.1846160888671875,1.05825,0.15000000000009095,7.816174468994212,20.0,0.8
7.056,0.6660566329956055,0.6660566329956055,0.1934070587158203,1.0584,0.14999999999997726,7.812141693115216,20.0,0.8
7.057,0.666438102722168,0.666438102722168,0.20219802856445312,1.05855,0.14999999999997726,7.800479522705062,20.0,0.8
7.058,0.666438102722168,0.666438102722168,0.20219802856445312,1.0587,0.15000000000009095,7.8034795227051506,20.0,0.8
7.059,0.6668195724487305,0.6668195724487305,0.20219802856445312,1.05885,0.14999999999997726,7.798850128173811,20.0,0.8
7.0600000000000005,0.6668195724487305,0.6668195724487305,0.21098899841308594,1.059,0.14999999999997726,7.794817352294903,20.0,0.8
7.061,0.667201042175293,0.667201042175293,0.21977996826171875,1.05915,0.15000000000009095,7.7831551818848395,20.0,0.8
7.062,0.667201042175293,0.667201042175293,0.21977996826171875,1.0593,0.14999999999986358,7.786155181884655,20.0,0.8
7.063,0.6675825119018555,0.6675825119018555,0.23736190795898438,1.05945,0.14999999999997726,7.767460235595685,20.0,0.8
7.064,0.667963981628418,0.667963981628418,0.22857093811035156,1.0595999999999999,0.14999999999997726,7.769863616943339,20.0,0.8
7.065,0.667963981628418,0.667963981628418,0.1934070587158203,1.05975,0.14999999999997726,7.800994720458966,20.0,0.8
7.066,0.6683454513549805,0.6683454513549805,0.21098899841308594,1.0598999999999998,0.14999999999997726,7.782299774169901,20.0,0.8
7.067,0.6683454513549805,0.6683454513549805,0.23736190795898438,1.06005,0.15000000000009095,7.764201446533274,20.0,0.8
7.0680000000000005,0.668726921081543,0.668726921081543,0.27252769470214844,1.0602,0.14999999999986358,7.7314394226073135,20.0,0.8
7.069,0.6691083908081055,0.6691083908081055,0.29010963439941406,1.06035,0.14999999999997726,7.712744476318339,20.0,0.8
7.07,0.669489860534668,0.669489860534668,0.2637367248535156,1.0605,0.14999999999997726,7.72921340942381,20.0,0.8
7.071,0.669489860534668,0.669489860534668,0.2549457550048828,1.0606499999999999,0.15000000000009095,7.739246185302805,20.0,0.8
7.072,0.6698713302612305,0.6698713302612305,0.23736190795898438,1.0608,0.15000000000009095,7.748683868408275,20.0,0.8
7.073,0.6698713302612305,0.6698713302612305,0.21977996826171875,1.06095,0.14999999999986358,7.765749420165908,20.0,0.8
7.074,0.670252799987793,0.670252799987793,0.22857093811035156,1.0611,0.15000000000009095,7.754087249755931,20.0,0.8
7.075,0.6706342697143555,0.6706342697143555,0.20219802856445312,1.06125,0.14999999999997726,7.77055618286131,20.0,0.8
7.0760000000000005,0.6706342697143555,0.6706342697143555,0.21098899841308594,1.0614000000000001,0.14999999999997726,7.766523406982406,20.0,0.8
7.077,0.671015739440918,0.671015739440918,0.21098899841308594,1.06155,0.15000000000009095,7.761894012451244,20.0,0.8
7.078,0.671015739440918,0.671015739440918,0.1934070587158203,1.0617,0.14999999999986358,7.778959564208877,20.0,0.8
7.079,0.6713972091674805,0.6713972091674805,0.1846160888671875,1.06185,0.15000000000009095,7.781362945556713,20.0,0.8
7.08,0.6713972091674805,0.6713972091674805,0.1934070587158203,1.062,0.14999999999997726,7.777330169677717,20.0,0.8
7.081,0.671778678894043,0.671778678894043,0.1934070587158203,1.06215,0.14999999999986358,7.772700775146374,20.0,0.8
7.082,0.671778678894043,0.671778678894043,0.20219802856445312,1.0623,0.14999999999997726,7.76866799926756,20.0,0.8
7.083,0.6721601486206055,0.6721601486206055,0.1846160888671875,1.06245,0.14999999999997726,7.778104156494121,20.0,0.8
7.0840000000000005,0.6721601486206055,0.6721601486206055,0.1758251190185547,1.0626,0.14999999999986358,7.788136932372938,20.0,0.8
7.085,0.6721601486206055,0.6721601486206055,0.14065933227539062,1.0627499999999999,0.15000000000009095,7.819269561767648,20.0,0.8
7.086,0.672541618347168,0.672541618347168,0.15824127197265625,1.0629,0.14999999999997726,7.800574615478497,20.0,0.8
7.087,0.672541618347168,0.672541618347168,0.15824127197265625,1.0630499999999998,0.15000000000009095,7.803574615478585,20.0,0.8
7.088,0.6729230880737305,0.6729230880737305,0.14945030212402344,1.0632,0.15000000000009095,7.805977996826243,20.0,0.8
7.089,0.6729230880737305,0.6729230880737305,0.15824127197265625,1.06335,0.14999999999997726,7.801945220947248,20.0,0.8
7.09,0.673304557800293,0.673304557800293,0.15824127197265625,1.0635,0.15000000000009095,7.797315826416086,20.0,0.8
7.091,0.673304557800293,0.673304557800293,0.14065933227539062,1.06365,0.14999999999997726,7.81438137817381,20.0,0.8
7.0920000000000005,0.673304557800293,0.673304557800293,0.15824127197265625,1.0638,0.14999999999997726,7.803315826415999,20.0,0.8
7.093,0.6736860275268555,0.6736860275268555,0.1318683624267578,1.06395,0.15000000000009095,7.819784759521556,20.0,0.8
7.094,0.6736860275268555,0.6736860275268555,0.1318683624267578,1.0641,0.14999999999997726,7.8227847595214675,20.0,0.8
7.095,0.6736860275268555,0.6736860275268555,0.14065933227539062,1.06425,0.14999999999997726,7.818751983642558,20.0,0.8
7.096,0.674067497253418,0.674067497253418,0.14945030212402344,1.0644,0.14999999999997726,7.807089813232404,20.0,0.8
7.097,0.674067497253418,0.674067497253418,0.14945030212402344,1.06455,0.14999999999986358,7.810089813232315,20.0,0.8
7.098,0.6744489669799805,0.6744489669799805,0.14945030212402344,1.0647,0.14999999999997726,7.805460418701153,20.0,0.8
7.099,0.6744489669799805,0.6744489669799805,0.14945030212402344,1.06485,0.14999999999997726,7.808460418701155,20.0,0.8
7.1000000000000005,0.6744489669799805,0.6744489669799805,0.16703224182128906,1.065,0.14999999999997726,7.79739486694334,20.0,0.8
7.101,0.674830436706543,0.674830436706543,0.15824127197265625,1.06515,0.14999999999997726,7.799798248290998,20.0,0.8
7.102,0.674830436706543,0.674830436706543,0.1758251190185547,1.0653,0.14999999999997726,7.788731170654277,20.0,0.8
7.103,0.6752119064331055,0.6752119064331055,0.16703224182128906,1.06545,0.15000000000009095,7.791136077880933,20.0,0.8
7.104,0.6752119064331055,0.6752119064331055,0.15824127197265625,1.0655999999999999,0.14999999999997726,7.801168853759745,20.0,0.8
7.105,0.675593376159668,0.675593376159668,0.1758251190185547,1.06575,0.14999999999997726,7.782472381591778,20.0,0.8
7.106,0.675593376159668,0.675593376159668,0.1846160888671875,1.0658999999999998,0.14999999999997726,7.77843960571287,20.0,0.8
7.107,0.6759748458862305,0.6759748458862305,0.1758251190185547,1.06605,0.14999999999997726,7.780842987060527,20.0,0.8
7.1080000000000005,0.6759748458862305,0.6759748458862305,0.15824127197265625,1.0662,0.14999999999997726,7.797910064697248,20.0,0.8
7.109,0.6759748458862305,0.6759748458862305,0.15824127197265625,1.06635,0.15000000000009095,7.800910064697336,20.0,0.8
7.11,0.676356315612793,0.676356315612793,0.14065933227539062,1.0665,0.14999999999997726,7.81034622192381,20.0,0.8
7.111,0.676356315612793,0.676356315612793,0.14065933227539062,1.0666499999999999,0.15000000000009095,7.813346221923898,20.0,0.8
7.112,0.6767377853393555,0.6767377853393555,0.16703224182128906,1.0668,0.14999999999997726,7.78761849975584,20.0,0.8
7.113,0.6767377853393555,0.6767377853393555,0.1846160888671875,1.06695,0.14999999999986358,7.776551422119033,20.0,0.8
7.114,0.677119255065918,0.677119255065918,0.21098899841308594,1.0671,0.15000000000009095,7.750823699951243,20.0,0.8
7.115,0.677119255065918,0.677119255065918,0.21977996826171875,1.06725,0.15000000000009095,7.746790924072339,20.0,0.8
7.1160000000000005,0.6775007247924805,0.6775007247924805,0.20219802856445312,1.0674000000000001,0.14999999999986358,7.7562270812987215,20.0,0.8
7.117,0.6775007247924805,0.6775007247924805,0.20219802856445312,1.06755,0.14999999999997726,7.75922708129881,20.0,0.8
7.118,0.677882194519043,0.677882194519043,0.1758251190185547,1.0677,0.14999999999997726,7.77569601440428,20.0,0.8
7.119,0.677882194519043,0.677882194519043,0.1934070587158203,1.06785,0.15000000000009095,7.764630462646556,20.0,0.8
7.12,0.6782636642456055,0.6782636642456055,0.16703224182128906,1.068,0.14999999999997726,7.781100921630842,20.0,0.8
7.121,0.6782636642456055,0.6782636642456055,0.1758251190185547,1.06815,0.14999999999997726,7.777066619873027,20.0,0.8
7.122,0.678645133972168,0.678645133972168,0.16703224182128906,1.0683,0.15000000000009095,7.779471527099683,20.0,0.8
7.123,0.678645133972168,0.678645133972168,0.1758251190185547,1.06845,0.14999999999986358,7.775437225341686,20.0,0.8
7.1240000000000006,0.678645133972168,0.678645133972168,0.15824127197265625,1.0686,0.14999999999997726,7.7925043029784975,20.0,0.8
7.125,0.6790266036987305,0.6790266036987305,0.14945030212402344,1.0687499999999999,0.15000000000009095,7.794907684326242,20.0,0.8
7.126,0.6790266036987305,0.6790266036987305,0.14065933227539062,1.0689,0.14999999999986358,7.804940460204969,20.0,0.8
7.127,0.6790266036987305,0.6790266036987305,0.1318683624267578,1.0690499999999998,0.15000000000009095,7.814973236084054,20.0,0.8
7.128,0.679408073425293,0.679408073425293,0.1318683624267578,1.0692,0.14999999999997726,7.810343841552715,20.0,0.8
7.1290000000000004,0.679408073425293,0.679408073425293,0.1318683624267578,1.06935,0.14999999999997726,7.813343841552717,20.0,0.8
7.13,0.679408073425293,0.679408073425293,0.1318683624267578,1.0695,0.15000000000009095,7.816343841552805,20.0,0.8
7.131,0.6797895431518555,0.6797895431518555,0.1318683624267578,1.06965,0.15000000000009095,7.811714447021557,20.0,0.8
7.132000000000001,0.6797895431518555,0.6797895431518555,0.14945030212402344,1.0698,0.14999999999986358,7.800648895263564,20.0,0.8
7.133,0.680171012878418,0.680171012878418,0.1318683624267578,1.06995,0.14999999999997726,7.810085052490216,20.0,0.8
7.134,0.680171012878418,0.680171012878418,0.14065933227539062,1.0701,0.14999999999997726,7.806052276611311,20.0,0.8
7.135,0.680171012878418,0.680171012878418,0.123077392578125,1.07025,0.14999999999997726,7.823117828369121,20.0,0.8
7.136,0.6805524826049805,0.6805524826049805,0.123077392578125,1.0704,0.15000000000009095,7.818488433837964,20.0,0.8
7.1370000000000005,0.6805524826049805,0.6805524826049805,0.08791160583496094,1.0705500000000001,0.14999999999997726,7.849621063232406,20.0,0.8
7.138,0.6805524826049805,0.6805524826049805,0.07912063598632812,1.0707,0.15000000000009095,7.859653839111401,20.0,0.8
7.139,0.6805524826049805,0.6805524826049805,0.07912063598632812,1.07085,0.14999999999997726,7.862653839111312,20.0,0.8
7.140000000000001,0.6805524826049805,0.6805524826049805,0.08791160583496094,1.071,0.14999999999997726,7.858621063232403,20.0,0.8
7.141,0.680933952331543,0.680933952331543,0.07912063598632812,1.07115,0.14999999999997726,7.861024444580061,20.0,0.8
7.142,0.680933952331543,0.680933952331543,0.08791160583496094,1.0713,0.14999999999986358,7.8569916687010615,20.0,0.8
7.143,0.680933952331543,0.680933952331543,0.08791160583496094,1.07145,0.15000000000009095,7.8599916687012445,20.0,0.8
7.144,0.680933952331543,0.680933952331543,0.08791160583496094,1.0715999999999999,0.14999999999997726,7.862991668701151,20.0,0.8
7.1450000000000005,0.6813154220581055,0.6813154220581055,0.08791160583496094,1.07175,0.14999999999997726,7.858362274169903,20.0,0.8
7.146,0.6813154220581055,0.6813154220581055,0.08791160583496094,1.0718999999999999,0.15000000000009095,7.861362274169991,20.0,0.8
7.147,0.6813154220581055,0.6813154220581055,0.08791160583496094,1.07205,0.14999999999997726,7.864362274169903,20.0,0.8
7.148000000000001,0.6813154220581055,0.6813154220581055,0.09670257568359375,1.0722,0.14999999999986358,7.860329498290907,20.0,0.8
7.149,0.681696891784668,0.681696891784668,0.09670257568359375,1.07235,0.15000000000009095,7.855700103759837,20.0,0.8
7.15,0.681696891784668,0.681696891784668,0.07912063598632812,1.0725,0.14999999999997726,7.8727656555175605,20.0,0.8
7.151,0.681696891784668,0.681696891784668,0.07912063598632812,1.0726499999999999,0.15000000000009095,7.8757656555176485,20.0,0.8
7.152,0.681696891784668,0.681696891784668,0.08791160583496094,1.0728,0.14999999999997726,7.871732879638653,20.0,0.8
7.1530000000000005,0.681696891784668,0.681696891784668,0.0615386962890625,1.07295,0.14999999999997726,7.895831207275374,20.0,0.8
7.154,0.6820783615112305,0.6820783615112305,0.07912063598632812,1.0731,0.15000000000009095,7.8771362609864,20.0,0.8
7.155,0.6820783615112305,0.6820783615112305,0.0615386962890625,1.07325,0.15000000000009095,7.894201812744214,20.0,0.8
7.156000000000001,0.6820783615112305,0.6820783615112305,0.07032966613769531,1.0734000000000001,0.14999999999997726,7.890169036865219,20.0,0.8
7.157,0.6820783615112305,0.6820783615112305,0.07912063598632812,1.07355,0.15000000000009095,7.886136260986401,20.0,0.8
7.158,0.6820783615112305,0.6820783615112305,0.07032966613769531,1.0737,0.14999999999997726,7.896169036865218,20.0,0.8
7.159,0.682459831237793,0.682459831237793,0.08791160583496094,1.07385,0.15000000000009095,7.877474090576244,20.0,0.8
7.16,0.682459831237793,0.682459831237793,0.08791160583496094,1.074,0.14999999999997726,7.880474090576155,20.0,0.8
7.1610000000000005,0.682459831237793,0.682459831237793,0.09670257568359375,1.07415,0.14999999999986358,7.876441314697155,20.0,0.8
7.162,0.682459831237793,0.682459831237793,0.08791160583496094,1.0743,0.15000000000009095,7.886474090576245,20.0,0.8
7.163,0.6828413009643555,0.6828413009643555,0.08791160583496094,1.07445,0.14999999999986358,7.881844696044811,20.0,0.8
7.164000000000001,0.6828413009643555,0.6828413009643555,0.08791160583496094,1.0746,0.14999999999997726,7.884844696044904,20.0,0.8
7.165,0.6828413009643555,0.6828413009643555,0.07912063598632812,1.0747499999999999,0.15000000000009095,7.894877471923898,20.0,0.8
7.166,0.6828413009643555,0.6828413009643555,0.07032966613769531,1.0749,0.14999999999986358,7.904910247802625,20.0,0.8
7.167,0.6828413009643555,0.6828413009643555,0.07032966613769531,1.0750499999999998,0.15000000000009095,7.907910247802804,20.0,0.8
7.168,0.6828413009643555,0.6828413009643555,0.0615386962890625,1.0752,0.14999999999997726,7.917943023681621,20.0,0.8
7.1690000000000005,0.683222770690918,0.683222770690918,0.03516578674316406,1.07535,0.14999999999997726,7.934411956787092,20.0,0.8
7.17,0.683222770690918,0.683222770690918,0.043956756591796875,1.0755,0.14999999999997726,7.930379180908183,20.0,0.8
7.171,0.683222770690918,0.683222770690918,0.043956756591796875,1.07565,0.14999999999986358,7.933379180908094,20.0,0.8
7.172,0.683222770690918,0.683222770690918,0.03516578674316406,1.0757999999999999,0.15000000000009095,7.9434119567871795,20.0,0.8
7.173,0.683222770690918,0.683222770690918,0.026372909545898438,1.07595,0.14999999999997726,7.953446258544903,20.0,0.8
7.174,0.683222770690918,0.683222770690918,0.03516578674316406,1.0761,0.14999999999997726,7.949411956787093,20.0,0.8
7.175,0.683222770690918,0.683222770690918,0.026372909545898438,1.07625,0.15000000000009095,7.959446258544993,20.0,0.8
7.176,0.683222770690918,0.683222770690918,0.026372909545898438,1.0764,0.15000000000009095,7.962446258544995,20.0,0.8
7.1770000000000005,0.683222770690918,0.683222770690918,0.043956756591796875,1.0765500000000001,0.14999999999986358,7.951379180908097,20.0,0.8
7.178,0.683222770690918,0.683222770690918,0.03516578674316406,1.0767,0.15000000000009095,7.961411956787182,20.0,0.8
7.179,0.6836042404174805,0.6836042404174805,0.0615386962890625,1.07685,0.14999999999986358,7.935684234619033,20.0,0.8
7.18,0.6836042404174805,0.6836042404174805,0.0615386962890625,1.077,0.14999999999997726,7.938684234619122,20.0,0.8
7.181,0.6836042404174805,0.6836042404174805,0.05274772644042969,1.07715,0.14999999999997726,7.948717010498029,20.0,0.8
7.182,0.6836042404174805,0.6836042404174805,0.07912063598632812,1.0773,0.14999999999997726,7.930618682861309,20.0,0.8
7.183,0.6836042404174805,0.6836042404174805,0.0615386962890625,1.07745,0.15000000000009095,7.947684234619214,20.0,0.8
7.184,0.6836042404174805,0.6836042404174805,0.07912063598632812,1.0776,0.14999999999986358,7.936618682861217,20.0,0.8
7.1850000000000005,0.683985710144043,0.683985710144043,0.0615386962890625,1.07775,0.14999999999986358,7.946054840087781,20.0,0.8
7.186,0.683985710144043,0.683985710144043,0.08791160583496094,1.0778999999999999,0.14999999999997726,7.927956512451151,20.0,0.8
7.187,0.683985710144043,0.683985710144043,0.07032966613769531,1.07805,0.14999999999997726,7.945022064208965,20.0,0.8
7.188,0.683985710144043,0.683985710144043,0.0615386962890625,1.0781999999999998,0.14999999999997726,7.955054840087869,20.0,0.8
7.189,0.683985710144043,0.683985710144043,0.043956756591796875,1.07835,0.14999999999997726,7.972120391845683,20.0,0.8
7.19,0.683985710144043,0.683985710144043,0.05274772644042969,1.0785,0.14999999999997726,7.968087615966779,20.0,0.8
7.191,0.683985710144043,0.683985710144043,0.017581939697265625,1.0786499999999999,0.15000000000009095,7.999220245361399,20.0,0.8
7.192,0.6843671798706055,0.6843671798706055,0.026372909545898438,1.0788,0.15000000000009095,7.987558074951244,20.0,0.8
7.1930000000000005,0.6843671798706055,0.6843671798706055,0.008790969848632812,1.07895,0.14999999999997726,8.004623626708968,20.0,0.8
7.194,0.6843671798706055,0.6843671798706055,0.008790969848632812,1.0791,0.15000000000009095,8.007623626709057,20.0,0.8
7.195,0.6843671798706055,0.6843671798706055,-0.008790969848632812,1.07925,0.14999999999986358,8.024689178466689,20.0,0.8
7.196,0.6843671798706055,0.6843671798706055,0.008790969848632812,1.0794,0.15000000000009095,8.013623626709055,20.0,0.8
7.197,0.6843671798706055,0.6843671798706055,-0.008790969848632812,1.07955,0.15000000000009095,8.03068917846687,20.0,0.8
7.198,0.6843671798706055,0.6843671798706055,0.008790969848632812,1.0797,0.14999999999986358,8.019623626708878,20.0,0.8
7.199,0.6843671798706055,0.6843671798706055,-0.008790969848632812,1.07985,0.14999999999997726,8.036689178466778,20.0,0.8
7.2,0.6843671798706055,0.6843671798706055,0.0,1.08,0.14999999999986358,8.032656402587783,20.0,0.8
7.2010000000000005,0.6843671798706055,0.6843671798706055,0.0,1.08015,0.14999999999986358,8.03565640258778,20.0,0.8
7.202,0.6843671798706055,0.6843671798706055,0.008790969848632812,1.0803,0.15000000000009095,8.031623626709058,20.0,0.8
7.203,0.6843671798706055,0.6843671798706055,0.017581939697265625,1.08045,0.14999999999997726,8.027590850830059,20.0,0.8
7.204,0.6843671798706055,0.6843671798706055,0.0,1.0806,0.15000000000009095,8.044656402587963,20.0,0.8
7.205,0.6843671798706055,0.6843671798706055,0.0,1.0807499999999999,0.14999999999986358,8.04765640258778,20.0,0.8
7.206,0.6843671798706055,0.6843671798706055,0.0,1.0809,0.14999999999986358,8.05065640258778,20.0,0.8
7.207,0.6843671798706055,0.6843671798706055,-0.008790969848632812,1.0810499999999998,0.15000000000009095,8.060689178466866,20.0,0.8
7.208,0.6843671798706055,0.6843671798706055,0.017581939697265625,1.0812,0.15000000000009095,8.04259085083015,20.0,0.8
7.2090000000000005,0.6843671798706055,0.6843671798706055,0.0,1.08135,0.14999999999997726,8.059656402587873,20.0,0.8
7.21,0.6843671798706055,0.6843671798706055,-0.008790969848632812,1.0815,0.15000000000009095,8.069689178466868,20.0,0.8
7.211,0.6843671798706055,0.6843671798706055,0.0,1.08165,0.14999999999997726,8.065656402587873,20.0,0.8
7.212,0.6843671798706055,0.6843671798706055,-0.008790969848632812,1.0817999999999999,0.15000000000009095,8.075689178466867,20.0,0.8
7.213,0.6843671798706055,0.6843671798706055,-0.008790969848632812,1.08195,0.15000000000009095,8.078689178466869,20.0,0.8
7.214,0.6843671798706055,0.6843671798706055,0.008790969848632812,1.0821,0.14999999999986358,8.067623626708876,20.0,0.8
7.215,0.6843671798706055,0.6843671798706055,-0.026372909545898438,1.08225,0.14999999999997726,8.09875473022459,20.0,0.8
7.216,0.6843671798706055,0.6843671798706055,0.008790969848632812,1.0824,0.15000000000009095,8.073623626709058,20.0,0.8
7.2170000000000005,0.6843671798706055,0.6843671798706055,-0.008790969848632812,1.0825500000000001,0.14999999999997726,8.090689178466782,20.0,0.8
7.218,0.6843671798706055,0.6843671798706055,0.017581939697265625,1.0827,0.15000000000009095,8.072590850830151,20.0,0.8
7.219,0.6843671798706055,0.6843671798706055,-0.017581939697265625,1.08285,0.14999999999997726,8.103721954345687,20.0,0.8
7.22,0.6843671798706055,0.6843671798706055,-0.017581939697265625,1.083,0.15000000000009095,8.106721954345776,20.0,0.8
7.221,0.6843671798706055,0.6843671798706055,0.0,1.08315,0.14999999999997726,8.095656402587874,20.0,0.8
7.222,0.6843671798706055,0.6843671798706055,0.0,1.0833,0.14999999999997726,8.09865640258787,20.0,0.8
7.223,0.683985710144043,0.683985710144043,-0.026372909545898438,1.08345,0.14999999999997726,8.130384124755842,20.0,0.8
7.224,0.683985710144043,0.683985710144043,0.008790969848632812,1.0836,0.14999999999986358,8.105253021240124,20.0,0.8
7.2250000000000005,0.6843671798706055,0.6843671798706055,0.008790969848632812,1.08375,0.14999999999997726,8.100623626708966,20.0,0.8
7.226,0.683985710144043,0.683985710144043,-0.008790969848632812,1.0838999999999999,0.15000000000009095,8.125318572998117,20.0,0.8
7.227,0.683985710144043,0.683985710144043,-0.008790969848632812,1.08405,0.14999999999997726,8.128318572998028,20.0,0.8
7.228,0.683985710144043,0.683985710144043,-0.008790969848632812,1.0841999999999998,0.14999999999997726,8.131318572998026,20.0,0.8
7.229,0.683985710144043,0.683985710144043,-0.008790969848632812,1.08435,0.14999999999997726,8.134318572998026,20.0,0.8
7.23,0.683985710144043,0.683985710144043,-0.017581939697265625,1.0845,0.14999999999986358,8.144351348876846,20.0,0.8
7.231,0.683985710144043,0.683985710144043,0.0,1.08465,0.14999999999997726,8.13328579711912,20.0,0.8
7.232,0.683985710144043,0.683985710144043,-0.017581939697265625,1.0848,0.15000000000009095,8.150351348877026,20.0,0.8
7.2330000000000005,0.683985710144043,0.683985710144043,0.0,1.08495,0.14999999999997726,8.139285797119124,20.0,0.8
7.234,0.683985710144043,0.683985710144043,-0.008790969848632812,1.0851,0.14999999999997726,8.149318572998027,20.0,0.8
7.235,0.683985710144043,0.683985710144043,-0.008790969848632812,1.08525,0.14999999999986358,8.15231857299794,20.0,0.8
7.236,0.683985710144043,0.683985710144043,-0.017581939697265625,1.0854,0.15000000000009095,8.162351348877024,20.0,0.8
7.237,0.683985710144043,0.683985710144043,-0.008790969848632812,1.08555,0.15000000000009095,8.15831857299812,20.0,0.8
7.238,0.683985710144043,0.683985710144043,-0.008790969848632812,1.0857,0.14999999999997726,8.16131857299803,20.0,0.8
7.239,0.683985710144043,0.683985710144043,-0.008790969848632812,1.08585,0.15000000000009095,8.164318572998118,20.0,0.8
7.24,0.683985710144043,0.683985710144043,0.008790969848632812,1.086,0.14999999999986358,8.153253021240127,20.0,0.8
7.2410000000000005,0.683985710144043,0.683985710144043,-0.017581939697265625,1.08615,0.14999999999986358,8.177351348876844,20.0,0.8
7.242,0.683985710144043,0.683985710144043,0.0,1.0863,0.15000000000009095,8.166285797119214,20.0,0.8
7.243,0.683985710144043,0.683985710144043,-0.017581939697265625,1.08645,0.14999999999986358,8.183351348876844,20.0,0.8
7.244,0.683985710144043,0.683985710144043,0.008790969848632812,1.0866,0.15000000000009095,8.165253021240307,20.0,0.8
7.245,0.683985710144043,0.683985710144043,0.0,1.0867499999999999,0.14999999999986358,8.17528579711903,20.0,0.8
7.246,0.683985710144043,0.683985710144043,0.008790969848632812,1.0869,0.14999999999997726,8.171253021240215,20.0,0.8
7.247,0.683985710144043,0.683985710144043,-0.008790969848632812,1.0870499999999998,0.15000000000009095,8.188318572998115,20.0,0.8
7.248,0.683985710144043,0.683985710144043,0.008790969848632812,1.0872,0.15000000000009095,8.177253021240308,20.0,0.8
7.2490000000000006,0.683985710144043,0.683985710144043,-0.017581939697265625,1.08735,0.14999999999986358,8.201351348876845,20.0,0.8
7.25,0.683985710144043,0.683985710144043,0.008790969848632812,1.0875,0.14999999999997726,8.183253021240214,20.0,0.8
7.251,0.683985710144043,0.683985710144043,0.008790969848632812,1.08765,0.14999999999997726,8.186253021240216,20.0,0.8
7.252,0.683985710144043,0.683985710144043,-0.008790969848632812,1.0877999999999999,0.14999999999997726,8.203318572998025,20.0,0.8
7.253,0.683985710144043,0.683985710144043,-0.017581939697265625,1.08795,0.15000000000009095,8.213351348877026,20.0,0.8
7.2540000000000004,0.683985710144043,0.683985710144043,0.008790969848632812,1.0881,0.14999999999997726,8.195253021240216,20.0,0.8
7.255,0.683985710144043,0.683985710144043,0.0,1.08825,0.15000000000009095,8.205285797119211,20.0,0.8
7.256,0.683985710144043,0.683985710144043,-0.008790969848632812,1.0884,0.14999999999997726,8.21531857299803,20.0,0.8
7.257000000000001,0.683985710144043,0.683985710144043,0.008790969848632812,1.0885500000000001,0.14999999999997726,8.204253021240218,20.0,0.8
7.258,0.683985710144043,0.683985710144043,0.0,1.0887,0.14999999999997726,8.214285797119123,20.0,0.8
7.259,0.683985710144043,0.683985710144043,0.0,1.08885,0.14999999999986358,8.217285797119033,20.0,0.8
7.26,0.683985710144043,0.683985710144043,0.0,1.089,0.15000000000009095,8.220285797119212,20.0,0.8
7.261,0.683985710144043,0.683985710144043,0.008790969848632812,1.08915,0.14999999999986358,8.216253021240126,20.0,0.8
7.2620000000000005,0.683985710144043,0.683985710144043,0.0,1.0893,0.14999999999997726,8.22628579711912,20.0,0.8
7.263,0.683985710144043,0.683985710144043,0.0,1.08945,0.15000000000009095,8.229285797119214,20.0,0.8
7.264,0.683985710144043,0.683985710144043,-0.008790969848632812,1.0896,0.14999999999997726,8.239318572998027,20.0,0.8
7.265000000000001,0.683985710144043,0.683985710144043,0.008790969848632812,1.08975,0.14999999999986358,8.228253021240125,20.0,0.8
7.266,0.683985710144043,0.683985710144043,0.0,1.0898999999999999,0.14999999999997726,8.23828579711912,20.0,0.8
7.267,0.683985710144043,0.683985710144043,0.008790969848632812,1.09005,0.14999999999997726,8.234253021240214,20.0,0.8
7.268,0.683985710144043,0.683985710144043,-0.008790969848632812,1.0901999999999998,0.14999999999997726,8.251318572998025,20.0,0.8
7.269,0.683985710144043,0.683985710144043,0.008790969848632812,1.09035,0.15000000000009095,8.240253021240306,20.0,0.8
7.2700000000000005,0.683985710144043,0.683985710144043,0.0,1.0905,0.14999999999997726,8.250285797119123,20.0,0.8
7.271,0.683985710144043,0.683985710144043,0.0,1.09065,0.15000000000009095,8.253285797119212,20.0,0.8
7.272,0.683985710144043,0.683985710144043,0.0,1.0908,0.14999999999997726,8.256285797119121,20.0,0.8
7.273000000000001,0.683985710144043,0.683985710144043,0.0,1.09095,0.14999999999997726,8.259285797119125,20.0,0.8
7.274,0.683985710144043,0.683985710144043,0.0,1.0911,0.15000000000009095,8.262285797119212,20.0,0.8
7.275,0.683985710144043,0.683985710144043,0.0,1.09125,0.14999999999997726,8.265285797119123,20.0,0.8
7.276,0.683985710144043,0.683985710144043,0.008790969848632812,1.0914,0.15000000000020464,8.261253021240398,20.0,0.8
7.277,0.683985710144043,0.683985710144043,-0.008790969848632812,1.09155,0.14999999999997726,8.278318572998028,20.0,0.8
7.2780000000000005,0.683985710144043,0.683985710144043,0.008790969848632812,1.0917000000000001,0.14999999999986358,8.267253021240128,20.0,0.8
7.279,0.683985710144043,0.683985710144043,0.0,1.09185,0.15000000000009095,8.277285797119212,20.0,0.8
7.28,0.683985710144043,0.683985710144043,0.008790969848632812,1.092,0.14999999999997726,8.273253021240217,20.0,0.8
7.281000000000001,0.683985710144043,0.683985710144043,-0.008790969848632812,1.09215,0.14999999999997726,8.290318572998029,20.0,0.8
7.282,0.683985710144043,0.683985710144043,0.008790969848632812,1.0923,0.15000000000020464,8.279253021240399,20.0,0.8
7.283,0.683985710144043,0.683985710144043,-0.008790969848632812,1.09245,0.14999999999997726,8.296318572998027,20.0,0.8
7.284,0.683985710144043,0.683985710144043,0.008790969848632812,1.0926,0.15000000000009095,8.285253021240308,20.0,0.8
7.285,0.683985710144043,0.683985710144043,-0.008790969848632812,1.0927499999999999,0.14999999999997726,8.302318572998026,20.0,0.8
7.2860000000000005,0.683985710144043,0.683985710144043,0.0,1.0929,0.14999999999997726,8.298285797119123,20.0,0.8
7.287,0.683985710144043,0.683985710144043,0.008790969848632812,1.0930499999999999,0.14999999999997726,8.294253021240213,20.0,0.8
7.288,0.683985710144043,0.683985710144043,0.0,1.0932,0.15000000000009095,8.304285797119212,20.0,0.8
7.289000000000001,0.683985710144043,0.683985710144043,0.0,1.09335,0.14999999999997726,8.307285797119123,20.0,0.8
7.29,0.683985710144043,0.683985710144043,0.0,1.0935,0.15000000000009095,8.31028579711921,20.0,0.8
7.291,0.683985710144043,0.683985710144043,0.008790969848632812,1.09365,0.14999999999997726,8.306253021240217,20.0,0.8
7.292,0.683985710144043,0.683985710144043,-0.008790969848632812,1.0937999999999999,0.15000000000009095,8.323318572998117,20.0,0.8
7.293,0.683985710144043,0.683985710144043,0.0,1.09395,0.15000000000009095,8.319285797119212,20.0,0.8
7.2940000000000005,0.683985710144043,0.683985710144043,0.008790969848632812,1.0941,0.14999999999986358,8.315253021240126,20.0,0.8
7.295,0.683985710144043,0.683985710144043,0.0,1.09425,0.15000000000009095,8.32528579711921,20.0,0.8
7.296,0.683985710144043,0.683985710144043,-0.008790969848632812,1.0944,0.14999999999986358,8.33531857299794,20.0,0.8
7.297,0.683985710144043,0.683985710144043,0.008790969848632812,1.09455,0.14999999999997726,8.324253021240214,20.0,0.8
7.298,0.683985710144043,0.683985710144043,0.008790969848632812,1.0947,0.15000000000009095,8.327253021240308,20.0,0.8
7.299,0.683985710144043,0.683985710144043,0.0,1.09485,0.14999999999986358,8.337285797119034,20.0,0.8
7.3,0.683985710144043,0.683985710144043,0.0,1.095,0.15000000000009095,8.340285797119211,20.0,0.8
7.301,0.683985710144043,0.683985710144043,-0.008790969848632812,1.09515,0.14999999999986358,8.35031857299794,20.0,0.8
7.3020000000000005,0.683985710144043,0.683985710144043,0.008790969848632812,1.0953,0.14999999999997726,8.339253021240214,20.0,0.8
7.303,0.683985710144043,0.683985710144043,-0.008790969848632812,1.09545,0.14999999999997726,8.35631857299803,20.0,0.8
7.304,0.683985710144043,0.683985710144043,0.008790969848632812,1.0956,0.14999999999997726,8.345253021240215,20.0,0.8
7.305,0.683985710144043,0.683985710144043,0.0,1.09575,0.15000000000009095,8.355285797119212,20.0,0.8
7.306,0.683985710144043,0.683985710144043,0.008790969848632812,1.0958999999999999,0.14999999999997726,8.351253021240213,20.0,0.8
7.307,0.683985710144043,0.683985710144043,0.0,1.09605,0.14999999999997726,8.361285797119121,20.0,0.8
7.308,0.683985710144043,0.683985710144043,-0.008790969848632812,1.0961999999999998,0.15000000000009095,8.371318572998115,20.0,0.8
7.309,0.683985710144043,0.683985710144043,0.008790969848632812,1.09635,0.15000000000009095,8.360253021240307,20.0,0.8
7.3100000000000005,0.683985710144043,0.683985710144043,0.0,1.0965,0.14999999999997726,8.370285797119122,20.0,0.8
7.311,0.683985710144043,0.683985710144043,0.008790969848632812,1.09665,0.15000000000009095,8.366253021240306,20.0,0.8
7.312,0.683985710144043,0.683985710144043,0.0,1.0968,0.14999999999986358,8.376285797119031,20.0,0.8
7.313,0.683985710144043,0.683985710144043,-0.017581939697265625,1.0969499999999999,0.15000000000009095,8.393351348877022,20.0,0.8
7.314,0.683985710144043,0.683985710144043,0.017581939697265625,1.0971,0.15000000000009095,8.368220245361401,20.0,0.8
7.315,0.683985710144043,0.683985710144043,0.0,1.09725,0.14999999999986358,8.385285797119032,20.0,0.8
7.316,0.683985710144043,0.683985710144043,0.008790969848632812,1.0974,0.14999999999997726,8.381253021240214,20.0,0.8
7.317,0.683985710144043,0.683985710144043,-0.017581939697265625,1.09755,0.14999999999997726,8.405351348876936,20.0,0.8
7.3180000000000005,0.683985710144043,0.683985710144043,0.0,1.0977000000000001,0.14999999999986358,8.394285797119034,20.0,0.8
7.319,0.683985710144043,0.683985710144043,-0.008790969848632812,1.09785,0.15000000000009095,8.40431857299812,20.0,0.8
7.32,0.683985710144043,0.683985710144043,0.008790969848632812,1.098,0.14999999999997726,8.393253021240216,20.0,0.8
7.321,0.683985710144043,0.683985710144043,0.0,1.09815,0.15000000000009095,8.403285797119212,20.0,0.8
7.322,0.683985710144043,0.683985710144043,0.0,1.0983,0.14999999999986358,8.406285797119033,20.0,0.8
7.323,0.683985710144043,0.683985710144043,0.0,1.09845,0.14999999999986358,8.40928579711903,20.0,0.8
7.324,0.683985710144043,0.683985710144043,-0.008790969848632812,1.0986,0.15000000000009095,8.41931857299812,20.0,0.8
7.325,0.683985710144043,0.683985710144043,0.017581939697265625,1.09875,0.14999999999997726,8.401220245361309,20.0,0.8
7.3260000000000005,0.683985710144043,0.683985710144043,-0.008790969848632812,1.0989,0.14999999999997726,8.425318572998028,20.0,0.8
7.327,0.683985710144043,0.683985710144043,-0.008790969848632812,1.0990499999999999,0.15000000000009095,8.428318572998117,20.0,0.8
7.328,0.683985710144043,0.683985710144043,0.0,1.0992,0.14999999999986358,8.42428579711903,20.0,0.8
7.329,0.683985710144043,0.683985710144043,0.008790969848632812,1.0993499999999998,0.15000000000009095,8.420253021240304,20.0,0.8
7.33,0.683985710144043,0.683985710144043,0.008790969848632812,1.0995,0.15000000000009095,8.423253021240306,20.0,0.8
7.331,0.683985710144043,0.683985710144043,0.0,1.09965,0.14999999999986358,8.433285797119032,20.0,0.8
7.332,0.683985710144043,0.683985710144043,0.0,1.0997999999999999,0.14999999999997726,8.43628579711912,20.0,0.8
7.333,0.683985710144043,0.683985710144043,-0.017581939697265625,1.09995,0.14999999999997726,8.453351348876934,20.0,0.8
7.3340000000000005,0.683985710144043,0.683985710144043,0.017581939697265625,1.1001,0.14999999999986358,8.42822024536122,20.0,0.8
7.335,0.683985710144043,0.683985710144043,0.0,1.10025,0.15000000000009095,8.445285797119212,20.0,0.8
7.336,0.683985710144043,0.683985710144043,0.008790969848632812,1.1004,0.14999999999997726,8.441253021240216,20.0,0.8
7.337,0.683985710144043,0.683985710144043,-0.017581939697265625,1.10055,0.15000000000009095,8.465351348877025,20.0,0.8
7.338,0.683985710144043,0.683985710144043,0.008790969848632812,1.1007,0.14999999999997726,8.447253021240215,20.0,0.8
7.339,0.683985710144043,0.683985710144043,-0.008790969848632812,1.10085,0.14999999999997726,8.464318572998032,20.0,0.8
7.34,0.683985710144043,0.683985710144043,0.008790969848632812,1.101,0.15000000000009095,8.453253021240307,20.0,0.8
7.341,0.683985710144043,0.683985710144043,0.0,1.10115,0.14999999999997726,8.463285797119124,20.0,0.8
7.3420000000000005,0.683985710144043,0.683985710144043,0.0,1.1013,0.14999999999997726,8.466285797119122,20.0,0.8
7.343,0.683985710144043,0.683985710144043,-0.008790969848632812,1.10145,0.15000000000009095,8.47631857299812,20.0,0.8
7.344,0.683985710144043,0.683985710144043,0.017581939697265625,1.1016,0.14999999999997726,8.458220245361309,20.0,0.8
7.345,0.683985710144043,0.683985710144043,-0.017581939697265625,1.10175,0.14999999999997726,8.489351348876935,20.0,0.8
7.346,0.683985710144043,0.683985710144043,0.008790969848632812,1.1018999999999999,0.14999999999997726,8.471253021240212,20.0,0.8
7.347,0.683985710144043,0.683985710144043,0.0,1.10205,0.14999999999986358,8.481285797119032,20.0,0.8
7.348,0.683985710144043,0.683985710144043,0.008790969848632812,1.1021999999999998,0.14999999999997726,8.477253021240212,20.0,0.8
7.349,0.683985710144043,0.683985710144043,-0.008790969848632812,1.10235,0.14999999999997726,8.494318572998028,20.0,0.8
7.3500000000000005,0.683985710144043,0.683985710144043,0.008790969848632812,1.1025,0.14999999999997726,8.483253021240216,20.0,0.8
7.351,0.683985710144043,0.683985710144043,-0.017581939697265625,1.10265,0.14999999999997726,8.507351348876933,20.0,0.8
7.352,0.683985710144043,0.683985710144043,0.008790969848632812,1.1028,0.14999999999997726,8.489253021240216,20.0,0.8
7.353,0.683985710144043,0.683985710144043,0.008790969848632812,1.1029499999999999,0.15000000000009095,8.492253021240305,20.0,0.8
7.354,0.683985710144043,0.683985710144043,0.0,1.1031,0.14999999999997726,8.502285797119121,20.0,0.8
7.355,0.683985710144043,0.683985710144043,0.0,1.10325,0.14999999999997726,8.505285797119123,20.0,0.8
7.356,0.683985710144043,0.683985710144043,-0.008790969848632812,1.1034,0.15000000000009095,8.515318572998117,20.0,0.8
7.357,0.683985710144043,0.683985710144043,0.0,1.10355,0.15000000000009095,8.511285797119214,20.0,0.8
7.3580000000000005,0.683985710144043,0.683985710144043,0.008790969848632812,1.1037000000000001,0.14999999999986358,8.507253021240127,20.0,0.8
7.359,0.683985710144043,0.683985710144043,0.008790969848632812,1.10385,0.15000000000009095,8.510253021240308,20.0,0.8
7.36,0.683985710144043,0.683985710144043,-0.008790969848632812,1.104,0.14999999999986358,8.52731857299794,20.0,0.8
7.361,0.683985710144043,0.683985710144043,-0.008790969848632812,1.10415,0.14999999999997726,8.530318572998027,20.0,0.8
7.362,0.683985710144043,0.683985710144043,0.017581939697265625,1.1043,0.14999999999997726,8.512220245361313,20.0,0.8
7.363,0.683985710144043,0.683985710144043,-0.008790969848632812,1.10445,0.14999999999986358,8.536318572997937,20.0,0.8
7.364,0.683985710144043,0.683985710144043,0.0,1.1046,0.15000000000009095,8.532285797119213,20.0,0.8
7.365,0.683985710144043,0.683985710144043,0.0,1.10475,0.14999999999997726,8.535285797119121,20.0,0.8
7.3660000000000005,0.683985710144043,0.683985710144043,-0.008790969848632812,1.1049,0.14999999999986358,8.545318572997937,20.0,0.8
7.367,0.683985710144043,0.683985710144043,0.008790969848632812,1.1050499999999999,0.14999999999997726,8.534253021240213,20.0,0.8
7.368,0.683985710144043,0.683985710144043,-0.008790969848632812,1.1052,0.14999999999997726,8.551318572998028,20.0,0.8
7.369,0.683985710144043,0.683985710144043,0.008790969848632812,1.1053499999999998,0.15000000000009095,8.540253021240304,20.0,0.8
7.37,0.683985710144043,0.683985710144043,-0.008790969848632812,1.1055,0.15000000000009095,8.557318572998119,20.0,0.8
7.371,0.683985710144043,0.683985710144043,0.0,1.10565,0.14999999999997726,8.553285797119122,20.0,0.8
7.372,0.683985710144043,0.683985710144043,0.0,1.1058,0.15000000000009095,8.55628579711921,20.0,0.8
7.373,0.683985710144043,0.683985710144043,0.0,1.10595,0.14999999999997726,8.559285797119122,20.0,0.8
7.3740000000000006,0.683985710144043,0.683985710144043,0.0,1.1061,0.14999999999997726,8.562285797119124,20.0,0.8
7.375,0.683985710144043,0.683985710144043,-0.008790969848632812,1.10625,0.15000000000009095,8.57231857299812,20.0,0.8
7.376,0.683985710144043,0.683985710144043,0.0,1.1064,0.14999999999986358,8.568285797119032,20.0,0.8
7.377,0.683985710144043,0.683985710144043,0.008790969848632812,1.10655,0.15000000000009095,8.564253021240306,20.0,0.8
7.378,0.683985710144043,0.683985710144043,-0.017581939697265625,1.1067,0.14999999999997726,8.588351348876936,20.0,0.8
7.3790000000000004,0.683985710144043,0.683985710144043,0.008790969848632812,1.1068500000000001,0.14999999999997726,8.570253021240218,20.0,0.8
7.38,0.683985710144043,0.683985710144043,0.0,1.107,0.14999999999997726,8.580285797119123,20.0,0.8
7.381,0.683985710144043,0.683985710144043,0.0,1.10715,0.14999999999997726,8.583285797119123,20.0,0.8
7.382000000000001,0.683985710144043,0.683985710144043,0.008790969848632812,1.1073,0.14999999999986358,8.579253021240124,20.0,0.8
7.383,0.683985710144043,0.683985710144043,-0.008790969848632812,1.10745,0.14999999999997726,8.59631857299803,20.0,0.8
7.384,0.683985710144043,0.683985710144043,0.0,1.1076,0.14999999999997726,8.59228579711912,20.0,0.8
7.385,0.683985710144043,0.683985710144043,0.0,1.10775,0.14999999999997726,8.595285797119123,20.0,0.8
7.386,0.683985710144043,0.683985710144043,0.008790969848632812,1.1078999999999999,0.14999999999997726,8.591253021240213,20.0,0.8
7.3870000000000005,0.683985710144043,0.683985710144043,0.0,1.10805,0.14999999999997726,8.601285797119122,20.0,0.8
7.388,0.683985710144043,0.683985710144043,-0.008790969848632812,1.1081999999999999,0.15000000000009095,8.611318572998117,20.0,0.8
7.389,0.683985710144043,0.683985710144043,0.008790969848632812,1.10835,0.14999999999997726,8.600253021240214,20.0,0.8
7.390000000000001,0.683985710144043,0.683985710144043,0.0,1.1085,0.14999999999997726,8.610285797119124,20.0,0.8
7.391,0.683985710144043,0.683985710144043,0.0,1.10865,0.14999999999997726,8.61328579711912,20.0,0.8
7.392,0.683985710144043,0.683985710144043,0.0,1.1088,0.14999999999986358,8.616285797119032,20.0,0.8
7.393,0.683985710144043,0.683985710144043,-0.008790969848632812,1.1089499999999999,0.15000000000020464,8.626318572998208,20.0,0.8
7.394,0.683985710144043,0.683985710144043,0.017581939697265625,1.1091,0.14999999999997726,8.60822024536131,20.0,0.8
7.3950000000000005,0.683985710144043,0.683985710144043,0.008790969848632812,1.10925,0.14999999999986358,8.618253021240127,20.0,0.8
7.396,0.683985710144043,0.683985710144043,0.0,1.1094,0.15000000000009095,8.628285797119212,20.0,0.8
7.397,0.683985710144043,0.683985710144043,0.017581939697265625,1.10955,0.15000000000009095,8.617220245361402,20.0,0.8
7.398000000000001,0.683985710144043,0.683985710144043,-0.017581939697265625,1.1097000000000001,0.14999999999986358,8.648351348876847,20.0,0.8
7.399,0.683985710144043,0.683985710144043,0.0,1.10985,0.15000000000009095,8.637285797119212,20.0,0.8
7.4,0.683985710144043,0.683985710144043,0.017581939697265625,1.11,0.14999999999997726,8.626220245361313,20.0,0.8
7.401,0.683985710144043,0.683985710144043,0.008790969848632812,1.11015,0.15000000000009095,8.636253021240307,20.0,0.8
7.402,0.683985710144043,0.683985710144043,-0.008790969848632812,1.1103,0.14999999999997726,8.65331857299803,20.0,0.8
7.4030000000000005,0.683985710144043,0.683985710144043,0.017581939697265625,1.11045,0.14999999999997726,8.63522024536131,20.0,0.8
7.404,0.683985710144043,0.683985710144043,-0.008790969848632812,1.1106,0.15000000000009095,8.659318572998119,20.0,0.8
7.405,0.683985710144043,0.683985710144043,0.008790969848632812,1.11075,0.14999999999986358,8.648253021240123,20.0,0.8
7.406000000000001,0.683985710144043,0.683985710144043,0.0,1.1109,0.14999999999997726,8.658285797119122,20.0,0.8
7.407,0.683985710144043,0.683985710144043,-0.008790969848632812,1.1110499999999999,0.15000000000009095,8.668318572998116,20.0,0.8
7.408,0.683985710144043,0.683985710144043,0.017581939697265625,1.1112,0.14999999999997726,8.65022024536131,20.0,0.8
7.409,0.683985710144043,0.683985710144043,-0.008790969848632812,1.1113499999999998,0.15000000000009095,8.674318572998116,20.0,0.8
7.41,0.683985710144043,0.683985710144043,0.008790969848632812,1.1115,0.14999999999997726,8.663253021240214,20.0,0.8
7.4110000000000005,0.683985710144043,0.683985710144043,0.008790969848632812,1.11165,0.14999999999986358,8.666253021240125,20.0,0.8
7.412,0.683985710144043,0.683985710144043,-0.026372909545898438,1.1118,0.15000000000009095,8.69738412475593,20.0,0.8
7.413,0.683985710144043,0.683985710144043,0.026372909545898438,1.11195,0.15000000000009095,8.658187469482495,20.0,0.8
7.414000000000001,0.683985710144043,0.683985710144043,0.008790969848632812,1.1121,0.14999999999997726,8.675253021240216,20.0,0.8
7.415,0.683985710144043,0.683985710144043,0.0,1.11225,0.15000000000009095,8.685285797119212,20.0,0.8
7.416,0.6843671798706055,0.6843671798706055,0.008790969848632812,1.1124,0.14999999999997726,8.673623626708967,20.0,0.8
7.417,0.6843671798706055,0.6843671798706055,0.008790969848632812,1.11255,0.15000000000009095,8.676623626709056,20.0,0.8
7.418,0.6843671798706055,0.6843671798706055,-0.008790969848632812,1.1127,0.15000000000009095,8.69368917846687,20.0,0.8
7.4190000000000005,0.6843671798706055,0.6843671798706055,0.017581939697265625,1.1128500000000001,0.14999999999997726,8.675590850830062,20.0,0.8
7.42,0.6843671798706055,0.6843671798706055,0.008790969848632812,1.113,0.14999999999997726,8.685623626708965,20.0,0.8
7.421,0.6843671798706055,0.6843671798706055,-0.008790969848632812,1.11315,0.14999999999986358,8.70268917846669,20.0,0.8
7.422000000000001,0.6843671798706055,0.6843671798706055,0.008790969848632812,1.1133,0.14999999999997726,8.691623626708964,20.0,0.8
7.423,0.6843671798706055,0.6843671798706055,-0.008790969848632812,1.11345,0.15000000000009095,8.708689178466871,20.0,0.8
7.424,0.6843671798706055,0.6843671798706055,0.0,1.1136,0.14999999999997726,8.70465640258787,20.0,0.8
7.425,0.6843671798706055,0.6843671798706055,0.008790969848632812,1.11375,0.15000000000009095,8.700623626709058,20.0,0.8
7.426,0.6843671798706055,0.6843671798706055,0.008790969848632812,1.1139,0.14999999999986358,8.703623626708874,20.0,0.8
7.4270000000000005,0.6843671798706055,0.6843671798706055,-0.017581939697265625,1.11405,0.14999999999986358,8.727721954345594,20.0,0.8
7.428,0.6843671798706055,0.6843671798706055,0.008790969848632812,1.1141999999999999,0.15000000000009095,8.709623626709055,20.0,0.8
7.429,0.6843671798706055,0.6843671798706055,-0.008790969848632812,1.11435,0.14999999999986358,8.726689178466687,20.0,0.8
7.43,0.6843671798706055,0.6843671798706055,0.008790969848632812,1.1144999999999998,0.14999999999997726,8.715623626708961,20.0,0.8
7.431,0.6843671798706055,0.6843671798706055,0.008790969848632812,1.11465,0.14999999999997726,8.718623626708965,20.0,0.8
7.432,0.6843671798706055,0.6843671798706055,0.0,1.1148,0.14999999999997726,8.728656402587871,20.0,0.8
7.433,0.6843671798706055,0.6843671798706055,0.0,1.1149499999999999,0.15000000000009095,8.73165640258796,20.0,0.8
7.434,0.6843671798706055,0.6843671798706055,0.0,1.1151,0.15000000000009095,8.734656402587962,20.0,0.8
7.4350000000000005,0.6843671798706055,0.6843671798706055,0.0,1.11525,0.14999999999997726,8.737656402587874,20.0,0.8
7.436,0.6843671798706055,0.6843671798706055,0.0,1.1154,0.15000000000009095,8.740656402587963,20.0,0.8
7.437,0.6843671798706055,0.6843671798706055,0.008790969848632812,1.11555,0.14999999999997726,8.736623626708965,20.0,0.8
7.438,0.6843671798706055,0.6843671798706055,0.0,1.1157,0.15000000000009095,8.746656402587961,20.0,0.8
7.439,0.6843671798706055,0.6843671798706055,0.008790969848632812,1.11585,0.15000000000009095,8.742623626709058,20.0,0.8
7.44,0.6843671798706055,0.6843671798706055,-0.008790969848632812,1.116,0.14999999999986358,8.75968917846669,20.0,0.8
7.441,0.6843671798706055,0.6843671798706055,0.0,1.11615,0.15000000000009095,8.755656402587963,20.0,0.8
7.442,0.6843671798706055,0.6843671798706055,0.008790969848632812,1.1163,0.14999999999997726,8.751623626708966,20.0,0.8
7.4430000000000005,0.6843671798706055,0.6843671798706055,0.0,1.11645,0.14999999999997726,8.761656402587871,20.0,0.8
7.444,0.6843671798706055,0.6843671798706055,-0.008790969848632812,1.1166,0.15000000000009095,8.77168917846687,20.0,0.8
7.445,0.6843671798706055,0.6843671798706055,-0.008790969848632812,1.11675,0.14999999999986358,8.774689178466685,20.0,0.8
7.446,0.6843671798706055,0.6843671798706055,0.017581939697265625,1.1169,0.15000000000009095,8.756590850830152,20.0,0.8
7.447,0.6843671798706055,0.6843671798706055,0.0,1.1170499999999999,0.14999999999997726,8.77365640258787,20.0,0.8
7.448,0.6843671798706055,0.6843671798706055,0.0,1.1172,0.14999999999986358,8.776656402587781,20.0,0.8
7.449,0.6843671798706055,0.6843671798706055,0.0,1.1173499999999998,0.14999999999997726,8.77965640258787,20.0,0.8
7.45,0.6843671798706055,0.6843671798706055,0.0,1.1175,0.14999999999997726,8.78265640258787,20.0,0.8
7.4510000000000005,0.6843671798706055,0.6843671798706055,0.0,1.11765,0.14999999999986358,8.785656402587783,20.0,0.8
7.452,0.6843671798706055,0.6843671798706055,0.008790969848632812,1.1178,0.15000000000009095,8.781623626709056,20.0,0.8
7.453,0.6843671798706055,0.6843671798706055,0.0,1.11795,0.14999999999997726,8.791656402587872,20.0,0.8
7.454,0.6843671798706055,0.6843671798706055,-0.008790969848632812,1.1180999999999999,0.15000000000009095,8.801689178466868,20.0,0.8
7.455,0.6843671798706055,0.6843671798706055,0.0,1.11825,0.14999999999997726,8.79765640258787,20.0,0.8
7.456,0.6843671798706055,0.6843671798706055,0.008790969848632812,1.1184,0.14999999999986358,8.793623626708877,20.0,0.8
7.457,0.6843671798706055,0.6843671798706055,-0.008790969848632812,1.11855,0.15000000000009095,8.810689178466868,20.0,0.8
7.458,0.6843671798706055,0.6843671798706055,0.008790969848632812,1.1187,0.15000000000009095,8.799623626709058,20.0,0.8
7.4590000000000005,0.6843671798706055,0.6843671798706055,-0.008790969848632812,1.1188500000000001,0.14999999999997726,8.816689178466781,20.0,0.8
7.46,0.6843671798706055,0.6843671798706055,0.0,1.119,0.15000000000009095,8.812656402587962,20.0,0.8
7.461,0.6843671798706055,0.6843671798706055,0.0,1.11915,0.14999999999997726,8.815656402587875,20.0,0.8
7.462,0.6843671798706055,0.6843671798706055,0.0,1.1193,0.15000000000009095,8.818656402587962,20.0,0.8
7.463,0.6843671798706055,0.6843671798706055,-0.008790969848632812,1.11945,0.14999999999997726,8.82868917846678,20.0,0.8
7.464,0.6843671798706055,0.6843671798706055,0.008790969848632812,1.1196,0.14999999999986358,8.817623626708874,20.0,0.8
7.465,0.6843671798706055,0.6843671798706055,0.008790969848632812,1.11975,0.14999999999997726,8.820623626708965,20.0,0.8
7.466,0.6843671798706055,0.6843671798706055,0.0,1.1199,0.14999999999986358,8.83065640258778,20.0,0.8
7.4670000000000005,0.6843671798706055,0.6843671798706055,-0.008790969848632812,1.12005,0.14999999999997726,8.840689178466778,20.0,0.8
7.468,0.6843671798706055,0.6843671798706055,-0.017581939697265625,1.1201999999999999,0.15000000000009095,8.850721954345772,20.0,0.8
7.469,0.6843671798706055,0.6843671798706055,0.008790969848632812,1.12035,0.14999999999997726,8.832623626708966,20.0,0.8
7.47,0.6843671798706055,0.6843671798706055,0.008790969848632812,1.1204999999999998,0.15000000000009095,8.835623626709054,20.0,0.8
7.471,0.6843671798706055,0.6843671798706055,-0.017581939697265625,1.12065,0.14999999999997726,8.859721954345684,20.0,0.8
7.472,0.6843671798706055,0.6843671798706055,0.0,1.1208,0.14999999999997726,8.848656402587872,20.0,0.8
7.473,0.6843671798706055,0.6843671798706055,-0.008790969848632812,1.12095,0.14999999999997726,8.858689178466776,20.0,0.8
7.474,0.6843671798706055,0.6843671798706055,0.008790969848632812,1.1211,0.15000000000009095,8.847623626709058,20.0,0.8
7.4750000000000005,0.6843671798706055,0.6843671798706055,0.0,1.12125,0.14999999999997726,8.857656402587873,20.0,0.8
7.476,0.6843671798706055,0.6843671798706055,0.0,1.1214,0.15000000000009095,8.860656402587962,20.0,0.8
7.477,0.6843671798706055,0.6843671798706055,0.0,1.12155,0.14999999999986358,8.863656402587782,20.0,0.8
7.478,0.6843671798706055,0.6843671798706055,0.017581939697265625,1.1217,0.14999999999997726,8.852590850830058,20.0,0.8
7.479,0.6843671798706055,0.6843671798706055,-0.017581939697265625,1.12185,0.15000000000009095,8.883721954345777,20.0,0.8
7.48,0.6843671798706055,0.6843671798706055,0.0,1.122,0.14999999999986358,8.872656402587783,20.0,0.8
7.481,0.6843671798706055,0.6843671798706055,0.0,1.12215,0.15000000000009095,8.875656402587962,20.0,0.8
7.482,0.6843671798706055,0.6843671798706055,0.0,1.1223,0.14999999999986358,8.878656402587783,20.0,0.8
7.4830000000000005,0.6843671798706055,0.6843671798706055,0.008790969848632812,1.12245,0.14999999999986358,8.874623626708873,20.0,0.8
7.484,0.6843671798706055,0.6843671798706055,-0.017581939697265625,1.1226,0.14999999999997726,8.898721954345687,20.0,0.8
7.485,0.6843671798706055,0.6843671798706055,0.008790969848632812,1.12275,0.14999999999997726,8.880623626708964,20.0,0.8
7.486,0.6843671798706055,0.6843671798706055,-0.017581939697265625,1.1229,0.15000000000009095,8.904721954345776,20.0,0.8
7.487,0.6843671798706055,0.6843671798706055,0.008790969848632812,1.1230499999999999,0.14999999999986358,8.886623626708873,20.0,0.8
7.488,0.6843671798706055,0.6843671798706055,0.008790969848632812,1.1232,0.14999999999997726,8.889623626708964,20.0,0.8
7.489,0.6843671798706055,0.6843671798706055,-0.008790969848632812,1.1233499999999998,0.15000000000009095,8.906689178466866,20.0,0.8
7.49,0.6843671798706055,0.6843671798706055,0.0,1.1235,0.15000000000009095,8.902656402587962,20.0,0.8
7.4910000000000005,0.6843671798706055,0.6843671798706055,0.0,1.12365,0.14999999999986358,8.905656402587782,20.0,0.8
7.492,0.6843671798706055,0.6843671798706055,0.0,1.1238,0.15000000000009095,8.908656402587962,20.0,0.8
7.493,0.6843671798706055,0.6843671798706055,0.017581939697265625,1.12395,0.14999999999986358,8.897590850829967,20.0,0.8
7.494,0.6843671798706055,0.6843671798706055,-0.008790969848632812,1.1240999999999999,0.14999999999997726,8.921689178466776,20.0,0.8
7.495,0.6843671798706055,0.6843671798706055,0.008790969848632812,1.12425,0.15000000000009095,8.910623626709057,20.0,0.8
7.496,0.6843671798706055,0.6843671798706055,0.0,1.1244,0.14999999999997726,8.920656402587873,20.0,0.8
7.497,0.6843671798706055,0.6843671798706055,0.0,1.12455,0.15000000000009095,8.923656402587962,20.0,0.8
7.498,0.6843671798706055,0.6843671798706055,0.008790969848632812,1.1247,0.14999999999997726,8.919623626708965,20.0,0.8
7.4990000000000006,0.6843671798706055,0.6843671798706055,-0.008790969848632812,1.1248500000000001,0.14999999999986358,8.936689178466692,20.0,0.8
7.5,0.6843671798706055,0.6843671798706055,0.0,1.125,0.14999999999997726,8.932656402587872,20.0,0.8
7.501,0.6843671798706055,0.6843671798706055,0.008790969848632812,1.12515,0.14999999999997726,8.928623626708967,20.0,0.8
7.502,0.6843671798706055,0.6843671798706055,-0.008790969848632812,1.1253,0.14999999999997726,8.945689178466779,20.0,0.8
7.503,0.6843671798706055,0.6843671798706055,0.0,1.12545,0.14999999999986358,8.941656402587782,20.0,0.8
7.5040000000000004,0.6843671798706055,0.6843671798706055,0.0,1.1256,0.14999999999997726,8.94465640258787,20.0,0.8
7.505,0.6843671798706055,0.6843671798706055,0.008790969848632812,1.12575,0.15000000000009095,8.940623626709058,20.0,0.8
7.506,0.6843671798706055,0.6843671798706055,-0.008790969848632812,1.1259,0.14999999999997726,8.957689178466776,20.0,0.8
7.507000000000001,0.6843671798706055,0.6843671798706055,0.008790969848632812,1.12605,0.14999999999997726,8.946623626708966,20.0,0.8
7.508,0.6843671798706055,0.6843671798706055,0.0,1.1261999999999999,0.14999999999997726,8.95665640258787,20.0,0.8
7.509,0.6843671798706055,0.6843671798706055,0.008790969848632812,1.12635,0.14999999999986358,8.952623626708874,20.0,0.8
7.51,0.6843671798706055,0.6843671798706055,0.0,1.1264999999999998,0.15000000000009095,8.96265640258796,20.0,0.8
7.511,0.6843671798706055,0.6843671798706055,0.008790969848632812,1.12665,0.15000000000009095,8.958623626709056,20.0,0.8
7.5120000000000005,0.6843671798706055,0.6843671798706055,0.0,1.1268,0.14999999999997726,8.968656402587873,20.0,0.8
7.513,0.6843671798706055,0.6843671798706055,0.008790969848632812,1.12695,0.14999999999997726,8.964623626708963,20.0,0.8
7.514,0.6843671798706055,0.6843671798706055,0.008790969848632812,1.1271,0.15000000000009095,8.967623626709058,20.0,0.8
7.515000000000001,0.6843671798706055,0.6843671798706055,0.008790969848632812,1.12725,0.14999999999986358,8.970623626708877,20.0,0.8
7.516,0.6843671798706055,0.6843671798706055,-0.008790969848632812,1.1274,0.15000000000009095,8.987689178466868,20.0,0.8
7.517,0.6843671798706055,0.6843671798706055,0.017581939697265625,1.12755,0.14999999999997726,8.969590850830063,20.0,0.8
7.518,0.6843671798706055,0.6843671798706055,0.008790969848632812,1.1277,0.15000000000009095,8.979623626709056,20.0,0.8
7.519,0.6843671798706055,0.6843671798706055,0.026372909545898438,1.12785,0.15000000000009095,8.968558074951245,20.0,0.8
7.5200000000000005,0.6843671798706055,0.6843671798706055,0.0,1.1280000000000001,0.14999999999986358,8.992656402587784,20.0,0.8
7.521,0.6843671798706055,0.6843671798706055,0.017581939697265625,1.12815,0.15000000000009095,8.98159085083015,20.0,0.8
7.522,0.6843671798706055,0.6843671798706055,0.008790969848632812,1.1283,0.14999999999986358,8.991623626708877,20.0,0.8
7.523000000000001,0.6843671798706055,0.6843671798706055,0.017581939697265625,1.12845,0.14999999999997726,8.98759085083006,20.0,0.8
7.524,0.6843671798706055,0.6843671798706055,0.017581939697265625,1.1286,0.15000000000009095,8.990590850830152,20.0,0.8
7.525,0.6843671798706055,0.6843671798706055,0.008790969848632812,1.12875,0.14999999999997726,9.000623626708965,20.0,0.8
7.526,0.6843671798706055,0.6843671798706055,0.026372909545898438,1.1289,0.15000000000020464,8.989558074951335,20.0,0.8
7.527,0.6843671798706055,0.6843671798706055,0.008790969848632812,1.1290499999999999,0.14999999999986358,9.006623626708873,20.0,0.8
7.5280000000000005,0.6843671798706055,0.6843671798706055,0.008790969848632812,1.1292,0.14999999999986358,9.009623626708875,20.0,0.8
7.529,0.6843671798706055,0.6843671798706055,0.026372909545898438,1.1293499999999999,0.15000000000009095,8.99855807495124,20.0,0.8
7.53,0.6843671798706055,0.6843671798706055,0.017581939697265625,1.1295,0.15000000000009095,9.008590850830151,20.0,0.8
7.531000000000001,0.6843671798706055,0.6843671798706055,0.008790969848632812,1.12965,0.14999999999997726,9.018623626708965,20.0,0.8
7.532,0.6843671798706055,0.6843671798706055,0.026372909545898438,1.1298,0.15000000000009095,9.007558074951243,20.0,0.8
7.533,0.6843671798706055,0.6843671798706055,0.017581939697265625,1.12995,0.14999999999997726,9.01759085083006,20.0,0.8
7.534,0.6843671798706055,0.6843671798706055,0.017581939697265625,1.1300999999999999,0.15000000000009095,9.020590850830148,20.0,0.8
7.535,0.684748649597168,0.684748649597168,0.03516578674316406,1.13025,0.15000000000009095,9.001894378662183,20.0,0.8
7.5360000000000005,0.684748649597168,0.684748649597168,0.017581939697265625,1.1304,0.14999999999997726,9.018961456298811,20.0,0.8
7.537,0.684748649597168,0.684748649597168,0.03516578674316406,1.13055,0.14999999999997726,9.00789437866209,20.0,0.8
7.538,0.684748649597168,0.684748649597168,0.026372909545898438,1.1307,0.14999999999997726,9.017928680419905,20.0,0.8
7.539000000000001,0.684748649597168,0.684748649597168,0.043956756591796875,1.1308500000000001,0.14999999999997726,9.006861602783188,20.0,0.8
7.54,0.684748649597168,0.684748649597168,0.026372909545898438,1.131,0.15000000000009095,9.023928680419996,20.0,0.8
7.541,0.684748649597168,0.684748649597168,0.05274772644042969,1.13115,0.14999999999997726,9.00582882690428,20.0,0.8
7.542,0.684748649597168,0.684748649597168,0.043956756591796875,1.1313,0.15000000000009095,9.015861602783275,20.0,0.8
7.543,0.684748649597168,0.684748649597168,0.043956756591796875,1.13145,0.14999999999986358,9.018861602783096,20.0,0.8
7.5440000000000005,0.6851301193237305,0.6851301193237305,0.07912063598632812,1.1316,0.14999999999986358,8.986101104736218,20.0,0.8
7.545,0.6851301193237305,0.6851301193237305,0.07032966613769531,1.13175,0.15000000000009095,8.996133880615309,20.0,0.8
7.546,0.6851301193237305,0.6851301193237305,0.07912063598632812,1.1319,0.14999999999997726,8.992101104736308,20.0,0.8
7.547000000000001,0.6851301193237305,0.6851301193237305,0.07032966613769531,1.13205,0.14999999999997726,9.002133880615217,20.0,0.8
7.548,0.6851301193237305,0.6851301193237305,0.07032966613769531,1.1321999999999999,0.15000000000009095,9.005133880615306,20.0,0.8
7.549,0.685511589050293,0.685511589050293,0.10549545288085938,1.13235,0.15000000000009095,8.972371856689524,20.0,0.8
7.55,0.685511589050293,0.685511589050293,0.07032966613769531,1.1324999999999998,0.15000000000009095,9.003504486084054,20.0,0.8
7.551,0.685511589050293,0.685511589050293,0.07912063598632812,1.13265,0.15000000000009095,8.99947171020515,20.0,0.8
7.5520000000000005,0.685511589050293,0.685511589050293,0.0615386962890625,1.1328,0.14999999999997726,9.016537261962872,20.0,0.8
7.553,0.685511589050293,0.685511589050293,0.07032966613769531,1.13295,0.14999999999997726,9.012504486083966,20.0,0.8
7.554,0.685511589050293,0.685511589050293,0.043956756591796875,1.1331,0.14999999999997726,9.036602813720684,20.0,0.8
7.555,0.6858930587768555,0.6858930587768555,0.043956756591796875,1.1332499999999999,0.15000000000020464,9.031973419189613,20.0,0.8
7.556,0.6858930587768555,0.6858930587768555,0.043956756591796875,1.1334,0.15000000000009095,9.034973419189525,20.0,0.8
7.557,0.6858930587768555,0.6858930587768555,0.017581939697265625,1.13355,0.14999999999986358,9.05907327270497,20.0,0.8
7.558,0.6858930587768555,0.6858930587768555,0.026372909545898438,1.1337,0.15000000000009095,9.055040496826244,20.0,0.8
7.559,0.6858930587768555,0.6858930587768555,0.008790969848632812,1.13385,0.14999999999997726,9.072106048583965,20.0,0.8
7.5600000000000005,0.6858930587768555,0.6858930587768555,0.008790969848632812,1.1340000000000001,0.14999999999997726,9.075106048583969,20.0,0.8
7.561,0.6858930587768555,0.6858930587768555,0.0,1.13415,0.15000000000020464,9.085138824463055,20.0,0.8
7.562,0.6858930587768555,0.6858930587768555,0.026372909545898438,1.1343,0.14999999999986358,9.067040496826065,20.0,0.8
7.563,0.6858930587768555,0.6858930587768555,0.008790969848632812,1.13445,0.15000000000009095,9.084106048584058,20.0,0.8
7.564,0.6858930587768555,0.6858930587768555,0.03516578674316406,1.1346,0.14999999999986358,9.066006195068251,20.0,0.8
7.565,0.6858930587768555,0.6858930587768555,0.017581939697265625,1.13475,0.14999999999986358,9.083073272704967,20.0,0.8
7.566,0.6858930587768555,0.6858930587768555,0.026372909545898438,1.1349,0.14999999999997726,9.079040496826154,20.0,0.8
7.567,0.6858930587768555,0.6858930587768555,0.03516578674316406,1.13505,0.14999999999997726,9.075006195068338,20.0,0.8
7.5680000000000005,0.6858930587768555,0.6858930587768555,0.043956756591796875,1.1352,0.14999999999997726,9.070973419189436,20.0,0.8
7.569,0.6858930587768555,0.6858930587768555,0.05274772644042969,1.1353499999999999,0.15000000000009095,9.066940643310616,20.0,0.8
7.57,0.686274528503418,0.686274528503418,0.05274772644042969,1.1355,0.14999999999997726,9.062311248779277,20.0,0.8
7.571,0.686274528503418,0.686274528503418,0.07032966613769531,1.1356499999999998,0.15000000000009095,9.051245697021555,20.0,0.8
7.572,0.686274528503418,0.686274528503418,0.07032966613769531,1.1358,0.15000000000009095,9.054245697021555,20.0,0.8
7.573,0.686274528503418,0.686274528503418,0.07032966613769531,1.13595,0.14999999999986358,9.057245697021376,20.0,0.8
7.574,0.686274528503418,0.686274528503418,0.07912063598632812,1.1360999999999999,0.15000000000009095,9.053212921142649,20.0,0.8
7.575,0.6866559982299805,0.6866559982299805,0.08791160583496094,1.13625,0.14999999999997726,9.041550750732403,20.0,0.8
7.5760000000000005,0.6866559982299805,0.6866559982299805,0.07912063598632812,1.1364,0.14999999999997726,9.051583526611312,20.0,0.8
7.577,0.6866559982299805,0.6866559982299805,0.10549545288085938,1.13655,0.15000000000009095,9.033483673095773,20.0,0.8
7.578,0.6866559982299805,0.6866559982299805,0.09670257568359375,1.1367,0.14999999999997726,9.043517974853499,20.0,0.8
7.579,0.687037467956543,0.687037467956543,0.123077392578125,1.13685,0.15000000000009095,9.017788726806712,20.0,0.8
7.58,0.687037467956543,0.687037467956543,0.11428642272949219,1.137,0.14999999999997726,9.027821502685528,20.0,0.8
7.581,0.687037467956543,0.687037467956543,0.10549545288085938,1.13715,0.14999999999986358,9.037854278564346,20.0,0.8
7.582,0.687037467956543,0.687037467956543,0.10549545288085938,1.1373,0.14999999999997726,9.040854278564433,20.0,0.8
7.583,0.6874189376831055,0.6874189376831055,0.10549545288085938,1.13745,0.14999999999997726,9.036224884033187,20.0,0.8
7.5840000000000005,0.6874189376831055,0.6874189376831055,0.09670257568359375,1.1376,0.14999999999986358,9.046259185790905,20.0,0.8
7.585,0.6874189376831055,0.6874189376831055,0.09670257568359375,1.13775,0.15000000000009095,9.049259185791088,20.0,0.8
7.586,0.6874189376831055,0.6874189376831055,0.0615386962890625,1.1379,0.14999999999997726,9.08039028930662,20.0,0.8
7.587,0.687800407409668,0.687800407409668,0.07032966613769531,1.13805,0.15000000000009095,9.068728118896557,20.0,0.8
7.588,0.687800407409668,0.687800407409668,0.07912063598632812,1.1381999999999999,0.14999999999997726,9.064695343017558,20.0,0.8
7.589,0.687800407409668,0.687800407409668,0.043956756591796875,1.13835,0.14999999999997726,9.095826446533184,20.0,0.8
7.59,0.687800407409668,0.687800407409668,0.08791160583496094,1.1384999999999998,0.15000000000009095,9.06366256713874,20.0,0.8
7.591,0.687800407409668,0.687800407409668,0.05274772644042969,1.13865,0.15000000000009095,9.094793670654369,20.0,0.8
7.5920000000000005,0.687800407409668,0.687800407409668,0.05274772644042969,1.1388,0.14999999999997726,9.097793670654278,20.0,0.8
7.593,0.6881818771362305,0.6881818771362305,0.07912063598632812,1.13895,0.15000000000009095,9.072065948486399,20.0,0.8
7.594,0.6881818771362305,0.6881818771362305,0.07912063598632812,1.1391,0.14999999999997726,9.07506594848631,20.0,0.8
7.595,0.6881818771362305,0.6881818771362305,0.10549545288085938,1.1392499999999999,0.14999999999997726,9.056966094970681,20.0,0.8
7.596,0.6881818771362305,0.6881818771362305,0.08791160583496094,1.1394,0.15000000000009095,9.074033172607495,20.0,0.8
7.597,0.688563346862793,0.688563346862793,0.08791160583496094,1.13955,0.14999999999986358,9.069403778076063,20.0,0.8
7.598,0.688563346862793,0.688563346862793,0.08791160583496094,1.1397,0.15000000000009095,9.072403778076243,20.0,0.8
7.599,0.688563346862793,0.688563346862793,0.10549545288085938,1.13985,0.14999999999997726,9.061336700439435,20.0,0.8
7.6000000000000005,0.688563346862793,0.688563346862793,0.07912063598632812,1.1400000000000001,0.14999999999986358,9.085436553954972,20.0,0.8
7.601,0.688563346862793,0.688563346862793,0.07032966613769531,1.14015,0.14999999999997726,9.095469329833968,20.0,0.8
7.602,0.6889448165893555,0.6889448165893555,0.07032966613769531,1.1403,0.14999999999986358,9.090839935302625,20.0,0.8
7.603,0.6889448165893555,0.6889448165893555,0.05274772644042969,1.14045,0.15000000000009095,9.107905487060618,20.0,0.8
7.604,0.6889448165893555,0.6889448165893555,0.05274772644042969,1.1406,0.14999999999997726,9.11090548706053,20.0,0.8
7.605,0.6889448165893555,0.6889448165893555,0.05274772644042969,1.14075,0.14999999999997726,9.113905487060526,20.0,0.8
7.606,0.6889448165893555,0.6889448165893555,0.05274772644042969,1.1409,0.15000000000009095,9.11690548706062,20.0,0.8
7.607,0.6889448165893555,0.6889448165893555,0.07032966613769531,1.14105,0.14999999999997726,9.105839935302715,20.0,0.8
7.6080000000000005,0.6889448165893555,0.6889448165893555,0.043956756591796875,1.1412,0.14999999999986358,9.129938262939344,20.0,0.8
7.609,0.689326286315918,0.689326286315918,0.0615386962890625,1.1413499999999999,0.15000000000009095,9.111243316650462,20.0,0.8
7.61,0.689326286315918,0.689326286315918,0.07032966613769531,1.1415,0.14999999999986358,9.107210540771373,20.0,0.8
7.611,0.689326286315918,0.689326286315918,0.07032966613769531,1.1416499999999998,0.14999999999997726,9.110210540771464,20.0,0.8
7.612,0.689326286315918,0.689326286315918,0.08791160583496094,1.1418,0.15000000000009095,9.099144989013743,20.0,0.8
7.613,0.689326286315918,0.689326286315918,0.09670257568359375,1.14195,0.14999999999997726,9.095112213134747,20.0,0.8
7.614,0.6897077560424805,0.6897077560424805,0.10549545288085938,1.1421,0.15000000000009095,9.083448516845774,20.0,0.8
7.615,0.6897077560424805,0.6897077560424805,0.08791160583496094,1.14225,0.14999999999997726,9.100515594482403,20.0,0.8
7.6160000000000005,0.6897077560424805,0.6897077560424805,0.10549545288085938,1.1424,0.14999999999986358,9.089448516845597,20.0,0.8
7.617,0.690089225769043,0.690089225769043,0.11428642272949219,1.14255,0.14999999999997726,9.077786346435527,20.0,0.8
7.618,0.690089225769043,0.690089225769043,0.10549545288085938,1.1427,0.14999999999997726,9.087819122314436,20.0,0.8
7.619,0.690089225769043,0.690089225769043,0.10549545288085938,1.14285,0.15000000000009095,9.090819122314524,20.0,0.8
7.62,0.690089225769043,0.690089225769043,0.09670257568359375,1.143,0.14999999999997726,9.100853424072247,20.0,0.8
7.621,0.6904706954956055,0.6904706954956055,0.11428642272949219,1.14315,0.14999999999997726,9.082156951904281,20.0,0.8
7.622,0.6904706954956055,0.6904706954956055,0.11428642272949219,1.1433,0.15000000000009095,9.08515695190437,20.0,0.8
7.623,0.6904706954956055,0.6904706954956055,0.123077392578125,1.14345,0.14999999999997726,9.081124176025375,20.0,0.8
7.6240000000000006,0.690852165222168,0.690852165222168,0.123077392578125,1.1436,0.14999999999997726,9.076494781494123,20.0,0.8
7.625,0.690852165222168,0.690852165222168,0.1318683624267578,1.14375,0.15000000000009095,9.072462005615307,20.0,0.8
7.626,0.690852165222168,0.690852165222168,0.123077392578125,1.1439,0.14999999999986358,9.08249478149403,20.0,0.8
7.627,0.6912336349487305,0.6912336349487305,0.123077392578125,1.14405,0.14999999999997726,9.077865386962873,20.0,0.8
7.628,0.6912336349487305,0.6912336349487305,0.123077392578125,1.1441999999999999,0.14999999999997726,9.08086538696287,20.0,0.8
7.6290000000000004,0.6912336349487305,0.6912336349487305,0.11428642272949219,1.14435,0.14999999999997726,9.090898162841778,20.0,0.8
7.63,0.691615104675293,0.691615104675293,0.123077392578125,1.1444999999999999,0.14999999999997726,9.07923599243162,20.0,0.8
7.631,0.691615104675293,0.691615104675293,0.09670257568359375,1.14465,0.14999999999997726,9.103335845947246,20.0,0.8
7.632000000000001,0.691615104675293,0.691615104675293,0.123077392578125,1.1448,0.14999999999986358,9.085235992431532,20.0,0.8
7.633,0.691615104675293,0.691615104675293,0.123077392578125,1.14495,0.14999999999997726,9.08823599243162,20.0,0.8
7.634,0.6919965744018555,0.6919965744018555,0.123077392578125,1.1451,0.14999999999997726,9.083606597900374,20.0,0.8
7.635,0.6919965744018555,0.6919965744018555,0.11428642272949219,1.1452499999999999,0.14999999999997726,9.093639373779276,20.0,0.8
7.636,0.6919965744018555,0.6919965744018555,0.123077392578125,1.1454,0.14999999999997726,9.089606597900373,20.0,0.8
7.6370000000000005,0.692378044128418,0.692378044128418,0.123077392578125,1.14555,0.14999999999997726,9.084977203369125,20.0,0.8
7.638,0.692378044128418,0.692378044128418,0.10549545288085938,1.1457,0.15000000000009095,9.102042755127023,20.0,0.8
7.639,0.692378044128418,0.692378044128418,0.09670257568359375,1.14585,0.15000000000009095,9.11207705688484,20.0,0.8
7.640000000000001,0.6927595138549805,0.6927595138549805,0.123077392578125,1.1460000000000001,0.14999999999997726,9.086347808837875,20.0,0.8
7.641,0.6927595138549805,0.6927595138549805,0.10549545288085938,1.14615,0.15000000000009095,9.103413360595775,20.0,0.8
7.642,0.6927595138549805,0.6927595138549805,0.09670257568359375,1.1463,0.14999999999997726,9.113447662353499,20.0,0.8
7.643,0.693140983581543,0.693140983581543,0.1318683624267578,1.14645,0.15000000000020464,9.080685638427896,20.0,0.8
7.644,0.693140983581543,0.693140983581543,0.1318683624267578,1.1466,0.14999999999997726,9.083685638427719,20.0,0.8
7.6450000000000005,0.693140983581543,0.693140983581543,0.16703224182128906,1.14675,0.14999999999986358,9.058554534911998,20.0,0.8
7.646,0.6935224533081055,0.6935224533081055,0.1934070587158203,1.1469,0.14999999999997726,9.032825286865217,20.0,0.8
7.647,0.6935224533081055,0.6935224533081055,0.20219802856445312,1.14705,0.14999999999986358,9.028792510986218,20.0,0.8
7.648000000000001,0.693903923034668,0.693903923034668,0.21977996826171875,1.1472,0.14999999999986358,9.010097564697155,20.0,0.8
7.649,0.693903923034668,0.693903923034668,0.21098899841308594,1.1473499999999999,0.15000000000009095,9.020130340576243,20.0,0.8
7.65,0.6942853927612305,0.6942853927612305,0.21098899841308594,1.1475,0.14999999999997726,9.015500946044902,20.0,0.8
7.651,0.6942853927612305,0.6942853927612305,0.1846160888671875,1.1476499999999998,0.15000000000009095,9.03959927368171,20.0,0.8
7.652,0.694666862487793,0.694666862487793,0.1846160888671875,1.1478,0.14999999999997726,9.034969879150372,20.0,0.8
7.6530000000000005,0.694666862487793,0.694666862487793,0.1934070587158203,1.14795,0.14999999999997726,9.030937103271466,20.0,0.8
7.654,0.6950483322143555,0.6950483322143555,0.1758251190185547,1.1481,0.15000000000009095,9.040373260498118,20.0,0.8
7.655,0.6950483322143555,0.6950483322143555,0.1934070587158203,1.14825,0.15000000000009095,9.029307708740307,20.0,0.8
7.656000000000001,0.695429801940918,0.695429801940918,0.1846160888671875,1.1484,0.14999999999997726,9.031711090087875,20.0,0.8
7.657,0.695429801940918,0.695429801940918,0.16703224182128906,1.14855,0.15000000000009095,9.048778167724683,20.0,0.8
7.658,0.6958112716674805,0.6958112716674805,0.15824127197265625,1.1487,0.14999999999997726,9.051181549072247,20.0,0.8
7.659,0.6958112716674805,0.6958112716674805,0.15824127197265625,1.14885,0.15000000000009095,9.054181549072338,20.0,0.8
7.66,0.696192741394043,0.696192741394043,0.1846160888671875,1.149,0.15000000000009095,9.028452301025464,20.0,0.8
7.6610000000000005,0.696192741394043,0.696192741394043,0.14945030212402344,1.1491500000000001,0.14999999999986358,9.059584930419815,20.0,0.8
7.662,0.6965742111206055,0.6965742111206055,0.1846160888671875,1.1493,0.15000000000009095,9.026822906494214,20.0,0.8
7.663,0.6965742111206055,0.6965742111206055,0.20219802856445312,1.14945,0.14999999999997726,9.01575735473631,20.0,0.8
7.664000000000001,0.696955680847168,0.696955680847168,0.21098899841308594,1.1496,0.14999999999997726,9.004095184326152,20.0,0.8
7.665,0.696955680847168,0.696955680847168,0.1758251190185547,1.14975,0.14999999999997726,9.03522628784178,20.0,0.8
7.666,0.6973371505737305,0.6973371505737305,0.15824127197265625,1.1499,0.14999999999997726,9.044663970947244,20.0,0.8
7.667,0.6973371505737305,0.6973371505737305,0.16703224182128906,1.15005,0.15000000000009095,9.040631195068434,20.0,0.8
7.668,0.6973371505737305,0.6973371505737305,0.16703224182128906,1.1502,0.14999999999997726,9.04363119506834,20.0,0.8
7.6690000000000005,0.697718620300293,0.697718620300293,0.16703224182128906,1.15035,0.14999999999997726,9.039001800537092,20.0,0.8
7.67,0.697718620300293,0.697718620300293,0.1758251190185547,1.1504999999999999,0.14999999999997726,9.034967498779277,20.0,0.8
7.671,0.6981000900268555,0.6981000900268555,0.1758251190185547,1.15065,0.14999999999997726,9.030338104248028,20.0,0.8
7.672000000000001,0.6981000900268555,0.6981000900268555,0.16703224182128906,1.1508,0.14999999999997726,9.040372406005844,20.0,0.8
7.673,0.698481559753418,0.698481559753418,0.16703224182128906,1.15095,0.15000000000009095,9.03574301147468,20.0,0.8
7.674,0.698481559753418,0.698481559753418,0.14065933227539062,1.1511,0.14999999999997726,9.05984133911131,20.0,0.8
7.675,0.698481559753418,0.698481559753418,0.14945030212402344,1.1512499999999999,0.15000000000009095,9.055808563232493,20.0,0.8
7.676,0.6988630294799805,0.6988630294799805,0.14065933227539062,1.1514,0.14999999999997726,9.058211944580059,20.0,0.8
7.6770000000000005,0.6988630294799805,0.6988630294799805,0.15824127197265625,1.15155,0.14999999999997726,9.047146392822249,20.0,0.8
7.678,0.699244499206543,0.699244499206543,0.15824127197265625,1.1517,0.15000000000020464,9.042516998291179,20.0,0.8
7.679,0.699244499206543,0.699244499206543,0.16703224182128906,1.15185,0.14999999999986358,9.038484222412,20.0,0.8
7.68,0.699244499206543,0.699244499206543,0.16703224182128906,1.152,0.15000000000009095,9.041484222412182,20.0,0.8
7.681,0.6996259689331055,0.6996259689331055,0.1758251190185547,1.15215,0.14999999999997726,9.029820526123029,20.0,0.8
7.682,0.6996259689331055,0.6996259689331055,0.14065933227539062,1.1523,0.14999999999997726,9.060953155517563,20.0,0.8
7.683,0.700007438659668,0.700007438659668,0.1758251190185547,1.15245,0.15000000000009095,9.02819113159187,20.0,0.8
7.684,0.700007438659668,0.700007438659668,0.16703224182128906,1.1526,0.14999999999997726,9.038225433349593,20.0,0.8
7.6850000000000005,0.7003889083862305,0.7003889083862305,0.1758251190185547,1.15275,0.14999999999997726,9.026561737060529,20.0,0.8
7.686,0.7003889083862305,0.7003889083862305,0.1846160888671875,1.1529,0.15000000000009095,9.022528961181713,20.0,0.8
7.687,0.700770378112793,0.700770378112793,0.21098899841308594,1.15305,0.14999999999997726,8.996801239013651,20.0,0.8
7.688,0.700770378112793,0.700770378112793,0.20219802856445312,1.1532,0.15000000000009095,9.00683401489265,20.0,0.8
7.689,0.7011518478393555,0.7011518478393555,0.20219802856445312,1.1533499999999999,0.14999999999997726,9.002204620361306,20.0,0.8
7.69,0.7011518478393555,0.7011518478393555,0.1758251190185547,1.1535,0.14999999999986358,9.026302947997937,20.0,0.8
7.691,0.701533317565918,0.701533317565918,0.1846160888671875,1.1536499999999998,0.15000000000009095,9.01464077758796,20.0,0.8
7.692,0.701533317565918,0.701533317565918,0.24615478515625,1.1538,0.14999999999997726,8.968409820556621,20.0,0.8
7.6930000000000005,0.7019147872924805,0.7019147872924805,0.2637367248535156,1.15395,0.14999999999997726,8.94971487426756,20.0,0.8
7.694,0.702296257019043,0.702296257019043,0.29010963439941406,1.1541,0.15000000000009095,8.923987152099679,20.0,0.8
7.695,0.7026777267456055,0.7026777267456055,0.2989006042480469,1.15425,0.14999999999986358,8.912324981689345,20.0,0.8
7.696,0.7026777267456055,0.7026777267456055,0.28131866455078125,1.1543999999999999,0.15000000000009095,8.929390533447336,20.0,0.8
7.697,0.703059196472168,0.703059196472168,0.2549457550048828,1.15455,0.14999999999997726,8.945859466552715,20.0,0.8
7.698,0.7034406661987305,0.7034406661987305,0.27252769470214844,1.1547,0.14999999999986358,8.927164520263563,20.0,0.8
7.699,0.7034406661987305,0.7034406661987305,0.24615478515625,1.15485,0.14999999999997726,8.95126284790037,20.0,0.8
7.7,0.703822135925293,0.703822135925293,0.24615478515625,1.155,0.15000000000009095,8.946633453369214,20.0,0.8
7.7010000000000005,0.7042036056518555,0.7042036056518555,0.23736190795898438,1.1551500000000001,0.14999999999997726,8.949038360595686,20.0,0.8
7.702,0.7042036056518555,0.7042036056518555,0.24615478515625,1.1553,0.15000000000009095,8.945004058837963,20.0,0.8
7.703,0.704585075378418,0.704585075378418,0.22857093811035156,1.15545,0.14999999999997726,8.954441741943343,20.0,0.8
7.704,0.704585075378418,0.704585075378418,0.2637367248535156,1.1556,0.15000000000009095,8.9293091125489,20.0,0.8
7.705,0.7049665451049805,0.7049665451049805,0.24615478515625,1.15575,0.14999999999997726,8.938745269775374,20.0,0.8
7.706,0.705348014831543,0.705348014831543,0.2549457550048828,1.1559,0.14999999999997726,8.927083099365214,20.0,0.8
7.707,0.705348014831543,0.705348014831543,0.1934070587158203,1.15605,0.15000000000009095,8.979314056396557,20.0,0.8
7.708,0.7057294845581055,0.7057294845581055,0.1846160888671875,1.1562,0.14999999999986358,8.981717437744031,20.0,0.8
7.7090000000000005,0.7057294845581055,0.7057294845581055,0.20219802856445312,1.15635,0.14999999999997726,8.970651885986308,20.0,0.8
7.71,0.706110954284668,0.706110954284668,0.21098899841308594,1.1564999999999999,0.15000000000009095,8.958989715576243,20.0,0.8
7.711,0.706110954284668,0.706110954284668,0.1934070587158203,1.15665,0.14999999999997726,8.976055267333965,20.0,0.8
7.712,0.7064924240112305,0.7064924240112305,0.20219802856445312,1.1567999999999998,0.15000000000009095,8.964393096923896,20.0,0.8
7.713,0.7064924240112305,0.7064924240112305,0.1846160888671875,1.15695,0.14999999999997726,8.981458648681622,20.0,0.8
7.714,0.706873893737793,0.706873893737793,0.1758251190185547,1.1571,0.14999999999986358,8.983862030029186,20.0,0.8
7.715,0.706873893737793,0.706873893737793,0.1758251190185547,1.15725,0.14999999999997726,8.986862030029277,20.0,0.8
7.716,0.7072553634643555,0.7072553634643555,0.1758251190185547,1.1574,0.15000000000009095,8.98223263549812,20.0,0.8
7.7170000000000005,0.7072553634643555,0.7072553634643555,0.16703224182128906,1.15755,0.14999999999997726,8.992266937255843,20.0,0.8
7.718,0.707636833190918,0.707636833190918,0.1846160888671875,1.1577,0.15000000000009095,8.973570465087963,20.0,0.8
7.719,0.707636833190918,0.707636833190918,0.20219802856445312,1.15785,0.14999999999986358,8.962504913329969,20.0,0.8
7.72,0.7080183029174805,0.7080183029174805,0.20219802856445312,1.158,0.15000000000009095,8.957875518798899,20.0,0.8
7.721,0.7080183029174805,0.7080183029174805,0.1934070587158203,1.15815,0.15000000000009095,8.967908294677807,20.0,0.8
7.722,0.708399772644043,0.708399772644043,0.20219802856445312,1.1583,0.14999999999997726,8.956246124267562,20.0,0.8
7.723,0.708399772644043,0.708399772644043,0.21977996826171875,1.15845,0.15000000000009095,8.94518057250984,20.0,0.8
7.724,0.7087812423706055,0.7087812423706055,0.22857093811035156,1.1586,0.14999999999986358,8.933518402099502,20.0,0.8
7.7250000000000005,0.709162712097168,0.709162712097168,0.21977996826171875,1.15875,0.14999999999986358,8.935921783447155,20.0,0.8
7.726,0.709162712097168,0.709162712097168,0.2637367248535156,1.1589,0.15000000000009095,8.903756378173902,20.0,0.8
7.727,0.7095441818237305,0.7095441818237305,0.1934070587158203,1.15905,0.14999999999986358,8.955390716552623,20.0,0.8
7.728,0.7095441818237305,0.7095441818237305,0.22857093811035156,1.1592,0.14999999999997726,8.930259613037093,20.0,0.8
7.729,0.709925651550293,0.709925651550293,0.24615478515625,1.1593499999999999,0.14999999999986358,8.91156314086903,20.0,0.8
7.73,0.7103071212768555,0.7103071212768555,0.2989006042480469,1.1595,0.14999999999986358,8.864737091064343,20.0,0.8
7.731,0.710688591003418,0.710688591003418,0.2989006042480469,1.1596499999999998,0.15000000000009095,8.860107696533273,20.0,0.8
7.732,0.710688591003418,0.710688591003418,0.3076915740966797,1.1598,0.15000000000009095,8.856074920654368,20.0,0.8
7.7330000000000005,0.7110700607299805,0.7110700607299805,0.3076915740966797,1.15995,0.14999999999986358,8.851445526122939,20.0,0.8
7.734,0.711451530456543,0.711451530456543,0.29010963439941406,1.1601,0.14999999999997726,8.86088168334959,20.0,0.8
7.735,0.7118330001831055,0.7118330001831055,0.2989006042480469,1.16025,0.14999999999997726,8.849219512939435,20.0,0.8
7.736,0.7118330001831055,0.7118330001831055,0.29010963439941406,1.1603999999999999,0.15000000000009095,8.85925228881843,20.0,0.8
7.737,0.712214469909668,0.712214469909668,0.27252769470214844,1.16055,0.15000000000009095,8.868688446044994,20.0,0.8
7.738,0.7125959396362305,0.7125959396362305,0.28131866455078125,1.1607,0.14999999999997726,8.85702627563475,20.0,0.8
7.739,0.712977409362793,0.712977409362793,0.29010963439941406,1.16085,0.15000000000009095,8.84536410522468,20.0,0.8
7.74,0.7133588790893555,0.7133588790893555,0.3252754211425781,1.161,0.15000000000009095,8.812602081298902,20.0,0.8
7.7410000000000005,0.7133588790893555,0.7133588790893555,0.29010963439941406,1.1611500000000001,0.14999999999997726,8.843734710693344,20.0,0.8
7.742,0.713740348815918,0.713740348815918,0.2549457550048828,1.1613,0.15000000000009095,8.867236419677806,20.0,0.8
7.743,0.7141218185424805,0.7141218185424805,0.24615478515625,1.16145,0.14999999999986358,8.869639801025285,20.0,0.8
7.744,0.7141218185424805,0.7141218185424805,0.2637367248535156,1.1616,0.14999999999997726,8.858574249267559,20.0,0.8
7.745,0.714503288269043,0.714503288269043,0.24615478515625,1.16175,0.14999999999997726,8.868010406494124,20.0,0.8
7.746,0.7148847579956055,0.7148847579956055,0.23736190795898438,1.1619,0.14999999999997726,8.870415313720684,20.0,0.8
7.747,0.7148847579956055,0.7148847579956055,0.22857093811035156,1.16205,0.15000000000009095,8.880448089599682,20.0,0.8
7.748,0.715266227722168,0.715266227722168,0.21977996826171875,1.1622,0.14999999999986358,8.882851470947154,20.0,0.8
7.7490000000000006,0.715266227722168,0.715266227722168,0.21098899841308594,1.16235,0.14999999999986358,8.892884246826062,20.0,0.8
7.75,0.7156476974487305,0.7156476974487305,0.21098899841308594,1.1624999999999999,0.14999999999997726,8.8882548522949,20.0,0.8
7.751,0.716029167175293,0.716029167175293,0.22857093811035156,1.16265,0.14999999999997726,8.869559906005842,20.0,0.8
7.752,0.716029167175293,0.716029167175293,0.22857093811035156,1.1627999999999998,0.14999999999997726,8.872559906005838,20.0,0.8
7.753,0.7164106369018555,0.7164106369018555,0.21098899841308594,1.16295,0.14999999999997726,8.881996063232402,20.0,0.8
7.7540000000000004,0.7164106369018555,0.7164106369018555,0.24615478515625,1.1631,0.14999999999997726,8.856863433837873,20.0,0.8
7.755,0.716792106628418,0.716792106628418,0.23736190795898438,1.16325,0.15000000000009095,8.859268341064523,20.0,0.8
7.756,0.7171735763549805,0.7171735763549805,0.2549457550048828,1.1634,0.15000000000009095,8.840571868896557,20.0,0.8
7.757000000000001,0.7171735763549805,0.7171735763549805,0.2637367248535156,1.16355,0.14999999999997726,8.83653909301756,20.0,0.8
7.758,0.717555046081543,0.717555046081543,0.2637367248535156,1.1637,0.15000000000009095,8.8319096984864,20.0,0.8
7.759,0.7179365158081055,0.7179365158081055,0.24615478515625,1.16385,0.14999999999986358,8.841345855712783,20.0,0.8
7.76,0.7179365158081055,0.7179365158081055,0.24615478515625,1.164,0.15000000000009095,8.84434585571296,20.0,0.8
7.761,0.718317985534668,0.718317985534668,0.2989006042480469,1.16415,0.15000000000009095,8.797519805908276,20.0,0.8
7.7620000000000005,0.7186994552612305,0.7186994552612305,0.34285736083984375,1.1643000000000001,0.14999999999986358,8.757725006103408,20.0,0.8
7.763,0.7190818786621094,0.7190818786621094,0.33406639099121094,1.16445,0.14999999999997726,8.760109313964826,20.0,0.8
7.764,0.7194633483886719,0.7194633483886719,0.3164844512939453,1.1646,0.14999999999986358,8.769545471191298,20.0,0.8
7.765000000000001,0.7194633483886719,0.7194633483886719,0.29010963439941406,1.16475,0.14999999999986358,8.79364532470692,20.0,0.8
7.766,0.7198448181152344,0.7198448181152344,0.2989006042480469,1.1649,0.15000000000009095,8.781983154296949,20.0,0.8
7.767,0.7202262878417969,0.7202262878417969,0.3164844512939453,1.16505,0.14999999999997726,8.763286682128886,20.0,0.8
7.768,0.7206077575683594,0.7206077575683594,0.29010963439941406,1.1652,0.15000000000009095,8.779757141113354,20.0,0.8
7.769,0.7209892272949219,0.7209892272949219,0.29010963439941406,1.1653499999999999,0.14999999999986358,8.775127746581921,20.0,0.8
7.7700000000000005,0.7209892272949219,0.7209892272949219,0.2989006042480469,1.1655,0.14999999999997726,8.771094970703105,20.0,0.8
7.771,0.7213706970214844,0.7213706970214844,0.3076915740966797,1.1656499999999999,0.15000000000009095,8.75943280029304,20.0,0.8
7.772,0.7217521667480469,0.7217521667480469,0.3164844512939453,1.1658,0.15000000000009095,8.747769104003979,20.0,0.8
7.773000000000001,0.7221336364746094,0.7221336364746094,0.27252769470214844,1.16595,0.14999999999997726,8.778305114746077,20.0,0.8
7.774,0.7221336364746094,0.7221336364746094,0.2637367248535156,1.1661,0.15000000000009095,8.788337890625073,20.0,0.8
7.775,0.7225151062011719,0.7225151062011719,0.2637367248535156,1.16625,0.14999999999997726,8.78370849609373,20.0,0.8
7.776,0.7228965759277344,0.7228965759277344,0.2637367248535156,1.1663999999999999,0.15000000000020464,8.779079101562662,20.0,0.8
7.777,0.7228965759277344,0.7228965759277344,0.2549457550048828,1.16655,0.15000000000009095,8.789111877441478,20.0,0.8
7.7780000000000005,0.7232780456542969,0.7232780456542969,0.22857093811035156,1.1667,0.14999999999986358,8.805582336425674,20.0,0.8
7.779,0.7236595153808594,0.7236595153808594,0.22857093811035156,1.16685,0.14999999999997726,8.800952941894513,20.0,0.8
7.78,0.7236595153808594,0.7236595153808594,0.21977996826171875,1.167,0.14999999999997726,8.81098571777342,20.0,0.8
7.781000000000001,0.7240409851074219,0.7240409851074219,0.21977996826171875,1.1671500000000001,0.14999999999997726,8.806356323242174,20.0,0.8
7.782,0.7240409851074219,0.7240409851074219,0.23736190795898438,1.1673,0.15000000000009095,8.795290771484447,20.0,0.8
7.783,0.7244224548339844,0.7244224548339844,0.24615478515625,1.16745,0.14999999999997726,8.783627075195296,20.0,0.8
7.784,0.7248039245605469,0.7248039245605469,0.22857093811035156,1.1676,0.15000000000009095,8.793064758300854,20.0,0.8
7.785,0.7248039245605469,0.7248039245605469,0.24615478515625,1.16775,0.14999999999986358,8.781997680663954,20.0,0.8
7.7860000000000005,0.7251853942871094,0.7251853942871094,0.24615478515625,1.1679,0.14999999999997726,8.777368286132793,20.0,0.8
7.787,0.7255668640136719,0.7255668640136719,0.2637367248535156,1.16805,0.14999999999997726,8.758673339843732,20.0,0.8
7.788,0.7255668640136719,0.7255668640136719,0.2549457550048828,1.1682,0.14999999999997726,8.768706115722635,20.0,0.8
7.789000000000001,0.7259483337402344,0.7259483337402344,0.2549457550048828,1.16835,0.14999999999997726,8.764076721191389,20.0,0.8
7.79,0.7263298034667969,0.7263298034667969,0.24615478515625,1.1684999999999999,0.15000000000009095,8.766480102539132,20.0,0.8
7.791,0.7263298034667969,0.7263298034667969,0.23736190795898438,1.16865,0.14999999999997726,8.776514404296856,20.0,0.8
7.792,0.7267112731933594,0.7267112731933594,0.3252754211425781,1.1687999999999998,0.15000000000009095,8.70155419921882,20.0,0.8
7.793,0.7270927429199219,0.7270927429199219,0.33406639099121094,1.16895,0.15000000000009095,8.689892028808664,20.0,0.8
7.7940000000000005,0.7274742126464844,0.7274742126464844,0.33406639099121094,1.1691,0.14999999999986358,8.685262634277237,20.0,0.8
7.795,0.7278556823730469,0.7278556823730469,0.3164844512939453,1.16925,0.15000000000009095,8.694698791503978,20.0,0.8
7.796,0.7278556823730469,0.7278556823730469,0.29010963439941406,1.1694,0.14999999999997726,8.718798645019513,20.0,0.8
7.797000000000001,0.7282371520996094,0.7282371520996094,0.2989006042480469,1.16955,0.14999999999997726,8.707136474609358,20.0,0.8
7.798,0.7286186218261719,0.7286186218261719,0.29010963439941406,1.1697,0.14999999999997726,8.709539855957011,20.0,0.8
7.799,0.7290000915527344,0.7290000915527344,0.28131866455078125,1.16985,0.14999999999997726,8.711943237304672,20.0,0.8
7.8,0.7290000915527344,0.7290000915527344,0.3076915740966797,1.17,0.15000000000009095,8.69384490966804,20.0,0.8
7.801,0.7293815612792969,0.7293815612792969,0.28131866455078125,1.17015,0.14999999999997726,8.71031384277342,20.0,0.8
7.8020000000000005,0.7297630310058594,0.7297630310058594,0.3252754211425781,1.1703000000000001,0.14999999999997726,8.670519042968735,20.0,0.8
7.803,0.7301445007324219,0.7301445007324219,0.3164844512939453,1.17045,0.15000000000009095,8.672922424316479,20.0,0.8
7.804,0.7305259704589844,0.7305259704589844,0.2549457550048828,1.1706,0.14999999999997726,8.71752398681639,20.0,0.8
7.805000000000001,0.7305259704589844,0.7305259704589844,0.2549457550048828,1.17075,0.14999999999997726,8.720523986816387,20.0,0.8
7.806,0.7309074401855469,0.7309074401855469,0.2637367248535156,1.1709,0.15000000000009095,8.708861816406325,20.0,0.8
7.807,0.7312889099121094,0.7312889099121094,0.2549457550048828,1.17105,0.14999999999986358,8.711265197753796,20.0,0.8
7.808,0.7312889099121094,0.7312889099121094,0.2549457550048828,1.1712,0.15000000000009095,8.714265197753978,20.0,0.8
7.809,0.7316703796386719,0.7316703796386719,0.24615478515625,1.17135,0.14999999999997726,8.716668579101542,20.0,0.8
7.8100000000000005,0.7320518493652344,0.7320518493652344,0.24615478515625,1.1715,0.14999999999997726,8.712039184570294,20.0,0.8
7.811,0.7320518493652344,0.7320518493652344,0.24615478515625,1.1716499999999999,0.15000000000020464,8.715039184570472,20.0,0.8
7.812,0.7324333190917969,0.7324333190917969,0.24615478515625,1.1718,0.14999999999986358,8.710409790038954,20.0,0.8
7.813,0.7328147888183594,0.7328147888183594,0.2637367248535156,1.1719499999999998,0.15000000000009095,8.69171484375007,20.0,0.8
7.814,0.7328147888183594,0.7328147888183594,0.2637367248535156,1.1721,0.15000000000009095,8.694714843750072,20.0,0.8
7.815,0.7331962585449219,0.7331962585449219,0.29010963439941406,1.17225,0.14999999999997726,8.668987121582013,20.0,0.8
7.816,0.7335777282714844,0.7335777282714844,0.28131866455078125,1.1723999999999999,0.14999999999997726,8.671390502929667,20.0,0.8
7.817,0.7335777282714844,0.7335777282714844,0.29010963439941406,1.17255,0.15000000000009095,8.667357727050854,20.0,0.8
7.8180000000000005,0.7339591979980469,0.7339591979980469,0.2989006042480469,1.1727,0.14999999999997726,8.655695556640607,20.0,0.8
7.819,0.7343406677246094,0.7343406677246094,0.2549457550048828,1.17285,0.15000000000009095,8.686230041503977,20.0,0.8
7.82,0.7347221374511719,0.7347221374511719,0.2637367248535156,1.173,0.14999999999997726,8.674567871093732,20.0,0.8
7.821,0.7347221374511719,0.7347221374511719,0.28131866455078125,1.17315,0.15000000000009095,8.663502319336008,20.0,0.8
7.822,0.7351036071777344,0.7351036071777344,0.35164833068847656,1.1733,0.15000000000009095,8.602609191894604,20.0,0.8
7.823,0.7354850769042969,0.7354850769042969,0.33406639099121094,1.17345,0.14999999999986358,8.612045349120987,20.0,0.8
7.824,0.7358665466308594,0.7358665466308594,0.33406639099121094,1.1736,0.15000000000009095,8.607415954589916,20.0,0.8
7.825,0.7362480163574219,0.7362480163574219,0.3164844512939453,1.17375,0.14999999999986358,8.616852111816298,20.0,0.8
7.8260000000000005,0.7366294860839844,0.7366294860839844,0.2989006042480469,1.1739,0.14999999999997726,8.626289794921854,20.0,0.8
7.827,0.7366294860839844,0.7366294860839844,0.27252769470214844,1.17405,0.15000000000009095,8.650388122558669,20.0,0.8
7.828,0.7370109558105469,0.7370109558105469,0.29010963439941406,1.1742,0.14999999999997726,8.631693176269511,20.0,0.8
7.829,0.7373924255371094,0.7373924255371094,0.27252769470214844,1.17435,0.15000000000009095,8.641129333496167,20.0,0.8
7.83,0.7377738952636719,0.7377738952636719,0.28131866455078125,1.1744999999999999,0.14999999999997726,8.629467163085918,20.0,0.8
7.831,0.7377738952636719,0.7377738952636719,0.29010963439941406,1.17465,0.14999999999986358,8.625434387206921,20.0,0.8
7.832,0.7381553649902344,0.7381553649902344,0.28131866455078125,1.1747999999999998,0.14999999999997726,8.627837768554667,20.0,0.8
7.833,0.7385368347167969,0.7385368347167969,0.27252769470214844,1.17495,0.15000000000009095,8.630241149902416,20.0,0.8
7.8340000000000005,0.7385368347167969,0.7385368347167969,0.22857093811035156,1.1751,0.15000000000009095,8.668406555175855,20.0,0.8
7.835,0.7389183044433594,0.7389183044433594,0.24615478515625,1.17525,0.15000000000009095,8.649710083007884,20.0,0.8
7.836,0.7392997741699219,0.7392997741699219,0.2549457550048828,1.1754,0.14999999999997726,8.638047912597637,20.0,0.8
7.837,0.7392997741699219,0.7392997741699219,0.24615478515625,1.1755499999999999,0.15000000000009095,8.648080688476632,20.0,0.8
7.838,0.7396812438964844,0.7396812438964844,0.23736190795898438,1.1757,0.15000000000009095,8.650485595703197,20.0,0.8
7.839,0.7400627136230469,0.7400627136230469,0.22857093811035156,1.17585,0.14999999999997726,8.652888977050765,20.0,0.8
7.84,0.7400627136230469,0.7400627136230469,0.21098899841308594,1.176,0.15000000000020464,8.669954528808757,20.0,0.8
7.841,0.7404441833496094,0.7404441833496094,0.22857093811035156,1.17615,0.14999999999997726,8.651259582519513,20.0,0.8
7.8420000000000005,0.7404441833496094,0.7404441833496094,0.22857093811035156,1.1763000000000001,0.14999999999986358,8.654259582519426,20.0,0.8
7.843,0.7408256530761719,0.7408256530761719,0.23736190795898438,1.17645,0.15000000000009095,8.642597412109447,20.0,0.8
7.844,0.7412071228027344,0.7412071228027344,0.24615478515625,1.1766,0.14999999999986358,8.630933715820206,20.0,0.8
7.845,0.7412071228027344,0.7412071228027344,0.23736190795898438,1.17675,0.14999999999997726,8.640968017578107,20.0,0.8
7.846,0.7415885925292969,0.7415885925292969,0.27252769470214844,1.1769,0.14999999999986358,8.608205993652234,20.0,0.8
7.847,0.7419700622558594,0.7419700622558594,0.2549457550048828,1.17705,0.14999999999986358,8.617642150878796,20.0,0.8
7.848,0.7419700622558594,0.7419700622558594,0.29010963439941406,1.1772,0.15000000000009095,8.592511047363354,20.0,0.8
7.849,0.7423515319824219,0.7423515319824219,0.2637367248535156,1.17735,0.14999999999997726,8.608979980468728,20.0,0.8
7.8500000000000005,0.7427330017089844,0.7427330017089844,0.2637367248535156,1.1775,0.14999999999986358,8.604350585937391,20.0,0.8
7.851,0.7427330017089844,0.7427330017089844,0.23736190795898438,1.1776499999999999,0.14999999999997726,8.628450439453104,20.0,0.8
7.852,0.7431144714355469,0.7431144714355469,0.29010963439941406,1.1778,0.14999999999986358,8.581622863769422,20.0,0.8
7.853,0.7434959411621094,0.7434959411621094,0.3252754211425781,1.1779499999999998,0.15000000000009095,8.54886083984382,20.0,0.8
7.854,0.7438774108886719,0.7438774108886719,0.3252754211425781,1.1781,0.15000000000009095,8.54423144531257,20.0,0.8
7.855,0.7442588806152344,0.7442588806152344,0.3164844512939453,1.17825,0.14999999999997726,8.546634826660139,20.0,0.8
7.856,0.7442588806152344,0.7442588806152344,0.3252754211425781,1.1784,0.15000000000009095,8.542602050781321,20.0,0.8
7.857,0.7446403503417969,0.7446403503417969,0.29010963439941406,1.17855,0.14999999999997726,8.566105285644513,20.0,0.8
7.8580000000000005,0.7450218200683594,0.7450218200683594,0.29010963439941406,1.1787,0.14999999999986358,8.561475891113174,20.0,0.8
7.859,0.7454032897949219,0.7454032897949219,0.27252769470214844,1.17885,0.15000000000009095,8.570912048339915,20.0,0.8
7.86,0.7454032897949219,0.7454032897949219,0.23736190795898438,1.179,0.14999999999986358,8.602044677734268,20.0,0.8
7.861,0.7457847595214844,0.7457847595214844,0.27252769470214844,1.17915,0.14999999999997726,8.569282653808575,20.0,0.8
7.862,0.7461662292480469,0.7461662292480469,0.27252769470214844,1.1793,0.14999999999997726,8.564653259277327,20.0,0.8
7.863,0.7461662292480469,0.7461662292480469,0.2637367248535156,1.17945,0.14999999999997726,8.574686035156233,20.0,0.8
7.864,0.7465476989746094,0.7465476989746094,0.27252769470214844,1.1796,0.15000000000009095,8.563023864746166,20.0,0.8
7.865,0.7469291687011719,0.7469291687011719,0.2637367248535156,1.17975,0.14999999999997726,8.565427246093734,20.0,0.8
7.8660000000000005,0.7469291687011719,0.7469291687011719,0.21977996826171875,1.1799,0.14999999999986358,8.603592651367077,20.0,0.8
7.867,0.7473106384277344,0.7473106384277344,0.22857093811035156,1.18005,0.14999999999997726,8.591930480957014,20.0,0.8
7.868,0.7476921081542969,0.7476921081542969,0.21098899841308594,1.1802,0.14999999999997726,8.601366638183574,20.0,0.8
7.869,0.7476921081542969,0.7476921081542969,0.23736190795898438,1.18035,0.14999999999997726,8.583268310546856,20.0,0.8
7.87,0.7480735778808594,0.7480735778808594,0.21098899841308594,1.1804999999999999,0.14999999999997726,8.599737243652323,20.0,0.8
7.871,0.7480735778808594,0.7480735778808594,0.20219802856445312,1.18065,0.14999999999997726,8.609770019531231,20.0,0.8
7.872,0.7484550476074219,0.7484550476074219,0.1934070587158203,1.1807999999999998,0.15000000000009095,8.612173400878975,20.0,0.8
7.873,0.7484550476074219,0.7484550476074219,0.20219802856445312,1.18095,0.14999999999997726,8.608140624999981,20.0,0.8
7.8740000000000006,0.7488365173339844,0.7488365173339844,0.21098899841308594,1.1811,0.14999999999997726,8.596478454589825,20.0,0.8
7.875,0.7488365173339844,0.7488365173339844,0.21977996826171875,1.18125,0.15000000000009095,8.592445678711009,20.0,0.8
7.876,0.7492179870605469,0.7492179870605469,0.21977996826171875,1.1814,0.14999999999986358,8.587816284179578,20.0,0.8
7.877,0.7495994567871094,0.7495994567871094,0.23736190795898438,1.1815499999999999,0.14999999999997726,8.569121337890603,20.0,0.8
7.878,0.7495994567871094,0.7495994567871094,0.21977996826171875,1.1817,0.14999999999997726,8.58618688964842,20.0,0.8
7.8790000000000004,0.7499809265136719,0.7499809265136719,0.24615478515625,1.18185,0.14999999999997726,8.560457641601545,20.0,0.8
7.88,0.7503623962402344,0.7503623962402344,0.24615478515625,1.182,0.14999999999997726,8.555828247070293,20.0,0.8
7.881,0.7503623962402344,0.7503623962402344,0.2549457550048828,1.18215,0.15000000000009095,8.551795471191479,20.0,0.8
7.882000000000001,0.7507438659667969,0.7507438659667969,0.2549457550048828,1.1823000000000001,0.14999999999986358,8.54716607666005,20.0,0.8
7.883,0.7507438659667969,0.7507438659667969,0.2637367248535156,1.18245,0.15000000000009095,8.543133300781324,20.0,0.8
7.884,0.7511253356933594,0.7511253356933594,0.21977996826171875,1.1826,0.14999999999997726,8.573669311523421,20.0,0.8
7.885,0.7515068054199219,0.7515068054199219,0.2549457550048828,1.18275,0.15000000000009095,8.540907287597728,20.0,0.8
7.886,0.7518882751464844,0.7518882751464844,0.3164844512939453,1.1829,0.14999999999997726,8.487046936035139,20.0,0.8
7.8870000000000005,0.7522697448730469,0.7522697448730469,0.3604393005371094,1.18305,0.14999999999986358,8.447253662109263,20.0,0.8
7.888,0.7522697448730469,0.7522697448730469,0.29010963439941406,1.1832,0.15000000000009095,8.506517395019605,20.0,0.8
7.889,0.7526512145996094,0.7526512145996094,0.2989006042480469,1.18335,0.14999999999997726,8.494855224609354,20.0,0.8
7.890000000000001,0.7530326843261719,0.7530326843261719,0.27252769470214844,1.1835,0.14999999999997726,8.511324157714826,20.0,0.8
7.891,0.7530326843261719,0.7530326843261719,0.2549457550048828,1.1836499999999999,0.15000000000009095,8.528389709472727,20.0,0.8
7.892,0.7534141540527344,0.7534141540527344,0.2549457550048828,1.1838,0.14999999999997726,8.523760314941386,20.0,0.8
7.893,0.7537956237792969,0.7537956237792969,0.24615478515625,1.1839499999999998,0.15000000000009095,8.526163696289132,20.0,0.8
7.894,0.7537956237792969,0.7537956237792969,0.24615478515625,1.1841,0.15000000000009095,8.529163696289134,20.0,0.8
7.8950000000000005,0.7541770935058594,0.7541770935058594,0.23736190795898438,1.18425,0.14999999999986358,8.531568603515517,20.0,0.8
7.896,0.7545585632324219,0.7545585632324219,0.23736190795898438,1.1844,0.14999999999997726,8.526939208984356,20.0,0.8
7.897,0.7545585632324219,0.7545585632324219,0.22857093811035156,1.18455,0.14999999999997726,8.536971984863262,20.0,0.8
7.898000000000001,0.7549400329589844,0.7549400329589844,0.22857093811035156,1.1847,0.14999999999997726,8.532342590332016,20.0,0.8
7.899,0.7549400329589844,0.7549400329589844,0.20219802856445312,1.18485,0.15000000000009095,8.556440917968821,20.0,0.8
7.9,0.7553215026855469,0.7553215026855469,0.1846160888671875,1.185,0.14999999999997726,8.565877075195296,20.0,0.8
7.901,0.7553215026855469,0.7553215026855469,0.15824127197265625,1.18515,0.15000000000009095,8.58997692871101,20.0,0.8
7.902,0.7557029724121094,0.7557029724121094,0.15824127197265625,1.1853,0.14999999999997726,8.585347534179668,20.0,0.8
7.9030000000000005,0.7557029724121094,0.7557029724121094,0.1758251190185547,1.1854500000000001,0.14999999999997726,8.574280456542954,20.0,0.8
7.904,0.7560844421386719,0.7560844421386719,0.1758251190185547,1.1856,0.15000000000009095,8.569651062011792,20.0,0.8
7.905,0.7560844421386719,0.7560844421386719,0.1934070587158203,1.18575,0.14999999999997726,8.55858551025389,20.0,0.8
7.906000000000001,0.7564659118652344,0.7564659118652344,0.16703224182128906,1.1859,0.14999999999997726,8.575055969238264,20.0,0.8
7.907,0.7564659118652344,0.7564659118652344,0.15824127197265625,1.18605,0.15000000000009095,8.585088745117261,20.0,0.8
7.908,0.7564659118652344,0.7564659118652344,0.16703224182128906,1.1862,0.14999999999997726,8.581055969238262,20.0,0.8
7.909,0.7568473815917969,0.7568473815917969,0.14065933227539062,1.18635,0.15000000000009095,8.597524902343823,20.0,0.8
7.91,0.7568473815917969,0.7568473815917969,0.15824127197265625,1.1864999999999999,0.14999999999997726,8.586459350585915,20.0,0.8
7.9110000000000005,0.7572288513183594,0.7572288513183594,0.15824127197265625,1.18665,0.14999999999986358,8.581829956054579,20.0,0.8
7.912,0.7572288513183594,0.7572288513183594,0.15824127197265625,1.1867999999999999,0.14999999999997726,8.584829956054666,20.0,0.8
7.913,0.7572288513183594,0.7572288513183594,0.14945030212402344,1.18695,0.14999999999997726,8.594862731933574,20.0,0.8
7.914000000000001,0.7576103210449219,0.7576103210449219,0.16703224182128906,1.1871,0.14999999999997726,8.576167785644515,20.0,0.8
7.915,0.7576103210449219,0.7576103210449219,0.1758251190185547,1.18725,0.14999999999997726,8.572133483886699,20.0,0.8
7.916,0.7579917907714844,0.7579917907714844,0.15824127197265625,1.1874,0.14999999999997726,8.58157116699217,20.0,0.8
7.917,0.7579917907714844,0.7579917907714844,0.1934070587158203,1.1875499999999999,0.15000000000009095,8.556438537597726,20.0,0.8
7.918,0.7583732604980469,0.7583732604980469,0.1934070587158203,1.1877,0.14999999999997726,8.551809143066388,20.0,0.8
7.9190000000000005,0.7583732604980469,0.7583732604980469,0.21977996826171875,1.18785,0.14999999999997726,8.533710815429671,20.0,0.8
7.92,0.7587547302246094,0.7587547302246094,0.1934070587158203,1.188,0.15000000000009095,8.550179748535227,20.0,0.8
7.921,0.7587547302246094,0.7587547302246094,0.21977996826171875,1.18815,0.15000000000009095,8.532081420898512,20.0,0.8
7.922000000000001,0.7591361999511719,0.7591361999511719,0.1934070587158203,1.1883000000000001,0.14999999999986358,8.5485503540038,20.0,0.8
7.923,0.7591361999511719,0.7591361999511719,0.21977996826171875,1.18845,0.15000000000009095,8.53045202636726,20.0,0.8
7.924,0.7595176696777344,0.7595176696777344,0.1846160888671875,1.1886,0.14999999999986358,8.553953735351456,20.0,0.8
7.925,0.7598991394042969,0.7598991394042969,0.22857093811035156,1.18875,0.15000000000009095,8.514160461425853,20.0,0.8
7.926,0.7598991394042969,0.7598991394042969,0.28131866455078125,1.1889,0.14999999999997726,8.474962280273422,20.0,0.8
7.9270000000000005,0.7602806091308594,0.7602806091308594,0.3076915740966797,1.18905,0.14999999999997726,8.449234558105449,20.0,0.8
7.928,0.7606620788574219,0.7606620788574219,0.27252769470214844,1.1892,0.15000000000020464,8.472736267090008,20.0,0.8
7.929,0.7610435485839844,0.7610435485839844,0.2637367248535156,1.18935,0.14999999999986358,8.47513964843739,20.0,0.8
7.930000000000001,0.7610435485839844,0.7610435485839844,0.24615478515625,1.1895,0.14999999999986358,8.492205200195203,20.0,0.8
7.931,0.7614250183105469,0.7614250183105469,0.22857093811035156,1.1896499999999999,0.14999999999997726,8.501642883300761,20.0,0.8
7.932,0.7614250183105469,0.7614250183105469,0.1934070587158203,1.1898,0.14999999999997726,8.532773986816387,20.0,0.8
7.933,0.7618064880371094,0.7618064880371094,0.23736190795898438,1.1899499999999998,0.14999999999997726,8.492980712890603,20.0,0.8
7.934,0.7618064880371094,0.7618064880371094,0.1934070587158203,1.1901,0.14999999999997726,8.531144592285138,20.0,0.8
7.9350000000000005,0.7621879577636719,0.7621879577636719,0.1758251190185547,1.19025,0.14999999999997726,8.540580749511701,20.0,0.8
7.936,0.7621879577636719,0.7621879577636719,0.1758251190185547,1.1904,0.15000000000009095,8.54358074951179,20.0,0.8
7.937,0.7625694274902344,0.7625694274902344,0.15824127197265625,1.19055,0.14999999999997726,8.553018432617169,20.0,0.8
7.938,0.7625694274902344,0.7625694274902344,0.1758251190185547,1.1906999999999999,0.15000000000009095,8.541951354980538,20.0,0.8
7.939,0.7629508972167969,0.7629508972167969,0.14945030212402344,1.19085,0.14999999999997726,8.558421813964825,20.0,0.8
7.94,0.7629508972167969,0.7629508972167969,0.16703224182128906,1.191,0.14999999999986358,8.547356262206922,20.0,0.8
7.941,0.7629508972167969,0.7629508972167969,0.14945030212402344,1.19115,0.15000000000009095,8.564421813964914,20.0,0.8
7.942,0.7633323669433594,0.7633323669433594,0.1758251190185547,1.1913,0.15000000000009095,8.538692565918042,20.0,0.8
7.9430000000000005,0.7633323669433594,0.7633323669433594,0.1318683624267578,1.1914500000000001,0.14999999999997726,8.57685797119139,20.0,0.8
7.944,0.7633323669433594,0.7633323669433594,0.09670257568359375,1.1916,0.15000000000009095,8.60799060058601,20.0,0.8
7.945,0.7637138366699219,0.7637138366699219,0.10549545288085938,1.19175,0.14999999999986358,8.596326904296767,20.0,0.8
7.946,0.7637138366699219,0.7637138366699219,0.08791160583496094,1.1919,0.15000000000009095,8.613393981933665,20.0,0.8
7.947,0.7637138366699219,0.7637138366699219,0.08791160583496094,1.19205,0.14999999999997726,8.616393981933577,20.0,0.8
7.948,0.7640953063964844,0.7640953063964844,0.123077392578125,1.1922,0.14999999999997726,8.583631958007793,20.0,0.8
7.949,0.7640953063964844,0.7640953063964844,0.09670257568359375,1.19235,0.14999999999997726,8.60773181152342,20.0,0.8
7.95,0.7640953063964844,0.7640953063964844,0.11428642272949219,1.1925,0.14999999999986358,8.596664733886607,20.0,0.8
7.9510000000000005,0.7640953063964844,0.7640953063964844,0.11428642272949219,1.19265,0.14999999999997726,8.5996647338867,20.0,0.8
7.952,0.7644767761230469,0.7644767761230469,0.1318683624267578,1.1927999999999999,0.15000000000009095,8.580969787597727,20.0,0.8
7.953,0.7644767761230469,0.7644767761230469,0.123077392578125,1.19295,0.14999999999997726,8.591002563476543,20.0,0.8
7.954,0.7644767761230469,0.7644767761230469,0.123077392578125,1.1930999999999998,0.15000000000009095,8.594002563476632,20.0,0.8
7.955,0.7648582458496094,0.7648582458496094,0.11428642272949219,1.19325,0.14999999999997726,8.596405944824198,20.0,0.8
7.956,0.7648582458496094,0.7648582458496094,0.123077392578125,1.1934,0.14999999999997726,8.592373168945295,20.0,0.8
7.957,0.7648582458496094,0.7648582458496094,0.11428642272949219,1.1935499999999999,0.15000000000009095,8.60240594482429,20.0,0.8
7.958,0.7652397155761719,0.7652397155761719,0.1318683624267578,1.1937,0.15000000000009095,8.583710998535228,20.0,0.8
7.9590000000000005,0.7652397155761719,0.7652397155761719,0.1318683624267578,1.19385,0.14999999999997726,8.58671099853514,20.0,0.8
7.96,0.7652397155761719,0.7652397155761719,0.14945030212402344,1.194,0.15000000000009095,8.575645446777415,20.0,0.8
7.961,0.7656211853027344,0.7656211853027344,0.14945030212402344,1.19415,0.14999999999986358,8.571016052245986,20.0,0.8
7.962,0.7656211853027344,0.7656211853027344,0.15824127197265625,1.1943,0.14999999999997726,8.566983276367168,20.0,0.8
7.963,0.7660026550292969,0.7660026550292969,0.15824127197265625,1.19445,0.15000000000009095,8.56235388183601,20.0,0.8
7.964,0.7660026550292969,0.7660026550292969,0.14065933227539062,1.1946,0.14999999999986358,8.579419433593644,20.0,0.8
7.965,0.7660026550292969,0.7660026550292969,0.14945030212402344,1.19475,0.15000000000009095,8.575386657714915,20.0,0.8
7.966,0.7663841247558594,0.7663841247558594,0.11428642272949219,1.1949,0.14999999999997726,8.598888366699201,20.0,0.8
7.9670000000000005,0.7663841247558594,0.7663841247558594,0.1318683624267578,1.19505,0.14999999999997726,8.587822814941388,20.0,0.8
7.968,0.7663841247558594,0.7663841247558594,0.11428642272949219,1.1952,0.15000000000009095,8.604888366699292,20.0,0.8
7.969,0.7667655944824219,0.7667655944824219,0.11428642272949219,1.19535,0.14999999999986358,8.600258972167858,20.0,0.8
7.97,0.7667655944824219,0.7667655944824219,0.11428642272949219,1.1955,0.15000000000009095,8.603258972168042,20.0,0.8
7.971,0.7667655944824219,0.7667655944824219,0.10549545288085938,1.1956499999999999,0.14999999999997726,8.613291748046853,20.0,0.8
7.972,0.7667655944824219,0.7667655944824219,0.11428642272949219,1.1958,0.14999999999997726,8.60925897216795,20.0,0.8
7.973,0.7671470642089844,0.7671470642089844,0.14065933227539062,1.1959499999999998,0.15000000000009095,8.58353125000007,20.0,0.8
7.974,0.7671470642089844,0.7671470642089844,0.07032966613769531,1.1961,0.14999999999997726,8.642794982910138,20.0,0.8
7.9750000000000005,0.7671470642089844,0.7671470642089844,0.123077392578125,1.19625,0.14999999999986358,8.603596801757703,20.0,0.8
7.976,0.7675285339355469,0.7675285339355469,0.08791160583496094,1.1964,0.15000000000009095,8.627100036621163,20.0,0.8
7.977,0.7675285339355469,0.7675285339355469,0.07912063598632812,1.19655,0.14999999999986358,8.637132812499893,20.0,0.8
7.978,0.7675285339355469,0.7675285339355469,0.11428642272949219,1.1966999999999999,0.14999999999997726,8.612000183105447,20.0,0.8
7.979,0.7675285339355469,0.7675285339355469,0.07912063598632812,1.19685,0.14999999999997726,8.643132812499982,20.0,0.8
7.98,0.7679100036621094,0.7679100036621094,0.08791160583496094,1.197,0.14999999999986358,8.631470642089736,20.0,0.8
7.981,0.7679100036621094,0.7679100036621094,0.11428642272949219,1.19715,0.15000000000009095,8.61337078857429,20.0,0.8
7.982,0.7679100036621094,0.7679100036621094,0.1318683624267578,1.1973,0.15000000000009095,8.60230523681648,20.0,0.8
7.9830000000000005,0.7682914733886719,0.7682914733886719,0.14945030212402344,1.1974500000000001,0.14999999999986358,8.583610290527236,20.0,0.8
7.984,0.7682914733886719,0.7682914733886719,0.15824127197265625,1.1976,0.14999999999997726,8.579577514648419,20.0,0.8
7.985,0.7682914733886719,0.7682914733886719,0.1934070587158203,1.19775,0.14999999999997726,8.55444488525389,20.0,0.8
7.986,0.7686729431152344,0.7686729431152344,0.1934070587158203,1.1979,0.15000000000009095,8.549815490722727,20.0,0.8
7.987,0.7686729431152344,0.7686729431152344,0.1934070587158203,1.19805,0.14999999999997726,8.55281549072264,20.0,0.8
7.988,0.7690544128417969,0.7690544128417969,0.16703224182128906,1.1982,0.14999999999997726,8.569285949707012,20.0,0.8
7.989,0.7690544128417969,0.7690544128417969,0.15824127197265625,1.19835,0.15000000000009095,8.579318725586011,20.0,0.8
7.99,0.7694358825683594,0.7694358825683594,0.123077392578125,1.1985,0.14999999999986358,8.602820434570202,20.0,0.8
7.9910000000000005,0.7694358825683594,0.7694358825683594,0.14945030212402344,1.19865,0.14999999999997726,8.584722106933574,20.0,0.8
7.992,0.7694358825683594,0.7694358825683594,0.09670257568359375,1.1987999999999999,0.15000000000009095,8.629920288086007,20.0,0.8
7.993,0.7698173522949219,0.7698173522949219,0.11428642272949219,1.19895,0.14999999999986358,8.611223815917858,20.0,0.8
7.994,0.7698173522949219,0.7698173522949219,0.11428642272949219,1.1990999999999998,0.14999999999997726,8.614223815917946,20.0,0.8
7.995,0.7698173522949219,0.7698173522949219,0.09670257568359375,1.19925,0.14999999999997726,8.631290893554668,20.0,0.8
7.996,0.7698173522949219,0.7698173522949219,0.07912063598632812,1.1994,0.14999999999997726,8.648356445312482,20.0,0.8
7.997,0.7701988220214844,0.7701988220214844,0.10549545288085938,1.19955,0.14999999999997726,8.622627197265604,20.0,0.8
7.998,0.7701988220214844,0.7701988220214844,0.0615386962890625,1.1997,0.15000000000009095,8.660792602539136,20.0,0.8
7.9990000000000006,0.7701988220214844,0.7701988220214844,0.07032966613769531,1.19985,0.1500000000000444,8.656759826660194,20.0,0.8
