time_s,qpos,qpos_unshifted,qvel,qact,target_qvel,qtorque_cmd,kp,kd
0.0,0.0,0.0,0.0,0.0,5.026539977407301,5.026539977407301,20.0,1.0
0.001,0.0,0.0,0.0,0.005026539977407302,5.026515172447162,5.127045971995308,20.0,1.0
0.002,0.0,0.0,0.026372909545898438,0.010053030344894322,5.026440757811555,5.201128455163543,20.0,1.0
0.003,0.0,0.0,0.043956756591796875,0.01507942149303041,5.026316734234927,5.283948407503738,20.0,1.0
0.004,0.0,0.0,0.09670257568359375,0.020105663813364174,5.026143102941337,5.3315538035250265,20.0,1.0
0.005,0.0003814697265625,0.0003814697265625,0.1846160888671875,0.025131707698913083,5.025919865644454,5.336308536224278,20.0,1.0
0.006,0.000762939453125,0.000762939453125,0.22857093811035156,0.030157503544653082,5.025647024547544,5.384967368267754,20.0,1.0
0.007,0.000762939453125,0.000762939453125,0.2989006042480469,0.03518300174800817,5.025324582343446,5.414825223993063,20.0,1.0
0.008,0.0011444091796875,0.0011444091796875,0.3252754211425781,0.04020815270933997,5.024952542214521,5.480951991664993,20.0,1.0
0.009000000000000001,0.00152587890625,0.00152587890625,0.3692302703857422,0.04523290683243721,5.024530907832652,5.529441195970654,20.0,1.0
0.01,0.0019073486328125,0.0019073486328125,0.40439605712890625,0.05025721452500527,5.024059683359212,5.586660944074161,20.0,1.0
0.011,0.002288818359375,0.002288818359375,0.3868141174316406,0.055281026199155626,5.023538873444995,5.696568912808967,20.0,1.0
0.012,0.0026702880859375,0.0026702880859375,0.4219779968261719,0.060304292271895266,5.0229684832301835,5.753670570123167,20.0,1.0
0.013000000000000001,0.0030517578125,0.0030517578125,0.4307689666748047,0.06532696316561601,5.022348518344291,5.837083658731807,20.0,1.0
0.014,0.0034332275390625,0.0034332275390625,0.378021240234375,0.07034898930858384,5.021678984906131,5.981972980062183,20.0,1.0
0.015,0.003814697265625,0.003814697265625,0.3252754211425781,0.07537032113542826,5.0209598895237235,6.12679694577721,20.0,1.0
0.016,0.0041961669921875,0.0041961669921875,0.33406639099121094,0.0803909090876313,5.020191239294242,6.210019690211907,20.0,1.0
0.017,0.00457763671875,0.00457763671875,0.3252754211425781,0.08541070361401676,5.0193730418039735,6.310758958566731,20.0,1.0
0.018000000000000002,0.0049591064453125,0.0049591064453125,0.27252769470214844,0.09042965517123926,5.01850530512818,6.455388584944567,20.0,1.0
0.019,0.0049591064453125,0.0049591064453125,0.24615478515625,0.09544771422427312,5.017588037831089,6.581205408254052,20.0,1.0
0.02,0.005340576171875,0.005340576171875,0.21098899841308594,0.1004648312469014,5.016621248965727,6.708117352053169,20.0,1.0
0.021,0.005340576171875,0.005340576171875,0.1934070587158203,0.10548095672220457,5.015604948073921,6.825005500364693,20.0,1.0
0.022,0.0057220458984375,0.0057220458984375,0.1934070587158203,0.11049604114304926,5.014539145186198,6.916611991362613,20.0,1.0
0.023,0.0057220458984375,0.0057220458984375,0.16703224182128906,0.11551003501257695,5.013423850821553,7.042151391283053,20.0,1.0
0.024,0.006103515625,0.006103515625,0.1846160888671875,0.12052288884469237,5.01225907598748,7.116030451514139,20.0,1.0
0.025,0.006103515625,0.006103515625,0.16703224182128906,0.12553455316455192,5.011044832179856,7.232633341149605,20.0,1.0
0.026000000000000002,0.0064849853515625,0.0064849853515625,0.15824127197265625,0.13054497850905208,5.009781131382788,7.332739722559923,20.0,1.0
0.027,0.0064849853515625,0.0064849853515625,0.1758251190185547,0.13555411542731752,5.00846798606851,7.414025468565056,20.0,1.0
0.028,0.006866455078125,0.006866455078125,0.1934070587158203,0.14056191448118907,5.00710540919718,7.487607538542641,20.0,1.0
0.029,0.006866455078125,0.006866455078125,0.23736190795898438,0.1455683262457119,5.005693414216907,7.54236892960966,20.0,1.0
0.03,0.0072479248046875,0.0072479248046875,0.27252769470214844,0.1505733013096229,5.004232015063536,7.598211850460096,20.0,1.0
0.031,0.00762939453125,0.00762939453125,0.3076915740966797,0.15557679027583893,5.0027212261604745,7.653977566955573,20.0,1.0
0.032,0.0080108642578125,0.0080108642578125,0.3076915740966797,0.16057874376194384,5.001161062418561,7.744827078404508,20.0,1.0
0.033,0.008392333984375,0.008392333984375,0.41318702697753906,0.16557911240067605,4.999551539236009,7.73010008058449,20.0,1.0
0.034,0.0087738037109375,0.0087738037109375,0.5186805725097656,0.17057784684041588,4.99789267249821,7.715292962578012,20.0,1.0
0.035,0.0095367431640625,0.0095367431640625,0.5362644195556641,0.17557489774567248,4.996184478577405,7.780683150653941,20.0,1.0
0.036000000000000004,0.009918212890625,0.009918212890625,0.5714282989501953,0.1805702157975707,4.994426974332896,7.836038733521615,20.0,1.0
0.037,0.01068115234375,0.01068115234375,0.5890102386474609,0.1855637516943382,4.992620177110453,7.901261925474756,20.0,1.0
0.038,0.0110626220703125,0.0110626220703125,0.5978031158447266,0.1905554561517916,4.990764104742439,7.982817670527295,20.0,1.0
0.039,0.0118255615234375,0.0118255615234375,0.6417579650878906,0.1955452799038231,4.988858775547612,8.021495178067433,20.0,1.0
0.04,0.01220703125,0.01220703125,0.5626373291015625,0.2005331737028868,4.986904208330756,8.19078972828693,20.0,1.0
0.041,0.012969970703125,0.012969970703125,0.6153850555419922,0.2055190883204846,4.984900422382594,8.220497719187794,20.0,1.0
0.042,0.0133514404296875,0.0133514404296875,0.5890102386474609,0.21050297454765202,4.982847437479776,8.336867881191605,20.0,1.0
0.043000000000000003,0.0141143798828125,0.0141143798828125,0.5890102386474609,0.21548478319544417,4.980745273884452,8.419143101489624,20.0,1.0
0.044,0.0148773193359375,0.0148773193359375,0.6681327819824219,0.2204644650954209,4.978593952344056,8.422204085551302,20.0,1.0
0.045,0.0156402587890625,0.0156402587890625,0.7648353576660156,0.22544197110013228,4.976393494091283,8.407592382646662,20.0,1.0
0.046,0.0164031982421875,0.0164031982421875,0.7912082672119141,0.23041725208360347,4.974143920843744,8.46321673046015,20.0,1.0
0.047,0.0171661376953125,0.0171661376953125,0.8791217803955078,0.2353902589418198,4.97184525480391,8.457205899338547,20.0,1.0
0.048,0.0179290771484375,0.0179290771484375,0.8791217803955078,0.2403609425932113,4.9694975186586134,8.539013047158582,20.0,1.0
0.049,0.019073486328125,0.019073486328125,0.8263740539550781,0.24532925397913702,4.967100735579052,8.665842034644214,20.0,1.0
0.05,0.01983642578125,0.01983642578125,0.8263740539550781,0.2502951440643694,4.964654929220529,8.74745524092784,20.0,1.0
0.051000000000000004,0.020599365234375,0.020599365234375,0.7296695709228516,0.2552585638375781,4.9621601237221995,8.92567452486341,20.0,1.0
0.052000000000000005,0.0213623046875,0.0213623046875,0.7384624481201172,0.2602194643118138,4.959616343706713,8.998297088072873,20.0,1.0
0.053,0.0217437744140625,0.0217437744140625,0.6857147216796875,0.2651777965249915,4.957023614280217,9.13998933481911,20.0,1.0
0.054,0.0225067138671875,0.0225067138671875,0.6681327819824219,0.2701335115403742,4.9543819610318565,9.238785132513168,20.0,1.0
0.055,0.0232696533203125,0.0232696533203125,0.7648353576660156,0.27508656044705526,4.951691410033732,9.223194194902572,20.0,1.0
0.056,0.0240325927734375,0.0240325927734375,0.8791217803955078,0.28003689436044166,4.9489519878404735,9.189916239185049,20.0,1.0
0.057,0.025177001953125,0.025177001953125,0.9230766296386719,0.28498446442273623,4.946163721489057,9.21923634124261,20.0,1.0
0.058,0.02593994140625,0.02593994140625,0.9758243560791016,0.2899292218034198,4.943326638498547,9.247287890362841,20.0,1.0
0.059000000000000004,0.0270843505859375,0.0270843505859375,0.9142856597900391,0.29487111769973334,4.940440766869813,9.38189044935569,20.0,1.0
0.06,0.0278472900390625,0.0278472900390625,0.9142856597900391,0.29981010333715935,4.937506135085215,9.462476741257113,20.0,1.0
0.061,0.0286102294921875,0.0286102294921875,0.8087921142578125,0.3047461299699038,4.934522772108522,9.648448667405036,20.0,1.0
0.062,0.029754638671875,0.029754638671875,0.8439559936523438,0.3096791488813764,4.9314907073841425,9.686024917921827,20.0,1.0
0.063,0.030517578125,0.030517578125,0.8175830841064453,0.3146091113846721,4.928409970837407,9.792657551924403,20.0,1.0
0.064,0.031281471252441406,0.031281471252441406,0.8527469635009766,0.31953596882305124,4.925280592873946,9.837623580785166,20.0,1.0
0.065,0.032425880432128906,0.032425880432128906,1.0989017486572266,0.32445967257042,4.922102604379461,9.663876698488057,20.0,1.0
0.066,0.033570289611816406,0.033570289611816406,1.1692314147949219,0.32938017403181014,4.918876036719354,9.665842310324306,20.0,1.0
0.067,0.034714698791503906,0.034714698791503906,1.2307701110839844,0.33429742464385875,4.915600921738644,9.676485327701757,20.0,1.0
0.068,0.035859107971191406,0.035859107971191406,1.1516475677490234,0.33921137587528744,4.912277291761342,9.827675082094238,20.0,1.0
0.069,0.037003517150878906,0.037003517150878906,1.0549449920654297,0.3441219792273814,4.9089051795903345,9.996329429054954,20.0,1.0
0.07,0.038147926330566406,0.038147926330566406,1.0461540222167969,0.3490291862344681,4.905484618506989,10.076955794368226,20.0,1.0
0.07100000000000001,0.038910865783691406,0.038910865783691406,1.0197811126708984,0.35393294846439544,4.9020156422708965,10.182676183214078,20.0,1.0
0.07200000000000001,0.040436744689941406,0.040436744689941406,1.24835205078125,0.35883321751900993,4.898498285119473,10.018075690919593,20.0,1.0
0.073,0.041581153869628906,0.041581153869628906,1.4769229888916016,0.3637299450346343,4.894932581767534,9.86098541617604,20.0,1.0
0.074,0.043107032775878906,0.043107032775878906,1.4857139587402344,0.36862308268254496,4.891318567407154,9.91592560680024,20.0,1.0
0.075,0.044632911682128906,0.044632911682128906,1.2835159301757812,0.37351258216944866,4.887656277707265,10.181733757277879,20.0,1.0
0.076,0.045777320861816406,0.045777320861816406,1.0989017486572266,0.3783983952379595,4.883945748813147,10.437465487678782,20.0,1.0
0.077,0.046540260314941406,0.046540260314941406,1.1164836883544922,0.38328047366707496,4.880187017346174,10.498507596034353,20.0,1.0
0.078,0.048066139221191406,0.048066139221191406,1.1692314147949219,0.38815876927265186,4.87638012040361,10.509001306637897,20.0,1.0
0.079,0.049592018127441406,0.049592018127441406,1.5296707153320312,0.39303323390788214,4.872525095557904,10.211678695834689,20.0,1.0
0.08,0.051117897033691406,0.051117897033691406,1.7054939270019531,0.3979038194637677,4.868621980856574,10.098846502456146,20.0,1.0
0.081,0.052643775939941406,0.052643775939941406,1.5032958984375,0.4027704778695953,4.864670814821892,10.36390895497747,20.0,1.0
0.082,0.053788185119628906,0.053788185119628906,1.2835159301757812,0.40763316109341147,4.860671636450206,10.654055225750076,20.0,1.0
0.083,0.055314064025878906,0.055314064025878906,1.2571430206298828,0.4124918211424958,4.8566244852118245,10.743036606914279,20.0,1.0
0.084,0.056458473205566406,0.056458473205566406,1.415384292602539,0.4173464100638351,4.852529401050475,10.65490384561331,20.0,1.0
0.085,0.058365821838378906,0.058365821838378906,1.837362289428711,0.4221968799445967,4.8483864243828805,10.287645297078527,20.0,1.0
0.08600000000000001,0.060273170471191406,0.060273170471191406,1.74945068359375,0.4270431829126009,4.844195596098729,10.430145161333169,20.0,1.0
0.08700000000000001,0.061799049377441406,0.061799049377441406,1.4505500793457031,0.4318852711367942,4.839956957559735,10.791131313401088,20.0,1.0
0.088,0.0629434585571289,0.0629434585571289,1.2659339904785156,0.43672309682772026,4.835670550599474,11.045329325532785,20.0,1.0
0.089,0.0640878677368164,0.0640878677368164,1.3186817169189453,0.44155661223799314,4.8313364175233176,11.062029590627906,20.0,1.0
0.09,0.0659952163696289,0.0659952163696289,1.74945068359375,0.4463857696627669,4.826954601106962,10.68531498337597,20.0,1.0
0.091,0.0679025650024414,0.0679025650024414,1.9428577423095703,0.45121052144020707,4.822525144597449,10.545826531043193,20.0,1.0
0.092,0.0694284439086914,0.0694284439086914,1.6791210174560547,0.4560308199519618,4.818048091711802,10.870974595121154,20.0,1.0
0.093,0.0709543228149414,0.0709543228149414,1.4241752624511719,0.46084661762363066,4.813523486636541,11.187194120359154,20.0,1.0
0.094,0.0724802017211914,0.0724802017211914,1.459341049194336,0.4656578669252349,4.808951374027828,11.213163628914362,20.0,1.0
0.095,0.0743875503540039,0.0743875503540039,1.8461532592773438,0.47046452037168635,4.804331799010498,10.879717940086802,20.0,1.0
0.096,0.0762948989868164,0.0762948989868164,2.039560317993164,0.4752665305232559,4.799664807177834,10.73953711991346,20.0,1.0
0.097,0.0782022476196289,0.0782022476196289,1.6703300476074219,0.480063849986042,4.794950444591194,11.161852444312034,20.0,1.0
0.098,0.0793466567993164,0.0793466567993164,1.459341049194336,0.48485643141243834,4.790188757779617,11.44104320084772,20.0,1.0
0.099,0.0808725357055664,0.0808725357055664,1.5296707153320312,0.48964422750160125,4.78537979373877,11.431142914327435,20.0,1.0
0.1,0.0831613540649414,0.0831613540649414,2.039560317993164,0.49442719099991583,4.780523599931257,10.966280020637582,20.0,1.0
0.101,0.0850687026977539,0.0850687026977539,2.083517074584961,0.4992052747014638,4.775620224285888,10.974834589775124,20.0,1.0
0.10200000000000001,0.0869760513305664,0.0869760513305664,1.7318687438964844,0.5039784314484876,4.770669715196902,11.378848573658843,20.0,1.0
0.10300000000000001,0.0885019302368164,0.0885019302368164,1.6879119873046875,0.5087466141318576,4.765672121523863,11.48265381212,20.0,1.0
0.10400000000000001,0.0904092788696289,0.0904092788696289,2.0307693481445312,0.5135097756915353,4.760627492590743,11.19186808088434,20.0,1.0
0.105,0.0926980972290039,0.0926980972290039,2.2769222259521484,0.518267869117039,4.755535878186322,10.990009089994876,20.0,1.0
0.106,0.09460639953613281,0.09460639953613281,1.8813190460205078,0.523020847447908,4.750397328562826,11.437367240777823,20.0,1.0
0.107,0.09651374816894531,0.09651374816894531,1.6439552307128906,0.5277686637741646,4.745211894435329,11.726354975826824,20.0,1.0
0.108,0.09842109680175781,0.09842109680175781,1.8637371063232422,0.5325112712367787,4.739979626982176,11.558046009359352,20.0,1.0
0.109,0.10070991516113281,0.10070991516113281,2.417581558227539,0.537248623028129,4.734700577843739,11.047893176956125,20.0,1.0
0.11,0.10261726379394531,0.10261726379394531,2.074726104736328,0.5419806723924662,4.729374799122127,11.441916866356216,20.0,1.0
0.111,0.10452461242675781,0.10452461242675781,1.7758235931396484,0.5467073726263733,4.724002343380562,11.791833954233223,20.0,1.0
0.112,0.10643196105957031,0.10643196105957031,2.0219783782958984,0.5514286770792273,4.718583263642984,11.596539205740225,20.0,1.0
0.113,0.10910224914550781,0.10910224914550781,2.6109886169433594,0.5561445391536592,4.713117613393592,11.042974796613262,20.0,1.0
0.114,0.11139106750488281,0.11139106750488281,2.1098899841308594,0.5608549123060145,4.70760544657611,11.586992358467885,20.0,1.0
0.115,0.11291694641113281,0.11291694641113281,1.8197803497314453,0.5655597500468115,4.702046817593384,11.935122540575513,20.0,1.0
0.116,0.11520576477050781,0.11520576477050781,2.162637710571289,0.5702590059412013,4.69644178130676,11.63486889414934,20.0,1.0
0.117,0.11787605285644531,0.11787605285644531,2.5934066772460938,0.5749526336094251,4.690790393035911,11.238915330849412,20.0,1.0
0.11800000000000001,0.11978340148925781,0.11978340148925781,2.1450557708740234,0.5796405867272731,4.685092708557704,11.737180642443988,20.0,1.0
0.11900000000000001,0.12207221984863281,0.12207221984863281,2.0131874084472656,0.5843228190265405,4.679348784105798,11.911173359216686,20.0,1.0
0.12,0.12474250793457031,0.12474250793457031,2.6109886169433594,0.5889992842954846,4.67355867637059,11.347705586645517,20.0,1.0
0.121,0.1270313262939453,0.1270313262939453,2.5670337677001953,0.5936699363792817,4.667722442498018,11.433460876504551,20.0,1.0
0.122,0.1293201446533203,0.1293201446533203,2.0131874084472656,0.5983347291804807,4.661840140089339,12.028944422185281,20.0,1.0
0.123,0.1312274932861328,0.1312274932861328,2.1802196502685547,0.6029936166594603,4.655911827200555,11.911014644398549,20.0,1.0
0.124,0.1342792510986328,0.1342792510986328,2.874725341796875,0.6076465528348818,4.649937562341677,11.242558255269781,20.0,1.0
0.125,0.1365680694580078,0.1365680694580078,2.329669952392578,0.6122934917841437,4.643917404476326,11.828755898606467,20.0,1.0
0.126,0.1388568878173828,0.1388568878173828,2.1450557708740234,0.6169343876438345,4.637851413021053,12.054345638676063,20.0,1.0
0.127,0.1415271759033203,0.1415271759033203,2.830768585205078,0.6215691946101858,4.631739647844768,11.401811436776999,20.0,1.0
0.128,0.1441974639892578,0.1441974639892578,2.575824737548828,0.626197866939524,4.6255821692678865,11.689765490724382,20.0,1.0
0.129,0.1461048126220703,0.1461048126220703,2.083517074584961,0.6308203589487216,4.619379038062505,12.230172890010568,20.0,1.0
0.13,0.1487751007080078,0.1487751007080078,2.575824737548828,0.635436625015649,4.613130315451031,11.770536064055026,20.0,1.0
0.131,0.1518268585205078,0.1518268585205078,2.9274730682373047,0.6400466195796236,4.606836063105618,11.443758216050629,20.0,1.0
0.132,0.1537342071533203,0.1537342071533203,2.241758346557617,0.6446502971418603,4.600496343148222,12.177059796361405,20.0,1.0
0.133,0.15640544891357422,0.15640544891357422,2.461538314819336,0.6492476122659201,4.5941112181491235,11.989416170376705,20.0,1.0
0.134,0.15945720672607422,0.15945720672607422,3.1032962799072266,0.6538385195781585,4.5876807511270385,11.372010728261499,20.0,1.0
0.135,0.16174602508544922,0.16174602508544922,2.285715103149414,0.6584229737681742,4.5812050055480995,12.229028876053185,20.0,1.0
0.136,0.16403484344482422,0.16403484344482422,2.2769222259521484,0.6630009295892547,4.574684045325171,12.277083542261632,20.0,1.0
0.137,0.16708660125732422,0.16708660125732422,3.0681324005126953,0.6675723418588245,4.5681179348176215,11.509700346334933,20.0,1.0
0.138,0.16975688934326172,0.16975688934326172,2.584615707397461,0.67213716545889,4.56150673883036,12.024496553745465,20.0,1.0
0.139,0.17204570770263672,0.17204570770263672,2.329669952392578,0.6766953553364853,4.554850522613208,12.3181735228976,20.0,1.0
0.14,0.17509746551513672,0.17509746551513672,3.164834976196289,0.6812468665041164,4.548149351860104,11.506302395443408,20.0,1.0
0.14100000000000001,0.17776775360107422,0.17776775360107422,2.6901092529296875,0.6857916540402055,4.541403292709049,12.011772048561987,20.0,1.0
0.14200000000000002,0.18005657196044922,0.18005657196044922,2.2681312561035156,0.6903296730895345,4.534612411740966,12.471943178219156,20.0,1.0
0.14300000000000002,0.18310832977294922,0.18310832977294922,3.050548553466797,0.6948608788636874,4.527776775979078,11.712279204327045,20.0,1.0
0.14400000000000002,0.18616008758544922,0.18616008758544922,2.9010982513427734,0.6993852266414927,4.520896452888451,11.884300982666547,20.0,1.0
0.145,0.18844890594482422,0.18844890594482422,2.505495071411133,0.7039026717694642,4.513971510374915,12.317551755456583,20.0,1.0
0.146,0.19188213348388672,0.19188213348388672,3.296703338623047,0.7084131696622423,4.507002016784952,11.540919401729017,20.0,1.0
0.147,0.19455242156982422,0.19455242156982422,2.7780227661132812,0.7129166758030341,4.499988040904668,12.089250359455583,20.0,1.0
0.148,0.19722270965576172,0.19722270965576172,2.4791202545166016,0.7174131457440516,4.4929296519590025,12.417618119208198,20.0,1.0
0.149,0.20065593719482422,0.20065593719482422,3.410989761352539,0.7219025351069521,4.485826919611611,11.49976911650163,20.0,1.0
0.15,0.20332622528076172,0.20332622528076172,2.7692298889160156,0.7263847995832748,4.4786799139635605,12.170621511097806,20.0,1.0
0.151,0.20599651336669922,0.20599651336669922,2.839559555053711,0.7308598949348792,4.471488705552872,12.129196781862762,20.0,1.0
0.152,0.20981121063232422,0.20981121063232422,3.5252742767333984,0.7353277769943806,4.464253365353784,11.449310415861513,20.0,1.0
0.153,0.21248149871826172,0.21248149871826172,2.6549453735351562,0.7397884016655869,4.456973964776353,12.3481666501877,20.0,1.0
0.154,0.21553325653076172,0.21553325653076172,3.085714340209961,0.7442417249239334,4.44965057566526,11.938105603318732,20.0,1.0
0.155,0.21858501434326172,0.21858501434326172,3.331867218017578,0.7486877028169174,4.442283270299356,11.712469821754892,20.0,1.0
0.156,0.22163772583007812,0.22163772583007812,2.6901092529296875,0.753126291464532,4.434872121391038,12.374534181150429,20.0,1.0
0.157,0.22507095336914062,0.22507095336914062,3.674724578857422,0.7575574470596994,4.42741720208528,11.402422497039034,20.0,1.0
0.158,0.22812271118164062,0.22812271118164062,2.989011764526367,0.7619811258687026,4.419918585959124,12.108075115173996,20.0,1.0
0.159,0.23079299926757812,0.23079299926757812,2.7340660095214844,0.7663972842316177,4.412376347020938,12.390396036780245,20.0,1.0
0.16,0.23460769653320312,0.23460769653320312,3.7274723052978516,0.7708058785627445,4.404790559709454,11.40128189500243,20.0,1.0
0.161,0.23727798461914062,0.23727798461914062,2.8483524322509766,0.7752068653510367,4.397161298893536,12.307386481280481,20.0,1.0
0.162,0.24071121215820312,0.24071121215820312,3.2175827026367188,0.7796002011605316,4.389488639870933,11.949685717280785,20.0,1.0
0.163,0.24414443969726562,0.24414443969726562,3.507692337036133,0.7839858426307785,4.381772658367481,11.670908380001606,20.0,1.0
0.164,0.24681472778320312,0.24681472778320312,2.619779586791992,0.7883637464772666,4.37401343053682,12.585214217626097,20.0,1.0
0.165,0.2502479553222656,0.2502479553222656,3.6571426391601562,0.7927338694918522,4.36621103295937,11.558786677190945,20.0,1.0
0.166,0.2536811828613281,0.2536811828613281,3.1384620666503906,0.7970961685431853,4.35836554264182,12.088203189628574,20.0,1.0
0.167,0.2567329406738281,0.2567329406738281,3.050548553466797,0.8014506005771358,4.350477037016049,12.194281681615404,20.0,1.0
0.168,0.2601661682128906,0.2601661682128906,3.7186813354492188,0.8057971226172174,4.342545593938155,11.536483346575471,20.0,1.0
0.169,0.2632179260253906,0.2632179260253906,2.7692298889160156,0.8101356917650121,4.334571291688405,12.50369671756482,20.0,1.0
0.17,0.2666511535644531,0.2666511535644531,3.586812973022461,0.8144662652005942,4.326554208969924,11.696043468670284,20.0,1.0
0.171,0.2700843811035156,0.2700843811035156,3.367033004760742,0.818788800182952,4.31849442490801,11.925549801735995,20.0,1.0
0.17200000000000001,0.2731361389160156,0.2731361389160156,3.0945053100585938,0.8231032540504103,4.3103920190498,12.2152290116791,20.0,1.0
0.17300000000000001,0.2769508361816406,0.2769508361816406,3.920879364013672,0.8274095842210516,4.302247071362501,11.390542668137048,20.0,1.0
0.17400000000000002,0.2800025939941406,0.2800025939941406,2.8571434020996094,0.8317077481931353,4.2940596622332805,12.471019344113564,20.0,1.0
0.17500000000000002,0.28381824493408203,0.28381824493408203,3.7714290618896484,0.8359977035455182,4.285829872468867,11.55798998280794,20.0,1.0
0.176,0.28725147247314453,0.28725147247314453,3.384614944458008,0.840279407938073,4.277557783294071,11.953501548134632,20.0,1.0
0.177,0.29030323028564453,0.29030323028564453,3.3582420349121094,0.8445528191121062,4.269243476350766,11.995993217967891,20.0,1.0
0.178,0.29449939727783203,0.29449939727783203,3.9296703338623047,0.8488178948907745,4.260887033697827,11.417586652094371,20.0,1.0
0.179,0.29716968536376953,0.29716968536376953,2.9010982513427734,0.8530745931795018,4.252488537810052,12.469488442781925,20.0,1.0
0.18,0.30136585235595703,0.30136585235595703,4.114286422729492,0.8573228719663947,4.244048071577197,11.248902041056457,20.0,1.0
0.181,0.30479907989501953,0.30479907989501953,3.3054943084716797,0.8615626893226562,4.235565718303292,12.065343598384345,20.0,1.0
0.182,0.30861377716064453,0.30861377716064453,3.885713577270508,0.8657940034030013,4.227041561705789,11.484932509282416,20.0,1.0
0.183,0.31204700469970703,0.31204700469970703,3.5340652465820312,0.8700167724460679,4.218475685914655,11.84380579425984,20.0,1.0
0.184,0.31548023223876953,0.31548023223876953,3.3230762481689453,0.8742309547748306,4.20986817547157,12.061806378023846,20.0,1.0
0.185,0.31929492950439453,0.31929492950439453,4.026372909545898,0.878436508797011,4.201219115328911,11.357677791635341,20.0,1.0
0.186,0.32272815704345703,0.32272815704345703,3.2175827026367188,0.8826333930054884,4.19252859084969,12.173050607453598,20.0,1.0
0.187,0.32692432403564453,0.32692432403564453,4.1846160888671875,0.8868215659787104,4.183796687806193,11.197125437800324,20.0,1.0
0.188,0.32997608184814453,0.32997608184814453,3.1472530364990234,0.8910009863811008,4.175023492378443,12.248268546538545,20.0,1.0
0.189,0.33417224884033203,0.33417224884033203,3.991209030151367,0.8951716129634673,4.166209091154087,11.394987343465424,20.0,1.0
0.19,0.33760547637939453,0.33760547637939453,3.5340652465820312,0.8993334045634089,4.157353571127999,11.857846888226256,20.0,1.0
0.191,0.34142017364501953,0.34142017364501953,3.8593406677246094,0.9034863201057233,4.148457019700743,11.530439281190208,20.0,1.0
0.192,0.34523582458496094,0.34523582458496094,3.75384521484375,0.9076303186028105,4.139519524677382,11.633564190190624,20.0,1.0
0.193,0.34866905212402344,0.34866905212402344,3.384614944458008,0.9117653591550781,4.130541174267478,12.007852370430562,20.0,1.0
0.194,0.35286521911621094,0.35286521911621094,4.158241271972656,0.9158914009513455,4.121522057083837,11.22380442181387,20.0,1.0
0.195,0.35629844665527344,0.35629844665527344,3.4725265502929688,0.9200084032692457,4.112462262141435,11.914134844127911,20.0,1.0
0.196,0.36049461364746094,0.36049461364746094,4.175825119018555,0.9241163254756283,4.103361878856674,11.199970996401467,20.0,1.0
0.197,0.36354637145996094,0.36354637145996094,3.3230762481689453,0.9282151270269591,4.094220997046705,12.064519860217722,20.0,1.0
0.198,0.36774253845214844,0.36774253845214844,4.167032241821289,0.9323047674697218,4.085039706928569,11.209252045458747,20.0,1.0
0.199,0.37155723571777344,0.37155723571777344,3.6395606994628906,0.9363852064408162,4.075818099117612,11.732816814115576,20.0,1.0
0.2,0.37575340270996094,0.37575340270996094,4.175825119018555,0.940456403667957,4.066556264627479,11.184791164768846,20.0,1.0
0.201,0.37918663024902344,0.37918663024902344,3.6043949127197266,0.9445183189700712,4.057254294868926,11.759493156570155,20.0,1.0
0.202,0.38338279724121094,0.38338279724121094,4.0615386962890625,0.9485709122576949,4.047912281648337,11.290135885688953,20.0,1.0
0.203,0.38719749450683594,0.38719749450683594,3.7362632751464844,0.9526141435333679,4.03853031716767,11.610600022551825,20.0,1.0
0.20400000000000001,0.39139366149902344,0.39139366149902344,4.140659332275391,0.9566479728920302,4.029108494023262,11.193535389608007,20.0,1.0
0.20500000000000002,0.39482688903808594,0.39482688903808594,3.7802200317382812,0.9606723605214145,4.019646905204695,11.556336303132984,20.0,1.0
0.20600000000000002,0.39864158630371094,0.39864158630371094,3.8065929412841797,0.9646872667024395,4.010145644093939,11.52446631078433,20.0,1.0
0.20700000000000002,0.40283775329589844,0.40283775329589844,4.114286422729492,0.9686926518096023,4.000604804464615,11.2034163520092,20.0,1.0
0.20800000000000002,0.40665340423583984,0.40665340423583984,3.9032974243164062,0.9726884763113688,3.9910244804809736,11.408428497675146,20.0,1.0
0.209,0.41084957122802734,0.41084957122802734,4.158241271972656,0.9766747007705642,3.981404766696812,11.139666085574893,20.0,1.0
0.21,0.41466426849365234,0.41466426849365234,3.674724578857422,0.9806512858447622,3.9717457580550786,11.616761526219854,20.0,1.0
0.211,0.41924190521240234,0.41924190521240234,4.395605087280273,0.9846181922866744,3.9620475498863925,10.87396820409156,20.0,1.0
0.212,0.42305660247802734,0.42305660247802734,3.8505496978759766,0.988575380944535,3.9523102379076818,11.412136109361859,20.0,1.0
0.213,0.42725276947021484,0.42725276947021484,4.386814117431641,0.9925228127624897,3.94253391822258,10.861120666636435,20.0,1.0
0.214,0.43068599700927734,0.43068599700927734,3.6043949127197266,0.9964604487809802,3.932718687319209,11.64381281003354,20.0,1.0
0.215,0.43526363372802734,0.43526363372802734,4.492307662963867,1.0003882501371282,3.9228646420702944,10.733049307288443,20.0,1.0
0.216,0.43907833099365234,0.43907833099365234,3.7714290618896484,1.0043061780651208,3.9129718797312876,11.446099759271007,20.0,1.0
0.217,0.44365596771240234,0.44365596771240234,4.509889602661133,1.0082141938965907,3.90304049793923,10.684315418961866,20.0,1.0
0.218,0.44708919525146484,0.44708919525146484,3.6395606994628906,1.0121122590609992,3.8930705947130946,11.553971171440892,20.0,1.0
0.219,0.45166683197021484,0.45166683197021484,4.5626373291015625,1.016000335086017,3.883062268452136,10.607095001666615,20.0,1.0
0.22,0.45548152923583984,0.45548152923583984,3.8153839111328125,1.0198783835979035,3.8730156179343,11.34556879404276,20.0,1.0
0.221,0.46044063568115234,0.46044063568115234,4.536264419555664,1.0237463663218855,3.8629307423158252,10.592780935574826,20.0,1.0
0.222,0.46387386322021484,0.46387386322021484,3.709890365600586,1.0276042450825351,3.8528077411303343,11.417525012776153,20.0,1.0
0.223,0.46845149993896484,0.46845149993896484,4.580219268798828,1.031451981804146,3.8426467142877527,10.52243708279255,20.0,1.0
0.224,0.47226715087890625,0.47226715087890625,3.8945045471191406,1.0352895385111107,3.8324477620739117,11.198390967598861,20.0,1.0
0.225,0.47684478759765625,0.47684478759765625,4.5626373291015625,1.039116877328294,3.822210985147649,10.50501545065884,20.0,1.0
0.226,0.48065948486328125,0.48065948486328125,3.75384521484375,1.042933960481406,3.8119364845418886,11.303580782060635,20.0,1.0
0.227,0.48523712158203125,0.48523712158203125,4.580219268798828,1.0467407502973778,3.8016243616622205,10.451477667170323,20.0,1.0
0.228,0.48943328857421875,0.48943328857421875,4.017581939697266,1.0505372092047305,3.791274718284626,10.995771191197594,20.0,1.0
0.229,0.49362945556640625,0.49362945556640625,4.474725723266602,1.0543232997339471,3.780887656556274,10.52003881664049,20.0,1.0
0.23,0.49820709228515625,0.49820709228515625,4.123077392578125,1.058098984517843,3.7704632789932475,10.845223731068858,20.0,1.0
0.231,0.5024032592773438,0.5024032592773438,4.334066390991211,1.0618642262919336,3.7600016884798606,10.615154637780446,20.0,1.0
0.232,0.5065994262695312,0.5065994262695312,4.19340705871582,1.0656189878948028,3.74950298826775,10.736487162057362,20.0,1.0
0.233,0.5107955932617188,0.5107955932617188,4.30769157409668,1.069363232268469,3.738967281974624,10.602628488012948,20.0,1.0
0.234,0.5149917602539062,0.5149917602539062,4.149450302124023,1.073096922458752,3.7283946735841482,10.741047615557042,20.0,1.0
0.23500000000000001,0.5191879272460938,0.5191879272460938,4.351648330688477,1.0768200216156374,3.7177852674436735,10.51877882414607,20.0,1.0
0.23600000000000002,0.5237655639648438,0.5237655639648438,4.465934753417969,1.0805324929936393,3.7071391682630974,10.37654299542104,20.0,1.0
0.23700000000000002,0.5279617309570312,0.5279617309570312,4.1846160888671875,1.0842342999521637,3.6964564811156606,10.637291772151123,20.0,1.0
0.23800000000000002,0.5321588516235352,0.5321588516235352,4.360439300537109,1.0879254059558707,3.685737311435446,10.440629097545049,20.0,1.0
0.23900000000000002,0.5363550186157227,0.5363550186157227,4.24615478515625,1.0916057745750345,3.674981765015559,10.533842099045547,20.0,1.0
0.24,0.5413141250610352,0.5413141250610352,4.6857147216796875,1.0952753694859019,3.6641899480094935,10.05770011482714,20.0,1.0
0.241,0.5451288223266602,0.5451288223266602,3.9472522735595703,1.0989341544710534,3.653361966927946,10.78221633625624,20.0,1.0
0.242,0.5497064590454102,0.5497064590454102,4.6857147216796875,1.1025820934197577,3.642497928638477,10.01429589444574,20.0,1.0
0.243,0.5539026260375977,0.5539026260375977,3.9736270904541016,1.1062191503283303,3.631597940365168,10.70430133572572,20.0,1.0
0.244,0.5588617324829102,0.5588617324829102,4.896703720092773,1.109845289300488,3.62066210968635,9.743629525945133,20.0,1.0
0.245,0.5626764297485352,0.5626764297485352,3.789011001586914,1.113460474547703,3.6096905445340326,10.836360438930477,20.0,1.0
0.246,0.5676355361938477,0.5676355361938477,4.861537933349609,1.1170646703895561,3.598683353193678,9.72572810375824,20.0,1.0
0.247,0.5710687637329102,0.5710687637329102,3.876922607421875,1.1206578412540902,3.5876406443012456,10.70249958730297,20.0,1.0
0.248,0.5764093399047852,0.5764093399047852,5.046154022216797,1.1242399516781587,3.5765625268439862,9.48702074009466,20.0,1.0
0.249,0.5798425674438477,0.5798425674438477,3.7714290618896484,1.1278109663077782,3.565449110158738,10.7533880255477,20.0,1.0
0.25,0.5848016738891602,0.5848016738891602,4.949451446533203,1.131370849898476,3.554300503929994,9.536232577583108,20.0,1.0
0.251,0.5889978408813477,0.5889978408813477,4.087911605834961,1.1349195673156383,3.543116818190242,10.373639741041092,20.0,1.0
0.252,0.5935754776000977,0.5935754776000977,4.703296661376953,1.1384570835348566,3.531898163317919,9.726233620636146,20.0,1.0
0.253,0.5977725982666016,0.5977725982666016,4.079120635986328,1.141983363642274,3.5206446500366155,10.325739321563738,20.0,1.0
0.254,0.6027317047119141,0.6027317047119141,4.641757965087891,1.1454983728349297,3.5093563894140516,9.722931786786475,20.0,1.0
0.255,0.6069278717041016,0.6069278717041016,4.430768966674805,1.1490020764211022,3.4980334928606,9.908748620525808,20.0,1.0
0.256,0.6111240386962891,0.6111240386962891,4.360439300537109,1.1524944398206511,3.4866760721287164,9.953644794078848,20.0,1.0
0.257,0.6157016754150391,0.6157016754150391,4.492307662963867,1.1559754285653596,3.4752842393118044,9.78845163935435,20.0,1.0
0.258,0.6202793121337891,0.6202793121337891,4.1846160888671875,1.1594450082992747,3.4638581068423946,10.06255594128492,20.0,1.0
0.259,0.6248569488525391,0.6248569488525391,4.764835357666016,1.1629031447790446,3.4523977874919183,9.448486348356013,20.0,1.0
0.26,0.6286716461181641,0.6286716461181641,3.9472522735595703,1.1663498038742586,3.440903394369002,10.247214275931322,20.0,1.0
0.261,0.6336307525634766,0.6336307525634766,4.799999237060547,1.1697849515677825,3.4293750409186714,9.352459783944244,20.0,1.0
0.262,0.6374454498291016,0.6374454498291016,3.991209030151367,1.173208553956096,3.4178128409214423,10.141865893309962,20.0,1.0
0.263,0.6427860260009766,0.6427860260009766,5.05494499206543,1.1766205772496254,3.406216908491274,9.027962941398822,20.0,1.0
0.264,0.6466007232666016,0.6466007232666016,3.7626380920410156,1.1800209877730783,3.394587358075114,10.300354556163633,20.0,1.0
0.265,0.6515598297119141,0.6515598297119141,5.028572082519531,1.1834097519657756,3.3829243044521036,8.991350667009803,20.0,1.0
0.266,0.6553745269775391,0.6553745269775391,4.008790969848633,1.1867868363819827,3.371227862732212,9.990683080972453,20.0,1.0
0.267,0.660334587097168,0.660334587097168,4.791208267211914,1.19015220769124,3.359498148354419,9.164642293023947,20.0,1.0
0.268,0.6645307540893555,0.6645307540893555,4.035165786743164,1.1935058326786914,3.3477352770860307,9.892071062129585,20.0,1.0
0.269,0.6691083908081055,0.6691083908081055,4.791208267211914,1.196847678245412,3.335939365022,9.099516846556217,20.0,1.0
0.27,0.673304557800293,0.673304557800293,4.351648330688477,1.2001777114087355,3.3241105285831054,9.50992527006348,20.0,1.0
0.271,0.6782636642456055,0.6782636642456055,4.413187026977539,1.2034958993025784,3.312248884515384,9.403706558677303,20.0,1.0
0.272,0.682459831237793,0.682459831237793,4.404396057128906,1.2068022091777661,3.300354549888425,9.382806051558983,20.0,1.0
0.273,0.6866559982299805,0.6866559982299805,4.395605087280273,1.2100966084023552,3.2884276420944616,9.361634758261683,20.0,1.0
0.274,0.691615104675293,0.691615104675293,4.791208267211914,1.213379064461955,3.2764682788473465,8.920539207368675,20.0,1.0
0.275,0.6958112716674805,0.6958112716674805,4.0,1.2166495449600498,3.2644765781808474,9.681242044032235,20.0,1.0
0.276,0.7003889083862305,0.7003889083862305,4.756044387817383,1.2199080176183168,3.2524526584484192,8.886790455272763,20.0,1.0
0.277,0.704585075378418,0.704585075378418,4.202198028564453,1.2231544502769467,3.2403966383214993,9.40958610772762,20.0,1.0
0.278,0.7095441818237305,0.7095441818237305,4.887912750244141,1.2263888108949599,3.2283086367880287,8.677288467968477,20.0,1.0
0.279,0.7133588790893555,0.7133588790893555,3.9736270904541016,1.2296110675505227,3.2161887731515435,9.567605451920787,20.0,1.0
0.28,0.718317985534668,0.718317985534668,4.817583084106445,1.232821188441263,3.204037167030151,8.676518141055606,20.0,1.0
0.281,0.7225151062011719,0.7225151062011719,4.254945755004883,1.2360191418845832,3.191853938355621,9.206988897018963,20.0,1.0
0.28200000000000003,0.7270927429199219,0.7270927429199219,4.641757965087891,1.2392048963179743,3.1796392073713378,8.780124310244496,20.0,1.0
0.28300000000000003,0.7312889099121094,0.7312889099121094,4.290109634399414,1.2423784202993258,3.1673930946316204,9.099073667976533,20.0,1.0
0.28400000000000003,0.7358665466308594,0.7358665466308594,4.545055389404297,1.2455396825072376,3.155115721000925,8.803523049124191,20.0,1.0
0.28500000000000003,0.7408256530761719,0.7408256530761719,4.826374053955078,1.2486886517413276,3.142807207651799,8.473693126999835,20.0,1.0
0.28600000000000003,0.7450218200683594,0.7450218200683594,4.043956756591797,1.251825296922541,3.130467676064427,9.222580456556262,20.0,1.0
0.28700000000000003,0.7495994567871094,0.7495994567871094,4.773626327514648,1.2549495870934564,3.1180972480246965,8.451473526636988,20.0,1.0
0.28800000000000003,0.7537956237792969,0.7537956237792969,4.087911605834961,1.2580614914185904,3.105696045624086,9.103101792574995,20.0,1.0
0.289,0.7587547302246094,0.7587547302246094,5.072526931762695,1.261160979184704,3.0932641912571626,8.068862238696362,20.0,1.0
0.29,0.7625694274902344,0.7625694274902344,3.832967758178711,1.2642480198011046,3.080801807621583,9.281405895660276,20.0,1.0
0.291,0.7679100036621094,0.7679100036621094,5.028572082519531,1.2673225827999473,3.068309017715933,8.027988517953158,20.0,1.0
0.292,0.7721061706542969,0.7721061706542969,4.202198028564453,1.2703846378365364,3.055785944839158,8.819157259919496,20.0,1.0
0.293,0.7766838073730469,0.7766838073730469,4.782417297363281,1.2734341546896255,3.043232712588633,8.195822361556925,20.0,1.0
0.294,0.7808799743652344,0.7808799743652344,4.219779968261719,1.2764711032617138,3.030649444859705,8.722692054527574,20.0,1.0
0.295,0.7850770950317383,0.7850770950317383,4.580219268798828,1.2794954535793448,3.0180362658444437,8.326184167997745,20.0,1.0
0.296,0.7900362014770508,0.7900362014770508,4.69450569152832,1.2825071757934026,3.0053933000295956,8.160307094828312,20.0,1.0
0.297,0.7942323684692383,0.7942323684692383,4.263736724853516,1.2855062401794042,2.992720672196242,8.554461381546044,20.0,1.0
0.298,0.7988100051879883,0.7988100051879883,4.6857147216796875,1.288492617137795,2.980018507418208,8.087956024734655,20.0,1.0
0.299,0.8030061721801758,0.8030061721801758,4.123077392578125,1.2914662771942405,2.967286931060471,8.61341163876364,20.0,1.0
0.3,0.8079652786254883,0.8079652786254883,4.949451446533203,1.294427190999916,2.9545260687784776,7.734312869733831,20.0,1.0
0.301,0.8117799758911133,0.8117799758911133,3.920879364013672,1.2973753293317976,2.9417360465171214,8.732763751317135,20.0,1.0
0.302,0.8167390823364258,0.8167390823364258,4.852746963500977,1.3003106630929504,2.92891699050881,7.747601642138326,20.0,1.0
0.303,0.8209352493286133,0.8209352493286133,4.035165786743164,1.3032331633128151,2.9160690272721013,8.526861520212975,20.0,1.0
0.304,0.8255128860473633,0.8255128860473633,4.931867599487305,1.3061428011474945,2.903192283611247,7.5839229861265665,20.0,1.0
0.305,0.8297090530395508,0.8297090530395508,3.9472522735595703,1.3090395478800376,2.8902868866146036,8.52964450986477,20.0,1.0
0.306,0.8342866897583008,0.8342866897583008,4.843955993652344,1.3119233749207238,2.877352963653493,7.58613067324961,20.0,1.0
0.307,0.8388643264770508,0.8388643264770508,4.298900604248047,1.3147942538073445,2.8643906423800445,8.084088584737872,20.0,1.0
0.308,0.8430604934692383,0.8430604934692383,4.413187026977539,1.317652156205484,2.8514000507274204,7.930046278474794,20.0,1.0
0.309,0.8476390838623047,0.8476390838623047,4.369230270385742,1.3204970539087995,2.838381316907544,7.926310447451698,20.0,1.0
0.31,0.8518352508544922,0.8518352508544922,4.334066390991211,1.323328918839299,2.825334569409847,7.921141538114771,20.0,1.0
0.311,0.8564128875732422,0.8564128875732422,4.632966995239258,1.326147723047619,2.81225993700059,7.573989651248869,20.0,1.0
0.312,0.8606090545654297,0.8606090545654297,4.114286422729492,1.3289534387133002,2.799157548721155,8.051758808949073,20.0,1.0
0.313,0.8651866912841797,0.8651866912841797,4.650548934936523,1.3317460381450614,2.7860275338869087,7.466665536168019,20.0,1.0
0.314,0.8693828582763672,0.8693828582763672,4.05274772644043,1.334525493781074,2.772870022085499,8.022975005739205,20.0,1.0
0.315,0.8743419647216797,0.8743419647216797,4.861537933349609,1.3372917781892324,2.759685143176398,7.157143479177844,20.0,1.0
0.316,0.8777751922607422,0.8777751922607422,3.8153839111328125,1.3400448640674267,2.7464730272890847,8.176482552289963,20.0,1.0
0.317,0.8827342987060547,0.8827342987060547,4.756044387817383,1.3427847242438107,2.733233804821907,7.178197927759644,20.0,1.0
0.318,0.8869304656982422,0.8869304656982422,4.043956756591797,1.3455113316770706,2.719967606440605,7.847628169425377,20.0,1.0
0.319,0.8915081024169922,0.8915081024169922,4.861537933349609,1.3482246594566918,2.706674563076831,6.9794677705212145,20.0,1.0
0.32,0.8953227996826172,0.8953227996826172,3.8153839111328125,1.3509246808032243,2.6933548059279246,7.990008517207254,20.0,1.0
0.321,0.9002819061279297,0.9002819061279297,4.799999237060547,1.3536113690685476,2.68000846645441,6.946598488206222,20.0,1.0
0.322,0.9044780731201172,0.9044780731201172,4.008790969848633,1.3562846977361331,2.6666356763793146,7.693977198851002,20.0,1.0
0.323,0.9090566635131836,0.9090566635131836,4.738462448120117,1.3589446404213064,2.6532365676869176,6.912533657729256,20.0,1.0
0.324,0.9128713607788086,0.9128713607788086,3.9032974243164062,1.361591170871507,2.639811272620591,7.710910050158152,20.0,1.0
0.325,0.9174489974975586,0.9174489974975586,4.580219268798828,1.3642242629665475,2.626359923682685,6.981645964263635,20.0,1.0
0.326,0.9212636947631836,0.9212636947631836,4.05274772644043,1.3668438907188722,2.6128826536327097,7.471738846306053,20.0,1.0
0.327,0.9262228012084961,0.9262228012084961,4.615385055541992,1.369450028273813,2.5993795954857433,6.848539081250088,20.0,1.0
0.328,0.9300374984741211,0.9300374984741211,4.017581939697266,1.3720426499098437,2.5858508825115223,7.408371971528709,20.0,1.0
0.329,0.9346151351928711,0.9346151351928711,4.4395599365234375,1.374621730038836,2.5722966482330776,6.932868608628937,20.0,1.0
0.33,0.9388113021850586,0.9388113021850586,4.1846160888671875,1.37718724320631,2.5587170264252563,7.141619757983095,20.0,1.0
0.331,0.9430074691772461,0.9430074691772461,4.30769157409668,1.3797391640916865,2.545112151113358,6.972054475305487,20.0,1.0
0.332,0.9468221664428711,0.9468221664428711,3.9296703338623047,1.3822774675085365,2.5314821565719967,7.310917844023001,20.0,1.0
0.333,0.9513998031616211,0.9513998031616211,4.44835090637207,1.3848021284048304,2.517827177323852,6.737522775815968,20.0,1.0
0.334,0.9555959701538086,0.9555959701538086,4.167032241821289,1.3873131218631842,2.504147348137735,6.971458140503959,20.0,1.0
0.335,0.9601736068725586,0.9601736068725586,4.254945755004883,1.389810423101106,2.490442804028362,6.828233373594426,20.0,1.0
0.336,0.9636068344116211,0.9636068344116211,3.9384613037109375,1.392294007471241,2.476713680254079,7.111995837735542,20.0,1.0
0.337,0.9681844711303711,0.9681844711303711,4.342857360839844,1.3947638504616142,2.4629601123156135,6.651690338100632,20.0,1.0
0.338,0.972381591796875,0.972381591796875,4.131868362426758,1.3972199276958723,2.4491822359551634,6.814080591508352,20.0,1.0
0.339,0.9765777587890625,0.9765777587890625,4.210988998413086,1.3996622149335245,2.4353801871548058,6.68608031163096,20.0,1.0
0.34,0.9803924560546875,0.9803924560546875,3.832967758178711,1.402090688070182,2.421554102135133,7.022550984266312,20.0,1.0
0.341,0.9849700927734375,0.9849700927734375,4.30769157409668,1.4045053231377949,2.4077041173541147,6.490717150544583,20.0,1.0
0.342,0.9887847900390625,0.9887847900390625,4.035165786743164,1.40690609630489,2.3938303695055083,6.721090708078895,20.0,1.0
0.343,0.99298095703125,0.99298095703125,4.316484451293945,1.4092929838768058,2.3799329955176063,6.389689081134776,20.0,1.0
0.34400000000000003,0.996795654296875,0.996795654296875,3.665933609008789,1.4116659622959253,2.3660121325519867,6.997484683524204,20.0,1.0
0.34500000000000003,1.001373291015625,1.001373291015625,4.421977996826172,1.4140250081419097,2.3520679180015804,6.183124263701103,20.0,1.0
0.34600000000000003,1.00518798828125,1.00518798828125,3.7714290618896484,1.4163700981319285,2.3381004894904436,6.790313624614365,20.0,1.0
0.34700000000000003,1.0093841552734375,1.0093841552734375,4.351648330688477,1.4187012091208906,2.32410998487137,6.158802731131956,20.0,1.0
0.34800000000000003,1.0131988525390625,1.0131988525390625,3.586812973022461,1.4210183181016713,2.3100965422250965,6.879672880454812,20.0,1.0
0.34900000000000003,1.01739501953125,1.01739501953125,4.509889602661133,1.4233214022053409,2.296060299858709,5.904698350679393,20.0,1.0
0.35000000000000003,1.0208282470703125,1.0208282470703125,3.6571426391601562,1.4256104387013886,2.28200139630394,6.720502589765307,20.0,1.0
0.35100000000000003,1.0254058837890625,1.0254058837890625,4.5010986328125,1.4278854049979488,2.267919970316825,5.816411761682051,20.0,1.0
0.352,1.0292205810546875,1.0292205810546875,3.419780731201172,1.430146278642022,2.2538161608748624,6.852549381420381,20.0,1.0
0.353,1.0334177017211914,1.0334177017211914,4.457143783569336,1.4323930373196987,2.23969010717758,5.76205303557839,20.0,1.0
0.354,1.036850929260254,1.036850929260254,3.5604400634765625,1.4346256588563773,2.2255419486431265,6.620596477089031,20.0,1.0
0.355,1.041428565979004,1.041428565979004,4.483516693115234,1.436844121216985,2.2113718249081558,5.636166236552541,20.0,1.0
0.356,1.0448617935180664,1.0448617935180664,3.4021968841552734,1.4390484025061936,2.1971798758260093,6.6787151714332795,20.0,1.0
0.357,1.0494394302368164,1.0494394302368164,4.342857360839844,1.441238480968637,2.182966241465465,5.676089895262032,20.0,1.0
0.358,1.052872657775879,1.052872657775879,3.709890365600586,1.4434143349891246,2.1687310621094866,6.269674240773815,20.0,1.0
0.359,1.0570688247680664,1.0570688247680664,4.210988998413086,1.4455759430928559,2.1544744782534053,5.7136278463361085,20.0,1.0
0.36,1.060502052307129,1.060502052307129,3.6923084259033203,1.4477232839456313,2.1401966306040094,6.1923128374707375,20.0,1.0
0.361,1.0646982192993164,1.0646982192993164,3.9032974243164062,1.449856336354064,2.1258976600778396,5.925762576856385,20.0,1.0
0.362,1.0685129165649414,1.0685129165649414,3.8945045471191406,1.451975079265787,2.1115777078001656,5.886316414697938,20.0,1.0
0.363,1.0723276138305664,1.0723276138305664,3.8417587280273438,1.4540794917696642,2.0972369151030534,5.890515745857666,20.0,1.0
0.364,1.0761423110961914,1.0761423110961914,3.8593406677246094,1.456169553095993,2.0828754235240012,5.824079595795425,20.0,1.0
0.365,1.0799570083618164,1.0799570083618164,3.6131858825683594,1.4582452426167123,2.068493374805712,6.02107217733527,20.0,1.0
0.366,1.0837717056274414,1.0837717056274414,4.0615386962890625,1.4603065398456045,2.0540909108927963,5.523248898966997,20.0,1.0
0.367,1.0875864028930664,1.0875864028930664,3.578022003173828,1.462353424438498,2.039668173931773,5.956986601666575,20.0,1.0
0.368,1.091782569885254,1.091782569885254,4.228570938110352,1.464385876193468,2.0252253062694763,5.248720494323408,20.0,1.0
0.369,1.0948352813720703,1.0948352813720703,3.1824169158935547,1.4664038750510369,2.0107624504508976,6.259717408136674,20.0,1.0
0.37,1.0994129180908203,1.0994129180908203,4.281318664550781,1.46840740109437,1.9962797492187292,5.094850744738941,20.0,1.0
0.371,1.1024646759033203,1.1024646759033203,3.3406600952148438,1.4703964345494742,1.9817773455113183,5.999752423219553,20.0,1.0
0.372,1.1070423126220703,1.1070423126220703,4.30769157409668,1.4723709557853926,1.9672553824616443,4.96613667163141,20.0,1.0
0.373,1.1100940704345703,1.1100940704345703,3.3230762481689453,1.4743309453143976,1.952714003395613,5.914375252823213,20.0,1.0
0.374,1.1139087677001953,1.1139087677001953,3.8153839111328125,1.4762763837921837,1.9381533518306924,5.370121762537648,20.0,1.0
0.375,1.1177234649658203,1.1177234649658203,3.75384521484375,1.478207252018059,1.9235735714746625,5.3794040976756845,20.0,1.0
0.376,1.1211566925048828,1.1211566925048828,3.586812973022461,1.480123530935133,1.908974806223796,5.50149860180634,20.0,1.0
0.377,1.1253528594970703,1.1253528594970703,3.956043243408203,1.4820252016305067,1.8943572001626308,5.071760799423155,20.0,1.0
0.378,1.1284046173095703,1.1284046173095703,3.085714340209961,1.4839122453354583,1.8797208975606736,5.904159117868472,20.0,1.0
0.379,1.1326007843017578,1.1326007843017578,4.105495452880859,1.4857846434256279,1.8650660428719448,4.823247772468487,20.0,1.0
0.38,1.1356525421142578,1.1356525421142578,3.2263736724853516,1.4876423774212022,1.8503927807346372,5.663815814388173,20.0,1.0
0.381,1.1398487091064453,1.1398487091064453,4.079120635986328,1.4894854289870971,1.8357012559675923,4.7493150175943,20.0,1.0
0.382,1.1429004669189453,1.1429004669189453,3.243955612182617,1.4913137799331375,1.8209916135702997,5.545302261671527,20.0,1.0
0.383,1.1467151641845703,1.1467151641845703,3.490110397338867,1.4931274122142377,1.8062639987208513,5.244398561975332,20.0,1.0
0.384,1.1501483917236328,1.1501483917236328,3.6571426391601562,1.4949263079305792,1.7915185567750314,5.0299342417538035,20.0,1.0
0.385,1.1535816192626953,1.1535816192626953,3.1472530364990234,1.4967104493277879,1.776755433264384,5.492078998067211,20.0,1.0
0.386,1.1573972702026367,1.1573972702026367,4.070329666137695,1.498479818797108,1.7619747738946216,4.513296079646352,20.0,1.0
0.387,1.1604490280151367,1.1604490280151367,3.0153846740722656,1.500234398875577,1.7471767245452838,5.527499467681825,20.0,1.0
0.388,1.1642637252807617,1.1642637252807617,3.7626380920410156,1.5019741722461986,1.7323614312671225,4.723932278534844,20.0,1.0
0.389,1.1676969528198242,1.1676969528198242,3.3406600952148438,1.5036991217381115,1.7175290402810788,5.09691232343198,20.0,1.0
0.39,1.1711301803588867,1.1711301803588867,3.463735580444336,1.5054092303267608,1.702679697976805,4.92452511688995,20.0,1.0
0.391,1.1745634078979492,1.1745634078979492,3.7274723052978516,1.507104481134065,1.6878135509111871,4.611162710335652,20.0,1.0
0.392,1.1776151657104492,1.1776151657104492,2.874725341796875,1.5087848574285831,1.6729307458073208,5.421599238373124,20.0,1.0
0.393,1.1814298629760742,1.1814298629760742,3.8505496978759766,1.5104503426256797,1.6580314295523522,4.387891324668485,20.0,1.0
0.394,1.1844816207885742,1.1844816207885742,3.1120872497558594,1.5121009202876878,1.643115749196454,5.083414489422867,20.0,1.0
0.395,1.1879148483276367,1.1879148483276367,3.4373626708984375,1.5137365741240725,1.6281838519516896,4.707255696981967,20.0,1.0
0.396,1.1917295455932617,1.1917295455932617,3.5252742767333984,1.515357287991591,1.6132358851893969,4.560516456422586,20.0,1.0
0.397,1.1943998336791992,1.1943998336791992,2.786813735961914,1.5169630458944514,1.5982719964400758,5.262722504783206,20.0,1.0
0.398,1.1982145309448242,1.1982145309448242,3.868131637573242,1.5185538319844714,1.583292333391796,4.121946716611497,20.0,1.0
0.399,1.2012662887573242,1.2012662887573242,2.953845977783203,1.5201296305612348,1.5682970438872417,4.991717902182251,20.0,1.0
0.4,1.2046995162963867,1.2046995162963867,3.3934059143066406,1.5216904260722457,1.5532862759238242,4.499698557134363,20.0,1.0
0.401,1.2081327438354492,1.2081327438354492,3.4989013671875,1.5232362031130826,1.5382601776522051,4.341427996017373,20.0,1.0
0.402,1.2108030319213867,1.2108030319213867,2.7252750396728516,1.5247669464275502,1.5232188973735674,5.077222147823985,20.0,1.0
0.403,1.2142362594604492,1.2142362594604492,3.6395606994628906,1.5262826409078298,1.508162583539388,4.10952951302411,20.0,1.0
0.404,1.2172880172729492,1.2172880172729492,2.9802188873291016,1.527783271594629,1.4930913847492775,4.72277758385377,20.0,1.0
0.405,1.2203407287597656,1.2203407287597656,3.1120872497558594,1.5292688236773282,1.4780054497500714,4.544480098345463,20.0,1.0
0.406,1.2241554260253906,1.2241554260253906,3.5692310333251953,1.530739282494129,1.4629049274336694,4.025351023483243,20.0,1.0
0.40700000000000003,1.2268257141113281,1.2268257141113281,2.672527313232422,1.5321946335321956,1.447789966836126,4.882641042021055,20.0,1.0
0.40800000000000003,1.2298774719238281,1.2298774719238281,3.261537551879883,1.5336348624278013,1.432660717136514,4.246270975336095,20.0,1.0
0.40900000000000003,1.2333106994628906,1.2333106994628906,3.2791213989257812,1.5350599549664687,1.4175173276538544,4.1733810387996355,20.0,1.0
0.41000000000000003,1.2359809875488281,1.2359809875488281,2.8131866455078125,1.536469897083109,1.4023599478472306,4.5989514930250355,20.0,1.0
0.41100000000000003,1.2397956848144531,1.2397956848144531,3.5692310333251953,1.5378646748621632,1.3871887273141965,3.779337494943202,20.0,1.0
0.41200000000000003,1.2424659729003906,1.2424659729003906,2.7164840698242188,1.5392442745377375,1.3720038157886165,4.591085778711335,20.0,1.0
0.41300000000000003,1.2451362609863281,1.2451362609863281,2.8131866455078125,1.5406086824937404,1.356805363139074,4.453067147779507,20.0,1.0
0.41400000000000003,1.2485694885253906,1.2485694885253906,3.419780731201172,1.5419578852640157,1.3415935193684163,3.7895807229397453,20.0,1.0
0.41500000000000004,1.2512397766113281,1.2512397766113281,2.6549453735351562,1.543291869532477,1.3263684346113678,4.512464919499191,20.0,1.0
0.41600000000000004,1.2542915344238281,1.2542915344238281,3.085714340209961,1.5446106221332383,1.3111302591333924,4.031797673111635,20.0,1.0
0.417,1.2577247619628906,1.2577247619628906,3.2175827026367188,1.5459141300507435,1.2958791433288752,3.8420838024492143,20.0,1.0
0.418,1.2600135803222656,1.2600135803222656,2.4703292846679688,1.547202380419896,1.2806152377205535,4.554061955005192,20.0,1.0
0.419,1.2630653381347656,1.2630653381347656,3.050548553466797,1.5484753605261847,1.2653386929569024,3.9229905873184876,20.0,1.0
0.42,1.2661170959472656,1.2661170959472656,3.0329666137695312,1.5497330578058097,1.2500496598111113,3.889402283212462,20.0,1.0
0.421,1.2687873840332031,1.2687873840332031,2.452747344970703,1.550975459845807,1.2347482891798336,4.425762460461208,20.0,1.0
0.422,1.2718391418457031,1.2718391418457031,3.331867218017578,1.5522025543841693,1.2194347320813677,3.4948357648331134,20.0,1.0
0.423,1.2748908996582031,1.2748908996582031,2.883516311645508,1.5534143293099696,1.2041091396545198,3.8910614210443413,20.0,1.0
0.424,1.2767982482910156,1.2767982482910156,2.2769222259521484,1.5546107726634784,1.1887716631564444,4.468099924653551,20.0,1.0
0.425,1.2802314758300781,1.2802314758300781,3.076923370361328,1.5557918726362825,1.1734224539620755,3.6077070197248347,20.0,1.0
0.426,1.282902717590332,1.282902717590332,2.8483524322509766,1.5569576175714026,1.1580616635618526,3.7908072309322876,20.0,1.0
0.427,1.285191535949707,1.285191535949707,2.294506072998047,1.5581079959634063,1.1426894435604709,4.30651257083641,20.0,1.0
0.428,1.288243293762207,1.288243293762207,3.085714340209961,1.5592429964585235,1.12730594567563,3.4615856593919982,20.0,1.0
0.429,1.291295051574707,1.291295051574707,2.865934371948242,1.5603626078547574,1.1119113217361019,3.627328075388868,20.0,1.0
0.43,1.293583869934082,1.293583869934082,2.127471923828125,1.5614668191019958,1.096505723681048,4.3266927832111985,20.0,1.0
0.431,1.295872688293457,1.295872688293457,2.6461544036865234,1.5625556193021195,1.0810893035569507,3.7685935200436766,20.0,1.0
0.432,1.2993059158325195,1.2993059158325195,2.989011764526367,1.5636289977091096,1.0656622135177258,3.3631120865231594,20.0,1.0
0.433,1.301213264465332,1.301213264465332,2.3120880126953125,1.564686943729155,1.0502246058229048,4.007610178404053,20.0,1.0
0.434,1.3038835525512695,1.3038835525512695,2.5230770111083984,1.5657294469207554,1.0347766328351327,3.7486175091164524,20.0,1.0
0.435,1.3069353103637695,1.3069353103637695,2.953845977783203,1.5667564969948253,1.0193184470198275,3.2618962018577404,20.0,1.0
0.436,1.3092241287231445,1.3092241287231445,2.285715103149414,1.5677680838147952,1.0038502009430204,3.8890141996266188,20.0,1.0
0.437,1.311131477355957,1.311131477355957,2.083517074584961,1.5687641973967112,0.9883720472697632,4.057509373499887,20.0,1.0
0.438,1.314183235168457,1.314183235168457,2.8923072814941406,1.5697448279093347,0.9728841387634475,3.1918087120868597,20.0,1.0
0.439,1.316472053527832,1.316472053527832,2.5582408905029297,1.5707099656742383,0.9573866282836434,3.4839039807088383,20.0,1.0
0.44,1.318760871887207,1.318760871887207,2.039560317993164,1.5716596011659019,0.9418796687842814,3.960293936365014,20.0,1.0
0.441,1.321049690246582,1.321049690246582,2.5582408905029297,1.5725937250118067,0.9263634133128562,3.3990032181144203,20.0,1.0
0.442,1.324101448059082,1.324101448059082,2.7692298889160156,1.5735123279925276,0.9108380150083804,3.129825724761276,20.0,1.0
0.443,1.3260087966918945,1.3260087966918945,2.074726104736328,1.5744154010418236,0.8953036271005885,3.7887096093628427,20.0,1.0
0.444,1.327916145324707,1.327916145324707,1.9868125915527344,1.5753029352467287,0.8797604029074364,3.8406836097951356,20.0,1.0
0.445,1.3305864334106445,1.3305864334106445,2.7164840698242188,1.5761749218476384,0.8642084958340774,3.0594941947497363,20.0,1.0
0.446,1.333256721496582,1.333256721496582,2.417581558227539,1.577031352238397,0.8486480593718397,3.3065591159805994,20.0,1.0
0.447,1.3351640701293945,1.3351640701293945,1.916482925415039,1.5778722179663822,0.8330792470959523,3.770759278420667,20.0,1.0
0.448,1.3374528884887695,1.3374528884887695,2.294506072998047,1.578697510732589,0.8175022126642943,3.347888584542635,20.0,1.0
0.449,1.340123176574707,1.340123176574707,2.6813182830810547,1.5795072223917108,0.801917109815804,2.908279743074825,20.0,1.0
0.45,1.3420305252075195,1.3420305252075195,2.0571422576904297,1.5803013449522205,0.7863240923692274,3.4945982295728175,20.0,1.0
0.451,1.3439388275146484,1.3439388275146484,1.7582416534423828,1.581079870576449,0.7707233142210725,3.755302522014702,20.0,1.0
0.452,1.3462276458740234,1.3462276458740234,2.3120880126953125,1.5818427915806625,0.7551149293449271,3.1553298307823967,20.0,1.0
0.453,1.348897933959961,1.348897933959961,2.540658950805664,1.582590100435139,0.739499091789412,2.87268347048731,20.0,1.0
0.454,1.3508052825927734,1.3508052825927734,2.0307693481445312,1.5833217897642415,0.7238759556765899,3.3434367509614207,20.0,1.0
0.455,1.352712631225586,1.352712631225586,1.8021984100341797,1.5840378523464922,0.7082456752002599,3.5325516875842053,20.0,1.0
0.456,1.355001449584961,1.355001449584961,2.364835739135742,1.584738281114642,0.6926084046249343,2.922509296082813,20.0,1.0
0.457,1.357290267944336,1.357290267944336,2.329669952392578,1.585423069155742,0.6769642982843607,2.9099503701199048,20.0,1.0
0.458,1.3591976165771484,1.3591976165771484,1.8109893798828125,1.5860922097112107,0.661313510579248,3.3882159933776803,20.0,1.0
0.459,1.3607234954833984,1.3607234954833984,1.6175823211669922,1.5867456961769006,0.6456561959770397,3.5485178886800917,20.0,1.0
0.46,1.3630123138427734,1.3630123138427734,2.083517074584961,1.5873835221031647,0.6299925090087299,3.033899599631594,20.0,1.0
0.461,1.364919662475586,1.364919662475586,2.3032970428466797,1.5880056811949181,0.6143226042686365,2.772745935808601,20.0,1.0
0.462,1.3668270111083984,1.3668270111083984,1.9076919555664062,1.588612167311702,0.5986466364125818,3.126657804912246,20.0,1.0
0.463,1.368734359741211,1.368734359741211,1.626373291015625,1.5892029744677432,0.5829647601557326,3.3659637636707522,20.0,1.0
0.464,1.370260238647461,1.370260238647461,1.872528076171875,1.5897780968320134,0.5672771302722595,3.0851062177914343,20.0,1.0
0.465,1.372549057006836,1.372549057006836,2.2153854370117188,1.5903375287282877,0.5515839015924939,2.6919678990098106,20.0,1.0
0.466,1.3744564056396484,1.3744564056396484,1.9340667724609375,1.5908812646351984,0.5358852290020195,2.9303156364520815,20.0,1.0
0.467,1.376363754272461,1.376363754272461,1.5560436248779297,1.5914092991862918,0.5201812674409894,3.265048540839677,20.0,1.0
0.468,1.3775081634521484,1.3775081634521484,1.4945049285888672,1.5919216271700805,0.5044721719008294,3.2982365176706026,20.0,1.0
0.46900000000000003,1.379415512084961,1.379415512084961,1.9252738952636719,1.5924182435300933,0.4887580974237835,2.823538831062759,20.0,1.0
0.47000000000000003,1.381704330444336,1.381704330444336,2.0307693481445312,1.592899143364928,0.4730391991018905,2.6661661093692004,20.0,1.0
0.47100000000000003,1.383230209350586,1.383230209350586,1.74945068359375,1.5933643219282971,0.45731563207402814,2.910547200034502,20.0,1.0
0.47200000000000003,1.384756088256836,1.384756088256836,1.5032958984375,1.5938137746290761,0.4415875515253447,3.1194453805326487,20.0,1.0
0.47300000000000003,1.386281967163086,1.386281967163086,1.538461685180664,1.5942474970313478,0.4258551126858947,3.0467040248704684,20.0,1.0
0.47400000000000003,1.3881893157958984,1.3881893157958984,1.9340667724609375,1.594665484854448,0.4101184708284791,2.6055750795385313,20.0,1.0
0.47500000000000003,1.390096664428711,1.390096664428711,1.8197803497314453,1.5950677339730048,0.3943777812672806,2.674018822421713,20.0,1.0
0.47600000000000003,1.391622543334961,1.391622543334961,1.5296707153320312,1.5954542404169825,0.37863319935661366,2.925596425665013,20.0,1.0
0.47700000000000004,1.393148422241211,1.393148422241211,1.3450546264648438,1.595825000371718,0.36288488048899126,3.0713618166342895,20.0,1.0
0.47800000000000004,1.3942928314208984,1.3942928314208984,1.2835159301757812,1.5961800101779604,0.3471329800942158,3.101360625059674,20.0,1.0
0.47900000000000004,1.3958187103271484,1.3958187103271484,1.582418441772461,1.5965192663319066,0.3313776536372188,2.76297033195992,20.0,1.0
0.48,1.397726058959961,1.397726058959961,1.7846145629882812,1.5968427654852346,0.31561905661612855,2.513338624133321,20.0,1.0
0.481,1.399251937866211,1.399251937866211,1.6000003814697266,1.597150504445139,0.2998573445627244,2.6578282946715603,20.0,1.0
0.482,1.400777816772461,1.400777816772461,1.3890113830566406,1.59744248017436,0.2840926730383444,2.8283745580196866,20.0,1.0
0.483,1.4019222259521484,1.4019222259521484,1.2659339904785156,1.5977186897912157,0.26832519763399887,2.918320483936828,20.0,1.0
0.484,1.4034481048583984,1.4034481048583984,1.371429443359375,1.597979130569628,0.2525550739682103,2.7717461448334273,20.0,1.0
0.485,1.4049739837646484,1.4049739837646484,1.6000003814697266,1.5982237999391522,0.2367824576857629,2.5017783997061116,20.0,1.0
0.486,1.4065008163452148,1.4065008163452148,1.5648345947265625,1.5984526954849996,0.22100750445599715,2.4952104925251293,20.0,1.0
0.487,1.4080266952514648,1.4080266952514648,1.4241752624511719,1.5986658149480641,0.2052303699716731,2.5938375014524873,20.0,1.0
0.488,1.4091711044311523,1.4091711044311523,1.1868133544921875,1.598863156224943,0.18945120994635545,2.796478891329979,20.0,1.0
0.489,1.4103155136108398,1.4103155136108398,1.0813179016113281,1.5990447173679567,0.17367018011373148,2.866936353644741,20.0,1.0
0.49,1.4114599227905273,1.4114599227905273,1.160440444946289,1.5992104965851706,0.15788743622681523,2.7524584671733905,20.0,1.0
0.491,1.4126043319702148,1.4126043319702148,1.336263656616211,1.5993604922404105,0.14210313405476427,2.5409626828424674,20.0,1.0
0.492,1.4141302108764648,1.4141302108764648,1.415384292602539,1.59949470285328,0.12631742938197021,2.418222976315734,20.0,1.0
0.493,1.4152746200561523,1.4152746200561523,1.2835159301757812,1.5996131270991745,0.1105304780072629,2.513784688691924,20.0,1.0
0.494,1.4164190292358398,1.4164190292358398,1.160440444946289,1.5997157638092945,0.0947424357412956,2.600236682264099,20.0,1.0
0.495,1.4175634384155273,1.4175634384155273,1.0637359619140625,1.599802611970657,0.0789534584056355,2.660000967594166,20.0,1.0
0.496,1.4183263778686523,1.4183263778686523,0.9582424163818359,1.5998736707261059,0.06316370183151321,2.7358671425987477,20.0,1.0
0.497,1.4194707870483398,1.4194707870483398,1.0197811126708984,1.59992893937432,0.047373321856866824,2.6367552557055696,20.0,1.0
0.498,1.4206151962280273,1.4206151962280273,1.1516475677490234,1.5999684173698194,0.031582474326569354,2.4669993294133876,20.0,1.0
0.499,1.4217596054077148,1.4217596054077148,1.24835205078125,1.5999921043229732,0.015791315090268654,2.3320892426141864,20.0,1.0
0.5,1.4229040145874023,1.4229040145874023,1.125274658203125,1.6,0.0,2.41664505004883,20.0,1.0
0.501,1.4240484237670898,1.4240484237670898,1.037363052368164,1.5999921043229732,-0.015791315090268654,2.465719243659235,20.0,1.0
0.502,1.4248113632202148,1.4248113632202148,0.8879127502441406,1.5999684173698194,-0.031582474326569354,2.5836458584213817,20.0,1.0
0.503,1.4259557723999023,1.4259557723999023,0.8791217803955078,1.59992893937432,-0.047373321856866824,2.5529682372359765,20.0,1.0
0.504,1.4267187118530273,1.4267187118530273,0.7912082672119141,1.5998736707261059,-0.06316370183151321,2.608727208418143,20.0,1.0
0.505,1.4274816513061523,1.4274816513061523,0.8175830841064453,1.599802611970657,-0.0789534584056355,2.549882670778012,20.0,1.0
0.506,1.4282445907592773,1.4282445907592773,0.9230766296386719,1.5997157638092945,-0.0947424357412956,2.411604395620375,20.0,1.0
0.507,1.4293889999389648,1.4293889999389648,0.9230766296386719,1.5996131270991745,-0.1105304780072629,2.3708754355582577,20.0,1.0
0.508,1.4301519393920898,1.4301519393920898,0.9670333862304688,1.59949470285328,-0.12631742938197021,2.293504453611364,20.0,1.0
0.509,1.4312963485717773,1.4312963485717773,0.8263740539550781,1.5993604922404105,-0.14210313405476427,2.3928056853628217,20.0,1.0
0.51,1.4320592880249023,1.4320592880249023,0.7648353576660156,1.5992104965851706,-0.15788743622681523,2.4203013773125335,20.0,1.0
0.511,1.4324407577514648,1.4324407577514648,0.7296695709228516,1.5990447173679567,-0.17367018011373148,2.4287394412932546,20.0,1.0
0.512,1.4332036972045898,1.4332036972045898,0.5890102386474609,1.598863156224943,-0.18945120994635545,2.534727731813245,20.0,1.0
0.513,1.4339666366577148,1.4339666366577148,0.6153850555419922,1.5986658149480641,-0.2052303699716731,2.4733681402933207,20.0,1.0
0.514,1.4343481063842773,1.4343481063842773,0.5626373291015625,1.5984526954849996,-0.22100750445599715,2.498446948456885,20.0,1.0
0.515,1.4351110458374023,1.4351110458374023,0.5450553894042969,1.5982237999391522,-0.2367824576857629,2.4804172349449374,20.0,1.0
0.516,1.4354925155639648,1.4354925155639648,0.5626373291015625,1.597979130569628,-0.2525550739682103,2.434539897043491,20.0,1.0
0.517,1.4362554550170898,1.4362554550170898,0.6153850555419922,1.5977186897912157,-0.26832519763399887,2.3455544423065255,20.0,1.0
0.518,1.4366369247436523,1.4366369247436523,0.6945056915283203,1.59744248017436,-0.2840926730383444,2.23751274404749,20.0,1.0
0.519,1.4373998641967773,1.4373998641967773,0.624176025390625,1.597150504445139,-0.2998573445627244,2.270979435013885,20.0,1.0
0.52,1.4381628036499023,1.4381628036499023,0.6945056915283203,1.5968427654852346,-0.31561905661624223,2.163474488562083,20.0,1.0
0.521,1.4385442733764648,1.4385442733764648,0.6065940856933594,1.5965192663319066,-0.33137765363710514,2.2215281197783696,20.0,1.0
0.522,1.4393072128295898,1.4393072128295898,0.5098896026611328,1.5961800101779604,-0.3471329800942158,2.2804333642120627,20.0,1.0
0.523,1.4396886825561523,1.4396886825561523,0.47472572326660156,1.595825000371718,-0.36288488048899126,2.285115752555721,20.0,1.0
0.524,1.4400701522827148,1.4400701522827148,0.4219779968261719,1.5954542404169825,-0.37863319935661366,2.307070566502567,20.0,1.0
0.525,1.4404516220092773,1.4404516220092773,0.3692302703857422,1.5950677339730048,-0.3943777812672806,2.328714187621527,20.0,1.0
0.526,1.4408330917358398,1.4408330917358398,0.35164833068847656,1.594665484854448,-0.4101184708284791,2.314881060855206,20.0,1.0
0.527,1.4412145614624023,1.4412145614624023,0.2989006042480469,1.5942474970313478,-0.4258551126858947,2.335902994444968,20.0,1.0
0.528,1.4415960311889648,1.4415960311889648,0.23736190795898438,1.5938137746290761,-0.4415875515253447,2.365405409317897,20.0,1.0
0.529,1.4415960311889648,1.4415960311889648,0.23736190795898438,1.5933643219282971,-0.45731563207402814,2.3406882747536333,20.0,1.0
0.53,1.4419775009155273,1.4419775009155273,0.23736190795898438,1.592899143364928,-0.4730391991018905,2.308031741927138,20.0,1.0
0.531,1.4419775009155273,1.4419775009155273,0.21098899841308594,1.5924182435300933,-0.4887580974237835,2.30906775645445,20.0,1.0
0.532,1.4423589706420898,1.4423589706420898,0.20219802856445312,1.5919216271700805,-0.5044721719008294,2.2845829300945297,20.0,1.0
0.533,1.4423589706420898,1.4423589706420898,0.15824127197265625,1.5914092991862918,-0.5201812674409894,2.302584031470394,20.0,1.0
0.534,1.4427404403686523,1.4427404403686523,0.15824127197265625,1.5908812646351984,-0.5358852290020195,2.2686899843562456,20.0,1.0
0.535,1.4427404403686523,1.4427404403686523,0.1318683624267578,1.5903375287282877,-0.5515839015924939,2.2684895031734555,20.0,1.0
0.536,1.4427404403686523,1.4427404403686523,0.10549545288085938,1.5897780968320134,-0.5672771302722595,2.267980546114103,20.0,1.0
0.537,1.4431219100952148,1.4431219100952148,0.08791160583496094,1.5892029744677432,-0.5829647601557326,2.250744921459873,20.0,1.0
0.538,1.4431219100952148,1.4431219100952148,0.08791160583496094,1.588612167311702,-0.5986466364125818,2.2232469020821997,20.0,1.0
0.539,1.4431219100952148,1.4431219100952148,0.05274772644042969,1.5880056811949181,-0.6143226042687502,2.230605091284886,20.0,1.0
0.54,1.4431219100952148,1.4431219100952148,0.03516578674316406,1.5873835221031645,-0.6299925090087299,2.2200739444070985,20.0,1.0
0.541,1.4431219100952148,1.4431219100952148,0.017581939697265625,1.5867456961769006,-0.645656195976926,2.2092375859595244,20.0,1.0
0.542,1.4431219100952148,1.4431219100952148,-0.008790969848632812,1.5860922097112107,-0.661313510579248,2.2068834515893014,20.0,1.0
0.543,1.4431219100952148,1.4431219100952148,-0.026372909545898438,1.585423069155742,-0.6769642982843607,2.195431792472082,20.0,1.0
0.544,1.4431219100952148,1.4431219100952148,-0.03516578674316406,1.584738281114642,-0.6926084046249343,2.1748848025067726,20.0,1.0
0.545,1.4431219100952148,1.4431219100952148,-0.0615386962890625,1.5840378523464922,-0.7082456752002599,2.1716118661143495,20.0,1.0
0.546,1.4427404403686523,1.4427404403686523,-0.07912063598632812,1.5833217897642415,-0.7238759556765899,2.166871668221522,20.0,1.0
0.547,1.4427404403686523,1.4427404403686523,-0.08791160583496094,1.582590100435139,-0.7394990917895257,2.145405715375169,20.0,1.0
0.548,1.4427404403686523,1.4427404403686523,-0.10549545288085938,1.5818427915806623,-0.7551149293450408,2.132427547776018,20.0,1.0
0.549,1.4427404403686523,1.4427404403686523,-0.123077392578125,1.5810798705764488,-0.7707233142210725,2.119142682512982,20.0,1.0
0.55,1.4423589706420898,1.4423589706420898,-0.15824127197265625,1.5803013449522203,-0.7863240923691137,2.1307646658061516,20.0,1.0
0.551,1.4423589706420898,1.4423589706420898,-0.1758251190185547,1.5795072223917108,-0.8019171098156903,2.116873044195284,20.0,1.0
0.552,1.4419775009155273,1.4419775009155273,-0.20219802856445312,1.578697510732589,-0.8175022126642943,2.11909601224139,20.0,1.0
0.553,1.4419775009155273,1.4419775009155273,-0.22857093811035156,1.5778722179663822,-0.8330792470959523,2.1133860320314968,20.0,1.0
0.554,1.4415960311889648,1.4415960311889648,-0.23736190795898438,1.577031352238397,-0.8486480593719534,2.0974202695756734,20.0,1.0
0.555,1.4412145614624023,1.4412145614624023,-0.23736190795898438,1.5761749218476382,-0.8642084958340774,2.072360619829624,20.0,1.0
0.556,1.4412145614624023,1.4412145614624023,-0.2549457550048828,1.5753029352467287,-0.8797604029073227,2.0569528277840874,20.0,1.0
0.557,1.4408330917358398,1.4408330917358398,-0.3252754211425781,1.5744154010418236,-0.8953036271007022,2.101617980161552,20.0,1.0
0.558,1.4404516220092773,1.4404516220092773,-0.3692302703857422,1.5735123279925274,-0.9108380150083804,2.1196063750423626,20.0,1.0
0.559,1.4400701522827148,1.4400701522827148,-0.40439605712890625,1.5725937250118067,-0.9263634133127425,2.1285040983980013,20.0,1.0
0.56,1.4396886825561523,1.4396886825561523,-0.4395599365234375,1.5716596011659019,-0.9418796687842814,2.1370986399341465,20.0,1.0
0.561,1.4389257431030273,1.4389257431030273,-0.5010986328125,1.5707099656742383,-0.9573866282836434,2.179396455953075,20.0,1.0
0.562,1.4385442733764648,1.4385442733764648,-0.5362644195556641,1.5697448279093347,-0.9728841387634475,2.187391371449613,20.0,1.0
0.5630000000000001,1.4377813339233398,1.4377813339233398,-0.6329669952392578,1.5687641973967112,-0.9883720472697632,2.2642522174369226,20.0,1.0
0.5640000000000001,1.4373998641967773,1.4373998641967773,-0.6681327819824219,1.5677680838147952,-1.0038502009430204,2.2716469733997577,20.0,1.0
0.5650000000000001,1.4366369247436523,1.4366369247436523,-0.624176025390625,1.5667564969948253,-1.0193184470198275,2.207249023394257,20.0,1.0
0.5660000000000001,1.4358739852905273,1.4358739852905273,-0.6417579650878906,1.5657294469207554,-1.0347766328351327,2.20409056485732,20.0,1.0
0.5670000000000001,1.4354925155639648,1.4354925155639648,-0.5978031158447266,1.564686943729155,-1.0502246058229048,2.1314670733256262,20.0,1.0
0.5680000000000001,1.4347295761108398,1.4347295761108398,-0.5626373291015625,1.5636289977091096,-1.0656622135177258,2.074963547549231,20.0,1.0
0.5690000000000001,1.4343481063842773,1.4343481063842773,-0.5450553894042969,1.5625556193021195,-1.081089303556837,2.028116344204303,20.0,1.0
0.5700000000000001,1.4335851669311523,1.4335851669311523,-0.5978031158447266,1.561466819101996,-1.096505723681048,2.058930435580552,20.0,1.0
0.5710000000000001,1.4332036972045898,1.4332036972045898,-0.6065940856933594,1.5603626078547574,-1.1119113217362155,2.037860976960496,20.0,1.0
0.5720000000000001,1.4324407577514648,1.4324407577514648,-0.6681327819824219,1.5592429964585235,-1.12730594567563,2.0768716104479648,20.0,1.0
0.5730000000000001,1.4316778182983398,1.4316778182983398,-0.7560443878173828,1.5581079959634063,-1.1426894435604709,2.1419584975582415,20.0,1.0
0.5740000000000001,1.4309148788452148,1.4309148788452148,-0.8087921142578125,1.5569576175714026,-1.1580616635618526,2.171585225219715,20.0,1.0
0.5750000000000001,1.4297704696655273,1.4297704696655273,-0.8967037200927734,1.5557918726362825,-1.1734224539620755,2.243709325545801,20.0,1.0
0.5760000000000001,1.4290075302124023,1.4290075302124023,-0.9846153259277344,1.5546107726634784,-1.1887716631564444,2.30790851179281,20.0,1.0
0.577,1.4278631210327148,1.4278631210327148,-0.9054946899414062,1.5534143293099698,-1.2041091396542924,2.212409715832213,20.0,1.0
0.578,1.4271001815795898,1.4271001815795898,-0.8615379333496094,1.5522025543841695,-1.2194347320814813,2.144150657359722,20.0,1.0
0.579,1.4263372421264648,1.4263372421264648,-0.7560443878173828,1.550975459845807,-1.2347482891798336,2.014060453024392,20.0,1.0
0.58,1.4255743026733398,1.4255743026733398,-0.7824172973632812,1.54973305780581,-1.2500496598111113,2.015542740201572,20.0,1.0
0.581,1.4248113632202148,1.4248113632202148,-0.8439559936523438,1.5484753605261847,-1.2653386929569024,2.051897246814839,20.0,1.0
0.582,1.4240484237670898,1.4240484237670898,-0.8791217803955078,1.5472023804198962,-1.2806152377204398,2.0615856757311954,20.0,1.0
0.583,1.4229040145874023,1.4229040145874023,-1.0109882354736328,1.5459141300507437,-1.2958791433287615,2.175311401411699,20.0,1.0
0.584,1.4217596054077148,1.4217596054077148,-1.1076927185058594,1.5446106221332385,-1.3111302591332787,2.253582793883054,20.0,1.0
0.585,1.4206151962280273,1.4206151962280273,-1.213186264038086,1.543291869532477,-1.3263684346113678,2.3403512955157133,20.0,1.0
0.586,1.4194707870483398,1.4194707870483398,-1.125274658203125,1.541957885264016,-1.3415935193684163,2.2334231031482297,20.0,1.0
0.587,1.4183263778686523,1.4183263778686523,-0.9758243560791016,1.5406086824937404,-1.3568053631391876,2.064665085441675,20.0,1.0
0.588,1.4175634384155273,1.4175634384155273,-0.9494514465332031,1.5392442745377375,-1.3720038157885028,2.011064353188903,20.0,1.0
0.589,1.4164190292358398,1.4164190292358398,-1.0461540222167969,1.5378646748621634,-1.3871887273141965,2.087878207429071,20.0,1.0
0.59,1.4152746200561523,1.4152746200561523,-1.1516475677490234,1.536469897083109,-1.4023599478473443,2.173193160440812,20.0,1.0
0.591,1.4141302108764648,1.4141302108764648,-1.2571430206298828,1.5350599549664687,-1.4175173276537407,2.25822057477622,20.0,1.0
0.592,1.4126043319702148,1.4126043319702148,-1.3890113830566406,1.5336348624278016,-1.4326607171364003,2.3769612750719746,20.0,1.0
0.593,1.4114599227905273,1.4114599227905273,-1.2747249603271484,1.5321946335321959,-1.4477899668362397,2.2416292083242793,20.0,1.0
0.594,1.4103155136108398,1.4103155136108398,-1.1164836883544922,1.530739282494129,-1.4629049274336694,2.062054138586607,20.0,1.0
0.595,1.4091711044311523,1.4091711044311523,-1.0197811126708984,1.5292688236773284,-1.4780054497500714,1.9437300478443484,20.0,1.0
0.596,1.4080266952514648,1.4080266952514648,-1.125274658203125,1.527783271594629,-1.4930913847493912,2.027314800317015,20.0,1.0
0.597,1.4068822860717773,1.4068822860717773,-1.2659339904785156,1.5262826409078298,-1.508162583539388,2.1457785036601775,20.0,1.0
0.598,1.405355453491211,1.405355453491211,-1.4065933227539062,1.5247669464275502,-1.5232188973735674,2.2716042841071236,20.0,1.0
0.599,1.403829574584961,1.403829574584961,-1.5472526550292969,1.5232362031130826,-1.5382601776520914,2.397125047939639,20.0,1.0
0.6,1.4026851654052734,1.4026851654052734,-1.415384292602539,1.521690426072246,-1.5532862759238242,2.2422032300181645,20.0,1.0
0.601,1.401540756225586,1.401540756225586,-1.1868133544921875,1.5201296305612348,-1.5682970438872417,1.990293797317924,20.0,1.0
0.602,1.400014877319336,1.400014877319336,-1.2835159301757812,1.5185538319844716,-1.583292333391796,2.071002690086698,20.0,1.0
0.603,1.398488998413086,1.398488998413086,-1.415384292602539,1.5169630458944514,-1.5982719964401895,2.186593245789659,20.0,1.0
0.604,1.396963119506836,1.396963119506836,-1.6087913513183594,1.515357287991591,-1.6132358851892832,2.363438835824179,20.0,1.0
0.605,1.395437240600586,1.395437240600586,-1.6879119873046875,1.5137365741240727,-1.6281838519515759,2.425714805822847,20.0,1.0
0.606,1.393911361694336,1.393911361694336,-1.4857139587402344,1.512100920287688,-1.6431157491965678,2.206389381410709,20.0,1.0
0.607,1.3927669525146484,1.3927669525146484,-1.213186264038086,1.5104503426256797,-1.6580314295523522,1.9088226367063585,20.0,1.0
0.608,1.3912410736083984,1.3912410736083984,-1.3010997772216797,1.5087848574285834,-1.6729307458073208,1.9790447078180575,20.0,1.0
0.609,1.3897151947021484,1.3897151947021484,-1.5736255645751953,1.507104481134065,-1.6878135509113008,2.2335977423022264,20.0,1.0
0.61,1.387807846069336,1.387807846069336,-1.8461532592773438,1.5054092303267608,-1.702679697976805,2.4955012464490354,20.0,1.0
0.611,1.386281967163086,1.386281967163086,-1.7846145629882812,1.5036991217381115,-1.717529040280965,2.415428614207827,20.0,1.0
0.612,1.384756088256836,1.384756088256836,-1.4329662322998047,1.5019741722461988,-1.7323614312670088,2.0449664808200527,20.0,1.0
0.613,1.383230209350586,1.383230209350586,-1.4505500793457031,1.5002343988755773,-1.7471767245453975,2.043457145300133,20.0,1.0
0.614,1.381704330444336,1.381704330444336,-1.6791210174560547,1.498479818797108,-1.7619747738947353,2.252656010616761,20.0,1.0
0.615,1.3797969818115234,1.3797969818115234,-1.9516487121582031,1.4967104493277879,-1.7767554332642703,2.513162629219221,20.0,1.0
0.616,1.377889633178711,1.377889633178711,-1.8461532592773438,1.4949263079305795,-1.7915185567749177,2.3953681975397965,20.0,1.0
0.617,1.376363754272461,1.376363754272461,-1.459341049194336,1.493127412214238,-1.806263998720965,1.9883502093089112,20.0,1.0
0.618,1.374837875366211,1.374837875366211,-1.4857139587402344,1.4913137799331375,-1.8209916135702997,1.9942404365084663,20.0,1.0
0.619,1.3729305267333984,1.3729305267333984,-1.7758235931396484,1.4894854289870973,-1.8357012559675923,2.2712203822460344,20.0,1.0
0.62,1.371023178100586,1.371023178100586,-2.1802196502685547,1.4876423774212022,-1.8503927807347509,2.662210855946129,20.0,1.0
0.621,1.3691158294677734,1.3691158294677734,-1.9252738952636719,1.4857846434256279,-1.8650660428719448,2.393584131548816,20.0,1.0
0.622,1.3675899505615234,1.3675899505615234,-1.5648345947265625,1.4839122453354583,-1.87972089756056,2.0115595926446996,20.0,1.0
0.623,1.365682601928711,1.365682601928711,-1.7670326232910156,1.4820252016305069,-1.8943572001626308,2.1995274171643038,20.0,1.0
0.624,1.363393783569336,1.363393783569336,-2.145054817199707,1.480123530935133,-1.9089748062239096,2.5706749582917396,20.0,1.0
0.625,1.361104965209961,1.361104965209961,-2.1890106201171875,1.478207252018059,-1.9235735714745488,2.6074827848045983,20.0,1.0
0.626,1.359579086303711,1.359579086303711,-1.6175823211669922,1.476276383792184,-1.9381533518306924,2.01337491910576,20.0,1.0
0.627,1.358053207397461,1.358053207397461,-1.6351642608642578,1.4743309453143976,-1.952714003395613,2.0080050158073774,20.0,1.0
0.628,1.3561458587646484,1.3561458587646484,-2.057143211364746,1.4723709557853928,-1.9672553824616443,2.4143897693179888,20.0,1.0
0.629,1.353475570678711,1.353475570678711,-2.373626708984375,1.4703964345494742,-1.9817773455113183,2.7302666408883223,20.0,1.0
0.63,1.3515682220458984,1.3515682220458984,-1.9252738952636719,1.4684074010943702,-1.9962797492187292,2.2657777270143775,20.0,1.0
0.631,1.3500423431396484,1.3500423431396484,-1.7230777740478516,1.4664038750510369,-2.0107624504508976,2.0395459618247225,20.0,1.0
0.632,1.3477535247802734,1.3477535247802734,-2.118680953979492,1.4643858761934683,-2.0252253062694763,2.4261026759739126,20.0,1.0
0.633,1.3454647064208984,1.3454647064208984,-2.4439563751220703,1.462353424438498,-2.039668173931773,2.742062561542287,20.0,1.0
0.634,1.3435564041137695,1.3435564041137695,-1.9692306518554688,1.4603065398456048,-2.0540909108926826,2.250142455599491,20.0,1.0
0.635,1.341649055480957,1.341649055480957,-1.7230777740478516,1.4582452426167125,-2.0684933748058256,1.9865081419571355,20.0,1.0
0.636,1.3397417068481445,1.3397417068481445,-2.048351287841797,1.456169553095993,-2.082875423524115,2.2940327892746524,20.0,1.0
0.637,1.337071418762207,1.337071418762207,-2.637362480163574,1.4540794917696642,-2.0972369151030534,2.8802870252096646,20.0,1.0
0.638,1.334782600402832,1.334782600402832,-2.171428680419922,1.451975079265787,-2.1115777078001656,2.403700549878857,20.0,1.0
0.639,1.333256721496582,1.333256721496582,-1.8637371063232422,1.449856336354064,-2.1258976600778396,2.0698317433950413,20.0,1.0
0.64,1.3305864334106445,1.3305864334106445,-2.4175825119018555,1.4477232839456313,-2.1401966306040094,2.620122891997582,20.0,1.0
0.641,1.327916145324707,1.327916145324707,-2.6285715103149414,1.4455759430928559,-2.154474478253519,2.827292987424399,20.0,1.0
0.642,1.3260087966918945,1.3260087966918945,-1.8813190460205078,1.4434143349891244,-2.1687310621094866,2.060698749855619,20.0,1.0
0.643,1.324101448059082,1.324101448059082,-1.9340667724609375,1.441238480968637,-2.182966241465124,2.0938411891869118,20.0,1.0
0.644,1.3214311599731445,1.3214311599731445,-2.584615707397461,1.439048402506194,-2.1971798758258956,2.7397806822325554,20.0,1.0
0.645,1.3191423416137695,1.3191423416137695,-2.584615707397461,1.4368441212169851,-2.2113718249081558,2.727279474553617,20.0,1.0
0.646,1.317234992980957,1.317234992980957,-1.9692306518554688,1.4346256588563777,-2.22554194864324,2.0915020207206423,20.0,1.0
0.647,1.3145647048950195,1.3145647048950195,-2.259340286254883,1.4323930373196987,-2.239690107177694,2.3762168275707722,20.0,1.0
0.648,1.311894416809082,1.311894416809082,-2.8131866455078125,1.4301462786420223,-2.253816160874976,2.924407721291641,20.0,1.0
0.649,1.309605598449707,1.309605598449707,-2.1802196502685547,1.4278854049979488,-2.2679199703167114,2.2778958109166787,20.0,1.0
0.65,1.3076982498168945,1.3076982498168945,-1.9956035614013672,1.4256104387013888,-2.2820013963040537,2.071845942787199,20.0,1.0
0.651,1.305027961730957,1.305027961730957,-2.646153450012207,1.4233214022053406,-2.296060299858823,2.7159619596410565,20.0,1.0
0.652,1.3023576736450195,1.3023576736450195,-2.795604705810547,1.4210183181016713,-2.310096542224983,2.8587210527186,20.0,1.0
0.653,1.3000688552856445,1.3000688552856445,-2.136263847351074,1.4187012091208906,-2.32410998487137,2.1848009391846253,20.0,1.0
0.654,1.2977800369262695,1.2977800369262695,-2.5230770111083984,1.4163700981319285,-2.3381004894904436,2.556777745731134,20.0,1.0
0.655,1.2947282791137695,1.2947282791137695,-3.0417585372924805,1.4140250081419097,-2.3520679180015804,3.075625199853703,20.0,1.0
0.656,1.2924394607543945,1.2924394607543945,-2.162637710571289,1.4116659622959253,-2.366012132551873,2.181155608850032,20.0,1.0
0.657,1.2901506423950195,1.2901506423950195,-2.2945051193237305,1.409292983876806,-2.3799329955176063,2.297418953441854,20.0,1.0
0.658,1.2870988845825195,1.2870988845825195,-3.0945053100585938,1.40690609630489,-2.393830369505622,3.096819175000382,20.0,1.0
0.659,1.284428596496582,1.284428596496582,-2.5758237838745117,1.4045053231377949,-2.407704117354342,2.569654199344426,20.0,1.0
0.66,1.282139778137207,1.282139778137207,-2.3384618759155273,1.4020906880701816,-2.421554102135133,2.315925972439885,20.0,1.0
0.661,1.2790870666503906,1.2790870666503906,-3.059340476989746,1.3996622149335245,-2.435380187154692,3.0354632554977314,20.0,1.0
0.662,1.2764167785644531,1.2764167785644531,-2.6549453735351562,1.397219927695872,-2.4491822359551634,2.6218261202083726,20.0,1.0
0.663,1.2741279602050781,1.2741279602050781,-2.2065935134887695,1.3947638504616142,-2.4629601123155,2.1563512063039916,20.0,1.0
0.664,1.2714576721191406,1.2714576721191406,-3.0329666137695312,1.392294007471241,-2.476713680254079,2.9729796405574618,20.0,1.0
0.665,1.2684059143066406,1.2684059143066406,-3.006593704223633,1.389810423101106,-2.490442804028362,2.9442410760845767,20.0,1.0
0.666,1.2657356262207031,1.2657356262207031,-2.382417678833008,1.3873131218631842,-2.504147348137735,2.3098202435448947,20.0,1.0
0.667,1.2626838684082031,1.2626838684082031,-3.0505495071411133,1.3848021284048304,-2.5178271773237384,2.9750875297499206,20.0,1.0
0.668,1.2600135803222656,1.2600135803222656,-2.90109920501709,1.3822774675085368,-2.5314821565721104,2.814894792170402,20.0,1.0
0.669,1.2577247619628906,1.2577247619628906,-2.3912086486816406,1.3797391640916863,-2.5451121511134716,2.2863845401440823,20.0,1.0
0.67,1.2542915344238281,1.2542915344238281,-3.1472530364990234,1.37718724320631,-2.5587170264252563,3.046450185723403,20.0,1.0
0.671,1.2512397766113281,1.2512397766113281,-3.0153846740722656,1.3746217300388357,-2.5722966482330776,2.9107270943893395,20.0,1.0
0.672,1.2485694885253906,1.2485694885253906,-2.5758237838745117,1.3720426499098437,-2.585850882511295,2.4594361290522784,20.0,1.0
0.673,1.2455177307128906,1.2455177307128906,-3.3230772018432617,1.3694500282738131,-2.5993795954857433,3.2023435575759684,20.0,1.0
0.674,1.2424659729003906,1.2424659729003906,-2.7868127822875977,1.3668438907188722,-2.6128826536327097,2.6614884850245204,20.0,1.0
0.675,1.2401771545410156,1.2401771545410156,-2.6197805404663086,1.3642242629665478,-2.626359923682685,2.4743627852942662,20.0,1.0
0.676,1.2367439270019531,1.2367439270019531,-3.472527503967285,1.361591170871507,-2.639811272620591,3.3296611087377705,20.0,1.0
0.677,1.2336921691894531,1.2336921691894531,-2.8043956756591797,1.3589446404213066,-2.6532365676869176,2.656208532609331,20.0,1.0
0.678,1.2306404113769531,1.2306404113769531,-2.989010810852051,1.3562846977361331,-2.6666356763794283,2.8352608616562227,20.0,1.0
0.679,1.2272071838378906,1.2272071838378906,-3.375823974609375,1.3536113690685476,-2.680008466454524,3.223899212767991,20.0,1.0
0.68,1.2249183654785156,1.2249183654785156,-2.5142860412597656,1.350924680803224,-2.6933548059280383,2.3410575418258954,20.0,1.0
0.681,1.2218666076660156,1.2218666076660156,-3.2175827026367188,1.3482246594566916,-2.7066745630766036,3.038069175373634,20.0,1.0
0.682,1.2184324264526367,1.2184324264526367,-3.3318681716918945,1.3455113316770708,-2.719967606440491,3.1534786697400854,20.0,1.0
0.683,1.2153806686401367,1.2153806686401367,-2.760439872741699,1.3427847242438107,-2.733233804821907,2.5752871799932713,20.0,1.0
0.684,1.2119474411010742,1.2119474411010742,-3.5516481399536133,1.340044864067427,-2.7464730272890847,3.3671235719915833,20.0,1.0
0.685,1.2088956832885742,1.2088956832885742,-2.883516311645508,1.3372917781892324,-2.7596851431765117,2.6917530664821596,20.0,1.0
0.686,1.2062253952026367,1.2062253952026367,-2.8395605087280273,1.334525493781074,-2.7728700220856126,2.63269245821116,20.0,1.0
0.687,1.2024106979370117,1.2024106979370117,-3.789011001586914,1.3317460381450612,-2.786027533886795,3.589690271861109,20.0,1.0
0.6880000000000001,1.1997404098510742,1.1997404098510742,-2.75164794921875,1.3289534387133004,-2.799157548721155,2.536750977742119,20.0,1.0
0.6890000000000001,1.1959257125854492,1.1959257125854492,-3.5252742767333984,1.3261477230476189,-2.8122599370007038,3.3174545489760874,20.0,1.0
0.6900000000000001,1.1928739547729492,1.1928739547729492,-3.2351646423339844,1.323328918839299,-2.8253345694096197,3.018929354251359,20.0,1.0
0.6910000000000001,1.1902036666870117,1.1902036666870117,-2.8043956756591797,1.3204970539087997,-2.838381316907544,2.571882103187395,20.0,1.0
0.6920000000000001,1.1863889694213867,1.1863889694213867,-3.8241758346557617,1.317652156205484,-2.851400050727534,3.5980395196101718,20.0,1.0
0.6930000000000001,1.1833372116088867,1.1833372116088867,-2.9274721145629883,1.3147942538073445,-2.8643906423800445,2.6922223161520993,20.0,1.0
0.6940000000000001,1.1799039840698242,1.1799039840698242,-3.5692310333251953,1.3119233749207238,-2.877352963653493,3.332265886689693,20.0,1.0
0.6950000000000001,1.1764707565307617,1.1764707565307617,-3.3054943084716797,1.3090395478800376,-2.8902868866147173,3.0665832488424805,20.0,1.0
0.6960000000000001,1.1738004684448242,1.1738004684448242,-2.90109920501709,1.3061428011474943,-2.903192283611247,2.6447535754592435,20.0,1.0
0.6970000000000001,1.1696043014526367,1.1696043014526367,-3.9648351669311523,1.3032331633128151,-2.916069027272215,3.7213433768625057,20.0,1.0
0.6980000000000001,1.1665525436401367,1.1665525436401367,-3.0153846740722656,1.30031066309295,-2.92891699050881,2.7616300726197203,20.0,1.0
0.6990000000000001,1.1627378463745117,1.1627378463745117,-3.683516502380371,1.2973753293317976,-2.941736046516894,3.434530115009194,20.0,1.0
0.7000000000000001,1.1596860885620117,1.1596860885620117,-3.3142852783203125,1.294427190999916,-2.9545260687784776,3.0545812582999226,20.0,1.0
0.7010000000000001,1.1566343307495117,1.1566343307495117,-3.1032962799072266,1.2914662771942405,-2.9672869310603573,2.832648277741444,20.0,1.0
0.7020000000000001,1.1524372100830078,1.1524372100830078,-4.008790969848633,1.2884926171377953,-2.980018507418208,3.749880603526174,20.0,1.0
0.7030000000000001,1.1493854522705078,1.1493854522705078,-3.0417585372924805,1.2855062401794042,-2.9927206721963557,2.771453623274052,20.0,1.0
0.704,1.1455707550048828,1.1455707550048828,-3.920879364013672,1.282507175793403,-3.0053933000295956,3.65421447975448,20.0,1.0
0.705,1.1421375274658203,1.1421375274658203,-3.182417869567871,1.2794954535793452,-3.0180362658445574,2.9115401259938123,20.0,1.0
0.706,1.1390857696533203,1.1390857696533203,-3.4461536407470703,1.276471103261714,-3.0306494448599324,3.1632108680550113,20.0,1.0
0.707,1.1348896026611328,1.1348896026611328,-3.7450551986694336,1.2734341546896255,-3.0432327125885195,3.472713526650768,20.0,1.0
0.708,1.1318378448486328,1.1318378448486328,-3.3230772018432617,1.2703846378365369,-3.0557859448390445,3.0382271167622985,20.0,1.0
0.709,1.1276416778564453,1.1276416778564453,-4.0,1.2673225827999475,-3.068309017715933,3.7253090811541103,20.0,1.0
0.71,1.1249713897705078,1.1249713897705078,-3.0153846740722656,1.264248019801105,-3.080801807621583,2.7201154670626266,20.0,1.0
0.711,1.1207752227783203,1.1207752227783203,-4.05274772644043,1.2611609791847043,-3.0932641912572763,3.7671986633108325,20.0,1.0
0.712,1.1173419952392578,1.1173419952392578,-3.367033004760742,1.2580614914185906,-3.105696045623745,3.075726882723653,20.0,1.0
0.713,1.1131458282470703,1.1131458282470703,-3.9472522735595703,1.2549495870934566,-3.1180972480246965,3.6652302024626,20.0,1.0
0.714,1.1097126007080078,1.1097126007080078,-3.5252742767333984,1.2518252969225412,-3.1304676760643133,3.2370605249597526,20.0,1.0
0.715,1.1066608428955078,1.1066608428955078,-3.3230772018432617,1.248688651741328,-3.142807207651799,3.020826171107867,20.0,1.0
0.716,1.1024646759033203,1.1024646759033203,-4.219779968261719,1.2455396825072376,-3.155115721000925,3.9261643793391388,20.0,1.0
0.717,1.0990314483642578,1.0990314483642578,-3.3406591415405273,1.2423784202993262,-3.1673930946316204,3.040205485610275,20.0,1.0
0.718,1.0948352813720703,1.0948352813720703,-4.202198028564453,1.2392048963179743,-3.1796392073714514,3.9099511201110806,20.0,1.0
0.719,1.091782569885254,1.091782569885254,-3.1032962799072266,1.2360191418845834,-3.191853938355621,2.7961737815381955,20.0,1.0
0.72,1.0875864028930664,1.0875864028930664,-4.210988998413086,1.232821188441263,-3.2040371670302648,3.9116475423467527,20.0,1.0
0.721,1.084153175354004,1.084153175354004,-3.5252742767333984,1.2296110675505227,-3.2161887731515435,3.2182433475122316,20.0,1.0
0.722,1.0799570083618164,1.0799570083618164,-4.070329666137695,1.2263888108949599,-3.2283086367880287,3.770657080012536,20.0,1.0
0.723,1.0761423110961914,1.0761423110961914,-3.5340662002563477,1.2231544502769467,-3.2403966383213856,3.233912345550068,20.0,1.0
0.724,1.072709083557129,1.072709083557129,-3.797801971435547,1.219908017618317,-3.2524526584484192,3.48932799421089,20.0,1.0
0.725,1.068894386291504,1.068894386291504,-3.868131637573242,1.2166495449600498,-3.2644765781808474,3.5587582327633136,20.0,1.0
0.726,1.0646982192993164,1.0646982192993164,-3.8505496978759766,1.2133790644619553,-3.2764682788473465,3.5476983222814082,20.0,1.0
0.727,1.0608835220336914,1.0608835220336914,-3.9120874404907227,1.2100966084023552,-3.2884276420944616,3.6079215257695374,20.0,1.0
0.728,1.057450294494629,1.057450294494629,-3.5252742767333984,1.2068022091777664,-3.300354549888425,3.2119580205077227,20.0,1.0
0.729,1.0532541275024414,1.0532541275024414,-4.246153831481934,1.2034958993025784,-3.3122488845154976,3.9387403829691756,20.0,1.0
0.73,1.0494394302368164,1.0494394302368164,-3.6307687759399414,1.2001777114087355,-3.3241105285831054,3.3214238707952184,20.0,1.0
0.731,1.045243263244629,1.045243263244629,-4.316483497619629,1.196847678245412,-3.3359393650218863,4.0126324326134055,20.0,1.0
0.732,1.042191505432129,1.042191505432129,-3.296703338623047,1.1935058326786916,-3.347735277085917,2.9752546064683836,20.0,1.0
0.733,1.037613868713379,1.037613868713379,-4.430768966674805,1.1901522076912403,-3.3594981483545325,4.1220375978775,20.0,1.0
0.734,1.0341806411743164,1.0341806411743164,-3.5428571701049805,1.1867868363819827,-3.371227862732212,3.223753211526094,20.0,1.0
0.735,1.02960205078125,1.02960205078125,-4.413187026977539,1.1834097519657758,-3.3829243044521036,4.1064167462159515,20.0,1.0
0.736,1.025787353515625,1.025787353515625,-3.490109443664551,1.1800209877730783,-3.394587358075114,3.1801947707385025,20.0,1.0
0.737,1.0215911865234375,1.0215911865234375,-4.316483497619629,1.1766205772496257,-3.406216908491274,4.010854403652118,20.0,1.0
0.738,1.018157958984375,1.018157958984375,-3.7802200317382812,1.173208553956096,-3.4178128409214423,3.463419090251257,20.0,1.0
0.739,1.013580322265625,1.013580322265625,-4.369231224060059,1.1697849515677827,-3.429375040918785,4.063948769184428,20.0,1.0
0.74,1.009765625,1.009765625,-3.665933609008789,1.1663498038742584,-3.4409033943691156,3.3567137921248404,20.0,1.0
0.741,1.005950927734375,1.005950927734375,-4.140659332275391,1.1629031447790446,-3.452397787491577,3.8273058856772044,20.0,1.0
0.742,1.0017547607421875,1.0017547607421875,-4.008790969848633,1.159445008299275,-3.463858106842281,3.698737814148104,20.0,1.0
0.743,0.99755859375,0.99755859375,-4.298901557922363,1.1559754285653598,-3.475284239311918,3.991954014917642,20.0,1.0
0.744,0.9933624267578125,0.9933624267578125,-3.876922607421875,1.1524944398206514,-3.48667607212883,3.572886796549822,20.0,1.0
0.745,0.98992919921875,0.98992919921875,-3.9648351669311523,1.1490020764211022,-3.4980334928606,3.6482592181175963,20.0,1.0
0.746,0.9853515625,0.9853515625,-4.298901557922363,1.1454983728349302,-3.5093563894140516,3.992481375206915,20.0,1.0
0.747,0.9811553955078125,0.9811553955078125,-4.1670331954956055,1.141983363642274,-3.5206446500366155,3.8629479081482208,20.0,1.0
0.748,0.976959228515625,0.976959228515625,-4.079120635986328,1.1384570835348569,-3.531898163318033,3.7771795730529325,20.0,1.0
0.749,0.97314453125,0.97314453125,-3.9472522735595703,1.134919567315638,-3.543116818190242,3.639636176682089,20.0,1.0
0.75,0.9689483642578125,0.9689483642578125,-4.386813163757324,1.1313708498984762,-3.554300503929653,4.080962372640946,20.0,1.0
0.751,0.9643697738647461,0.9643697738647461,-4.19340705871582,1.1278109663077787,-3.565449110158852,3.8967817974176198,20.0,1.0
0.752,0.9601736068725586,0.9601736068725586,-4.184615135192871,1.1242399516781587,-3.5765625268439862,3.889379504460887,20.0,1.0
0.753,0.9563589096069336,0.9563589096069336,-4.017582893371582,1.1206578412540906,-3.5876406443012456,3.715920882013477,20.0,1.0
0.754,0.9521627426147461,0.9521627426147461,-4.413187026977539,1.1170646703895561,-3.5986833531939055,4.112542229279835,20.0,1.0
0.755,0.9475851058959961,0.9475851058959961,-4.369231224060059,1.113460474547703,-3.6096905445340326,4.077048052560165,20.0,1.0
0.756,0.9433889389038086,0.9433889389038086,-4.140659332275391,1.109845289300488,-3.62066210968635,3.8491242305226283,20.0,1.0
0.757,0.9391927719116211,0.9391927719116211,-4.281318664550781,1.1062191503283303,-3.631597940365282,3.9902482925196834,20.0,1.0
0.758,0.9349966049194336,0.9349966049194336,-4.404396057128906,1.1025820934197574,-3.642497928638477,4.113607898496906,20.0,1.0
0.759,0.9304189682006836,0.9304189682006836,-4.483516693115234,1.0989341544710534,-3.6533619669277186,4.200458451594911,20.0,1.0
0.76,0.9262228012084961,0.9262228012084961,-4.070329666137695,1.095275369485902,-3.66418994800938,3.7871910836764355,20.0,1.0
0.761,0.9220266342163086,0.9220266342163086,-4.4571428298950195,1.0916057745750345,-3.674981765015559,4.173743872053978,20.0,1.0
0.762,0.9178304672241211,0.9178304672241211,-4.263736724853516,1.087925405955871,-3.685737311435446,3.979898188053067,20.0,1.0
0.763,0.9128713607788086,0.9128713607788086,-4.69450569152832,1.0842342999521637,-3.6964564811157743,4.425307993879648,20.0,1.0
0.764,0.9090566635131836,0.9090566635131836,-3.9560441970825195,1.0805324929936393,-3.7071391682630974,3.678421618428536,20.0,1.0
0.765,0.9044780731201172,0.9044780731201172,-4.7912092208862305,1.0768200216156374,-3.71778526744356,4.520262923353075,20.0,1.0
0.766,0.9002819061279297,0.9002819061279297,-3.982417106628418,1.0730969224587523,-3.728394673584262,3.7103227596606088,20.0,1.0
0.767,0.8953227996826172,0.8953227996826172,-4.861538887023926,1.0693632322684687,-3.7389672819747375,4.603380256766219,20.0,1.0
0.768,0.8915081024169922,0.8915081024169922,-3.8241758346557617,1.0656189878948028,-3.749502988267409,3.556890555944565,20.0,1.0
0.769,0.8865489959716797,0.8865489959716797,-4.923076629638672,1.061864226291934,-3.7600016884798606,4.6693795475638975,20.0,1.0
0.77,0.8823528289794922,0.8823528289794922,-4.123077392578125,1.058098984517843,-3.770463278993361,3.8675372243517803,20.0,1.0
0.771,0.8777751922607422,0.8777751922607422,-4.747252464294434,1.0543232997339473,-3.780887656556388,4.497326957202149,20.0,1.0
0.772,0.8739604949951172,0.8739604949951172,-3.9472522735595703,1.0505372092047303,-3.791274718284626,3.6875118394672057,20.0,1.0
0.773,0.8690013885498047,0.8690013885498047,-4.887911796569824,1.046740750297378,-3.8016243616622205,4.64107466985907,20.0,1.0
0.774,0.8644237518310547,0.8644237518310547,-4.395604133605957,1.0429339604814059,-3.8119364845418886,4.153871822071092,20.0,1.0
0.775,0.8598461151123047,0.8598461151123047,-4.474725723266602,1.0391168773282942,-3.822210985147535,4.237929982438856,20.0,1.0
0.776,0.8552684783935547,0.8552684783935547,-4.536263465881348,1.0352895385111107,-3.8324477620739117,4.304236906158557,20.0,1.0
0.777,0.8510723114013672,0.8510723114013672,-4.378022193908691,1.0314519818041463,-3.842646714287639,4.142968887676635,20.0,1.0
0.778,0.8464946746826172,0.8464946746826172,-4.9582414627075195,1.0276042450825353,-3.852807741130448,4.727625129575435,20.0,1.0
0.779,0.8422975540161133,0.8422975540161133,-4.017582893371582,1.0237463663218855,-3.8629307423158252,3.783628397171202,20.0,1.0
0.78,0.8373384475708008,0.8373384475708008,-5.019780158996582,1.0198783835979037,-3.8730156179343,4.797563261604341,20.0,1.0
0.781,0.8327608108520508,0.8327608108520508,-4.131868362426758,1.016000335086017,-3.8830622684522496,3.9135965786538316,20.0,1.0
0.782,0.8278017044067383,0.8278017044067383,-4.9582414627075195,1.0121122590609992,-3.8930705947132083,4.75138196107953,20.0,1.0
0.783,0.8243684768676758,0.8243684768676758,-3.991209030151367,1.0082141938965905,-3.9030404979391164,3.765082872790545,20.0,1.0
0.784,0.8190279006958008,0.8190279006958008,-5.010989189147949,1.004306178065121,-3.912971879731174,4.80358285680318,20.0,1.0
0.785,0.8144502639770508,0.8144502639770508,-4.536263465881348,1.0003882501371282,-3.922864642070408,4.3321585470124875,20.0,1.0
0.786,0.8098726272583008,0.8098726272583008,-4.483516693115234,0.9964604487809802,-3.9327186873193227,4.2825544362495,20.0,1.0
0.787,0.8052949905395508,0.8052949905395508,-4.747252464294434,0.9925228127624894,-3.94253391822258,4.549274990530627,20.0,1.0
0.788,0.8007173538208008,0.8007173538208008,-4.351648330688477,0.988575380944535,-3.9523102379073975,4.156498635255764,20.0,1.0
0.789,0.7957582473754883,0.7957582473754883,-5.072527885437012,0.9846181922866747,-3.9620475498863925,4.887679233774348,20.0,1.0
0.79,0.7919435501098633,0.7919435501098633,-4.035164833068848,0.9806512858447622,-3.971745758055249,3.837573789711578,20.0,1.0
0.791,0.7866029739379883,0.7866029739379883,-5.116483688354492,0.9766747007705642,-3.981404766696869,4.9365134583091415,20.0,1.0
0.792,0.7824068069458008,0.7824068069458008,-4.290109634399414,0.9726884763113685,-3.9910244804809167,4.10471854122985,20.0,1.0
0.793,0.7774467468261719,0.7774467468261719,-4.826374053955078,0.9686926518096023,-4.000604804464558,4.650687349159128,20.0,1.0
0.794,0.7728691101074219,0.7728691101074219,-4.527472496032715,0.9646872667024393,-4.010145644093939,4.353689983839125,20.0,1.0
0.795,0.7686729431152344,0.7686729431152344,-4.720879554748535,0.9606723605214145,-4.019646905204695,4.541220997667442,20.0,1.0
0.796,0.7633323669433594,0.7633323669433594,-5.0637359619140625,0.95664797289203,-4.029108494023319,4.900939586864155,20.0,1.0
0.797,0.7591361999511719,0.7591361999511719,-4.0615386962890625,0.9526141435333678,-4.038530317167499,3.8925672507654823,20.0,1.0
0.798,0.7537956237792969,0.7537956237792969,-5.265933990478516,0.948570912257695,-4.04791228164828,5.113527478398197,20.0,1.0
0.799,0.7495994567871094,0.7495994567871094,-4.202198028564453,0.9445183189700712,-4.057254294868869,4.043320977354821,20.0,1.0
0.8,0.7446403503417969,0.7446403503417969,-4.984615325927734,0.9404564036679572,-4.066556264627593,4.834380127823349,20.0,1.0
0.801,0.7408256530761719,0.7408256530761719,-4.272527694702148,0.936385206440816,-4.0758180991177255,4.107900662877306,20.0,1.0
0.802,0.7358665466308594,0.7358665466308594,-4.9582414627075195,0.9323047674697218,-4.085039706928626,4.801966172556142,20.0,1.0
0.803,0.7305259704589844,0.7305259704589844,-4.879120826721191,0.9282151270269587,-4.094220997046705,4.738682961033974,20.0,1.0
0.804,0.7267112731933594,0.7267112731933594,-4.325274467468262,0.9241163254756283,-4.103361878856674,4.170013634256966,20.0,1.0
0.805,0.7213706970214844,0.7213706970214844,-5.107692718505859,0.9200084032692454,-4.112462262141548,4.967984581319531,20.0,1.0
0.806,0.716792106628418,0.716792106628418,-4.474725723266602,0.9158914009513452,-4.121522057083553,4.3351895526415944,20.0,1.0
0.807,0.7118330001831055,0.7118330001831055,-4.905494689941406,0.9117653591550783,-4.130541174267478,4.773600695113385,20.0,1.0
0.808,0.707636833190918,0.707636833190918,-4.492307662963867,0.9076303186028103,-4.139519524677382,4.352657846524331,20.0,1.0
0.809,0.7026777267456055,0.7026777267456055,-4.817582130432129,0.9034863201057235,-4.148457019700686,4.685296977933803,20.0,1.0
0.81,0.6973371505737305,0.6973371505737305,-5.134065628051758,0.8993334045634088,-4.157353571128112,5.016637136717213,20.0,1.0
0.811,0.6935224533081055,0.6935224533081055,-4.237362861633301,0.8951716129634673,-4.166209091154144,4.1041369635863925,20.0,1.0
0.812,0.6881818771362305,0.6881818771362305,-5.265933990478516,0.8910009863811006,-4.175023492378443,5.147292682997475,20.0,1.0
0.8130000000000001,0.6836042404174805,0.6836042404174805,-4.386813163757324,0.8868215659787104,-4.183796687806307,4.267362987175616,20.0,1.0
0.8140000000000001,0.678645133972168,0.678645133972168,-4.975824356079102,0.8826333930054879,-4.192528590849804,4.863060945895697,20.0,1.0
0.8150000000000001,0.674067497253418,0.674067497253418,-4.4571428298950195,0.8784365087970107,-4.20121911532857,4.343303945438305,20.0,1.0
0.8160000000000001,0.6691083908081055,0.6691083908081055,-4.773626327514648,0.8742309547748308,-4.209868175471456,4.666209431377699,20.0,1.0
0.8170000000000001,0.664149284362793,0.664149284362793,-5.090109825134277,0.8700167724460679,-4.218475685914655,4.988983900885121,20.0,1.0
0.8180000000000001,0.6599531173706055,0.6599531173706055,-4.237362861633301,0.8657940034030015,-4.227041561705903,4.127139020575319,20.0,1.0
0.8190000000000001,0.6549930572509766,0.6549930572509766,-5.283516883850098,0.861562689322656,-4.2355657183034054,5.179343806980281,20.0,1.0
0.8200000000000001,0.6504154205322266,0.6504154205322266,-4.351648330688477,0.8573228719663947,-4.244048071577311,4.245749287794528,20.0,1.0
0.8210000000000001,0.6450748443603516,0.6450748443603516,-5.05494499206543,0.8530745931795014,-4.252488537810052,4.9624514306383745,20.0,1.0
0.8220000000000001,0.6408786773681641,0.6408786773681641,-4.386813163757324,0.8488178948907745,-4.26088703369777,4.284710480511763,20.0,1.0
0.8230000000000001,0.6359195709228516,0.6359195709228516,-4.861538887023926,0.8445528191121059,-4.269243476350766,4.764960374458246,20.0,1.0
0.8240000000000001,0.6305789947509766,0.6305789947509766,-5.090109825134277,0.840279407938073,-4.277557783293787,5.006560305582418,20.0,1.0
0.8250000000000001,0.6267642974853516,0.6267642974853516,-4.254944801330566,0.8359977035455183,-4.285829872469037,4.153783050064863,20.0,1.0
0.8260000000000001,0.6214237213134766,0.6214237213134766,-5.389011383056641,0.831707748193135,-4.294059662233337,5.300632258416472,20.0,1.0
0.8270000000000001,0.6168460845947266,0.6168460845947266,-4.342857360839844,0.8274095842210516,-4.3022470713623875,4.251880282003957,20.0,1.0
0.8280000000000001,0.6115055084228516,0.6115055084228516,-5.116483688354492,0.8231032540504102,-4.3103920190498,5.038046581855864,20.0,1.0
0.8290000000000001,0.6073093414306641,0.6073093414306641,-4.5626373291015625,0.818788800182952,-4.318494424908124,4.473732079239197,20.0,1.0
0.8300000000000001,0.6023502349853516,0.6023502349853516,-4.7912092208862305,0.8144662652005938,-4.326554208969924,4.706975616221152,20.0,1.0
0.8310000000000001,0.5970096588134766,0.5970096588134766,-5.309889793395996,0.8101356917650121,-4.334571291688462,5.237839160738245,20.0,1.0
0.8320000000000001,0.5928125381469727,0.5928125381469727,-4.219779968261719,0.8057971226172169,-4.342545593938155,4.136926063728449,20.0,1.0
0.833,0.5874719619750977,0.5874719619750977,-5.424176216125488,0.8014506005771364,-4.350477037015935,5.353271951150328,20.0,1.0
0.834,0.5828943252563477,0.5828943252563477,-4.4571428298950195,0.7970961685431854,-4.358365542641991,4.382814152989784,20.0,1.0
0.835,0.5779352188110352,0.5779352188110352,-5.05494499206543,0.7927338694918524,-4.366211032959427,4.984706972722348,20.0,1.0
0.836,0.5729761123657227,0.5729761123657227,-4.905494689941406,0.7883637464772666,-4.374013430536763,4.839233941635522,20.0,1.0
0.837,0.5680170059204102,0.5680170059204102,-4.720879554748535,0.7839858426307789,-4.38177265836714,4.658483630588769,20.0,1.0
0.838,0.5630578994750977,0.5630578994750977,-5.309889793395996,0.7796002011605323,-4.389488639870933,5.251247187233756,20.0,1.0
0.839,0.5584802627563477,0.5584802627563477,-4.246153831481934,0.775206865351037,-4.39716129889365,4.18352458448207,20.0,1.0
0.84,0.5535211563110352,0.5535211563110352,-5.371428489685059,0.770805878562745,-4.404790559709568,5.312332375009687,20.0,1.0
0.841,0.5485620498657227,0.5485620498657227,-4.764835357666016,0.7663972842316178,-4.412376347020938,4.70916369796298,20.0,1.0
0.842,0.5436029434204102,0.5436029434204102,-4.738461494445801,0.761981125868703,-4.419918585959124,4.6861065574525345,20.0,1.0
0.843,0.5386438369750977,0.5386438369750977,-5.1868133544921875,0.7575574470596996,-4.42741720208528,5.137668354098947,20.0,1.0
0.844,0.5340662002563477,0.5340662002563477,-4.59780216217041,0.7531262914645325,-4.434872121391095,4.544131864943012,20.0,1.0
0.845,0.5287246704101562,0.5287246704101562,-5.24835205078125,0.7486877028169174,-4.442283270299413,5.205329428617061,20.0,1.0
0.846,0.5245285034179688,0.5245285034179688,-4.386813163757324,0.7442417249239337,-4.44965057566526,4.331427018211364,20.0,1.0
0.847,0.5191879272460938,0.5191879272460938,-5.125274658203125,0.7397884016655869,-4.4569739647764095,5.080310181816579,20.0,1.0
0.848,0.5138473510742188,0.5138473510742188,-5.09890079498291,0.7353277769943808,-4.4642533653535565,5.064255948032594,20.0,1.0
0.849,0.5100326538085938,0.5100326538085938,-4.448351860046387,0.7308598949348797,-4.471488705552872,4.393407977019233,20.0,1.0
0.85,0.5043106079101562,0.5043106079101562,-5.424176216125488,0.7263847995832751,-4.4786799139635605,5.386980135624304,20.0,1.0
0.851,0.49973297119140625,0.49973297119140625,-4.439560890197754,0.7219025351069526,-4.485826919611725,4.397125248896955,20.0,1.0
0.852,0.49477386474609375,0.49477386474609375,-5.142857551574707,0.7174131457440517,-4.492929651959059,5.102713519574806,20.0,1.0
0.853,0.48981475830078125,0.48981475830078125,-4.826374053955078,0.7129166758030344,-4.4999880409045545,4.7884243630955865,20.0,1.0
0.854,0.48523712158203125,0.48523712158203125,-4.764835357666016,0.7084131696622425,-4.507002016784952,4.72135430248529,20.0,1.0
0.855,0.47989654541015625,0.47989654541015625,-5.362637519836426,0.7039026717694645,-4.513971510374972,5.328788536647619,20.0,1.0
0.856,0.47531890869140625,0.47531890869140625,-4.219779968261719,0.6993852266414926,-4.520896452888451,4.180209874374995,20.0,1.0
0.857,0.46997833251953125,0.46997833251953125,-5.345054626464844,0.6948608788636876,-4.5277767759787935,5.314928777369178,20.0,1.0
0.858,0.46539974212646484,0.46539974212646484,-4.826374053955078,0.690329673089535,-4.534612411741023,4.790360261475458,20.0,1.0
0.859,0.46082210540771484,0.46082210540771484,-4.6857147216796875,0.6857916540402056,-4.541403292709106,4.643702401620397,20.0,1.0
0.86,0.45548152923583984,0.45548152923583984,-5.301098823547363,0.6812468665041167,-4.548149351860161,5.268256217052739,20.0,1.0
0.861,0.45090389251708984,0.45090389251708984,-4.4571428298950195,0.6766953553364853,-4.554850522613208,4.41812156366972,20.0,1.0
0.862,0.44556331634521484,0.44556331634521484,-5.221978187561035,0.6721371654588904,-4.56150673883036,5.191948431004185,20.0,1.0
0.863,0.44136714935302734,0.44136714935302734,-4.483516693115234,0.6675723418588245,-4.568117934817678,4.4395026084135,20.0,1.0
0.864,0.43602657318115234,0.43602657318115234,-5.0813188552856445,0.6630009295892549,-4.574684045325284,5.046121938122412,20.0,1.0
0.865,0.43106746673583984,0.43106746673583984,-5.125274658203125,0.6584229737681739,-4.581205005548156,5.0911797933016505,20.0,1.0
0.866,0.42648983001708984,0.42648983001708984,-4.325274467468262,0.6538385195781586,-4.5876807511266975,4.28456750756294,20.0,1.0
0.867,0.42114925384521484,0.42114925384521484,-5.389011383056641,0.6492476122659205,-4.5941112181491235,5.356867333321631,20.0,1.0
0.868,0.41657161712646484,0.41657161712646484,-4.509890556335449,0.6446502971418604,-4.600496343148222,4.470967813495138,20.0,1.0
0.869,0.41161251068115234,0.41161251068115234,-5.037363052368164,0.640046619579624,-4.606836063105675,4.999209167231923,20.0,1.0
0.87,0.40665340423583984,0.40665340423583984,-4.923076629638672,0.635436625015649,-4.613130315451087,4.885610729783767,20.0,1.0
0.871,0.40207481384277344,0.40207481384277344,-4.5802202224731445,0.6308203589487219,-4.6193790380625614,4.535752086529552,20.0,1.0
0.872,0.39673423767089844,0.39673423767089844,-5.389011383056641,0.6261978669395238,-4.625582169267943,5.352701799161205,20.0,1.0
0.873,0.39291954040527344,0.39291954040527344,-4.219779968261719,0.621569194610186,-4.631739647844711,4.161033404515259,20.0,1.0
0.874,0.38757896423339844,0.38757896423339844,-5.327472686767578,0.6169343876438345,-4.63785141302111,5.276729741955188,20.0,1.0
0.875,0.38261985778808594,0.38261985778808594,-4.835165023803711,0.6122934917841438,-4.643917404476099,4.78472029924877,20.0,1.0
0.876,0.37766075134277344,0.37766075134277344,-4.632966995239258,0.6076465528348822,-4.649937562341677,4.582745462739757,20.0,1.0
0.877,0.37270164489746094,0.37270164489746094,-5.125274658203125,0.6029936166594604,-4.655911827200555,5.0752022662425595,20.0,1.0
0.878,0.36812400817871094,0.36812400817871094,-4.545055389404297,0.5983347291804811,-4.661840140089396,4.4874296693503055,20.0,1.0
0.879,0.36316490173339844,0.36316490173339844,-5.0637359619140625,0.5936699363792817,-4.667722442498018,5.006114212333709,20.0,1.0
0.88,0.35896873474121094,0.35896873474121094,-4.439560890197754,0.5889992842954851,-4.67355867637059,4.366613204912648,20.0,1.0
0.881,0.35400962829589844,0.35400962829589844,-4.914285659790039,0.5843228190265405,-4.679348784105912,4.841200690296969,20.0,1.0
0.882,0.34866905212402344,0.34866905212402344,-5.142857551574707,0.5796405867272733,-4.685092708557761,5.077195535081943,20.0,1.0
0.883,0.34447288513183594,0.34447288513183594,-4.263736724853516,0.574952633609425,-4.690790393035968,4.182541301369328,20.0,1.0
0.884,0.33913135528564453,0.33913135528564453,-5.283516883850098,0.5702590059412013,-4.696441781306476,5.209628115654757,20.0,1.0
0.885,0.33455371856689453,0.33455371856689453,-4.386813163757324,0.5655597500468119,-4.702046817593384,4.304886975762288,20.0,1.0
0.886,0.32959461212158203,0.32959461212158203,-5.037363052368164,0.5608549123060145,-4.707605446576167,4.954963609480646,20.0,1.0
0.887,0.32501697540283203,0.32501697540283203,-4.509890556335449,0.5561445391536596,-4.713117613393592,4.419324217958408,20.0,1.0
0.888,0.32043933868408203,0.32043933868408203,-4.905494689941406,0.5514286770792273,-4.718583263642984,4.806698194201328,20.0,1.0
0.889,0.31509876251220703,0.31509876251220703,-5.072527885437012,0.5467073726263736,-4.724002343380562,4.980697744339781,20.0,1.0
0.89,0.31090259552001953,0.31090259552001953,-4.254944801330566,0.5419806723924662,-4.7293747991221835,4.147131539657316,20.0,1.0
0.891,0.30556201934814453,0.30556201934814453,-5.327472686767578,0.5372486230281293,-4.734700577843853,5.22650418252342,20.0,1.0
0.892,0.30136585235595703,0.30136585235595703,-4.334066390991211,0.5325112712367784,-4.739979626982233,4.2169951416254055,20.0,1.0
0.893,0.29640674591064453,0.29640674591064453,-5.0813188552856445,0.5277686637741648,-4.745211894434988,4.963345318121061,20.0,1.0
0.894,0.29221057891845703,0.29221057891845703,-4.334066390991211,0.5230208474479084,-4.750397328562826,4.199874433017413,20.0,1.0
0.895,0.28687000274658203,0.28687000274658203,-4.923076629638672,0.5182678691170391,-4.755535878186436,4.795498078861378,20.0,1.0
0.896,0.28191089630126953,0.28191089630126953,-5.019780158996582,0.5135097756915356,-4.7606274925908,4.891130254211102,20.0,1.0
0.897,0.2777137756347656,0.2777137756347656,-4.210988998413086,0.5087466141318575,-4.7656721215238065,4.065973646831117,20.0,1.0
0.898,0.2723731994628906,0.2723731994628906,-5.2923078536987305,0.503978431448488,-4.770669715196931,5.153742778213747,20.0,1.0
0.899,0.2681770324707031,0.2681770324707031,-4.246153831481934,0.49920527470146364,-4.775620224285973,4.091098451811171,20.0,1.0
0.9,0.2628364562988281,0.2628364562988281,-5.116483688354492,0.49442719099991606,-4.780523599931314,4.967774782444937,20.0,1.0
0.901,0.2590217590332031,0.2590217590332031,-4.263736724853516,0.48964422750160097,-4.78537979373877,4.090806300482702,20.0,1.0
0.902,0.2540626525878906,0.2540626525878906,-4.975824356079102,0.4848564314124385,-4.790188757779305,4.801511174790754,20.0,1.0
0.903,0.24872207641601562,0.24872207641601562,-4.984615325927734,0.48006384998604235,-4.794950444591279,4.816500352736989,20.0,1.0
0.904,0.24452590942382812,0.24452590942382812,-4.263736724853516,0.4752665305232559,-4.799664807177834,4.078884339664238,20.0,1.0
0.905,0.23918533325195312,0.23918533325195312,-5.239560127258301,0.4704645203716867,-4.8043317990105265,5.060812070642445,20.0,1.0
0.906,0.23498916625976562,0.23498916625976562,-4.210988998413086,0.46565786692523486,-4.808951374027856,4.015411637694615,20.0,1.0
0.907,0.22964859008789062,0.22964859008789062,-5.204395294189453,0.46084661762363094,-4.813523486636569,5.01483235826769,20.0,1.0
0.908,0.22583389282226562,0.22583389282226562,-4.079120635986328,0.4560308199519617,-4.818048091711859,3.8650110868683907,20.0,1.0
0.909,0.22049331665039062,0.22049331665039062,-5.19560432434082,0.45121052144020724,-4.822525144597535,4.9874232755396175,20.0,1.0
0.91,0.21591472625732422,0.21591472625732422,-4.527472496032715,0.4463857696627666,-4.826954601106991,4.309938763034572,20.0,1.0
0.911,0.21133708953857422,0.21133708953857422,-4.5626373291015625,0.44155661223799325,-4.831336417523261,4.335691365566682,20.0,1.0
0.912,0.20675945281982422,0.20675945281982422,-4.852746963500977,0.4367230968277201,-4.835670550599559,4.616349293059335,20.0,1.0
0.913,0.20218181610107422,0.20218181610107422,-4.360439300537109,0.43188527113679415,-4.839956957559451,4.114551443692057,20.0,1.0
0.914,0.19722270965576172,0.19722270965576172,-5.090109825134277,0.4270431829126012,-4.8441955960987855,4.842323694172281,20.0,1.0
0.915,0.19302654266357422,0.19302654266357422,-4.0439558029174805,0.42219687994459654,-4.848386424382909,3.778976124155018,20.0,1.0
0.916,0.18806743621826172,0.18806743621826172,-5.090109825134277,0.4173464100638353,-4.852529401050447,4.823159900995303,20.0,1.0
0.917,0.18348979949951172,0.18348979949951172,-4.413187026977539,0.4124918211424956,-4.856624485211853,4.136602974625363,20.0,1.0
0.918,0.17891216278076172,0.17891216278076172,-4.720879554748535,0.40763316109341163,-4.860671636450235,4.434627884551299,20.0,1.0
0.919,0.17471599578857422,0.17471599578857422,-4.421977996826172,0.40277047786959513,-4.864670814821949,4.118396823624641,20.0,1.0
0.92,0.17013835906982422,0.17013835906982422,-4.712087631225586,0.39790381946376774,-4.868621980856659,4.398774858247798,20.0,1.0
0.921,0.16479778289794922,0.16479778289794922,-4.905494689941406,0.3930332339078818,-4.872525095557933,4.597678614582126,20.0,1.0
0.922,0.16098308563232422,0.16098308563232422,-4.087912559509277,0.38815876927265186,-4.876380120403326,3.7550461119125043,20.0,1.0
0.923,0.1556415557861328,0.1556415557861328,-5.134065628051758,0.3832804736670752,-4.8801870173462305,4.806656968324375,20.0,1.0
0.924,0.1514453887939453,0.1514453887939453,-4.079120635986328,0.3783983952379594,-4.883945748813147,3.7342350160534625,20.0,1.0
0.925,0.1464862823486328,0.1464862823486328,-5.05494499206543,0.3735125821694489,-4.887656277707322,4.7078147107744295,20.0,1.0
0.926,0.1426715850830078,0.1426715850830078,-3.973626136779785,0.36862308268254473,-4.891318567407211,3.6013375213633125,20.0,1.0
0.927,0.1377124786376953,0.1377124786376953,-4.949450492858887,0.3637299450346344,-4.894932581767534,4.574867239030134,20.0,1.0
0.928,0.1331348419189453,0.1331348419189453,-4.448351860046387,0.35883321751900965,-4.898498285119501,4.063821086928172,20.0,1.0
0.929,0.1285572052001953,0.1285572052001953,-4.492307662963867,0.35393294846439544,-4.902015642270953,4.097806885976916,20.0,1.0
0.93,0.12397956848144531,0.12397956848144531,-4.59780216217041,0.3490291862344677,-4.905484618507018,4.19330989872384,20.0,1.0
0.931,0.11978340148925781,0.11978340148925781,-4.395604133605957,0.34412197922738136,-4.908905179589993,3.9734705087784343,20.0,1.0
0.932,0.11482429504394531,0.11482429504394531,-4.887911796569824,0.3392113758752877,-4.912277291761399,4.463376121435274,20.0,1.0
0.933,0.11062812805175781,0.11062812805175781,-3.982417106628418,0.3342974246438586,-4.915600921738701,3.5402021167317326,20.0,1.0
0.934,0.10566902160644531,0.10566902160644531,-5.0637359619140625,0.3293801740318103,-4.918876036719411,4.619082973701952,20.0,1.0
0.935,0.10185432434082031,0.10185432434082031,-4.0439558029174805,0.32445967257041974,-4.922102604379518,3.573960163129952,20.0,1.0
0.936,0.09689521789550781,0.09689521789550781,-4.870329856872559,0.3195359688230513,-4.925280592873975,4.397864282549453,20.0,1.0
0.937,0.0926980972290039,0.0926980972290039,-3.982417106628418,0.3146091113846718,-4.928409970837407,3.4922274189043687,20.0,1.0
0.9380000000000001,0.0881204605102539,0.0881204605102539,-4.870329856872559,0.30967914888137643,-4.9314907073841425,4.370012916910866,20.0,1.0
0.9390000000000001,0.0835428237915039,0.0835428237915039,-4.307692527770996,0.30474612996990347,-4.934522772108551,3.7972358792304366,20.0,1.0
0.9400000000000001,0.0793466567993164,0.0793466567993164,-4.4571428298950195,0.29981010333715935,-4.937506135084988,3.928905625566891,20.0,1.0
0.9410000000000001,0.0747690200805664,0.0747690200805664,-4.404396057128906,0.2948711176997335,-4.940440766869841,3.8659972426424076,20.0,1.0
0.9420000000000001,0.0705728530883789,0.0705728530883789,-4.378022193908691,0.2899292218034196,-4.943326638498576,3.8218229297109296,20.0,1.0
0.9430000000000001,0.0656137466430664,0.0656137466430664,-4.641757965087891,0.28498446442273634,-4.9461637214891425,4.083008599192147,20.0,1.0
0.9440000000000001,0.061799049377441406,0.061799049377441406,-4.008790969848633,0.2800368943604414,-4.948951987840502,3.4245958816681306,20.0,1.0
0.9450000000000001,0.057221412658691406,0.057221412658691406,-4.632966995239258,0.2750865604470553,-4.95169141003376,4.038578540972776,20.0,1.0
0.9460000000000001,0.053025245666503906,0.053025245666503906,-3.9648351669311523,0.27013351154037385,-4.954381961031913,3.3526185233766377,20.0,1.0
0.9470000000000001,0.048066139221191406,0.048066139221191406,-4.861538887023926,0.26517779652499146,-4.957023614280217,4.24674841881971,20.0,1.0
0.9480000000000001,0.044632911682128906,0.044632911682128906,-3.683516502380371,0.26021946431181336,-4.959616343706756,3.0356312112673045,20.0,1.0
0.9490000000000001,0.039673805236816406,0.039673805236816406,-4.879120826721191,0.25525856383757795,-4.962160123721887,4.228655875014535,20.0,1.0
0.9500000000000001,0.035477638244628906,0.035477638244628906,-3.9472522735595703,0.2502951440643696,-4.964654929220572,3.2789474607338125,20.0,1.0
0.9510000000000001,0.0308990478515625,0.0308990478515625,-4.659340858459473,0.2453292539791368,-4.967100735579095,3.9808442454318635,20.0,1.0
0.9520000000000001,0.0270843505859375,0.0270843505859375,-3.8593406677246094,0.2403609425932114,-4.969497518658628,3.1553749892114595,20.0,1.0
0.9530000000000001,0.0225067138671875,0.0225067138671875,-4.632966995239258,0.23539025894181953,-4.971845254803952,3.918792641927946,20.0,1.0
0.9540000000000001,0.018310546875,0.018310546875,-4.114285469055176,0.23041725208360347,-4.974143920843829,3.3822756523834157,20.0,1.0
0.9550000000000001,0.0141143798828125,0.0141143798828125,-4.439560890197754,0.22544197110013187,-4.976393494091312,3.6897192204528295,20.0,1.0
0.9560000000000001,0.009918212890625,0.009918212890625,-3.9648351669311523,0.22046446509542084,-4.97859395234407,3.1971662586829988,20.0,1.0
0.9570000000000001,0.005340576171875,0.005340576171875,-4.492307662963867,0.21548478319544373,-4.980745273884494,3.714446529550747,20.0,1.0
0.9580000000000001,0.0011444091796875,0.0011444091796875,-4.19340705871582,0.21050297454765185,-4.982847437479492,3.3977309285956148,20.0,1.0
0.9590000000000001,-0.0030517578125,-0.0030517578125,-4.351648330688477,0.2055190883204847,-4.984900422382594,3.5381648309655764,20.0,1.0
0.96,-0.006866455078125,-0.006866455078125,-3.991209030151367,0.20053317370288726,-4.986904208331012,3.1522973974406003,20.0,1.0
0.961,-0.011444091796875,-0.011444091796875,-4.448351860046387,0.1955452799038232,-4.988858775547627,3.5992805185127246,20.0,1.0
0.962,-0.0156402587890625,-0.0156402587890625,-4.140659332275391,0.19055545615179198,-4.990764104742141,3.2738095263503393,20.0,1.0
0.963,-0.01983642578125,-0.01983642578125,-4.219779968261719,0.18556375169433892,-4.9926201771104814,3.3351633406630157,20.0,1.0
0.964,-0.0240325927734375,-0.0240325927734375,-4.017582893371582,0.18057021579757102,-4.994426974332939,3.1152120904588134,20.0,1.0
0.965,-0.028228759765625,-0.028228759765625,-4.334066390991211,0.17557489774567303,-4.996184478577447,3.413955062639724,20.0,1.0
0.966,-0.032425880432128906,-0.032425880432128906,-4.123077392578125,0.1705778468404161,-4.997892672498224,3.185259265530801,20.0,1.0
0.967,-0.036622047424316406,-0.036622047424316406,-4.175824165344238,0.16557911240067658,-4.999551539236066,3.2202958226080316,20.0,1.0
0.968,-0.040436744689941406,-0.040436744689941406,-3.9648351669311523,0.16057874376194398,-5.001161062418589,2.9839838735502706,20.0,1.0
0.969,-0.044632911682128906,-0.044632911682128906,-4.298901557922363,0.15557679027583937,-5.002721226160489,3.30037437092124,20.0,1.0
0.97,-0.048829078674316406,-0.048829078674316406,-4.017582893371582,0.150573301309623,-5.004232015063565,3.0013984779868053,20.0,1.0
0.971,-0.053025245666503906,-0.053025245666503906,-4.228571891784668,0.14556832624571223,-5.005693414216964,3.194749915812027,20.0,1.0
0.972,-0.056839942932128906,-0.056839942932128906,-3.7186813354492188,0.14056191448118904,-5.007105409197209,2.659613074518369,20.0,1.0
0.973,-0.061036109924316406,-0.061036109924316406,-4.465933799743652,0.1355541154273178,-5.008467986068183,3.389270320708153,20.0,1.0
0.974,-0.0648508071899414,-0.0648508071899414,-3.771428108215332,0.13054497850905267,-5.009781131382844,2.669562690812369,20.0,1.0
0.975,-0.0694284439086914,-0.0694284439086914,-4.360439300537109,0.12553455316455212,-5.011044832179891,3.2486544098220884,20.0,1.0
0.976,-0.0728616714477539,-0.0728616714477539,-3.5428571701049805,0.12052288884469287,-5.012259075987515,2.3982892999664007,20.0,1.0
0.977,-0.0774393081665039,-0.0774393081665039,-4.545055389404297,0.11551003501257706,-5.013423850821582,3.3906184021643346,20.0,1.0
0.978,-0.0808725357055664,-0.0808725357055664,-3.5692310333251953,0.1104960411430497,-5.014539145186234,2.3820634251112835,20.0,1.0
0.979,-0.0854501724243164,-0.0854501724243164,-4.509890556335449,0.10548095672220459,-5.015604948073971,3.312908191191898,20.0,1.0
0.98,-0.0888833999633789,-0.0888833999633789,-3.3582420349121094,0.10046483124690174,-5.0166212489657624,2.12858541015196,20.0,1.0
0.981,-0.0934610366821289,-0.0934610366821289,-4.536263465881348,0.09544771422427306,-5.017588037831118,3.2968504461782695,20.0,1.0
0.982,-0.09689521789550781,-0.09689521789550781,-3.490109443664551,0.09042965517123949,-5.018505305127867,2.2181015998716296,20.0,1.0
0.983,-0.10147285461425781,-0.10147285461425781,-4.545055389404297,0.08541070361401731,-5.019373041804009,3.26335351216579,20.0,1.0
0.984,-0.10452461242675781,-0.10452461242675781,-3.287912368774414,0.08039090908763147,-5.020191239294277,1.9660315597679223,20.0,1.0
0.985,-0.10910224914550781,-0.10910224914550781,-4.316483497619629,0.07537032113542874,-5.020959889523766,2.984975013714594,20.0,1.0
0.986,-0.11253547668457031,-0.11253547668457031,-3.683516502380371,0.07034898930858392,-5.021678984906167,2.3195268373372886,20.0,1.0
0.987,-0.11673164367675781,-0.11673164367675781,-4.175824165344238,0.0653269631656164,-5.022348518344327,2.7946477838473958,20.0,1.0
0.988,-0.12054634094238281,-0.12054634094238281,-3.7274723052978516,0.06030429227189526,-5.022968483230226,2.321516486353187,20.0,1.0
0.989,-0.12436103820800781,-0.12436103820800781,-3.771428108215332,0.05528102619915594,-5.0235388734450375,2.340730522913569,20.0,1.0
0.99,-0.1285572052001953,-0.1285572052001953,-4.228571891784668,0.05025721452500518,-5.024059683359251,2.7808006029294265,20.0,1.0
0.991,-0.1323719024658203,-0.1323719024658203,-3.6219778060913086,0.04523290683243743,-5.024530907832332,2.1495430842241308,20.0,1.0
0.992,-0.1365680694580078,-0.1365680694580078,-4.158242225646973,0.0402081527093405,-5.02495254221455,2.6688141267793895,20.0,1.0
0.993,-0.1396198272705078,-0.1396198272705078,-3.393406867980957,0.035183001748008313,-5.025324582343478,1.864138866007802,20.0,1.0
0.994,-0.1441974639892578,-0.1441974639892578,-4.413187026977539,0.030157503544653536,-5.025647024547583,2.8746393531081833,20.0,1.0
0.995,-0.1476306915283203,-0.1476306915283203,-3.4373626708984375,0.02513170769891314,-5.025919865644493,1.8666907897986138,20.0,1.0
0.996,-0.1518268585205078,-0.1518268585205078,-4.325274467468262,0.020105663813364538,-5.026143102941375,2.737781811204334,20.0,1.0
0.997,-0.1552600860595703,-0.1552600860595703,-3.287912368774414,0.01507942149303038,-5.026316734234963,1.6683857855914646,20.0,1.0
0.998,-0.15945720672607422,-0.15945720672607422,-4.263736724853516,0.010053030344894603,-5.026440757811592,2.6275007084613,20.0,1.0
0.999,-0.16289043426513672,-0.16289043426513672,-3.5164833068847656,0.005026539977407185,-5.026515172447199,1.8483076192884451,20.0,1.0
1.0,-0.16708660125732422,-0.16708660125732422,-4.149450302124023,1.9594348786357652e-16,-5.02653997740706,2.464642349863452,20.0,1.0
1.0010000000000001,-0.17051982879638672,-0.17051982879638672,-3.4989013671875,-0.005026539977407503,-5.0265151724471995,1.7822519711198845,20.0,1.0
1.002,-0.17433452606201172,-0.17433452606201172,-3.683516502380371,-0.010053030344894211,-5.026440757811593,1.942705658911128,20.0,1.0
1.0030000000000001,-0.17814922332763672,-0.17814922332763672,-3.973626136779785,-0.015079421493030699,-5.026316734234965,2.2087054392369403,20.0,1.0
1.004,-0.18196392059326172,-0.18196392059326172,-3.472527503967285,-0.02010566381336415,-5.026143102941373,1.6835495366238638,20.0,1.0
1.0050000000000001,-0.18577861785888672,-0.18577861785888672,-4.087912559509277,-0.025131707698913455,-5.025919865644495,2.2749308970642477,20.0,1.0
1.006,-0.18921184539794922,-0.18921184539794922,-3.164834976196289,-0.030157503544653144,-5.025647024547585,1.3202747887146264,20.0,1.0
1.0070000000000001,-0.19340801239013672,-0.19340801239013672,-4.290109634399414,-0.03518300174800863,-5.025324582343481,2.4292852648984944,20.0,1.0
1.008,-0.19645977020263672,-0.19645977020263672,-3.2087907791137695,-0.04020815270934011,-5.024952542214553,1.3088705867651487,20.0,1.0
1.0090000000000001,-0.20065593719482422,-0.20065593719482422,-4.105494499206543,-0.04523290683243775,-5.0245309078323395,2.189424198621933,20.0,1.0
1.01,-0.20408916473388672,-0.20408916473388672,-3.3582420349121094,-0.05025721452500479,-5.024059683359248,1.4108213557305005,20.0,1.0
1.0110000000000001,-0.20752239227294922,-0.20752239227294922,-3.5692310333251953,-0.05528102619915626,-5.0235388734450375,1.5905194813560168,20.0,1.0
1.012,-0.21133708953857422,-0.21133708953857422,-3.8417577743530273,-0.06030429227189487,-5.0229684832302155,1.839445236456399,20.0,1.0
1.0130000000000001,-0.21477031707763672,-0.21477031707763672,-3.375823974609375,-0.0653269631656167,-5.022348518344334,1.3423425345054416,20.0,1.0
1.014,-0.21896743774414062,-0.21896743774414062,-4.0439558029174805,-0.07034898930858353,-5.021678984905812,1.9946457867228107,20.0,1.0
1.0150000000000001,-0.22201919555664062,-0.22201919555664062,-3.0241756439208984,-0.07537032113542835,-5.020959889523773,0.9361932428213704,20.0,1.0
1.016,-0.22583389282226562,-0.22583389282226562,-4.05274772644043,-0.08039090908763108,-5.020191239294277,1.941416161838843,20.0,1.0
1.0170000000000001,-0.22926712036132812,-0.22926712036132812,-3.2527475357055664,-0.08541070361401693,-5.019373041804016,1.1105028288477743,20.0,1.0
1.018,-0.23308181762695312,-0.23308181762695312,-3.7450551986694336,-0.0904296551712391,-5.018505305128215,1.5795931426554985,20.0,1.0
1.0190000000000001,-0.23651504516601562,-0.23651504516601562,-3.481318473815918,-0.09544771422427338,-5.017588037831132,1.2850770548196309,20.0,1.0
1.02,-0.23956680297851562,-0.23956680297851562,-3.164834976196289,-0.10046483124690136,-5.0166212489657624,0.9302531618628116,20.0,1.0
1.0210000000000001,-0.24376296997070312,-0.24376296997070312,-4.09670352935791,-0.10548095672220492,-5.015604948073964,1.8467388462539103,20.0,1.0
1.022,-0.24681472778320312,-0.24681472778320312,-3.059340476989746,-0.1104960411430493,-5.014539145186227,0.771175064606596,20.0,1.0
1.0230000000000001,-0.2506294250488281,-0.2506294250488281,-3.920879364013672,-0.1155100350125774,-5.013423850821589,1.6098433139170978,20.0,1.0
1.024,-0.2536811828613281,-0.2536811828613281,-3.173625946044922,-0.12052288884469248,-5.012259075987359,0.8245327503902757,20.0,1.0
1.025,-0.2571144104003906,-0.2571144104003906,-3.367033004760742,-0.125534553164551,-5.011044832179898,0.9875853172976363,20.0,1.0
1.026,-0.2609291076660156,-0.2609291076660156,-3.771428108215332,-0.1305449785090523,-5.009781131382844,1.3693295599717539,20.0,1.0
1.027,-0.2639808654785156,-0.2639808654785156,-3.1296701431274414,-0.13555411542731668,-5.008467986068169,0.6897371580832514,20.0,1.0
1.028,-0.2681770324707031,-0.2681770324707031,-3.9648351669311523,-0.14056191448118865,-5.007105409197223,1.5100321175242186,20.0,1.0
1.029,-0.2708473205566406,-0.2708473205566406,-2.857142448425293,-0.14556832624571112,-5.00569341421695,0.35702892042693346,20.0,1.0
1.03,-0.2746620178222656,-0.2746620178222656,-3.7274723052978516,-0.15057330130962257,-5.004232015063579,1.205014620487134,20.0,1.0
1.031,-0.2780952453613281,-0.2780952453613281,-3.393406867980957,-0.1555767902758383,-5.002721226160503,0.8410547435302509,20.0,1.0
1.032,-0.2811470031738281,-0.2811470031738281,-3.2351646423339844,-0.1605787437619436,-5.001161062418589,0.645368768153086,20.0,1.0
1.033,-0.28496265411376953,-0.28496265411376953,-3.885714530944824,-0.16557911240067547,-4.999551539236023,1.2738338259706823,20.0,1.0
1.034,-0.28801441192626953,-0.28801441192626953,-2.760439872741699,-0.1705778468404157,-4.997892672498239,0.11127850196053757,20.0,1.0
1.035,-0.29182910919189453,-0.29182910919189453,-3.815384864807129,-0.17557489774567195,-4.996184478577462,1.144284615154119,20.0,1.0
1.036,-0.29488086700439453,-0.29488086700439453,-3.2087907791137695,-0.18057021579757063,-4.994426974332939,0.5005768289173091,20.0,1.0
1.037,-0.29831409454345703,-0.29831409454345703,-3.2351646423339844,-0.1855637516943378,-4.992620177110453,0.4975513222059158,20.0,1.0
1.038,-0.30174732208251953,-0.30174732208251953,-3.683516502380371,-0.1905554561517916,-4.990764104742496,0.9165897162524339,20.0,1.0
1.039,-0.30441761016845703,-0.30441761016845703,-2.7340660095214844,-0.19554527990382278,-4.988858775547627,-0.07734616073345713,20.0,1.0
1.04,-0.30823230743408203,-0.30823230743408203,-3.709890365600586,-0.20053317370288687,-4.986904208330785,0.8769688318937048,20.0,1.0
1.041,-0.31166553497314453,-0.31166553497314453,-3.191208839416504,-0.20551908832048432,-4.984900422382651,0.3292373500870571,20.0,1.0
1.042,-0.31471729278564453,-0.31471729278564453,-3.164834976196289,-0.2105029745476522,-4.982847437479506,0.26627390347662905,20.0,1.0
1.043,-0.31815052032470703,-0.31815052032470703,-3.5252742767333984,-0.2154847831954433,-4.980745273884466,0.5978437454342069,20.0,1.0
1.044,-0.32082080841064453,-0.32082080841064453,-2.760439872741699,-0.22046446509542117,-4.978593952344113,-0.2110272132979465,20.0,1.0
1.045,-0.32463550567626953,-0.32463550567626953,-3.5340662002563477,-0.22544197110013153,-4.9763934940912975,0.5415433976878101,20.0,1.0
1.046,-0.32768726348876953,-0.32768726348876953,-3.076923370361328,-0.23041725208360378,-4.974143920843815,0.04817967762082809,20.0,1.0
1.047,-0.33073902130126953,-0.33073902130126953,-3.1296701431274414,-0.23539025894181914,-4.971845254803597,0.06480013551285224,20.0,1.0
1.048,-0.33417224884033203,-0.33417224884033203,-3.5164833068847656,-0.240360942593211,-4.969497518658656,0.42321191316853013,20.0,1.0
1.049,-0.33684253692626953,-0.33684253692626953,-2.7340660095214844,-0.24532925397913644,-4.967100735579081,-0.4027690671149342,20.0,1.0
1.05,-0.34027576446533203,-0.34027576446533203,-3.2527475357055664,-0.2502951440643692,-4.964654929220586,0.08770501450423684,20.0,1.0
1.051,-0.34332752227783203,-0.34332752227783203,-3.270329475402832,-0.2552585638375776,-4.962160123722214,0.0695485204857067,20.0,1.0
1.052,-0.34638023376464844,-0.34638023376464844,-2.9186811447143555,-0.26021946431181364,-4.95961634370677,-0.3177198099357188,20.0,1.0
1.053,-0.34981346130371094,-0.34981346130371094,-3.5516481399536133,-0.2651777965249911,-4.957023614280274,0.2873378212477353,20.0,1.0
1.054,-0.35286521911621094,-0.35286521911621094,-2.778021812438965,-0.2701335115403742,-4.954381961031913,-0.5217259970762134,20.0,1.0
1.055,-0.35553550720214844,-0.35553550720214844,-2.9362640380859375,-0.27508656044705493,-4.95169141003376,-0.40644843684595244,20.0,1.0
1.056,-0.35935020446777344,-0.35935020446777344,-3.578022003173828,-0.28003689436044177,-4.94895198784053,0.21533621747993115,20.0,1.0
1.057,-0.36202049255371094,-0.36202049255371094,-2.7164831161499023,-0.28498446442273595,-4.946163721489057,-0.6889600427196552,20.0,1.0
1.058,-0.36507225036621094,-0.36507225036621094,-3.3054943084716797,-0.2899292218034199,-4.943326638498576,-0.13497175877107526,20.0,1.0
1.059,-0.36850547790527344,-0.36850547790527344,-3.1560440063476562,-0.2948711176997331,-4.9404407668698695,-0.31170955641140696,20.0,1.0
1.06,-0.37079429626464844,-0.37079429626464844,-2.6021976470947266,-0.29981010333715963,-4.937506135084988,-0.9156246294404848,20.0,1.0
1.061,-0.37460899353027344,-0.37460899353027344,-3.507692337036133,-0.304746129969903,-4.934522772108551,-0.029573163865009633,20.0,1.0
1.062,-0.37727928161621094,-0.37727928161621094,-2.9186811447143555,-0.30967914888137676,-4.931490707384228,-0.6608069079731889,20.0,1.0
1.063,-0.38033103942871094,-0.38033103942871094,-2.9362640380859375,-0.3146091113846714,-4.928409970837436,-0.6777073718707074,20.0,1.0
1.064,-0.38376426696777344,-0.38376426696777344,-3.5428571701049805,-0.31953596882305163,-4.9252805928740315,-0.09785745987461492,20.0,1.0
1.065,-0.38643455505371094,-0.38643455505371094,-2.567032814025879,-0.3244596725704194,-4.92210260437912,-1.1155721406874104,20.0,1.0
1.066,-0.38948631286621094,-0.38948631286621094,-3.0153846740722656,-0.3293801740318099,-4.918876036719411,-0.7013685859591245,20.0,1.0
1.067,-0.39291954040527344,-0.39291954040527344,-3.4373626708984375,-0.3342974246438582,-4.9156009217386725,-0.3057959356119302,20.0,1.0
1.068,-0.39558982849121094,-0.39558982849121094,-2.584615707397461,-0.33921137587528727,-4.912277291761399,-1.2000925320454643,20.0,1.0
1.069,-0.39902305603027344,-0.39902305603027344,-3.4461536407470703,-0.34412197922738097,-4.908905179590363,-0.3647300027854432,20.0,1.0
1.07,-0.40169334411621094,-0.40169334411621094,-2.953845977783203,-0.34902918623446805,-4.905484618507046,-0.898355483088985,20.0,1.0
1.071,-0.40436363220214844,-0.40436363220214844,-2.487912178039551,-0.35393294846439505,-4.902015642270925,-1.4054897894763063,20.0,1.0
1.072,-0.40779781341552734,-0.40779781341552734,-3.40219783782959,-0.35883321751900993,-4.89849828511953,-0.5170085293595916,20.0,1.0
1.073,-0.41046810150146484,-0.41046810150146484,-2.84835147857666,-0.3637299450346341,-4.894932581767563,-1.1118179738542873,20.0,1.0
1.074,-0.41313838958740234,-0.41313838958740234,-2.663736343383789,-0.36862308268254507,-4.891318567407211,-1.3372760859262764,20.0,1.0
1.075,-0.41657161712646484,-0.41657161712646484,-3.3582420349121094,-0.3735125821694485,-4.887656277707293,-0.668233543654857,20.0,1.0
1.076,-0.41924190521240234,-0.41924190521240234,-2.5494508743286133,-0.3783983952379597,-4.883945748813204,-1.517624674995738,20.0,1.0
1.077,-0.42153072357177734,-0.42153072357177734,-2.5318679809570312,-0.38328047366707485,-4.8801870173462305,-1.5833140382951494,20.0,1.0
1.078,-0.42496395111083984,-0.42496395111083984,-3.34945011138916,-0.3881587692726522,-4.876380120403354,-0.790826372250441,20.0,1.0
1.079,-0.42763423919677734,-0.42763423919677734,-2.5494508743286133,-0.3930332339078815,-4.872525095557933,-1.631054115451402,20.0,1.0
1.08,-0.43030452728271484,-0.43030452728271484,-2.6021976470947266,-0.39790381946376807,-4.868621980856631,-1.6184101773829687,20.0,1.0
1.081,-0.43335628509521484,-0.43335628509521484,-3.296703338623047,-0.4027704778695947,-4.864670814821892,-0.956251331686442,20.0,1.0
1.082,-0.43602657318115234,-0.43602657318115234,-2.4175825119018555,-0.4076331610934119,-4.86067163645032,-1.8752208827936558,20.0,1.0
1.083,-0.43831539154052734,-0.43831539154052734,-2.435164451599121,-0.4124918211424953,-4.8566244852114835,-1.904988625651721,20.0,1.0
1.084,-0.44174861907958984,-0.44174861907958984,-3.2263736724853516,-0.41734641006383494,-4.852529401050447,-1.138111548249997,20.0,1.0
1.085,-0.44403743743896484,-0.44403743743896484,-2.540658950805664,-0.42219687994459615,-4.848386424382909,-1.870916323689871,20.0,1.0
1.086,-0.44670772552490234,-0.44670772552490234,-2.5142860412597656,-0.42704318291260085,-4.844195596098814,-1.9366187025930184,20.0,1.0
1.087,-0.44975948333740234,-0.44975948333740234,-3.2263736724853516,-0.43188527113679376,-4.839956957559735,-1.2560990410622122,20.0,1.0
1.088,-0.45242977142333984,-0.45242977142333984,-2.5054941177368164,-0.43672309682772037,-4.835670550599559,-2.0160429409503533,20.0,1.0
1.089,-0.45471858978271484,-0.45471858978271484,-2.3032970428466797,-0.44155661223799286,-4.831336417523261,-2.264799823782141,20.0,1.0
1.09,-0.45777034759521484,-0.45777034759521484,-3.138461112976074,-0.4463857696627669,-4.826954601107047,-1.460801929482014,20.0,1.0
1.091,-0.46044063568115234,-0.46044063568115234,-2.7164831161499023,-0.4512105214402069,-4.822525144597535,-1.9214397436287234,20.0,1.0
1.092,-0.46272945404052734,-0.46272945404052734,-2.34725284576416,-0.456030819951962,-4.81804809171183,-2.336822564176363,20.0,1.0
1.093,-0.46578121185302734,-0.46578121185302734,-3.076923370361328,-0.46084661762363055,-4.813523486636569,-1.6379082316873053,20.0,1.0
1.094,-0.46883392333984375,-0.46883392333984375,-2.690110206604004,-0.4656578669252352,-4.808951374027856,-2.055320039131681,20.0,1.0
1.095,-0.47074127197265625,-0.47074127197265625,-2.162637710571289,-0.47046452037168623,-4.80433179901047,-2.63615905641978,20.0,1.0
1.096,-0.47379302978515625,-0.47379302978515625,-2.874725341796875,-0.4752665305232562,-4.799664807177919,-1.9544094801430427,20.0,1.0
1.097,-0.47684478759765625,-0.47684478759765625,-2.9978017807006836,-0.480063849986042,-4.794950444591251,-1.8615299116582826,20.0,1.0
1.098,-0.47875213623046875,-0.47875213623046875,-2.2065935134887695,-0.4848564314124388,-4.790188757779305,-2.705681147929936,20.0,1.0
1.099,-0.48142242431640625,-0.48142242431640625,-2.646153450012207,-0.48964422750160064,-4.78537979373877,-2.3036624074304504,20.0,1.0
1.1,-0.48447418212890625,-0.48447418212890625,-2.989010810852051,-0.4944271909999164,-4.780523599931314,-1.990572966499466,20.0,1.0
1.101,-0.48676300048828125,-0.48676300048828125,-2.171428680419922,-0.49920527470146325,-4.775620224285916,-2.8530370281296342,20.0,1.0
1.102,-0.48905181884765625,-0.48905181884765625,-2.356043815612793,-0.5039784314484883,-4.770669715196988,-2.713158151600836,20.0,1.0
1.103,-0.49210357666015625,-0.49210357666015625,-3.1032962799072266,-0.5087466141318572,-4.765672121523437,-1.995236591050229,20.0,1.0
1.104,-0.49439239501953125,-0.49439239501953125,-2.34725284576416,-0.5135097756915352,-4.7606274925908,-2.795722260266719,20.0,1.0
1.105,-0.49668121337890625,-0.49668121337890625,-2.268132209777832,-0.5182678691170387,-4.755535878186379,-2.919136783171196,20.0,1.0
1.106,-0.49973297119140625,-0.49973297119140625,-2.9186811447143555,-0.523020847447908,-4.750397328562883,-2.2974737089785626,20.0,1.0
1.107,-0.5020217895507812,-0.5020217895507812,-2.452747344970703,-0.5277686637741644,-4.745211894435386,-2.807402033932346,20.0,1.0
1.108,-0.5043106079101562,-0.5043106079101562,-2.1098899841308594,-0.5325112712367788,-4.73997962698229,-3.194102909383881,20.0,1.0
1.109,-0.5069808959960938,-0.5069808959960938,-2.6549453735351562,-0.5372486230281289,-4.734700577843796,-2.6851097449493433,20.0,1.0
1.11,-0.5096511840820312,-0.5096511840820312,-2.7868127822875977,-0.5419806723924664,-4.7293747991221835,-2.5891517830432886,20.0,1.0
1.111,-0.5119400024414062,-0.5119400024414062,-2.1978025436401367,-0.5467073726263733,-4.724002343380619,-3.221547203439822,20.0,1.0
1.112,-0.5146102905273438,-0.5146102905273438,-2.558241844177246,-0.5514286770792276,-4.718583263642984,-2.8967091505034146,20.0,1.0
1.113,-0.5172805786132812,-0.5172805786132812,-2.9274721145629883,-0.5561445391536592,-4.7131176133935355,-2.562924709638107,20.0,1.0
1.114,-0.5195693969726562,-0.5195693969726562,-2.15384578704834,-0.5608549123060148,-4.707605446576167,-3.3794699661949985,20.0,1.0
1.115,-0.5218582153320312,-0.5218582153320312,-2.1802196502685547,-0.5655597500468115,-4.702046817593384,-3.395857861620434,20.0,1.0
1.116,-0.5245285034179688,-0.5245285034179688,-2.9186811447143555,-0.5702590059412016,-4.696441781306589,-2.692370687056891,20.0,1.0
1.117,-0.5271987915039062,-0.5271987915039062,-2.4967031478881836,-0.5749526336094246,-4.690790393036025,-3.1491640872582085,20.0,1.0
1.118,-0.5291061401367188,-0.5291061401367188,-2.15384578704834,-0.5796405867272737,-4.685092708557761,-3.54193585332052,20.0,1.0
1.119,-0.5317773818969727,-0.5317773818969727,-2.690110206604004,-0.58432281902654,-4.679348784105798,-3.040147320093142,20.0,1.0
1.12,-0.5344476699829102,-0.5344476699829102,-2.6549453735351562,-0.5889992842954853,-4.6735586763706465,-3.1096455890869934,20.0,1.0
1.121,-0.5367364883422852,-0.5367364883422852,-2.0043954849243164,-0.5936699363792813,-4.66772244249762,-3.8019959183132275,20.0,1.0
1.122,-0.5390253067016602,-0.5390253067016602,-2.2329673767089844,-0.5983347291804807,-4.661840140089396,-3.6150612129568223,20.0,1.0
1.123,-0.5416955947875977,-0.5416955947875977,-2.9450550079345703,-0.60299361665946,-4.655911827200555,-2.9368172567032325,20.0,1.0
1.124,-0.5439844131469727,-0.5439844131469727,-2.2857141494750977,-0.6076465528348819,-4.649937562341677,-3.637466206624764,20.0,1.0
1.125,-0.5462732315063477,-0.5462732315063477,-2.0747251510620117,-0.6122934917841435,-4.643917404476383,-3.889597458970288,20.0,1.0
1.1260000000000001,-0.5489435195922852,-0.5489435195922852,-2.6813182830810547,-0.6169343876438347,-4.63785141302111,-3.316350490971046,20.0,1.0
1.127,-0.5512323379516602,-0.5512323379516602,-2.5494508743286133,-0.6215691946101857,-4.631739647844711,-3.489025906686608,20.0,1.0
1.1280000000000001,-0.5531396865844727,-0.5531396865844727,-1.9076919555664062,-0.6261978669395242,-4.625582169267943,-4.179053820802567,20.0,1.0
1.129,-0.5554285049438477,-0.5554285049438477,-2.162637710571289,-0.6308203589487216,-4.6193790380625614,-3.9645784075887507,20.0,1.0
1.1300000000000001,-0.5580987930297852,-0.5580987930297852,-2.795604705810547,-0.6354366250156493,-4.613130315451087,-3.3642822493578244,20.0,1.0
1.131,-0.5603876113891602,-0.5603876113891602,-2.2153844833374023,-0.6400466195796237,-4.606836063105675,-3.984631743577544,20.0,1.0
1.1320000000000001,-0.5626764297485352,-0.5626764297485352,-2.0307693481445312,-0.6446502971418607,-4.600496343148222,-4.209204342870203,20.0,1.0
1.133,-0.5649652481079102,-0.5649652481079102,-2.4703292846679688,-0.6492476122659201,-4.5941112181491235,-3.8094292166413535,20.0,1.0
1.1340000000000001,-0.5676355361938477,-0.5676355361938477,-2.567032814025879,-0.653838519578159,-4.587680751126754,-3.7447076047871017,20.0,1.0
1.135,-0.5695428848266602,-0.5695428848266602,-1.916482925415039,-0.6584229737681736,-4.5812050055480995,-4.442323858963329,20.0,1.0
1.1360000000000001,-0.5714502334594727,-0.5714502334594727,-1.9692306518554688,-0.6630009295892552,-4.574684045325284,-4.436467316065466,20.0,1.0
1.137,-0.5741205215454102,-0.5741205215454102,-2.6109886169433594,-0.6675723418588242,-4.568117934817735,-3.8261657241426565,20.0,1.0
1.1380000000000001,-0.5764093399047852,-0.5764093399047852,-2.4087915420532227,-0.6721371654588907,-4.56150673883036,-4.067271707859248,20.0,1.0
1.139,-0.5783166885375977,-0.5783166885375977,-1.9428577423095703,-0.676695355336485,-4.554850522612753,-4.579566116280929,20.0,1.0
1.1400000000000001,-0.5806055068969727,-0.5806055068969727,-2.241758346557617,-0.6812468665041163,-4.548149351860161,-4.319218197445416,20.0,1.0
1.141,-0.5832757949829102,-0.5832757949829102,-2.663736343383789,-0.6857916540402051,-4.541403292709106,-3.9279841304712164,20.0,1.0
1.1420000000000001,-0.5851831436157227,-0.5851831436157227,-2.048351287841797,-0.6903296730895345,-4.5346124117410795,-4.58919171337552,20.0,1.0
1.143,-0.5870904922485352,-0.5870904922485352,-1.872528076171875,-0.6948608788636873,-4.5277767759791345,-4.810656432110303,20.0,1.0
1.1440000000000001,-0.5893793106079102,-0.5893793106079102,-2.3032970428466797,-0.6993852266414929,-4.520896452888451,-4.417717730713427,20.0,1.0
1.145,-0.5920495986938477,-0.5920495986938477,-2.6813182830810547,-0.7039026717694642,-4.5139715103748586,-4.069714688806135,20.0,1.0
1.1460000000000001,-0.5943393707275391,-0.5943393707275391,-1.9692306518554688,-0.7084131696622428,-4.507002016784952,-4.819247343623557,20.0,1.0
1.147,-0.5962467193603516,-0.5962467193603516,-1.9340667724609375,-0.7129166758030341,-4.499988040904611,-4.899320397297324,20.0,1.0
1.1480000000000001,-0.5985355377197266,-0.5985355377197266,-2.487912178039551,-0.717413145744052,-4.492929651959059,-4.382569634406018,20.0,1.0
1.149,-0.6008243560791016,-0.6008243560791016,-2.3912086486816406,-0.7219025351069521,-4.485826919611668,-4.516181851487039,20.0,1.0
1.1500000000000001,-0.6027317047119141,-0.6027317047119141,-1.8549442291259766,-0.7263847995832754,-4.478679913963674,-5.096797582264925,20.0,1.0
1.151,-0.6046390533447266,-0.6046390533447266,-1.9428577423095703,-0.7308598949348794,-4.471488705552815,-5.0530477950463,20.0,1.0
1.1520000000000001,-0.6073093414306641,-0.6073093414306641,-2.5142860412597656,-0.7353277769943811,-4.464253365353613,-4.510336035368189,20.0,1.0
1.153,-0.6095981597900391,-0.6095981597900391,-2.3384618759155273,-0.7397884016655865,-4.456973964776239,-4.72231692637166,20.0,1.0
1.154,-0.6115055084228516,-0.6115055084228516,-1.8461532592773438,-0.7442417249239327,-4.44965057566526,-5.258221646409538,20.0,1.0
1.155,-0.6137943267822266,-0.6137943267822266,-2.1274728775024414,-0.7486877028169171,-4.442283270299413,-5.012677913490782,20.0,1.0
1.156,-0.6160831451416016,-0.6160831451416016,-2.5758237838745117,-0.7531262914645316,-4.434872121391095,-4.599911263975184,20.0,1.0
1.157,-0.6183719635009766,-0.6183719635009766,-2.048351287841797,-0.7575574470596993,-4.427417202085337,-5.162775585417995,20.0,1.0
1.158,-0.6198978424072266,-0.6198978424072266,-1.7230777740478516,-0.7619811258687021,-4.41991858595901,-5.53850648114067,20.0,1.0
1.159,-0.6221866607666016,-0.6221866607666016,-2.0835161209106445,-0.7663972842316175,-4.412376347020995,-5.213072695410668,20.0,1.0
1.16,-0.6244754791259766,-0.6244754791259766,-2.5318679809570312,-0.7708058785627441,-4.404790559709568,-4.799530567487887,20.0,1.0
1.161,-0.6263828277587891,-0.6263828277587891,-1.9956035614013672,-0.7752068653510367,-4.397161298893707,-5.378038489337292,20.0,1.0
1.162,-0.6282901763916016,-0.6282901763916016,-1.7670326232910156,-0.7796002011605314,-4.389488639870876,-5.648656511958458,20.0,1.0
1.163,-0.6305789947509766,-0.6305789947509766,-2.1274728775024414,-0.7839858426307785,-4.381772658367481,-5.322436738461079,20.0,1.0
1.164,-0.6328678131103516,-0.6328678131103516,-2.5230770111083984,-0.7883637464772663,-4.374013430536763,-4.960855086766658,20.0,1.0
1.165,-0.6347751617431641,-0.6347751617431641,-1.8901100158691406,-0.7927338694918521,-4.366211032959484,-5.635275172064103,20.0,1.0
1.166,-0.6363010406494141,-0.6363010406494141,-1.6175823211669922,-0.7970961685431851,-4.358365542641934,-5.956685779350362,20.0,1.0
1.167,-0.6385898590087891,-0.6385898590087891,-1.9692306518554688,-0.801450600577136,-4.350477037015764,-5.638461216527235,20.0,1.0
1.168,-0.6408786773681641,-0.6408786773681641,-2.5142860412597656,-0.8057971226172166,-4.342545593938041,-5.126628457659326,20.0,1.0
1.169,-0.6431674957275391,-0.6431674957275391,-2.013186454772949,-0.8101356917650122,-4.334571291688405,-5.660748757664919,20.0,1.0
1.17,-0.6446933746337891,-0.6446933746337891,-1.6879119873046875,-0.8144662652005934,-4.3265542089700375,-6.034100033001437,20.0,1.0
1.171,-0.6466007232666016,-0.6466007232666016,-2.0307693481445312,-0.8187888001829523,-4.318494424908238,-5.731486615090722,20.0,1.0
1.172,-0.6492710113525391,-0.6492710113525391,-2.3999996185302734,-0.8231032540504097,-4.310392019049402,-5.387037254476542,20.0,1.0
1.173,-0.6511783599853516,-0.6511783599853516,-1.9956035614013672,-0.8274095842210513,-4.302247071362444,-5.831267994675072,20.0,1.0
1.174,-0.6527042388916016,-0.6527042388916016,-1.6527481079101562,-0.8317077481931346,-4.2940596622332805,-6.221381740353786,20.0,1.0
1.175,-0.6546115875244141,-0.6546115875244141,-1.8197803497314453,-0.835997703545518,-4.285829872469037,-6.0937718431596695,20.0,1.0
1.176,-0.6569013595581055,-0.6569013595581055,-2.382417678833008,-0.8402794079380727,-4.277557783294128,-5.562701072060464,20.0,1.0
1.177,-0.6591901779174805,-0.6591901779174805,-2.136263847351074,-0.8445528191121062,-4.269243476350766,-5.840232452892208,20.0,1.0
1.178,-0.6607160568237305,-0.6607160568237305,-1.74945068359375,-0.8488178948907742,-4.260887033697827,-6.273473111444952,20.0,1.0
1.179,-0.662623405456543,-0.662623405456543,-1.8901100158691406,-0.8530745931795018,-4.252488537810109,-6.171402276400146,20.0,1.0
1.18,-0.664912223815918,-0.664912223815918,-2.268132209777832,-0.8573228719663943,-4.244048071577254,-5.824128824808949,20.0,1.0
1.181,-0.667201042175293,-0.667201042175293,-2.1010990142822266,-0.8615626893226564,-4.235565718303462,-6.021699646968505,20.0,1.0
1.182,-0.668726921081543,-0.668726921081543,-1.6879119873046875,-0.8657940034030012,-4.227041561705789,-6.480471220830266,20.0,1.0
1.183,-0.6706342697143555,-0.6706342697143555,-1.8637371063232422,-0.8700167724460681,-4.218475685914655,-6.3423886342256655,20.0,1.0
1.184,-0.6729230880737305,-0.6729230880737305,-2.171428680419922,-0.8742309547748305,-4.209868175471399,-6.064596829073478,20.0,1.0
1.185,-0.674830436706543,-0.674830436706543,-2.1802196502685547,-0.878436508797011,-4.2012191153286835,-6.093120906869489,20.0,1.0
1.186,-0.6767377853393555,-0.6767377853393555,-1.7406597137451172,-0.8826333930054878,-4.192528590849918,-6.569781030427448,20.0,1.0
1.187,-0.678645133972168,-0.678645133972168,-1.872528076171875,-0.8868215659787109,-4.18379668780625,-6.474797251765233,20.0,1.0
1.188,-0.680933952331543,-0.680933952331543,-2.162637710571289,-0.8910009863811003,-4.175023492378216,-6.213726462798073,20.0,1.0
1.189,-0.6828413009643555,-0.6828413009643555,-2.171428680419922,-0.8951716129634675,-4.166209091154144,-6.241386650716462,20.0,1.0
1.19,-0.684748649597168,-0.684748649597168,-1.6879119873046875,-0.8993334045634085,-4.157353571127771,-6.761136683147894,20.0,1.0
1.191,-0.686274528503418,-0.686274528503418,-1.6703300476074219,-0.9034863201057232,-4.1484570197008,-6.822362804139482,20.0,1.0
1.192,-0.6881818771362305,-0.6881818771362305,-1.9956035614013672,-0.90763031860281,-4.1395195246773255,-6.532884792607549,20.0,1.0
1.193,-0.6904706954956055,-0.6904706954956055,-2.1890106201171875,-0.911765359155078,-4.1305411742675915,-6.367423827339854,20.0,1.0
1.194,-0.692378044128418,-0.692378044128418,-1.8989009857177734,-0.9158914009513451,-4.121522057083894,-6.692888207824664,20.0,1.0
1.195,-0.693903923034668,-0.693903923034668,-1.6967029571533203,-0.9200084032692457,-4.112462262141435,-6.937848909679669,20.0,1.0
1.196,-0.696192741394043,-0.696192741394043,-1.9428577423095703,-0.9241163254756279,-4.103361878856674,-6.718975818178803,20.0,1.0
1.197,-0.6981000900268555,-0.6981000900268555,-2.259340286254883,-0.9282151270269591,-4.094220997046762,-6.43718145079395,20.0,1.0
1.198,-0.7003889083862305,-0.7003889083862305,-1.9780216217041016,-0.9323047674697215,-4.085039706928569,-6.745335266894287,20.0,1.0
1.199,-0.7019147872924805,-0.7019147872924805,-1.5472526550292969,-0.9363852064408162,-4.0758180991177255,-7.217973827055144,20.0,1.0
1.2,-0.7034406661987305,-0.7034406661987305,-1.6791210174560547,-0.9404564036679569,-4.066556264627536,-7.127749996556011,20.0,1.0
1.201,-0.7057294845581055,-0.7057294845581055,-2.057143211364746,-0.9445183189700714,-4.057254294868869,-6.7758877717434425,20.0,1.0
1.202,-0.707636833190918,-0.707636833190918,-2.224175453186035,-0.9485709122576946,-4.047912281648337,-6.642418409797835,20.0,1.0
1.203,-0.7095441818237305,-0.7095441818237305,-1.6879119873046875,-0.9526141435333682,-4.038530317167499,-7.212017564055565,20.0,1.0
1.204,-0.7110700607299805,-0.7110700607299805,-1.6175823211669922,-0.9566479728920296,-4.029108494023262,-7.323084416097253,20.0,1.0
1.205,-0.712977409362793,-0.712977409362793,-1.916482925415039,-0.9606723605214148,-4.019646905204695,-7.057063002962092,20.0,1.0
1.206,-0.715266227722168,-0.715266227722168,-2.1890106201171875,-0.964687266702439,-4.010145644093882,-6.809555803582114,20.0,1.0
1.207,-0.7171735763549805,-0.7171735763549805,-1.837362289428711,-0.9686926518096026,-4.000604804464558,-7.19362402412829,20.0,1.0
1.208,-0.718317985534668,-0.718317985534668,-1.4769229888916016,-0.9726884763113681,-3.9910244804806894,-7.601511307123091,20.0,1.0
1.209,-0.7202262878417969,-0.7202262878417969,-1.6175823211669922,-0.976674700770564,-3.9814047666969827,-7.492790704105332,20.0,1.0
1.21,-0.7221336364746094,-0.7221336364746094,-1.9868125915527344,-0.980651285844762,-3.9717457580551354,-7.155286153905454,20.0,1.0
1.211,-0.7244224548339844,-0.7244224548339844,-2.171428680419922,-0.9846181922866744,-3.9620475498863357,-6.994533618520213,20.0,1.0
1.212,-0.7259483337402344,-0.7259483337402344,-1.6967029571533203,-0.9885753809445346,-3.952310237907625,-7.508148224840308,20.0,1.0
1.213,-0.7274742126464844,-0.7274742126464844,-1.5912094116210938,-0.9925228127624897,-3.9425339182226935,-7.652296508921705,20.0,1.0
1.214,-0.7293815612792969,-0.7293815612792969,-1.8637371063232422,-0.9964604487809798,-3.9327186873193227,-7.41055933102974,20.0,1.0
1.215,-0.7316703796386719,-0.7316703796386719,-2.2153844833374023,-1.0003882501371284,-3.922864642070408,-7.081837568702136,20.0,1.0
1.216,-0.7335777282714844,-0.7335777282714844,-1.9076919555664062,-1.0043061780651206,-3.912971879731117,-7.419848920037435,20.0,1.0
1.217,-0.7351036071777344,-0.7351036071777344,-1.4769229888916016,-1.0082141938965907,-3.90304049793923,-7.888329243424756,20.0,1.0
1.218,-0.7366294860839844,-0.7366294860839844,-1.5912094116210938,-1.012112259060999,-3.893070594713322,-7.811516642632521,20.0,1.0
1.219,-0.7385368347167969,-0.7385368347167969,-1.9956035614013672,-1.0160003350860174,-3.8830622684523064,-7.4367287144353496,20.0,1.0
1.22,-0.7408256530761719,-0.7408256530761719,-2.1802196502685547,-1.0198783835979035,-3.8730156179341293,-7.273850578100207,20.0,1.0
1.221,-0.7423515319824219,-0.7423515319824219,-1.7054939270019531,-1.0237463663218858,-3.8629307423158252,-7.78533350210315,20.0,1.0
1.222,-0.7438774108886719,-0.7438774108886719,-1.538461685180664,-1.0276042450825351,-3.8528077411303343,-7.988882739826935,20.0,1.0
1.223,-0.7457847595214844,-0.7457847595214844,-1.7670326232910156,-1.0314519818041465,-3.842646714287639,-7.788958536649867,20.0,1.0
1.224,-0.7480735778808594,-0.7480735778808594,-2.15384578704834,-1.0352895385111105,-3.8324477620736843,-7.422921187630367,20.0,1.0
1.225,-0.7499809265136719,-0.7499809265136719,-1.960439682006836,-1.0391168773282942,-3.822210985147535,-7.644490319433145,20.0,1.0
1.226,-0.7515068054199219,-0.7515068054199219,-1.4417591094970703,-1.0429339604814056,-3.8119364845420023,-8.198720476274607,20.0,1.0
1.227,-0.7526512145996094,-0.7526512145996094,-1.4417591094970703,-1.0467407502973782,-3.801624361662334,-8.241655966120641,20.0,1.0
1.228,-0.7545585632324219,-0.7545585632324219,-1.7934074401855469,-1.05053720920473,-3.791274718284285,-7.917440197544901,20.0,1.0
1.229,-0.7568473815917969,-0.7568473815917969,-2.1978025436401367,-1.054323299733947,-3.780887656556388,-7.5326034757592515,20.0,1.0
1.23,-0.7587547302246094,-0.7587547302246094,-1.916482925415039,-1.0580989845178428,-3.770463278993361,-7.84086543944299,20.0,1.0
1.231,-0.7602806091308594,-0.7602806091308594,-1.5120887756347656,-1.0618642262919336,-3.7600016884798606,-8.279585256066579,20.0,1.0
1.232,-0.7618064880371094,-0.7618064880371094,-1.626373291015625,-1.0656189878948024,-3.7495029882676363,-8.19937969440587,20.0,1.0
1.233,-0.7637138366699219,-0.7637138366699219,-2.013186454772949,-1.069363232268469,-3.7389672819747375,-7.83876873917273,20.0,1.0
1.234,-0.7660026550292969,-0.7660026550292969,-2.162637710571289,-1.0730969224587519,-3.728394673584262,-7.707642311602073,20.0,1.0
1.235,-0.7675285339355469,-0.7675285339355469,-1.582418441772461,-1.0768200216156376,-3.7177852674436735,-8.321196579273028,20.0,1.0
1.236,-0.7690544128417969,-0.7690544128417969,-1.459341049194336,-1.080532492993639,-3.7071391682629837,-8.477359722105492,20.0,1.0
1.237,-0.7705802917480469,-0.7705802917480469,-1.6439552307128906,-1.084234299952164,-3.696456481115888,-8.325581414485338,20.0,1.0
1.238,-0.7728691101074219,-0.7728691101074219,-2.0835161209106445,-1.0879254059558707,-3.6857373114353322,-7.903347107493665,20.0,1.0
1.239,-0.7747764587402344,-0.7747764587402344,-2.0219783782958984,-1.0916057745750345,-3.6749817650157866,-7.9895897034158905,20.0,1.0
1.24,-0.7763023376464844,-0.7763023376464844,-1.4857139587402344,-1.095275369485902,-3.6641899480094935,-8.557936626057614,20.0,1.0
1.241,-0.7778282165527344,-0.7778282165527344,-1.4505500793457031,-1.0989341544710536,-3.6533619669277186,-8.6249306459484,20.0,1.0
1.242,-0.7793540954589844,-0.7793540954589844,-1.7670326232910156,-1.1025820934197572,-3.642497928638477,-8.340025264562918,20.0,1.0
1.243,-0.7816438674926758,-0.7816438674926758,-2.1098899841308594,-1.1062191503283307,-3.631597940365168,-8.013213612947407,20.0,1.0
1.244,-0.7835512161254883,-0.7835512161254883,-1.8461532592773438,-1.1098452893004875,-3.62066210968635,-8.300390313908991,20.0,1.0
1.245,-0.7850770950317383,-0.7850770950317383,-1.4065933227539062,-1.1134604745477035,-3.60969054453426,-8.770764812099657,20.0,1.0
1.246,-0.7862215042114258,-0.7862215042114258,-1.4065933227539062,-1.1170646703895561,-3.598683353193337,-8.808953354002039,20.0,1.0
1.247,-0.7881288528442383,-0.7881288528442383,-1.7670326232910156,-1.1206578412540902,-3.587640644301132,-8.471187789207153,20.0,1.0
1.248,-0.7900362014770508,-0.7900362014770508,-2.1098899841308594,-1.1242399516781585,-3.5765625268441,-8.150747546735396,20.0,1.0
1.249,-0.7919435501098633,-0.7919435501098633,-1.8549442291259766,-1.1278109663077784,-3.565449110158852,-8.427853204991179,20.0,1.0
1.25,-0.7934694290161133,-0.7934694290161133,-1.459341049194336,-1.131370849898476,-3.554300503929994,-8.852987872382913,20.0,1.0
1.2510000000000001,-0.7949953079223633,-0.7949953079223633,-1.538461685180664,-1.1349195673156385,-3.543116818190242,-8.803140320875082,20.0,1.0
1.252,-0.7969026565551758,-0.7969026565551758,-1.8989009857177734,-1.1384570835348564,-3.531898163317919,-8.464085717193758,20.0,1.0
1.2530000000000001,-0.7991914749145508,-0.7991914749145508,-2.15384578704834,-1.1419833636422743,-3.520644650036729,-8.222636637542859,20.0,1.0
1.254,-0.8007173538208008,-0.8007173538208008,-1.6527481079101562,-1.1454983728349297,-3.509356389413938,-8.752228661786361,20.0,1.0
1.2550000000000001,-0.8022432327270508,-0.8022432327270508,-1.4065933227539062,-1.1490020764211024,-3.4980334928607135,-9.02661704398784,20.0,1.0
1.256,-0.8037691116333008,-0.8037691116333008,-1.459341049194336,-1.1524944398206511,-3.48667607212883,-9.0018415866815,20.0,1.0
1.2570000000000001,-0.8052949905395508,-0.8052949905395508,-1.837362289428711,-1.15597542856536,-3.4752842393116907,-8.651530710399165,20.0,1.0
1.258,-0.8075838088989258,-0.8075838088989258,-2.1274728775024414,-1.1594450082992747,-3.4638581068423946,-8.373609217346932,20.0,1.0
1.2590000000000001,-0.8091096878051758,-0.8091096878051758,-1.626373291015625,-1.162903144779045,-3.4523977874918046,-8.901893635953563,20.0,1.0
1.26,-0.8106355667114258,-0.8106355667114258,-1.4417591094970703,-1.1663498038742581,-3.4409033943688883,-9.113429028128465,20.0,1.0
1.2610000000000001,-0.8121614456176758,-0.8121614456176758,-1.5296707153320312,-1.169784951567783,-3.429375040918785,-9.052174444588896,20.0,1.0
1.262,-0.8140687942504883,-0.8140687942504883,-1.9340667724609375,-1.1732085539560957,-3.4178128409213286,-8.66654126257254,20.0,1.0
1.2630000000000001,-0.8163576126098633,-0.8163576126098633,-2.1010990142822266,-1.1766205772496259,-3.406216908491274,-8.510377187004298,20.0,1.0
1.264,-0.8178834915161133,-0.8178834915161133,-1.5560436248779297,-1.180020987773078,-3.3945873580748867,-9.081293658336254,20.0,1.0
1.2650000000000001,-0.8190279006958008,-0.8190279006958008,-1.371429443359375,-1.1834097519657756,-3.382924304452331,-9.299131886492452,20.0,1.0
1.266,-0.8205537796020508,-0.8205537796020508,-1.5648345947265625,-1.1867868363819827,-3.3712278627323258,-9.131054403604402,20.0,1.0
1.2670000000000001,-0.8228425979614258,-0.8228425979614258,-2.039560317993164,-1.1901522076912403,-3.359498148354305,-8.666130024957432,20.0,1.0
1.268,-0.8247499465942383,-0.8247499465942383,-2.145054817199707,-1.1935058326786914,-3.347735277085917,-8.577798181575272,20.0,1.0
1.2690000000000001,-0.8266572952270508,-0.8266572952270508,-1.5912094116210938,-1.1968476782454123,-3.3359393650218863,-9.148537613768022,20.0,1.0
1.27,-0.8278017044067383,-0.8278017044067383,-1.4241752624511719,-1.2001777114087353,-3.3241105285829917,-9.347455406171761,20.0,1.0
1.2710000000000001,-0.8297090530395508,-0.8297090530395508,-1.6439552307128906,-1.2034958993025784,-3.312248884515384,-9.144030579063045,20.0,1.0
1.272,-0.8316164016723633,-0.8316164016723633,-2.048351287841797,-1.2068022091777661,-3.300354549888425,-8.755719412154686,20.0,1.0
1.2730000000000001,-0.8335237503051758,-0.8335237503051758,-1.916482925415039,-1.2100966084023554,-3.288427642094348,-8.903401878622901,20.0,1.0
1.274,-0.8350496292114258,-0.8350496292114258,-1.459341049194336,-1.2133790644619546,-3.276468278847119,-9.38371593466336,20.0,1.0
1.2750000000000001,-0.8361940383911133,-0.8361940383911133,-1.3626365661621094,-1.2166495449600498,-3.2644765781811884,-9.51095014339781,20.0,1.0
1.276,-0.8381013870239258,-0.8381013870239258,-1.6000003814697266,-1.2199080176183168,-3.2524526584483056,-9.2885848888664,20.0,1.0
1.2770000000000001,-0.8400087356567383,-0.8400087356567383,-2.0043954849243164,-1.2231544502769465,-3.2403966383213856,-8.898915445801233,20.0,1.0
1.278,-0.8419160842895508,-0.8419160842895508,-1.8901100158691406,-1.2263888108949594,-3.2283086367881424,-9.027653153027174,20.0,1.0
1.2790000000000001,-0.8434419631958008,-0.8434419631958008,-1.4769229888916016,-1.229611067550523,-3.216188773151771,-9.462647871354612,20.0,1.0
1.28,-0.8445873260498047,-0.8445873260498047,-1.415384292602539,-1.232821188441263,-3.204037167030492,-9.553330122257119,20.0,1.0
1.281,-0.8464946746826172,-0.8464946746826172,-1.6351642608642578,-1.2360191418845832,-3.191853938355507,-9.347179021530568,20.0,1.0
1.282,-0.8484020233154297,-0.8484020233154297,-1.9868125915527344,-1.239204896317974,-3.179639207371224,-9.008884075869377,20.0,1.0
1.283,-0.8503093719482422,-0.8503093719482422,-1.8461532592773438,-1.2423784202993255,-3.167393094631848,-9.162620802376171,20.0,1.0
1.284,-0.8518352508544922,-0.8518352508544922,-1.4329662322998047,-1.2455396825072378,-3.1551157210006977,-9.596238121755805,20.0,1.0
1.285,-0.8529796600341797,-0.8529796600341797,-1.3978023529052734,-1.248688651741327,-3.142807207651572,-9.659184688889244,20.0,1.0
1.286,-0.8545055389404297,-0.8545055389404297,-1.6175823211669922,-1.251825296922541,-3.1304676760645407,-9.459280514539774,20.0,1.0
1.287,-0.8567943572998047,-0.8567943572998047,-1.9780216217041016,-1.254949587093456,-3.118097248024469,-9.103180222193393,20.0,1.0
1.288,-0.8583202362060547,-0.8583202362060547,-1.8637371063232422,-1.25806149141859,-3.105696045623745,-9.236784043551207,20.0,1.0
1.289,-0.8598461151123047,-0.8598461151123047,-1.5032958984375,-1.2611609791847034,-3.09326419125739,-9.616265574267864,20.0,1.0
1.29,-0.8613719940185547,-0.8613719940185547,-1.4505500793457031,-1.2642480198011048,-3.080801807621924,-9.687772243927224,20.0,1.0
1.291,-0.8632793426513672,-0.8632793426513672,-1.661539077758789,-1.267322582799947,-3.068309017715592,-9.4876347429284,20.0,1.0
1.292,-0.8651866912841797,-0.8651866912841797,-1.9692306518554688,-1.2703846378365362,-3.055785944838931,-9.190514224030593,20.0,1.0
1.293,-0.8667125701904297,-0.8667125701904297,-1.74945068359375,-1.2734341546896248,-3.043232712588633,-9.428213718978785,20.0,1.0
1.294,-0.8682384490966797,-0.8682384490966797,-1.3626365661621094,-1.2764711032617138,-3.030649444860046,-9.832665961998618,20.0,1.0
1.295,-0.8693828582763672,-0.8693828582763672,-1.3010997772216797,-1.2794954535793448,-3.0180362658442164,-9.919188394682088,20.0,1.0
1.296,-0.8709087371826172,-0.8709087371826172,-1.538461685180664,-1.2825071757934023,-3.005393300029482,-9.698900387064521,20.0,1.0
1.297,-0.8728160858154297,-0.8728160858154297,-1.960439682006836,-1.2855062401794037,-2.992720672196583,-9.286084077469228,20.0,1.0
1.298,-0.8747234344482422,-0.8747234344482422,-1.8813190460205078,-1.2884926171377955,-2.9800185074184355,-9.374083115188995,20.0,1.0
1.299,-0.8762493133544922,-0.8762493133544922,-1.4769229888916016,-1.2914662771942407,-2.96728693106013,-9.794703218963498,20.0,1.0
1.3,-0.8777751922607422,-0.8777751922607422,-1.3890113830566406,-1.2944271909999159,-2.9545260687784776,-9.898554660505312,20.0,1.0
1.301,-0.8793010711669922,-0.8793010711669922,-1.6175823211669922,-1.2973753293317973,-2.9417360465173488,-9.685638888646459,20.0,1.0
1.302,-0.8812084197998047,-0.8812084197998047,-2.013186454772949,-1.3003106630929508,-2.928916990508583,-9.297775401598557,20.0,1.0
1.303,-0.8831157684326172,-0.8831157684326172,-1.8989009857177734,-1.3032331633128145,-2.91606902727176,-9.419515939157932,20.0,1.0
1.304,-0.8846416473388672,-0.8846416473388672,-1.4681320190429688,-1.3061428011474945,-2.903192283611588,-9.865083340741165,20.0,1.0
1.305,-0.8861675262451172,-0.8861675262451172,-1.3802204132080078,-1.3090395478800374,-2.8902868866143763,-9.967506906104774,20.0,1.0
1.306,-0.8876934051513672,-0.8876934051513672,-1.5912094116210938,-1.3119233749207233,-2.8773529636533794,-9.770742947419407,20.0,1.0
1.307,-0.8896007537841797,-0.8896007537841797,-2.0307693481445312,-1.314794253807344,-2.864390642380158,-9.337491294698914,20.0,1.0
1.308,-0.8915081024169922,-0.8915081024169922,-1.9340667724609375,-1.317652156205484,-2.851400050727648,-9.440214354036545,20.0,1.0
1.309,-0.8930339813232422,-0.8930339813232422,-1.4857139587402344,-1.3204970539087992,-2.83838131690743,-9.901928809878337,20.0,1.0
1.31,-0.8945598602294922,-0.8945598602294922,-1.3802204132080078,-1.3233289188392987,-2.8253345694097334,-10.020495328397857,20.0,1.0
1.311,-0.8960857391357422,-0.8960857391357422,-1.5912094116210938,-1.3261477230476186,-2.8122599370008174,-9.822290203617253,20.0,1.0
1.312,-0.8979930877685547,-0.8979930877685547,-2.013186454772949,-1.3289534387133006,-2.799157548721496,-9.405178112843465,20.0,1.0
1.313,-0.8999004364013672,-0.8999004364013672,-1.8549442291259766,-1.3317460381450614,-2.7860275338865677,-9.567995339634475,20.0,1.0
1.314,-0.9014263153076172,-0.9014263153076172,-1.3802204132080078,-1.3345254937810738,-2.772870022085499,-10.054633178346624,20.0,1.0
1.315,-0.9025707244873047,-0.9025707244873047,-1.2835159301757812,-1.3372917781892322,-2.7596851431766254,-10.170590287039394,20.0,1.0
1.316,-0.9040966033935547,-0.9040966033935547,-1.5032958984375,-1.3400448640674272,-2.7464730272894258,-9.962142342329376,20.0,1.0
1.317,-0.9060039520263672,-0.9060039520263672,-1.916482925415039,-1.342784724243811,-2.7332338048216798,-9.552366323755514,20.0,1.0
1.318,-0.9079122543334961,-0.9079122543334961,-1.8901100158691406,-1.3455113316770706,-2.719967606440264,-9.581839137442614,20.0,1.0
1.319,-0.9094381332397461,-0.9094381332397461,-1.4857139587402344,-1.3482246594566913,-2.7066745630769447,-9.996691128675614,20.0,1.0
1.32,-0.9109640121459961,-0.9109640121459961,-1.3978023529052734,-1.3509246808032245,-2.693354805927811,-10.094765826167105,20.0,1.0
1.321,-0.9124898910522461,-0.9124898910522461,-1.6000003814697266,-1.353611369068547,-2.68000846645441,-9.902437645310702,20.0,1.0
1.322,-0.9143972396850586,-0.9143972396850586,-1.9692306518554688,-1.3562846977361334,-2.6666356763797694,-9.535154185545796,20.0,1.0
1.323,-0.9163045883178711,-0.9163045883178711,-1.8901100158691406,-1.3589446404213064,-2.6532365676869176,-9.615927593886482,20.0,1.0
1.324,-0.9178304672241211,-0.9178304672241211,-1.4417591094970703,-1.3615911708715074,-2.639811272620591,-10.073266236071246,20.0,1.0
1.325,-0.9189748764038086,-0.9189748764038086,-1.3274726867675781,-1.3642242629665473,-2.626359923682571,-10.203874968169767,20.0,1.0
1.326,-0.9205007553100586,-0.9205007553100586,-1.4945049285888672,-1.3668438907188725,-2.6128826536327097,-10.045240433220119,20.0,1.0
1.327,-0.9224081039428711,-0.9224081039428711,-1.8813190460205078,-1.369450028273813,-2.599379595485516,-9.658899036083845,20.0,1.0
1.328,-0.9243154525756836,-0.9243154525756836,-1.916482925415039,-1.3720426499098435,-2.585850882511295,-9.623911903779454,20.0,1.0
1.329,-0.9258413314819336,-0.9258413314819336,-1.4857139587402344,-1.3746217300388355,-2.572296648233305,-10.062190660631108,20.0,1.0
1.33,-0.9273672103881836,-0.9273672103881836,-1.3450546264648438,-1.3771872432063101,-2.5587170264255974,-10.210063056323285,20.0,1.0
1.331,-0.9285116195678711,-0.9285116195678711,-1.4945049285888672,-1.3797391640916865,-2.545112151113017,-10.075158113000459,20.0,1.0
1.332,-0.9304189682006836,-0.9304189682006836,-1.714284896850586,-1.3822774675085363,-2.531482156571883,-9.85436724587835,20.0,1.0
1.333,-0.9323263168334961,-0.9323263168334961,-1.872528076171875,-1.3848021284048302,-2.5178271773239658,-9.694815332578774,20.0,1.0
1.334,-0.9338521957397461,-0.9338521957397461,-1.5032958984375,-1.3873131218631845,-2.5041473481379626,-10.070069972169229,20.0,1.0
1.335,-0.9349966049194336,-0.9349966049194336,-1.3274726867675781,-1.3898104231011061,-2.4904428040281346,-10.259246480894006,20.0,1.0
1.336,-0.9365224838256836,-0.9365224838256836,-1.3274726867675781,-1.392294007471241,-2.4767136802541927,-10.264671466397765,20.0,1.0
1.337,-0.9380483627319336,-0.9380483627319336,-1.6000003814697266,-1.3947638504616142,-2.462960112315727,-9.997269485439613,20.0,1.0
1.338,-0.9399557113647461,-0.9399557113647461,-1.9516487121582031,-1.3972199276958728,-2.449182235954936,-9.642817850419267,20.0,1.0
1.339,-0.9418630599975586,-0.9418630599975586,-1.7582416534423828,-1.399662214933524,-2.4353801871544647,-9.833121632431391,20.0,1.0
1.34,-0.9430074691772461,-0.9430074691772461,-1.415384292602539,-1.4020906880701818,-2.42155410213536,-10.187834187391534,20.0,1.0
1.341,-0.9445333480834961,-0.9445333480834961,-1.3802204132080078,-1.4045053231377946,-2.4077041173542284,-10.226923205232191,20.0,1.0
1.342,-0.9460592269897461,-0.9460592269897461,-1.6527481079101562,-1.4069060963048905,-2.3938303695055083,-9.95801964789824,20.0,1.0
1.343,-0.9483480453491211,-0.9483480453491211,-1.9692306518554688,-1.4092929838768056,-2.3799329955174926,-9.629601114215713,20.0,1.0
1.344,-0.9498739242553711,-0.9498739242553711,-1.7846145629882812,-1.4116659622959256,-2.3660121325519867,-9.817238330374796,20.0,1.0
1.345,-0.9513998031616211,-0.9513998031616211,-1.3802204132080078,-1.4140250081419095,-2.3520679180012394,-10.224351604398999,20.0,1.0
1.346,-0.9525442123413086,-0.9525442123413086,-1.3450546264648438,-1.4163700981319283,-2.3381004894904436,-10.269563578837992,20.0,1.0
1.347,-0.9540700912475586,-0.9540700912475586,-1.5560436248779297,-1.4187012091208901,-2.324109984871484,-10.060688717460184,20.0,1.0
1.348,-0.9559774398803711,-0.9559774398803711,-1.916482925415039,-1.4210183181016713,-2.3100965422254376,-9.694431181236403,20.0,1.0
1.349,-0.9578847885131836,-0.9578847885131836,-1.8021984100341797,-1.4233214022053409,-2.2960602998585955,-9.80259416366756,20.0,1.0
1.35,-0.9594106674194336,-0.9594106674194336,-1.3978023529052734,-1.4256104387013886,-2.28200139630394,-10.208194469037768,20.0,1.0
1.351,-0.9605550765991211,-0.9605550765991211,-1.3274726867675781,-1.4278854049979486,-2.267919970316825,-10.287053851525798,20.0,1.0
1.352,-0.9620809555053711,-0.9620809555053711,-1.5472526550292969,-1.4301462786420223,-2.2538161608750897,-10.067869968578815,20.0,1.0
1.353,-0.9639883041381836,-0.9639883041381836,-1.8637371063232422,-1.4323930373196987,-2.23969010717758,-9.74404766448464,20.0,1.0
1.354,-0.9658956527709961,-0.9658956527709961,-1.8285713195800781,-1.4346256588563775,-2.2255419486431265,-9.771570750770676,20.0,1.0
1.355,-0.9674215316772461,-0.9674215316772461,-1.3978023529052734,-1.436844121216985,-2.2113718249081558,-10.202021262797658,20.0,1.0
1.356,-0.9685659408569336,-0.9685659408569336,-1.3010997772216797,-1.439048402506194,-2.1971798758260093,-10.30572933158954,20.0,1.0
1.357,-0.9700927734375,-0.9700927734375,-1.415384292602539,-1.4412384809686367,-2.1829662414652375,-10.190496099485433,20.0,1.0
1.358,-0.97161865234375,-0.97161865234375,-1.7582416534423828,-1.4434143349891246,-2.1687310621096003,-9.84640306157471,20.0,1.0
1.359,-0.973907470703125,-0.973907470703125,-1.9692306518554688,-1.4455759430928556,-2.154474478253519,-9.618613274192663,20.0,1.0
1.36,-0.975433349609375,-0.975433349609375,-1.5648345947265625,-1.4477232839456318,-2.140196630603782,-10.021160722602355,20.0,1.0
1.361,-0.9765777587890625,-0.9765777587890625,-1.3890113830566406,-1.4498563363540633,-2.125897660077726,-10.202457828321101,20.0,1.0
1.362,-0.9781036376953125,-0.9781036376953125,-1.459341049194336,-1.4519750792657873,-2.1115777078005067,-10.129665490015666,20.0,1.0
1.363,-0.980010986328125,-0.980010986328125,-1.7846145629882812,-1.4540794917696642,-2.097236915102826,-9.79399246094533,20.0,1.0
1.364,-0.9819183349609375,-0.9819183349609375,-1.9956035614013672,-1.456169553095993,-2.082875423524115,-9.572296224823859,20.0,1.0
1.365,-0.9834442138671875,-0.9834442138671875,-1.5472526550292969,-1.4582452426167123,-2.0684933748058256,-10.017261294767025,20.0,1.0
1.366,-0.984588623046875,-0.984588623046875,-1.2659339904785156,-1.4603065398456048,-2.05409091089291,-10.30251525638899,20.0,1.0
1.367,-0.986114501953125,-0.986114501953125,-1.2659339904785156,-1.462353424438498,-2.0396681739315454,-10.298512633160488,20.0,1.0
1.368,-0.987640380859375,-0.987640380859375,-1.538461685180664,-1.464385876193468,-2.0252253062693626,-10.02167352777056,20.0,1.0
1.369,-0.9895477294921875,-0.9895477294921875,-1.9076919555664062,-1.4664038750510366,-2.0107624504510113,-9.640193406061588,20.0,1.0
1.37,-0.9910736083984375,-0.9910736083984375,-1.7230777740478516,-1.4684074010943702,-1.9962797492189566,-9.819877829089759,20.0,1.0
1.371,-0.9925994873046875,-0.9925994873046875,-1.2659339904785156,-1.4703964345494744,-1.9817773455113183,-10.271782299928542,20.0,1.0
1.372,-0.993743896484375,-0.993743896484375,-1.2395610809326172,-1.4723709557853928,-1.9672553824616443,-10.300235487549383,20.0,1.0
1.373,-0.995269775390625,-0.995269775390625,-1.4329662322998047,-1.4743309453143976,-1.9527140033957266,-10.100971169571373,20.0,1.0
1.374,-0.996795654296875,-0.996795654296875,-1.714284896850586,-1.4762763837921842,-1.9381533518305787,-9.813483044886176,20.0,1.0
1.375,-0.9987030029296875,-0.9987030029296875,-1.8197803497314453,-1.4782072520180585,-1.9235735714743214,-9.693878203510295,20.0,1.0
1.3760000000000001,-1.0002288818359375,-1.0002288818359375,-1.4329662322998047,-1.480123530935133,-1.908974806224137,-10.073901555908243,20.0,1.0
1.377,-1.001373291015625,-1.001373291015625,-1.2307701110839844,-1.4820252016305067,-1.8943572001627444,-10.276625301376393,20.0,1.0
1.3780000000000001,-1.0025177001953125,-1.0025177001953125,-1.2659339904785156,-1.4839122453354585,-1.8797208975604462,-10.241677809884852,20.0,1.0
1.379,-1.0040435791015625,-1.0040435791015625,-1.5472526550292969,-1.4857846434256274,-1.8650660428719448,-9.952634674323946,20.0,1.0
1.3800000000000001,-1.005950927734375,-1.005950927734375,-1.8989009857177734,-1.4876423774212024,-1.8503927807349783,-9.585320788753753,20.0,1.0
1.381,-1.0078582763671875,-1.0078582763671875,-1.714284896850586,-1.4894854289870973,-1.8357012559674786,-9.75395941151509,20.0,1.0
1.3820000000000001,-1.009002685546875,-1.009002685546875,-1.3538455963134766,-1.4913137799331375,-1.8209916135700723,-10.113367904981846,20.0,1.0
1.383,-1.010528564453125,-1.010528564453125,-1.3010997772216797,-1.4931274122142375,-1.8062639987208513,-10.15714117672142,20.0,1.0
1.3840000000000001,-1.012054443359375,-1.012054443359375,-1.5208797454833984,-1.4949263079305795,-1.7915185567752587,-9.928076102715949,20.0,1.0
1.385,-1.013580322265625,-1.013580322265625,-1.6791210174560547,-1.4967104493277879,-1.776755433264043,-9.760236957051244,20.0,1.0
1.3860000000000001,-1.0154876708984375,-1.0154876708984375,-1.714284896850586,-1.4984798187971078,-1.761974773894508,-9.707532835017329,20.0,1.0
1.387,-1.016632080078125,-1.016632080078125,-1.3802204132080078,-1.5002343988755769,-1.7471767245453975,-10.039002687286427,20.0,1.0
1.3880000000000001,-1.0177764892578125,-1.0177764892578125,-1.2395610809326172,-1.5019741722461988,-1.7323614312673499,-10.176754010102458,20.0,1.0
1.389,-1.0193023681640625,-1.0193023681640625,-1.292306900024414,-1.5036991217381117,-1.717529040280965,-10.113157211737535,20.0,1.0
1.3900000000000001,-1.0208282470703125,-1.0208282470703125,-1.5120887756347656,-1.5054092303267608,-1.7026796979766914,-9.88221058747089,20.0,1.0
1.391,-1.0223541259765625,-1.0223541259765625,-1.6879119873046875,-1.507104481134065,-1.6878135509114145,-9.694908666756778,20.0,1.0
1.3920000000000001,-1.0238800048828125,-1.0238800048828125,-1.5120887756347656,-1.5087848574285836,-1.6729307458075482,-9.858939021088204,20.0,1.0
1.393,-1.0254058837890625,-1.0254058837890625,-1.292306900024414,-1.51045034262568,-1.6580314295521248,-10.066613706260059,20.0,1.0
1.3940000000000001,-1.02655029296875,-1.02655029296875,-1.3186817169189453,-1.512100920287688,-1.6431157491963404,-10.035446578656156,20.0,1.0
1.395,-1.028076171875,-1.028076171875,-1.4329662322998047,-1.5137365741240725,-1.6281838519516896,-9.908425664633334,20.0,1.0
1.3960000000000001,-1.02960205078125,-1.02960205078125,-1.6439552307128906,-1.5153572879915913,-1.6132358851892832,-9.684385398683219,20.0,1.0
1.397,-1.0311279296875,-1.0311279296875,-1.6791210174560547,-1.516963045894451,-1.5982719964400758,-9.63585330312304,20.0,1.0
1.3980000000000001,-1.033036231994629,-1.033036231994629,-1.4857139587402344,-1.5185538319844716,-1.5832923333919098,-9.807930374448528,20.0,1.0
1.399,-1.0341806411743164,-1.0341806411743164,-1.24835205078125,-1.5201296305612348,-1.5682970438869006,-10.03892478084402,20.0,1.0
1.4000000000000001,-1.035325050354004,-1.035325050354004,-1.3186817169189453,-1.5216904260722457,-1.5532862759239379,-9.961912073369827,20.0,1.0
1.401,-1.036850929260254,-1.036850929260254,-1.5648345947265625,-1.5232362031130826,-1.5382601776523188,-9.70113105998233,20.0,1.0
1.4020000000000001,-1.0387582778930664,-1.0387582778930664,-1.7230777740478516,-1.5247669464275504,-1.523218897373681,-9.520314494015508,20.0,1.0
1.403,-1.0402841567993164,-1.0402841567993164,-1.6439552307128906,-1.5262826409078298,-1.5081625835392742,-9.584177034996653,20.0,1.0
1.4040000000000001,-1.0418100357055664,-1.0418100357055664,-1.3450546264648438,-1.527783271594629,-1.4930913847491638,-9.86750147606557,20.0,1.0
1.405,-1.042954444885254,-1.042954444885254,-1.292306900024414,-1.5292688236773282,-1.4780054497500714,-9.911986125567143,20.0,1.0
1.4060000000000001,-1.044480323791504,-1.044480323791504,-1.3890113830566406,-1.530739282494129,-1.4629049274338968,-9.799072718429759,20.0,1.0
1.407,-1.046006202697754,-1.046006202697754,-1.6087913513183594,-1.5321946335321959,-1.4477899668362397,-9.56276723220672,20.0,1.0
1.408,-1.047532081604004,-1.047532081604004,-1.7054939270019531,-1.5336348624278011,-1.432660717136173,-9.449222406610165,20.0,1.0
1.409,-1.049057960510254,-1.049057960510254,-1.459341049194336,-1.5350599549664685,-1.4175173276538544,-9.67821616758381,20.0,1.0
1.41,-1.0502023696899414,-1.0502023696899414,-1.1340656280517578,-1.5364698970831088,-1.4023599478473443,-9.993644867658933,20.0,1.0
1.411,-1.051346778869629,-1.051346778869629,-1.1516475677490234,-1.5378646748621634,-1.3871887273143102,-9.965899079415976,20.0,1.0
1.412,-1.0524911880493164,-1.0524911880493164,-1.2395610809326172,-1.5392442745377373,-1.3720038157882755,-9.867504464624076,20.0,1.0
1.413,-1.0540170669555664,-1.0540170669555664,-1.4681320190429688,-1.5406086824937402,-1.356805363139074,-9.620505654859581,20.0,1.0
1.414,-1.055924415588379,-1.055924415588379,-1.6791210174560547,-1.5419578852640154,-1.3415935193683026,-9.383141895424979,20.0,1.0
1.415,-1.057450294494629,-1.057450294494629,-1.4857139587402344,-1.5432918695324769,-1.3263684346114815,-9.557485976628207,20.0,1.0
1.416,-1.0585947036743164,-1.0585947036743164,-1.1956043243408203,-1.544610622133238,-1.3111302591333924,-9.835844303971005,20.0,1.0
1.417,-1.059739112854004,-1.059739112854004,-1.2043952941894531,-1.5459141300507437,-1.2958791433291026,-9.814984193074446,20.0,1.0
1.418,-1.0608835220336914,-1.0608835220336914,-1.3186817169189453,-1.547202380419896,-1.2806152377204398,-9.688310688525586,20.0,1.0
1.419,-1.0624094009399414,-1.0624094009399414,-1.5208797454833984,-1.5484753605261847,-1.265338692957016,-9.465778139198484,20.0,1.0
1.42,-1.064316749572754,-1.064316749572754,-1.6791210174560547,-1.5497330578058097,-1.2500496598111113,-9.279254807016173,20.0,1.0
1.421,-1.065842628479004,-1.065842628479004,-1.4769229888916016,-1.550975459845807,-1.2347482891799473,-9.460481927624407,20.0,1.0
1.422,-1.0669870376586914,-1.0669870376586914,-1.1516475677490234,-1.5522025543841693,-1.219434732081254,-9.772097498841788,20.0,1.0
1.423,-1.068131446838379,-1.068131446838379,-1.1516475677490234,-1.5534143293099696,-1.2041091396545198,-9.75811922133731,20.0,1.0
1.424,-1.0692758560180664,-1.0692758560180664,-1.2395610809326172,-1.5546107726634784,-1.1887716631564444,-9.655908915132066,20.0,1.0
1.425,-1.0708017349243164,-1.0708017349243164,-1.4681320190429688,-1.5557918726362827,-1.1734224539620755,-9.405093189158432,20.0,1.0
1.426,-1.0723276138305664,-1.0723276138305664,-1.6527481079101562,-1.5569576175714024,-1.158061663561739,-9.197913630468303,20.0,1.0
1.427,-1.0738534927368164,-1.0738534927368164,-1.4417591094970703,-1.5581079959634063,-1.1426894435605846,-9.386020398595313,20.0,1.0
1.428,-1.074997901916504,-1.074997901916504,-1.1428565979003906,-1.5592429964585235,-1.1273059456755163,-9.669351238615517,20.0,1.0
1.429,-1.0761423110961914,-1.0761423110961914,-1.0637359619140625,-1.5603626078547577,-1.1119113217361019,-9.732581294993365,20.0,1.0
1.43,-1.077286720275879,-1.077286720275879,-1.1076927185058594,-1.5614668191019956,-1.0965057236809344,-9.672414981697408,20.0,1.0
1.431,-1.0784311294555664,-1.0784311294555664,-1.371429443359375,-1.5625556193021195,-1.0810893035570643,-9.392149657128751,20.0,1.0
1.432,-1.0799570083618164,-1.0799570083618164,-1.4945049285888672,-1.5636289977091096,-1.0656622135176121,-9.244597071874608,20.0,1.0
1.433,-1.0814828872680664,-1.0814828872680664,-1.4857139587402344,-1.5646869437291548,-1.0502246058229048,-9.22859177630444,20.0,1.0
1.434,-1.082627296447754,-1.082627296447754,-1.2395610809326172,-1.5657294469207552,-1.0347766328351327,-9.457258561362542,20.0,1.0
1.435,-1.0837717056274414,-1.0837717056274414,-1.002197265625,-1.5667564969948253,-1.019318447020055,-9.676817008742734,20.0,1.0
1.436,-1.084916114807129,-1.084916114807129,-1.0725269317626953,-1.5677680838147952,-1.003850200942793,-9.588362649333423,20.0,1.0
1.437,-1.0860605239868164,-1.0860605239868164,-1.1780223846435547,-1.568764197396711,-0.9883720472697632,-9.464423130824102,20.0,1.0
1.438,-1.087204933166504,-1.087204933166504,-1.3978023529052734,-1.5697448279093345,-0.9728841387635612,-9.225879680714899,20.0,1.0
1.439,-1.0891122817993164,-1.0891122817993164,-1.6087913513183594,-1.5707099656742383,-0.9573866282838708,-8.980548954463949,20.0,1.0
1.44,-1.090256690979004,-1.090256690979004,-1.415384292602539,-1.571659601165902,-0.9418796687842814,-9.154553579919707,20.0,1.0
1.441,-1.0914011001586914,-1.0914011001586914,-1.1428565979003906,-1.5725937250118067,-0.9263634133127425,-9.407359312474657,20.0,1.0
1.442,-1.092545509338379,-1.092545509338379,-1.0637359619140625,-1.5735123279925274,-0.910838015008494,-9.466438426177401,20.0,1.0
1.443,-1.0936899185180664,-1.0936899185180664,-1.1340656280517578,-1.5744154010418239,-0.8953036271007022,-9.375747649524094,20.0,1.0
1.444,-1.0952167510986328,-1.0952167510986328,-1.3978023529052734,-1.5753029352467287,-0.879760402907209,-9.083681732963854,20.0,1.0
1.445,-1.0967426300048828,-1.0967426300048828,-1.5472526550292969,-1.5761749218476382,-0.8642084958341911,-8.905601677660002,20.0,1.0
1.446,-1.0982685089111328,-1.0982685089111328,-1.5120887756347656,-1.5770313522383967,-0.8486480593718397,-8.911816150282352,20.0,1.0
1.447,-1.0994129180908203,-1.0994129180908203,-1.2219772338867188,-1.5778722179663822,-0.8330792470959523,-9.18028801072047,20.0,1.0
1.448,-1.1005573272705078,-1.1005573272705078,-0.9582424163818359,-1.5786975107325887,-0.8175022126641807,-9.422063465523962,20.0,1.0
1.449,-1.1013202667236328,-1.1013202667236328,-1.0109882354736328,-1.5795072223917108,-0.8019171098159177,-9.354667987703845,20.0,1.0
1.45,-1.1024646759033203,-1.1024646759033203,-1.0461540222167969,-1.5803013449522203,-0.786324092369,-9.296903451130202,20.0,1.0
1.451,-1.1036090850830078,-1.1036090850830078,-1.2395610809326172,-1.5810798705764488,-0.7707233142210725,-9.080577943157277,20.0,1.0
1.452,-1.1051349639892578,-1.1051349639892578,-1.4769229888916016,-1.5818427915806623,-0.7551149293450408,-8.81234849228153,20.0,1.0
1.453,-1.1066608428955078,-1.1066608428955078,-1.415384292602539,-1.582590100435139,-0.7394990917896394,-8.842699949979725,20.0,1.0
1.454,-1.1078052520751953,-1.1078052520751953,-1.1692314147949219,-1.5833217897642415,-0.7238759556764762,-9.064975294662478,20.0,1.0
1.455,-1.1085681915283203,-1.1085681915283203,-0.9670333862304688,-1.5840378523464922,-0.7082456752002599,-9.25060550533323,20.0,1.0
1.456,-1.1097126007080078,-1.1097126007080078,-0.9934062957763672,-1.584738281114642,-0.6926084046249343,-9.19971571698125,20.0,1.0
1.457,-1.1108570098876953,-1.1108570098876953,-1.0549449920654297,-1.585423069155742,-0.6769642982843607,-9.113340491579866,20.0,1.0
1.458,-1.1120014190673828,-1.1120014190673828,-1.2747249603271484,-1.5860922097112107,-0.661313510579248,-8.868404363128658,20.0,1.0
1.459,-1.1135272979736328,-1.1135272979736328,-1.4505500793457031,-1.5867456961769006,-0.645656195976926,-8.65947408069658,20.0,1.0
1.46,-1.1146717071533203,-1.1146717071533203,-1.3978023529052734,-1.5873835221031645,-0.6299925090087299,-8.686426455100339,20.0,1.0
1.461,-1.1161975860595703,-1.1161975860595703,-1.1428565979003906,-1.5880056811949181,-0.6143226042687502,-8.907627909075316,20.0,1.0
1.462,-1.1169605255126953,-1.1169605255126953,-0.9230766296386719,-1.588612167311702,-0.5986466364124681,-9.108602842753928,20.0,1.0
1.463,-1.1177234649658203,-1.1177234649658203,-0.9318675994873047,-1.5892029744677432,-0.5829647601558463,-9.080687350706999,20.0,1.0
1.464,-1.1188678741455078,-1.1188678741455078,-0.9758243560791016,-1.5897780968320134,-0.5672771302722595,-9.00965722792327,20.0,1.0
1.465,-1.1200122833251953,-1.1200122833251953,-1.1340656280517578,-1.5903375287282877,-0.5515839015924939,-8.824023181602584,20.0,1.0
1.466,-1.1211566925048828,-1.1211566925048828,-1.292306900024414,-1.5908812646351982,-0.5358852290019058,-8.6380697715838,20.0,1.0
1.467,-1.1226825714111328,-1.1226825714111328,-1.371429443359375,-1.5914092991862918,-0.5201812674412167,-8.523286379585022,20.0,1.0
1.468,-1.1238269805908203,-1.1238269805908203,-1.213186264038086,-1.5919216271700805,-0.504472171900602,-8.653178839447719,20.0,1.0
1.469,-1.1249713897705078,-1.1249713897705078,-0.9230766296386719,-1.5924182435300933,-0.4887580974238972,-8.914618542976935,20.0,1.0
1.47,-1.1257343292236328,-1.1257343292236328,-0.8615379333496094,-1.592899143364928,-0.4730391991018905,-8.954797548578185,20.0,1.0
1.471,-1.1264972686767578,-1.1264972686767578,-0.8879127502441406,-1.5933643219282971,-0.45731563207414183,-8.906743946860788,20.0,1.0
1.472,-1.1276416778564453,-1.1276416778564453,-0.9670333862304688,-1.5938137746290761,-0.4415875515253447,-8.797996100747493,20.0,1.0
1.473,-1.1287860870361328,-1.1287860870361328,-1.1076927185058594,-1.5942474970313478,-0.4258551126858947,-8.627390594084336,20.0,1.0
1.474,-1.1299304962158203,-1.1299304962158203,-1.24835205078125,-1.594665484854448,-0.4101184708284791,-8.456466192819782,20.0,1.0
1.475,-1.1310749053955078,-1.1310749053955078,-1.2395610809326172,-1.5950677339730048,-0.3943777812673943,-8.434673271884717,20.0,1.0
1.476,-1.1322193145751953,-1.1322193145751953,-1.0901107788085938,-1.5954542404169825,-0.37863319935649997,-8.55322093738365,20.0,1.0
1.477,-1.1329822540283203,-1.1329822540283203,-0.8791217803955078,-1.595825000371718,-0.36288488048899126,-8.740618026961439,20.0,1.0
1.478,-1.1337451934814453,-1.1337451934814453,-0.8087921142578125,-1.5961800101779604,-0.3471329800942158,-8.787037199766704,20.0,1.0
1.479,-1.1348896026611328,-1.1348896026611328,-0.8439559936523438,-1.5965192663319066,-0.3313776536372188,-8.72001493340035,20.0,1.0
1.48,-1.1356525421142578,-1.1356525421142578,-0.8615379333496094,-1.5968427654852346,-0.31561905661612855,-8.677885590686056,20.0,1.0
1.481,-1.1367969512939453,-1.1367969512939453,-1.0109882354736328,-1.597150504445139,-0.2998573445628381,-8.49594017211308,20.0,1.0
1.482,-1.1375598907470703,-1.1375598907470703,-1.1164836883544922,-1.59744248017436,-0.2840926730382307,-8.365260773229533,20.0,1.0
1.483,-1.1390857696533203,-1.1390857696533203,-1.2395610809326172,-1.5977186897912157,-0.26832519763399887,-8.201422519459289,20.0,1.0
1.484,-1.1402301788330078,-1.1402301788330078,-1.125274658203125,-1.597979130569628,-0.2525550739682103,-8.28225945049749,20.0,1.0
1.485,-1.1409931182861328,-1.1409931182861328,-0.9230766296386719,-1.5982237999391522,-0.2367824576857629,-8.458319461107479,20.0,1.0
1.486,-1.1417560577392578,-1.1417560577392578,-0.7999992370605469,-1.5984526954849996,-0.22100750445588346,-8.554941022310171,20.0,1.0
1.487,-1.1425189971923828,-1.1425189971923828,-0.8087921142578125,-1.5986658149480641,-0.20523036997178679,-8.519374610827601,20.0,1.0
1.488,-1.1432819366455078,-1.1432819366455078,-0.7824172973632812,-1.598863156224943,-0.18945120994624176,-8.518658304171662,20.0,1.0
1.489,-1.1444263458251953,-1.1444263458251953,-0.9142856597900391,-1.5990447173679567,-0.17367018011395885,-8.351751951179148,20.0,1.0
1.49,-1.1451892852783203,-1.1451892852783203,-0.9934062957763672,-1.5992104965851706,-0.15788743622670154,-8.24490536658734,20.0,1.0
1.491,-1.1463336944580078,-1.1463336944580078,-1.0989017486572266,-1.5993604922404105,-0.14210313405476427,-8.103737341045592,20.0,1.0
1.492,-1.1474781036376953,-1.1474781036376953,-1.1164836883544922,-1.59949470285328,-0.12631742938185653,-8.050165725339058,20.0,1.0
1.493,-1.1486225128173828,-1.1486225128173828,-1.0549449920654297,-1.5996131270991745,-0.11053047800737659,-8.07539777157778,20.0,1.0
1.494,-1.1493854522705078,-1.1493854522705078,-0.8263740539550781,-1.5997157638092945,-0.09474243574118191,-8.274974612561838,20.0,1.0
1.495,-1.1501483917236328,-1.1501483917236328,-0.7032966613769531,-1.599802611970657,-0.0789534584056355,-8.368741201969165,20.0,1.0
1.496,-1.1509113311767578,-1.1509113311767578,-0.7120876312255859,-1.5998736707261059,-0.06316370183139952,-8.330322861592775,20.0,1.0
1.497,-1.1516742706298828,-1.1516742706298828,-0.6945056915283203,-1.59992893937432,-0.047373321856866824,-8.317961005217288,20.0,1.0
1.498,-1.1524372100830078,-1.1524372100830078,-0.7384624481201172,-1.5999684173698194,-0.031582474326569354,-8.243744171942684,20.0,1.0
1.499,-1.1532001495361328,-1.1532001495361328,-0.8263740539550781,-1.5999921043229732,-0.01579131509038234,-8.125256356872113,20.0,1.0
1.5,-1.1539630889892578,-1.1539630889892578,-0.8879127502441406,-1.6,0.0,-8.032825469970705,20.0,1.0
1.5010000000000001,-1.1551074981689453,-1.1551074981689453,-1.0461540222167969,-1.5999921043229732,0.015791315090268654,-7.835746785773493,20.0,1.0
1.502,-1.1558704376220703,-1.1558704376220703,-1.0109882354736328,-1.5999684173698194,0.03158247432668304,-7.839388885154666,20.0,1.0
1.5030000000000001,-1.1570158004760742,-1.1570158004760742,-0.9670333862304688,-1.59992893937432,0.04737332185675314,-7.843856069877692,20.0,1.0
1.504,-1.1577787399291992,-1.1577787399291992,-0.7648353576660156,-1.5998736707261059,0.06316370183151321,-8.013899556440604,20.0,1.0
1.5050000000000001,-1.1585416793823242,-1.1585416793823242,-0.6769237518310547,-1.599802611970657,0.0789534584056355,-8.069341441529964,20.0,1.0
1.506,-1.1593046188354492,-1.1593046188354492,-0.6593399047851562,-1.5997157638092945,0.09474243574140928,-8.05414055895034,20.0,1.0
1.5070000000000001,-1.1596860885620117,-1.1596860885620117,-0.6417579650878906,-1.5996131270991745,0.11053047800714921,-8.046252327648215,20.0,1.0
1.508,-1.1604490280151367,-1.1604490280151367,-0.6329669952392578,-1.59949470285328,0.1263174293820839,-8.021629072141524,20.0,1.0
1.5090000000000001,-1.1612119674682617,-1.1612119674682617,-0.7296695709228516,-1.5993604922404105,0.14210313405465058,-7.891197790465474,20.0,1.0
1.51,-1.1619749069213867,-1.1619749069213867,-0.7560443878173828,-1.5992104965851706,0.1578874362270426,-7.830779969231251,20.0,1.0
1.5110000000000001,-1.1627378463745117,-1.1627378463745117,-0.8439559936523438,-1.5990447173679567,0.17367018011373148,-7.708511246102825,20.0,1.0
1.512,-1.1635007858276367,-1.1635007858276367,-0.9318675994873047,-1.598863156224943,0.18945120994635545,-7.585928598512464,20.0,1.0
1.5130000000000001,-1.1646451950073242,-1.1646451950073242,-0.8527469635009766,-1.5986658149480641,0.2052303699715594,-7.622435065342263,20.0,1.0
1.514,-1.1654081344604492,-1.1654081344604492,-0.7999992370605469,-1.5984526954849996,0.22100750445611084,-7.6398844789743485,20.0,1.0
1.5150000000000001,-1.1657896041870117,-1.1657896041870117,-0.6681327819824219,-1.598223799939152,0.2367824576857629,-7.743768675374621,20.0,1.0
1.516,-1.1665525436401367,-1.1665525436401367,-0.5626373291015625,-1.597979130569628,0.2525550739682103,-7.8133393355200536,20.0,1.0
1.5170000000000001,-1.1669340133666992,-1.1669340133666992,-0.5274734497070312,-1.5977186897912157,0.26832519763399887,-7.819894881149299,20.0,1.0
1.518,-1.1676969528198242,-1.1676969528198242,-0.5186805725097656,-1.59744248017436,0.2840926730384581,-7.792137301542493,20.0,1.0
1.5190000000000001,-1.1680784225463867,-1.1680784225463867,-0.4923076629638672,-1.597150504445139,0.2998573445626107,-7.789276630448569,20.0,1.0
1.52,-1.1684598922729492,-1.1684598922729492,-0.4923076629638672,-1.5968427654852346,0.3156190566163559,-7.759730744665486,20.0,1.0
1.5210000000000001,-1.1692228317260742,-1.1692228317260742,-0.5714282989501953,-1.5965192663319066,0.33137765363699145,-7.64312273952946,20.0,1.0
1.522,-1.1696043014526367,-1.1696043014526367,-0.5802192687988281,-1.5961800101779604,0.34713298009444316,-7.604161925613202,20.0,1.0
1.5230000000000001,-1.1703672409057617,-1.1703672409057617,-0.624176025390625,-1.5958250003717178,0.36288488048887757,-7.522094283439619,20.0,1.0
1.524,-1.1711301803588867,-1.1711301803588867,-0.6857147216796875,-1.5954542404169825,0.37863319935661366,-7.422133280125614,20.0,1.0
1.5250000000000001,-1.1718931198120117,-1.1718931198120117,-0.74725341796875,-1.5950677339730048,0.39437778126716694,-7.321861083983945,20.0,1.0
1.526,-1.1726560592651367,-1.1726560592651367,-0.6945056915283203,-1.594665484854448,0.4101184708284791,-7.335564349429426,20.0,1.0
1.5270000000000001,-1.1730375289916992,-1.1730375289916992,-0.7208786010742188,-1.5942474970313478,0.4258551126858947,-7.277465647032859,20.0,1.0
1.528,-1.1738004684448242,-1.1738004684448242,-0.624176025390625,-1.5938137746290761,0.4415875515253447,-7.33450254676907,20.0,1.0
1.5290000000000001,-1.1741819381713867,-1.1741819381713867,-0.5186805725097656,-1.5933643219282971,0.45731563207402814,-7.4076514705544145,20.0,1.0
1.53,-1.1749448776245117,-1.1749448776245117,-0.47472572326660156,-1.592899143364928,0.4730391991020042,-7.41132039243972,20.0,1.0
1.5310000000000001,-1.1753263473510742,-1.1753263473510742,-0.4307689666748047,-1.5924182435300933,0.4887580974236698,-7.422310859481907,20.0,1.0
1.532,-1.1757078170776367,-1.1757078170776367,-0.41318702697753906,-1.5919216271700805,0.5044721719008294,-7.406617002970506,20.0,1.0
1.5330000000000001,-1.1760892868041992,-1.1760892868041992,-0.39560508728027344,-1.5914092991862918,0.5201812674409894,-7.390613892920589,20.0,1.0
1.534,-1.1764707565307617,-1.1764707565307617,-0.3692302703857422,-1.5908812646351982,0.5358852290021332,-7.383094662700854,20.0,1.0
1.5350000000000001,-1.1768522262573242,-1.1768522262573242,-0.3604393005371094,-1.5903375287282877,0.5515839015922666,-7.357682847289894,20.0,1.0
1.536,-1.1772336959838867,-1.1772336959838867,-0.4307689666748047,-1.5897780968320134,0.5672771302723731,-7.252841920015356,20.0,1.0
1.537,-1.1776151657104492,-1.1776151657104492,-0.4395599365234375,-1.5892029744677432,0.5829647601558463,-7.209231478466595,20.0,1.0
1.538,-1.1779966354370117,-1.1779966354370117,-0.4395599365234375,-1.588612167311702,0.5986466364124681,-7.174104064557898,20.0,1.0
1.539,-1.1783781051635742,-1.1783781051635742,-0.4395599365234375,-1.5880056811949181,0.6143226042686365,-7.138668979834804,20.0,1.0
1.54,-1.1791410446166992,-1.1791410446166992,-0.4395599365234375,-1.5873835221031647,0.6299925090087299,-7.095297104197142,20.0,1.0
1.541,-1.1795225143432617,-1.1795225143432617,-0.4835166931152344,-1.5867456961769006,0.6456561959770397,-7.015290747580504,20.0,1.0
1.542,-1.1799039840698242,-1.1799039840698242,-0.5362644195556641,-1.5860922097112107,0.661313510579248,-6.926186582692818,20.0,1.0
1.543,-1.1806669235229492,-1.1806669235229492,-0.5186805725097656,-1.585423069155742,0.6769642982843607,-6.89947804186173,20.0,1.0
1.544,-1.1810483932495117,-1.1810483932495117,-0.46593475341796875,-1.584738281114642,0.6926084046249343,-6.915254599259702,20.0,1.0
1.545,-1.1814298629760742,-1.1814298629760742,-0.46593475341796875,-1.5840378523464922,0.7082456752001463,-6.877979358790245,20.0,1.0
1.546,-1.1818113327026367,-1.1818113327026367,-0.4219779968261719,-1.5833217897642418,0.7238759556764762,-6.884355188729453,20.0,1.0
1.547,-1.1821928024291992,-1.1821928024291992,-0.3604393005371094,-1.582590100435139,0.739499091789753,-6.908007567791934,20.0,1.0
1.548,-1.1825742721557617,-1.1825742721557617,-0.33406639099121094,-1.5818427915806623,0.7551149293449271,-6.896189068161874,20.0,1.0
1.549,-1.1829557418823242,-1.1829557418823242,-0.3076915740966797,-1.581079870576449,0.7707233142209589,-6.884067685564858,20.0,1.0
1.55,-1.1829557418823242,-1.1829557418823242,-0.2549457550048828,-1.5803013449522205,0.7863240923691137,-6.9056422140239295,20.0,1.0
1.551,-1.1833372116088867,-1.1833372116088867,-0.2549457550048828,-1.5795072223917108,0.8019171098159177,-6.8665373508356815,20.0,1.0
1.552,-1.1837186813354492,-1.1837186813354492,-0.24615478515625,-1.578697510732589,0.817502212664067,-6.835919590122477,20.0,1.0
1.553,-1.1837186813354492,-1.1837186813354492,-0.21977996826171875,-1.5778722179663824,0.8330792470959523,-6.830211517260993,20.0,1.0
1.554,-1.1841001510620117,-1.1841001510620117,-0.1934070587158203,-1.577031352238397,0.8486480593718397,-6.816568905440045,20.0,1.0
1.555,-1.1841001510620117,-1.1841001510620117,-0.21098899841308594,-1.5761749218476384,0.8642084958343048,-6.766297921465143,20.0,1.0
1.556,-1.1844816207885742,-1.1844816207885742,-0.16703224182128906,-1.5753029352467287,0.8797604029073227,-6.769633644434478,20.0,1.0
1.557,-1.1844816207885742,-1.1844816207885742,-0.1846160888671875,-1.5744154010418239,0.8953036271005885,-6.718755889097217,20.0,1.0
1.558,-1.1848630905151367,-1.1848630905151367,-0.15824127197265625,-1.5735123279925276,0.9108380150083804,-6.703905462566781,20.0,1.0
1.559,-1.1848630905151367,-1.1848630905151367,-0.14065933227539062,-1.572593725011807,0.9263634133128562,-6.687589944345158,20.0,1.0
1.56,-1.1848630905151367,-1.1848630905151367,-0.15824127197265625,-1.571659601165902,0.9418796687842814,-6.63580927225837,20.0,1.0
1.561,-1.1852445602416992,-1.1852445602416992,-0.15824127197265625,-1.5707099656742385,0.9573866282837571,-6.593680208394372,20.0,1.0
1.562,-1.1852445602416992,-1.1852445602416992,-0.15824127197265625,-1.5697448279093347,0.9728841387635612,-6.558879942616492,20.0,1.0
1.563,-1.1856260299682617,-1.1856260299682617,-0.1318683624267578,-1.5687641973967112,0.9883720472698769,-6.542522938872356,20.0,1.0
1.564,-1.1856260299682617,-1.1856260299682617,-0.123077392578125,-1.5677680838147952,1.0038502009426793,-6.515913483409864,20.0,1.0
1.565,-1.1856260299682617,-1.1856260299682617,-0.11428642272949219,-1.5667564969948256,1.0193184470199412,-6.489004470781843,20.0,1.0
1.566,-1.1856260299682617,-1.1856260299682617,-0.10549545288085938,-1.5657294469207554,1.0347766328351327,-6.461796253333882,20.0,1.0
1.567,-1.1860074996948242,-1.1860074996948242,-0.07912063598632812,-1.564686943729155,1.0502246058229048,-6.444243638877384,20.0,1.0
1.568,-1.1860074996948242,-1.1860074996948242,-0.07032966613769531,-1.5636289977091096,1.0656622135177258,-6.416438080630286,20.0,1.0
1.569,-1.1860074996948242,-1.1860074996948242,-0.043956756591796875,-1.5625556193021195,1.0810893035569507,-6.405916331997158,20.0,1.0
1.57,-1.1860074996948242,-1.1860074996948242,-0.043956756591796875,-1.5614668191019958,1.0965057236808207,-6.368723907870814,20.0,1.0
1.571,-1.1860074996948242,-1.1860074996948242,-0.017581939697265625,-1.5603626078547579,1.1119113217362155,-6.357608901765192,20.0,1.0
1.572,-1.1860074996948242,-1.1860074996948242,-0.026372909545898438,-1.5592429964585235,1.1273059456755163,-6.311031080052571,20.0,1.0
1.573,-1.1860074996948242,-1.1860074996948242,-0.008790969848632812,-1.5581079959634065,1.1426894435605846,-6.290529511962429,20.0,1.0
1.574,-1.1860074996948242,-1.1860074996948242,0.008790969848632812,-1.5569576175714024,1.158061663561739,-6.269731663818457,20.0,1.0
1.575,-1.1860074996948242,-1.1860074996948242,0.0,-1.555791872636283,1.1734224539620755,-6.222265004867099,20.0,1.0
1.576,-1.1860074996948242,-1.1860074996948242,0.017581939697265625,-1.5546107726634784,1.1887716631565581,-6.20087573591379,20.0,1.0
1.577,-1.1860074996948242,-1.1860074996948242,0.008790969848632812,-1.5534143293099696,1.2041091396544061,-6.152818422497134,20.0,1.0
1.578,-1.1860074996948242,-1.1860074996948242,0.026372909545898438,-1.5522025543841695,1.219434732081254,-6.130839271251551,20.0,1.0
1.579,-1.1860074996948242,-1.1860074996948242,0.017581939697265625,-1.550975459845807,1.234748289180061,-6.08219285353686,20.0,1.0
1.58,-1.1860074996948242,-1.1860074996948242,0.026372909545898438,-1.5497330578058097,1.2500496598111113,-6.050834411954497,20.0,1.0
1.581,-1.1860074996948242,-1.1860074996948242,0.03516578674316406,-1.5484753605261847,1.2653386929569024,-6.019184310413472,20.0,1.0
1.582,-1.1860074996948242,-1.1860074996948242,0.043956756591796875,-1.5472023804198962,1.2806152377204398,-5.987239133372797,20.0,1.0
1.583,-1.1860074996948242,-1.1860074996948242,0.05274772644042969,-1.5459141300507437,1.2958791433292163,-5.955001190229604,20.0,1.0
1.584,-1.1856260299682617,-1.1856260299682617,0.05274772644042969,-1.544610622133238,1.3111302591332787,-5.921309310606678,20.0,1.0
1.585,-1.1856260299682617,-1.1856260299682617,0.07032966613769531,-1.543291869532477,1.3263684346113678,-5.897278022810635,20.0,1.0
1.586,-1.1856260299682617,-1.1856260299682617,0.07912063598632812,-1.5419578852640157,1.3415935193683026,-5.8641642225331045,20.0,1.0
1.587,-1.1856260299682617,-1.1856260299682617,0.10549545288085938,-1.5406086824937404,1.356805363139074,-5.848343140251359,20.0,1.0
1.588,-1.1856260299682617,-1.1856260299682617,0.10549545288085938,-1.5392442745377375,1.3720038157883891,-5.805856528481986,20.0,1.0
1.589,-1.1852445602416992,-1.1852445602416992,0.123077392578125,-1.5378646748621634,1.3871887273143102,-5.788290957673098,20.0,1.0
1.59,-1.1852445602416992,-1.1852445602416992,0.123077392578125,-1.536469897083109,1.4023599478472306,-5.74522418155909,20.0,1.0
1.591,-1.1848630905151367,-1.1848630905151367,0.16703224182128906,-1.5350599549664687,1.4175173276538544,-5.753452203194075,20.0,1.0
1.592,-1.1848630905151367,-1.1848630905151367,0.14065933227539062,-1.5336348624278013,1.432660717136173,-5.68343405339251,20.0,1.0
1.593,-1.1848630905151367,-1.1848630905151367,0.1318683624267578,-1.532194633532196,1.4477899668362397,-5.630709255931706,20.0,1.0
1.594,-1.1844816207885742,-1.1844816207885742,0.1318683624267578,-1.5307392824941288,1.4629049274340105,-5.5941166691038395,20.0,1.0
1.595,-1.1844816207885742,-1.1844816207885742,0.1758251190185547,-1.5292688236773282,1.4780054497499577,-5.593563727043676,20.0,1.0
1.596,-1.1841001510620117,-1.1841001510620117,0.1758251190185547,-1.527783271594629,1.4930913847490501,-5.556396144921848,20.0,1.0
1.597,-1.1841001510620117,-1.1841001510620117,0.21098899841308594,-1.52628264090783,1.508162583539388,-5.546476211790065,20.0,1.0
1.598,-1.1837186813354492,-1.1837186813354492,0.20219802856445312,-1.5247669464275502,1.523218897373681,-5.499944433032791,20.0,1.0
1.599,-1.1837186813354492,-1.1837186813354492,0.22857093811035156,-1.5232362031130826,1.5382601776522051,-5.480661196010814,20.0,1.0
1.6,-1.1833372116088867,-1.1833372116088867,0.22857093811035156,-1.521690426072246,1.5532862759237105,-5.442348951453825,20.0,1.0
1.601,-1.1829557418823242,-1.1829557418823242,0.23736190795898438,-1.520129630561235,1.5682970438873554,-5.412542637649846,20.0,1.0
1.602,-1.1829557418823242,-1.1829557418823242,0.27252769470214844,-1.5185538319844714,1.583292333391796,-5.401197163353295,20.0,1.0
1.603,-1.1825742721557617,-1.1825742721557617,0.29010963439941406,-1.5169630458944514,1.5982719964401895,-5.3796131127330185,20.0,1.0
1.604,-1.1821928024291992,-1.1821928024291992,0.3164844512939453,-1.515357287991591,1.6132358851893969,-5.366538277352386,20.0,1.0
1.605,-1.1818113327026367,-1.1818113327026367,0.3868141174316406,-1.5137365741240727,1.6281838519518033,-5.397135093908557,20.0,1.0
1.606,-1.1814298629760742,-1.1814298629760742,0.45714378356933594,-1.5121009202876876,1.643115749196113,-5.427449180605491,20.0,1.0
1.607,-1.1810483932495117,-1.1810483932495117,0.5362644195556641,-1.5104503426256801,1.6580314295522385,-5.466271977526794,20.0,1.0
1.608,-1.1802854537963867,-1.1802854537963867,0.46593475341796875,-1.5087848574285831,1.6729307458075482,-5.362992080254349,20.0,1.0
1.609,-1.1799039840698242,-1.1799039840698242,0.5714282989501953,-1.507104481134065,1.6878135509113008,-5.427624689323711,20.0,1.0
1.61,-1.1791410446166992,-1.1791410446166992,0.5626373291015625,-1.5054092303267606,1.702679697976464,-5.385321345326325,20.0,1.0
1.611,-1.1787595748901367,-1.1787595748901367,0.5098896026611328,-1.503699121738112,1.7175290402810788,-5.291151499339558,20.0,1.0
1.612,-1.1783781051635742,-1.1783781051635742,0.4835166931152344,-1.5019741722461986,1.7323614312674636,-5.223076603500258,20.0,1.0
1.613,-1.1779966354370117,-1.1779966354370117,0.47472572326660156,-1.500234398875577,1.7471767245452838,-5.172304267492625,20.0,1.0
1.614,-1.1772336959838867,-1.1772336959838867,0.46593475341796875,-1.498479818797108,1.7619747738943943,-5.128882435788,20.0,1.0
1.615,-1.1768522262573242,-1.1768522262573242,0.46593475341796875,-1.496710449327788,1.7767554332644977,-5.086343781562748,20.0,1.0
1.616,-1.1764707565307617,-1.1764707565307617,0.41318702697753906,-1.4949263079305792,1.791518556775145,-4.990779498198744,20.0,1.0
1.617,-1.1760892868041992,-1.1760892868041992,0.378021240234375,-1.4931274122142377,1.8062639987208513,-4.912519749714294,20.0,1.0
1.618,-1.1757078170776367,-1.1757078170776367,0.4395599365234375,-1.4913137799331377,1.8209916135700723,-4.930687580063386,20.0,1.0
1.619,-1.1753263473510742,-1.1753263473510742,0.46593475341796875,-1.4894854289870976,1.8357012559679333,-4.9134151301705025,20.0,1.0
1.62,-1.1749448776245117,-1.1749448776245117,0.47472572326660156,-1.487642377421202,1.8503927807349783,-4.8782829384654285,20.0,1.0
1.621,-1.1741819381713867,-1.1741819381713867,0.5186805725097656,-1.4857846434256277,1.8650660428719448,-4.88566863472264,20.0,1.0
1.622,-1.1738004684448242,-1.1738004684448242,0.5802192687988281,-1.4839122453354583,1.8797208975603326,-4.902733909051177,20.0,1.0
1.623,-1.1730375289916992,-1.1730375289916992,0.7032966613769531,-1.4820252016305069,1.8943572001627444,-4.988692913990362,20.0,1.0
1.624,-1.1722745895385742,-1.1722745895385742,0.7384624481201172,-1.4801235309351328,1.9089748062240233,-4.986466469827266,20.0,1.0
1.625,-1.1715116500854492,-1.1715116500854492,0.7999992370605469,-1.4782072520180587,1.9235735714745488,-5.010337704238188,20.0,1.0
1.6260000000000001,-1.1707487106323242,-1.1707487106323242,0.7824172973632812,-1.4762763837921837,1.938153351830465,-4.9548174087300065,20.0,1.0
1.627,-1.1699857711791992,-1.1699857711791992,0.6505489349365234,-1.4743309453143976,1.9527140033957266,-4.784738414244764,20.0,1.0
1.6280000000000001,-1.1692228317260742,-1.1692228317260742,0.6153850555419922,-1.4723709557853923,1.967255382461417,-4.711092154266938,20.0,1.0
1.629,-1.1688413619995117,-1.1688413619995117,0.6065940856933594,-1.4703964345494747,1.9817773455113183,-4.6559181911813,20.0,1.0
1.6300000000000001,-1.1680784225463867,-1.1680784225463867,0.5538463592529297,-1.4684074010943697,1.9962797492188429,-4.564146180993747,20.0,1.0
1.631,-1.1676969528198242,-1.1676969528198242,0.5010986328125,-1.4664038750510369,2.0107624504508976,-4.464474626985855,20.0,1.0
1.6320000000000001,-1.1673154830932617,-1.1673154830932617,0.5626373291015625,-1.4643858761934683,2.025225306269249,-4.478819884836445,20.0,1.0
1.633,-1.1665525436401367,-1.1665525436401367,0.5714282989501953,-1.4623534244384984,2.0396681739318865,-4.447777740985542,20.0,1.0
1.6340000000000001,-1.1657896041870117,-1.1657896041870117,0.6065940856933594,-1.4603065398456045,2.0540909108930236,-4.442841887972192,20.0,1.0
1.635,-1.1654081344604492,-1.1654081344604492,0.7120876312255859,-1.4582452426167123,2.068493374805712,-4.500336419545135,20.0,1.0
1.6360000000000001,-1.1642637252807617,-1.1642637252807617,0.8967037200927734,-1.4561695530959933,2.0828754235238875,-4.651944852873517,20.0,1.0
1.637,-1.1635007858276367,-1.1635007858276367,0.9054946899414062,-1.4540794917696644,2.097236915103281,-4.61983189367868,20.0,1.0
1.6380000000000001,-1.1623563766479492,-1.1623563766479492,0.9934062957763672,-1.4519750792657868,2.1115777078002793,-4.67420264033284,20.0,1.0
1.639,-1.1615934371948242,-1.1615934371948242,0.8527469635009766,-1.4498563363540637,2.125897660077726,-4.492107286608041,20.0,1.0
1.6400000000000001,-1.1608304977416992,-1.1608304977416992,0.7999992370605469,-1.4477232839456313,2.140196630603782,-4.397658330535407,20.0,1.0
1.641,-1.1600675582885742,-1.1600675582885742,0.7208786010742188,-1.445575943092856,2.1544744782536327,-4.276571818906223,20.0,1.0
1.6420000000000001,-1.1593046188354492,-1.1593046188354492,0.624176025390625,-1.4434143349891242,2.1687310621096003,-4.137639286354524,20.0,1.0
1.643,-1.1589231491088867,-1.1589231491088867,0.6857147216796875,-1.4412384809686367,2.1829662414653512,-4.149055117409336,20.0,1.0
1.6440000000000001,-1.1581602096557617,-1.1581602096557617,0.7032966613769531,-1.4390484025061936,2.197179875825782,-4.123880642559809,20.0,1.0
1.645,-1.1573972702026367,-1.1573972702026367,0.7736263275146484,-1.4368441212169851,2.211371824908383,-4.1511915228932335,20.0,1.0
1.6460000000000001,-1.1562528610229492,-1.1562528610229492,0.9846153259277344,-1.434625658856377,2.225541948642899,-4.326529333953392,20.0,1.0
1.647,-1.1551074981689453,-1.1551074981689453,1.0989017486572266,-1.4323930373196991,2.2396901071774664,-4.404922424494837,20.0,1.0
1.6480000000000001,-1.1539630889892578,-1.1539630889892578,1.160440444946289,-1.430146278642022,2.2538161608750897,-4.430288077126484,20.0,1.0
1.649,-1.1532001495361328,-1.1532001495361328,0.9934062957763672,-1.4278854049979488,2.2679199703167114,-4.219191434695976,20.0,1.0
1.6500000000000001,-1.1520557403564453,-1.1520557403564453,0.9318675994873047,-1.4256104387013888,2.2820013963038264,-4.120960170082348,20.0,1.0
1.651,-1.1512928009033203,-1.1512928009033203,0.7736263275146484,-1.423321402205341,2.2960602998589366,-3.9181380536961274,20.0,1.0
1.6520000000000001,-1.1505298614501953,-1.1505298614501953,0.8175830841064453,-1.4210183181016711,2.31009654222521,-3.917255674910751,20.0,1.0
1.653,-1.1497669219970703,-1.1497669219970703,0.7912082672119141,-1.4187012091208904,2.32410998487137,-3.845784024816945,20.0,1.0
1.6540000000000001,-1.1486225128173828,-1.1486225128173828,0.9142856597900391,-1.4163700981319285,2.3381004894901025,-3.93113687659085,20.0,1.0
1.655,-1.1474781036376953,-1.1474781036376953,1.1692314147949219,-1.41402500814191,2.352067918001808,-4.148101586877406,20.0,1.0
1.6560000000000001,-1.1463336944580078,-1.1463336944580078,1.2835159301757812,-1.411665962295925,2.3660121325521004,-4.224149154382022,20.0,1.0
1.657,-1.1451892852783203,-1.1451892852783203,1.2747249603271484,-1.4092929838768056,2.3799329955174926,-4.176865936779361,20.0,1.0
1.6580000000000001,-1.1440448760986328,-1.1440448760986328,1.1164836883544922,-1.40690609630489,2.393830369505281,-3.979877722974356,20.0,1.0
1.659,-1.1429004669189453,-1.1429004669189453,0.9670333862304688,-1.404505323137795,2.407704117354342,-3.791426393253122,20.0,1.0
1.6600000000000001,-1.1421375274658203,-1.1421375274658203,0.9406585693359375,-1.4020906880701816,2.42155410213536,-3.7181676792878022,20.0,1.0
1.661,-1.1409931182861328,-1.1409931182861328,0.9230766296386719,-1.3996622149335243,2.435380187154692,-3.661078375431809,20.0,1.0
1.6620000000000001,-1.1398487091064453,-1.1398487091064453,1.0813179016113281,-1.3972199276958723,2.449182235954936,-3.7795600374449325,20.0,1.0
1.663,-1.1387042999267578,-1.1387042999267578,1.3098907470703125,-1.3947638504616142,2.4629601123159546,-3.968121645451486,20.0,1.0
1.6640000000000001,-1.1371784210205078,-1.1371784210205078,1.459341049194336,-1.3922940074712407,2.476713680253738,-4.084939097955255,20.0,1.0
1.665,-1.1360340118408203,-1.1360340118408203,1.2219772338867188,-1.3898104231011066,2.4904428040282482,-3.807062655064196,20.0,1.0
1.666,-1.1348896026611328,-1.1348896026611328,1.0989017486572266,-1.3873131218631847,2.5041473481380763,-3.6432247845601875,20.0,1.0
1.667,-1.1337451934814453,-1.1337451934814453,1.002197265625,-1.3848021284048304,2.517827177323852,-3.50550878676885,20.0,1.0
1.668,-1.1329822540283203,-1.1329822540283203,0.9934062957763672,-1.3822774675085368,2.531482156571883,-3.447828408808813,20.0,1.0
1.669,-1.1318378448486328,-1.1318378448486328,1.1780223846435547,-1.3797391640916867,2.5451121511131305,-3.5909366183915026,20.0,1.0
1.67,-1.1303119659423828,-1.1303119659423828,1.4681320190429688,-1.3771872432063104,2.5587170264254837,-3.846920537896036,20.0,1.0
1.671,-1.1287860870361328,-1.1287860870361328,1.5736255645751953,-1.374621730038836,2.572296648233305,-3.9180417763959525,20.0,1.0
1.672,-1.1272602081298828,-1.1272602081298828,1.3802204132080078,-1.3720426499098437,2.5858508825114086,-3.690018366295817,20.0,1.0
1.673,-1.1261157989501953,-1.1261157989501953,1.160440444946289,-1.3694500282738131,2.599379595485516,-3.4277454359331294,20.0,1.0
1.674,-1.1249713897705078,-1.1249713897705078,1.1164836883544922,-1.3668438907188727,2.6128826536328233,-3.3410510536889664,20.0,1.0
1.675,-1.1238269805908203,-1.1238269805908203,1.1516475677490234,-1.3642242629665473,2.6263599236824575,-3.333233291581106,20.0,1.0
1.676,-1.1223011016845703,-1.1223011016845703,1.5120887756347656,-1.3615911708715078,2.639811272620477,-3.6580788867530387,20.0,1.0
1.677,-1.1207752227783203,-1.1207752227783203,1.7054939270019531,-1.3589446404213066,2.6532365676870313,-3.815645712174647,20.0,1.0
1.678,-1.1192493438720703,-1.1192493438720703,1.4857139587402344,-1.3562846977361336,2.6666356763796557,-3.559785359641844,20.0,1.0
1.679,-1.1181049346923828,-1.1181049346923828,1.213186264038086,-1.3536113690685472,2.6800084664542965,-3.2433064851070768,20.0,1.0
1.68,-1.1165790557861328,-1.1165790557861328,1.160440444946289,-1.350924680803225,2.6933548059276973,-3.153998139360434,20.0,1.0
1.681,-1.1154346466064453,-1.1154346466064453,1.2043952941894531,-1.3482246594566918,2.7066745630770583,-3.1535209881173243,20.0,1.0
1.682,-1.1139087677001953,-1.1139087677001953,1.5560436248779297,-1.3455113316770708,2.7199676064403775,-3.4681272979750624,20.0,1.0
1.683,-1.1120014190673828,-1.1120014190673828,1.8197803497314453,-1.3427847242438111,2.7332338048216798,-3.7022126484383318,20.0,1.0
1.684,-1.1104755401611328,-1.1104755401611328,1.582418441772461,-1.3400448640674274,2.746473027289312,-3.4273318926090406,20.0,1.0
1.685,-1.1093311309814453,-1.1093311309814453,1.3186817169189453,-1.3372917781892326,2.7596851431766254,-3.118209517898066,20.0,1.0
1.686,-1.1081867218017578,-1.1081867218017578,1.2659339904785156,-1.334525493781074,2.772870022085499,-3.0198394079793403,20.0,1.0
1.687,-1.1066608428955078,-1.1066608428955078,1.4505500793457031,-1.3317460381450619,2.7860275338866813,-3.166226450450103,20.0,1.0
1.688,-1.1047534942626953,-1.1047534942626953,1.8549442291259766,-1.3289534387133006,2.7991575487216096,-3.5397855694164733,20.0,1.0
1.689,-1.1028461456298828,-1.1028461456298828,1.7758235931396484,-1.3261477230476189,2.8122599370007038,-3.4295952044936655,20.0,1.0
1.69,-1.1013202667236328,-1.1013202667236328,1.4417591094970703,-1.323328918839299,2.8253345694096197,-3.056597582400773,20.0,1.0
1.691,-1.1001758575439453,-1.1001758575439453,1.3010997772216797,-1.3204970539087997,2.8383813169073164,-2.8691423876114506,20.0,1.0
1.692,-1.0990314483642578,-1.0990314483642578,1.3010997772216797,-1.3176521562054844,2.8514000507277615,-2.8221138833184494,20.0,1.0
1.693,-1.0971240997314453,-1.0971240997314453,1.74945068359375,-1.3147942538073443,2.864390642380158,-3.238463122731571,20.0,1.0
1.694,-1.0952167510986328,-1.0952167510986328,1.9780216217041016,-1.3119233749207238,2.8773529636533794,-3.434801134492541,20.0,1.0
1.695,-1.093308448791504,-1.093308448791504,1.7406597137451172,-1.3090395478800376,2.89028688661449,-3.1649948089013016,20.0,1.0
1.696,-1.0921640396118164,-1.0921640396118164,1.4329662322998047,-1.3061428011474947,2.903192283611588,-2.8093491794017824,20.0,1.0
1.697,-1.0906381607055664,-1.0906381607055664,1.4241752624511719,-1.3032331633128147,2.91606902727176,-2.7600062873243774,20.0,1.0
1.698,-1.088730812072754,-1.088730812072754,1.9076919555664062,-1.300310663092951,2.928916990508469,-3.2103719854618804,20.0,1.0
1.699,-1.0868234634399414,-1.0868234634399414,2.0307693481445312,-1.2973753293317978,2.9417360465173488,-3.30007061946431,20.0,1.0
1.7,-1.084916114807129,-1.084916114807129,1.7054939270019531,-1.294427190999916,2.9545260687785913,-2.9411893820791057,20.0,1.0
1.701,-1.083390235900879,-1.083390235900879,1.4857139587402344,-1.291466277194241,2.96728693106013,-2.679947853547344,20.0,1.0
1.702,-1.081864356994629,-1.081864356994629,1.5472526550292969,-1.2884926171377957,2.980018507418322,-2.6997993504743114,20.0,1.0
1.703,-1.079575538635254,-1.079575538635254,2.1098899841308594,-1.2855062401794042,2.9927206721964694,-3.2357833428173954,20.0,1.0
1.704,-1.0776681900024414,-1.0776681900024414,2.083517074584961,-1.2825071757934028,3.005393300029482,-3.1749034903747066,20.0,1.0
1.705,-1.0761423110961914,-1.0761423110961914,1.6967029571533203,-1.2794954535793452,3.0180362658442164,-2.7457295409721807,20.0,1.0
1.706,-1.0746164321899414,-1.0746164321899414,1.5472526550292969,-1.2764711032617142,3.030649444860046,-2.5536966316047067,20.0,1.0
1.707,-1.072709083557129,-1.072709083557129,1.8901100158691406,-1.2734341546896253,3.043232712588747,-2.8613787259303214,20.0,1.0
1.708,-1.070420265197754,-1.070420265197754,2.259340286254883,-1.2703846378365364,3.055785944838931,-3.2028417941916025,20.0,1.0
1.709,-1.0685129165649414,-1.0685129165649414,1.8901100158691406,-1.2673225827999475,3.068309017715592,-2.79799432285367,20.0,1.0
1.71,-1.066605567932129,-1.066605567932129,1.6087913513183594,-1.264248019801105,3.080801807621924,-2.4808385810759574,20.0,1.0
1.711,-1.065079689025879,-1.065079689025879,1.7406597137451172,-1.2611609791847038,3.09326419125739,-2.5690213256642256,20.0,1.0
1.712,-1.062790870666504,-1.062790870666504,2.2769222259521484,-1.2580614914185901,3.105696045623745,-3.0766385953701283,20.0,1.0
1.713,-1.060502052307129,-1.060502052307129,2.1450557708740234,-1.2549495870934564,3.1180972480243554,-2.9159092185762177,20.0,1.0
1.714,-1.058976173400879,-1.058976173400879,1.7846145629882812,-1.2518252969225414,3.1304676760646544,-2.511129357356877,20.0,1.0
1.715,-1.0570688247680664,-1.0570688247680664,1.7230777740478516,-1.2486886517413271,3.142807207651572,-2.4126671058614946,20.0,1.0
1.716,-1.0547800064086914,-1.0547800064086914,2.3208789825439453,-1.2455396825072382,3.1551157210008114,-2.9809567835140705,20.0,1.0
1.717,-1.0524911880493164,-1.0524911880493164,2.25054931640625,-1.2423784202993258,3.1673930946319615,-2.8809008667744758,20.0,1.0
1.718,-1.050583839416504,-1.050583839416504,1.837362289428711,-1.2392048963179745,3.1796392073711104,-2.430144220087012,20.0,1.0
1.719,-1.049057960510254,-1.049057960510254,1.714284896850586,-1.2360191418845836,3.191853938355507,-2.261654585981673,20.0,1.0
1.72,-1.046769142150879,-1.046769142150879,2.329669952392578,-1.2328211884412634,3.204037167030606,-2.8466737111696627,20.0,1.0
1.721,-1.0440988540649414,-1.0440988540649414,2.4087905883789062,-1.2296110675505225,3.216188773151771,-2.9028460849387576,20.0,1.0
1.722,-1.042191505432129,-1.042191505432129,2.048351287841797,-1.2263888108949599,3.228308636787915,-2.5039887603105013,20.0,1.0
1.723,-1.0402841567993164,-1.0402841567993164,1.872528076171875,-1.223154450276947,3.2403966383213856,-2.2895373074030996,20.0,1.0
1.724,-1.0379953384399414,-1.0379953384399414,2.417581558227539,-1.219908017618317,3.2524526584487603,-2.803382483346291,20.0,1.0
1.725,-1.0357065200805664,-1.0357065200805664,2.329669952392578,-1.2166495449600494,3.264476578180961,-2.684053871801277,20.0,1.0
1.726,-1.033799171447754,-1.033799171447754,1.9076919555664062,-1.2133790644619549,3.276468278847119,-2.2228215370033064,20.0,1.0
1.727,-1.0318918228149414,-1.0318918228149414,1.9252738952636719,-1.2100966084023552,3.288427642094007,-2.2009419649179414,20.0,1.0
1.728,-1.0292205810546875,-1.0292205810546875,2.505495071411133,-1.2068022091777666,3.3003545498886524,-2.7567730839840623,20.0,1.0
1.729,-1.0269317626953125,-1.0269317626953125,2.373626708984375,-1.203495899302578,3.312248884515725,-2.592660556613959,20.0,1.0
1.73,-1.0250244140625,-1.0250244140625,1.9956035614013672,-1.2001777114087353,3.3241105285829917,-2.1745589797430815,20.0,1.0
1.731,-1.022735595703125,-1.022735595703125,2.206592559814453,-1.196847678245412,3.3359393650217726,-2.3528948456384216,20.0,1.0
1.732,-1.02044677734375,-1.02044677734375,2.549449920654297,-1.1935058326786918,3.347735277086258,-2.662895750266875,20.0,1.0
1.733,-1.018157958984375,-1.018157958984375,2.1802196502685547,-1.1901522076912396,3.3594981483541915,-2.260606476051656,20.0,1.0
1.734,-1.0162506103515625,-1.0162506103515625,1.9780216217041016,-1.1867868363819836,3.3712278627320984,-2.0175182795804245,20.0,1.0
1.735,-1.013580322265625,-1.013580322265625,2.5582408905029297,-1.1834097519657756,3.3829243044524446,-2.5719051800534967,20.0,1.0
1.736,-1.0109100341796875,-1.0109100341796875,2.5230770111083984,-1.1800209877730785,3.3945873580748867,-2.510708724901332,20.0,1.0
1.737,-1.009002685546875,-1.009002685546875,2.1098899841308594,-1.1766205772496259,3.406216908490933,-2.056030909694944,20.0,1.0
1.738,-1.0067138671875,-1.0067138671875,2.3560447692871094,-1.1732085539560966,3.4178128409217834,-2.2681256637372575,20.0,1.0
1.739,-1.003662109375,-1.003662109375,2.795604705810547,-1.1697849515677825,3.4293750409190125,-2.6886865087471845,20.0,1.0
1.74,-1.001373291015625,-1.001373291015625,2.1890106201171875,-1.1663498038742586,3.440903394369002,-2.047637482920857,20.0,1.0
1.741,-0.9994659423828125,-0.9994659423828125,2.039560317993164,-1.1629031447790448,3.452397787491691,-1.8559065784261186,20.0,1.0
1.742,-0.996795654296875,-0.996795654296875,2.7780227661132812,-1.159445008299275,3.4638581068425083,-2.567151739318775,20.0,1.0
1.743,-0.9941253662109375,-0.9941253662109375,2.6813182830810547,-1.1559754285653596,3.475284239312032,-2.4430352908574653,20.0,1.0
1.744,-0.9918365478515625,-0.9918365478515625,2.1010990142822266,-1.152494439820651,3.4866760721287164,-1.8275807815352785,20.0,1.0
1.745,-0.9895477294921875,-0.9895477294921875,2.6373634338378906,-1.1490020764211024,3.4980334928602588,-2.32841687955593,20.0,1.0
1.746,-0.9864959716796875,-0.9864959716796875,2.8923072814941406,-1.1454983728349304,3.5093563894143927,-2.5629989151846058,20.0,1.0
1.747,-0.9842071533203125,-0.9842071533203125,2.118680953979492,-1.1419833636422738,3.520644650036843,-1.7535605103818757,20.0,1.0
1.748,-0.9819183349609375,-0.9819183349609375,2.373626708984375,-1.1384570835348564,3.5318981633178055,-1.9725035171449479,20.0,1.0
1.749,-0.9788665771484375,-0.9788665771484375,3.085714340209961,-1.1349195673156383,3.543116818190015,-2.6636573253639613,20.0,1.0
1.75,-0.9765777587890625,-0.9765777587890625,2.4439563751220703,-1.1313708498984762,3.5543005039302216,-1.9855176933801237,20.0,1.0
1.7510000000000001,-0.9742889404296875,-0.9742889404296875,2.3120880126953125,-1.1278109663077778,3.565449110158397,-1.8170794200987208,20.0,1.0
1.752,-0.970855712890625,-0.970855712890625,3.1472530364990234,-1.1242399516781594,3.576562526843759,-2.638375285405952,20.0,1.0
1.7530000000000001,-0.9685659408569336,-0.9685659408569336,2.452747344970703,-1.1206578412540902,3.587640644301473,-1.9069447086123619,20.0,1.0
1.754,-0.9662771224975586,-0.9662771224975586,2.285715103149414,-1.1170646703895564,3.598683353194019,-1.7027827077953503,20.0,1.0
1.7550000000000001,-0.9628438949584961,-0.9628438949584961,3.200000762939453,-1.1134604745477021,3.6096905445338052,-2.602641810189769,20.0,1.0
1.756,-0.9605550765991211,-0.9605550765991211,2.7252750396728516,-1.1098452893004886,3.620662109686009,-2.0904171840141936,20.0,1.0
1.7570000000000001,-0.9578847885131836,-0.9578847885131836,2.3999996185302734,-1.10621915032833,3.6315979403653955,-1.7350889144678074,20.0,1.0
1.758,-0.9548330307006836,-0.9548330307006836,3.261537551879883,-1.1025820934197577,3.642497928638477,-2.5740208776228872,20.0,1.0
1.7590000000000001,-0.9521627426147461,-0.9521627426147461,2.663736343383789,-1.0989341544710534,3.653361966927605,-1.9458026135823294,20.0,1.0
1.76,-0.9494924545288086,-0.9494924545288086,2.417581558227539,-1.0952753694859023,3.664189948009721,-1.6690499093596927,20.0,1.0
1.7610000000000001,-0.9460592269897461,-0.9460592269897461,3.3406600952148438,-1.091605774575034,3.674981765015673,-2.57660928190493,20.0,1.0
1.762,-0.9437704086303711,-0.9437704086303711,2.7164840698242188,-1.0879254059558707,3.6857373114352185,-1.913846704898993,20.0,1.0
1.7630000000000001,-0.9411001205444336,-0.9411001205444336,2.5318679809570312,-1.0842342999521637,3.696456481115547,-1.6980950879960863,20.0,1.0
1.764,-0.9376668930053711,-0.9376668930053711,3.410989761352539,-1.0805324929936395,3.7071391682634385,-2.561162592854469,20.0,1.0
1.7650000000000001,-0.9349966049194336,-0.9349966049194336,2.5934066772460938,-1.076820021615637,3.7177852674437872,-1.7120897437263736,20.0,1.0
1.766,-0.9323263168334961,-0.9323263168334961,2.619779586791992,-1.0730969224587519,3.7283946735840345,-1.7067970257130733,20.0,1.0
1.7670000000000001,-0.9288930892944336,-0.9288930892944336,3.3582420349121094,-1.069363232268469,3.73896728197451,-2.4286776124183067,20.0,1.0
1.768,-0.9266042709350586,-0.9266042709350586,2.663736343383789,-1.0656189878948028,3.7495029882679773,-1.694527694310696,20.0,1.0
1.7690000000000001,-0.9235525131225586,-0.9235525131225586,2.8923072814941406,-1.061864226291933,3.7600016884795195,-1.8985398564021114,20.0,1.0
1.77,-0.9201192855834961,-0.9201192855834961,3.3054943084716797,-1.0580989845178437,3.770463278993134,-2.2946250081654975,20.0,1.0
1.7710000000000001,-0.9174489974975586,-0.9174489974975586,2.505495071411133,-1.054323299733947,3.7808876565565015,-1.4620934595823973,20.0,1.0
1.772,-0.9147787094116211,-0.9147787094116211,2.989011764526367,-1.0505372092047305,3.791274718285081,-1.9129070421034742,20.0,1.0
1.7730000000000001,-0.9113454818725586,-0.9113454818725586,3.287912368774414,-1.046740750297377,3.8016243616617658,-2.1941933756090144,20.0,1.0
1.774,-0.9090566635131836,-0.9090566635131836,2.6109886169433594,-1.0429339604814067,3.8119364845416612,-1.476598071766161,20.0,1.0
1.7750000000000001,-0.9056224822998047,-0.9056224822998047,3.3934059143066406,-1.0391168773282935,3.8222109851478763,-2.2410828297285406,20.0,1.0
1.776,-0.9025707244873047,-0.9025707244873047,2.9714279174804688,-1.035289538511111,3.8324477620735706,-1.7933564358830232,20.0,1.0
1.7770000000000001,-0.8999004364013672,-0.8999004364013672,2.575824737548828,-1.0314519818041463,3.8426467142877527,-1.364208931316658,20.0,1.0
1.778,-0.8960857391357422,-0.8960857391357422,3.6835155487060547,-1.0276042450825356,3.8528077411306754,-2.461077926511247,20.0,1.0
1.7790000000000001,-0.8934154510498047,-0.8934154510498047,2.8219776153564453,-1.023746366321885,3.8629307423160526,-1.5656651784820008,20.0,1.0
1.78,-0.8903636932373047,-0.8903636932373047,3.0153846740722656,-1.0198783835979035,3.8730156179340156,-1.7326628633502263,20.0,1.0
1.7810000000000001,-0.8869304656982422,-0.8869304656982422,3.5340652465820312,-1.0160003350860172,3.883062268452022,-2.2324003658855087,20.0,1.0
1.782,-0.8838787078857422,-0.8838787078857422,2.6549453735351562,-1.0121122590609994,3.893070594713606,-1.3265458023266952,20.0,1.0
1.7830000000000001,-0.8804454803466797,-0.8804454803466797,3.419780731201172,-1.00821419389659,3.9030404979394575,-2.072114504259922,20.0,1.0
1.784,-0.8773937225341797,-0.8773937225341797,3.3230762481689453,-1.0043061780651203,3.9129718797309465,-1.948353479056812,20.0,1.0
1.7850000000000001,-0.8747234344482422,-0.8747234344482422,2.795604705810547,-1.0003882501371282,3.92286464207001,-1.3860363775182565,20.0,1.0
1.786,-0.8709087371826172,-0.8709087371826172,3.75384521484375,-0.9964604487809803,3.932718687319664,-2.332160759491348,20.0,1.0
1.7870000000000001,-0.8678569793701172,-0.8678569793701172,2.8219776153564453,-0.992522812762489,3.9425339182222956,-1.3727603649815858,20.0,1.0
1.788,-0.8648052215576172,-0.8648052215576172,3.200000762939453,-0.9885753809445357,3.9523102379073407,-1.7230937127704822,20.0,1.0
1.7890000000000001,-0.8613719940185547,-0.8613719940185547,3.5692310333251953,-0.9846181922866744,3.962047549886563,-2.0721074488010256,20.0,1.0
1.79,-0.8583202362060547,-0.8583202362060547,2.918682098388672,-0.9806512858447625,3.9717457580555333,-1.3935573331072941,20.0,1.0
1.7910000000000001,-0.8548870086669922,-0.8548870086669922,3.7802200317382812,-0.9766747007705633,3.981404766696585,-2.2345691071131184,20.0,1.0
1.792,-0.8514537811279297,-0.8514537811279297,2.9274730682373047,-0.9726884763113692,3.991024480480519,-1.3611424914255768,20.0,1.0
1.793,-0.8484020233154297,-0.8484020233154297,3.2791213989257812,-0.9686926518096031,4.000604804464842,-1.6843291643444065,20.0,1.0
1.794,-0.8445873260498047,-0.8445873260498047,3.5956039428710938,-0.9646872667024395,4.010145644094166,-1.9874571118296247,20.0,1.0
1.795,-0.8419160842895508,-0.8419160842895508,2.8923072814941406,-0.9606723605214147,4.019646905204411,-1.247785900927008,20.0,1.0
1.796,-0.8381013870239258,-0.8381013870239258,3.912088394165039,-0.9566479728920307,4.029108494022978,-2.2539116175041602,20.0,1.0
1.797,-0.8350496292114258,-0.8350496292114258,2.989011764526367,-0.9526141435333687,4.0385303171680675,-1.3017717337971582,20.0,1.0
1.798,-0.8316164016723633,-0.8316164016723633,3.384614944458008,-0.9485709122576946,4.047912281648621,-1.6757928745160138,20.0,1.0
1.799,-0.8278017044067383,-0.8278017044067383,3.665933609008789,-0.9445183189700714,4.057254294868585,-1.9430116054068671,20.0,1.0
1.8,-0.8251314163208008,-0.8251314163208008,2.9714279174804688,-0.9404564036679575,4.066556264627309,-1.2113713997962936,20.0,1.0
1.801,-0.8209352493286133,-0.8209352493286133,4.131868362426758,-0.9363852064408168,4.075818099118067,-2.3650494055527616,20.0,1.0
1.802,-0.8178834915161133,-0.8178834915161133,2.962636947631836,-0.9323047674697214,4.085039706928285,-1.1660227597757125,20.0,1.0
1.803,-0.8140687942504883,-0.8140687942504883,3.709890365600586,-0.9282151270269602,4.094220997046477,-1.8985960240835467,20.0,1.0
1.804,-0.8106355667114258,-0.8106355667114258,3.621978759765625,-0.9241163254756284,4.103361878857015,-1.788232056192662,20.0,1.0
1.805,-0.8075838088989258,-0.8075838088989258,3.2351646423339844,-0.9200084032692462,4.11246226214115,-1.3711942675992415,20.0,1.0
1.806,-0.8033876419067383,-0.8033876419067383,4.017581939697266,-0.9158914009513461,4.1215220570836095,-2.146135063505813,20.0,1.0
1.807,-0.8003358840942383,-0.8003358840942383,2.9362640380859375,-0.911765359155079,4.130541174267819,-1.034312365034932,20.0,1.0
1.808,-0.7961397171020508,-0.7961397171020508,4.123077392578125,-0.9076303186028105,4.139519524677553,-2.2133698979157668,20.0,1.0
1.809,-0.7930879592895508,-0.7930879592895508,3.384614944458008,-0.9034863201057237,4.148457019700572,-1.4441251410808942,20.0,1.0
1.81,-0.7888917922973633,-0.7888917922973633,3.75384521484375,-0.8993334045634095,4.157353571127828,-1.805323889036846,20.0,1.0
1.811,-0.7854585647583008,-0.7854585647583008,3.6043949127197266,-0.8951716129634679,4.166209091154371,-1.632446785668698,20.0,1.0
1.812,-0.7824068069458008,-0.7824068069458008,3.243955612182617,-0.8910009863811008,4.175023492378557,-1.2408157085100608,20.0,1.0
1.813,-0.7782096862792969,-0.7782096862792969,4.140659332275391,-0.8868215659787106,4.183796687806023,-2.129100238457643,20.0,1.0
1.814,-0.7751579284667969,-0.7751579284667969,3.1032962799072266,-0.8826333930054888,4.192528590849577,-1.0602769798314888,20.0,1.0
1.815,-0.7709617614746094,-0.7709617614746094,4.1846160888671875,-0.8784365087970114,4.201219115329309,-2.1328919199859193,20.0,1.0
1.816,-0.7675285339355469,-0.7675285339355469,3.1912078857421875,-0.8742309547748303,4.209868175471627,-1.1153881270562285,20.0,1.0
1.817,-0.7637138366699219,-0.7637138366699219,3.832967758178711,-0.8700167724460681,4.2184756859143135,-1.7405507877873223,20.0,1.0
1.818,-0.7602806091308594,-0.7602806091308594,3.7362632751464844,-0.8657940034030016,4.227041561705562,-1.6194895988837672,20.0,1.0
1.819,-0.7568473815917969,-0.7568473815917969,3.4813194274902344,-0.8615626893226569,4.235565718303803,-1.3400598638036314,20.0,1.0
1.82,-0.7526512145996094,-0.7526512145996094,4.096702575683594,-0.8573228719663941,4.244048071577026,-1.9460876514422623,20.0,1.0
1.821,-0.7495994567871094,-0.7495994567871094,3.1120872497558594,-0.8530745931795028,4.252488537809711,-0.9291014397940178,20.0,1.0
1.822,-0.7450218200683594,-0.7450218200683594,4.325275421142578,-0.8488178948907747,4.260887033697998,-2.140309883892888,20.0,1.0
1.823,-0.7419700622558594,-0.7419700622558594,3.331867218017578,-0.8445528191121068,4.2692434763510505,-1.1142788787914757,20.0,1.0
1.824,-0.7377738952636719,-0.7377738952636719,4.237361907958984,-0.8402794079380727,4.27755778329373,-2.00991437815327,20.0,1.0
1.825,-0.7343406677246094,-0.7343406677246094,3.4021968841552734,-0.8359977035455192,4.285829872468753,-1.1495077281047164,20.0,1.0
1.826,-0.7301445007324219,-0.7301445007324219,4.008790969848633,-0.8317077481931352,4.294059662233622,-1.7459962568292777,20.0,1.0
1.827,-0.7267112731933594,-0.7267112731933594,3.8505496978759766,-0.8274095842210518,4.302247071362217,-1.5622688470676085,20.0,1.0
1.828,-0.7228965759277344,-0.7228965759277344,3.745054244995117,-0.8231032540504108,4.310392019049573,-1.4387957883990738,20.0,1.0
1.829,-0.7186994552612305,-0.7186994552612305,3.9472522735595703,-0.8187888001829526,4.318494424908465,-1.6305447470855485,20.0,1.0
1.83,-0.715266227722168,-0.715266227722168,3.507692337036133,-0.814466265200594,4.326554208970151,-1.1651388776345013,20.0,1.0
1.831,-0.7110700607299805,-0.7110700607299805,4.281318664550781,-0.8101356917650122,4.334571291688121,-1.928059993563295,20.0,1.0
1.832,-0.707636833190918,-0.707636833190918,3.4813194274902344,-0.8057971226172177,4.342545593937814,-1.101979622078415,20.0,1.0
1.833,-0.703059196472168,-0.703059196472168,4.369230270385742,-0.8014506005771365,4.35047703701639,-1.9865813154687224,20.0,1.0
1.834,-0.6996259689331055,-0.6996259689331055,3.296703338623047,-0.797096168543185,4.358365542642218,-0.887741788182419,20.0,1.0
1.835,-0.695429801940918,-0.695429801940918,4.386814117431641,-0.792733869491852,4.3662110329592,-1.9666844354911213,20.0,1.0
1.836,-0.6919965744018555,-0.6919965744018555,3.6131858825683594,-0.7883637464772667,4.374013430536422,-1.1665158935401618,20.0,1.0
1.837,-0.6874189376831055,-0.6874189376831055,4.281318664550781,-0.7839858426307791,4.381772658367822,-1.8308841051364313,20.0,1.0
1.838,-0.683985710144043,-0.683985710144043,3.5604400634765625,-0.7796002011605312,4.389488639870592,-1.0832412439357348,20.0,1.0
1.839,-0.6797895431518555,-0.6797895431518555,4.19340705871582,-0.7752068653510378,4.397161298893366,-1.7045922038061008,20.0,1.0
1.84,-0.6759748458862305,-0.6759748458862305,3.8945045471191406,-0.7708058785627445,4.404790559709852,-1.3863346409395696,20.0,1.0
1.841,-0.671778678894043,-0.671778678894043,4.175825119018555,-0.766397284231618,4.412376347021279,-1.6558208787487763,20.0,1.0
1.842,-0.667963981628418,-0.667963981628418,3.7802200317382812,-0.761981125868702,4.419918585958783,-1.2406443305851798,20.0,1.0
1.843,-0.6637678146362305,-0.6637678146362305,4.210988998413086,-0.7575574470597004,4.427417202085053,-1.6593644447974318,20.0,1.0
1.844,-0.6599531173706055,-0.6599531173706055,3.9384613037109375,-0.753126291464532,4.434872121391379,-1.3670526641980896,20.0,1.0
1.845,-0.6557559967041016,-0.6557559967041016,4.360439300537109,-0.7486877028169177,4.442283270299072,-1.7767901524943595,20.0,1.0
1.846,-0.6515598297119141,-0.6515598297119141,3.797801971435547,-0.7442417249239339,4.4496505756649185,-1.2017893000110256,20.0,1.0
1.847,-0.6473636627197266,-0.6473636627197266,4.30769157409668,-0.7397884016655877,4.456973964776807,-1.6992123882370946,20.0,1.0
1.848,-0.6435489654541016,-0.6435489654541016,4.043956756591797,-0.7353277769943803,4.464253365354125,-1.4152796220432475,20.0,1.0
1.849,-0.6389713287353516,-0.6389713287353516,4.421977996826172,-0.7308598949348792,4.471488705552588,-1.7882606152641376,20.0,1.0
1.85,-0.6351566314697266,-0.6351566314697266,3.8065929412841797,-0.7263847995832752,4.478679913963219,-1.1524763895919325,20.0,1.0
1.851,-0.6305789947509766,-0.6305789947509766,4.386814117431641,-0.7219025351069527,4.485826919612009,-1.727458004939154,20.0,1.0
1.852,-0.6267642974853516,-0.6267642974853516,4.070329666137695,-0.7174131457440512,4.492929651959344,-1.3903769793523453,20.0,1.0
1.853,-0.6225681304931641,-0.6225681304931641,4.395605087280273,-0.712916675803034,4.499988040904327,-1.7025879525733445,20.0,1.0
1.854,-0.6183719635009766,-0.6183719635009766,3.8417587280273438,-0.7084131696622427,4.507002016784554,-1.1355808344681115,20.0,1.0
1.855,-0.6141757965087891,-0.6141757965087891,4.395605087280273,-0.7039026717694647,4.5139715103752565,-1.6761710821185307,20.0,1.0
1.856,-0.6103610992431641,-0.6103610992431641,4.017581939697266,-0.6993852266414922,4.5208964528881666,-1.277168034775661,20.0,1.0
1.857,-0.6057834625244141,-0.6057834625244141,4.474725723266602,-0.6948608788636884,4.527776775978907,-1.7284972740731814,20.0,1.0
1.858,-0.6019687652587891,-0.6019687652587891,3.789011001586914,-0.6903296730895344,4.534612411741307,-1.0216167464605141,20.0,1.0
1.859,-0.5973911285400391,-0.5973911285400391,4.465934753417969,-0.6857916540402057,4.541403292709447,-1.6925419707118547,20.0,1.0
1.86,-0.5935754776000977,-0.5935754776000977,3.9296703338623047,-0.6812468665041156,4.548149351859763,-1.1349487600829002,20.0,1.0
1.861,-0.5889978408813477,-0.5889978408813477,4.571428298950195,-0.6766953553364861,4.554850522612924,-1.7705280654400397,20.0,1.0
1.862,-0.5851831436157227,-0.5851831436157227,3.8241748809814453,-0.6721371654588899,4.561506738830701,-1.0017485790140892,20.0,1.0
1.863,-0.5806055068969727,-0.5806055068969727,4.571428298950195,-0.6675723418588246,4.568117934817337,-1.7426470633698976,20.0,1.0
1.864,-0.5767908096313477,-0.5767908096313477,3.991209030151367,-0.6630009295892552,4.5746840453248865,-1.1407273839846308,20.0,1.0
1.865,-0.5718317031860352,-0.5718317031860352,4.74725341796875,-0.6584229737681748,4.581205005548497,-1.897873824063046,20.0,1.0
1.866,-0.5680170059204102,-0.5680170059204102,3.745054244995117,-0.6538385195781582,4.587680751127323,-0.8738037670227552,20.0,1.0
1.867,-0.5630578994750977,-0.5630578994750977,4.791208267211914,-0.6492476122659201,4.594111218148782,-1.9208913048795804,20.0,1.0
1.868,-0.5596246719360352,-0.5596246719360352,3.920879364013672,-0.6446502971418606,4.600496343147881,-1.0208955249822997,20.0,1.0
1.869,-0.5546655654907227,-0.5546655654907227,4.852746963500977,-0.6400466195796243,4.606836063106016,-1.953531982172993,20.0,1.0
1.87,-0.5508508682250977,-0.5508508682250977,3.745054244995117,-0.6354366250156486,4.613130315451372,-0.8236390653547638,20.0,1.0
1.871,-0.5458917617797852,-0.5458917617797852,4.923076629638672,-0.6308203589487215,4.619379038062277,-2.0022695349551207,20.0,1.0
1.872,-0.5420770645141602,-0.5420770645141602,3.912088394165039,-0.6261978669395241,4.625582169267602,-0.9689222734047149,20.0,1.0
1.873,-0.5371179580688477,-0.5371179580688477,4.870328903198242,-0.6215691946101862,4.631739647845109,-1.9276139861799049,20.0,1.0
1.874,-0.5329217910766602,-0.5329217910766602,3.9384613037109375,-0.6169343876438339,4.637851413020769,-0.9808618220336434,20.0,1.0
1.875,-0.5287246704101562,-0.5287246704101562,4.799999237060547,-0.6122934917841447,4.643917404476042,-1.8274582600642741,20.0,1.0
1.8760000000000001,-0.5245285034179688,-0.5245285034179688,4.210988998413086,-0.6076465528348818,4.649937562342075,-1.223412424409272,20.0,1.0
1.877,-0.5195693969726562,-0.5195693969726562,4.457143783569336,-0.6029936166594605,4.65591182720101,-1.4697163501044113,20.0,1.0
1.8780000000000001,-0.5153732299804688,-0.5153732299804688,4.281318664550781,-0.5983347291804799,4.661840140088998,-1.2787085084620067,20.0,1.0
1.879,-0.5111770629882812,-0.5111770629882812,4.536264419555664,-0.5936699363792824,4.66772244249762,-1.5183994448780678,20.0,1.0
1.8800000000000001,-0.5062179565429688,-0.5062179565429688,4.738462448120117,-0.5889992842954846,4.673558676370874,-1.7205303267995613,20.0,1.0
1.881,-0.5020217895507812,-0.5020217895507812,4.043956756591797,-0.5843228190265406,4.679348784105571,-1.010628562001413,20.0,1.0
1.8820000000000001,-0.49744415283203125,-0.49744415283203125,4.8087921142578125,-0.5796405867272735,4.685092708557363,-1.767628083605294,20.0,1.0
1.883,-0.49324798583984375,-0.49324798583984375,4.079120635986328,-0.5749526336094258,4.690790393036309,-1.0224231983416607,20.0,1.0
1.8840000000000001,-0.48828887939453125,-0.48828887939453125,4.993406295776367,-0.5702590059412008,4.696441781307215,-1.9363670454025441,20.0,1.0
1.885,-0.48447418212890625,-0.48447418212890625,3.876922607421875,-0.5655597500468114,4.7020468175931,-0.7965871481868771,20.0,1.0
1.8860000000000001,-0.47951507568359375,-0.47951507568359375,4.984615325927734,-0.5608549123060147,4.707605446575769,-1.903806611800384,20.0,1.0
1.887,-0.47570037841796875,-0.47570037841796875,4.026372909545898,-0.5561445391536598,4.71311761339399,-0.9221385108657292,20.0,1.0
1.8880000000000001,-0.47035980224609375,-0.47035980224609375,5.072526931762695,-0.5514286770792268,4.718583263643268,-1.975321164782089,20.0,1.0
1.889,-0.46616268157958984,-0.46616268157958984,4.123077392578125,-0.5467073726263731,4.724002343380278,-1.0099688701335134,20.0,1.0
1.8900000000000001,-0.46158504486083984,-0.46158504486083984,4.826374053955078,-0.5419806723924663,4.729374799121899,-1.7049118054657075,20.0,1.0
1.891,-0.45738887786865234,-0.45738887786865234,4.413187026977539,-0.5372486230281294,4.734700577844137,-1.2756813523229424,20.0,1.0
1.8920000000000001,-0.45242977142333984,-0.45242977142333984,4.404396057128906,-0.532511271236778,4.739979626982461,-1.2660464264152087,20.0,1.0
1.893,-0.44785213470458984,-0.44785213470458984,4.624176025390625,-0.5277686637741643,4.7452118944350445,-1.4772947123470699,20.0,1.0
1.8940000000000001,-0.44365596771240234,-0.44365596771240234,4.421977996826172,-0.5230208474479079,4.750397328562428,-1.2588782629738544,20.0,1.0
1.895,-0.43907833099365234,-0.43907833099365234,4.835165023803711,-0.5182678691170394,4.755535878186777,-1.6634199080846748,20.0,1.0
1.8960000000000001,-0.43488216400146484,-0.43488216400146484,3.964834213256836,-0.5135097756915344,4.760627492590487,-0.7767589544677409,20.0,1.0
1.897,-0.42992305755615234,-0.42992305755615234,5.019781112670898,-0.5087466141318584,4.765672121523522,-1.8305801226614973,20.0,1.0
1.8980000000000001,-0.42610836029052734,-0.42610836029052734,4.026372909545898,-0.5039784314484875,4.770669715197272,-0.8131046175078303,20.0,1.0
1.899,-0.42076778411865234,-0.42076778411865234,5.134065628051758,-0.4992052747014638,4.775620224285689,-1.9271952154222984,20.0,1.0
1.9000000000000001,-0.41657161712646484,-0.41657161712646484,3.9384613037109375,-0.4944271909999162,4.780523599930945,-0.7150491812490205,20.0,1.0
1.901,-0.41199398040771484,-0.41199398040771484,5.037363052368164,-0.48964422750160186,4.7853797937391676,-1.8049882005067368,20.0,1.0
1.9020000000000001,-0.40779781341552734,-0.40779781341552734,4.281318664550781,-0.48485643141243795,4.7901887577799585,-1.032302266709035,20.0,1.0
1.903,-0.40283775329589844,-0.40283775329589844,4.6857147216796875,-0.4800638499860419,4.794950444590967,-1.43528621089159,20.0,1.0
1.9040000000000001,-0.39826011657714844,-0.39826011657714844,4.509889602661133,-0.47526653052325607,4.799664807177521,-1.2503530744057643,20.0,1.0
1.905,-0.39368247985839844,-0.39368247985839844,4.615385055541992,-0.47046452037168685,4.804331799010811,-1.3466940667969496,20.0,1.0
1.9060000000000001,-0.38910484313964844,-0.38910484313964844,4.887912750244141,-0.4656578669252344,4.80895137402814,-1.6100218519277198,20.0,1.0
1.907,-0.38452720642089844,-0.38452720642089844,4.070329666137695,-0.4608466176236305,4.813523486636285,-0.7831944035560514,20.0,1.0
1.9080000000000001,-0.37956809997558594,-0.37956809997558594,5.037363052368164,-0.4560308199519619,4.818048091711546,-1.7485693601841368,20.0,1.0
1.909,-0.37575340270996094,-0.37575340270996094,4.158241271972656,-0.4512105214402074,4.8225251445979325,-0.8448585019796531,20.0,1.0
1.9100000000000001,-0.37079429626464844,-0.37079429626464844,5.107692718505859,-0.44638576966276605,4.826954601107246,-1.7925675853609653,20.0,1.0
1.911,-0.36621665954589844,-0.36621665954589844,4.087911605834961,-0.4415566122379928,4.831336417522891,-0.7633742421539571,20.0,1.0
1.9120000000000001,-0.36163902282714844,-0.36163902282714844,4.9406585693359375,-0.43672309682772026,4.835670550599218,-1.6066694987481558,20.0,1.0
1.913,-0.35706138610839844,-0.35706138610839844,4.474725723266602,-0.4318852711367943,4.839956957560162,-1.1312464662743573,20.0,1.0
1.9140000000000001,-0.35248374938964844,-0.35248374938964844,4.5626373291015625,-0.4270431829126,4.844195596098416,-1.209630403462178,20.0,1.0
1.915,-0.34752464294433594,-0.34752464294433594,4.676923751831055,-0.4221968799445974,4.848386424382596,-1.3219820674536882,20.0,1.0
1.9160000000000001,-0.34332752227783203,-0.34332752227783203,4.55384635925293,-0.4173464100638349,4.852529401050816,-1.1816947139221705,20.0,1.0
1.917,-0.33836841583251953,-0.33836841583251953,4.949451446533203,-0.4124918211424958,4.85662448521154,-1.5752950675211876,20.0,1.0
1.9180000000000001,-0.33379077911376953,-0.33379077911376953,4.1846160888671875,-0.40763316109341186,4.860671636449894,-0.8007920920101403,20.0,1.0
1.919,-0.32921314239501953,-0.32921314239501953,5.098901748657227,-0.40277047786959597,4.864670814822176,-1.705377643326579,20.0,1.0
1.92,-0.32463550567626953,-0.32463550567626953,4.413187026977539,-0.39790381946376857,4.868621980857,-1.0099313218705197,20.0,1.0
1.921,-0.31967639923095703,-0.31967639923095703,4.826374053955078,-0.393033233907882,4.872525095558245,-1.4209856519353317,20.0,1.0
1.922,-0.31509876251220703,-0.31509876251220703,4.676923751831055,-0.388158769272652,4.876380120403297,-1.2617437666366573,20.0,1.0
1.923,-0.31052112579345703,-0.31052112579345703,4.580219268798828,-0.3832804736670754,4.880187017345861,-1.1552192089253346,20.0,1.0
1.924,-0.30556201934814453,-0.30556201934814453,5.125274658203125,-0.37839839523796026,4.883945748813574,-1.698056427185866,20.0,1.0
1.925,-0.30136585235595703,-0.30136585235595703,4.096702575683594,-0.3735125821694483,4.887656277706952,-0.6519808942464673,20.0,1.0
1.926,-0.29602527618408203,-0.29602527618408203,5.221977233886719,-0.3686230826825463,4.89131856740687,-1.782614796449134,20.0,1.0
1.927,-0.29182910919189453,-0.29182910919189453,4.351648330688477,-0.3637299450346346,4.894932581767847,-0.8947324657754314,20.0,1.0
1.928,-0.28687000274658203,-0.28687000274658203,4.870328903198242,-0.35883321751901054,4.898498285119871,-1.4110949135269415,20.0,1.0
1.929,-0.28191089630126953,-0.28191089630126953,4.738462448120117,-0.35393294846439494,4.902015642270584,-1.2768878491120415,20.0,1.0
1.93,-0.2777137756347656,-0.2777137756347656,4.676923751831055,-0.3490291862344693,4.905484618506705,-1.1977473453184238,20.0,1.0
1.931,-0.2723731994628906,-0.2723731994628906,5.116483688354492,-0.3441219792273815,4.9089051795906755,-1.6425541040536347,20.0,1.0
1.932,-0.2681770324707031,-0.2681770324707031,4.123077392578125,-0.3392113758752879,4.912277291761029,-0.631486968908791,20.0,1.0
1.933,-0.2628364562988281,-0.2628364562988281,5.239561080932617,-0.3342974246438595,4.915600921738331,-1.7531795260949128,20.0,1.0
1.934,-0.2586402893066406,-0.2586402893066406,4.4395599365234375,-0.3293801740318112,4.91887603671978,-0.9354815943070687,20.0,1.0
1.935,-0.2536811828613281,-0.2536811828613281,4.826374053955078,-0.32445967257041997,4.922102604379802,-1.319841243757113,20.0,1.0
1.936,-0.24872207641601562,-0.24872207641601562,4.799999237060547,-0.3195359688230515,4.925280592873662,-1.2909964923276027,20.0,1.0
1.937,-0.24414443969726562,-0.24414443969726562,4.492307662963867,-0.3146091113846727,4.9284099708370945,-0.9731911258749137,20.0,1.0
1.938,-0.23918533325195312,-0.23918533325195312,5.1868133544921875,-0.3096791488813773,4.93149070738454,-1.665198959696131,20.0,1.0
1.939,-0.23498916625976562,-0.23498916625976562,4.158241271972656,-0.30474612996990363,4.934522772108892,-0.6188577740665246,20.0,1.0
1.94,-0.22964859008789062,-0.22964859008789062,5.1868133544921875,-0.2998101033371595,4.937506135084959,-1.6525374843926062,20.0,1.0
1.941,-0.22545242309570312,-0.22545242309570312,4.4395599365234375,-0.29487111769973373,4.9404407668695,-0.8874930617345496,20.0,1.0
1.942,-0.22049331665039062,-0.22049331665039062,4.835165023803711,-0.2899292218034205,4.943326638498945,-1.2805564883653635,20.0,1.0
1.943,-0.21553325653076172,-0.21553325653076172,4.8087921142578125,-0.28498446442273584,4.946163721489427,-1.2516525506078682,20.0,1.0
1.944,-0.21133708953857422,-0.21133708953857422,4.650548934936523,-0.2800368943604416,4.948951987840161,-1.0755930435337102,20.0,1.0
1.945,-0.20599651336669922,-0.20599651336669922,5.178022384643555,-0.27508656044705554,4.951691410033419,-1.608131916217262,20.0,1.0
1.946,-0.20180034637451172,-0.20180034637451172,4.096702575683594,-0.27013351154037474,4.954381961032283,-0.5089839179685713,20.0,1.0
1.947,-0.19645977020263672,-0.19645977020263672,5.292306900024414,-0.265177796524991,4.957023614279876,-1.7096438121916238,20.0,1.0
1.948,-0.19226360321044922,-0.19226360321044922,4.474725723266602,-0.2602194643118149,4.959616343706443,-0.8742266015874722,20.0,1.0
1.949,-0.18730449676513672,-0.18730449676513672,4.799999237060547,-0.25525856383757817,4.962160123722526,-1.1969204547868495,20.0,1.0
1.95,-0.18234539031982422,-0.18234539031982422,4.870328903198242,-0.2502951440643698,4.964654929220217,-1.2646690488689374,20.0,1.0
1.951,-0.17814922332763672,-0.17814922332763672,4.580219268798828,-0.24532925397913774,4.9671007355787395,-0.956719146250109,20.0,1.0
1.952,-0.17280864715576172,-0.17280864715576172,5.213186264038086,-0.24036094259321228,4.969497518658997,-1.5947346541281,20.0,1.0
1.953,-0.16861248016357422,-0.16861248016357422,4.123077392578125,-0.23539025894181972,4.971845254804279,-0.48678771333875615,20.0,1.0
1.954,-0.16327190399169922,-0.16327190399169922,5.213186264038086,-0.2304172520836037,4.97414392084346,-1.5819493050327156,20.0,1.0
1.955,-0.15869426727294922,-0.15869426727294922,4.589010238647461,-0.2254419711001328,4.976393494090971,-0.9475708211001621,20.0,1.0
1.956,-0.1537342071533203,-0.1537342071533203,4.756044387817383,-0.22046446509542172,4.978593952344454,-1.112055594314957,20.0,1.0
1.957,-0.1487751007080078,-0.1487751007080078,4.905494689941406,-0.2154847831954439,4.980745273884807,-1.258943065805321,20.0,1.0
1.958,-0.1445789337158203,-0.1445789337158203,4.421977996826172,-0.21050297454765207,4.982847437479492,-0.757611375983315,20.0,1.0
1.959,-0.1396198272705078,-0.1396198272705078,5.257143020629883,-0.2055190883204849,4.984900422382296,-1.5902278192471289,20.0,1.0
1.96,-0.1350421905517578,-0.1350421905517578,4.131868362426758,-0.20053317370288745,4.986904208331126,-0.454783817118225,20.0,1.0
1.961,-0.1300830841064453,-0.1300830841064453,5.178022384643555,-0.19554527990382267,4.988858775547968,-1.4984075250431341,20.0,1.0
1.962,-0.1255054473876953,-0.1255054473876953,4.589010238647461,-0.19055545615179148,4.990764104742155,-0.8992463091872294,20.0,1.0
1.963,-0.12054634094238281,-0.12054634094238281,4.835165023803711,-0.1855637516943384,4.992620177110112,-1.1428930617327104,20.0,1.0
1.964,-0.11558723449707031,-0.11558723449707031,4.861537933349609,-0.1805702157975712,4.994426974333294,-1.1667705850263335,20.0,1.0
1.965,-0.11139106750488281,-0.11139106750488281,4.571428298950195,-0.17557489774567184,4.996184478577092,-0.8589204251888836,20.0,1.0
1.966,-0.10605049133300781,-0.10605049133300781,5.204395294189453,-0.170577846840417,4.997892672497883,-1.4970497318397533,20.0,1.0
1.967,-0.10185432434082031,-0.10185432434082031,4.043956756591797,-0.16557911240067608,4.999551539236407,-0.3189009785525052,20.0,1.0
1.968,-0.09651374816894531,-0.09651374816894531,5.336263656616211,-0.16057874376194414,5.001161062418248,-1.6164025060579394,20.0,1.0
1.969,-0.0923166275024414,-0.0923166275024414,4.351648330688477,-0.1555767902758396,5.0027212261601335,-0.6141303599963068,20.0,1.0
1.97,-0.0873575210571289,-0.0873575210571289,4.949451446533203,-0.15057330130962387,5.004232015063934,-1.2095350365191684,20.0,1.0
1.971,-0.0827798843383789,-0.0827798843383789,4.641757965087891,-0.1455683262457117,5.005693414217319,-0.8918333890172274,20.0,1.0
1.972,-0.0782022476196289,-0.0782022476196289,4.74725341796875,-0.14056191448118924,5.007105409196853,-0.9873413460031033,20.0,1.0
1.973,-0.0732431411743164,-0.0732431411743164,5.098901748657227,-0.135554115427318,5.008467986068183,-1.3366532476490751,20.0,1.0
1.974,-0.0686655044555664,-0.0686655044555664,4.105495452880859,-0.13054497850905286,5.009781131383178,-0.3333038025674102,20.0,1.0
1.975,-0.0637063980102539,-0.0637063980102539,5.221977233886719,-0.12553455316455162,5.011044832180232,-1.4474955047924407,20.0,1.0
1.976,-0.059510231018066406,-0.059510231018066406,4.254945755004883,-0.12052288884469237,5.012259075987181,-0.4629398355502208,20.0,1.0
1.977,-0.054169654846191406,-0.054169654846191406,5.081317901611328,-0.11551003501257727,5.013423850821233,-1.294701654117812,20.0,1.0
1.978,-0.049973487854003906,-0.049973487854003906,4.386814117431641,-0.1104960411430499,5.014539145186589,-0.5827260380259713,20.0,1.0
1.979,-0.045014381408691406,-0.045014381408691406,4.975824356079102,-0.10548095672220409,5.015604948074326,-1.1695509142750289,20.0,1.0
1.98,-0.040436744689941406,-0.040436744689941406,4.843955993652344,-0.10046483124690123,5.016621248965407,-1.0278964758261329,20.0,1.0
1.981,-0.035859107971191406,-0.035859107971191406,4.263736724853516,-0.09544771422427326,5.0175880378307625,-0.43792081208439004,20.0,1.0
1.982,-0.030517578125,-0.030517578125,5.098901748657227,-0.09042965517123969,5.018505305128578,-1.2786379844534426,20.0,1.0
1.983,-0.026702880859375,-0.026702880859375,4.272527694702148,-0.08541070361401609,5.019373041803654,-0.42731110799131655,20.0,1.0
1.984,-0.0213623046875,-0.0213623046875,5.19560432434082,-0.08039090908763236,5.020191239293929,-1.3559851730495383,20.0,1.0
1.985,-0.0171661376953125,-0.0171661376953125,4.202198028564453,-0.07537032113542823,5.020959889524107,-0.34532180784266053,20.0,1.0
1.986,-0.01220703125,-0.01220703125,4.975824356079102,-0.07034898930858412,5.021678984905826,-1.116984532344958,20.0,1.0
1.987,-0.00762939453125,-0.00762939453125,4.720878601074219,-0.06532696316561658,5.022348518343964,-0.8524814554175861,20.0,1.0
1.988,-0.0030517578125,-0.0030517578125,4.44835090637207,-0.06030429227189617,5.022968483230571,-0.5704331123294228,20.0,1.0
1.989,0.0019073486328125,0.0019073486328125,4.835165023803711,-0.055281026199155425,5.023538873445386,-0.9553936469976838,20.0,1.0
1.99,0.006103515625,0.006103515625,4.413187026977539,-0.05025721452500538,5.024059683358896,-0.5163419466187507,20.0,1.0
1.991,0.011444091796875,0.011444091796875,5.0637359619140625,-0.04523290683243763,5.024530907832332,-1.1727450266679826,20.0,1.0
1.992,0.0156402587890625,0.0156402587890625,4.158241271972656,-0.0402081527093407,5.024952542214912,-0.2502569597258084,20.0,1.0
1.993,0.0202178955078125,0.0202178955078125,5.028572082519531,-0.0351830017480078,5.025324582343835,-1.1112654452921025,20.0,1.0
1.994,0.025177001953125,0.025177001953125,4.509889602661133,-0.03015750354465302,5.025647024547231,-0.5909326880694621,20.0,1.0
1.995,0.029754638671875,0.029754638671875,4.676923751831055,-0.025131707698913333,5.025919865644136,-0.7487308136026853,20.0,1.0
1.996,0.034333229064941406,0.034333229064941406,4.712087631225586,-0.020105663813364736,5.026143102941731,-0.7747223858499779,20.0,1.0
1.997,0.038529396057128906,0.038529396057128906,4.44835090637207,-0.015079421493029866,5.026316734235317,-0.4942105231399283,20.0,1.0
1.998,0.043488502502441406,0.043488502502441406,5.107692718505859,-0.01005303034489409,5.026440757811239,-1.1520826176413306,20.0,1.0
1.999,0.047684669494628906,0.047684669494628906,4.0,-0.005026539977407381,5.026515172446844,-0.02770901699388162,20.0,1.0
2.0,0.053025245666503906,0.053025245666503906,5.151647567749023,-3.9188697572715305e-16,5.026539977407543,-1.1856125036715663,20.0,1.0
2.001,0.057221412658691406,0.057221412658691406,4.254945755004883,0.005026539977406597,5.026515172446997,-0.27232803618358203,20.0,1.0
2.0020000000000002,0.062180519104003906,0.062180519104003906,4.826374053955078,0.010053030344894727,5.02644075781139,-0.842483071325872,20.0,1.0
2.003,0.0667581558227539,0.0667581558227539,4.527473449707031,0.015079421493030501,5.0263167342351665,-0.534731402066333,20.0,1.0
2.004,0.0713357925415039,0.0713357925415039,4.606594085693359,0.020105663813363952,5.026143102941577,-0.605053557314581,20.0,1.0
2.005,0.0759134292602539,0.0759134292602539,4.896703720092773,0.02513170769891255,5.0259198656442905,-0.88641828567531,20.0,1.0
2.0060000000000002,0.0804910659790039,0.0804910659790039,4.123077392578125,0.030157503544653658,5.025647024547384,-0.1041016167177462,20.0,1.0
2.007,0.0854501724243164,0.0854501724243164,5.028572082519531,0.03518300174800844,5.025324582343684,-1.0085909137020068,20.0,1.0
2.008,0.0892648696899414,0.0892648696899414,4.19340705871582,0.04020815270933992,5.024952542214756,-0.14958885611309447,20.0,1.0
2.009,0.09422492980957031,0.09422492980957031,5.081317901611328,0.045232906832436845,5.024530907832485,-1.0366274533215123,20.0,1.0
2.0100000000000002,0.09880256652832031,0.09880256652832031,4.219779968261719,0.05025721452500601,5.024059683359045,-0.1666273249689596,20.0,1.0
2.011,0.10338020324707031,0.10338020324707031,4.835165023803711,0.055281026199156064,5.023538873445236,-0.7736096913167595,20.0,1.0
2.012,0.10833930969238281,0.10833930969238281,4.6857147216796875,0.06030429227189538,5.0229684832304216,-0.6234465868590147,20.0,1.0
2.013,0.11253547668457031,0.11253547668457031,4.413187026977539,0.0653269631656158,5.022348518344131,-0.33500877901249804,20.0,1.0
2.0140000000000002,0.11749458312988281,0.11749458312988281,4.791208267211914,0.07034898930858476,5.021678984905961,-0.7124411587319144,20.0,1.0
2.015,0.12169075012207031,0.12169075012207031,4.202198028564453,0.07537032113542885,5.020959889523965,-0.10764671877331722,20.0,1.0
2.016,0.1266498565673828,0.1266498565673828,5.05494499206543,0.08039090908763158,5.020191239293787,-0.9599327023666673,20.0,1.0
2.017,0.1304645538330078,0.1304645538330078,3.912088394165039,0.08541070361401532,5.019373041803817,0.20620764325892815,20.0,1.0
2.0180000000000002,0.1358051300048828,0.1358051300048828,5.002197265625,0.09042965517124033,5.01850530512872,-0.8912014571691299,20.0,1.0
2.019,0.1396198272705078,0.1396198272705078,4.131868362426758,0.0954477142242739,5.017588037830613,0.0022774144791770645,20.0,1.0
2.02,0.1445789337158203,0.1445789337158203,4.852746963500977,0.10046483124690045,5.016621248965258,-0.7184077639141159,20.0,1.0
2.021,0.1487751007080078,0.1487751007080078,4.167032241821289,0.10548095672220331,5.01560494807449,-0.017310173462889322,20.0,1.0
2.0220000000000002,0.1533527374267578,0.1533527374267578,4.720878601074219,0.11049604114305055,5.014539145186738,-0.5634733815616257,20.0,1.0
2.023,0.15793132781982422,0.15793132781982422,4.509889602661133,0.11551003501257791,5.013423850821056,-0.3448916079850033,20.0,1.0
2.024,0.16250896453857422,0.16250896453857422,4.281318664550781,0.12052288884469156,5.012259075987004,-0.1087811024414308,20.0,1.0
2.025,0.16708660125732422,0.16708660125732422,4.641757965087891,0.1255345531645508,5.011044832180424,-0.4617540947629346,20.0,1.0
2.0260000000000002,0.17090129852294922,0.17090129852294922,4.228570938110352,0.13054497850905353,5.009781131382624,-0.025916207005641234,20.0,1.0
2.027,0.17586040496826172,0.17586040496826172,4.896703720092773,0.13555411542731718,5.008467986068027,-0.6943615248436373,20.0,1.0
2.028,0.18005657196044922,0.18005657196044922,3.885713577270508,0.14056191448118846,5.007105409197422,0.3314986823416989,20.0,1.0
2.029,0.18463420867919922,0.18463420867919922,4.835165023803711,0.14556832624571092,5.005693414216765,-0.610789258256712,20.0,1.0
2.0300000000000002,0.18883037567138672,0.18883037567138672,4.079120635986328,0.1505733013096231,5.004232015063394,0.15996989184179355,20.0,1.0
2.031,0.19378948211669922,0.19378948211669922,4.887912750244141,0.15557679027583882,5.002721226160688,-0.649445360900661,20.0,1.0
2.032,0.19760417938232422,0.19760417938232422,3.885713577270508,0.16057874376194337,5.001161062418788,0.37493877274066323,20.0,1.0
2.033,0.20256328582763672,0.20256328582763672,4.835165023803711,0.1655791124006753,4.999551539235867,-0.5752969531070724,20.0,1.0
2.0340000000000003,0.20637798309326172,0.20637798309326172,4.079120635986328,0.17057784684041621,4.9978926724980255,0.20276931145478727,20.0,1.0
2.035,0.21095561981201172,0.21095561981201172,4.74725341796875,0.17557489774567248,4.996184478577661,-0.4586833807178743,20.0,1.0
2.036,0.21553325653076172,0.21553325653076172,4.158241271972656,0.18057021579757043,4.994426974333109,0.13692488769662714,20.0,1.0
2.037,0.21973037719726562,0.21973037719726562,4.404396057128906,0.18556375169433761,4.9926201771102825,-0.09510839007718397,20.0,1.0
2.0380000000000003,0.22430801391601562,0.22430801391601562,4.509889602661133,0.1905554561517921,4.990764104742283,-0.19417665320332067,20.0,1.0
2.039,0.22850418090820312,0.22850418090820312,4.281318664550781,0.1955452799038233,4.988858775547854,0.04836209090947641,20.0,1.0
2.04,0.23308181762695312,0.23308181762695312,4.386814117431641,0.2005331737028867,4.986904208330969,-0.05088278758199971,20.0,1.0
2.041,0.23689651489257812,0.23689651489257812,4.342857360839844,0.20551908832048416,4.984900422382438,0.014494530100714886,20.0,1.0
2.0420000000000003,0.24147415161132812,0.24147415161132812,4.536264419555664,0.21050297454765268,4.982847437479606,-0.172840523349567,20.0,1.0
2.043,0.24567031860351562,0.24567031860351562,4.0,0.2154847831954445,4.980745273884693,0.377034565723271,20.0,1.0
2.044,0.2502479553222656,0.2502479553222656,4.527473449707031,0.22046446509542098,4.978593952344298,-0.14454930189962656,20.0,1.0
2.045,0.2544441223144531,0.2544441223144531,4.175825119018555,0.225441971100132,4.976393494091113,0.22052535078613567,20.0,1.0
2.0460000000000003,0.2590217590332031,0.2590217590332031,4.668132781982422,0.2304172520836043,4.974143920843602,-0.2660790001307962,20.0,1.0
2.047,0.2628364562988281,0.2628364562988281,3.8241748809814453,0.23539025894182034,4.971845254804165,0.5987464266825643,20.0,1.0
2.048,0.2674140930175781,0.2674140930175781,4.624176025390625,0.24036094259321153,4.969497518658841,-0.1957415152191161,20.0,1.0
2.049,0.2716102600097656,0.2716102600097656,3.9032974243164062,0.24532925397913694,4.967100735578583,0.5381831906496032,20.0,1.0
2.05,0.2761878967285156,0.2761878967285156,4.74725341796875,0.2502951440643676,4.964654929220373,-0.3004535420313377,20.0,1.0
2.051,0.2800025939941406,0.2800025939941406,3.709890365600586,0.2552585638375788,4.962160123722697,0.757389154990874,20.0,1.0
2.052,0.28458118438720703,0.28458118438720703,4.676923751831055,0.26021946431181414,4.959616343706287,-0.20454180963262547,20.0,1.0
2.053,0.28839588165283203,0.28839588165283203,3.8065929412841797,0.26517779652499024,4.957023614279763,0.686068970438747,20.0,1.0
2.054,0.29297351837158203,0.29297351837158203,4.773626327514648,0.2701335115403726,4.954381961032425,-0.2760445031064127,20.0,1.0
2.055,0.29678821563720703,0.29678821563720703,3.6131858825683594,0.27508656044705615,4.95169141003359,0.9044724236622126,20.0,1.0
2.056,0.30136585235595703,0.30136585235595703,4.69450569152832,0.2800368943604408,4.94895198783999,-0.1721328635986541,20.0,1.0
2.057,0.30518054962158203,0.30518054962158203,3.8505496978759766,0.28498446442273506,4.946163721489313,0.6916923196363971,20.0,1.0
2.058,0.31013965606689453,0.31013965606689453,4.74725341796875,0.28992922180341835,4.943326638499087,-0.20813546473918643,20.0,1.0
2.059,0.31357288360595703,0.31357288360595703,3.6043949127197266,0.29487111769973434,4.940440766869642,0.9620105360254618,20.0,1.0
2.06,0.31853199005126953,0.31853199005126953,4.69450569152832,0.29981010333715874,4.937506135084789,-0.1314372907257475,20.0,1.0
2.061,0.32196521759033203,0.32196521759033203,3.797801971435547,0.30474612996990286,4.93452277210875,0.7923390482646193,20.0,1.0
2.062,0.32692432403564453,0.32692432403564453,4.738462448120117,0.30967914888137515,4.931490707383972,-0.15187524382153272,20.0,1.0
2.063,0.33035755157470703,0.33035755157470703,3.578022003173828,0.3146091113846719,4.928409970837237,1.035419163862706,20.0,1.0
2.064,0.33493518829345703,0.33493518829345703,4.624176025390625,0.31953596882305074,4.925280592874174,-0.006879821924577145,20.0,1.0
2.065,0.33874988555908203,0.33874988555908203,3.7626380920410156,0.3244596725704192,4.92210260437966,0.8736602525653874,20.0,1.0
2.066,0.34370899200439453,0.34370899200439453,4.6857147216796875,0.329380174031809,4.918876036719212,-0.05341504441218592,20.0,1.0
2.067,0.34714317321777344,0.34714317321777344,3.5516490936279297,0.3342974246438587,4.915600921738502,1.1070368566322775,20.0,1.0
2.068,0.35172080993652344,0.35172080993652344,4.597803115844727,0.3392113758752871,4.9122772917615976,0.06428549469214428,20.0,1.0
2.069,0.35515403747558594,0.35515403747558594,3.832967758178711,0.3441219792273808,4.90890517959059,0.8552962564477766,20.0,1.0
2.07,0.36011314392089844,0.36011314392089844,4.5010986328125,0.34902918623446716,4.905484618506847,0.18270683196572146,20.0,1.0
2.071,0.36354637145996094,0.36354637145996094,3.630769729614258,0.3539329484643956,4.902015642270754,1.0789774527451899,20.0,1.0
2.072,0.36812400817871094,0.36812400817871094,4.413187026977539,0.35883321751900976,4.8984982851196435,0.2994954449480809,20.0,1.0
2.073,0.37155723571777344,0.37155723571777344,3.832967758178711,0.36372994503463385,4.894932581767733,0.9054190099262307,20.0,1.0
2.074,0.37613487243652344,0.37613487243652344,4.369230270385742,0.3686230826825442,4.891318567407012,0.37185250194168473,20.0,1.0
2.075,0.37994956970214844,0.37994956970214844,3.6043949127197266,0.37351258216944894,4.887656277707094,1.1545216143333779,20.0,1.0
2.076,0.38414573669433594,0.38414573669433594,4.281318664550781,0.3783983952379595,4.883945748813403,0.4876802551350927,20.0,1.0
2.077,0.38796043395996094,0.38796043395996094,3.6483516693115234,0.3832804736670747,4.880187017346458,1.1382361421772094,20.0,1.0
2.078,0.39177513122558594,0.39177513122558594,4.342857360839844,0.3881587692726513,4.876380120403411,0.46119552050487456,20.0,1.0
2.079,0.39558982849121094,0.39558982849121094,3.507692337036133,0.3930332339078826,4.872525095557734,1.3137008668550338,20.0,1.0
2.08,0.39978599548339844,0.39978599548339844,4.05274772644043,0.39790381946376785,4.868621980856858,0.7782307340238166,20.0,1.0
2.081,0.40321922302246094,0.40321922302246094,3.8153839111328125,0.40277047786959524,4.864670814822148,1.0403120006320214,20.0,1.0
2.082,0.40741634368896484,0.40741634368896484,3.964834213256836,0.407633161093411,4.860671636450036,0.9001737712821234,20.0,1.0
2.083,0.41123104095458984,0.41123104095458984,3.797801971435547,0.4124918211424964,4.856624485211626,1.0840381175342095,20.0,1.0
2.084,0.41466426849365234,0.41466426849365234,3.5164833068847656,0.4173464100638354,4.8525294010507025,1.3896889255695977,20.0,1.0
2.085,0.41886043548583984,0.41886043548583984,4.237361907958984,0.4221968799445967,4.848386424382454,0.677753405598607,20.0,1.0
2.086,0.42191219329833984,0.42191219329833984,3.3582420349121094,0.42704318291259924,4.8441955960985865,1.588573353471665,20.0,1.0
2.087,0.42648983001708984,0.42648983001708984,4.254945755004883,0.4318852711367949,4.839956957560304,0.6929200249495227,20.0,1.0
2.088,0.42992305755615234,0.42992305755615234,3.2175827026367188,0.4367230968277209,4.835670550599048,1.7540886333937005,20.0,1.0
2.089,0.43411922454833984,0.43411922454833984,4.24615478515625,0.441556612237992,4.831336417522721,0.7339293861595133,20.0,1.0
2.09,0.43717098236083984,0.43717098236083984,3.454944610595703,0.44638576966276533,4.826954601107502,1.5563057365503088,20.0,1.0
2.091,0.44136714935302734,0.44136714935302734,4.1846160888671875,0.451210521440208,4.822525144598018,0.8347764974744436,20.0,1.0
2.092,0.44518184661865234,0.44518184661865234,3.4285717010498047,0.4560308199519625,4.818048091711347,1.6064558573277452,20.0,1.0
2.093,0.44899654388427734,0.44899654388427734,3.868131637573242,0.46084661762362966,4.813523486636086,1.1823933238498903,20.0,1.0
2.094,0.45281124114990234,0.45281124114990234,3.7274723052978516,0.4656578669252336,4.808951374028396,1.3384115842371695,20.0,1.0
2.095,0.45624446868896484,0.45624446868896484,3.6835155487060547,0.4704645203716875,4.804331799010328,1.4052172839587262,20.0,1.0
2.096,0.46044063568115234,0.46044063568115234,4.079120635986328,0.47526653052325535,4.799664807177322,1.0170620680330542,20.0,1.0
2.097,0.46387386322021484,0.46387386322021484,3.3054943084716797,0.4800638499860411,4.794950444591478,1.8132558714363243,20.0,1.0
2.098,0.46807003021240234,0.46807003021240234,4.158241271972656,0.4848564314124373,4.790188757779475,0.9676755098075178,20.0,1.0
2.099,0.47112274169921875,0.47112274169921875,3.3406600952148438,0.4896442275016011,4.785379793738542,1.8151494145713452,20.0,1.0
2.1,0.47570037841796875,0.47570037841796875,4.290109634399414,0.4944271909999155,4.780523599931541,0.8649502171710624,20.0,1.0
2.101,0.47875213623046875,0.47875213623046875,3.1912078857421875,0.4992052747014631,4.775620224286087,1.9934751079637858,20.0,1.0
2.102,0.48256683349609375,0.48256683349609375,3.991209030151367,0.5039784314484866,4.77066971519676,1.207692644093251,20.0,1.0
2.103,0.48638153076171875,0.48638153076171875,3.5164833068847656,0.5087466141318576,4.7656721215236075,1.6964904820416193,20.0,1.0
2.104,0.48981475830078125,0.48981475830078125,3.7186813354492188,0.513509775691535,4.760627492590942,1.515846504956798,20.0,1.0
2.105,0.49362945556640625,0.49362945556640625,3.789011001586914,0.5182678691170385,4.755535878186549,1.45929314761228,20.0,1.0
2.106,0.49706268310546875,0.49706268310546875,3.173625946044922,0.5230208474479071,4.750397328562656,2.095934669366501,20.0,1.0
2.107,0.5008773803710938,0.5008773803710938,4.131868362426758,0.5277686637741649,4.745211894435272,1.1511692000699365,20.0,1.0
2.108,0.5043106079101562,0.5043106079101562,3.129671096801758,0.5325112712367787,4.739979626982461,2.174321796713151,20.0,1.0
2.109,0.5081253051757812,0.5081253051757812,4.149450302124023,0.5372486230281287,4.734700577844023,1.167716632766949,20.0,1.0
2.11,0.5115585327148438,0.5115585327148438,3.1384620666503906,0.5419806723924656,4.729374799122013,2.1993555260240596,20.0,1.0
2.111,0.5149917602539062,0.5149917602539062,3.6043949127197266,0.5467073726263737,4.724002343380334,1.7539196781099569,20.0,1.0
2.112,0.5188064575195312,0.5188064575195312,3.6571426391601562,0.5514286770792274,4.718583263643268,1.7138850156770342,20.0,1.0
2.113,0.5222396850585938,0.5222396850585938,3.287912368774414,0.5561445391536591,4.713117613393763,2.1033023265206565,20.0,1.0
2.114,0.5260543823242188,0.5260543823242188,4.0,0.5608549123060139,4.707605446575997,1.4036160462119,20.0,1.0
2.115,0.5291061401367188,0.5291061401367188,2.9714279174804688,0.565559750046812,4.702046817593214,2.4596910983146105,20.0,1.0
2.116,0.5329217910766602,0.5329217910766602,3.8417587280273438,0.5702590059412014,4.696441781307044,1.6014273505705248,20.0,1.0
2.117,0.5363550186157227,0.5363550186157227,3.3142852783203125,0.5749526336094251,4.690790393036252,2.1484574145899877,20.0,1.0
2.118,0.5394067764282227,0.5394067764282227,3.5164833068847656,0.5796405867272728,4.68509270855759,1.9732856076538279,20.0,1.0
2.119,0.5432214736938477,0.5432214736938477,3.621978759765625,0.5843228190265413,4.679348784105628,1.8793969309938747,20.0,1.0
2.12,0.5462732315063477,0.5462732315063477,2.9098892211914062,0.5889992842954851,4.67355867637076,2.6181905109621026,20.0,1.0
2.121,0.5500879287719727,0.5500879287719727,3.8945045471191406,0.5936699363792818,4.66772244249762,1.6448580475246621,20.0,1.0
2.122,0.5531396865844727,0.5531396865844727,3.041757583618164,0.5983347291804793,4.6618401400891685,2.5239834083911363,20.0,1.0
2.123,0.5565729141235352,0.5565729141235352,3.578022003173828,0.6029936166594612,4.65591182720101,2.0063038747457016,20.0,1.0
2.124,0.5603876113891602,0.5603876113891602,3.4725265502929688,0.6076465528348823,4.649937562341904,2.122589840963379,20.0,1.0
2.125,0.5630578994750977,0.5630578994750977,2.8483524322509766,0.6122934917841439,4.643917404475928,2.7802768184058775,20.0,1.0
2.126,0.5668725967407227,0.5668725967407227,3.8241748809814453,0.6169343876438331,4.63785141302094,1.8149123501017037,20.0,1.0
2.1270000000000002,0.5699243545532227,0.5699243545532227,2.9274730682373047,0.6215691946101868,4.631739647845166,2.7371633807471434,20.0,1.0
2.128,0.5733575820922852,0.5733575820922852,3.5956039428710938,0.6261978669395246,4.6255821692674886,2.086783923341184,20.0,1.0
2.129,0.5767908096313477,0.5767908096313477,3.454944610595703,0.6308203589487208,4.6193790380621635,2.245025413813923,20.0,1.0
2.13,0.5794610977172852,0.5794610977172852,2.7340660095214844,0.6354366250156479,4.613130315451542,2.9985748518973128,20.0,1.0
2.1310000000000002,0.5832757949829102,0.5832757949829102,3.8505496978759766,0.6400466195796248,4.606836063105504,1.8917028571638212,20.0,1.0
2.132,0.5863275527954102,0.5863275527954102,2.9802188873291016,0.64465029714186,4.600496343147711,2.786732342747605,20.0,1.0
2.133,0.5897607803344727,0.5897607803344727,3.3494510650634766,0.6492476122659192,4.594111218149294,2.4343967917147484,20.0,1.0
2.134,0.5931940078735352,0.5931940078735352,3.6043949127197266,0.6538385195781575,4.587680751127607,2.196176072500328,20.0,1.0
2.1350000000000002,0.5958652496337891,0.5958652496337891,2.6549453735351562,0.6584229737681754,4.581205005547929,3.177414114700499,20.0,1.0
2.136,0.5996799468994141,0.5996799468994141,3.7186813354492188,0.6630009295892544,4.57468404532483,2.1224223636724173,20.0,1.0
2.137,0.6027317047119141,0.6027317047119141,3.1032962799072266,0.667572341858824,4.568117934817963,2.761634397848934,20.0,1.0
2.138,0.6057834625244141,0.6057834625244141,3.0945053100585938,0.6721371654588892,4.561506738830246,2.794075487461156,20.0,1.0
2.1390000000000002,0.6095981597900391,0.6095981597900391,3.630769729614258,0.6766953553364854,4.554850522612924,2.2660247039275925,20.0,1.0
2.14,0.6122684478759766,0.6122684478759766,2.6549453735351562,0.6812468665041161,4.5481493518603315,3.272772350887967,20.0,1.0
2.141,0.6157016754150391,0.6157016754150391,3.367033004760742,0.685791654040205,4.541403292709219,2.5761698604517966,20.0,1.0
2.142,0.6187534332275391,0.6187534332275391,3.261537551879883,0.6903296730895336,4.534612411740909,2.7045996571009177,20.0,1.0
2.1430000000000002,0.6214237213134766,0.6214237213134766,2.707693099975586,0.6948608788636877,4.527776775979021,3.2888268270076586,20.0,1.0
2.144,0.6252384185791016,0.6252384185791016,3.674724578857422,0.6993852266414927,4.520896452888621,2.3291080352790225,20.0,1.0
2.145,0.6279087066650391,0.6279087066650391,2.8043956756591797,0.703902671769464,4.513971510375143,3.2294551368044613,20.0,1.0
2.146,0.6305789947509766,0.6305789947509766,2.795604705810547,0.708413169662242,4.5070020167847815,3.2680808091995432,20.0,1.0
2.1470000000000002,0.6343936920166016,0.6343936920166016,3.490110397338867,0.7129166758030345,4.499988040904327,2.5803373192941192,20.0,1.0
2.148,0.6370639801025391,0.6370639801025391,2.707693099975586,0.7174131457440518,4.49292965195923,3.3922198648138986,20.0,1.0
2.149,0.6401157379150391,0.6401157379150391,3.25274658203125,0.721902535106952,4.485826919611895,2.8688162814189044,20.0,1.0
2.15,0.6435489654541016,0.6435489654541016,3.261537551879883,0.7263847995832746,4.478679913963447,2.873859044667025,20.0,1.0
2.1510000000000002,0.6458377838134766,0.6458377838134766,2.4263744354248047,0.7308598949348798,4.471488705552645,3.7455564925559046,20.0,1.0
2.152,0.6492710113525391,0.6492710113525391,3.331867218017578,0.735327776994381,4.464253365354068,2.853521460173329,20.0,1.0
2.153,0.6523227691650391,0.6523227691650391,3.0945053100585938,0.7397884016655869,4.456973964776523,3.1117813047288863,20.0,1.0
2.154,0.6549930572509766,0.6549930572509766,2.6109886169433594,0.7442417249239331,4.449650575665146,3.623635312180918,20.0,1.0
2.1550000000000002,0.6584272384643555,0.6584272384643555,3.4725265502929688,0.7486877028169182,4.4422832702991855,2.7749660070574715,20.0,1.0
2.156,0.661097526550293,0.661097526550293,2.7780227661132812,0.7531262914645326,4.434872121391209,3.4974246535627196,20.0,1.0
2.157,0.6637678146362305,0.6637678146362305,2.6021976470947266,0.7575574470596997,4.4274172020848255,3.7010122034594843,20.0,1.0
2.158,0.667201042175293,0.667201042175293,3.4021968841552734,0.7619811258687013,4.419918585958953,2.9133233756718457,20.0,1.0
2.1590000000000003,0.6698713302612305,0.6698713302612305,2.786813735961914,0.7663972842316186,4.412376347021393,3.556081690467241,20.0,1.0
2.16,0.6729230880737305,0.6729230880737305,2.830768585205078,0.7708058785627451,4.404790559709738,3.5316777842849523,20.0,1.0
2.161,0.6759748458862305,0.6759748458862305,3.331867218017578,0.7752068653510371,4.397161298893252,3.0499344701718067,20.0,1.0
2.162,0.678645133972168,0.678645133972168,2.4967041015625,0.7796002011605306,4.389488639870763,3.911885882075516,20.0,1.0
2.1630000000000003,0.6813154220581055,0.6813154220581055,2.786813735961914,0.7839858426307796,4.381772658367822,3.6483673338593916,20.0,1.0
2.164,0.684748649597168,0.684748649597168,3.2351646423339844,0.7883637464772674,4.374013430536365,3.211150725804369,20.0,1.0
2.165,0.687037467956543,0.687037467956543,2.5318679809570312,0.7927338694918514,4.366211032959029,3.948271082708167,20.0,1.0
2.166,0.690089225769043,0.690089225769043,3.006593704223633,0.7970961685431844,4.358365542642332,3.4919106939015285,20.0,1.0
2.1670000000000003,0.693140983581543,0.693140983581543,3.0593414306640625,0.801450600577137,4.350477037015878,3.4573279462636965,20.0,1.0
2.168,0.695429801940918,0.695429801940918,2.3208789825439453,0.8057971226172171,4.342545593937757,4.229013024919795,20.0,1.0
2.169,0.698481559753418,0.698481559753418,2.830768585205078,0.8101356917650115,4.334571291688519,3.7368853467153125,20.0,1.0
2.17,0.701533317565918,0.701533317565918,3.120878219604492,0.8144662652005933,4.326554208970379,3.4643349420593927,20.0,1.0
2.1710000000000003,0.703822135925293,0.703822135925293,2.461538314819336,0.8187888001829533,4.3184944249079535,4.156289395241824,20.0,1.0
2.172,0.706873893737793,0.706873893737793,2.9010982513427734,0.8231032540504102,4.310392019049345,3.7338809739589163,20.0,1.0
2.173,0.709925651550293,0.709925651550293,2.953845977783203,0.827409584221051,4.302247071362615,3.698079746994573,20.0,1.0
2.174,0.712214469909668,0.712214469909668,2.329669952392578,0.8317077481931344,4.294059662233337,4.354255275510088,20.0,1.0
2.1750000000000003,0.7148847579956055,0.7148847579956055,2.6901092529296875,0.8359977035455185,4.285829872468923,4.017979530537497,20.0,1.0
2.176,0.7179365158081055,0.7179365158081055,2.997802734375,0.8402794079380732,4.277557783294185,3.7266128915185397,20.0,1.0
2.177,0.7202262878417969,0.7202262878417969,2.4703292846679688,0.844552819112106,4.269243476350823,4.2854448170890365,20.0,1.0
2.178,0.7228965759277344,0.7228965759277344,2.7164840698242188,0.848817894890774,4.260887033697998,4.06282934313457,20.0,1.0
2.179,0.7259483337402344,0.7259483337402344,2.9450550079345703,0.8530745931795011,4.252488537809938,3.849958718660702,20.0,1.0
2.18,0.7282371520996094,0.7282371520996094,2.373626708984375,0.8573228719663947,4.244048071577083,4.452135759928414,20.0,1.0
2.181,0.7309074401855469,0.7309074401855469,2.584615707397461,0.8615626893226562,4.235565718303576,4.264054993648302,20.0,1.0
2.182,0.7339591979980469,0.7339591979980469,2.9450550079345703,0.865794003403001,4.227041561706017,3.9186826618705277,20.0,1.0
2.183,0.7362480163574219,0.7362480163574219,2.452747344970703,0.8700167724460673,4.218475685914484,4.44110346271669,20.0,1.0
2.184,0.7389183044433594,0.7389183044433594,2.6549453735351562,0.8742309547748308,4.209868175471286,4.261175808565558,20.0,1.0
2.185,0.7419700622558594,0.7419700622558594,3.0153846740722656,0.878436508797011,4.201219115329138,3.9151633720799044,20.0,1.0
2.186,0.7442588806152344,0.7442588806152344,2.3032970428466797,0.8826333930054882,4.192528590850031,4.656721795808427,20.0,1.0
2.187,0.7465476989746094,0.7465476989746094,2.338460922241211,0.8868215659787101,4.18379668780608,4.650813105646883,20.0,1.0
2.188,0.7495994567871094,0.7495994567871094,3.0329666137695312,0.8910009863811013,4.175023492378102,3.9700874704884086,20.0,1.0
2.189,0.7518882751464844,0.7518882751464844,2.4439563751220703,0.8951716129634673,4.166209091154258,4.587919472371845,20.0,1.0
2.19,0.7541770935058594,0.7541770935058594,2.2769222259521484,0.8993334045634088,4.1573535711277145,4.7835575663265555,20.0,1.0
2.191,0.7576103210449219,0.7576103210449219,3.1384620666503906,0.9034863201057217,4.148457019700572,3.9275149342661786,20.0,1.0
2.192,0.7598991394042969,0.7598991394042969,2.4351654052734375,0.907630318602811,4.139519524677894,4.658977703374738,20.0,1.0
2.193,0.7618064880371094,0.7618064880371094,2.083517074584961,0.9117653591550785,4.130541174267705,5.046201522042127,20.0,1.0
2.194,0.7648582458496094,0.7648582458496094,2.795604705810547,0.9158914009513455,4.121522057083382,4.346580453307557,20.0,1.0
2.195,0.7675285339355469,0.7675285339355469,2.760438919067383,0.9200084032692444,4.112462262141264,4.401620729747831,20.0,1.0
2.196,0.7698173522949219,0.7698173522949219,2.1890106201171875,0.9241163254756288,4.103361878857015,5.000330722353967,20.0,1.0
2.197,0.7721061706542969,0.7721061706542969,2.540658950805664,0.9282151270269594,4.0942209970464205,4.675741173694007,20.0,1.0
2.198,0.7751579284667969,0.7751579284667969,2.8131866455078125,0.9323047674697208,4.085039706928285,4.414789841478951,20.0,1.0
2.199,0.7770652770996094,0.7770652770996094,2.1538467407226562,0.936385206440815,4.075818099118123,5.1083699452195805,20.0,1.0
2.2,0.7793540954589844,0.7793540954589844,2.0923080444335938,0.9404564036679578,4.066556264627366,5.196294384373241,20.0,1.0
2.201,0.7820253372192383,0.7820253372192383,2.865934371948242,0.9445183189700708,4.057254294868528,4.441179557936936,20.0,1.0
2.202,0.7846956253051758,0.7846956253051758,2.4263744354248047,0.948570912257694,4.047912281648507,4.899043585274066,20.0,1.0
2.203,0.7866029739379883,0.7866029739379883,2.074726104736328,0.9526141435333669,4.038530317168124,5.28402760433937,20.0,1.0
2.204,0.7892732620239258,0.7892732620239258,2.663736343383789,0.9566479728920312,4.029108494023092,4.712866368001411,20.0,1.0
2.205,0.7919435501098633,0.7919435501098633,2.6373634338378906,0.9606723605214141,4.019646905204297,4.756859679597424,20.0,1.0
2.206,0.7942323684692383,0.7942323684692383,2.0659332275390625,0.9646872667024389,4.0101456440939955,5.353310381218945,20.0,1.0
2.207,0.7961397171020508,0.7961397171020508,2.136262893676758,0.9686926518096013,4.000604804464501,5.315400604938754,20.0,1.0
2.208,0.7988100051879883,0.7988100051879883,2.795604705810547,0.9726884763113687,3.991024480480803,4.6729891971378645,20.0,1.0
2.209,0.8010988235473633,0.8010988235473633,2.285715103149414,0.9766747007705638,3.9814047666970396,5.207207208011637,20.0,1.0
2.21,0.8033876419067383,0.8033876419067383,1.9780216217041016,0.9806512858447619,3.971745758055306,5.538997015111677,20.0,1.0
2.211,0.8056764602661133,0.8056764602661133,2.549449920654297,0.9846181922866736,3.962047549886165,4.991432269643074,20.0,1.0
2.212,0.8083467483520508,0.8083467483520508,2.619779586791992,0.9885753809445351,3.9523102379075112,4.937103302965205,20.0,1.0
2.213,0.8102540969848633,0.8102540969848633,1.9868125915527344,0.9925228127624894,3.9425339182226935,5.601095642222482,20.0,1.0
2.214,0.8125429153442383,0.8125429153442383,2.0307693481445312,0.9964604487809796,3.932718687319607,5.580300007909902,20.0,1.0
2.215,0.8152132034301758,0.8152132034301758,2.6461544036865234,1.0003882501371277,3.9228646420702944,4.98021117252281,20.0,1.0
2.216,0.8175020217895508,0.8175020217895508,2.338460922241211,1.004306178065121,3.9129718797310034,5.310594083001197,20.0,1.0
2.217,0.8194093704223633,0.8194093704223633,1.9868125915527344,1.0082141938965907,3.9030404979394575,5.692324375871272,20.0,1.0
2.218,0.8216981887817383,0.8216981887817383,2.3120880126953125,1.012112259060999,3.893070594713322,5.389263987603224,20.0,1.0
2.219,0.8243684768676758,0.8243684768676758,2.6549453735351562,1.0160003350860165,3.883062268452022,5.06075405928368,20.0,1.0
2.22,0.8262758255004883,0.8262758255004883,2.0307693481445312,1.0198783835979037,3.8730156179340725,5.71429743173785,20.0,1.0
2.221,0.8281831741333008,0.8281831741333008,1.8549442291259766,1.0237463663218855,3.8629307423159958,5.919250356961714,20.0,1.0
2.222,0.8304719924926758,0.8304719924926758,2.3472518920898438,1.027604245082535,3.8528077411306185,5.448200900837957,20.0,1.0
2.223,0.8331422805786133,0.8331422805786133,2.4879112243652344,1.0314519818041459,3.8426467142878664,5.320929514433284,20.0,1.0
2.224,0.8350496292114258,0.8350496292114258,1.9692306518554688,1.0352895385111114,3.8324477620736843,5.868015296211928,20.0,1.0
2.225,0.8369569778442383,0.8369569778442383,1.9692306518554688,1.0391168773282942,3.8222109851477626,5.8961783229734115,20.0,1.0
2.226,0.8396272659301758,0.8396272659301758,2.5582408905029297,1.042933960481406,3.8119364845415475,5.319829485063224,20.0,1.0
2.227,0.8419160842895508,0.8419160842895508,2.285715103149414,1.0467407502973765,3.801624361662107,5.612402578669206,20.0,1.0
2.228,0.8438243865966797,0.8438243865966797,1.7758235931396484,1.050537209204731,3.791274718285081,6.149707577306457,20.0,1.0
2.229,0.8453502655029297,0.8453502655029297,1.8461532592773438,1.0543232997339476,3.7808876565565015,6.114195081899515,20.0,1.0
2.23,0.8480205535888672,0.8480205535888672,2.5230770111083984,1.0580989845178432,3.7704632789927928,5.448954886463915,20.0,1.0
2.231,0.8503093719482422,0.8503093719482422,2.241758346557617,1.0618642262919324,3.7600016884796332,5.749340428795821,20.0,1.0
2.232,0.8522167205810547,0.8522167205810547,1.7846145629882812,1.0656189878948032,3.7495029882679773,6.232933771554667,20.0,1.0
2.233,0.8541240692138672,0.8541240692138672,1.9252738952636719,1.0693632322684694,3.73896728197451,6.118476647802883,20.0,1.0
2.234,0.8564128875732422,0.8564128875732422,2.549449920654297,1.0730969224587514,3.728394673583921,5.512625450639809,20.0,1.0
2.235,0.8587017059326172,0.8587017059326172,2.127471923828125,1.0768200216156363,3.7177852674437872,5.952679657276044,20.0,1.0
2.236,0.8602275848388672,0.8602275848388672,1.714284896850586,1.08053249299364,3.7071391682629837,6.398952434507853,20.0,1.0
2.237,0.8621349334716797,0.8621349334716797,1.7846145629882812,1.0842342999521632,3.6964564811154332,6.353829247736823,20.0,1.0
2.238,0.8644237518310547,0.8644237518310547,2.373626708984375,1.08792540595587,3.685737311435446,5.782143684947378,20.0,1.0
2.239,0.8667125701904297,0.8667125701904297,2.171428680419922,1.0916057745750334,3.6749817650161276,6.00141717228828,20.0,1.0
2.24,0.8686199188232422,0.8686199188232422,1.7846145629882812,1.095275369485903,3.664189948009266,6.412684398274201,20.0,1.0
2.241,0.8701457977294922,0.8701457977294922,1.8197803497314453,1.098934154471053,3.6533619669273776,6.409348752027147,20.0,1.0
2.242,0.8728160858154297,0.8728160858154297,2.382417678833008,1.102582093419757,3.6424979286385906,5.855400401892129,20.0,1.0
2.243,0.8747234344482422,0.8747234344482422,2.1802196502685547,1.1062191503283294,3.631597940365168,6.081292607698358,20.0,1.0
2.244,0.8766307830810547,0.8766307830810547,1.714284896850586,1.109845289300488,3.62066210968635,6.57066733722443,20.0,1.0
2.245,0.8781566619873047,0.8781566619873047,1.6527481079101562,1.1134604745477028,3.6096905445343737,6.66301868783218,20.0,1.0
2.246,0.8804454803466797,0.8804454803466797,2.074726104736328,1.117064670389556,3.598683353193792,6.2563410493149885,20.0,1.0
2.247,0.8827342987060547,0.8827342987060547,2.2769222259521484,1.1206578412540895,3.587640644301132,6.06918926930968,20.0,1.0
2.248,0.8846416473388672,0.8846416473388672,1.8813190460205078,1.124239951678159,3.5765625268438725,6.4872095676092,20.0,1.0
2.249,0.8861675262451172,0.8861675262451172,1.7318687438964844,1.1278109663077782,3.565449110158852,6.666449167515588,20.0,1.0
2.25,0.8880748748779297,0.8880748748779297,2.0659332275390625,1.1313708498984758,3.5543005039302216,6.354286776802081,20.0,1.0
2.251,0.8907451629638672,0.8907451629638672,2.294506072998047,1.1349195673156378,3.5431168181901285,6.132098832227494,20.0,1.0
2.2520000000000002,0.8922710418701172,0.8922710418701172,1.8461532592773438,1.1384570835348569,3.531898163317692,6.6094657373351415,20.0,1.0
2.253,0.8937969207763672,0.8937969207763672,1.582418441772461,1.141983363642274,3.520644650036843,6.901955065582519,20.0,1.0
2.254,0.8957042694091797,0.8957042694091797,1.7230777740478516,1.1454983728349297,3.509356389414279,6.782160683881428,20.0,1.0
2.255,0.8979930877685547,0.8979930877685547,2.25054931640625,1.1490020764211017,3.498033492860486,6.267663949505177,20.0,1.0
2.2560000000000002,0.8999004364013672,0.8999004364013672,1.9868125915527344,1.1524944398206516,3.4866760721286028,6.551743548961556,20.0,1.0
2.257,0.9014263153076172,0.9014263153076172,1.626373291015625,1.1559754285653598,3.475284239311918,6.939893213451146,20.0,1.0
2.258,0.9033336639404297,0.9033336639404297,1.6351642608642578,1.1594450082992747,3.463858106842622,6.950920733155264,20.0,1.0
2.259,0.9052410125732422,0.9052410125732422,2.074726104736328,1.1629031447790443,3.452397787491691,6.530914326871406,20.0,1.0
2.2600000000000002,0.9075307846069336,0.9075307846069336,2.1450557708740234,1.1663498038742588,3.4409033943688883,6.472228008841369,20.0,1.0
2.261,0.9090566635131836,0.9090566635131836,1.6879119873046875,1.169784951567783,3.4293750409190125,6.956028814706312,20.0,1.0
2.262,0.9105825424194336,0.9105825424194336,1.4505500793457031,1.1732085539560961,3.4178128409216697,7.219782992309217,20.0,1.0
2.263,0.9121084213256836,0.9121084213256836,1.582418441772461,1.1766205772496254,3.4062169084910465,7.114041585197422,20.0,1.0
2.2640000000000002,0.9143972396850586,0.9143972396850586,2.083517074584961,1.180020987773079,3.3945873580748867,6.623545245250333,20.0,1.0
2.265,0.9163045883178711,0.9163045883178711,1.9516487121582031,1.1834097519657758,3.3829243044524446,6.773378865252336,20.0,1.0
2.266,0.9178304672241211,0.9178304672241211,1.5736255645751953,1.186786836381983,3.3712278627319847,7.1767296813140256,20.0,1.0
2.267,0.9193563461303711,0.9193563461303711,1.4681320190429688,1.1901522076912392,3.3594981483541915,7.307283360528585,20.0,1.0
2.2680000000000002,0.9208822250366211,0.9208822250366211,1.74945068359375,1.193505832678692,3.347735277086258,7.050756746333927,20.0,1.0
2.269,0.9231710433959961,0.9231710433959961,2.2241764068603516,1.1968476782454125,3.335939365021659,6.585295655149635,20.0,1.0
2.27,0.9250783920288086,0.9250783920288086,1.8109893798828125,1.2001777114087346,3.324110528582878,7.015107536298586,20.0,1.0
2.271,0.9266042709350586,0.9266042709350586,1.415384292602539,1.2034958993025775,3.3122488845158387,7.434697159263678,20.0,1.0
2.2720000000000002,0.9277486801147461,0.9277486801147461,1.3890113830566406,1.206802209177767,3.300354549888766,7.492413748092544,20.0,1.0
2.273,0.9296560287475586,0.9296560287475586,1.661539077758789,1.2100966084023559,3.2884276420941205,7.235700157431277,20.0,1.0
2.274,0.9315633773803711,0.9315633773803711,2.0923080444335938,1.2133790644619546,3.2764682788468917,6.820473976044969,20.0,1.0
2.275,0.9334707260131836,0.9334707260131836,1.7758235931396484,1.216649544960049,3.264476578181302,7.152229363978961,20.0,1.0
2.2760000000000002,0.9349966049194336,0.9349966049194336,1.4681320190429688,1.2199080176183177,3.2524526584484192,7.482548893383132,20.0,1.0
2.277,0.9361410140991211,0.9361410140991211,1.4329662322998047,1.2231544502769465,3.240396638321272,7.547699129577975,20.0,1.0
2.278,0.9380483627319336,0.9380483627319336,1.714284896850586,1.2263888108949594,3.2283086367881424,7.280832703198073,20.0,1.0
2.279,0.9399557113647461,0.9399557113647461,2.074726104736328,1.229611067550522,3.21618877315143,6.934569792130621,20.0,1.0
2.2800000000000002,0.9418630599975586,0.9418630599975586,1.7230777740478516,1.232821188441263,3.2040371670300374,7.300121961856274,20.0,1.0
2.281,0.9430074691772461,0.9430074691772461,1.3802204132080078,1.236019141884583,3.1918539383557345,7.671866979294464,20.0,1.0
2.282,0.9445333480834961,0.9445333480834961,1.3274726867675781,1.2392048963179738,3.179639207371565,7.745597485293541,20.0,1.0
2.283,0.9460592269897461,0.9460592269897461,1.538461685180664,1.2423784202993253,3.1673930946316204,7.555315275642541,20.0,1.0
2.2840000000000003,0.9479665756225586,0.9479665756225586,1.9868125915527344,1.2455396825072378,3.1551157210008114,7.119765267141661,20.0,1.0
2.285,0.9498739242553711,0.9498739242553711,1.8109893798828125,1.2486886517413276,3.1428072076520266,7.308112377488344,20.0,1.0
2.286,0.9513998031616211,0.9513998031616211,1.5120887756347656,1.251825296922541,3.1304676760643133,7.626888775647945,20.0,1.0
2.287,0.9525442123413086,0.9525442123413086,1.371429443359375,1.2549495870934557,3.1180972480245828,7.79477529970815,20.0,1.0
2.2880000000000003,0.9540700912475586,0.9540700912475586,1.5032958984375,1.2580614914185906,3.105696045623972,7.682228150607112,20.0,1.0
2.289,0.9559774398803711,0.9559774398803711,1.916482925415039,1.2611609791847043,3.0932641912572763,7.280452051928901,20.0,1.0
2.29,0.9578847885131836,0.9578847885131836,1.7934074401855469,1.2642480198011046,3.0808018076216968,7.4146589931945694,20.0,1.0
2.291,0.9594106674194336,0.9594106674194336,1.459341049194336,1.267322582799947,3.068309017715933,7.767206276131866,20.0,1.0
2.2920000000000003,0.9605550765991211,0.9605550765991211,1.2747249603271484,1.270384637836537,3.055785944838931,7.9776522092601025,20.0,1.0
2.293,0.9620809555053711,0.9620809555053711,1.2659339904785156,1.2734341546896255,3.043232712588633,8.004362705795206,20.0,1.0
2.294,0.9636068344116211,0.9636068344116211,1.6703300476074219,1.2764711032617138,3.0306494448599324,7.617604774254364,20.0,1.0
2.295,0.9655141830444336,0.9655141830444336,1.8813190460205078,1.2794954535793448,3.01803626584433,7.416342630522046,20.0,1.0
2.2960000000000003,0.9670400619506836,0.9670400619506836,1.6087913513183594,1.282507175793403,3.0053933000295956,7.7059442255656245,20.0,1.0
2.297,0.9681844711303711,0.9681844711303711,1.3186817169189453,1.2855062401794046,2.9927206721964694,8.020474336258195,20.0,1.0
2.298,0.9697113037109375,0.9697113037109375,1.2571430206298828,1.2884926171377953,2.980018507418208,8.098501755325481,20.0,1.0
2.299,0.9712371826171875,0.9712371826171875,1.4769229888916016,1.2914662771942405,2.9672869310603573,7.894945833709815,20.0,1.0
2.3000000000000003,0.9727630615234375,0.9727630615234375,1.8197803497314453,1.2944271909999165,2.9545260687784776,7.568028308576613,20.0,1.0
2.301,0.97467041015625,0.97467041015625,1.6967029571533203,1.297375329331798,2.9417360465173488,7.6991314728749884,20.0,1.0
2.302,0.9758148193359375,0.9758148193359375,1.371429443359375,1.3003106630929506,2.928916990508583,8.047404422289471,20.0,1.0
2.303,0.9773406982421875,0.9773406982421875,1.1956043243408203,1.3032331633128145,2.9160690272721013,8.23831400434382,20.0,1.0
2.3040000000000003,0.978485107421875,0.978485107421875,1.160440444946289,1.3061428011474951,2.9031922836114745,8.29590571317759,20.0,1.0
2.305,0.9796295166015625,0.9796295166015625,1.4857139587402344,1.309039547880038,2.8902868866143763,7.992773553443653,20.0,1.0
2.306,0.981536865234375,0.981536865234375,1.6967029571533203,1.3119233749207233,2.8773529636532658,7.788380200226912,20.0,1.0
2.307,0.983062744140625,0.983062744140625,1.582418441772461,1.3147942538073438,2.864390642380158,7.916602393942074,20.0,1.0
2.308,0.984588623046875,0.984588623046875,1.3186817169189453,1.317652156205483,2.8514000507277615,8.193988996980977,20.0,1.0
2.309,0.9857330322265625,0.9857330322265625,1.2043952941894531,1.3204970539088,2.838381316907544,8.329266456362838,20.0,1.0
2.31,0.98687744140625,0.98687744140625,1.1780223846435547,1.3233289188392987,2.8253345694096197,8.37634173342704,20.0,1.0
2.311,0.9884033203125,0.9884033203125,1.5208797454833984,1.3261477230476186,2.8122599370007038,8.046268246219679,20.0,1.0
2.312,0.98992919921875,0.98992919921875,1.6967029571533203,1.3289534387132995,2.799157548721041,7.882939381458711,20.0,1.0
2.313,0.991455078125,0.991455078125,1.4857139587402344,1.3317460381450614,2.786027533886795,8.106132775547788,20.0,1.0
2.314,0.9925994873046875,0.9925994873046875,1.2307701110839844,1.3345254937810738,2.7728700220856126,8.380620040529354,20.0,1.0
2.315,0.993743896484375,0.993743896484375,1.1164836883544922,1.337291778189232,2.7596851431765117,8.514159088919158,20.0,1.0
2.316,0.9948883056640625,0.9948883056640625,1.0461540222167969,1.3400448640674263,2.7464730272891984,8.603450173139677,20.0,1.0
2.317,0.99603271484375,0.99603271484375,1.3098907470703125,1.3427847242438107,2.7332338048216798,8.35838324575258,20.0,1.0
2.318,0.9979400634765625,0.9979400634765625,1.5736255645751953,1.3455113316770704,2.719967606440491,8.097767405875453,20.0,1.0
2.319,0.9994659423828125,0.9994659423828125,1.5648345947265625,1.3482246594566911,2.7066745630769447,8.117014309827955,20.0,1.0
2.32,1.0006103515625,1.0006103515625,1.371429443359375,1.3509246808032236,2.6933548059280383,8.328211947383135,20.0,1.0
2.321,1.0017547607421875,1.0017547607421875,1.1516475677490234,1.3536113690685476,2.6800084664542965,8.565493065232475,20.0,1.0
2.322,1.002899169921875,1.002899169921875,1.0813179016113281,1.3562846977361331,2.6666356763796557,8.653028331053491,20.0,1.0
2.323,1.0040435791015625,1.0040435791015625,1.2395610809326172,1.3589446404213064,2.6532365676870313,8.511696713149291,20.0,1.0
2.324,1.0055694580078125,1.0055694580078125,1.4857139587402344,1.3615911708715067,2.639811272620477,8.274531571154128,20.0,1.0
2.325,1.0070953369140625,1.0070953369140625,1.5736255645751953,1.3642242629665478,2.626359923682344,8.195312880156854,20.0,1.0
2.326,1.0086212158203125,1.0086212158203125,1.3538455963134766,1.3668438907188722,2.6128826536328233,8.423490555290542,20.0,1.0
2.327,1.009765625,1.009765625,1.1340656280517578,1.3694500282738127,2.5993795954859706,8.659002032910466,20.0,1.0
2.328,1.0109100341796875,1.0109100341796875,1.0461540222167969,1.3720426499098435,2.5858508825115223,8.762349174897846,20.0,1.0
2.329,1.0116729736328125,1.0116729736328125,1.037363052368164,1.3746217300388361,2.57229664823285,8.793908723985158,20.0,1.0
2.33,1.0131988525390625,1.0131988525390625,1.3274726867675781,1.37718724320631,2.55871702642537,8.51101215300274,20.0,1.0
2.331,1.0147247314453125,1.0147247314453125,1.4945049285888672,1.3797391640916863,2.5451121511134716,8.35089587545208,20.0,1.0
2.332,1.0162506103515625,1.0162506103515625,1.4417591094970703,1.3822774675085363,2.5314821565719967,8.410260190214402,20.0,1.0
2.333,1.01739501953125,1.01739501953125,1.3098907470703125,1.3848021284048306,2.5178271773237384,8.556078607725038,20.0,1.0
2.334,1.0185394287109375,1.0185394287109375,1.0989017486572266,1.3873131218631842,2.504147348137849,8.780719462525557,20.0,1.0
2.335,1.019683837890625,1.019683837890625,1.0285720825195312,1.389810423101106,2.4904428040282482,8.864402425718335,20.0,1.0
2.336,1.0208282470703125,1.0208282470703125,1.1428565979003906,1.3922940074712402,2.4767136802541927,8.763172290372356,20.0,1.0
2.337,1.02197265625,1.02197265625,1.371429443359375,1.3947638504616147,2.462960112315841,8.54735455318876,20.0,1.0
2.338,1.02349853515625,1.02349853515625,1.5032958984375,1.3972199276958726,2.449182235954936,8.420314188309888,20.0,1.0
2.339,1.0246429443359375,1.0246429443359375,1.292306900024414,1.3996622149335238,2.4353801871545784,8.64345869908189,20.0,1.0
2.34,1.025787353515625,1.025787353515625,1.1164836883544922,1.4020906880701811,2.42155410213536,8.83113710487199,20.0,1.0
2.341,1.0269317626953125,1.0269317626953125,1.0109882354736328,1.404505323137795,2.4077041173544558,8.948187090730475,20.0,1.0
2.342,1.0276947021484375,1.0276947021484375,0.9230766296386719,1.4069060963048905,2.3938303695053946,9.054981622995783,20.0,1.0
2.343,1.028839111328125,1.028839111328125,1.0285720825195312,1.4092929838768053,2.3799329955172652,8.960438363971342,20.0,1.0
2.344,1.0299835205078125,1.0299835205078125,1.2307701110839844,1.4116659622959247,2.3660121325521004,8.76889085723036,20.0,1.0
2.345,1.031510353088379,1.031510353088379,1.3890113830566406,1.4140250081419101,2.352067918001353,8.613349636015336,20.0,1.0
2.346,1.0326547622680664,1.0326547622680664,1.2747249603271484,1.416370098131928,2.338100489490216,8.7376822464403,20.0,1.0
2.347,1.033799171447754,1.033799171447754,1.1868133544921875,1.41870120912089,2.3241099848715976,8.83533738384213,20.0,1.0
2.348,1.0349435806274414,1.0349435806274414,1.002197265625,1.4210183181016707,2.31009654222521,9.029394026084795,20.0,1.0
2.349,1.036087989807129,1.036087989807129,0.9494514465332031,1.4233214022053406,2.296060299858482,9.091277101289513,20.0,1.0
2.35,1.036850929260254,1.036850929260254,0.9846153259277344,1.4256104387013884,2.2820013963041674,9.072576259199122,20.0,1.0
2.351,1.0379953384399414,1.0379953384399414,1.213186264038086,1.4278854049979484,2.267919970316825,8.852535037438878,20.0,1.0
2.352,1.0395212173461914,1.0395212173461914,1.336263656616211,1.4301462786420216,2.2538161608750897,8.730053730175483,20.0,1.0
2.353,1.040665626525879,1.040665626525879,1.2571430206298828,1.4323930373196987,2.23969010717758,8.817095302424093,20.0,1.0
2.354,1.0418100357055664,1.0418100357055664,1.1516475677490234,1.4346256588563773,2.22554194864324,8.930206843910433,20.0,1.0
2.355,1.042954444885254,1.042954444885254,0.9582424163818359,1.4368441212169847,2.211371824908383,9.130922935161163,20.0,1.0
2.356,1.043717384338379,1.043717384338379,0.9318675994873047,1.4390484025061934,2.1971798758260093,9.171932639694994,20.0,1.0
2.357,1.044480323791504,1.044480323791504,0.8527469635009766,1.4412384809686372,2.1829662414653512,9.26538242150704,20.0,1.0
2.358,1.0456247329711914,1.0456247329711914,0.9582424163818359,1.4434143349891246,2.1687310621094866,9.166280686086315,20.0,1.0
2.359,1.046769142150879,1.046769142150879,1.1164836883544922,1.4455759430928556,2.154474478253519,9.014126808738562,20.0,1.0
2.36,1.0479135513305664,1.0479135513305664,1.2307701110839844,1.447723283945631,2.1401966306040094,8.90562117182132,20.0,1.0
2.361,1.049057960510254,1.049057960510254,1.1780223846435547,1.449856336354064,2.125897660077726,8.963842792310373,20.0,1.0
2.362,1.0502023696899414,1.0502023696899414,1.160440444946289,1.4519750792657873,2.111577707800393,8.986591454371021,20.0,1.0
2.363,1.051346778869629,1.051346778869629,0.9758243560791016,1.4540794917696642,2.097236915103167,9.176066817024772,20.0,1.0
2.364,1.052109718322754,1.052109718322754,0.9494514465332031,1.456169553095993,2.0828754235240012,9.214620672455581,20.0,1.0
2.365,1.052872657775879,1.052872657775879,0.8791217803955078,1.4582452426167127,2.0684933748055983,9.296823291226767,20.0,1.0
2.366,1.0540170669555664,1.0540170669555664,1.002197265625,1.4603065398456048,2.0540909108927963,9.177683103068563,20.0,1.0
2.367,1.055161476135254,1.055161476135254,1.0989017486572266,1.462353424438498,2.0396681739318865,9.08460539133954,20.0,1.0
2.368,1.0563058853149414,1.0563058853149414,1.213186264038086,1.464385876193468,2.0252253062694763,8.973638859801923,20.0,1.0
2.369,1.057450294494629,1.057450294494629,1.1076927185058594,1.466403875051037,2.010762450450784,9.082141343073088,20.0,1.0
2.37,1.0585947036743164,1.0585947036743164,1.0461540222167969,1.4684074010943702,1.9962797492188429,9.146379675403121,20.0,1.0
2.371,1.0593576431274414,1.0593576431274414,0.8967037200927734,1.4703964345494742,1.981777345511091,9.305849453858974,20.0,1.0
2.372,1.0601205825805664,1.0601205825805664,0.8879127502441406,1.472370955785392,1.9672553824616443,9.324350096314014,20.0,1.0
2.373,1.061264991760254,1.061264991760254,0.8087921142578125,1.474330945314398,1.9527140033958403,9.40524096022091,20.0,1.0
2.374,1.062027931213379,1.062027931213379,0.8527469635009766,1.4762763837921842,1.938153351830465,9.370375439905594,20.0,1.0
2.375,1.0631723403930664,1.0631723403930664,1.037363052368164,1.4782072520180585,1.9235735714743214,9.186908751605998,20.0,1.0
2.376,1.0639352798461914,1.0639352798461914,1.0461540222167969,1.4801235309351324,1.9089748062242506,9.186585805786272,20.0,1.0
2.3770000000000002,1.065079689025879,1.065079689025879,1.125274658203125,1.482025201630507,1.8943572001627444,9.107992794052183,20.0,1.0
2.378,1.0662240982055664,1.0662240982055664,1.037363052368164,1.4839122453354585,1.8797208975603326,9.196120787790012,20.0,1.0
2.379,1.067368507385254,1.067368507385254,1.002197265625,1.4857846434256274,1.8650660428719448,9.231191498054415,20.0,1.0
2.38,1.068131446838379,1.068131446838379,0.8791217803955078,1.487642377421202,1.8503927807349783,9.361489611995932,20.0,1.0
2.3810000000000002,1.068894386291504,1.068894386291504,0.8615379333496094,1.4894854289870976,1.8357012559675923,9.385984176529856,20.0,1.0
2.382,1.069657325744629,1.069657325744629,0.8175830841064453,1.4913137799331375,1.820991613570186,9.436537613233913,20.0,1.0
2.383,1.0708017349243164,1.0708017349243164,0.9230766296386719,1.4931274122142375,1.806263998720965,9.329700914880714,20.0,1.0
2.384,1.0715646743774414,1.0715646743774414,1.0109882354736328,1.494926307930579,1.7915185567752587,9.247762992364379,20.0,1.0
2.3850000000000002,1.072709083557129,1.072709083557129,1.1164836883544922,1.4967104493277883,1.7767554332641566,9.140299060322853,20.0,1.0
2.386,1.0738534927368164,1.0738534927368164,1.0285720825195312,1.4984798187971078,1.7619747738943943,9.225929212580692,20.0,1.0
2.387,1.074997901916504,1.074997901916504,0.9758243560791016,1.5002343988755769,1.7471767245455112,9.276082307647869,20.0,1.0
2.388,1.075760841369629,1.075760841369629,0.8615379333496094,1.5019741722461983,1.7323614312671225,9.395090115448902,20.0,1.0
2.3890000000000002,1.076523780822754,1.076523780822754,0.8263740539550781,1.5036991217381115,1.717529040280965,9.434661804633038,20.0,1.0
2.39,1.077286720275879,1.077286720275879,0.7912082672119141,1.5054092303267608,1.7026796979769188,9.473921631782641,20.0,1.0
2.391,1.078049659729004,1.078049659729004,0.7560443878173828,1.507104481134065,1.6878135509111871,9.512865591195027,20.0,1.0
2.392,1.078812599182129,1.078812599182129,0.8967037200927734,1.508784857428583,1.6729307458072071,9.375672190643513,20.0,1.0
2.3930000000000002,1.0799570083618164,1.0799570083618164,0.9582424163818359,1.5104503426256797,1.6580314295523522,9.30965569844778,20.0,1.0
2.394,1.081101417541504,1.081101417541504,1.0549449920654297,1.5121009202876878,1.6431157491965678,9.208160812054818,20.0,1.0
2.395,1.081864356994629,1.081864356994629,0.9934062957763672,1.5137365741240725,1.6281838519515759,9.27222189876408,20.0,1.0
2.396,1.0830087661743164,1.0830087661743164,0.9054946899414062,1.5153572879915906,1.6132358851892832,9.35471163159336,20.0,1.0
2.3970000000000002,1.0837717056274414,1.0837717056274414,0.8615379333496094,1.5169630458944514,1.5982719964400758,9.400560868430667,20.0,1.0
2.398,1.0845346450805664,1.0845346450805664,0.7296695709228516,1.5185538319844714,1.5832923333919098,9.534006500547157,20.0,1.0
2.399,1.0852975845336914,1.0852975845336914,0.7648353576660156,1.5201296305612348,1.5682970438873554,9.50010260677221,20.0,1.0
2.4,1.0860605239868164,1.0860605239868164,0.7208786010742188,1.5216904260722457,1.5532862759238242,9.54500571655819,20.0,1.0
2.4010000000000002,1.0868234634399414,1.0868234634399414,0.7736263275146484,1.5232362031130828,1.5382601776520914,9.49288864360027,20.0,1.0
2.402,1.0875864028930664,1.0875864028930664,0.9494514465332031,1.5247669464275502,1.523218897373681,9.317378321530153,20.0,1.0
2.403,1.088730812072754,1.088730812072754,0.9406585693359375,1.5262826409078298,1.5081625835396153,9.318540590905197,20.0,1.0
2.404,1.089493751525879,1.089493751525879,1.0109882354736328,1.527783271594629,1.4930913847492775,9.247893550650645,20.0,1.0
2.4050000000000002,1.0906381607055664,1.0906381607055664,0.8703289031982422,1.5292688236773284,1.478005449749844,9.380289805986841,20.0,1.0
2.406,1.0914011001586914,1.0914011001586914,0.7999992370605469,1.530739282494129,1.462904927433783,9.449669337081989,20.0,1.0
2.407,1.0921640396118164,1.0921640396118164,0.7560443878173828,1.5321946335321956,1.4477899668362397,9.492357457426442,20.0,1.0
2.408,1.092545509338379,1.092545509338379,0.624176025390625,1.5336348624278011,1.432660717136514,9.630271753534334,20.0,1.0
2.4090000000000003,1.093308448791504,1.093308448791504,0.6681327819824219,1.535059954966469,1.4175173276538544,9.584414669170734,20.0,1.0
2.41,1.0940723419189453,1.0940723419189453,0.6329669952392578,1.5364698970831092,1.4023599478473443,9.617344055891365,20.0,1.0
2.411,1.0944538116455078,1.0944538116455078,0.6505489349365234,1.5378646748621634,1.3871887273141965,9.604857056710784,20.0,1.0
2.412,1.0952167510986328,1.0952167510986328,0.7648353576660156,1.5392442745377373,1.3720038157883891,9.487718926904464,20.0,1.0
2.4130000000000003,1.0963611602783203,1.0963611602783203,0.9230766296386719,1.5406086824937404,1.356805363139074,9.318679177808804,20.0,1.0
2.414,1.0971240997314453,1.0971240997314453,0.9230766296386719,1.541957885264016,1.3415935193684163,9.315192600381156,20.0,1.0
2.415,1.0982685089111328,1.0982685089111328,0.9406585693359375,1.5432918695324769,1.3263684346111404,9.286177077702085,20.0,1.0
2.416,1.0990314483642578,1.0990314483642578,0.8351650238037109,1.5446106221332379,1.3111302591335061,9.387548710709396,20.0,1.0
2.4170000000000003,1.0997943878173828,1.0997943878173828,0.7824172973632812,1.545914130050744,1.2958791433288752,9.435856690632818,20.0,1.0
2.418,1.1005573272705078,1.1005573272705078,0.7208786010742188,1.547202380419896,1.2806152377205535,9.492637699634098,20.0,1.0
2.419,1.1013202667236328,1.1013202667236328,0.6329669952392578,1.5484753605261847,1.265338692957016,9.575473573768797,20.0,1.0
2.42,1.1017017364501953,1.1017017364501953,0.6505489349365234,1.5497330578058097,1.250049659811225,9.56012715198699,20.0,1.0
2.4210000000000003,1.1024646759033203,1.1024646759033203,0.6417579650878906,1.5509754598458072,1.23474828917972,9.563206002941566,20.0,1.0
2.422,1.1032276153564453,1.1032276153564453,0.6857147216796875,1.5522025543841693,1.2194347320813677,9.51321879095616,20.0,1.0
2.423,1.1039905548095703,1.1039905548095703,0.8263740539550781,1.5534143293099696,1.2041091396545198,9.366210575707427,20.0,1.0
2.424,1.1047534942626953,1.1047534942626953,0.8879127502441406,1.5546107726634781,1.1887716631564444,9.298004480927961,20.0,1.0
2.4250000000000003,1.1058979034423828,1.1058979034423828,0.9318675994873047,1.5557918726362827,1.1734224539620755,9.239434238352768,20.0,1.0
2.426,1.1066608428955078,1.1066608428955078,0.8967037200927734,1.5569576175714026,1.1580616635618526,9.267293436986975,20.0,1.0
2.427,1.1074237823486328,1.1074237823486328,0.7560443878173828,1.5581079959634063,1.1426894435604709,9.40032932803856,20.0,1.0
2.428,1.1081867218017578,1.1081867218017578,0.6681327819824219,1.5592429964585233,1.12730594567563,9.480298656828516,20.0,1.0
2.4290000000000003,1.1085681915283203,1.1085681915283203,0.6329669952392578,1.5603626078547577,1.1119113217362155,9.514832653025705,20.0,1.0
2.43,1.1093311309814453,1.1093311309814453,0.5274734497070312,1.561466819101996,1.096505723681048,9.611746036385032,20.0,1.0
2.431,1.1097126007080078,1.1097126007080078,0.5626373291015625,1.5625556193021195,1.081089303556837,9.575312346337508,20.0,1.0
2.432,1.1104755401611328,1.1104755401611328,0.5626373291015625,1.5636289977091096,1.0656622135177258,9.566094035375698,20.0,1.0
2.433,1.1108570098876953,1.1108570098876953,0.5538463592529297,1.5646869437291548,1.0502246058230185,9.57297692339928,20.0,1.0
2.434,1.1116199493408203,1.1116199493408203,0.6153850555419922,1.5657294469207557,1.034776632835019,9.501581528891734,20.0,1.0
2.435,1.1123828887939453,1.1123828887939453,0.7208786010742188,1.5667564969948253,1.0193184470198275,9.38591200996321,20.0,1.0
2.436,1.1131458282470703,1.1131458282470703,0.7736263275146484,1.5677680838147952,1.0038502009430204,9.322668984782869,20.0,1.0
2.437,1.1139087677001953,1.1139087677001953,0.7824172973632812,1.568764197396711,0.9883720472696496,9.303063343836683,20.0,1.0
2.438,1.1146717071533203,1.1146717071533203,0.7999992370605469,1.5697448279093347,0.9728841387634475,9.274347316823189,20.0,1.0
2.439,1.1154346466064453,1.1154346466064453,0.7208786010742188,1.5707099656742383,0.9573866282836434,9.342014408565284,20.0,1.0
2.44,1.1158161163330078,1.1158161163330078,0.6417579650878906,1.5716596011659019,0.9418796687842814,9.416991400354272,20.0,1.0
2.441,1.1165790557861328,1.1165790557861328,0.6329669952392578,1.5725937250118065,0.9263634133128562,9.413689802587072,20.0,1.0
2.442,1.1173419952392578,1.1173419952392578,0.5626373291015625,1.5735123279925276,0.910838015008494,9.471607340972326,20.0,1.0
2.443,1.1177234649658203,1.1177234649658203,0.5098896026611328,1.5744154010418239,0.8953036271007022,9.51925274595964,20.0,1.0
2.444,1.1181049346923828,1.1181049346923828,0.5362644195556641,1.5753029352467287,0.8797604029073227,9.487455994438577,20.0,1.0
2.445,1.1188678741455078,1.1188678741455078,0.5010986328125,1.5761749218476382,0.8642084958341911,9.509250817064299,20.0,1.0
2.446,1.1192493438720703,1.1192493438720703,0.5098896026611328,1.5770313522383972,0.8486480593719534,9.494398624037359,20.0,1.0
2.447,1.1196308135986328,1.1196308135986328,0.5538463592529297,1.5778722179663822,0.8330792470958386,9.444060975197896,20.0,1.0
2.448,1.1203937530517578,1.1203937530517578,0.6417579650878906,1.5786975107325887,0.8175022126642943,9.341819401193021,20.0,1.0
2.449,1.1211566925048828,1.1211566925048828,0.6857147216796875,1.5795072223917106,0.8019171098159177,9.283212985872787,20.0,1.0
2.45,1.1219196319580078,1.1219196319580078,0.6329669952392578,1.5803013449522205,0.786324092369,9.320991357013996,20.0,1.0
2.451,1.1226825714111328,1.1226825714111328,0.7384624481201172,1.5810798705764488,0.7707233142209589,9.200206849407163,20.0,1.0
2.452,1.1230640411376953,1.1230640411376953,0.6769237518310547,1.5818427915806623,0.7551149293450408,9.253766186373326,20.0,1.0
2.453,1.1238269805908203,1.1238269805908203,0.5890102386474609,1.5825901004351388,0.7394990917896394,9.32575125002855,20.0,1.0
2.454,1.1242084503173828,1.1242084503173828,0.5538463592529297,1.5833217897642418,0.7238759556765899,9.35229638536084,20.0,1.0
2.455,1.1249713897705078,1.1249713897705078,0.5098896026611328,1.5840378523464922,0.7082456752001463,9.379685324058702,20.0,1.0
2.456,1.1253528594970703,1.1253528594970703,0.5010986328125,1.584738281114642,0.6926084046248207,9.379218204163754,20.0,1.0
2.457,1.1257343292236328,1.1257343292236328,0.4307689666748047,1.5854230691557418,0.676964298284247,9.439970130251623,20.0,1.0
2.458,1.1261157989501953,1.1261157989501953,0.46593475341796875,1.5860922097112107,0.661313510579248,9.394906972381587,20.0,1.0
2.459,1.1264972686767578,1.1264972686767578,0.4483509063720703,1.5867456961769006,0.6456561959770397,9.402273839607826,20.0,1.0
2.46,1.1272602081298828,1.1272602081298828,0.4307689666748047,1.5873835221031645,0.6299925090087299,9.401689821799557,20.0,1.0
2.461,1.1276416778564453,1.1276416778564453,0.4395599365234375,1.588005681194918,0.6143226042687502,9.382042734514766,20.0,1.0
2.462,1.1280231475830078,1.1280231475830078,0.46593475341796875,1.588612167311702,0.5986466364124681,9.344492277568381,20.0,1.0
2.463,1.1284046173095703,1.1284046173095703,0.5274734497070312,1.5892029744677432,0.5829647601558463,9.271458453612272,20.0,1.0
2.464,1.1291675567626953,1.1291675567626953,0.5890102386474609,1.5897780968320134,0.5672771302722595,9.190477693011161,20.0,1.0
2.465,1.1295490264892578,1.1295490264892578,0.5626373291015625,1.5903375287282875,0.5515839015923802,9.204716617271412,20.0,1.0
2.466,1.1303119659423828,1.1303119659423828,0.5626373291015625,1.5908812646351984,0.5358852290021332,9.184633873756884,20.0,1.0
2.467,1.1310749053955078,1.1310749053955078,0.624176025390625,1.5914092991862918,0.520181267441103,9.102693117866158,20.0,1.0
2.468,1.1314563751220703,1.1314563751220703,0.5626373291015625,1.5919216271700805,0.5044721719008294,9.15113988375947,20.0,1.0
2.469,1.1318378448486328,1.1318378448486328,0.4835166931152344,1.5924182435300933,0.4887580974236698,9.216849377937645,20.0,1.0
2.47,1.1322193145751953,1.1322193145751953,0.45714378356933594,1.592899143364928,0.4730391991018905,9.229491991327208,20.0,1.0
2.471,1.1329822540283203,1.1329822540283203,0.4395599365234375,1.5933643219282971,0.45731563207402814,9.225397053550127,20.0,1.0
2.472,1.1333637237548828,1.1333637237548828,0.4395599365234375,1.5938137746290761,0.4415875515253447,9.211028632485775,20.0,1.0
2.473,1.1337451934814453,1.1337451934814453,0.4307689666748047,1.5942474970313478,0.4258551126858947,9.20513221700914,20.0,1.0
2.474,1.1341266632080078,1.1341266632080078,0.34285736083984375,1.594665484854448,0.4101184708284791,9.278037542917438,20.0,1.0
2.475,1.1345081329345703,1.1345081329345703,0.3868141174316406,1.5950677339730048,0.3943777812672806,9.21875568460433,20.0,1.0
2.476,1.1348896026611328,1.1348896026611328,0.3868141174316406,1.5954542404169825,0.37863319935649997,9.203111837041853,20.0,1.0
2.477,1.1352710723876953,1.1352710723876953,0.3868141174316406,1.5958250003717178,0.36288488048910494,9.187149322737914,20.0,1.0
2.478,1.1356525421142578,1.1356525421142578,0.3692302703857422,1.5961800101779604,0.34713298009432947,9.188452070982638,20.0,1.0
2.479,1.1360340118408203,1.1360340118408203,0.3868141174316406,1.5965192663319066,0.3313776536372188,9.154268626027303,20.0,1.0
2.48,1.1364154815673828,1.1364154815673828,0.40439605712890625,1.5968427654852346,0.31561905661612855,9.11976867784426,20.0,1.0
2.481,1.1367969512939453,1.1367969512939453,0.4395599365234375,1.5971505044451388,0.2998573445627244,9.067368471063158,20.0,1.0
2.482,1.1371784210205078,1.1371784210205078,0.46593475341796875,1.59744248017436,0.2840926730383444,9.02343910269742,20.0,1.0
2.483,1.1375598907470703,1.1375598907470703,0.45714378356933594,1.5977186897912157,0.26832519763399887,9.01435739494757,20.0,1.0
2.484,1.1379413604736328,1.1379413604736328,0.39560508728027344,1.597979130569628,0.2525550739682103,9.057705388607841,20.0,1.0
2.485,1.1387042999267578,1.1387042999267578,0.4395599365234375,1.598223799939152,0.2367824576857629,8.98761252141021,20.0,1.0
2.486,1.1390857696533203,1.1390857696533203,0.47472572326660156,1.5984526954849996,0.22100750445599715,8.93362029782298,20.0,1.0
2.487,1.1394672393798828,1.1394672393798828,0.45714378356933594,1.5986658149480641,0.2052303699716731,8.932058097765964,20.0,1.0
2.488,1.1398487091064453,1.1398487091064453,0.3692302703857422,1.598863156224943,0.18945120994635545,9.000509881930565,20.0,1.0
2.489,1.1402301788330078,1.1402301788330078,0.34285736083984375,1.5990447173679567,0.17367018011384516,9.00710358997298,20.0,1.0
2.49,1.1406116485595703,1.1406116485595703,0.3252754211425781,1.5992104965851706,0.1578874362269289,9.004588975596356,20.0,1.0
2.491,1.1406116485595703,1.1406116485595703,0.28131866455078125,1.5993604922404105,0.14210313405465058,9.035761343120674,20.0,1.0
2.492,1.1409931182861328,1.1409931182861328,0.27252769470214844,1.59949470285328,0.12631742938197021,9.023821426022765,20.0,1.0
2.493,1.1413745880126953,1.1413745880126953,0.27252769470214844,1.5996131270991745,0.1105304780072629,9.002773565034698,20.0,1.0
2.494,1.1417560577392578,1.1417560577392578,0.27252769470214844,1.5997157638092945,0.09474243574118191,8.981408862439768,20.0,1.0
2.495,1.1417560577392578,1.1417560577392578,0.2637367248535156,1.599802611970657,0.07895345840574919,8.976147818180216,20.0,1.0
2.496,1.1421375274658203,1.1421375274658203,0.23736190795898438,1.5998736707261059,0.06316370183151321,8.98052465907824,20.0,1.0
2.497,1.1421375274658203,1.1421375274658203,0.1934070587158203,1.59992893937432,0.047373321856866824,9.009794501311038,20.0,1.0
2.498,1.1425189971923828,1.1425189971923828,0.21977996826171875,1.5999684173698194,0.031582474326569354,8.960790909613582,20.0,1.0
2.499,1.1429004669189453,1.1429004669189453,0.21098899841308594,1.5999921043229732,0.01579131509038234,8.946635064757855,20.0,1.0
2.5,1.1429004669189453,1.1429004669189453,0.21098899841308594,1.6,0.0,8.93100166320801,20.0,1.0
2.501,1.1432819366455078,1.1432819366455078,0.20219802856445312,1.5999921043229732,-0.015791315090268654,8.916214009894587,20.0,1.0
2.5020000000000002,1.1432819366455078,1.1432819366455078,0.1846160888671875,1.5999684173698194,-0.03158247432679673,8.917531051292247,20.0,1.0
2.503,1.1436634063720703,1.1436634063720703,0.1846160888671875,1.59992893937432,-0.04737332185675314,8.893321249321051,20.0,1.0
2.504,1.1436634063720703,1.1436634063720703,0.1846160888671875,1.5998736707261059,-0.06316370183151321,8.87642549638201,20.0,1.0
2.505,1.1440448760986328,1.1440448760986328,0.1934070587158203,1.599802611970657,-0.0789534584056355,8.842794200319027,20.0,1.0
2.5060000000000002,1.1440448760986328,1.1440448760986328,0.20219802856445312,1.5997157638092945,-0.0947424357412956,8.816477289907485,20.0,1.0
2.507,1.1444263458251953,1.1444263458251953,0.20219802856445312,1.5996131270991745,-0.1105304780072629,8.791007118907867,20.0,1.0
2.508,1.1444263458251953,1.1444263458251953,0.20219802856445312,1.59949470285328,-0.12631742938197021,8.77285168261527,20.0,1.0
2.509,1.1448078155517578,1.1448078155517578,0.1846160888671875,1.5993604922404105,-0.1421031340545369,8.76433431085133,20.0,1.0
2.5100000000000002,1.1448078155517578,1.1448078155517578,0.1934070587158203,1.5992104965851706,-0.1578874362269289,8.736759125725506,20.0,1.0
2.511,1.1451892852783203,1.1451892852783203,0.1846160888671875,1.5990447173679567,-0.17367018011395885,8.718822372811582,20.0,1.0
2.512,1.1451892852783203,1.1451892852783203,0.1758251190185547,1.598863156224943,-0.18945120994635545,8.708201089967542,20.0,1.0
2.513,1.1455707550048828,1.1455707550048828,0.1758251190185547,1.5986658149480641,-0.2052303699715594,8.680845709873513,20.0,1.0
2.5140000000000002,1.1455707550048828,1.1455707550048828,0.1758251190185547,1.5984526954849996,-0.22100750445611084,8.660806186127669,20.0,1.0
2.515,1.1455707550048828,1.1455707550048828,0.14945030212402344,1.598223799939152,-0.2367824576857629,8.666828138875598,20.0,1.0
2.516,1.1459522247314453,1.1459522247314453,0.14065933227539062,1.597979130569628,-0.2525550739682103,8.647323710520054,20.0,1.0
2.517,1.1459522247314453,1.1459522247314453,0.1318683624267578,1.5977186897912157,-0.26832519763399887,8.63513574113465,20.0,1.0
2.5180000000000002,1.1459522247314453,1.1459522247314453,0.10549545288085938,1.59744248017436,-0.2840926730383444,8.64021698293909,20.0,1.0
2.519,1.1463336944580078,1.1463336944580078,0.09670257568359375,1.597150504445139,-0.2998573445627244,8.619776279496307,20.0,1.0
2.52,1.1463336944580078,1.1463336944580078,0.07912063598632812,1.5968427654852346,-0.31561905661624223,8.615441727941967,20.0,1.0
2.521,1.1463336944580078,1.1463336944580078,0.07912063598632812,1.5965192663319066,-0.33137765363710514,8.593213147854541,20.0,1.0
2.5220000000000002,1.1463336944580078,1.1463336944580078,0.08791160583496094,1.5961800101779602,-0.34713298009432947,8.561881728469757,20.0,1.0
2.523,1.1467151641845703,1.1467151641845703,0.11428642272949219,1.5958250003717178,-0.36288488048887757,8.50502542052458,20.0,1.0
2.524,1.1467151641845703,1.1467151641845703,0.09670257568359375,1.5954542404169825,-0.3786331993563863,8.499445749608263,20.0,1.0
2.525,1.1467151641845703,1.1467151641845703,0.10549545288085938,1.595067733973005,-0.39437778126716694,8.46717816162067,20.0,1.0
2.5260000000000002,1.1470966339111328,1.1470966339111328,0.123077392578125,1.594665484854448,-0.41011847082859276,8.418181155459585,20.0,1.0
2.527,1.1470966339111328,1.1470966339111328,0.09670257568359375,1.5942474970313478,-0.4258551126860084,8.420459574034698,20.0,1.0
2.528,1.1470966339111328,1.1470966339111328,0.10549545288085938,1.5938137746290761,-0.441587551525231,8.387259809952777,20.0,1.0
2.529,1.1470966339111328,1.1470966339111328,0.07032966613769531,1.5933643219282974,-0.45731563207402814,8.397708462131568,20.0,1.0
2.5300000000000002,1.1470966339111328,1.1470966339111328,0.0615386962890625,1.592899143364928,-0.4730391991020042,8.381472293684837,20.0,1.0
2.531,1.1470966339111328,1.1470966339111328,0.03516578674316406,1.5924182435300933,-0.4887580974238972,8.382508308212149,20.0,1.0
2.532,1.1474781036376953,1.1474781036376953,0.026372909545898438,1.5919216271700805,-0.5044721719007157,8.358025389201089,20.0,1.0
2.533,1.1474781036376953,1.1474781036376953,0.008790969848632812,1.591409299186292,-0.5201812674409894,8.349651673682313,20.0,1.0
2.5340000000000003,1.1474781036376953,1.1474781036376953,-0.017581939697265625,1.5908812646351984,-0.5358852290021332,8.349759930645195,20.0,1.0
2.535,1.1474781036376953,1.1474781036376953,-0.008790969848632812,1.5903375287282877,-0.5515839015924939,8.314395570067987,20.0,1.0
2.536,1.1470966339111328,1.1470966339111328,-0.026372909545898438,1.5897780968320134,-0.5672771302723731,8.312725037691138,20.0,1.0
2.537,1.1470966339111328,1.1470966339111328,-0.008790969848632812,1.5892029744677432,-0.5829647601557326,8.267953020825107,20.0,1.0
2.5380000000000003,1.1470966339111328,1.1470966339111328,-0.017581939697265625,1.5886121673117017,-0.5986466364125818,8.249245971296062,20.0,1.0
2.539,1.1470966339111328,1.1470966339111328,-0.017581939697265625,1.5880056811949181,-0.6143226042685228,8.22144028110445,20.0,1.0
2.54,1.1470966339111328,1.1470966339111328,-0.026372909545898438,1.5873835221031647,-0.6299925090088436,8.202118164377692,20.0,1.0
2.541,1.1470966339111328,1.1470966339111328,-0.03516578674316406,1.5867456961769006,-0.6456561959770397,8.182490836081481,20.0,1.0
2.5420000000000003,1.1470966339111328,1.1470966339111328,-0.017581939697265625,1.5860922097112105,-0.661313510579248,8.13617994511957,20.0,1.0
2.543,1.1470966339111328,1.1470966339111328,-0.03516578674316406,1.585423069155742,-0.6769642982843607,8.124730193350988,20.0,1.0
2.544,1.1470966339111328,1.1470966339111328,-0.03516578674316406,1.584738281114642,-0.6926084046248207,8.095390326188527,20.0,1.0
2.545,1.1470966339111328,1.1470966339111328,-0.05274772644042969,1.5840378523464924,-0.7082456752001463,8.083326419947475,20.0,1.0
2.5460000000000003,1.1470966339111328,1.1470966339111328,-0.05274772644042969,1.5833217897642415,-0.7238759556765899,8.053374887826013,20.0,1.0
2.547,1.1470966339111328,1.1470966339111328,-0.03516578674316406,1.582590100435139,-0.7394990917895257,8.005536025433763,20.0,1.0
2.548,1.1467151641845703,1.1467151641845703,-0.0615386962890625,1.5818427915806628,-0.7551149293450408,8.00897631486587,20.0,1.0
2.549,1.1467151641845703,1.1467151641845703,-0.0615386962890625,1.581079870576449,-0.7707233142210725,7.978109509905565,20.0,1.0
2.5500000000000003,1.1467151641845703,1.1467151641845703,-0.05274772644042969,1.5803013449522203,-0.7863240923691137,7.938147249424315,20.0,1.0
2.551,1.1467151641845703,1.1467151641845703,-0.07032966613769531,1.5795072223917108,-0.801917109815804,7.9242537204647014,20.0,1.0
2.552,1.1467151641845703,1.1467151641845703,-0.07032966613769531,1.578697510732589,-0.817502212664408,7.892474384433658,20.0,1.0
2.553,1.1467151641845703,1.1467151641845703,-0.07032966613769531,1.5778722179663822,-0.8330792470958386,7.860391494678094,20.0,1.0
2.5540000000000003,1.1463336944580078,1.1463336944580078,-0.0615386962890625,1.577031352238397,-0.8486480593718397,7.826843792525006,20.0,1.0
2.555,1.1463336944580078,1.1463336944580078,-0.09670257568359375,1.5761749218476384,-0.8642084958341911,7.829318627642014,20.0,1.0
2.556,1.1463336944580078,1.1463336944580078,-0.09670257568359375,1.5753029352467287,-0.8797604029074364,7.796326988550575,20.0,1.0
2.557,1.1463336944580078,1.1463336944580078,-0.10549545288085938,1.5744154010418239,-0.8953036271004748,7.771825957456706,20.0,1.0
2.5580000000000003,1.1459522247314453,1.1459522247314453,-0.123077392578125,1.5735123279925274,-0.9108380150086077,7.763441442791159,20.0,1.0
2.559,1.1459522247314453,1.1459522247314453,-0.1846160888671875,1.5725937250118065,-0.9263634133128562,7.791082681161555,20.0,1.0
2.56,1.1455707550048828,1.1455707550048828,-0.20219802856445312,1.5716596011659019,-0.9418796687842814,7.782095283000553,20.0,1.0
2.561,1.1455707550048828,1.1455707550048828,-0.21977996826171875,1.5707099656742383,-0.9573866282836434,7.765177553365184,20.0,1.0
2.562,1.1451892852783203,1.1451892852783203,-0.22857093811035156,1.5697448279093347,-0.9728841387633338,7.746797651967306,20.0,1.0
2.563,1.1451892852783203,1.1451892852783203,-0.24615478515625,1.5687641973967112,-0.9883720472696496,7.729280980254419,20.0,1.0
2.564,1.1448078155517578,1.1448078155517578,-0.21977996826171875,1.5677680838147952,-1.0038502009430204,7.675135132579445,20.0,1.0
2.565,1.1444263458251953,1.1444263458251953,-0.21098899841308594,1.5667564969948256,-1.0193184470198275,7.638273574785863,20.0,1.0
2.566,1.1444263458251953,1.1444263458251953,-0.22857093811035156,1.5657294469207557,-1.0347766328352463,7.619856327186312,20.0,1.0
2.567,1.1440448760986328,1.1440448760986328,-0.21977996826171875,1.5646869437291546,-1.0502246058230185,7.582396715049136,20.0,1.0
2.568,1.1440448760986328,1.1440448760986328,-0.21098899841308594,1.5636289977091096,-1.0656622135177258,7.537009217104895,20.0,1.0
2.569,1.1436634063720703,1.1436634063720703,-0.20219802856445312,1.5625556193021193,-1.0810893035566096,7.498952983608824,20.0,1.0
2.57,1.1436634063720703,1.1436634063720703,-0.1934070587158203,1.5614668191019965,-1.0965057236808207,7.452969589633522,20.0,1.0
2.571,1.1432819366455078,1.1432819366455078,-0.21977996826171875,1.5603626078547574,-1.1119113217363292,7.449482070710381,20.0,1.0
2.572,1.1429004669189453,1.1429004669189453,-0.23736190795898438,1.5592429964585237,-1.12730594567563,7.436906553074923,20.0,1.0
2.573,1.1429004669189453,1.1429004669189453,-0.23736190795898438,1.5581079959634065,-1.1426894435605846,7.3988230452876245,20.0,1.0
2.574,1.1425189971923828,1.1425189971923828,-0.24615478515625,1.5569576175714028,-1.1580616635619663,7.376865529174683,20.0,1.0
2.575,1.1425189971923828,1.1425189971923828,-0.22857093811035156,1.5557918726362823,-1.1734224539619618,7.32060599302638,20.0,1.0
2.576,1.1421375274658203,1.1421375274658203,-0.21098899841308594,1.5546107726634788,-1.188771663156217,7.271682239210039,20.0,1.0
2.577,1.1417560577392578,1.1417560577392578,-0.21977996826171875,1.5534143293099703,-1.2041091396545198,7.248836260021449,20.0,1.0
2.578,1.1417560577392578,1.1417560577392578,-0.2637367248535156,1.55220255438417,-1.2194347320814813,7.253231925670278,20.0,1.0
2.579,1.1413745880126953,1.1413745880126953,-0.2549457550048828,1.550975459845807,-1.234748289180061,7.212214902487055,20.0,1.0
2.58,1.1409931182861328,1.1409931182861328,-0.27252769470214844,1.5497330578058097,-1.250049659811225,7.197276825284462,20.0,1.0
2.581,1.1409931182861328,1.1409931182861328,-0.2989006042480469,1.5484753605261847,-1.2653386929569024,7.183206756092183,20.0,1.0
2.582,1.1406116485595703,1.1406116485595703,-0.2989006042480469,1.5472023804198962,-1.2806152377202125,7.150100003734352,20.0,1.0
2.583,1.1402301788330078,1.1402301788330078,-0.34285736083984375,1.545914130050744,-1.2958791433287615,7.160657241865806,20.0,1.0
2.584,1.1398487091064453,1.1398487091064453,-0.35164833068847656,1.5446106221332387,-1.3111302591335061,7.135756332090839,20.0,1.0
2.585,1.1394672393798828,1.1394672393798828,-0.378021240234375,1.5432918695324773,-1.3263684346114815,7.128145408674783,20.0,1.0
2.586,1.1390857696533203,1.1390857696533203,-0.41318702697753906,1.5419578852640161,-1.3415935193684163,7.129035819823038,20.0,1.0
2.587,1.1387042999267578,1.1387042999267578,-0.4483509063720703,1.5406086824937402,-1.3568053631391876,7.129633194572531,20.0,1.0
2.588,1.1383228302001953,1.1383228302001953,-0.4219779968261719,1.5392442745377375,-1.3720038157886165,7.068403067788399,20.0,1.0
2.589,1.1379413604736328,1.1379413604736328,-0.378021240234375,1.5378646748621632,-1.3871887273144239,6.989298800690558,20.0,1.0
2.59,1.1371784210205078,1.1371784210205078,-0.4483509063720703,1.536469897083109,-1.4023599478470032,7.031820479777091,20.0,1.0
2.591,1.1367969512939453,1.1367969512939453,-0.46593475341796875,1.5350599549664687,-1.4175173276533997,7.013677499215038,20.0,1.0
2.592,1.1364154815673828,1.1364154815673828,-0.4395599365234375,1.5336348624278018,-1.432660717136514,6.951286836595303,20.0,1.0
2.593,1.1360340118408203,1.1360340118408203,-0.39560508728027344,1.532194633532196,-1.447789966836467,6.871027554271322,20.0,1.0
2.594,1.1356525421142578,1.1356525421142578,-0.378021240234375,1.5307392824941293,-1.4629049274338968,6.816851120397907,20.0,1.0
2.595,1.1352710723876953,1.1352710723876953,-0.3692302703857422,1.529268823677328,-1.478005449750185,6.77117984642821,20.0,1.0
2.596,1.1348896026611328,1.1348896026611328,-0.3692302703857422,1.5277832715946287,-1.4930913847492775,6.734012264306382,20.0,1.0
2.597,1.1345081329345703,1.1345081329345703,-0.40439605712890625,1.5262826409078296,-1.5081625835395016,6.731723633054591,20.0,1.0
2.598,1.1341266632080078,1.1341266632080078,-0.41318702697753906,1.5247669464275502,-1.5232188973732264,6.70277379399516,20.0,1.0
2.599,1.1337451934814453,1.1337451934814453,-0.3692302703857422,1.5232362031130826,-1.5382601776519778,6.62079028536651,20.0,1.0
2.6,1.1333637237548828,1.1333637237548828,-0.41318702697753906,1.521690426072246,-1.5532862759239379,6.626434797400863,20.0,1.0
2.601,1.1329822540283203,1.1329822540283203,-0.45714378356933594,1.520129630561235,-1.5682970438872417,6.631794270340389,20.0,1.0
2.602,1.1326007843017578,1.1326007843017578,-0.47472572326660156,1.5185538319844718,-1.5832923333919098,6.610494343528972,20.0,1.0
2.603,1.1318378448486328,1.1318378448486328,-0.5010986328125,1.5169630458944507,-1.5982719964405305,6.605330657288328,20.0,1.0
2.604,1.1314563751220703,1.1314563751220703,-0.5626373291015625,1.5153572879915904,-1.6132358851892832,6.627419701302681,20.0,1.0
2.605,1.1306934356689453,1.1306934356689453,-0.6065940856933594,1.5137365741240725,-1.6281838519510075,6.639273002844895,20.0,1.0
2.606,1.1299304962158203,1.1299304962158203,-0.6593399047851562,1.5121009202876887,-1.6431157491962267,6.659632637026298,20.0,1.0
2.607,1.1295490264892578,1.1295490264892578,-0.5802192687988281,1.5104503426256795,-1.6580314295524659,6.540214161974795,20.0,1.0
2.608,1.1287860870361328,1.1287860870361328,-0.6417579650878906,1.5087848574285834,-1.6729307458073208,6.568802627129581,20.0,1.0
2.609,1.1284046173095703,1.1284046173095703,-0.5890102386474609,1.5071044811340653,-1.6878135509113008,6.475193964226059,20.0,1.0
2.61,1.1276416778564453,1.1276416778564453,-0.5362644195556641,1.5054092303267612,-1.702679697976805,6.388935770985177,20.0,1.0
2.611,1.1272602081298828,1.1272602081298828,-0.47472572326660156,1.503699121738111,-1.717529040280965,6.285974955150201,20.0,1.0
2.612,1.1268787384033203,1.1268787384033203,-0.4483509063720703,1.5019741722461992,-1.7323614312668951,6.217898151962753,20.0,1.0
2.613,1.1264972686767578,1.1264972686767578,-0.4835166931152344,1.5002343988755777,-1.7471767245455112,6.211082572546122,20.0,1.0
2.614,1.1257343292236328,1.1257343292236328,-0.5098896026611328,1.4984798187971087,-1.761974773894849,6.202824620235801,20.0,1.0
2.615,1.1253528594970703,1.1253528594970703,-0.46593475341796875,1.4967104493277876,-1.7767554332646114,6.116331116767704,20.0,1.0
2.616,1.1249713897705078,1.1249713897705078,-0.5450553894042969,1.4949263079305792,-1.7915185567750314,6.152635195830694,20.0,1.0
2.617,1.1242084503173828,1.1242084503173828,-0.5978031158447266,1.493127412214238,-1.806263998720965,6.169918355060864,20.0,1.0
2.618,1.1234455108642578,1.1234455108642578,-0.6329669952392578,1.4913137799331377,-1.8209916135699586,6.169340763046898,20.0,1.0
2.619,1.1226825714111328,1.1226825714111328,-0.7384624481201172,1.4894854289870976,-1.8357012559672512,6.238818343672161,20.0,1.0
2.62,1.1219196319580078,1.1219196319580078,-0.8351650238037109,1.4876423774212029,-1.8503927807348646,6.299227152332747,20.0,1.0
2.621,1.1211566925048828,1.1211566925048828,-0.7824172973632812,1.4857846434256283,-1.8650660428722858,6.209910272905906,20.0,1.0
2.622,1.1203937530517578,1.1203937530517578,-0.8087921142578125,1.4839122453354587,-1.87972089756056,6.199441062371271,20.0,1.0
2.623,1.1196308135986328,1.1196308135986328,-0.7296695709228516,1.4820252016305064,-1.8943572001627444,6.08320013139758,20.0,1.0
2.624,1.1192493438720703,1.1192493438720703,-0.6329669952392578,1.4801235309351328,-1.9089748062240233,5.941475930276485,20.0,1.0
2.625,1.1184864044189453,1.1184864044189453,-0.5978031158447266,1.478207252018059,-1.9235735714745488,5.86864649635245,20.0,1.0
2.626,1.1177234649658203,1.1177234649658203,-0.6065940856933594,1.476276383792184,-1.9381533518302376,5.839499110390395,20.0,1.0
2.6270000000000002,1.1173419952392578,1.1173419952392578,-0.624176025390625,1.4743309453143978,-1.9527140033953856,5.811241023498039,20.0,1.0
2.628,1.1165790557861328,1.1165790557861328,-0.6417579650878906,1.4723709557853928,-1.967255382461758,5.790340582611332,20.0,1.0
2.629,1.1158161163330078,1.1158161163330078,-0.7384624481201172,1.4703964345494747,-1.981777345511432,5.848291466938022,20.0,1.0
2.63,1.1150531768798828,1.1150531768798828,-0.7912082672119141,1.4684074010943704,-1.9962797492188429,5.862013002282823,20.0,1.0
2.6310000000000002,1.1142902374267578,1.1142902374267578,-0.8967037200927734,1.4664038750510364,-2.010762450451125,5.928214022127221,20.0,1.0
2.632,1.1131458282470703,1.1131458282470703,-0.9846153259277344,1.4643858761934678,-2.0252253062694763,5.984190978586208,20.0,1.0
2.633,1.1123828887939453,1.1123828887939453,-0.8703289031982422,1.462353424438498,-2.0396681739318865,5.830071442157408,20.0,1.0
2.634,1.1116199493408203,1.1116199493408203,-0.8351650238037109,1.4603065398456045,-2.054090910892455,5.75480592300694,20.0,1.0
2.6350000000000002,1.1108570098876953,1.1108570098876953,-0.6945056915283203,1.4582452426167125,-2.068493374805371,5.573776971303293,20.0,1.0
2.636,1.1100940704345703,1.1100940704345703,-0.6329669952392578,1.4561695530959933,-2.0828754235242286,5.471601224943488,20.0,1.0
2.637,1.1097126007080078,1.1097126007080078,-0.6505489349365234,1.4540794917696644,-2.0972369151030534,5.440649841066603,20.0,1.0
2.638,1.1089496612548828,1.1089496612548828,-0.6329669952392578,1.4519750792657877,-2.1115777078002793,5.381897647657077,20.0,1.0
2.6390000000000002,1.1081867218017578,1.1081867218017578,-0.6945056915283203,1.4498563363540633,-2.1258976600782944,5.402000322496136,20.0,1.0
2.64,1.1074237823486328,1.1074237823486328,-0.7824172973632812,1.4477232839456309,-2.140196630604123,5.4482106986991194,20.0,1.0
2.641,1.1066608428955078,1.1066608428955078,-0.8879127502441406,1.4455759430928554,-2.1544744782529506,5.511740275938142,20.0,1.0
2.642,1.1055164337158203,1.1055164337158203,-1.0725269317626953,1.4434143349891255,-2.168731062108918,5.661753895119881,20.0,1.0
2.6430000000000002,1.1043720245361328,1.1043720245361328,-1.0637359619140625,1.441238480968637,-2.1829662414656923,5.618098849098453,20.0,1.0
2.644,1.1032276153564453,1.1032276153564453,-1.0197811126708984,1.4390484025061938,-2.197179875826123,5.5390169798397455,20.0,1.0
2.645,1.1024646759033203,1.1024646759033203,-0.8263740539550781,1.4368441212169853,-2.2113718249082694,5.302591135320109,20.0,1.0
2.646,1.1017017364501953,1.1017017364501953,-0.74725341796875,1.434625658856378,-2.2255419486434675,5.180189917448935,20.0,1.0
2.6470000000000002,1.1009387969970703,1.1009387969970703,-0.7912082672119141,1.4323930373196978,-2.239690107178035,5.180602966486429,20.0,1.0
2.648,1.1001758575439453,1.1001758575439453,-0.7648353576660156,1.4301462786420214,-2.2538161608744076,5.110427618753129,20.0,1.0
2.649,1.0994129180908203,1.0994129180908203,-0.9406585693359375,1.4278854049979495,-2.2679199703160293,5.242188337162491,20.0,1.0
2.65,1.0982685089111328,1.0982685089111328,-1.0197811126708984,1.4256104387013897,-2.2820013963040537,5.2846183121719825,20.0,1.0
2.6510000000000002,1.0971240997314453,1.0971240997314453,-1.1780223846435547,1.4233214022053406,-2.2960602998590502,5.405908134262411,20.0,1.0
2.652,1.0959796905517578,1.0959796905517578,-1.1692314147949219,1.4210183181016713,-2.31009654222521,5.359907423567982,20.0,1.0
2.653,1.0948352813720703,1.0948352813720703,-1.0637359619140625,1.4187012091208906,-2.3241099848715976,5.2169445320188705,20.0,1.0
2.654,1.0940723419189453,1.0940723419189453,-0.8615379333496094,1.4163700981319287,-2.338100489489989,4.9693925681192885,20.0,1.0
2.6550000000000002,1.093308448791504,1.093308448791504,-0.8175830841064453,1.41402500814191,-2.3520679180012394,4.879846353113326,20.0,1.0
2.656,1.092545509338379,1.092545509338379,-0.8527469635009766,1.4116659622959258,-2.3660121325519867,4.869143890099927,20.0,1.0
2.657,1.0914011001586914,1.0914011001586914,-0.9054946899414062,1.4092929838768065,-2.37993299551772,4.883399368785987,20.0,1.0
2.658,1.0906381607055664,1.0906381607055664,-1.0725269317626953,1.406906096304891,-2.3938303695058494,5.004055274243337,20.0,1.0
2.6590000000000003,1.0891122817993164,1.0891122817993164,-1.24835205078125,1.4045053231377942,-2.407704117354342,5.148508760196464,20.0,1.0
2.66,1.087967872619629,1.087967872619629,-1.3538455963134766,1.4020906880701816,-2.421554102135019,5.2147478031895105,20.0,1.0
2.661,1.0868234634399414,1.0868234634399414,-1.2571430206298828,1.3996622149335245,-2.4353801871549194,5.078537863346625,20.0,1.0
2.662,1.085679054260254,1.085679054260254,-0.9934062957763672,1.3972199276958723,-2.4491822359547086,4.775041528534027,20.0,1.0
2.6630000000000003,1.0845346450805664,1.0845346450805664,-0.9758243560791016,1.3947638504616144,-2.4629601123151588,4.7174483513849035,20.0,1.0
2.664,1.0837717056274414,1.0837717056274414,-0.9670333862304688,1.3922940074712415,-2.4767136802541927,4.660765742852279,20.0,1.0
2.665,1.082627296447754,1.082627296447754,-1.1428565979003906,1.3898104231011066,-2.4904428040285893,4.796076326938855,20.0,1.0
2.666,1.081101417541504,1.081101417541504,-1.2219772338867188,1.387313121863185,-2.50414734813819,4.842063972182149,20.0,1.0
2.6670000000000003,1.0799570083618164,1.0799570083618164,-1.3890113830566406,1.3848021284048297,-2.5178271773240795,4.968086606592828,20.0,1.0
2.668,1.078812599182129,1.078812599182129,-1.2307701110839844,1.382277467508536,-2.5314821565721104,4.7685853210400175,20.0,1.0
2.669,1.0776681900024414,1.0776681900024414,-1.0725269317626953,1.379739164091686,-2.5451121511134716,4.568834262434117,20.0,1.0
2.67,1.076523780822754,1.076523780822754,-1.002197265625,1.3771872432063097,-2.558717026424688,4.456749486871428,20.0,1.0
2.6710000000000003,1.0753793716430664,1.0753793716430664,-1.0549449920654297,1.374621730038836,-2.5722966482327365,4.4674955117480835,20.0,1.0
2.672,1.074234962463379,1.074234962463379,-1.2043952941894531,1.3720426499098437,-2.5858508825117497,4.574698160606999,20.0,1.0
2.673,1.0730905532836914,1.0730905532836914,-1.3186817169189453,1.3694500282738131,-2.5993795954857433,4.646491621235636,20.0,1.0
2.674,1.0715646743774414,1.0715646743774414,-1.459341049194336,1.366843890718873,-2.6128826536328233,4.752042722390143,20.0,1.0
2.6750000000000003,1.0700387954711914,1.0700387954711914,-1.3538455963134766,1.3642242629665469,-2.626359923683026,4.61119502253756,20.0,1.0
2.676,1.068894386291504,1.068894386291504,-1.125274658203125,1.3615911708715063,-2.639811272620591,4.339399077182581,20.0,1.0
2.677,1.068131446838379,1.068131446838379,-1.1692314147949219,1.3589446404213061,-2.6532365676862355,4.332258718767231,20.0,1.0
2.678,1.066605567932129,1.066605567932129,-1.24835205078125,1.3562846977361342,-2.6666356763789736,4.375298970482383,20.0,1.0
2.6790000000000003,1.0654611587524414,1.0654611587524414,-1.4241752624511719,1.3536113690685474,-2.680008466454865,4.507171002318427,20.0,1.0
2.68,1.063553810119629,1.063553810119629,-1.5472526550292969,1.3509246808032243,-2.693354805928152,4.601315262773052,20.0,1.0
2.681,1.0624094009399414,1.0624094009399414,-1.4329662322998047,1.3482246594566918,-2.7066745630770583,4.442596839557754,20.0,1.0
2.682,1.0608835220336914,1.0608835220336914,-1.2043952941894531,1.3455113316770708,-2.719967606440605,4.1769838806164366,20.0,1.0
2.6830000000000003,1.059739112854004,1.059739112854004,-1.1428565979003906,1.3427847242438098,-2.733233804822248,4.07053502087426,20.0,1.0
2.684,1.0585947036743164,1.0585947036743164,-1.2307701110839844,1.3400448640674258,-2.7464730272884026,4.113300291657771,20.0,1.0
2.685,1.057450294494629,1.057450294494629,-1.459341049194336,1.3372917781892335,-2.759685143175716,4.296485579910712,20.0,1.0
2.686,1.0555429458618164,1.0555429458618164,-1.6175823211669922,1.3345254937810749,-2.77287002208584,4.424363257466322,20.0,1.0
2.6870000000000003,1.0540170669555664,1.0540170669555664,-1.5560436248779297,1.3317460381450612,-2.786027533887136,4.32459551478069,20.0,1.0
2.688,1.0524911880493164,1.0524911880493164,-1.3274726867675781,1.3289534387133002,-2.7991575487213822,4.0575601513258714,20.0,1.0
2.689,1.051346778869629,1.051346778869629,-1.2659339904785156,1.326147723047619,-2.8122599370008174,3.9496929370375016,20.0,1.0
2.69,1.049820899963379,1.049820899963379,-1.3978023529052734,1.3233289188392992,-2.8253345694099607,4.042628161013718,20.0,1.0
2.691,1.048295021057129,1.048295021057129,-1.626373291015625,1.3204970539087997,-2.8383813169069754,4.232032631142065,20.0,1.0
2.692,1.046769142150879,1.046769142150879,-1.7670326232910156,1.3176521562054846,-2.8514000507269657,4.333292853656164,20.0,1.0
2.693,1.045243263244629,1.045243263244629,-1.5296707153320312,1.3147942538073452,-2.864390642380272,4.0562998842060844,20.0,1.0
2.694,1.0440988540649414,1.0440988540649414,-1.2395610809326172,1.3119233749207246,-2.877352963653607,3.718698534394675,20.0,1.0
2.695,1.0425729751586914,1.0425729751586914,-1.2835159301757812,1.3090395478800385,-2.8902868866149447,3.7225604979877787,20.0,1.0
2.696,1.0410470962524414,1.0410470962524414,-1.4769229888916016,1.306142801147494,-2.903192283611588,3.875644803181066,20.0,1.0
2.697,1.0395212173461914,1.0395212173461914,-1.7582416534423828,1.303233163312815,-2.916069027272215,4.116411545502638,20.0,1.0
2.698,1.037613868713379,1.037613868713379,-1.8109893798828125,1.3003106630929504,-2.92891699050881,4.136008276965432,20.0,1.0
2.699,1.036087989807129,1.036087989807129,-1.459341049194336,1.2973753293317978,-2.9417360465166666,3.7433517931710467,20.0,1.0
2.7,1.034562110900879,1.034562110900879,-1.3538455963134766,1.2944271909999163,-2.954526068778023,3.596621129516202,20.0,1.0
2.701,1.0334177017211914,1.0334177017211914,-1.4857139587402344,1.291466277194241,-2.9672869310605847,3.6793985371406395,20.0,1.0
2.702,1.031510353088379,1.031510353088379,-1.7582416534423828,1.2884926171377957,-2.980018507418208,3.917868427012511,20.0,1.0
2.703,1.02960205078125,1.02960205078125,-1.8549442291259766,1.285506240179405,-2.9927206721964694,3.9803073448926085,20.0,1.0
2.704,1.028076171875,1.028076171875,-1.5648345947265625,1.282507175793402,-3.0053933000299367,3.648061373064664,20.0,1.0
2.705,1.02655029296875,1.02655029296875,-1.3186817169189453,1.2794954535793446,-3.0180362658445574,3.3595486632862794,20.0,1.0
2.706,1.0254058837890625,1.0254058837890625,-1.459341049194336,1.2764711032617135,-3.0306494448598187,3.449995993787538,20.0,1.0
2.707,1.02349853515625,1.02349853515625,-1.8021984100341797,1.2734341546896255,-3.0432327125880647,3.757678088113625,20.0,1.0
2.708,1.0215911865234375,1.0215911865234375,-2.0307693481445312,1.2703846378365367,-3.05578594483859,3.9508524295679246,20.0,1.0
2.709,1.019683837890625,1.019683837890625,-1.7318687438964844,1.2673225827999477,-3.0683090177161603,3.616334624366778,20.0,1.0
2.71,1.018157958984375,1.018157958984375,-1.459341049194336,1.264248019801105,-3.0808018076216968,3.3003404579072395,20.0,1.0
2.711,1.016632080078125,1.016632080078125,-1.6439552307128906,1.261160979184705,-3.09326419125739,3.4412690215870994,20.0,1.0
2.712,1.0147247314453125,1.0147247314453125,-1.960439682006836,1.2580614914185895,-3.105696045624427,3.7214788358479485,20.0,1.0
2.713,1.0124359130859375,1.0124359130859375,-2.0747251510620117,1.2549495870934555,-3.1180972480239006,3.806901383188471,20.0,1.0
2.714,1.0109100341796875,1.0109100341796875,-1.5912094116210938,1.2518252969225423,-3.1304676760635175,3.279046990414672,20.0,1.0
2.715,1.0093841552734375,1.0093841552734375,-1.4945049285888672,1.2486886517413291,-3.1428072076520266,3.1377876502946735,20.0,1.0
2.716,1.0078582763671875,1.0078582763671875,-1.7318687438964844,1.2455396825072373,-3.155115721001266,3.330381145696215,20.0,1.0
2.717,1.0055694580078125,1.0055694580078125,-2.1890106201171875,1.242378420299326,-3.167393094631848,3.7577967713156095,20.0,1.0
2.718,1.003662109375,1.003662109375,-2.0219783782958984,1.2392048963179745,-3.1796392073714514,3.5531949097839366,20.0,1.0
2.719,1.00213623046875,1.00213623046875,-1.5736255645751953,1.2360191418845838,-3.191853938355962,3.05942985453591,20.0,1.0
2.72,1.0002288818359375,1.0002288818359375,-1.7054939270019531,1.2328211884412619,-3.20403716702981,3.1533028920786306,20.0,1.0
2.721,0.9979400634765625,0.9979400634765625,-2.1274728775024414,1.2296110675505236,-3.2161887731507477,3.5447041858309163,20.0,1.0
2.722,0.99603271484375,0.99603271484375,-2.259340286254883,1.226388810894961,-3.2283086367881424,3.63815357049096,20.0,1.0
2.723,0.9941253662109375,0.9941253662109375,-1.6703300476074219,1.223154450276948,-3.240396638321954,3.0105150906056783,20.0,1.0
2.724,0.9925994873046875,0.9925994873046875,-1.582418441772461,1.2199080176183164,-3.2524526584489877,2.8761363895960503,20.0,1.0
2.725,0.990692138671875,0.990692138671875,-1.8989009857177734,1.2166495449600494,-3.264476578180961,3.1535725333003004,20.0,1.0
2.726,0.9884033203125,0.9884033203125,-2.3999996185302734,1.213379064461955,-3.2764682788473465,3.623046222672029,20.0,1.0
2.727,0.986114501953125,0.986114501953125,-2.048351287841797,1.2100966084023554,-3.2884276420937795,3.2395657747326263,20.0,1.0
2.728,0.984588623046875,0.984588623046875,-1.6879119873046875,1.2068022091777666,-3.3003545498878566,2.831829160034663,20.0,1.0
2.729,0.9826812744140625,0.9826812744140625,-1.9252738952636719,1.203495899302579,-3.3122488845154976,3.0293175085185053,20.0,1.0
2.73,0.9803924560546875,0.9803924560546875,-2.4175825119018555,1.2001777114087364,-3.324110528583333,3.489177090399501,20.0,1.0
2.731,0.9781036376953125,0.9781036376953125,-2.0747251510620117,1.1968476782454132,-3.335939365022341,3.113666597041684,20.0,1.0
2.732,0.9765777587890625,0.9765777587890625,-1.661539077758789,1.193505832678691,-3.347735277086258,2.6523652784650995,20.0,1.0
2.733,0.97467041015625,0.97467041015625,-1.8549442291259766,1.1901522076912399,-3.359498148354419,2.805082031471355,20.0,1.0
2.734,0.9720001220703125,0.9720001220703125,-2.461538314819336,1.1867868363819827,-3.3712278627323258,3.3860447383204137,20.0,1.0
2.735,0.9697113037109375,0.9697113037109375,-2.268132209777832,1.1834097519657758,-3.382924304451649,3.1591768704229493,20.0,1.0
2.736,0.9681844711303711,0.9681844711303711,-1.7670326232910156,1.1800209877730785,-3.3945873580745456,2.6091755980706184,20.0,1.0
2.737,0.9662771224975586,0.9662771224975586,-2.0043954849243164,1.1766205772496259,-3.406216908491274,2.805047671474388,20.0,1.0
2.738,0.9636068344116211,0.9636068344116211,-2.540658950805664,1.1732085539560968,-3.4178128409216697,3.3148805007735085,20.0,1.0
2.739,0.9613180160522461,0.9613180160522461,-2.1890106201171875,1.1697849515677834,-3.42937504091924,2.9289742895086937,20.0,1.0
2.74,0.9594106674194336,0.9594106674194336,-1.7758235931396484,1.1663498038742577,-3.4409033943694567,2.4737029278666736,20.0,1.0
2.741,0.9575033187866211,0.9575033187866211,-2.013186454772949,1.1629031447790439,-3.452397787492032,2.668785187129373,20.0,1.0
2.742,0.9548330307006836,0.9548330307006836,-2.6197805404663086,1.1594450082992744,-3.4638581068425083,3.248161985595617,20.0,1.0
2.743,0.9529256820678711,0.9529256820678711,-2.241758346557617,1.1559754285653596,-3.475284239311236,2.8274690371961517,20.0,1.0
2.744,0.9510183334350586,0.9510183334350586,-1.8989009857177734,1.1524944398206511,-3.4866760721282617,2.4417470413013627,20.0,1.0
2.745,0.9483480453491211,0.9483480453491211,-2.3208789825439453,1.1490020764211024,-3.4980334928607135,2.835926111122858,20.0,1.0
2.746,0.9456777572631836,0.9456777572631836,-2.75164794921875,1.1454983728349304,-3.5093563894141653,3.2387038712395206,20.0,1.0
2.747,0.9437704086303711,0.9437704086303711,-1.9780216217041016,1.141983363642275,-3.5206446500370703,2.421636071905108,20.0,1.0
2.748,0.9418630599975586,0.9418630599975586,-1.916482925415039,1.1384570835348555,-3.531898163318374,2.316465232842604,20.0,1.0
2.749,0.9391927719116211,0.9391927719116211,-2.5054941177368164,1.1349195673156374,-3.5431168181894463,2.8769132076276955,20.0,1.0
2.75,0.9365224838256836,0.9365224838256836,-2.7076921463012695,1.1313708498984774,-3.5543005039290847,3.05035896382806,20.0,1.0
2.751,0.9346151351928711,0.9346151351928711,-2.0307693481445312,1.12781096630778,-3.5654491101589656,2.3292368602837437,20.0,1.0
2.7520000000000002,0.9323263168334961,0.9323263168334961,-2.1802196502685547,1.1242399516781585,-3.5765625268446684,2.4419298203171342,20.0,1.0
2.753,0.9296560287475586,0.9296560287475586,-2.874725341796875,1.1206578412540902,-3.5876406443013593,3.1071209476261474,20.0,1.0
2.754,0.9273672103881836,0.9273672103881836,-2.268132209777832,1.1170646703895566,-3.598683353193792,2.4633980566115,20.0,1.0
2.755,0.9254598617553711,0.9254598617553711,-1.9428577423095703,1.1134604745477035,-3.609690544534601,2.093179453621617,20.0,1.0
2.7560000000000002,0.9227895736694336,0.9227895736694336,-2.646153450012207,1.1098452893004866,-3.620662109685668,2.7666056529476,20.0,1.0
2.757,0.9197378158569336,0.9197378158569336,-2.9098901748657227,1.1062191503283312,-3.6315979403643723,3.007918923929302,20.0,1.0
2.758,0.9178304672241211,0.9178304672241211,-2.1098899841308594,1.1025820934197588,-3.6424979286385906,2.1624245794050223,20.0,1.0
2.759,0.9155416488647461,0.9155416488647461,-2.3384618759155273,1.0989341544710547,-3.6533619669281734,2.352950021113526,20.0,1.0
2.7600000000000002,0.9124898910522461,0.9124898910522461,-3.006593704223633,1.0952753694859014,-3.6641899480099482,2.9981133248867913,20.0,1.0
2.761,0.9102010726928711,0.9102010726928711,-2.241758346557617,1.091605774575034,-3.6749817650157866,2.1948706191850897,20.0,1.0
2.762,0.9079122543334961,0.9079122543334961,-2.1802196502685547,1.0879254059558707,-3.685737311435446,2.0947453712806015,20.0,1.0
2.763,0.9048595428466797,0.9048595428466797,-2.9362640380859375,1.084234299952164,-3.696456481115206,2.827302699080416,20.0,1.0
2.7640000000000002,0.9021892547607422,0.9021892547607422,-2.646153450012207,1.0805324929936395,-3.707139168262529,2.5058790464076246,20.0,1.0
2.765,0.9002819061279297,0.9002819061279297,-2.25054931640625,1.076820021615638,-3.71778526744356,2.0635263587168575,20.0,1.0
2.766,0.8972301483154297,0.8972301483154297,-2.8395605087280273,1.0730969224587532,-3.7283946735844893,2.6285013180100085,20.0,1.0
2.767,0.8945598602294922,0.8945598602294922,-2.7076921463012695,1.06936323226847,-3.7389672819751922,2.464792305105635,20.0,1.0
2.7680000000000002,0.8922710418701172,0.8922710418701172,-2.1890106201171875,1.065618987894802,-3.7495029882679773,1.9064665523429047,20.0,1.0
2.769,0.8896007537841797,0.8896007537841797,-2.646153450012207,1.0618642262919333,-3.7600016884799743,2.3314212116873057,20.0,1.0
2.77,0.8865489959716797,0.8865489959716797,-3.059340476989746,1.0580989845178428,-3.770463278993475,2.7198769689195332,20.0,1.0
2.771,0.8842601776123047,0.8842601776123047,-2.356043815612793,1.0543232997339471,-3.780887656555592,1.9764186014900496,20.0,1.0
2.7720000000000002,0.8815898895263672,0.8815898895263672,-2.75164794921875,1.0505372092047307,-3.7912747182841713,2.339319624501849,20.0,1.0
2.773,0.8785381317138672,0.8785381317138672,-3.059340476989746,1.0467407502973782,-3.801624361662448,2.621768486997519,20.0,1.0
2.774,0.8762493133544922,0.8762493133544922,-2.259340286254883,1.0429339604814067,-3.811936484542116,1.781096744251058,20.0,1.0
2.775,0.8735790252685547,0.8735790252685547,-2.6197805404663086,1.0391168773282948,-3.82221098514799,2.1083265965131215,20.0,1.0
2.7760000000000002,0.8701457977294922,0.8701457977294922,-3.3054943084716797,1.0352895385111098,-3.8324477620742528,2.77592136202978,20.0,1.0
2.777,0.8678569793701172,0.8678569793701172,-2.435164451599121,1.0314519818041454,-3.84264671428798,1.864417785991706,20.0,1.0
2.778,0.8651866912841797,0.8651866912841797,-2.7252750396728516,1.0276042450825347,-3.852807741130505,2.1208183745094464,20.0,1.0
2.779,0.8617534637451172,0.8617534637451172,-3.2527475357055664,1.0237463663218853,-3.8629307423149726,2.6296748449259564,20.0,1.0
2.7800000000000002,0.8594646453857422,0.8594646453857422,-2.356043815612793,1.0198783835979037,-3.873015617933561,1.6913029619224629,20.0,1.0
2.781,0.8567943572998047,0.8567943572998047,-2.7164831161499023,1.0160003350860174,-3.88306226845242,2.0175404034217364,20.0,1.0
2.782,0.8533611297607422,0.8533611297607422,-3.40219783782959,1.0121122590609997,-3.8930705947134356,2.6841498291213037,20.0,1.0
2.783,0.8510723114013672,0.8510723114013672,-2.4439563751220703,1.0082141938965914,-3.903040497939628,1.6837535270869264,20.0,1.0
2.7840000000000003,0.8480205535888672,0.8480205535888672,-2.971428871154785,1.0043061780651195,-3.9129718797316286,2.184169480948202,20.0,1.0
2.785,0.8445873260498047,0.8445873260498047,-3.2087907791137695,1.0003882501371273,-3.9228646420705218,2.4019446187897,20.0,1.0
2.786,0.8422975540161133,0.8422975540161133,-2.4087915420532227,0.9964604487809793,-3.9327186873183564,1.5593307500321862,20.0,1.0
2.787,0.8392457962036133,0.8392457962036133,-3.085714340209961,0.9925228127624914,-3.942533918221784,2.20872075316574,20.0,1.0
2.7880000000000003,0.8361940383911133,0.8361940383911133,-3.173625946044922,0.9885753809445348,-3.9523102379081365,2.2689425592052155,20.0,1.0
2.789,0.8335237503051758,0.8335237503051758,-2.6285715103149414,0.9846181922866744,-3.962047549886563,1.6884128000583498,20.0,1.0
2.79,0.8300905227661133,0.8300905227661133,-3.3318681716918945,0.9806512858447626,-3.971745758055363,2.3713376752095177,20.0,1.0
2.791,0.8270387649536133,0.8270387649536133,-2.8219776153564453,0.9766747007705645,-3.981404766697324,1.833291564998146,20.0,1.0
2.7920000000000003,0.8247499465942383,0.8247499465942383,-2.5758237838745117,0.972688476311367,-3.9910244804802346,1.5435698977368517,20.0,1.0
2.793,0.8213167190551758,0.8213167190551758,-3.5164833068847656,0.9686926518096032,-4.000604804463535,2.4633971575097786,20.0,1.0
2.794,0.8182649612426758,0.8182649612426758,-2.8219776153564453,0.9646872667024408,-4.0101456440939955,1.7402780804577493,20.0,1.0
2.795,0.8155946731567383,0.8155946731567383,-2.84835147857666,0.960672360521416,-4.019646905205093,1.730258320665122,20.0,1.0
2.7960000000000003,0.8121614456176758,0.8121614456176758,-3.4637365341186523,0.9566479728920296,-4.029108494023831,2.3243585855818987,20.0,1.0
2.797,0.8094911575317383,0.8094911575317383,-2.5494508743286133,0.9526141435333676,-4.03853031716784,1.3733802771933594,20.0,1.0
2.798,0.8064393997192383,0.8064393997192383,-3.164834976196289,0.9485709122576949,-4.047912281648507,1.9595529453169132,20.0,1.0
2.799,0.8030061721801758,0.8030061721801758,-3.40219783782959,0.9445183189700714,-4.057254294868187,2.175186478759316,20.0,1.0
2.8000000000000003,0.8003358840942383,0.8003358840942383,-2.7252750396728516,0.9404564036679575,-4.066556264626854,1.4611291665203812,20.0,1.0
2.801,0.7969026565551758,0.7969026565551758,-3.4989013671875,0.9363852064408169,-4.075818099117839,2.2127342657824833,20.0,1.0
2.802,0.7938508987426758,0.7938508987426758,-2.9450550079345703,0.9323047674697227,-4.0850397069287965,1.6290926755467119,20.0,1.0
2.803,0.7907991409301758,0.7907991409301758,-2.8395605087280273,0.9282151270269603,-4.0942209970471595,1.4936592336165582,20.0,1.0
2.8040000000000003,0.7873659133911133,0.7873659133911133,-3.709890365600586,0.9241163254756274,-4.103361878857129,2.341536728433739,20.0,1.0
2.805,0.7843141555786133,0.7843141555786133,-2.769230842590332,0.9200084032692453,-4.112462262141605,1.3706535342613666,20.0,1.0
2.806,0.7808799743652344,0.7808799743652344,-3.454944610595703,0.9158914009513451,-4.121522057084121,2.0336510852337972,20.0,1.0
2.807,0.7778282165527344,0.7778282165527344,-3.2175827026367188,0.911765359155078,-4.130541174266796,1.7657843804167945,20.0,1.0
2.8080000000000003,0.7751579284667969,0.7751579284667969,-2.8219776153564453,0.9076303186028106,-4.139519524676643,1.331905893400077,20.0,1.0
2.809,0.7713432312011719,0.7713432312011719,-3.8065929412841797,0.9034863201057238,-4.148457019700913,2.3009976996743053,20.0,1.0
2.81,0.7682914733886719,0.7682914733886719,-2.9274721145629883,0.8993334045634097,-4.157353571128283,1.390957166929462,20.0,1.0
2.811,0.7644767761230469,0.7644767761230469,-3.507692337036133,0.8951716129634681,-4.166209091154485,1.955379982690073,20.0,1.0
2.8120000000000003,0.7614250183105469,0.7614250183105469,-3.454944610595703,0.8910009863810997,-4.1750234923787275,1.8714404796280322,20.0,1.0
2.813,0.7587547302246094,0.7587547302246094,-2.7868127822875977,0.8868215659787098,-4.183796687806421,1.1643528095631845,20.0,1.0
2.814,0.7545585632324219,0.7545585632324219,-3.9120874404907227,0.8826333930054878,-4.192528590850145,2.2810554451018965,20.0,1.0
2.815,0.7515068054199219,0.7515068054199219,-2.9978017807006836,0.8784365087970104,-4.201219115327945,1.3351767329145097,20.0,1.0
2.816,0.7480735778808594,0.7480735778808594,-3.481318473815918,0.8742309547748328,-4.2098681754706035,1.7945978362247832,20.0,1.0
2.817,0.7446403503417969,0.7446403503417969,-3.4373626708984375,0.8700167724460682,-4.2184756859150525,1.7264154270688121,20.0,1.0
2.818,0.7419700622558594,0.7419700622558594,-2.9186811447143555,0.8657940034030018,-4.227041561706017,1.168118405951188,20.0,1.0
2.819,0.7377738952636719,0.7377738952636719,-3.973626136779785,0.8615626893226571,-4.235565718303633,2.213836299655857,20.0,1.0
2.82,0.7347221374511719,0.7347221374511719,-3.0505495071411133,0.8573228719663956,-4.2440480715777085,1.2585161258678785,20.0,1.0
2.821,0.7309074401855469,0.7309074401855469,-3.7010984420776367,0.8530745931795007,-4.252488537810507,1.8919529641462072,20.0,1.0
2.822,0.7278556823730469,0.7278556823730469,-3.287912368774414,0.8488178948907736,-4.260887033696804,1.4462695854321455,20.0,1.0
2.823,0.7244224548339844,0.7244224548339844,-3.261538505554199,0.844552819112108,-4.269243476349743,1.3949023147669286,20.0,1.0
2.824,0.7209892272949219,0.7209892272949219,-3.797801971435547,0.8402794079380751,-4.277557783294355,1.9060478010042559,20.0,1.0
2.825,0.717555046081543,0.717555046081543,-3.164834976196289,0.8359977035455182,-4.285829872469435,1.247858253006358,20.0,1.0
2.826,0.713740348815918,0.713740348815918,-3.8505496978759766,0.8317077481931353,-4.294059662233622,1.9158380231867018,20.0,1.0
2.827,0.710688591003418,0.710688591003418,-3.138461112976074,0.8274095842210519,-4.302247071362615,1.1706339059661386,20.0,1.0
2.828,0.7072553634643555,0.7072553634643555,-3.578022003173828,0.8231032540504111,-4.310392019050198,1.584587795844742,20.0,1.0
2.829,0.7034406661987305,0.7034406661987305,-3.6219778060913086,0.8187888001829505,-4.318494424907385,1.6104460608683246,20.0,1.0
2.83,0.700007438659668,0.700007438659668,-3.4197797775268555,0.8144662652005954,-4.326554208968901,1.3824020993765034,20.0,1.0
2.831,0.696192741394043,0.696192741394043,-3.9296703338623047,0.8101356917650137,-4.334571291688633,1.8739580495930857,20.0,1.0
2.832,0.693140983581543,0.693140983581543,-2.953845977783203,0.8057971226172191,-4.34254559393861,0.8644231645581169,20.0,1.0
2.833,0.689326286315918,0.689326286315918,-3.973626136779785,0.8014506005771355,-4.3504770370164465,1.8656353849876885,20.0,1.0
2.834,0.6858930587768555,0.6858930587768555,-3.3582420349121094,0.7970961685431852,-4.358365542642105,1.2239386875965996,20.0,1.0
2.835,0.6820783615112305,0.6820783615112305,-3.7186813354492188,0.7927338694918522,-4.366211032959654,1.565580462101999,20.0,1.0
2.836,0.678645133972168,0.678645133972168,-3.6395606994628906,0.7883637464772669,-4.374013430535911,1.4599195190289591,20.0,1.0
2.837,0.6752119064331055,0.6752119064331055,-3.2175827026367188,0.7839858426307793,-4.381772658366685,1.01128876822351,20.0,1.0
2.838,0.671015739440918,0.671015739440918,-4.114285469055176,0.7796002011605326,-4.389488639871161,1.8964860635763086,20.0,1.0
2.839,0.667963981628418,0.667963981628418,-3.1472530364990234,0.775206865351038,-4.3971612988938205,0.8949494120576036,20.0,1.0
2.84,0.6637678146362305,0.6637678146362305,-4.140659332275391,0.770805878562746,-4.4047905597100225,1.876630051095678,20.0,1.0
2.841,0.6607160568237305,0.6607160568237305,-3.164834976196289,0.7663972842316169,-4.41237634702145,0.8660831773325679,20.0,1.0
2.842,0.6569013595581055,0.6569013595581055,-3.762637138366699,0.7619811258687021,-4.419918585959294,1.4443138786193384,20.0,1.0
2.843,0.6530857086181641,0.6530857086181641,-3.7274723052978516,0.7575574470596993,-4.427417202085451,1.3894898720431055,20.0,1.0
2.844,0.6496524810791016,0.6496524810791016,-3.586812973022461,0.7531262914645322,-4.434872121390185,1.2214170593408893,20.0,1.0
2.845,0.6454563140869141,0.6454563140869141,-4.0439558029174805,0.7486877028169179,-4.442283270298617,1.6663003072189397,20.0,1.0
2.846,0.6424045562744141,0.6424045562744141,-3.1560440063476562,0.744241724923934,-4.449650575665544,0.7431368036725119,20.0,1.0
2.847,0.6382083892822266,0.6382083892822266,-4.386813163757324,0.7397884016655878,-4.456973964776637,1.961439446647912,20.0,1.0
2.848,0.6347751617431641,0.6347751617431641,-3.2527475357055664,0.7353277769943818,-4.464253365354239,0.7995464753756822,20.0,1.0
2.849,0.6305789947509766,0.6305789947509766,-4.281318664550781,0.7308598949348782,-4.471488705553327,1.815447962675488,20.0,1.0
2.85,0.6271457672119141,0.6271457672119141,-3.270329475402832,0.7263847995832742,-4.478679913963788,0.7764302088662465,20.0,1.0
2.851,0.6233310699462891,0.6233310699462891,-4.05274772644043,0.7219025351069517,-4.485826919610531,1.538350110043151,20.0,1.0
2.852,0.6195163726806641,0.6195163726806641,-3.7450551986694336,0.717413145744054,-4.492929651958207,1.210061007979026,20.0,1.0
2.853,0.6153202056884766,0.6153202056884766,-3.982417106628418,0.7129166758030342,-4.499988040905123,1.4343584680144477,20.0,1.0
2.854,0.6115055084228516,0.6115055084228516,-3.9384613037109375,0.7084131696622429,-4.507002016785179,1.3696125117135844,20.0,1.0
2.855,0.6080722808837891,0.6080722808837891,-3.5516481399536133,0.7039026717694649,-4.513971510375143,0.9542844472919865,20.0,1.0
2.856,0.6038761138916016,0.6038761138916016,-4.307692527770996,0.6993852266414936,-4.520896452888849,1.6969783298799883,20.0,1.0
2.857,0.6000614166259766,0.6000614166259766,-3.5692310333251953,0.6948608788636861,-4.527776775979703,0.9374435020996827,20.0,1.0
2.858,0.5958652496337891,0.5958652496337891,-4.413187026977539,0.6903296730895333,-4.5346124117399995,1.7678630843524243,20.0,1.0
2.859,0.5924310684204102,0.5924310684204102,-3.2527475357055664,0.6857916540402071,-4.541403292707969,0.5785559553935373,20.0,1.0
2.86,0.5882349014282227,0.5882349014282227,-4.5010986328125,0.6812468665041184,-4.548149351860502,1.813188582469912,20.0,1.0
2.861,0.5844202041625977,0.5844202041625977,-3.393406867980957,0.6766953553364851,-4.554850522613606,0.6840593688450993,20.0,1.0
2.862,0.5802240371704102,0.5802240371704102,-4.474725723266602,0.6721371654588901,-4.561506738830587,1.7514815502056136,20.0,1.0
2.863,0.5767908096313477,0.5767908096313477,-3.3582420349121094,0.6675723418588249,-4.568117934817963,0.6057547446436908,20.0,1.0
2.864,0.5725946426391602,0.5725946426391602,-4.342857360839844,0.6630009295892553,-4.574684045325682,1.5762990545160638,20.0,1.0
2.865,0.5687799453735352,0.5687799453735352,-3.8065929412841797,0.6584229737681724,-4.581205005547247,1.0182485036296773,20.0,1.0
2.866,0.5642023086547852,0.5642023086547852,-4.202198028564453,0.6538385195781597,-4.5876807511259585,1.4072414959059865,20.0,1.0
2.867,0.5607690811157227,0.5607690811157227,-3.7802200317382812,0.6492476122659214,-4.594111218149351,0.9556794365929058,20.0,1.0
2.868,0.5565729141235352,0.5565729141235352,-4.0,0.6446502971418621,-4.600496343148677,1.161051317217861,20.0,1.0
2.869,0.5523767471313477,0.5523767471313477,-4.131868362426758,0.640046619579623,-4.60683606310613,1.2784297482861362,20.0,1.0
2.87,0.5481805801391602,0.5481805801391602,-4.087912559509277,0.6354366250156488,-4.613130315451201,1.219903141587849,20.0,1.0
2.871,0.5443658828735352,0.5443658828735352,-4.017582893371582,0.6308203589487217,-4.619379038062846,1.1272933768124669,20.0,1.0
2.872,0.5405511856079102,0.5405511856079102,-3.876922607421875,0.6261978669395242,-4.6255821692671475,0.9642740647870078,20.0,1.0
2.873,0.5363550186157227,0.5363550186157227,-4.334066390991211,0.6215691946101863,-4.631739647843858,1.4066102630366264,20.0,1.0
2.874,0.5317773818969727,0.5317773818969727,-4.123077392578125,0.6169343876438353,-4.637851413021281,1.1883660944940981,20.0,1.0
2.875,0.5279617309570312,0.5279617309570312,-4.175824165344238,0.6122934917841448,-4.643917404476554,1.2185419774099562,20.0,1.0
2.876,0.5241470336914062,0.5241470336914062,-3.8505496978759766,0.6076465528348832,-4.6499375623421315,0.8706025184033845,20.0,1.0
2.8770000000000002,0.5195693969726562,0.5195693969726562,-4.430768966674805,0.6029936166594595,-4.65591182720101,1.44334153320986,20.0,1.0
2.878,0.5153732299804688,0.5153732299804688,-4.008790969848633,0.5983347291804801,-4.661840140089623,1.0061808137592374,20.0,1.0
2.879,0.5115585327148438,0.5115585327148438,-4.290109634399414,0.5936699363792813,-4.6677224424982455,1.2646152651899203,20.0,1.0
2.88,0.5077438354492188,0.5077438354492188,-3.797801971435547,0.5889992842954848,-4.67355867636968,0.7493522719911869,20.0,1.0
2.8810000000000002,0.5031661987304688,0.5031661987304688,-4.527472496032715,0.5843228190265408,-4.679348784105059,1.471256117849097,20.0,1.0
2.882,0.49897003173828125,0.49897003173828125,-3.982417106628418,0.5796405867272737,-4.6850927085579315,0.9107354978503355,20.0,1.0
2.883,0.49477386474609375,0.49477386474609375,-4.421977996826172,0.574952633609426,-4.690790393036252,1.3347629810565635,20.0,1.0
2.884,0.49095916748046875,0.49095916748046875,-3.8417577743530273,0.5702590059412023,-4.696441781307328,0.7313127622603695,20.0,1.0
2.8850000000000002,0.48638153076171875,0.48638153076171875,-4.5010986328125,0.5655597500468103,-4.702046817593839,1.382616200920491,20.0,1.0
2.886,0.48218536376953125,0.48218536376953125,-4.1670331954956055,0.5608549123060136,-4.707605446576281,1.0328187196489713,20.0,1.0
2.887,0.47798919677734375,0.47798919677734375,-4.298901557922363,0.5561445391536587,-4.71311761339382,1.1488907920548423,20.0,1.0
2.888,0.47417449951171875,0.47417449951171875,-4.026373863220215,0.5514286770792269,-4.718583263642188,0.8528741509281907,20.0,1.0
2.8890000000000002,0.46959686279296875,0.46959686279296875,-4.4571428298950195,0.5467073726263733,-4.724002343379709,1.2753506831834005,20.0,1.0
2.89,0.46501827239990234,0.46501827239990234,-4.334066390991211,0.5419806723924665,-4.729374799122354,1.14393959172014,20.0,1.0
2.891,0.46120357513427734,0.46120357513427734,-4.123077392578125,0.5372486230281296,-4.734700577844023,0.9092777726111465,20.0,1.0
2.892,0.45662593841552734,0.45662593841552734,-4.334066390991211,0.5325112712367795,-4.739979626982688,1.111793420433567,20.0,1.0
2.8930000000000002,0.45242977142333984,0.45242977142333984,-4.254944801330566,0.5277686637741631,-4.745211894435954,1.0165107539110774,20.0,1.0
2.894,0.44785213470458984,0.44785213470458984,-4.527472496032715,0.5230208474479067,-4.7503973285616325,1.2804494223374188,20.0,1.0
2.895,0.44403743743896484,0.44403743743896484,-4.017582893371582,0.5182678691170408,-4.755535878185242,0.7466556487478595,20.0,1.0
2.896,0.43945980072021484,0.43945980072021484,-4.518681526184082,0.5135097756915372,-4.760627492591283,1.2390535330192467,20.0,1.0
2.8970000000000002,0.43564510345458984,0.43564510345458984,-4.070329666137695,0.5087466141318572,-4.76567212152429,0.7666877581587523,20.0,1.0
2.898,0.43068599700927734,0.43068599700927734,-4.747252464294434,0.5039784314484876,-4.770669715197073,1.4424314378815666,20.0,1.0
2.899,0.42687129974365234,0.42687129974365234,-3.771428108215332,0.4992052747014641,-4.775620224286115,0.4424873830854519,20.0,1.0
2.9,0.42229366302490234,0.42229366302490234,-4.817582130432129,0.4944271909999165,-4.780523599931854,1.479729090000558,20.0,1.0
2.9010000000000002,0.41809749603271484,0.41809749603271484,-3.868131637573242,0.4896442275015993,-4.785379793738002,0.5136864732129292,20.0,1.0
2.902,0.41351985931396484,0.41351985931396484,-4.905494689941406,0.4848564314124395,-4.790188757778452,1.5420373741324473,20.0,1.0
2.903,0.40970516204833984,0.40970516204833984,-3.6571426391601562,0.48006384998604346,-4.794950444591478,0.26936595332275015,20.0,1.0
2.904,0.40474510192871094,0.40474510192871094,-4.984615325927734,0.47526653052325757,-4.799664807178289,1.5953790906403784,20.0,1.0
2.9050000000000002,0.40054893493652344,0.40054893493652344,-3.9560441970825195,0.47046452037168573,-4.804331799010981,0.5500241067747842,20.0,1.0
2.906,0.39597129821777344,0.39597129821777344,-4.782417297363281,0.4656578669252346,-4.808951374028055,1.367197297484449,20.0,1.0
2.907,0.39215660095214844,0.39215660095214844,-3.90329647064209,0.46084661762363066,-4.813523486636797,0.4635733174349377,20.0,1.0
2.908,0.38719749450683594,0.38719749450683594,-4.800000190734863,0.45603081995196204,-4.818048091711006,1.3586186079263793,20.0,1.0
2.9090000000000003,0.38261985778808594,0.38261985778808594,-4.342857360839844,0.45121052144020757,-4.8225251445966535,0.8921454892856229,20.0,1.0
2.91,0.37880516052246094,0.37880516052246094,-4.395604133605957,0.44638576966276766,-4.826954601107161,0.9202617153049304,20.0,1.0
2.911,0.37422752380371094,0.37422752380371094,-4.448351860046387,0.4415566122379943,-4.831336417523431,0.9635972112086229,20.0,1.0
2.912,0.37003135681152344,0.37003135681152344,-4.334066390991211,0.4367230968277218,-4.835670550600014,0.8322306407151645,20.0,1.0
2.9130000000000003,0.36507225036621094,0.36507225036621094,-4.6857147216796875,0.43188527113679315,-4.839956957560247,1.1820181795310847,20.0,1.0
2.914,0.36125755310058594,0.36125755310058594,-3.982417106628418,0.42704318291260024,-4.844195596098984,0.45393410676971957,20.0,1.0
2.915,0.35629844665527344,0.35629844665527344,-4.703296661376953,0.42219687994459626,-4.848386424383136,1.1728789027802733,20.0,1.0
2.916,0.35248374938964844,0.35248374938964844,-4.079120635986328,0.41734641006383505,-4.852529401049594,0.5238444484204663,20.0,1.0
2.9170000000000003,0.34752464294433594,0.34752464294433594,-4.914285659790039,0.41249182114249594,-4.856624485210972,1.3570047385422672,20.0,1.0
2.918,0.34370899200439453,0.34370899200439453,-3.7802200317382812,0.407633161093412,-4.860671636450405,0.19803177706822583,20.0,1.0
2.919,0.33874988555908203,0.33874988555908203,-4.9582414627075195,0.4027704778695962,-4.864670814822148,1.3739824940956549,20.0,1.0
2.92,0.33455371856689453,0.33455371856689453,-4.0439558029174805,0.3979038194637688,-4.868621980857114,0.44233583999785187,20.0,1.0
2.9210000000000003,0.32997608184814453,0.32997608184814453,-4.764835357666016,0.3930332339078808,-4.872525095558444,1.153453303302297,20.0,1.0
2.922,0.32577991485595703,0.32577991485595703,-4.008790969848633,0.38815876927265086,-4.876380120403837,0.3799879377786721,20.0,1.0
2.923,0.32120227813720703,0.32120227813720703,-4.773626327514648,0.38328047366707424,-4.880187017346458,1.1350032207655347,20.0,1.0
2.924,0.31662464141845703,0.31662464141845703,-4.430768966674805,0.37839839523795904,-4.883945748812295,0.7822982942525503,20.0,1.0
2.9250000000000003,0.31242847442626953,0.31242847442626953,-4.4571428298950195,0.37351258216944855,-4.887656277706412,0.7911687070521876,20.0,1.0
2.926,0.30785083770751953,0.30785083770751953,-4.509890556335449,0.3686230826825451,-4.89131856740741,0.834016888428551,20.0,1.0
2.927,0.30327320098876953,0.30327320098876953,-4.378022193908691,0.3637299450346348,-4.894932581767762,0.6922244930582349,20.0,1.0
2.928,0.29831409454345703,0.29831409454345703,-4.905494689941406,0.3588332175190107,-4.898498285119956,1.2173788643325236,20.0,1.0
2.9290000000000003,0.29449939727783203,0.29449939727783203,-3.90329647064209,0.35393294846439377,-4.902015642271465,0.18995185210185972,20.0,1.0
2.93,0.28954029083251953,0.28954029083251953,-4.975824356079102,0.3490291862344667,-4.905484618505852,1.260117645612193,20.0,1.0
2.931,0.28534412384033203,0.28534412384033203,-3.991209030151367,0.34412197922738313,-4.908905179589169,0.2578609583032201,20.0,1.0
2.932,0.2803840637207031,0.2803840637207031,-5.0637359619140625,0.3392113758752895,-4.912277291761882,1.328004913243908,20.0,1.0
2.9330000000000003,0.2765693664550781,0.2765693664550781,-3.8505496978759766,0.3342974246438583,-4.9156009217392125,0.08950993991236778,20.0,1.0
2.934,0.2716102600097656,0.2716102600097656,-5.05494499206543,0.32938017403180997,-4.91887603671961,1.291467235786707,20.0,1.0
2.935,0.2670326232910156,0.2670326232910156,-4.228571891784668,0.32445967257042013,-4.922102604379688,0.45501027299306984,20.0,1.0
2.936,0.2628364562988281,0.2628364562988281,-4.782417297363281,0.3195359688230517,-4.925280592874458,0.9911269549732946,20.0,1.0
2.9370000000000003,0.2582588195800781,0.2582588195800781,-4.281318664550781,0.31460911138467007,-4.9284099708365545,0.47991452980606564,20.0,1.0
2.938,0.2536811828613281,0.2536811828613281,-4.6857147216796875,0.3096791488813775,-4.931490707382949,0.8741833346977259,20.0,1.0
2.939,0.24872207641601562,0.24872207641601562,-4.835165023803711,0.30474612996990524,-4.934522772108721,1.021123322772782,20.0,1.0
2.94,0.24452590942382812,0.24452590942382812,-4.131868362426758,0.2998101033371611,-4.937506135085783,0.30004610560763445,20.0,1.0
2.9410000000000003,0.23956680297851562,0.23956680297851562,-4.931868553161621,0.2948711176997325,-4.940440766870353,1.097514080715606,20.0,1.0
2.942,0.23537063598632812,0.23537063598632812,-4.114285469055176,0.2899292218034193,-4.943326638498746,0.2621305468982529,20.0,1.0
2.943,0.23041152954101562,0.23041152954101562,-5.15164852142334,0.28498446442273606,-4.946163721489285,1.296943497568464,20.0,1.0
2.944,0.22659683227539062,0.22659683227539062,-3.885714530944824,0.2800368943604418,-4.948951987840729,0.0055637848051188765,20.0,1.0
2.945,0.22125625610351562,0.22125625610351562,-5.221978187561035,0.2750865604470557,-4.951691410032879,1.3468928643989577,20.0,1.0
2.946,0.21705913543701172,0.21705913543701172,-4.184615135192871,0.27013351154037496,-4.954381961031032,0.2917206962291037,20.0,1.0
2.947,0.21248149871826172,0.21248149871826172,-4.870329856872559,0.26517779652499257,-4.957023614280445,0.9672321987267309,20.0,1.0
2.948,0.20790386199951172,0.20790386199951172,-4.342857360839844,0.26021946431181514,-4.959616343706941,0.4295530633789715,20.0,1.0
2.949,0.20332622528076172,0.20332622528076172,-4.720879554748535,0.2552585638375798,-4.962160123722754,0.7973662021621426,20.0,1.0
2.95,0.19836711883544922,0.19836711883544922,-4.712087631225586,0.25029514406436854,-4.964654929221098,0.7859932065828745,20.0,1.0
2.951,0.19417095184326172,0.19417095184326172,-4.210988998413086,0.2453292539791365,-4.96710073557928,0.26705430555130194,20.0,1.0
2.952,0.18921184539794922,0.18921184539794922,-4.993406295776367,0.24036094259321109,-4.969497518658855,1.0468907210227494,20.0,1.0
2.953,0.18501567840576172,0.18501567840576172,-4.202198028564453,0.2353902589418199,-4.971845254803043,0.23784438448257372,20.0,1.0
2.954,0.18005657196044922,0.18005657196044922,-5.019780158996582,0.23041725208360386,-4.97414392084292,1.052849840616755,20.0,1.0
2.955,0.17624187469482422,0.17624187469482422,-3.991209030151367,0.22544197110013298,-4.976393494091511,-0.0011825358339683234,20.0,1.0
2.956,0.17090129852294922,0.17090129852294922,-5.05494499206543,0.22046446509542195,-4.9785939523442835,1.0676143711706008,20.0,1.0
2.957,0.16632366180419922,0.16632366180419922,-4.465933799743652,0.2154847831954455,-4.980745273885006,0.4684109536835721,20.0,1.0
2.958,0.16212749481201172,0.16212749481201172,-4.5802202224731445,0.21050297454765082,-4.982847437480345,0.5648823797055817,20.0,1.0
2.959,0.15716838836669922,0.15716838836669922,-4.624176025390625,0.2055190883204837,-4.984900422382822,0.6062896020834931,20.0,1.0
2.96,0.1529712677001953,0.1529712677001953,-4.465933799743652,0.20053317370288626,-4.986904208329548,0.430267711467923,20.0,1.0
2.961,0.1476306915283203,0.1476306915283203,-5.090109825134277,0.1955452799038257,-4.988858775546717,1.059542817097668,20.0,1.0
2.962,0.1438159942626953,0.1438159942626953,-3.982417106628418,0.19055545615179167,-4.990764104743008,-0.07355776033266237,20.0,1.0
2.963,0.1388568878173828,0.1388568878173828,-5.116483688354492,0.18556375169433859,-4.992620177110695,1.058000788782913,20.0,1.0
2.964,0.1342792510986328,0.1342792510986328,-4.210988998413086,0.1805702157975714,-4.994426974333123,0.14238131805873444,20.0,1.0
2.965,0.1297016143798828,0.1297016143798828,-4.949450492858887,0.17557489774567345,-4.996184478577959,0.8707316815967404,20.0,1.0
2.966,0.1251239776611328,0.1251239776611328,-4.254944801330566,0.17057784684041435,-4.99789267249875,0.166129512417447,20.0,1.0
2.967,0.12054634094238281,0.12054634094238281,-4.879120826721191,0.16557911240067485,-4.999551539234844,0.7802247166521885,20.0,1.0
2.968,0.11558723449707031,0.11558723449707031,-4.729670524597168,0.16057874376194578,-5.001161062417395,0.6283396474772819,20.0,1.0
2.969,0.11139106750488281,0.11139106750488281,-4.298901557922363,0.15557679027584118,-5.002721226161,0.1798947871805302,20.0,1.0
2.97,0.10643196105957031,0.10643196105957031,-5.09890079498291,0.15057330130962265,-5.004232015064076,0.9774955849198808,20.0,1.0
2.971,0.10185432434082031,0.10185432434082031,-4.140659332275391,0.1455683262457119,-5.0056934142171485,0.009245956156073709,20.0,1.0
2.972,0.09689521789550781,0.09689521789550781,-5.090109825134277,0.14056191448118946,-5.007105409197393,0.9563383476505168,20.0,1.0
2.973,0.0930795669555664,0.0930795669555664,-4.09670352935791,0.13555411542731818,-5.008467986067615,-0.06227348727466897,20.0,1.0
2.974,0.0877389907836914,0.0877389907836914,-5.037363052368164,0.13054497850905308,-5.009781131381942,0.8837016754934556,20.0,1.0
2.975,0.0831613540649414,0.0831613540649414,-4.6681318283081055,0.1255345531645532,-5.011044832180119,0.5045509781202226,20.0,1.0
2.976,0.0785837173461914,0.0785837173461914,-4.421977996826172,0.12052288884469396,-5.012259075987707,0.24850235080851601,20.0,1.0
2.977,0.0740060806274414,0.0740060806274414,-4.800000190734863,0.1155100350125789,-5.013423850822079,0.616655427615534,20.0,1.0
2.978,0.0698099136352539,0.0698099136352539,-4.334066390991211,0.11049604114304867,-5.014539145186745,0.1332497959603609,20.0,1.0
2.979,0.0644693374633789,0.0644693374633789,-5.1868133544921875,0.10548095672220428,-5.015604948074184,0.9914407915945108,20.0,1.0
2.98,0.060654640197753906,0.060654640197753906,-3.9384613037109375,0.10046483124690142,-5.0166212489659685,-0.2819561242720807,20.0,1.0
2.981,0.055314064025878906,0.055314064025878906,-5.178022384643555,0.09544771422427345,-5.017588037830201,0.9631073507812444,20.0,1.0
2.982,0.050736427307128906,0.050736427307128906,-4.342857360839844,0.0904296551712399,-5.018505305127313,0.11821661299475061,20.0,1.0
2.983,0.046158790588378906,0.046158790588378906,-4.703296661376953,0.0854107036140177,-5.019373041804222,0.4689618800855069,20.0,1.0
2.984,0.041962623596191406,0.041962623596191406,-4.5010986328125,0.08039090908763256,-5.020191239294476,0.24947310334684691,20.0,1.0
2.985,0.037003517150878906,0.037003517150878906,-4.624176025390625,0.07537032113542985,-5.020959889524271,0.3705522155573733,20.0,1.0
2.986,0.032044410705566406,0.032044410705566406,-4.879120826721191,0.0703489893085829,-5.021678984906686,0.6235334138748356,20.0,1.0
2.987,0.028228759765625,0.028228759765625,-4.175824165344238,0.06532696316561536,-5.022348518344536,-0.10456028500049075,20.0,1.0
2.988,0.0232696533203125,0.0232696533203125,-5.002198219299316,0.06030429227189493,-5.0229684832304216,0.7199225151005435,20.0,1.0
2.989,0.0186920166015625,0.0186920166015625,-4.325274467468262,0.055281026199155626,-5.023538873444121,0.033515785976003354,20.0,1.0
2.99,0.0141143798828125,0.0141143798828125,-4.835165023803711,0.05025721452500557,-5.024059683358342,0.5339620332892305,20.0,1.0
2.991,0.0095367431640625,0.0095367431640625,-4.281318664550781,0.04523290683243782,-5.02453090783289,-0.029288969914602392,20.0,1.0
2.992,0.0049591064453125,0.0049591064453125,-4.720879554748535,0.040208152709340896,-5.024952542214759,0.40090793781434386,20.0,1.0
2.993,0.0,0.0,-4.870329856872559,0.03518300174800942,-5.025324582343984,0.5486653094887629,20.0,1.0
2.994,-0.0041961669921875,-0.0041961669921875,-4.210988998413086,0.030157503544651795,-5.025647024548096,-0.1275846153982243,20.0,1.0
2.995,-0.0087738037109375,-0.0087738037109375,-4.861538887023926,0.025131707698912105,-5.0259198656446955,0.5137292495762223,20.0,1.0
2.996,-0.0133514404296875,-0.0133514404296875,-4.228571891784668,0.02010566381336351,-5.026143102940155,-0.12842912629446712,20.0,1.0
2.997,-0.018310546875,-0.018310546875,-5.0637359619140625,0.015079421493032902,-5.02631673423405,0.7052185950406705,20.0,1.0
2.998,-0.022125244140625,-0.022125244140625,-3.9384613037109375,0.010053030344894284,-5.0264407578121,-0.44441396439077696,20.0,1.0
2.999,-0.0270843505859375,-0.0270843505859375,-5.072527885437012,0.005026539977407577,-5.026515172447402,0.6882305242565112,20.0,1.0
3.0,-0.031662940979003906,-0.031662940979003906,-4.281318664550781,5.878304635907295e-16,-5.026539977407543,-0.11196249327667185,20.0,1.0
3.001,-0.036240577697753906,-0.036240577697753906,-4.69450569152832,-0.0050265399774064015,-5.026515172447707,0.29227127348756377,20.0,1.0
3.0020000000000002,-0.040436744689941406,-0.040436744689941406,-4.325274467468262,-0.010053030344895951,-5.0264407578121,-0.0934920034429294,20.0,1.0
3.003,-0.045014381408691406,-0.045014381408691406,-4.632966995239258,-0.015079421493031729,-5.026316734233746,0.20534945931870507,20.0,1.0
3.004,-0.050354957580566406,-0.050354957580566406,-4.887911796569824,-0.020105663813362335,-5.0261431029401535,0.4667545689737521,20.0,1.0
3.005,-0.054169654846191406,-0.054169654846191406,-4.079120635986328,-0.02513170769891093,-5.025919865644999,-0.36604028671306155,20.0,1.0
3.0060000000000002,-0.059128761291503906,-0.059128761291503906,-4.887911796569824,-0.03015750354465346,-5.025647024548094,0.44168992695873877,20.0,1.0
3.007,-0.0633249282836914,-0.0633249282836914,-4.140659332275391,-0.035183001748008244,-5.025324582343686,-0.3218267193546318,20.0,1.0
3.008,-0.0682840347290039,-0.0682840347290039,-5.090109825134277,-0.04020815270933972,-5.024952542214756,0.6266749233128054,20.0,1.0
3.009,-0.0720987319946289,-0.0720987319946289,-3.8417577743530273,-0.045232906832436644,-5.024530907833196,-0.645456630236323,20.0,1.0
3.0100000000000002,-0.0770578384399414,-0.0770578384399414,-5.107692718505859,-0.050257214525007234,-5.024059683358342,0.6196455134462011,20.0,1.0
3.011,-0.0816354751586914,-0.0816354751586914,-4.123077392578125,-0.055281026199154454,-5.023538873443819,-0.37337250167495484,20.0,1.0
3.012,-0.0862131118774414,-0.0862131118774414,-4.861538887023926,-0.06030429227189377,-5.022968483230425,0.35674679590445346,20.0,1.0
3.013,-0.0904092788696289,-0.0904092788696289,-4.123077392578125,-0.06532696316561419,-5.022348518344835,-0.3976248116864154,20.0,1.0
3.0140000000000002,-0.09498786926269531,-0.09498786926269531,-4.756044387817383,-0.07034898930858456,-5.0216789849066785,0.2271430019929193,20.0,1.0
3.015,-0.09994697570800781,-0.09994697570800781,-4.676922798156738,-0.07537032113542867,-5.020959889523965,0.14749600008435598,20.0,1.0
3.016,-0.10414314270019531,-0.10414314270019531,-4.246153831481934,-0.08039090908763138,-5.020191239294483,-0.29899273556127126,20.0,1.0
3.017,-0.10872077941894531,-0.10872077941894531,-4.615385055541992,-0.08541070361401654,-5.0193730418030995,0.062213529837468196,20.0,1.0
3.0180000000000002,-0.11291694641113281,-0.11291694641113281,-4.254944801330566,-0.09042965517123872,-5.018505305127306,-0.3138146789988575,20.0,1.0
3.019,-0.11787605285644531,-0.11787605285644531,-5.002198219299316,-0.09544771422427228,-5.017588037831317,0.4331769541114603,20.0,1.0
3.02,-0.12169075012207031,-0.12169075012207031,-3.876922607421875,-0.10046483124690025,-5.016621248965961,-0.7151802640406852,20.0,1.0
3.021,-0.1266498565673828,-0.1266498565673828,-5.09890079498291,-0.1054809567222031,-5.01560494807449,0.5066738438120146,20.0,1.0
3.0220000000000002,-0.1308460235595703,-0.1308460235595703,-3.9472522735595703,-0.11049604114305034,-5.014539145186738,-0.6602872232967685,20.0,1.0
3.023,-0.1358051300048828,-0.1358051300048828,-4.931868553161621,-0.11551003501257771,-5.013423850821773,0.32434660218594963,20.0,1.0
3.024,-0.1396198272705078,-0.1396198272705078,-3.8593406677246094,-0.12052288884469278,-5.012259075987714,-0.7709796397468042,20.0,1.0
3.025,-0.1445789337158203,-0.1445789337158203,-4.967033386230469,-0.12553455316455203,-5.011044832179003,0.33687616507683127,20.0,1.0
3.0260000000000002,-0.1487751007080078,-0.1487751007080078,-4.175824165344238,-0.1305449785090519,-5.009781131381928,-0.4693545220585711,20.0,1.0
3.027,-0.1533527374267578,-0.1533527374267578,-4.641757965087891,-0.13555411542731702,-5.008467986068737,-0.010737580992030815,20.0,1.0
3.028,-0.15754985809326172,-0.15754985809326172,-4.202198028564453,-0.14056191448118827,-5.007105409197408,-0.46514850839148547,20.0,1.0
3.029,-0.16212749481201172,-0.16212749481201172,-4.641757965087891,-0.14556832624571076,-5.005693414217475,-0.03275207780356548,20.0,1.0
3.0300000000000002,-0.16670513153076172,-0.16670513153076172,-4.65054988861084,-0.15057330130962432,-5.00423201506409,-0.031045522030502593,20.0,1.0
3.031,-0.17090129852294922,-0.17090129852294922,-4.140659332275391,-0.15557679027584004,-5.002721226160688,-0.5555717289431135,20.0,1.0
3.032,-0.17547893524169922,-0.17547893524169922,-4.712087631225586,-0.1605787437619446,-5.001161062417381,0.008930398403297346,20.0,1.0
3.033,-0.18005657196044922,-0.18005657196044922,-4.105494499206543,-0.1655791124006737,-4.999551539235156,-0.6045078488331028,20.0,1.0
3.0340000000000003,-0.18463420867919922,-0.18463420867919922,-4.879120826721191,-0.17057784684041602,-4.997892672498722,0.16235539099813356,20.0,1.0
3.035,-0.18844890594482422,-0.18844890594482422,-3.8329668045043945,-0.17557489774567225,-4.996184478577661,-0.9057375100902267,20.0,1.0
3.036,-0.19340801239013672,-0.19340801239013672,-5.002198219299316,-0.18057021579757024,-4.9944269743331375,0.2645271768175085,20.0,1.0
3.037,-0.19760417938232422,-0.19760417938232422,-3.9120874404907227,-0.18556375169433742,-4.992620177110993,-0.8397241828605344,20.0,1.0
3.0380000000000003,-0.20218181610107422,-0.20218181610107422,-4.940659523010254,-0.1905554561517933,-4.990764104742993,0.18242261725287867,20.0,1.0
3.039,-0.20599651336669922,-0.20599651336669922,-3.797801971435547,-0.19554527990382453,-4.988858775546447,-0.9820321348534065,20.0,1.0
3.04,-0.21095561981201172,-0.21095561981201172,-4.879120826721191,-0.2005331737028851,-4.986904208329548,0.10066554057417565,20.0,1.0
3.041,-0.21553325653076172,-0.21553325653076172,-4.19340705871582,-0.20551908832048255,-4.984900422383163,-0.591209999461759,20.0,1.0
3.0420000000000003,-0.21973037719726562,-0.21973037719726562,-4.624176025390625,-0.21050297454765252,-4.982847437480331,-0.17412335909744348,20.0,1.0
3.043,-0.22392654418945312,-0.22392654418945312,-4.140659332275391,-0.21548478319544434,-4.980745273884665,-0.6712507217290986,20.0,1.0
3.044,-0.22850418090820312,-0.22850418090820312,-4.615385055541992,-0.22046446509542075,-4.978593952344298,-0.20241458054665806,20.0,1.0
3.045,-0.23308181762695312,-0.23308181762695312,-4.518681526184082,-0.22544197110013184,-4.976393494091823,-0.30491503737131553,20.0,1.0
3.0460000000000003,-0.23727798461914062,-0.23727798461914062,-4.131868362426758,-0.23041725208360553,-4.9741439208428915,-0.7050609077054317,20.0,1.0
3.047,-0.24185562133789062,-0.24185562133789062,-4.55384635925293,-0.23539025894181875,-4.9718452548027585,-0.2886916476283914,20.0,1.0
3.048,-0.24605178833007812,-0.24605178833007812,-4.079120635986328,-0.24036094259320995,-4.969497518658841,-0.7765599679351491,20.0,1.0
3.049,-0.2506294250488281,-0.2506294250488281,-4.773626327514648,-0.24532925397913533,-4.967100735579592,-0.08747098667108777,20.0,1.0
3.0500000000000003,-0.2544441223144531,-0.2544441223144531,-3.8593406677246094,-0.2502951440643702,-4.9646549292210835,-1.0223346964948157,20.0,1.0
3.051,-0.2594032287597656,-0.2594032287597656,-4.843955993652344,-0.2552585638375786,-4.962160123722427,-0.03531083162634285,20.0,1.0
3.052,-0.2635993957519531,-0.2635993957519531,-3.9120874404907227,-0.260219464311814,-4.959616343706955,-0.9799302744134493,20.0,1.0
3.053,-0.2681770324707031,-0.2681770324707031,-4.843955993652344,-0.26517779652499146,-4.957023614279365,-0.05308290171278762,20.0,1.0
3.0540000000000003,-0.2719917297363281,-0.2719917297363281,-3.7186813354492188,-0.2701335115403738,-4.954381961030975,-1.19853626166267,20.0,1.0
3.055,-0.2769508361816406,-0.2769508361816406,-4.835165023803711,-0.27508656044705454,-4.9516914100339875,-0.07924087153855486,20.0,1.0
3.056,-0.2807655334472656,-0.2807655334472656,-3.894505500793457,-0.28003689436044066,-4.948951987840729,-1.039873705310773,20.0,1.0
3.057,-0.28534412384033203,-0.28534412384033203,-4.712087631225586,-0.2849844644227349,-4.946163721489597,-0.2268829019120686,20.0,1.0
3.0580000000000003,-0.28915882110595703,-0.28915882110595703,-3.6747255325317383,-0.28992922180342096,-4.943326638499059,-1.284009119916599,20.0,1.0
3.059,-0.29373645782470703,-0.29373645782470703,-4.782417297363281,-0.2948711176997341,-4.94044076687004,-0.1807166670073006,20.0,1.0
3.06,-0.29793262481689453,-0.29793262481689453,-3.9472522735595703,-0.29981010333715996,-4.937506135085528,-1.0278034319312659,20.0,1.0
3.061,-0.30212879180908203,-0.30212879180908203,-4.474725723266602,-0.3047461299699041,-4.93452277210767,-0.512143812057509,20.0,1.0
3.0620000000000003,-0.30594348907470703,-0.30594348907470703,-3.762637138366699,-0.3096791488813764,-4.9314907073832615,-1.2435667651499491,20.0,1.0
3.063,-0.31052112579345703,-0.31052112579345703,-4.615385055541992,-0.31460911138467174,-4.928409970837663,-0.39478462711996487,20.0,1.0
3.064,-0.31471729278564453,-0.31471729278564453,-4.017582893371582,-0.3195359688230506,-4.925280592874145,-1.004071220250684,20.0,1.0
3.065,-0.31891345977783203,-0.31891345977783203,-4.254944801330566,-0.32445967257041897,-4.922102604380001,-0.7780820589011732,20.0,1.0
3.0660000000000003,-0.32272815704345703,-0.32272815704345703,-3.920879364013672,-0.32938017403181163,-4.918876036719894,-1.131037012473314,20.0,1.0
3.067,-0.32730579376220703,-0.32730579376220703,-4.325274467468262,-0.3342974246438599,-4.9156009217389,-0.7301590719036959,20.0,1.0
3.068,-0.33150196075439453,-0.33150196075439453,-4.131868362426758,-0.3392113758752883,-4.912277291761569,-0.9345972317526872,20.0,1.0
3.069,-0.33531665802001953,-0.33531665802001953,-4.114285469055176,-0.34412197922738197,-4.908905179589482,-0.9707261346815548,20.0,1.0
3.0700000000000003,-0.33913135528564453,-0.33913135528564453,-3.8593406677246094,-0.3490291862344683,-4.905484618506108,-1.2441005697579746,20.0,1.0
3.071,-0.34370899200439453,-0.34370899200439453,-4.281318664550781,-0.3539329484643954,-4.902015642271152,-0.825176106920388,20.0,1.0
3.072,-0.34752464294433594,-0.34752464294433594,-4.0,-0.35883321751900954,-4.8984982851196435,-1.1246697766131155,20.0,1.0
3.073,-0.35172080993652344,-0.35172080993652344,-4.210988998413086,-0.36372994503463363,-4.894932581767762,-0.9241262853168797,20.0,1.0
3.074,-0.35553550720214844,-0.35553550720214844,-3.613186836242676,-0.368623082682544,-4.891318567407751,-1.5398832407729868,20.0,1.0
3.075,-0.35973167419433594,-0.35973167419433594,-4.4571428298950195,-0.37351258216945016,-4.887656277706412,-0.7061316073136772,20.0,1.0
3.076,-0.36354637145996094,-0.36354637145996094,-3.7186813354492188,-0.37839839523795793,-4.88394574881201,-1.4623048889227315,20.0,1.0
3.077,-0.36812400817871094,-0.36812400817871094,-4.386813163757324,-0.3832804736670731,-4.8801870173464295,-0.796503163356348,20.0,1.0
3.078,-0.37117576599121094,-0.37117576599121094,-3.4461536407470703,-0.38815876927264975,-4.87638012040415,-1.7698865452858559,20.0,1.0
3.079,-0.37575340270996094,-0.37575340270996094,-4.545055389404297,-0.3930332339078824,-4.872525095558387,-0.6730663301125202,20.0,1.0
3.08,-0.37956809997558594,-0.37956809997558594,-3.5516481399536133,-0.3979038194637676,-4.868621980856858,-1.6836882306668786,20.0,1.0
3.081,-0.38414573669433594,-0.38414573669433594,-4.545055389404297,-0.4027704778695951,-4.864670814822148,-0.6921102489230337,20.0,1.0
3.082,-0.38719749450683594,-0.38719749450683594,-3.3582420349121094,-0.40763316109341086,-4.860671636449354,-1.9111429332687426,20.0,1.0
3.083,-0.39177513122558594,-0.39177513122558594,-4.518681526184082,-0.4124918211424949,-4.856624485210972,-0.7522767573650688,20.0,1.0
3.084,-0.39520835876464844,-0.39520835876464844,-3.5164833068847656,-0.4173464100638339,-4.852529401050617,-1.7788071201495606,20.0,1.0
3.085,-0.39978599548339844,-0.39978599548339844,-4.492307662963867,-0.4221968799445951,-4.848386424383108,-0.8042964506431738,20.0,1.0
3.086,-0.40360069274902344,-0.40360069274902344,-3.384614944458008,-0.4270431829125991,-4.844195596099297,-1.928430454912802,20.0,1.0
3.087,-0.40741634368896484,-0.40741634368896484,-4.210988998413086,-0.43188527113679476,-4.839956957560275,-1.1183465081037878,20.0,1.0
3.088,-0.41123104095458984,-0.41123104095458984,-3.7186813354492188,-0.4367230968277207,-4.835670550599787,-1.626830332613185,20.0,1.0
3.089,-0.41542720794677734,-0.41542720794677734,-4.087912559509277,-0.44155661223799325,-4.831336417523431,-1.266011943838472,20.0,1.0
3.09,-0.41924190521240234,-0.41924190521240234,-3.692307472229004,-0.4463857696627665,-4.8269546011061095,-1.6775244178843887,20.0,1.0
3.091,-0.42305660247802734,-0.42305660247802734,-3.7010984420776367,-0.4512105214402065,-4.822525144596682,-1.6845050817626286,20.0,1.0
3.092,-0.42687129974365234,-0.42687129974365234,-4.19340705871582,-0.45603081995196093,-4.818048091712029,-1.2078314371623806,20.0,1.0
3.093,-0.43068599700927734,-0.43068599700927734,-3.560439109802246,-0.4608466176236295,-4.813523486636797,-1.8562967891215936,20.0,1.0
3.094,-0.43450069427490234,-0.43450069427490234,-4.290109634399414,-0.4656578669252334,-4.808951374028368,-1.1419851926355753,20.0,1.0
3.095,-0.43793392181396484,-0.43793392181396484,-3.2087907791137695,-0.4704645203716873,-4.80433179901101,-2.246152991051689,20.0,1.0
3.096,-0.44213008880615234,-0.44213008880615234,-4.395604133605957,-0.4752665305232565,-4.799664807178033,-1.0667895079141592,20.0,1.0
3.097,-0.44556331634521484,-0.44556331634521484,-3.3054943084716797,-0.4800638499860423,-4.794950444591478,-2.179466808936348,20.0,1.0
3.098,-0.45014095306396484,-0.45014095306396484,-4.378022193908691,-0.4848564314124384,-4.790188757778765,-1.1064761308395443,20.0,1.0
3.099,-0.45357418060302734,-0.45357418060302734,-3.287912368774414,-0.48964422750160086,-4.785379793737917,-2.2188683629349732,20.0,1.0
3.1,-0.45738887786865234,-0.45738887786865234,-3.9648351669311523,-0.49442719099991533,-4.780523599931541,-1.5564546956256489,20.0,1.0
3.101,-0.46120357513427734,-0.46120357513427734,-3.8065929412841797,-0.4992052747014629,-4.775620224286115,-1.7290612743456468,20.0,1.0
3.102,-0.46501827239990234,-0.46501827239990234,-3.797801971435547,-0.5039784314484865,-4.770669715197386,-1.7520709247335224,20.0,1.0
3.103,-0.46883392333984375,-0.46883392333984375,-3.9384613037109375,-0.5087466141318587,-4.76567212152429,-1.6254646336536518,20.0,1.0
3.104,-0.47226715087890625,-0.47226715087890625,-3.287912368774414,-0.5135097756915362,-4.760627492590999,-2.297567620069184,20.0,1.0
3.105,-0.47646331787109375,-0.47646331787109375,-4.439560890197754,-0.5182678691170397,-4.755535878185242,-1.152066012906407,20.0,1.0
3.106,-0.47989654541015625,-0.47989654541015625,-3.270329475402832,-0.5230208474479057,-4.750397328561917,-2.342553893914073,20.0,1.0
3.107,-0.48409271240234375,-0.48409271240234375,-4.281318664550781,-0.5277686637741646,-4.74521189443584,-1.337412257321477,20.0,1.0
3.108,-0.48752593994140625,-0.48752593994140625,-3.173625946044922,-0.5325112712367784,-4.739979626982461,-2.4660603068449825,20.0,1.0
3.109,-0.49134063720703125,-0.49134063720703125,-4.0615386962890625,-0.5372486230281285,-4.734700577844023,-1.5913215979769055,20.0,1.0
3.11,-0.49477386474609375,-0.49477386474609375,-3.578022003173828,-0.5419806723924654,-4.729374799122695,-2.0954889488762998,20.0,1.0
3.111,-0.49897003173828125,-0.49897003173828125,-3.8065929412841797,-0.5467073726263749,-4.724002343379709,-1.8721562198574029,20.0,1.0
3.112,-0.5024032592773438,-0.5024032592773438,-3.6747255325317383,-0.5514286770792259,-4.718583263641847,-2.0243660871477522,20.0,1.0
3.113,-0.5054550170898438,-0.5054550170898438,-3.270329475402832,-0.5561445391536576,-4.713117613393763,-2.4565785792672075,20.0,1.0
3.114,-0.5100326538085938,-0.5100326538085938,-4.079120635986328,-0.5608549123060124,-4.707605446576622,-1.6449299805386661,20.0,1.0
3.115,-0.5130844116210938,-0.5130844116210938,-3.3142852783203125,-0.5655597500468118,-4.702046817593953,-2.4372683077880013,20.0,1.0
3.116,-0.5172805786132812,-0.5172805786132812,-4.149450302124023,-0.5702590059412013,-4.696441781307101,-1.6065600257414778,20.0,1.0
3.117,-0.5203323364257812,-0.5203323364257812,-3.059340476989746,-0.574952633609425,-4.690790393036195,-2.723855859719323,20.0,1.0
3.118,-0.5241470336914062,-0.5241470336914062,-3.8593406677246094,-0.5796405867272726,-4.6850927085568514,-1.9356231015495688,20.0,1.0
3.119,-0.5275802612304688,-0.5275802612304688,-3.6307687759399414,-0.5843228190265397,-4.679348784105002,-2.18343116408648,20.0,1.0
3.12,-0.5313959121704102,-0.5313959121704102,-3.4989013671875,-0.5889992842954836,-4.67355867637076,-2.32672475168473,20.0,1.0
3.121,-0.5352106094360352,-0.5352106094360352,-3.8329668045043945,-0.5936699363792802,-4.667722442498189,-2.0039421768586956,20.0,1.0
3.122,-0.5382623672485352,-0.5382623672485352,-3.085714340209961,-0.598334729180479,-4.661840140089851,-2.777573038518767,20.0,1.0
3.123,-0.5424585342407227,-0.5424585342407227,-4.19340705871582,-0.6029936166594609,-4.65591182720101,-1.673206416859955,20.0,1.0
3.124,-0.5455102920532227,-0.5455102920532227,-3.085714340209961,-0.6076465528348822,-4.649937562341961,-2.8069484377651914,20.0,1.0
3.125,-0.5493249893188477,-0.5493249893188477,-4.0,-0.6122934917841438,-4.643917404476554,-1.903287453782477,20.0,1.0
3.126,-0.5527582168579102,-0.5527582168579102,-3.3406591415405273,-0.6169343876438343,-4.637851413020314,-2.580715687198271,20.0,1.0
3.1270000000000002,-0.5561914443969727,-0.5561914443969727,-3.287912368774414,-0.6215691946101853,-4.631739647843915,-2.6513822833337546,20.0,1.0
3.128,-0.5600061416625977,-0.5600061416625977,-3.9296703338623047,-0.6261978669395232,-4.625582169268114,-2.0197463409443195,20.0,1.0
3.129,-0.5634393692016602,-0.5634393692016602,-3.1560440063476562,-0.6308203589487206,-4.619379038062789,-2.810954826656341,20.0,1.0
3.13,-0.5672540664672852,-0.5672540664672852,-4.017582893371582,-0.6354366250156477,-4.613130315451485,-1.9591985930471538,20.0,1.0
3.1310000000000002,-0.5699243545532227,-0.5699243545532227,-2.9362640380859375,-0.6400466195796246,-4.60683606310613,-3.073017325548231,20.0,1.0
3.132,-0.5737390518188477,-0.5737390518188477,-3.6483516693115234,-0.644650297141861,-4.600496343148393,-2.3703695802971354,20.0,1.0
3.133,-0.5771722793579102,-0.5771722793579102,-3.5164833068847656,-0.6492476122659204,-4.594111218149351,-2.5191345694247906,20.0,1.0
3.134,-0.5806055068969727,-0.5806055068969727,-3.2175827026367188,-0.6538385195781586,-4.587680751126243,-2.8347583021132436,20.0,1.0
3.1350000000000002,-0.5844202041625977,-0.5844202041625977,-3.815384864807129,-0.6584229737681739,-4.581205005547304,-2.2458755328517004,20.0,1.0
3.136,-0.5870904922485352,-0.5870904922485352,-2.874725341796875,-0.6630009295892543,-4.574684045325398,-3.2181674503429054,20.0,1.0
3.137,-0.5909051895141602,-0.5909051895141602,-3.7274723052978516,-0.6675723418588237,-4.568117934817906,-2.373988676413326,20.0,1.0
3.138,-0.5943393707275391,-0.5943393707275391,-3.3230772018432617,-0.672137165458889,-4.561506738830872,-2.794385431614609,20.0,1.0
3.1390000000000002,-0.5973911285400391,-0.5973911285400391,-3.2175827026367188,-0.6766953553364865,-4.554850522613606,-2.923352355905836,20.0,1.0
3.14,-0.6012058258056641,-0.6012058258056641,-3.709890365600586,-0.6812468665041173,-4.548149351860275,-2.4390798002287526,20.0,1.0
3.141,-0.6038761138916016,-0.6038761138916016,-2.84835147857666,-0.685791654040206,-4.541403292708026,-3.331362617103455,20.0,1.0
3.142,-0.6076908111572266,-0.6076908111572266,-3.709890365600586,-0.6903296730895323,-4.534612411740284,-2.4774992847858126,20.0,1.0
3.1430000000000002,-0.6107425689697266,-0.6107425689697266,-3.2263736724853516,-0.6948608788636875,-4.527776775979646,-2.983769301373514,20.0,1.0
3.144,-0.6145572662353516,-0.6145572662353516,-3.3318681716918945,-0.6993852266414926,-4.520896452888621,-2.8855874893195477,20.0,1.0
3.145,-0.6179904937744141,-0.6179904937744141,-3.586812973022461,-0.7039026717694639,-4.513971510375086,-2.645402097253621,20.0,1.0
3.146,-0.6206607818603516,-0.6206607818603516,-2.795604705810547,-0.7084131696622418,-4.507002016785407,-3.466445067012664,20.0,1.0
3.1470000000000002,-0.6244754791259766,-0.6244754791259766,-3.7362632751464844,-0.7129166758030356,-4.499988040905009,-2.5325486992997064,20.0,1.0
3.148,-0.6275272369384766,-0.6275272369384766,-3.0241756439208984,-0.7174131457440529,-4.4929296519579225,-3.266472184148551,20.0,1.0
3.149,-0.6309604644775391,-0.6309604644775391,-3.2351646423339844,-0.7219025351069506,-4.485826919610588,-3.069503689864834,20.0,1.0
3.15,-0.6343936920166016,-0.6343936920166016,-3.586812973022461,-0.7263847995832731,-4.478679913964129,-2.731689092275098,20.0,1.0
3.1510000000000002,-0.6370639801025391,-0.6370639801025391,-2.6109886169433594,-0.7308598949348797,-4.471488705553327,-3.73641838525678,20.0,1.0
3.152,-0.6404972076416016,-0.6404972076416016,-3.5956039428710938,-0.7353277769943808,-4.464253365354068,-2.765260809538559,20.0,1.0
3.153,-0.6435489654541016,-0.6435489654541016,-3.138461112976074,-0.7397884016655868,-4.45697396477658,-3.2433015760302104,20.0,1.0
3.154,-0.6466007232666016,-0.6466007232666016,-2.980219841003418,-0.744241724923933,-4.449650575664521,-3.422250767807732,20.0,1.0
3.1550000000000002,-0.6500339508056641,-0.6500339508056641,-3.6571426391601562,-0.7486877028169168,-4.44228327029856,-2.758215671363458,20.0,1.0
3.156,-0.6530857086181641,-0.6530857086181641,-2.584615707397461,-0.7531262914645311,-4.434872121391265,-3.851068070921146,20.0,1.0
3.157,-0.6561374664306641,-0.6561374664306641,-3.1560440063476562,-0.7575574470596983,-4.427417202085451,-3.299772808318479,20.0,1.0
3.158,-0.659571647644043,-0.659571647644043,-3.4109888076782227,-0.7619811258687011,-4.4199185859596355,-3.0571193427745764,20.0,1.0
3.1590000000000003,-0.6622419357299805,-0.6622419357299805,-2.8131866455078125,-0.7663972842316185,-4.412376347021393,-3.6822966715463403,20.0,1.0
3.16,-0.665675163269043,-0.665675163269043,-3.4637365341186523,-0.770805878562745,-4.4047905597096815,-3.043668331465069,20.0,1.0
3.161,-0.668726921081543,-0.668726921081543,-2.857142448425293,-0.7752068653510369,-4.3971612988938205,-3.669617735858406,20.0,1.0
3.162,-0.6713972091674805,-0.6713972091674805,-2.953845977783203,-0.7796002011605316,-4.389488639870194,-3.5997025019480144,20.0,1.0
3.1630000000000003,-0.674830436706543,-0.674830436706543,-3.4637365341186523,-0.7839858426307782,-4.3817726583666285,-3.1011442427326807,20.0,1.0
3.164,-0.677882194519043,-0.677882194519043,-2.778021812438965,-0.7883637464772659,-4.374013430536991,-3.805622657262485,20.0,1.0
3.165,-0.6813154220581055,-0.6813154220581055,-3.3582420349121094,-0.7927338694918512,-4.366211032959654,-3.23633794672246,20.0,1.0
3.166,-0.6843671798706055,-0.6843671798706055,-3.068131446838379,-0.7970961685431842,-4.358365542642389,-3.544813869255585,20.0,1.0
3.1670000000000003,-0.687037467956543,-0.687037467956543,-2.690110206604004,-0.8014506005771369,-4.350477037016503,-3.948629482824378,20.0,1.0
3.168,-0.690089225769043,-0.690089225769043,-3.40219783782959,-0.8057971226172183,-4.342545593938382,-3.254505693072298,20.0,1.0
3.169,-0.693140983581543,-0.693140983581543,-2.874725341796875,-0.8101356917650127,-4.334571291688519,-3.799740113561038,20.0,1.0
3.17,-0.696192741394043,-0.696192741394043,-3.0241756439208984,-0.8144662652005943,-4.326554208969242,-3.6678490411793696,20.0,1.0
3.1710000000000003,-0.6996259689331055,-0.6996259689331055,-3.4285717010498047,-0.818788800182952,-4.318494424907328,-3.2731793488544536,20.0,1.0
3.172,-0.702296257019043,-0.702296257019043,-2.540658950805664,-0.82310325405041,-4.310392019049914,-4.18587300887159,20.0,1.0
3.173,-0.7049665451049805,-0.7049665451049805,-2.9274721145629883,-0.8274095842210509,-4.302247071362672,-3.8236357391210927,20.0,1.0
3.174,-0.708399772644043,-0.708399772644043,-3.375823974609375,-0.8317077481931343,-4.294059662233849,-3.384395198606301,20.0,1.0
3.1750000000000003,-0.7110700607299805,-0.7110700607299805,-2.5318679809570312,-0.8359977035455195,-4.285829872469492,-4.252514747823241,20.0,1.0
3.176,-0.7141218185424805,-0.7141218185424805,-3.1472530364990234,-0.8402794079380742,-4.277557783294299,-3.65345653470715,20.0,1.0
3.177,-0.7171735763549805,-0.7171735763549805,-3.0329666137695312,-0.8445528191121071,-4.269243476349629,-3.783861717722631,20.0,1.0
3.178,-0.7194633483886719,-0.7194633483886719,-2.356043815612793,-0.8488178948907725,-4.260887033696918,-4.491934148126138,20.0,1.0
3.1790000000000003,-0.7225151062011719,-0.7225151062011719,-3.1472530364990234,-0.853074593179502,-4.252488537810507,-3.716425240878085,20.0,1.0
3.18,-0.7255668640136719,-0.7255668640136719,-2.971428871154785,-0.8573228719663946,-4.244048071577481,-3.9077393594771497,20.0,1.0
3.181,-0.7278556823730469,-0.7278556823730469,-2.4439563751220703,-0.861562689322656,-4.235565718303519,-4.465749482173631,20.0,1.0
3.182,-0.7312889099121094,-0.7312889099121094,-3.270329475402832,-0.8657940034030007,-4.227041561706301,-3.6468139561212958,20.0,1.0
3.1830000000000003,-0.7343406677246094,-0.7343406677246094,-2.760439872741699,-0.8700167724460695,-4.218475685915109,-4.171557907602612,20.0,1.0
3.184,-0.7366294860839844,-0.7366294860839844,-2.382417678833008,-0.8742309547748319,-4.20986817547049,-4.579479870454433,20.0,1.0
3.185,-0.7400627136230469,-0.7400627136230469,-3.243955612182617,-0.8784365087970095,-4.201219115327831,-3.7247394066244666,20.0,1.0
3.186,-0.7423515319824219,-0.7423515319824219,-2.8219776153564453,-0.8826333930054867,-4.192528590850316,-4.1761881959551665,20.0,1.0
3.1870000000000003,-0.7450218200683594,-0.7450218200683594,-2.487912178039551,-0.886821565978711,-4.183796687806762,-4.531879427974243,20.0,1.0
3.188,-0.7484550476074219,-0.7484550476074219,-3.287912368774414,-0.8910009863811011,-4.175023492378614,-3.738029899077785,20.0,1.0
3.189,-0.7511253356933594,-0.7511253356933594,-2.6285715103149414,-0.8951716129634673,-4.166209091154315,-4.418563126241531,20.0,1.0
3.19,-0.7534141540527344,-0.7534141540527344,-2.2945051193237305,-0.8993334045634088,-4.1573535711284535,-4.781233462018212,20.0,1.0
3.1910000000000003,-0.7564659118652344,-0.7564659118652344,-3.164834976196289,-0.903486320105725,-4.148457019699947,-3.9240302083134715,20.0,1.0
3.192,-0.7591361999511719,-0.7591361999511719,-2.8043956756591797,-0.9076303186028096,-4.139519524676473,-4.305006222050048,20.0,1.0
3.193,-0.7618064880371094,-0.7618064880371094,-2.382417678833008,-0.9117653591550771,-4.130541174267762,-4.747300917794108,20.0,1.0
3.194,-0.7648582458496094,-0.7648582458496094,-3.164834976196289,-0.9158914009513442,-4.121522057084235,-3.977350182922643,20.0,1.0
3.1950000000000003,-0.7675285339355469,-0.7675285339355469,-2.672527313232422,-0.9200084032692465,-4.112462262141776,-4.4895323355833465,20.0,1.0
3.196,-0.7694358825683594,-0.7694358825683594,-2.1890106201171875,-0.9241163254756288,-4.103361878856845,-5.007960116885046,20.0,1.0
3.197,-0.7728691101074219,-0.7728691101074219,-2.971428871154785,-0.9282151270269593,-4.094220997046875,-4.229712464282839,20.0,1.0
3.198,-0.7755393981933594,-0.7755393981933594,-2.9274721145629883,-0.9323047674697217,-4.085039706927944,-4.292874977892202,20.0,1.0
3.1990000000000003,-0.7778282165527344,-0.7778282165527344,-2.2065935134887695,-0.9363852064408159,-4.07581809911693,-5.040364383389791,20.0,1.0
3.2,-0.7804985046386719,-0.7804985046386719,-2.84835147857666,-0.9404564036679566,-4.0665562646277635,-4.417362766636797,20.0,1.0
3.201,-0.7835512161254883,-0.7835512161254883,-2.9450550079345703,-0.9445183189700705,-4.05725429486904,-4.331541343826115,20.0,1.0
3.202,-0.7858400344848633,-0.7858400344848633,-2.145054817199707,-0.9485709122576937,-4.047912281648507,-5.15747501990541,20.0,1.0
3.203,-0.7881288528442383,-0.7881288528442383,-2.4703292846679688,-0.9526141435333667,-4.038530317168181,-4.857906846282781,20.0,1.0
3.204,-0.7911806106567383,-0.7911806106567383,-3.1208791732788086,-0.9566479728920311,-4.02910849402366,-4.217576565450708,20.0,1.0
3.205,-0.7934694290161133,-0.7934694290161133,-2.2857141494750977,-0.960672360521415,-4.019646905204866,-5.077991385835803,20.0,1.0
3.206,-0.7961397171020508,-0.7961397171020508,-2.4703292846679688,-0.9646872667024399,-4.010145644094052,-4.910767351433865,20.0,1.0
3.207,-0.7991914749145508,-0.7991914749145508,-3.1296701431274414,-0.9686926518096023,-4.000604804463876,-4.260958199237464,20.0,1.0
3.208,-0.8014802932739258,-0.8014802932739258,-2.2857141494750977,-0.9726884763113685,-3.9910244804801778,-5.129473991753933,20.0,1.0
3.209,-0.8037691116333008,-0.8037691116333008,-2.1802196502685547,-0.9766747007705636,-3.9814047666970396,-5.259296899173742,20.0,1.0
3.21,-0.8064393997192383,-0.8064393997192383,-2.9098901748657227,-0.9806512858447617,-3.971745758055363,-4.546093305700108,20.0,1.0
3.211,-0.8091096878051758,-0.8091096878051758,-2.6197805404663086,-0.9846181922866735,-3.9620475498867336,-4.852437099050379,20.0,1.0
3.212,-0.8113985061645508,-0.8113985061645508,-2.136263847351074,-0.988575380944536,-3.952310237907966,-5.359583886156596,20.0,1.0
3.213,-0.8140687942504883,-0.8140687942504883,-2.6989011764526367,-0.9925228127624903,-3.9425339182216135,-4.812713112009018,20.0,1.0
3.214,-0.8171205520629883,-0.8171205520629883,-2.8923072814941406,-0.9964604487809784,-3.93271868731847,-4.627209340184132,20.0,1.0
3.215,-0.8190279006958008,-0.8190279006958008,-2.057143211364746,-1.0003882501371264,-3.922864642070806,-5.492928419532572,20.0,1.0
3.216,-0.8213167190551758,-0.8213167190551758,-2.241758346557617,-1.0043061780651208,-3.912971879731572,-5.331002713372855,20.0,1.0
3.217,-0.8243684768676758,-0.8243684768676758,-3.085714340209961,-1.0082141938965905,-3.9030404979394575,-4.494240498307791,20.0,1.0
3.218,-0.8266572952270508,-0.8266572952270508,-2.3120880126953125,-1.0121122590609988,-3.8930705947134356,-5.290081858697083,20.0,1.0
3.219,-0.8289461135864258,-0.8289461135864258,-2.118680953979492,-1.0160003350860165,-3.8830622684526475,-5.50546574446497,20.0,1.0
3.22,-0.8316164016723633,-0.8316164016723633,-2.778021812438965,-1.0198783835979048,-3.873015617933504,-4.86023344400537,20.0,1.0
3.221,-0.8342866897583008,-0.8342866897583008,-2.5494508743286133,-1.0237463663218844,-3.862930742314859,-5.1026733992579185,20.0,1.0
3.222,-0.8361940383911133,-0.8361940383911133,-1.9868125915527344,-1.0276042450825338,-3.852807741130448,-5.694199283406124,20.0,1.0
3.223,-0.8384828567504883,-0.8384828567504883,-2.329669952392578,-1.0314519818041445,-3.842646714288321,-5.372359262968868,20.0,1.0
3.224,-0.8411531448364258,-0.8411531448364258,-2.9274721145629883,-1.0352895385111112,-3.8324477620742528,-4.787703521004972,20.0,1.0
3.225,-0.8434419631958008,-0.8434419631958008,-2.162637710571289,-1.039116877328294,-3.8222109851477626,-5.573071557226337,20.0,1.0
3.226,-0.8457317352294922,-0.8457317352294922,-2.1098899841308594,-1.0429339604814059,-3.811936484542116,-5.64609100544953,20.0,1.0
3.227,-0.8484020233154297,-0.8484020233154297,-2.6989011764526367,-1.0467407502973773,-3.801624361661652,-5.0694977248479685,20.0,1.0
3.228,-0.8506908416748047,-0.8506908416748047,-2.4439563751220703,-1.0505372092047298,-3.791274718283944,-5.344245693760376,20.0,1.0
3.229,-0.8525981903076172,-0.8525981903076172,-1.9516487121582031,-1.0543232997339462,-3.7808876565565015,-5.863741132924879,20.0,1.0
3.23,-0.8548870086669922,-0.8548870086669922,-2.2945051193237305,-1.058098984517842,-3.770463278993475,-5.540197676686739,20.0,1.0
3.231,-0.8575572967529297,-0.8575572967529297,-2.769230842590332,-1.0618642262919324,-3.7600016884803154,-5.0769094366700385,20.0,1.0
3.232,-0.8598461151123047,-0.8598461151123047,-2.145054817199707,-1.0656189878948032,-3.7495029882678637,-5.719905626718128,20.0,1.0
3.233,-0.8621349334716797,-0.8621349334716797,-2.0747251510620117,-1.0693632322684692,-3.738967281974965,-5.808808106848743,20.0,1.0
3.234,-0.8648052215576172,-0.8648052215576172,-2.6021976470947266,-1.0730969224587523,-3.7283946735844893,-5.292031044512465,20.0,1.0
3.235,-0.8670940399169922,-0.8670940399169922,-2.382417678833008,-1.0768200216156372,-3.717785267442764,-5.529887222582656,20.0,1.0
3.236,-0.8690013885498047,-0.8690013885498047,-1.8549442291259766,-1.0805324929936388,-3.7071391682624153,-6.082817028013122,20.0,1.0
3.237,-0.8709087371826172,-0.8709087371826172,-1.9956035614013672,-1.084234299952163,-3.696456481115888,-5.967364175105438,20.0,1.0
3.238,-0.8731975555419922,-0.8731975555419922,-2.567032814025879,-1.0879254059558698,-3.6857373114355596,-5.413261505687234,20.0,1.0
3.239,-0.8758678436279297,-0.8758678436279297,-2.268132209777832,-1.0916057745750334,-3.6749817650161276,-5.7216081741803695,20.0,1.0
3.24,-0.8773937225341797,-0.8773937225341797,-1.8549442291259766,-1.0952753694859028,-3.664189948009721,-6.166878657918206,20.0,1.0
3.241,-0.8796825408935547,-0.8796825408935547,-2.171428680419922,-1.0989341544710538,-3.653361966927946,-5.8669655580580065,20.0,1.0
3.242,-0.8823528289794922,-0.8823528289794922,-2.637362480163574,-1.1025820934197579,-3.6424979286385906,-5.40972073728033,20.0,1.0
3.243,-0.8846416473388672,-0.8846416473388672,-2.039560317993164,-1.1062191503283303,-3.6315979403647134,-6.023587682160811,20.0,1.0
3.244,-0.8861675262451172,-0.8861675262451172,-1.8109893798828125,-1.109845289300488,-3.6206621096857816,-6.283227990910385,20.0,1.0
3.245,-0.8884563446044922,-0.8884563446044922,-2.15384578704834,-1.1134604745477026,-3.60969054453426,-5.955927356350128,20.0,1.0
3.246,-0.8911266326904297,-0.8911266326904297,-2.6549453735351562,-1.1170646703895557,-3.5986833531939055,-5.46249873364127,20.0,1.0
3.247,-0.8930339813232422,-0.8930339813232422,-1.9692306518554688,-1.1206578412540895,-3.5876406443017004,-6.170887191063178,20.0,1.0
3.248,-0.8949413299560547,-0.8949413299560547,-1.837362289428711,-1.1242399516781598,-3.5765625268443273,-6.325172671857719,20.0,1.0
3.249,-0.8972301483154297,-0.8972301483154297,-2.3208789825439453,-1.127810966307779,-3.565449110158852,-5.856186487461895,20.0,1.0
3.25,-0.8999004364013672,-0.8999004364013672,-2.5142860412597656,-1.1313708498984767,-3.5543005039291984,-5.669422732611623,20.0,1.0
3.251,-0.9018077850341797,-0.9018077850341797,-1.8197803497314453,-1.1349195673156367,-3.5431168181896737,-6.385572114087369,20.0,1.0
3.2520000000000002,-0.9033336639404297,-0.9033336639404297,-1.7318687438964844,-1.1384570835348569,-3.5318981633182602,-6.502497811310319,20.0,1.0
3.253,-0.9056224822998047,-0.9056224822998047,-2.2329673767089844,-1.141983363642274,-3.520644650036843,-6.014894900177246,20.0,1.0
3.254,-0.9079122543334961,-0.9079122543334961,-2.435164451599121,-1.1454983728349297,-3.5093563894141653,-5.825914307843717,20.0,1.0
3.255,-0.9098196029663086,-0.9098196029663086,-1.8285713195800781,-1.1490020764211015,-3.498033492860827,-6.453111642376608,20.0,1.0
3.2560000000000002,-0.9117269515991211,-0.9117269515991211,-1.8285713195800781,-1.1524944398206523,-3.486676072128148,-6.473454516978693,20.0,1.0
3.257,-0.9140157699584961,-0.9140157699584961,-2.268132209777832,-1.1559754285653587,-3.4752842393110086,-6.046345201670429,20.0,1.0
3.258,-0.9163045883178711,-0.9163045883178711,-2.373626708984375,-1.1594450082992735,-3.463858106842622,-5.953039797486296,20.0,1.0
3.259,-0.9182119369506836,-0.9182119369506836,-1.7670326232910156,-1.1629031447790432,-3.4523977874922593,-6.579189320768436,20.0,1.0
3.2600000000000002,-0.9197378158569336,-0.9197378158569336,-1.6967029571533203,-1.1663498038742588,-3.440903394369343,-6.676440197562527,20.0,1.0
3.261,-0.9216451644897461,-0.9216451644897461,-2.065934181213379,-1.1697849515677827,-3.4293750409188988,-6.3262366012662525,20.0,1.0
3.262,-0.9243154525756836,-0.9243154525756836,-2.4263734817504883,-1.173208553956096,-3.4178128409216697,-5.969301386779428,20.0,1.0
3.263,-0.9262228012084961,-0.9262228012084961,-1.8197803497314453,-1.1766205772496252,-3.4062169084905918,-6.594392079581729,20.0,1.0
3.2640000000000002,-0.9277486801147461,-0.9277486801147461,-1.7054939270019531,-1.1800209877730778,-3.3945873580745456,-6.7345395842392275,20.0,1.0
3.265,-0.9300374984741211,-0.9300374984741211,-1.9956035614013672,-1.183409751965775,-3.382924304452331,-6.45476581288404,20.0,1.0
3.266,-0.9323263168334961,-0.9323263168334961,-2.356043815612793,-1.1867868363819818,-3.3712278627323258,-6.104394438089247,20.0,1.0
3.267,-0.9342336654663086,-0.9342336654663086,-1.8109893798828125,-1.190152207691239,-3.35949814835476,-6.666879612970555,20.0,1.0
3.2680000000000002,-0.9353780746459961,-0.9353780746459961,-1.582418441772461,-1.193505832678692,-3.3477352770863718,-6.92787199596783,20.0,1.0
3.269,-0.9372854232788086,-0.9372854232788086,-1.7846145629882812,-1.1968476782454125,-3.3359393650221136,-6.74256990136591,20.0,1.0
3.27,-0.9395742416381836,-0.9395742416381836,-2.241758346557617,-1.2001777114087355,-3.324110528583333,-6.294421577436754,20.0,1.0
3.271,-0.9414815902709961,-0.9414815902709961,-2.1010990142822266,-1.2034958993025784,-3.3122488845148155,-6.451436050864235,20.0,1.0
3.2720000000000002,-0.9433889389038086,-0.9433889389038086,-1.6351642608642578,-1.206802209177766,-3.300354549887743,-6.933455694502632,20.0,1.0
3.273,-0.9449148178100586,-0.9449148178100586,-1.6527481079101562,-1.2100966084023548,-3.2884276420945753,-6.939315346030343,20.0,1.0
3.274,-0.9472036361694336,-0.9472036361694336,-2.057143211364746,-1.2133790644619544,-3.2764682788473465,-6.542833633333017,20.0,1.0
3.275,-0.9494924545288086,-0.9494924545288086,-2.2329673767089844,-1.2166495449600487,-3.264476578181302,-6.3746510100971205,20.0,1.0
3.2760000000000002,-0.9510183334350586,-0.9510183334350586,-1.6439552307128906,-1.2199080176183175,-3.2524526584489877,-6.9862911114012745,20.0,1.0
3.277,-0.9525442123413086,-0.9525442123413086,-1.5208797454833984,-1.2231544502769474,-3.2403966383217266,-7.1317216515511035,20.0,1.0
3.278,-0.9544515609741211,-0.9544515609741211,-1.7758235931396484,-1.22638881089496,-3.2283086367880287,-6.89123004206516,20.0,1.0
3.279,-0.9563589096069336,-0.9563589096069336,-2.1890106201171875,-1.2296110675505227,-3.2161887731510888,-6.492221311905684,20.0,1.0
3.2800000000000002,-0.9582662582397461,-0.9582662582397461,-1.960439682006836,-1.232821188441263,-3.2040371670296963,-6.734696089053198,20.0,1.0
3.281,-0.9601736068725586,-0.9601736068725586,-1.582418441772461,-1.236019141884583,-3.191853938355621,-7.126346196823647,20.0,1.0
3.282,-0.9616994857788086,-0.9616994857788086,-1.5912094116210938,-1.2392048963179736,-3.179639207371565,-7.138538006533771,20.0,1.0
3.283,-0.9636068344116211,-0.9636068344116211,-1.9956035614013672,-1.2423784202993253,-3.167393094632075,-6.747221250984793,20.0,1.0
3.2840000000000003,-0.9655141830444336,-0.9655141830444336,-2.118680953979492,-1.2455396825072385,-3.155115721001266,-6.636944756277871,20.0,1.0
3.285,-0.9674215316772461,-0.9674215316772461,-1.6000003814697266,-1.2486886517413285,-3.1428072076520266,-7.168149227463948,20.0,1.0
3.286,-0.9685659408569336,-0.9685659408569336,-1.4329662322998047,-1.2518252969225416,-3.130467676063404,-7.36268856507576,20.0,1.0
3.287,-0.9704742431640625,-0.9704742431640625,-1.6439552307128906,-1.2549495870934546,-3.1180972480242417,-7.163648895899193,20.0,1.0
3.2880000000000003,-0.972381591796875,-0.972381591796875,-2.065934181213379,-1.2580614914185906,-3.1056960456245406,-6.753359856845473,20.0,1.0
3.289,-0.9742889404296875,-0.9742889404296875,-2.0043954849243164,-1.2611609791847043,-3.0932641912571626,-6.8263094814331815,20.0,1.0
3.29,-0.9758148193359375,-0.9758148193359375,-1.5120887756347656,-1.2642480198011044,-3.0808018076216968,-7.337377041290268,20.0,1.0
3.291,-0.9773406982421875,-0.9773406982421875,-1.4769229888916016,-1.267322582799947,-3.0683090177163876,-7.391023719979977,20.0,1.0
3.2920000000000003,-0.979248046875,-0.979248046875,-1.8109893798828125,-1.2703846378365378,-3.055785944838476,-7.067528384186419,20.0,1.0
3.293,-0.981536865234375,-0.981536865234375,-2.118680953979492,-1.2734341546896246,-3.0432327125878373,-6.7624975477133376,20.0,1.0
3.294,-0.983062744140625,-0.983062744140625,-1.8285713195800781,-1.2764711032617129,-3.0306494448598187,-7.070245307701498,20.0,1.0
3.295,-0.984588623046875,-0.984588623046875,-1.3802204132080078,-1.2794954535793437,-3.018036265844671,-7.535952463286037,20.0,1.0
3.2960000000000003,-0.986114501953125,-0.986114501953125,-1.371429443359375,-1.2825071757934028,-3.0053933000300503,-7.561817333476231,20.0,1.0
3.297,-0.987640380859375,-0.987640380859375,-1.661539077758789,-1.2855062401794044,-2.992720672196583,-7.288498780838382,20.0,1.0
3.298,-0.9895477294921875,-0.9895477294921875,-2.0747251510620117,-1.2884926171377953,-2.980018507418322,-6.884191109268466,20.0,1.0
3.299,-0.991455078125,-0.991455078125,-1.7846145629882812,-1.2914662771942405,-2.9672869310600163,-7.182896349456544,20.0,1.0
3.3000000000000003,-0.99298095703125,-0.99298095703125,-1.3626365661621094,-1.2944271909999157,-2.954526068778023,-7.6208141819892266,20.0,1.0
3.301,-0.9941253662109375,-0.9941253662109375,-1.3626365661621094,-1.2973753293317971,-2.9417360465173488,-7.644098742772432,20.0,1.0
3.302,-0.99603271484375,-0.99603271484375,-1.6527481079101562,-1.3003106630929497,-2.928916990508924,-7.361727847582762,20.0,1.0
3.303,-0.9979400634765625,-0.9979400634765625,-1.960439682006836,-1.3032331633128142,-2.9160690272724423,-7.061491341990641,20.0,1.0
3.3040000000000003,-0.9994659423828125,-0.9994659423828125,-1.6967029571533203,-1.306142801147495,-2.9031922836114745,-7.340026501751803,20.0,1.0
3.305,-1.0009918212890625,-1.0009918212890625,-1.3186817169189453,-1.3090395478800378,-2.890286886614831,-7.732559701515393,20.0,1.0
3.306,-1.00213623046875,-1.00213623046875,-1.2659339904785156,-1.311923374920724,-2.8773529636537205,-7.807161862214684,20.0,1.0
3.307,-1.003662109375,-1.003662109375,-1.5032958984375,-1.3147942538073445,-2.8643906423797034,-7.583737632589093,20.0,1.0
3.3080000000000003,-1.0055694580078125,-1.0055694580078125,-1.8549442291259766,-1.317652156205484,-2.8514000507269657,-7.238109785554418,20.0,1.0
3.309,-1.007476806640625,-1.007476806640625,-1.8461532592773438,-1.320497053908799,-2.838381316907544,-7.25263300299368,20.0,1.0
3.31,-1.0086212158203125,-1.0086212158203125,-1.4417591094970703,-1.3233289188392985,-2.8253345694099607,-7.67772952029261,20.0,1.0
3.311,-1.0101470947265625,-1.0101470947265625,-1.3450546264648438,-1.3261477230476184,-2.812259937000931,-7.787217876957206,20.0,1.0
3.3120000000000003,-1.0116729736328125,-1.0116729736328125,-1.4505500793457031,-1.328953438713301,-2.799157548721496,-7.694216770985564,20.0,1.0
3.313,-1.0131988525390625,-1.0131988525390625,-1.6527481079101562,-1.331746038145062,-2.7860275338869087,-7.504223138096744,20.0,1.0
3.314,-1.015106201171875,-1.015106201171875,-1.7318687438964844,-1.3345254937810742,-2.7728700220856126,-7.4293871303731125,20.0,1.0
3.315,-1.0162506103515625,-1.0162506103515625,-1.4769229888916016,-1.3372917781892326,-2.7596851431761706,-7.703585511037971,20.0,1.0
3.3160000000000003,-1.0177764892578125,-1.0177764892578125,-1.2395610809326172,-1.340044864067427,-2.74647302728863,-7.952279442548302,20.0,1.0
3.317,-1.0189208984375,-1.0189208984375,-1.2571430206298828,-1.3427847242438107,-2.733233804822021,-7.953367300318352,20.0,1.0
3.318,-1.02044677734375,-1.02044677734375,-1.4505500793457031,-1.3455113316770704,-2.719967606440491,-7.770708613761196,20.0,1.0
3.319,-1.02197265625,-1.02197265625,-1.6351642608642578,-1.3482246594566911,-2.706674563077172,-7.596550366346737,20.0,1.0
3.3200000000000003,-1.02349853515625,-1.02349853515625,-1.582418441772461,-1.3509246808032251,-2.6933548059282657,-7.659459277095308,20.0,1.0
3.321,-1.0250244140625,-1.0250244140625,-1.3186817169189453,-1.3536113690685483,-2.6800084664546375,-7.933065849656658,20.0,1.0
3.322,-1.0261688232421875,-1.0261688232421875,-1.2395610809326172,-1.3562846977361338,-2.66663567637886,-8.029392085325169,20.0,1.0
3.323,-1.027313232421875,-1.027313232421875,-1.3450546264648438,-1.3589446404213055,-2.653236567686463,-7.940810101210229,20.0,1.0
3.3240000000000003,-1.028839111328125,-1.028839111328125,-1.5208797454833984,-1.3615911708715072,-2.6398112726208183,-7.773972718005063,20.0,1.0
3.325,-1.0307464599609375,-1.0307464599609375,-1.6879119873046875,-1.3642242629665478,-2.6263599236827986,-7.608003996490316,20.0,1.0
3.326,-1.032273292541504,-1.032273292541504,-1.5032958984375,-1.3668438907188722,-2.6128826536328233,-7.80099871874269,20.0,1.0
3.327,-1.0334177017211914,-1.0334177017211914,-1.2307701110839844,-1.3694500282738127,-2.5993795954859706,-8.089256015454412,20.0,1.0
3.3280000000000003,-1.034562110900879,-1.034562110900879,-1.1956043243408203,-1.3720426499098446,-2.585850882511636,-8.13985733835013,20.0,1.0
3.329,-1.036087989807129,-1.036087989807129,-1.3186817169189453,-1.3746217300388368,-2.572296648232623,-8.024289735947836,20.0,1.0
3.33,-1.037613868713379,-1.037613868713379,-1.4945049285888672,-1.3771872432063093,-2.558717026424688,-7.855679587694428,20.0,1.0
3.331,-1.039139747619629,-1.039139747619629,-1.6791210174560547,-1.3797391640916856,-2.545112151113358,-7.6779794630984375,20.0,1.0
3.332,-1.040665626525879,-1.040665626525879,-1.4681320190429688,-1.3822774675085354,-2.5314821565723378,-7.895586957182499,20.0,1.0
3.333,-1.0418100357055664,-1.0418100357055664,-1.1956043243408203,-1.3848021284048306,-2.5178271773240795,-8.182064706968543,20.0,1.0
3.334,-1.042954444885254,-1.042954444885254,-1.2219772338867188,-1.3873131218631842,-2.504147348137849,-8.169343653809737,20.0,1.0
3.335,-1.044480323791504,-1.044480323791504,-1.3010997772216797,-1.389810423101106,-2.4904428040285893,-8.09594501299895,20.0,1.0
3.336,-1.0456247329711914,-1.0456247329711914,-1.4857139587402344,-1.3922940074712409,-2.4767136802538516,-7.924385211514607,20.0,1.0
3.337,-1.047532081604004,-1.047532081604004,-1.6175823211669922,-1.394763850461614,-2.4629601123151588,-7.790013168300368,20.0,1.0
3.338,-1.0486764907836914,-1.0486764907836914,-1.3978023529052734,-1.3972199276958719,-2.449182235955277,-8.022248621293613,20.0,1.0
3.339,-1.049820899963379,-1.049820899963379,-1.1076927185058594,-1.3996622149335238,-2.4353801871548058,-8.324513768051844,20.0,1.0
3.34,-1.0509653091430664,-1.0509653091430664,-1.0461540222167969,-1.402090688070181,-2.42155410213536,-8.397907658460852,20.0,1.0
3.341,-1.052109718322754,-1.052109718322754,-1.0725269317626953,-1.404505323137795,-2.4077041173544558,-8.383089281892584,20.0,1.0
3.342,-1.0532541275024414,-1.0532541275024414,-1.3010997772216797,-1.4069060963048903,-2.393830369505622,-8.16576996833292,20.0,1.0
3.343,-1.0547800064086914,-1.0547800064086914,-1.4329662322998047,-1.4092929838768058,-2.3799329955176063,-8.037226312580088,20.0,1.0
3.344,-1.0563058853149414,-1.0563058853149414,-1.4857139587402344,-1.4116659622959251,-2.3660121325514183,-7.987499713430858,20.0,1.0
3.345,-1.057450294494629,-1.057450294494629,-1.292306900024414,-1.4140250081419092,-2.3520679180011257,-8.191255290922317,20.0,1.0
3.346,-1.0585947036743164,-1.0585947036743164,-1.0549449920654297,-1.416370098131928,-2.338100489490671,-8.438663386577474,20.0,1.0
3.347,-1.059739112854004,-1.059739112854004,-1.0813179016113281,-1.41870120912089,-2.3241099848715976,-8.42203400859799,20.0,1.0
3.348,-1.0608835220336914,-1.0608835220336914,-1.1516475677490234,-1.4210183181016707,-2.3100965422255513,-8.361144895836112,20.0,1.0
3.349,-1.062027931213379,-1.062027931213379,-1.3450546264648438,-1.4233214022053413,-2.296060299858823,-8.176875093233228,20.0,1.0
3.35,-1.063553810119629,-1.063553810119629,-1.4769229888916016,-1.425610438701389,-2.2820013963040537,-8.046210979047654,20.0,1.0
3.351,-1.065079689025879,-1.065079689025879,-1.3802204132080078,-1.4278854049979488,-2.267919970316143,-8.143813876549533,20.0,1.0
3.352,-1.0662240982055664,-1.0662240982055664,-1.1428565979003906,-1.430146278642021,-2.2538161608748624,-8.389403171703563,20.0,1.0
3.353,-1.0669870376586914,-1.0669870376586914,-0.9582424163818359,-1.4323930373196987,-2.239690107177921,-8.589567684016231,20.0,1.0
3.354,-1.068131446838379,-1.068131446838379,-1.0109882354736328,-1.4346256588563773,-2.22554194864324,-8.544437953529574,20.0,1.0
3.355,-1.0692758560180664,-1.0692758560180664,-1.0637359619140625,-1.4368441212169847,-2.211371824908383,-8.499001166972686,20.0,1.0
3.356,-1.070420265197754,-1.070420265197754,-1.2571430206298828,-1.4390484025061934,-2.1971798758262366,-8.312599601365143,20.0,1.0
3.357,-1.071946144104004,-1.071946144104004,-1.3890113830566406,-1.4412384809686376,-2.1829662414655786,-8.179801595701612,20.0,1.0
3.358,-1.0730905532836914,-1.0730905532836914,-1.3098907470703125,-1.443414334989125,-2.168731062108918,-8.26531594914728,20.0,1.0
3.359,-1.074234962463379,-1.074234962463379,-1.1164836883544922,-1.445575943092855,-2.1544744782529506,-8.46481040248798,20.0,1.0
3.36,-1.0753793716430664,-1.0753793716430664,-0.9142856597900391,-1.4477232839456304,-2.140196630604237,-8.672789216865478,20.0,1.0
3.361,-1.0761423110961914,-1.0761423110961914,-0.9318675994873047,-1.449856336354064,-2.1258976600779533,-8.6683105657481,20.0,1.0
3.362,-1.077286720275879,-1.077286720275879,-0.9582424163818359,-1.451975079265787,-2.111577707800393,-8.64710247121672,20.0,1.0
3.363,-1.0784311294555664,-1.0784311294555664,-1.160440444946289,-1.4540794917696642,-2.097236915103167,-8.449763716438834,20.0,1.0
3.364,-1.079575538635254,-1.079575538635254,-1.24835205078125,-1.4561695530959928,-2.0828754235242286,-8.366403661957758,20.0,1.0
3.365,-1.0807199478149414,-1.0807199478149414,-1.3274726867675781,-1.4582452426167132,-2.068493374805257,-8.291526584073114,20.0,1.0
3.366,-1.081864356994629,-1.081864356994629,-1.1780223846435547,-1.4603065398456039,-2.054090910892228,-8.444912183268173,20.0,1.0
3.367,-1.0830087661743164,-1.0830087661743164,-0.9406585693359375,-1.4623534244384973,-2.039668173932,-8.685902769879679,20.0,1.0
3.368,-1.0837717056274414,-1.0837717056274414,-0.8527469635009766,-1.4643858761934674,-2.0252253062698173,-8.78476175408936,20.0,1.0
3.369,-1.084916114807129,-1.084916114807129,-0.8967037200927734,-1.466403875051037,-2.0107624504510113,-8.743813935236401,20.0,1.0
3.37,-1.085679054260254,-1.085679054260254,-0.9494514465332031,-1.46840740109437,-1.9962797492188429,-8.701395239367962,20.0,1.0
3.371,-1.0868234634399414,-1.0868234634399414,-1.1164836883544922,-1.4703964345494742,-1.9817773455115457,-8.53675307934771,20.0,1.0
3.372,-1.087967872619629,-1.087967872619629,-1.213186264038086,-1.4723709557853926,-1.9672553824613033,-8.442130781738491,20.0,1.0
3.373,-1.0891122817993164,-1.0891122817993164,-1.2395610809326172,-1.4743309453143973,-1.9527140033951582,-8.41752619276416,20.0,1.0
3.374,-1.090256690979004,-1.090256690979004,-1.1516475677490234,-1.4762763837921833,-1.9381533518306924,-8.506899640345257,20.0,1.0
3.375,-1.0914011001586914,-1.0914011001586914,-0.9142856597900391,-1.4782072520180582,-1.9235735714746625,-8.74541094887196,20.0,1.0
3.376,-1.0921640396118164,-1.0921640396118164,-0.8263740539550781,-1.4801235309351322,-1.9089748062243643,-8.841790578735601,20.0,1.0
3.3770000000000002,-1.0929269790649414,-1.0929269790649414,-0.8967037200927734,-1.482025201630507,-1.8943572001628581,-8.779617931381399,20.0,1.0
3.378,-1.0940723419189453,-1.0940723419189453,-0.9318675994873047,-1.4839122453354585,-1.87972089756056,-8.74465136640352,20.0,1.0
3.379,-1.0952167510986328,-1.0952167510986328,-1.1076927185058594,-1.4857846434256279,-1.8650660428720585,-8.568731170906101,20.0,1.0
3.38,-1.0963611602783203,-1.0963611602783203,-1.2219772338867188,-1.4876423774212022,-1.8503927807345235,-8.454039889705442,20.0,1.0
3.3810000000000002,-1.0975055694580078,-1.0975055694580078,-1.24835205078125,-1.4894854289870971,-1.8357012559674786,-8.426946395768015,20.0,1.0
3.382,-1.0986499786376953,-1.0986499786376953,-1.1164836883544922,-1.4913137799331375,-1.8209916135702997,-8.557783951124652,20.0,1.0
3.383,-1.0994129180908203,-1.0994129180908203,-0.8791217803955078,-1.4931274122142373,-1.806263998720965,-8.801432100793797,20.0,1.0
3.384,-1.1001758575439453,-1.1001758575439453,-0.7736263275146484,-1.494926307930579,-1.7915185567753724,-8.912901236993399,20.0,1.0
3.3850000000000002,-1.1009387969970703,-1.1009387969970703,-0.7912082672119141,-1.4967104493277883,-1.7767554332642703,-8.900980212666717,20.0,1.0
3.386,-1.1020832061767578,-1.1020832061767578,-0.7824172973632812,-1.498479818797108,-1.7619747738946216,-8.907489728938344,20.0,1.0
3.387,-1.1028461456298828,-1.1028461456298828,-0.9494514465332031,-1.5002343988755773,-1.747176724545625,-8.745490342926312,20.0,1.0
3.388,-1.1039905548095703,-1.1039905548095703,-1.0549449920654297,-1.5019741722461988,-1.7323614312668951,-8.637088787934035,20.0,1.0
3.3890000000000002,-1.1051349639892578,-1.1051349639892578,-1.160440444946289,-1.5036991217381115,-1.717529040280624,-8.528371750311408,20.0,1.0
3.39,-1.1062793731689453,-1.1062793731689453,-1.1428565979003906,-1.5054092303267606,-1.7026796979769188,-8.542420243232833,20.0,1.0
3.391,-1.1074237823486328,-1.1074237823486328,-1.037363052368164,-1.507104481134065,-1.6878135509113008,-8.644064474251781,20.0,1.0
3.392,-1.1081867218017578,-1.1081867218017578,-0.8263740539550781,-1.508784857428583,-1.6729307458074345,-8.858519404388858,20.0,1.0
3.3930000000000002,-1.1089496612548828,-1.1089496612548828,-0.7648353576660156,-1.5104503426256801,-1.6580314295523522,-8.923209699302284,20.0,1.0
3.394,-1.1097126007080078,-1.1097126007080078,-0.7736263275146484,-1.512100920287688,-1.643115749196113,-8.91725581327507,20.0,1.0
3.395,-1.1104755401611328,-1.1104755401611328,-0.7648353576660156,-1.513736574124072,-1.6281838519512348,-8.928569173544004,20.0,1.0
3.396,-1.1112384796142578,-1.1112384796142578,-0.9230766296386719,-1.5153572879915902,-1.6132358851895106,-8.772535423097487,20.0,1.0
3.3970000000000002,-1.1123828887939453,-1.1123828887939453,-0.9758243560791016,-1.5169630458944514,-1.5982719964403032,-8.714050782371324,20.0,1.0
3.398,-1.1135272979736328,-1.1135272979736328,-1.0989017486572266,-1.5185538319844714,-1.5832923333919098,-8.584921264951454,20.0,1.0
3.399,-1.1142902374267578,-1.1142902374267578,-1.002197265625,-1.5201296305612348,-1.5682970438872417,-8.682887640951783,20.0,1.0
3.4,-1.1154346466064453,-1.1154346466064453,-0.9670333862304688,-1.5216904260722455,-1.5532862759240516,-8.711368479009586,20.0,1.0
3.4010000000000002,-1.1161975860595703,-1.1161975860595703,-0.7736263275146484,-1.5232362031130833,-1.5382601776519778,-8.90540619120759,20.0,1.0
3.402,-1.1165790557861328,-1.1165790557861328,-0.6681327819824219,-1.5247669464275497,-1.5232188973731127,-9.01884392821903,20.0,1.0
3.403,-1.1173419952392578,-1.1173419952392578,-0.6329669952392578,-1.5262826409078292,-1.508162583539388,-9.054008501671557,20.0,1.0
3.404,-1.1181049346923828,-1.1181049346923828,-0.6769237518310547,-1.5277832715946282,-1.4930913847496186,-9.009734370963471,20.0,1.0
3.4050000000000002,-1.1188678741455078,-1.1188678741455078,-0.6417579650878906,-1.5292688236773284,-1.478005449750185,-9.044266475298706,20.0,1.0
3.406,-1.1196308135986328,-1.1196308135986328,-0.7736263275146484,-1.530739282494129,-1.462904927433783,-8.91144797782906,20.0,1.0
3.407,-1.1203937530517578,-1.1203937530517578,-0.8351650238037109,-1.5321946335321956,-1.4477899668363534,-8.8486425526414,20.0,1.0
3.408,-1.1211566925048828,-1.1211566925048828,-0.9054946899414062,-1.5336348624278013,-1.4326607171362866,-8.77672942565325,20.0,1.0
3.4090000000000003,-1.1223011016845703,-1.1223011016845703,-1.002197265625,-1.5350599549664685,-1.4175173276535133,-8.670497127666478,20.0,1.0
3.41,-1.1230640411376953,-1.1230640411376953,-0.8615379333496094,-1.5364698970831088,-1.4023599478472306,-8.80893913340589,20.0,1.0
3.411,-1.1238269805908203,-1.1238269805908203,-0.8263740539550781,-1.5378646748621627,-1.3871887273143102,-8.84156855878608,20.0,1.0
3.412,-1.1245899200439453,-1.1245899200439453,-0.6681327819824219,-1.539244274537737,-1.3720038157887302,-8.996958123682143,20.0,1.0
3.4130000000000003,-1.1253528594970703,-1.1253528594970703,-0.6153850555419922,-1.5406086824937404,-1.3568053631391876,-9.046536767530597,20.0,1.0
3.414,-1.1257343292236328,-1.1257343292236328,-0.6417579650878906,-1.541957885264016,-1.34159351936853,-9.024306675088301,20.0,1.0
3.415,-1.1264972686767578,-1.1264972686767578,-0.6593399047851562,-1.543291869532477,-1.3263684346113678,-9.002920546940597,20.0,1.0
3.416,-1.1272602081298828,-1.1272602081298828,-0.6681327819824219,-1.5446106221332383,-1.311130259133165,-8.990005757217853,20.0,1.0
3.4170000000000003,-1.1280231475830078,-1.1280231475830078,-0.7999992370605469,-1.5459141300507435,-1.2958791433286478,-8.853699555622814,20.0,1.0
3.418,-1.1287860870361328,-1.1287860870361328,-0.8351650238037109,-1.547202380419896,-1.280615237720781,-8.813776081592334,20.0,1.0
3.419,-1.1295490264892578,-1.1295490264892578,-0.8791217803955078,-1.5484753605261847,-1.265338692957016,-8.764743593300047,20.0,1.0
3.42,-1.1306934356689453,-1.1306934356689453,-0.9670333862304688,-1.5497330578058097,-1.250049659811225,-8.663808716318044,20.0,1.0
3.4210000000000003,-1.1314563751220703,-1.1314563751220703,-0.8439559936523438,-1.5509754598458072,-1.2347482891799473,-8.78117399000234,20.0,1.0
3.422,-1.1322193145751953,-1.1322193145751953,-0.7560443878173828,-1.5522025543841698,-1.2194347320813677,-8.863055140443475,20.0,1.0
3.423,-1.1329822540283203,-1.1329822540283203,-0.6153850555419922,-1.5534143293099698,-1.2041091396544061,-8.997365589745403,20.0,1.0
3.424,-1.1333637237548828,-1.1333637237548828,-0.5626373291015625,-1.5546107726634784,-1.188771663156217,-9.051075312226565,20.0,1.0
3.4250000000000003,-1.1341266632080078,-1.1341266632080078,-0.5538463592529297,-1.5557918726362825,-1.1734224539619618,-9.052880283274526,20.0,1.0
3.426,-1.1345081329345703,-1.1345081329345703,-0.5626373291015625,-1.5569576175714026,-1.1580616635618526,-9.044414027196936,20.0,1.0
3.427,-1.1348896026611328,-1.1348896026611328,-0.5186805725097656,-1.558107995963406,-1.1426894435604709,-9.088376737096171,20.0,1.0
3.428,-1.1356525421142578,-1.1356525421142578,-0.6505489349365234,-1.5592429964585233,-1.1273059456758574,-8.948566097624642,20.0,1.0
3.4290000000000003,-1.1364154815673828,-1.1364154815673828,-0.6769237518310547,-1.5603626078547579,-1.1119113217363292,-8.913930095652777,20.0,1.0
3.43,-1.1371784210205078,-1.1371784210205078,-0.6945056915283203,-1.5614668191019963,-1.096505723680707,-8.887767993782155,20.0,1.0
3.431,-1.1379413604736328,-1.1379413604736328,-0.7736263275146484,-1.562555619302119,-1.081089303556496,-8.799748152611572,20.0,1.0
3.432,-1.1387042999267578,-1.1387042999267578,-0.8527469635009766,-1.5636289977091091,-1.0656622135179532,-8.711409205664003,20.0,1.0
3.4330000000000003,-1.1394672393798828,-1.1394672393798828,-0.74725341796875,-1.564686943729155,-1.0502246058230185,-8.807365274839714,20.0,1.0
3.434,-1.1402301788330078,-1.1402301788330078,-0.7296695709228516,-1.5657294469207554,-1.0347766328352463,-8.815092423667348,20.0,1.0
3.435,-1.1409931182861328,-1.1409931182861328,-0.6065940856933594,-1.5667564969948253,-1.0193184470198275,-8.92799193550032,20.0,1.0
3.436,-1.1413745880126953,-1.1413745880126953,-0.5274734497070312,-1.567768083814795,-1.0038502009430204,-9.004246667277982,20.0,1.0
3.4370000000000003,-1.1417560577392578,-1.1417560577392578,-0.5010986328125,-1.5687641973967115,-0.9883720472696496,-9.027436207606222,20.0,1.0
3.438,-1.1425189971923828,-1.1425189971923828,-0.4923076629638672,-1.5697448279093345,-0.9728841387633338,-9.0250930901385,20.0,1.0
3.439,-1.1429004669189453,-1.1429004669189453,-0.5098896026611328,-1.570709965674238,-0.9573866282836434,-9.003687000728366,20.0,1.0
3.44,-1.1432819366455078,-1.1432819366455078,-0.46593475341796875,-1.5716596011659016,-0.9418796687843951,-9.043498205774302,20.0,1.0
3.4410000000000003,-1.1436634063720703,-1.1436634063720703,-0.5362644195556641,-1.572593725011807,-0.9263634133128562,-8.968705366551925,20.0,1.0
3.442,-1.1444263458251953,-1.1444263458251953,-0.5890102386474609,-1.5735123279925276,-0.910838015008494,-8.903547419707678,20.0,1.0
3.443,-1.1451892852783203,-1.1451892852783203,-0.5714282989501953,-1.5744154010418239,-0.8953036271007022,-8.908397643420578,20.0,1.0
3.444,-1.1455707550048828,-1.1455707550048828,-0.5714282989501953,-1.5753029352467287,-0.8797604029070953,-8.902975708793818,20.0,1.0
3.4450000000000003,-1.1463336944580078,-1.1463336944580078,-0.6329669952392578,-1.5761749218476382,-0.8642084958338501,-8.8280660483872,20.0,1.0
3.446,-1.1467151641845703,-1.1467151641845703,-0.6857147216796875,-1.5770313522383967,-0.8486480593719534,-8.769257098768794,20.0,1.0
3.447,-1.1474781036376953,-1.1474781036376953,-0.6065940856933594,-1.577872217966382,-0.833079247096066,-8.83436744797644,20.0,1.0
3.448,-1.1482410430908203,-1.1482410430908203,-0.5890102386474609,-1.5786975107325887,-0.817502212664408,-8.837621326852314,20.0,1.0
3.4490000000000003,-1.1486225128173828,-1.1486225128173828,-0.5362644195556641,-1.5795072223917108,-0.8019171098156903,-8.883346881746586,20.0,1.0
3.45,-1.1490039825439453,-1.1490039825439453,-0.45714378356933594,-1.5803013449522205,-0.7863240923692274,-8.955127556965396,20.0,1.0
3.451,-1.1493854522705078,-1.1493854522705078,-0.41318702697753906,-1.581079870576449,-0.7707233142210725,-8.991424653362358,20.0,1.0
3.452,-1.1497669219970703,-1.1497669219970703,-0.3868141174316406,-1.5818427915806625,-0.7551149293449271,-9.00981820358513,20.0,1.0
3.4530000000000003,-1.1501483917236328,-1.1501483917236328,-0.3692302703857422,-1.582590100435139,-0.739499091789412,-9.019102995633794,20.0,1.0
3.454,-1.1505298614501953,-1.1505298614501953,-0.3692302703857422,-1.5833217897642415,-0.7238759556767036,-9.010484251571885,20.0,1.0
3.455,-1.1509113311767578,-1.1509113311767578,-0.3692302703857422,-1.5840378523464922,-0.7082456752001463,-9.001545828209093,20.0,1.0
3.456,-1.1512928009033203,-1.1512928009033203,-0.378021240234375,-1.5847382811146418,-0.6926084046248207,-8.983496768616874,20.0,1.0
3.457,-1.1516742706298828,-1.1516742706298828,-0.34285736083984375,-1.5854230691557418,-0.6769642982844744,-9.009082907961812,20.0,1.0
3.458,-1.1520557403564453,-1.1520557403564453,-0.4219779968261719,-1.586092209711211,-0.661313510579248,-8.920064900848388,20.0,1.0
3.459,-1.1524372100830078,-1.1524372100830078,-0.4395599365234375,-1.5867456961769006,-0.6456561959770397,-8.892265981331459,20.0,1.0
3.46,-1.1532001495361328,-1.1532001495361328,-0.4395599365234375,-1.5873835221031647,-0.6299925090086163,-8.874100023825816,20.0,1.0
3.461,-1.1535816192626953,-1.1535816192626953,-0.4395599365234375,-1.5880056811949177,-0.6143226042686365,-8.863243906389647,20.0,1.0
3.462,-1.1539630889892578,-1.1539630889892578,-0.4395599365234375,-1.588612167311702,-0.5986466364125818,-8.852068266338026,20.0,1.0
3.463,-1.1543445587158203,-1.1543445587158203,-0.4835166931152344,-1.5892029744677432,-0.5829647601558463,-8.796616382079069,20.0,1.0
3.464,-1.1547260284423828,-1.1547260284423828,-0.5098896026611328,-1.5897780968320134,-0.5672771302722595,-8.758428895403739,20.0,1.0
3.465,-1.1554889678955078,-1.1554889678955078,-0.5450553894042969,-1.5903375287282875,-0.5515839015924939,-8.703499728843791,20.0,1.0
3.466,-1.1558704376220703,-1.1558704376220703,-0.45714378356933594,-1.5908812646351986,-0.5358852290022469,-8.778957985695477,20.0,1.0
3.467,-1.1562528610229492,-1.1562528610229492,-0.46593475341796875,-1.591409299186292,-0.5201812674408757,-8.757375277289764,20.0,1.0
3.468,-1.1566343307495117,-1.1566343307495117,-0.4307689666748047,-1.5919216271700802,-0.5044721719007157,-8.779449133637282,20.0,1.0
3.469,-1.1570158004760742,-1.1570158004760742,-0.40439605712890625,-1.5924182435300933,-0.4887580974237835,-8.79241090137526,20.0,1.0
3.47,-1.1573972702026367,-1.1573972702026367,-0.3692302703857422,-1.592899143364928,-0.4730391991018905,-8.813846391961974,20.0,1.0
3.471,-1.1577787399291992,-1.1577787399291992,-0.34285736083984375,-1.5933643219282971,-0.45731563207391446,-8.826169911216029,20.0,1.0
3.472,-1.1581602096557617,-1.1581602096557617,-0.3252754211425781,-1.593813774629076,-0.4415875515253447,-8.82938342984905,20.0,1.0
3.473,-1.1585416793823242,-1.1585416793823242,-0.3164844512939453,-1.5942474970313478,-0.4258551126860084,-8.823487014372535,20.0,1.0
3.474,-1.1589231491088867,-1.1589231491088867,-0.3076915740966797,-1.594665484854448,-0.4101184708283654,-8.81727361164291,20.0,1.0
3.475,-1.1593046188354492,-1.1593046188354492,-0.2989006042480469,-1.5950677339730046,-0.39437778126716694,-8.810739479770227,20.0,1.0
3.476,-1.1593046188354492,-1.1593046188354492,-0.2989006042480469,-1.5954542404169823,-0.37863319935661366,-8.802725026739228,20.0,1.0
3.477,-1.1596860885620117,-1.1596860885620117,-0.28131866455078125,-1.5958250003717178,-0.36288488048921863,-8.80434445213256,20.0,1.0
3.478,-1.1600675582885742,-1.1600675582885742,-0.24615478515625,-1.5961800101779604,-0.34713298009432947,-8.823227232725802,20.0,1.0
3.479,-1.1604490280151367,-1.1604490280151367,-0.2989006042480469,-1.5965192663319066,-0.3313776536372188,-8.753881815724569,20.0,1.0
3.48,-1.1604490280151367,-1.1604490280151367,-0.3252754211425781,-1.5968427654852346,-0.31561905661624223,-8.718218384875623,20.0,1.0
3.481,-1.1608304977416992,-1.1608304977416992,-0.2989006042480469,-1.597150504445139,-0.2998573445627244,-8.727356874383474,20.0,1.0
3.482,-1.1612119674682617,-1.1612119674682617,-0.2989006042480469,-1.59744248017436,-0.2840926730382307,-8.70980232291215,20.0,1.0
3.483,-1.1615934371948242,-1.1615934371948242,-0.28131866455078125,-1.5977186897912157,-0.26832519763399887,-8.709511585011047,20.0,1.0
3.484,-1.1615934371948242,-1.1615934371948242,-0.2637367248535156,-1.597979130569628,-0.2525550739682103,-8.716532216610771,20.0,1.0
3.485,-1.1619749069213867,-1.1619749069213867,-0.24615478515625,-1.598223799939152,-0.2367824576857629,-8.715605532884819,20.0,1.0
3.486,-1.1623563766479492,-1.1623563766479492,-0.2549457550048828,-1.5984526954849996,-0.22100750445599715,-8.68798812619212,20.0,1.0
3.487,-1.1623563766479492,-1.1623563766479492,-0.2637367248535156,-1.5986658149480641,-0.2052303699716731,-8.667682411120456,20.0,1.0
3.488,-1.1627378463745117,-1.1627378463745117,-0.28131866455078125,-1.598863156224943,-0.18945120994635545,-8.630638742404198,20.0,1.0
3.489,-1.1631193161010742,-1.1631193161010742,-0.28131866455078125,-1.5990447173679567,-0.17367018011384516,-8.610859540900714,20.0,1.0
3.49,-1.1635007858276367,-1.1635007858276367,-0.27252769470214844,-1.5992104965851706,-0.1578874362269289,-8.599553956675457,20.0,1.0
3.491,-1.1635007858276367,-1.1635007858276367,-0.2637367248535156,-1.5993604922404105,-0.14210313405465058,-8.595560537456612,20.0,1.0
3.492,-1.1638822555541992,-1.1638822555541992,-0.23736190795898438,-1.59949470285328,-0.12631742938197021,-8.601204467404601,20.0,1.0
3.493,-1.1638822555541992,-1.1638822555541992,-0.1846160888671875,-1.5996131270991745,-0.11053047800737659,-8.640531820039694,20.0,1.0
3.494,-1.1642637252807617,-1.1642637252807617,-0.1934070587158203,-1.5997157638092947,-0.09474243574118191,-8.610376147596021,20.0,1.0
3.495,-1.1642637252807617,-1.1642637252807617,-0.1758251190185547,-1.599802611970657,-0.0789534584056355,-8.613906073184985,20.0,1.0
3.496,-1.1646451950073242,-1.1646451950073242,-0.1758251190185547,-1.5998736707261059,-0.06316370183151321,-8.591908097188591,20.0,1.0
3.497,-1.1646451950073242,-1.1646451950073242,-0.16703224182128906,-1.59992893937432,-0.047373321856866824,-8.586015967375491,20.0,1.0
3.498,-1.1650266647338867,-1.1650266647338867,-0.14065933227539062,-1.5999684173698194,-0.031582474326569354,-8.589758194769832,20.0,1.0
3.499,-1.1650266647338867,-1.1650266647338867,-0.123077392578125,-1.5999921043229732,-0.01579131509038234,-8.592022714293988,20.0,1.0
3.5,-1.1650266647338867,-1.1650266647338867,-0.11428642272949219,-1.6,0.0,-8.585180282592775,20.0,1.0
3.501,-1.1654081344604492,-1.1654081344604492,-0.10549545288085938,-1.5999921043229732,0.015791315090268654,-8.570392629279352,20.0,1.0
3.5020000000000002,-1.1654081344604492,-1.1654081344604492,-0.08791160583496094,-1.5999684173698194,0.03158247432679673,-8.571711578025646,20.0,1.0
3.503,-1.1654081344604492,-1.1654081344604492,-0.07912063598632812,-1.59992893937432,0.04737332185675314,-8.563922140434332,20.0,1.0
3.504,-1.1654081344604492,-1.1654081344604492,-0.07912063598632812,-1.5998736707261059,0.06316370183151321,-8.547026387495292,20.0,1.0
3.505,-1.1654081344604492,-1.1654081344604492,-0.07912063598632812,-1.599802611970657,0.0789534584056355,-8.52981545581219,20.0,1.0
3.5060000000000002,-1.1657896041870117,-1.1657896041870117,-0.07912063598632812,-1.5997157638092945,0.0947424357412956,-8.504660120718032,20.0,1.0
3.507,-1.1657896041870117,-1.1657896041870117,-0.07032966613769531,-1.5996131270991745,0.1105304780072629,-8.495610314098297,20.0,1.0
3.508,-1.1657896041870117,-1.1657896041870117,-0.07912063598632812,-1.59949470285328,0.12631742938197021,-8.468663907957067,20.0,1.0
3.509,-1.1657896041870117,-1.1657896041870117,-0.07032966613769531,-1.5993604922404105,0.1421031340545369,-8.458984960875744,20.0,1.0
3.5100000000000002,-1.1657896041870117,-1.1657896041870117,-0.05274772644042969,-1.5992104965851706,0.1578874362269289,-8.457782685295818,20.0,1.0
3.511,-1.1657896041870117,-1.1657896041870117,-0.043956756591796875,-1.5990447173679567,0.17367018011395885,-8.447475326913144,20.0,1.0
3.512,-1.1661710739135742,-1.1661710739135742,-0.05274772644042969,-1.598863156224943,0.18945120994624176,-8.411642709840702,20.0,1.0
3.513,-1.1661710739135742,-1.1661710739135742,-0.026372909545898438,-1.5986658149480644,0.2052303699715594,-8.418291541172344,20.0,1.0
3.5140000000000002,-1.1661710739135742,-1.1661710739135742,-0.017581939697265625,-1.5984526954849996,0.22100750445611084,-8.40704298727513,20.0,1.0
3.515,-1.1661710739135742,-1.1661710739135742,-0.008790969848632812,-1.5982237999391522,0.2367824576857629,-8.395481092977164,20.0,1.0
3.516,-1.1661710739135742,-1.1661710739135742,-0.017581939697265625,-1.597979130569628,0.252555073968324,-8.366024119455487,20.0,1.0
3.517,-1.1661710739135742,-1.1661710739135742,0.0,-1.5977186897912157,0.26832519763399887,-8.36262711991883,20.0,1.0
3.5180000000000002,-1.1661710739135742,-1.1661710739135742,0.008790969848632812,-1.59744248017436,0.2840926730383444,-8.350126422026005,20.0,1.0
3.519,-1.1661710739135742,-1.1661710739135742,-0.008790969848632812,-1.597150504445139,0.2998573445627244,-8.31094029621994,20.0,1.0
3.52,-1.1661710739135742,-1.1661710739135742,0.008790969848632812,-1.5968427654852346,0.31561905661624223,-8.3066057446656,20.0,1.0
3.521,-1.1661710739135742,-1.1661710739135742,0.008790969848632812,-1.5965192663319066,0.33137765363710514,-8.284377164578174,20.0,1.0
3.5220000000000002,-1.1661710739135742,-1.1661710739135742,0.008790969848632812,-1.5961800101779602,0.34713298009432947,-8.261836715042023,20.0,1.0
3.523,-1.1661710739135742,-1.1661710739135742,0.008790969848632812,-1.5958250003717178,0.36288488048887757,-8.238984618522627,20.0,1.0
3.524,-1.1661710739135742,-1.1661710739135742,0.008790969848632812,-1.5954542404169825,0.37863319935649997,-8.215821100560298,20.0,1.0
3.525,-1.1661710739135742,-1.1661710739135742,0.008790969848632812,-1.5950677339730048,0.39437778126716694,-8.192346389770078,20.0,1.0
3.5260000000000002,-1.1657896041870117,-1.1657896041870117,0.026372909545898438,-1.594665484854448,0.4101184708284791,-8.193772052066144,20.0,1.0
3.527,-1.1657896041870117,-1.1657896041870117,0.026372909545898438,-1.5942474970313478,0.4258551126860084,-8.169675653746612,20.0,1.0
3.528,-1.1657896041870117,-1.1657896041870117,0.03516578674316406,-1.5938137746290761,0.441587551525231,-8.154061644059222,20.0,1.0
3.529,-1.1657896041870117,-1.1657896041870117,0.03516578674316406,-1.5933643219282974,0.45731563207402814,-8.12934450949485,20.0,1.0
3.5300000000000002,-1.1657896041870117,-1.1657896041870117,0.043956756591796875,-1.592899143364928,0.4730391991020042,-8.113108341048118,20.0,1.0
3.531,-1.1657896041870117,-1.1657896041870117,0.0615386962890625,-1.5924182435300933,0.4887580974240109,-8.105353385726684,20.0,1.0
3.532,-1.1657896041870117,-1.1657896041870117,0.0615386962890625,-1.5919216271700802,0.504472171900602,-8.079706984049832,20.0,1.0
3.533,-1.1657896041870117,-1.1657896041870117,0.07032966613769531,-1.5914092991862923,0.5201812674408757,-8.06254229868243,20.0,1.0
3.5340000000000003,-1.1654081344604492,-1.1654081344604492,0.07032966613769531,-1.5908812646351984,0.5358852290022469,-8.043907040630433,20.0,1.0
3.535,-1.1654081344604492,-1.1654081344604492,0.09670257568359375,-1.5903375287282877,0.5515839015924939,-8.04370655944787,20.0,1.0
3.536,-1.1654081344604492,-1.1654081344604492,0.09670257568359375,-1.5897780968320134,0.5672771302723731,-8.016824692842505,20.0,1.0
3.537,-1.1654081344604492,-1.1654081344604492,0.123077392578125,-1.5892029744677432,0.5829647601557326,-8.016009432568271,20.0,1.0
3.5380000000000003,-1.1650266647338867,-1.1650266647338867,0.14065933227539062,-1.5886121673117017,0.5986466364126954,-8.013722747418996,20.0,1.0
3.539,-1.1650266647338867,-1.1650266647338867,0.16703224182128906,-1.588005681194918,0.6143226042684091,-8.012289966773505,20.0,1.0
3.54,-1.1646451950073242,-1.1646451950073242,0.1846160888671875,-1.587383522103165,0.6299925090086163,-8.009390121775386,20.0,1.0
3.541,-1.1646451950073242,-1.1646451950073242,0.1934070587158203,-1.5867456961769009,0.6456561959770397,-7.989760886130313,20.0,1.0
3.5420000000000003,-1.1642637252807617,-1.1642637252807617,0.21977996826171875,-1.5860922097112107,0.6613135105793617,-7.995036146291337,20.0,1.0
3.543,-1.1642637252807617,-1.1642637252807617,0.21977996826171875,-1.585423069155742,0.6769642982843607,-7.966002547476965,20.0,1.0
3.544,-1.1638822555541992,-1.1638822555541992,0.1934070587158203,-1.584738281114642,0.6926084046248207,-7.917919165299855,20.0,1.0
3.545,-1.1638822555541992,-1.1638822555541992,0.20219802856445312,-1.5840378523464924,0.7082456752002599,-7.897064289210057,20.0,1.0
3.5460000000000003,-1.1635007858276367,-1.1635007858276367,0.24615478515625,-1.5833217897642413,0.7238759556765899,-7.918698908211752,20.0,1.0
3.547,-1.1631193161010742,-1.1631193161010742,0.2549457550048828,-1.582590100435139,0.739499091789412,-7.904862349896767,20.0,1.0
3.548,-1.1631193161010742,-1.1631193161010742,0.28131866455078125,-1.5818427915806628,0.7551149293450408,-7.900673244797511,20.0,1.0
3.549,-1.1627378463745117,-1.1627378463745117,0.2549457550048828,-1.581079870576449,0.7707233142210725,-7.851062924822557,20.0,1.0
3.5500000000000003,-1.1623563766479492,-1.1623563766479492,0.27252769470214844,-1.5803013449522203,0.7863240923691137,-7.8451029684184554,20.0,1.0
3.551,-1.1623563766479492,-1.1623563766479492,0.2637367248535156,-1.5795072223917108,0.801917109815804,-7.804836529912944,20.0,1.0
3.552,-1.1619749069213867,-1.1619749069213867,0.28131866455078125,-1.578697510732589,0.817502212664408,-7.798268528110416,20.0,1.0
3.553,-1.1615934371948242,-1.1615934371948242,0.27252769470214844,-1.5778722179663822,0.8330792470958386,-7.765024063037469,20.0,1.0
3.5540000000000003,-1.1612119674682617,-1.1612119674682617,0.29010963439941406,-1.577031352238397,0.8486480593718397,-7.757849270430279,20.0,1.0
3.555,-1.1612119674682617,-1.1612119674682617,0.2989006042480469,-1.5761749218476384,0.8642084958340774,-7.733951196001502,20.0,1.0
3.556,-1.1608304977416992,-1.1608304977416992,0.29010963439941406,-1.575302935246729,0.8797604029074364,-7.699797981592571,20.0,1.0
3.557,-1.1604490280151367,-1.1604490280151367,0.27252769470214844,-1.5744154010418239,0.8953036271005885,-7.656551528135303,20.0,1.0
3.5580000000000003,-1.1600675582885742,-1.1600675582885742,0.27252769470214844,-1.5735123279925274,0.9108380150086077,-7.630585073772604,20.0,1.0
3.559,-1.1600675582885742,-1.1600675582885742,0.24615478515625,-1.5725937250118067,0.9263634133128562,-7.570314706308043,20.0,1.0
3.56,-1.1596860885620117,-1.1596860885620117,0.21098899841308594,-1.5716596011659019,0.9418796687843951,-7.508579581706494,20.0,1.0
3.561,-1.1596860885620117,-1.1596860885620117,0.23736190795898438,-1.5707099656742383,0.957386628283416,-7.500452821920099,20.0,1.0
3.5620000000000003,-1.1593046188354492,-1.1593046188354492,0.2549457550048828,-1.5697448279093347,0.9728841387634475,-7.490865797719145,20.0,1.0
3.563,-1.1589231491088867,-1.1589231491088867,0.2637367248535156,-1.5687641973967112,0.9883720472698769,-7.472185643340129,20.0,1.0
3.564,-1.1585416793823242,-1.1585416793823242,0.29010963439941406,-1.5677680838147952,1.0038502009430204,-7.470787522105812,20.0,1.0
3.565,-1.1585416793823242,-1.1585416793823242,0.28131866455078125,-1.5667564969948256,1.0193184470198275,-7.42629656978098,20.0,1.0
3.5660000000000003,-1.1581602096557617,-1.1581602096557617,0.27252769470214844,-1.5657294469207552,1.03477663283536,-7.389135807166658,20.0,1.0
3.567,-1.1577787399291992,-1.1577787399291992,0.29010963439941406,-1.5646869437291548,1.0502246058230185,-7.378049104575508,20.0,1.0
3.568,-1.1573972702026367,-1.1573972702026367,0.3076915740966797,-1.5636289977091096,1.0656622135178395,-7.366663910708297,20.0,1.0
3.569,-1.1573972702026367,-1.1573972702026367,0.3252754211425781,-1.5625556193021193,1.0810893035566096,-7.347353099575621,20.0,1.0
3.5700000000000003,-1.1570158004760742,-1.1570158004760742,0.35164833068847656,-1.5614668191019958,1.096505723680707,-7.344162979526201,20.0,1.0
3.571,-1.1566343307495117,-1.1566343307495117,0.4219779968261719,-1.5603626078547577,1.1119113217362155,-7.384632217194875,20.0,1.0
3.572,-1.1558704376220703,-1.1558704376220703,0.45714378356933594,-1.5592429964585237,1.1273059456757437,-7.397289014622661,20.0,1.0
3.573,-1.1554889678955078,-1.1554889678955078,0.4395599365234375,-1.5581079959634065,1.1426894435605846,-7.349251054320828,20.0,1.0
3.5740000000000003,-1.1551074981689453,-1.1551074981689453,0.4923076629638672,-1.5569576175714022,1.1580616635619663,-7.371248387451038,20.0,1.0
3.575,-1.1547260284423828,-1.1547260284423828,0.5098896026611328,-1.5557918726362825,1.173422453961848,-7.357784032577278,20.0,1.0
3.576,-1.1539630889892578,-1.1539630889892578,0.4923076629638672,-1.5546107726634788,1.1887716631563308,-7.316489673291956,20.0,1.0
3.577,-1.1535816192626953,-1.1535816192626953,0.4395599365234375,-1.5534143293099703,1.2041091396545198,-7.2321049978144165,20.0,1.0
3.5780000000000003,-1.1532001495361328,-1.1532001495361328,0.4219779968261719,-1.5522025543841693,1.2194347320814813,-7.182591361705421,20.0,1.0
3.579,-1.1528186798095703,-1.1528186798095703,0.4307689666748047,-1.550975459845807,1.2347482891798336,-7.1591562782197045,20.0,1.0
3.58,-1.1524372100830078,-1.1524372100830078,0.41318702697753906,-1.54973305780581,1.2500496598111113,-7.10905432162247,20.0,1.0
3.581,-1.1520557403564453,-1.1520557403564453,0.39560508728027344,-1.548475360526185,1.2653386929567887,-7.0586587977182775,20.0,1.0
3.5820000000000003,-1.1516742706298828,-1.1516742706298828,0.35164833068847656,-1.5472023804198958,1.2806152377203261,-6.98159528876841,20.0,1.0
3.583,-1.1512928009033203,-1.1512928009033203,0.3076915740966797,-1.545914130050744,1.2958791433286478,-6.904239013716505,20.0,1.0
3.584,-1.1509113311767578,-1.1509113311767578,0.35164833068847656,-1.5446106221332387,1.3111302591333924,-6.914503890684703,20.0,1.0
3.585,-1.1505298614501953,-1.1505298614501953,0.378021240234375,-1.5432918695324775,1.3263684346114815,-6.906892967268538,20.0,1.0
3.586,-1.1501483917236328,-1.1501483917236328,0.378021240234375,-1.5419578852640161,1.34159351936853,-6.872617591673511,20.0,1.0
3.587,-1.1497669219970703,-1.1497669219970703,0.3692302703857422,-1.5406086824937402,1.3568053631391876,-6.829260117179952,20.0,1.0
3.588,-1.1493854522705078,-1.1493854522705078,0.3868141174316406,-1.5392442745377375,1.3720038157886165,-6.811986746987618,20.0,1.0
3.589,-1.1490039825439453,-1.1490039825439453,0.4307689666748047,-1.5378646748621632,1.3871887273143102,-6.8207940857248515,20.0,1.0
3.59,-1.1486225128173828,-1.1486225128173828,0.4923076629638672,-1.5364698970831092,1.4023599478468896,-6.846895400431506,20.0,1.0
3.591,-1.1478595733642578,-1.1478595733642578,0.5890102386474609,-1.535059954966469,1.4175173276535133,-6.915500543038171,20.0,1.0
3.592,-1.1474781036376953,-1.1474781036376953,0.6153850555419922,-1.5336348624278018,1.4326607171366277,-6.905859514207494,20.0,1.0
3.593,-1.1467151641845703,-1.1467151641845703,0.6857147216796875,-1.532194633532196,1.447789966836467,-6.947514141795736,20.0,1.0
3.594,-1.1459522247314453,-1.1459522247314453,0.6769237518310547,-1.5307392824941293,1.462904927433783,-6.909759979650951,20.0,1.0
3.595,-1.1451892852783203,-1.1451892852783203,0.6417579650878906,-1.5292688236773282,1.478005449750185,-6.845343283317863,20.0,1.0
3.596,-1.1448078155517578,-1.1448078155517578,0.5890102386474609,-1.5277832715946287,1.4930913847492775,-6.755427974755601,20.0,1.0
3.597,-1.1440448760986328,-1.1440448760986328,0.5890102386474609,-1.5262826409078298,1.5081625835395016,-6.7256029512919,20.0,1.0
3.598,-1.1436634063720703,-1.1436634063720703,0.5626373291015625,-1.5247669464275502,1.5232188973732264,-6.661489232837933,20.0,1.0
3.599,-1.1429004669189453,-1.1429004669189453,0.46593475341796875,-1.5232362031130828,1.538260177651864,-6.534389299648855,20.0,1.0
3.6,-1.1425189971923828,-1.1425189971923828,0.4923076629638672,-1.5216904260722461,1.5532862759240516,-6.522449964637082,20.0,1.0
3.601,-1.1421375274658203,-1.1421375274658203,0.5186805725097656,-1.520129630561235,1.5682970438873554,-6.510225590530705,20.0,1.0
3.602,-1.1417560577392578,-1.1417560577392578,0.5010986328125,-1.5185538319844718,1.583292333391796,-6.453761784324984,20.0,1.0
3.603,-1.1409931182861328,-1.1409931182861328,0.5186805725097656,-1.516963045894451,1.5982719964404168,-6.439807128235712,20.0,1.0
3.604,-1.1406116485595703,-1.1406116485595703,0.5626373291015625,-1.5153572879915906,1.6132358851893969,-6.444314232552572,20.0,1.0
3.605,-1.1398487091064453,-1.1398487091064453,0.6769237518310547,-1.5137365741240725,1.6281838519511211,-6.526497200232477,20.0,1.0
3.606,-1.1390857696533203,-1.1390857696533203,0.7560443878173828,-1.5121009202876887,1.643115749196113,-6.573231651308638,20.0,1.0
3.607,-1.1383228302001953,-1.1383228302001953,0.8439559936523438,-1.5104503426256797,1.6580314295524659,-6.628474812609565,20.0,1.0
3.608,-1.1375598907470703,-1.1375598907470703,0.8263740539550781,-1.5087848574285834,1.6729307458074345,-6.577942641777905,20.0,1.0
3.609,-1.1367969512939453,-1.1367969512939453,0.7560443878173828,-1.5071044811340653,1.6878135509113008,-6.474381433708481,20.0,1.0
3.61,-1.1360340118408203,-1.1360340118408203,0.6945056915283203,-1.5054092303267612,1.702679697976805,-6.379330363270333,20.0,1.0
3.611,-1.1352710723876953,-1.1352710723876953,0.6769237518310547,-1.503699121738111,1.717529040280965,-6.327955698558404,20.0,1.0
3.612,-1.1348896026611328,-1.1348896026611328,0.5538463592529297,-1.5019741722461992,1.7323614312668951,-6.163176319687363,20.0,1.0
3.613,-1.1341266632080078,-1.1341266632080078,0.5890102386474609,-1.5002343988755777,1.7471767245455112,-6.163988227453348,20.0,1.0
3.614,-1.1333637237548828,-1.1333637237548828,0.5978031158447266,-1.4984798187971087,1.761974773894849,-6.138150242794395,20.0,1.0
3.615,-1.1329822540283203,-1.1329822540283203,0.5626373291015625,-1.4967104493277876,1.7767554332646114,-6.060445801826297,20.0,1.0
3.616,-1.1322193145751953,-1.1322193145751953,0.6329669952392578,-1.4949263079305792,1.7915185567750314,-6.095588305571905,20.0,1.0
3.617,-1.1314563751220703,-1.1314563751220703,0.74725341796875,-1.493127412214238,1.806263998720965,-6.174410161091138,20.0,1.0
3.618,-1.1306934356689453,-1.1306934356689453,0.8703289031982422,-1.4913137799331377,1.8209916135699586,-6.261744174912132,20.0,1.0
3.619,-1.1295490264892578,-1.1295490264892578,0.9670333862304688,-1.4894854289870976,1.8357012559672512,-6.330060180220013,20.0,1.0
3.62,-1.1287860870361328,-1.1287860870361328,0.9230766296386719,-1.4876423774212029,1.8503927807348646,-6.249809656605208,20.0,1.0
3.621,-1.1280231475830078,-1.1280231475830078,0.8351650238037109,-1.4857846434256283,1.8650660428722858,-6.125328897783835,20.0,1.0
3.622,-1.1272602081298828,-1.1272602081298828,0.7912082672119141,-1.4839122453354587,1.87972089756056,-6.044528113762873,20.0,1.0
3.623,-1.1264972686767578,-1.1264972686767578,0.6857147216796875,-1.4820252016305064,1.8943572001627444,-5.901916180591916,20.0,1.0
3.624,-1.1257343292236328,-1.1257343292236328,0.6769237518310547,-1.4801235309351328,1.9089748062240233,-5.855732979837032,20.0,1.0
3.625,-1.1249713897705078,-1.1249713897705078,0.6681327819824219,-1.478207252018059,1.9235735714745488,-5.809276455458895,20.0,1.0
3.626,-1.1245899200439453,-1.1245899200439453,0.6593399047851562,-1.476276383792184,1.9381533518302376,-5.7549158279196915,20.0,1.0
3.6270000000000002,-1.1238269805908203,-1.1238269805908203,0.7560443878173828,-1.4743309453143978,1.952714003395272,-5.8134096788936604,20.0,1.0
3.628,-1.1226825714111328,-1.1226825714111328,0.9318675994873047,-1.472370955785393,1.967255382461758,-5.958379904510751,20.0,1.0
3.629,-1.1219196319580078,-1.1219196319580078,1.002197265625,-1.4703964345494747,1.981777345511432,-5.989955971942905,20.0,1.0
3.63,-1.1207752227783203,-1.1207752227783203,1.0725269317626953,-1.4684074010943706,1.9962797492188429,-6.028890748864859,20.0,1.0
3.6310000000000002,-1.1196308135986328,-1.1196308135986328,0.9406585693359375,-1.4664038750510364,2.010762450451125,-5.865357347932885,20.0,1.0
3.632,-1.1188678741455078,-1.1188678741455078,0.8879127502441406,-1.464385876193468,2.0252253062694763,-5.773047484933869,20.0,1.0
3.633,-1.1181049346923828,-1.1181049346923828,0.7560443878173828,-1.462353424438498,2.039668173932,-5.601346008807685,20.0,1.0
3.634,-1.1173419952392578,-1.1173419952392578,0.74725341796875,-1.4603065398456045,2.054090910892455,-5.5524533992032294,20.0,1.0
3.6350000000000002,-1.1165790557861328,-1.1165790557861328,0.7208786010742188,-1.4582452426167125,2.068493374805257,-5.4857089628805555,20.0,1.0
3.636,-1.1158161163330078,-1.1158161163330078,0.7384624481201172,-1.4561695530959935,2.082875423524115,-5.462655759855716,20.0,1.0
3.637,-1.1150531768798828,-1.1150531768798828,0.9230766296386719,-1.4540794917696647,2.097236915103167,-5.606366012331142,20.0,1.0
3.638,-1.1139087677001953,-1.1139087677001953,1.0813179016113281,-1.4519750792657877,2.111577707800393,-5.731066425122783,20.0,1.0
3.6390000000000002,-1.1127643585205078,-1.1127643585205078,1.213186264038086,-1.4498563363540633,2.1258976600782944,-5.829128160630901,20.0,1.0
3.64,-1.1116199493408203,-1.1116199493408203,1.0989017486572266,-1.4477232839456309,2.140196630604123,-5.680771810149315,20.0,1.0
3.641,-1.1104755401611328,-1.1104755401611328,1.0197811126708984,-1.4455759430928554,2.154474478252837,-5.567314693052514,20.0,1.0
3.642,-1.1097126007080078,-1.1097126007080078,0.8703289031982422,-1.4434143349891257,2.168731062108918,-5.375632526711683,20.0,1.0
3.6430000000000002,-1.1089496612548828,-1.1089496612548828,0.8527469635009766,-1.441238480968637,2.182966241465806,-5.315557116310253,20.0,1.0
3.644,-1.1081867218017578,-1.1081867218017578,0.8175830841064453,-1.4390484025061938,2.197179875826123,-5.237636822369042,20.0,1.0
3.645,-1.1070423126220703,-1.1070423126220703,0.8967037200927734,-1.4368441212169853,2.2113718249082694,-5.281368067082805,20.0,1.0
3.646,-1.1058979034423828,-1.1058979034423828,1.1780223846435547,-1.434625658856378,2.225541948643354,-5.527035544280103,20.0,1.0
3.6470000000000002,-1.1047534942626953,-1.1047534942626953,1.292306900024414,-1.432393037319698,2.239690107177921,-5.605407653986547,20.0,1.0
3.648,-1.1036090850830078,-1.1036090850830078,1.2571430206298828,-1.4301462786420216,2.2538161608745213,-5.534070730935637,20.0,1.0
3.649,-1.1024646759033203,-1.1024646759033203,1.1164836883544922,-1.4278854049979497,2.267919970316143,-5.356978299930937,20.0,1.0
3.65,-1.1013202667236328,-1.1013202667236328,0.9494514465332031,-1.4256104387013897,2.2820013963041674,-5.1532534897841735,20.0,1.0
3.6510000000000002,-1.1005573272705078,-1.1005573272705078,0.9054946899414062,-1.4233214022053406,2.2960602998590502,-5.064715888779013,20.0,1.0
3.652,-1.0997943878173828,-1.0997943878173828,0.8703289031982422,-1.4210183181016713,2.31009654222521,-4.9847109666588025,20.0,1.0
3.653,-1.0986499786376953,-1.0986499786376953,1.0109882354736328,-1.4187012091208906,2.3241099848715976,-5.087902860265941,20.0,1.0
3.654,-1.0975055694580078,-1.0975055694580078,1.2747249603271484,-1.4163700981319287,2.338100489489989,-5.313915044315578,20.0,1.0
3.6550000000000002,-1.0959796905517578,-1.0959796905517578,1.4769229888916016,-1.41402500814191,2.3520679180012394,-5.485761422693404,20.0,1.0
3.656,-1.0944538116455078,-1.0944538116455078,1.3186817169189453,-1.4116659622959258,2.3660121325519867,-5.296912597375318,20.0,1.0
3.657,-1.093308448791504,-1.093308448791504,1.1868133544921875,-1.4092929838768065,2.37993299551772,-5.126571060680519,20.0,1.0
3.658,-1.0921640396118164,-1.0921640396118164,1.0285720825195312,-1.406906096304891,2.3938303695057357,-4.929582846875286,20.0,1.0
3.6590000000000003,-1.0914011001586914,-1.0914011001586914,0.9758243560791016,-1.4045053231377944,2.407704117354342,-4.83020469830682,20.0,1.0
3.66,-1.090256690979004,-1.090256690979004,1.0637359619140625,-1.4020906880701816,2.421554102135133,-4.878861801602483,20.0,1.0
3.661,-1.0891122817993164,-1.0891122817993164,1.3274726867675781,-1.3996622149335245,2.4353801871548058,-5.103091162296934,20.0,1.0
3.662,-1.0875864028930664,-1.0875864028930664,1.5120887756347656,-1.3972199276958726,2.4491822359547086,-5.25557703573618,20.0,1.0
3.6630000000000003,-1.0860605239868164,-1.0860605239868164,1.336263656616211,-1.3947638504616144,2.4629601123152725,-5.047370073796899,20.0,1.0
3.664,-1.084916114807129,-1.084916114807129,1.160440444946289,-1.3922940074712415,2.476713680254079,-4.831284617974463,20.0,1.0
3.665,-1.0837717056274414,-1.0837717056274414,1.0549449920654297,-1.3898104231011068,2.4904428040285893,-4.685276537510148,20.0,1.0
3.666,-1.0830087661743164,-1.0830087661743164,1.002197265625,-1.387313121863185,2.50414734813819,-4.58413703126418,20.0,1.0
3.6670000000000003,-1.081864356994629,-1.081864356994629,1.1692314147949219,-1.38480212840483,2.5178271773240795,-4.710159665674864,20.0,1.0
3.668,-1.080338478088379,-1.080338478088379,1.4505500793457031,-1.382277467508536,2.5314821565721104,-4.957847711176736,20.0,1.0
3.669,-1.078812599182129,-1.078812599182129,1.5648345947265625,-1.3797391640916863,2.545112151113358,-5.038253741804352,20.0,1.0
3.67,-1.077286720275879,-1.077286720275879,1.4065933227539062,-1.37718724320631,2.5587170264248016,-4.845886754937725,20.0,1.0
3.6710000000000003,-1.0761423110961914,-1.0761423110961914,1.1780223846435547,-1.374621730038836,2.5722966482327365,-4.5753141152637085,20.0,1.0
3.672,-1.074997901916504,-1.074997901916504,1.1164836883544922,-1.372042649909844,2.585850882511636,-4.471527765709657,20.0,1.0
3.673,-1.0738534927368164,-1.0738534927368164,1.1340656280517578,-1.3694500282738133,2.599379595485857,-4.44661674330584,20.0,1.0
3.674,-1.0723276138305664,-1.0723276138305664,1.4241752624511719,-1.366843890718873,2.612882653632937,-4.701618146584365,20.0,1.0
3.6750000000000003,-1.0708017349243164,-1.0708017349243164,1.661539077758789,-1.3642242629665469,2.6263599236829123,-4.903629714920486,20.0,1.0
3.676,-1.0692758560180664,-1.0692758560180664,1.4681320190429688,-1.3615911708715065,2.639811272620591,-4.67462704349118,20.0,1.0
3.677,-1.068131446838379,-1.068131446838379,1.2395610809326172,-1.3589446404213061,2.6532365676862355,-4.402588384904926,20.0,1.0
3.678,-1.0669870376586914,-1.0669870376586914,1.1692314147949219,-1.3562846977361345,2.6666356763789736,-4.28854893996481,20.0,1.0
3.6790000000000003,-1.065842628479004,-1.065842628479004,1.1340656280517578,-1.3536113690685474,2.6800084664549786,-4.209431973387649,20.0,1.0
3.68,-1.064316749572754,-1.064316749572754,1.459341049194336,-1.3509246808032243,2.6933548059280383,-4.4981448678757046,20.0,1.0
3.681,-1.062790870666504,-1.062790870666504,1.6879119873046875,-1.348224659456692,2.7066745630769447,-4.689913200031505,20.0,1.0
3.682,-1.0608835220336914,-1.0608835220336914,1.582418441772461,-1.345511331677071,2.7199676064407186,-4.555007028199335,20.0,1.0
3.6830000000000003,-1.059739112854004,-1.059739112854004,1.371429443359375,-1.3427847242438098,2.733233804822248,-4.2991078663332445,20.0,1.0
3.684,-1.0585947036743164,-1.0585947036743164,1.2659339904785156,-1.340044864067426,2.7464730272884026,-4.148464171052306,20.0,1.0
3.685,-1.0570688247680664,-1.0570688247680664,1.3010997772216797,-1.3372917781892335,2.759685143175716,-4.145873702469306,20.0,1.0
3.686,-1.0555429458618164,-1.0555429458618164,1.6703300476074219,-1.334525493781075,2.77287002208584,-4.477110983906756,20.0,1.0
3.6870000000000003,-1.053635597229004,-1.053635597229004,1.8021984100341797,-1.3317460381450612,2.7860275338872498,-4.578379694468076,20.0,1.0
3.688,-1.052109718322754,-1.052109718322754,1.5912094116210938,-1.3289534387133002,2.7991575487212685,-4.328926270710751,20.0,1.0
3.689,-1.050583839416504,-1.050583839416504,1.3186817169189453,-1.3261477230476193,2.8122599370008174,-4.017699452540436,20.0,1.0
3.69,-1.0494394302368164,-1.0494394302368164,1.2395610809326172,-1.3233289188392992,2.825334569410302,-3.8920162835719703,20.0,1.0
3.6910000000000003,-1.0479135513305664,-1.0479135513305664,1.5472526550292969,-1.3204970539087981,2.8383813169069754,-4.160541389686956,20.0,1.0
3.692,-1.046006202697754,-1.046006202697754,1.8637371063232422,-1.3176521562054846,2.851400050726852,-4.445256125751004,20.0,1.0
3.693,-1.044480323791504,-1.044480323791504,1.7758235931396484,-1.3147942538073452,2.864390642380158,-4.317711551076315,20.0,1.0
3.694,-1.0425729751586914,-1.0425729751586914,1.5560436248779297,-1.3119233749207249,2.877352963653607,-4.065698656464992,20.0,1.0
3.6950000000000003,-1.041428565979004,-1.041428565979004,1.3978023529052734,-1.3090395478800372,2.890286886615172,-3.859735104310767,20.0,1.0
3.696,-1.039902687072754,-1.039902687072754,1.5912094116210938,-1.306142801147494,2.9031922836114745,-4.012819409504422,20.0,1.0
3.697,-1.0379953384399414,-1.0379953384399414,1.8813190460205078,-1.303233163312815,2.916069027272215,-4.270006516205763,20.0,1.0
3.698,-1.036087989807129,-1.036087989807129,1.7934074401855469,-1.3003106630929504,2.928916990508128,-4.148943915393849,20.0,1.0
3.6990000000000003,-1.034562110900879,-1.034562110900879,1.5648345947265625,-1.297375329331798,2.9417360465166666,-3.8793629168282777,20.0,1.0
3.7,-1.033036231994629,-1.033036231994629,1.4329662322998047,-1.2944271909999163,2.9545260687788186,-3.7062593436267344,20.0,1.0
3.701,-1.031510353088379,-1.031510353088379,1.626373291015625,-1.2914662771942411,2.967286931060471,-3.858204842072398,20.0,1.0
3.702,-1.02960205078125,-1.02960205078125,1.9516487121582031,-1.288492617137796,2.9800185074184355,-4.1494415318706865,20.0,1.0
3.7030000000000003,-1.0276947021484375,-1.0276947021484375,1.8989009857177734,-1.2855062401794035,2.992720672196583,-4.062411074140511,20.0,1.0
3.704,-1.025787353515625,-1.025787353515625,1.6527481079101562,-1.2825071757934021,3.005393300029823,-3.7817512534358757,20.0,1.0
3.705,-1.024261474609375,-1.024261474609375,1.5472526550292969,-1.2794954535793446,3.018036265844671,-3.6338959685840173,20.0,1.0
3.706,-1.022735595703125,-1.022735595703125,1.8197803497314453,-1.2764711032617135,3.0306494448591366,-3.8638410560440795,20.0,1.0
3.7070000000000003,-1.02044677734375,-1.02044677734375,2.0659332275390625,-1.2734341546896255,3.043232712587951,-4.082448061868622,20.0,1.0
3.708,-1.0185394287109375,-1.0185394287109375,1.8285713195800781,-1.2703846378365369,3.055785944839158,-3.8096895572529075,20.0,1.0
3.709,-1.0170135498046875,-1.0170135498046875,1.5648345947265625,-1.267322582799948,3.0683090177161603,-3.5027062369156106,20.0,1.0
3.71,-1.0154876708984375,-1.0154876708984375,1.6175823211669922,-1.2642480198011052,3.080801807622038,-3.511987491598309,20.0,1.0
3.7110000000000003,-1.013580322265625,-1.013580322265625,2.0923080444335938,-1.2611609791847032,3.09326419125739,-3.950656991557767,20.0,1.0
3.712,-1.01129150390625,-1.01129150390625,2.0307693481445312,-1.2580614914185897,3.1056960456241995,-3.8604730527671256,20.0,1.0
3.713,-1.009765625,-1.009765625,1.714284896850586,-1.2549495870934555,3.1180972480239006,-3.4998668906957953,20.0,1.0
3.714,-1.0078582763671875,-1.0078582763671875,1.6439552307128906,-1.2518252969225425,3.1304676760635175,-3.3928279657564735,20.0,1.0
3.715,-1.005950927734375,-1.005950927734375,2.004396438598633,-1.2486886517413291,3.1428072076520266,-3.716343711085689,20.0,1.0
3.716,-1.003662109375,-1.003662109375,2.2681312561035156,-1.2455396825072376,3.155115721001266,-3.950566997747001,20.0,1.0
3.717,-1.00213623046875,-1.00213623046875,1.7934074401855469,-1.242378420299326,3.1673930946319615,-3.430858142165105,20.0,1.0
3.718,-1.0002288818359375,-1.0002288818359375,1.5648345947265625,-1.2392048963179745,3.1796392073714514,-3.1647156769958507,20.0,1.0
3.719,-0.9987030029296875,-0.9987030029296875,1.7846145629882812,-1.2360191418845838,3.191853938355962,-3.339083403730246,20.0,1.0
3.72,-0.9964141845703125,-0.9964141845703125,2.3560447692871094,-1.2328211884412619,3.20403716702981,-3.880147679676287,20.0,1.0
3.721,-0.9941253662109375,-0.9941253662109375,2.0923080444335938,-1.2296110675505236,3.2161887731507477,-3.5858332980745686,20.0,1.0
3.722,-0.9925994873046875,-0.9925994873046875,1.6791210174560547,-1.226388810894961,3.2283086367880287,-3.126598852473496,20.0,1.0
3.723,-0.990692138671875,-0.990692138671875,1.7846145629882812,-1.2231544502769482,3.2403966383218403,-3.193464156767906,20.0,1.0
3.724,-0.9884033203125,-0.9884033203125,2.4703292846679688,-1.2199080176183166,3.2524526584489877,-3.8479705723353126,20.0,1.0
3.725,-0.986114501953125,-0.986114501953125,2.1450557708740234,-1.2166495449600496,3.264476578180961,-3.491280052831555,20.0,1.0
3.726,-0.984588623046875,-0.984588623046875,1.6879119873046875,-1.2133790644619553,3.2764682788473465,-2.9872525367589473,20.0,1.0
3.727,-0.9826812744140625,-0.9826812744140625,1.7582416534423828,-1.2100966084023557,3.2884276420937795,-3.0181206911144667,20.0,1.0
3.728,-0.980010986328125,-0.980010986328125,2.452747344970703,-1.2068022091777668,3.3003545498878566,-3.688217252075683,20.0,1.0
3.729,-0.97772216796875,-0.97772216796875,2.338460922241211,-1.2034958993025793,3.3122488845156113,-3.541686664402185,20.0,1.0
3.73,-0.9758148193359375,-0.9758148193359375,1.8549442291259766,-1.2001777114087364,3.324110528583333,-3.018091541998622,20.0,1.0
3.731,-0.9742889404296875,-0.9742889404296875,1.8901100158691406,-1.1968476782454134,3.3359393650222273,-3.005345407161431,20.0,1.0
3.732,-0.97161865234375,-0.97161865234375,2.584615707397461,-1.1935058326786911,3.3477352770863718,-3.674624037009912,20.0,1.0
3.733,-0.969329833984375,-0.969329833984375,2.2153854370117188,-1.1901522076912399,3.3594981483545325,-3.2723347627944834,20.0,1.0
3.734,-0.9674215316772461,-0.9674215316772461,1.7846145629882812,-1.1867868363819827,3.3712278627323258,-2.800692794350687,20.0,1.0
3.735,-0.9655141830444336,-0.9655141830444336,1.9780216217041016,-1.1834097519657758,3.382924304451535,-2.9530086956794106,20.0,1.0
3.736,-0.9628438949584961,-0.9628438949584961,2.6549453735351562,-1.1800209877730787,3.394587358074432,-3.603899871752377,20.0,1.0
3.737,-0.9605550765991211,-0.9605550765991211,2.241758346557617,-1.176620577249626,3.406216908491274,-3.1568514510764434,20.0,1.0
3.738,-0.9586477279663086,-0.9586477279663086,1.8901100158691406,-1.1732085539560968,3.4178128409216697,-2.763513694743235,20.0,1.0
3.739,-0.9563589096069336,-0.9563589096069336,2.3560447692871094,-1.1697849515677836,3.429375040919126,-3.1951905675849837,20.0,1.0
3.74,-0.9536886215209961,-0.9536886215209961,2.6109886169433594,-1.166349803874258,3.4409033943694567,-3.423308869639139,20.0,1.0
3.741,-0.9517812728881836,-0.9517812728881836,2.0131874084472656,-1.162903144779044,3.4523977874921457,-2.7832270587723302,20.0,1.0
3.742,-0.9498739242553711,-0.9498739242553711,1.960439682006836,-1.1594450082992744,3.463858106842622,-2.688003256042281,20.0,1.0
3.743,-0.9472036361694336,-0.9472036361694336,2.619779586791992,-1.1559754285653596,3.4752842393111223,-3.3199311953993904,20.0,1.0
3.744,-0.9445333480834961,-0.9445333480834961,2.5142860412597656,-1.1524944398206514,3.4866760721282617,-3.1868318038746093,20.0,1.0
3.745,-0.9426259994506836,-0.9426259994506836,2.0131874084472656,-1.1490020764211024,3.4980334928607135,-2.6426754549949285,20.0,1.0
3.746,-0.9403371810913086,-0.9403371810913086,2.2769222259521484,-1.1454983728349306,3.5093563894141653,-2.8707896714104235,20.0,1.0
3.747,-0.9376668930053711,-0.9376668930053711,2.830768585205078,-1.141983363642275,3.5206446500370703,-3.3964533479060846,20.0,1.0
3.748,-0.9353780746459961,-0.9353780746459961,2.1802196502685547,-1.1384570835348558,3.5318981633182602,-2.7099016647274876,20.0,1.0
3.749,-0.9334707260131836,-0.9334707260131836,2.0307693481445312,-1.1349195673156376,3.5431168181894463,-2.516629356004165,20.0,1.0
3.75,-0.9308004379272461,-0.9308004379272461,2.6373634338378906,-1.1313708498984776,3.5543005039291984,-3.094471169333322,20.0,1.0
3.751,-0.9281301498413086,-0.9281301498413086,2.6373634338378906,-1.12781096630778,3.5654491101589656,-3.065530653008353,20.0,1.0
3.7520000000000002,-0.9258413314819336,-0.9258413314819336,2.136262893676758,-1.1242399516781587,3.5765625268445547,-2.5276727707567055,20.0,1.0
3.753,-0.9235525131225586,-0.9235525131225586,2.4439563751220703,-1.1206578412540904,3.5876406443013593,-2.798422293451347,20.0,1.0
3.754,-0.9205007553100586,-0.9205007553100586,2.8571434020996094,-1.1170646703895568,3.598683353193792,-3.189738350495782,20.0,1.0
3.755,-0.9185934066772461,-0.9185934066772461,2.162637710571289,-1.1134604745477037,3.609690544534601,-2.45028852344584,20.0,1.0
3.7560000000000002,-0.9163045883178711,-0.9163045883178711,2.127471923828125,-1.1098452893004869,3.620662109685668,-2.3776238337947726,20.0,1.0
3.757,-0.9132528305053711,-0.9132528305053711,2.9274730682373047,-1.1062191503283314,3.631597940364486,-3.155201524332025,20.0,1.0
3.758,-0.9105825424194336,-0.9105825424194336,2.4967041015625,-1.1025820934197588,3.6424979286385906,-2.694197192930413,20.0,1.0
3.759,-0.9086751937866211,-0.9086751937866211,2.1538467407226562,-1.098934154471055,3.6533619669280597,-2.305663987483273,20.0,1.0
3.7600000000000002,-0.9060039520263672,-0.9060039520263672,2.7780227661132812,-1.0952753694859017,3.6641899480099482,-2.8992611672940223,20.0,1.0
3.761,-0.9033336639404297,-0.9033336639404297,2.742856979370117,-1.0916057745750343,3.6749817650157866,-2.8333174270464223,20.0,1.0
3.762,-0.9010448455810547,-0.9010448455810547,2.127471923828125,-1.087925405955871,3.685737311435446,-2.1793458198890043,20.0,1.0
3.763,-0.8983745574951172,-0.8983745574951172,2.584615707397461,-1.0842342999521641,3.696456481115206,-2.605354075423194,20.0,1.0
3.7640000000000002,-0.8953227996826172,-0.8953227996826172,3.041757583618164,-1.0805324929936397,3.7071391682626427,-3.0388122815759724,20.0,1.0
3.765,-0.8930339813232422,-0.8930339813232422,2.2769222259521484,-1.0768200216156383,3.7177852674436735,-2.2348577643563967,20.0,1.0
3.766,-0.8907451629638672,-0.8907451629638672,2.540658950805664,-1.0730969224587532,3.728394673584603,-2.4592994671187816,20.0,1.0
3.767,-0.8873119354248047,-0.8873119354248047,3.1560440063476562,-1.06936323226847,3.7389672819751922,-3.058102661245772,20.0,1.0
3.7680000000000002,-0.8850231170654297,-0.8850231170654297,2.3208789825439453,-1.065618987894802,3.7495029882679773,-2.1832934108634126,20.0,1.0
3.769,-0.8827342987060547,-0.8827342987060547,2.3560447692871094,-1.0618642262919333,3.7600016884798606,-2.1786416325248217,20.0,1.0
3.77,-0.8796825408935547,-0.8796825408935547,3.200000762939453,-1.058098984517843,3.770463278993361,-2.9978663564318584,20.0,1.0
3.771,-0.8770122528076172,-0.8770122528076172,2.4967041015625,-1.0543232997339473,3.7808876565557057,-2.2620373835333973,20.0,1.0
3.7720000000000002,-0.8747234344482422,-0.8747234344482422,2.452747344970703,-1.0505372092047307,3.7912747182841713,-2.177748121816302,20.0,1.0
3.773,-0.8712902069091797,-0.8712902069091797,3.261537551879883,-1.0467407502973785,3.801624361662334,-2.968924057981524,20.0,1.0
3.774,-0.8686199188232422,-0.8686199188232422,2.4791202545166016,-1.042933960481407,3.811936484542116,-2.153464603137781,20.0,1.0
3.775,-0.8663311004638672,-0.8663311004638672,2.3472518920898438,-1.039116877328295,3.82221098514799,-1.980756444230411,20.0,1.0
3.7760000000000002,-0.8632793426513672,-0.8632793426513672,3.2263736724853516,-1.03528953851111,3.8324477620742528,-2.834129827605956,20.0,1.0
3.777,-0.8606090545654297,-0.8606090545654297,2.6989002227783203,-1.0314519818041457,3.842646714288094,-2.273112053264546,20.0,1.0
3.778,-0.8579387664794922,-0.8579387664794922,2.5670337677001953,-1.0276042450825347,3.852807741130505,-2.10753559863054,20.0,1.0
3.779,-0.8545055389404297,-0.8545055389404297,3.3142852783203125,-1.0237463663218855,3.8629307423149726,-2.836171083634457,20.0,1.0
3.7800000000000002,-0.8522167205810547,-0.8522167205810547,2.549449920654297,-1.0198783835979037,3.8730156179336745,-2.029667563057603,20.0,1.0
3.781,-0.8495464324951172,-0.8495464324951172,2.505495071411133,-1.0160003350860174,3.8830622684523632,-1.9515108547767737,20.0,1.0
3.782,-0.8461132049560547,-0.8461132049560547,3.375823974609375,-1.0121122590609999,3.893070594713322,-2.802734461994957,20.0,1.0
3.783,-0.8438243865966797,-0.8438243865966797,2.6109886169433594,-1.0082141938965916,3.903040497939628,-1.9957442650019699,20.0,1.0
3.7840000000000003,-0.8407716751098633,-0.8407716751098633,2.707693099975586,-1.0043061780651197,3.9129718797316286,-2.0654112793490853,20.0,1.0
3.785,-0.8373384475708008,-0.8373384475708008,3.375823974609375,-1.0003882501371275,3.9228646420705786,-2.713955383865331,20.0,1.0
3.786,-0.8350496292114258,-0.8350496292114258,2.549449920654297,-0.9964604487809794,3.9327186873183564,-1.8449476247270127,20.0,1.0
3.787,-0.8323793411254883,-0.8323793411254883,2.795604705810547,-0.9925228127624917,3.942533918221841,-2.0559402203287735,20.0,1.0
3.7880000000000003,-0.8285646438598633,-0.8285646438598633,3.3230762481689453,-0.9885753809445348,3.9523102379081934,-2.570980751954182,20.0,1.0
3.789,-0.8262758255004883,-0.8262758255004883,2.5670337677001953,-0.9846181922866745,3.9620475498864494,-1.7718335535374696,20.0,1.0
3.79,-0.8228425979614258,-0.8228425979614258,3.243955612182617,-0.9806512858447628,3.971745758055306,-2.4283836117940516,20.0,1.0
3.791,-0.8194093704223633,-0.8194093704223633,3.2703304290771484,-0.9766747007705647,3.981404766697324,-2.4342322693438536,20.0,1.0
3.7920000000000003,-0.8171205520629883,-0.8171205520629883,2.4439563751220703,-0.9726884763113672,3.9910244804802346,-1.5642903796094147,20.0,1.0
3.793,-0.8140687942504883,-0.8140687942504883,3.4021968841552734,-0.9686926518096034,4.000604804463535,-2.494069230874041,20.0,1.0
3.794,-0.8106355667114258,-0.8106355667114258,3.1032962799072266,-0.964687266702441,4.010145644094109,-2.1741846356334213,20.0,1.0
3.795,-0.8079652786254883,-0.8079652786254883,2.663736343383789,-0.960672360521416,4.019646905205093,-1.698231076097251,20.0,1.0
3.7960000000000003,-0.8041505813598633,-0.8041505813598633,3.6571426391601562,-0.9566479728920299,4.029108494023717,-2.6779819757797707,20.0,1.0
3.797,-0.8018617630004883,-0.8018617630004883,2.760438919067383,-0.9526141435333678,4.038530317167897,-1.7369562125570766,20.0,1.0
3.798,-0.7988100051879883,-0.7988100051879883,2.9274730682373047,-0.948570912257695,4.047912281648507,-1.874778927982931,20.0,1.0
3.799,-0.7953767776489258,-0.7953767776489258,3.630769729614258,-0.9445183189700717,4.057254294868187,-2.556346261168988,20.0,1.0
3.8000000000000003,-0.7923250198364258,-0.7923250198364258,2.7252750396728516,-0.9404564036679576,4.066556264626968,-1.6213464516765197,20.0,1.0
3.801,-0.7888917922973633,-0.7888917922973633,3.3934059143066406,-0.9363852064408169,4.075818099117782,-2.267456098057931,20.0,1.0
3.802,-0.7858400344848633,-0.7858400344848633,3.2263736724853516,-0.9323047674697229,4.0850397069287965,-2.0706286252537476,20.0,1.0
3.803,-0.7831697463989258,-0.7831697463989258,2.619779586791992,-0.9282151270269603,4.094220997047216,-1.4264662023054662,20.0,1.0
3.8040000000000003,-0.7793540954589844,-0.7793540954589844,3.7274723052978516,-0.9241163254756275,4.103361878857072,-2.519355026773642,20.0,1.0
3.805,-0.7763023376464844,-0.7763023376464844,2.9714279174804688,-0.9200084032692454,4.112462262141605,-1.7330869677940837,20.0,1.0
3.806,-0.7732505798339844,-0.7732505798339844,3.0681324005126953,-0.9158914009513452,4.121522057084064,-1.7994267657758485,20.0,1.0
3.807,-0.7698173522949219,-0.7698173522949219,3.6483516693115234,-0.9117653591550781,4.130541174266739,-2.3567706322479083,20.0,1.0
3.8080000000000003,-0.7671470642089844,-0.7671470642089844,2.619779586791992,-0.9076303186028108,4.139519524676587,-1.289925149991935,20.0,1.0
3.809,-0.7637138366699219,-0.7637138366699219,3.5340652465820312,-0.903486320105724,4.14845701970097,-2.1810578955971045,20.0,1.0
3.81,-0.7602806091308594,-0.7602806091308594,3.243955612182617,-0.8993334045634098,4.157353571128283,-1.8676579497053432,20.0,1.0
3.811,-0.7576103210449219,-0.7576103210449219,2.9450550079345703,-0.8951716129634684,4.166209091154428,-1.5300717551510719,20.0,1.0
3.8120000000000003,-0.7534141540527344,-0.7534141540527344,3.7626380920410156,-0.8910009863810999,4.175023492378841,-2.3393512462294854,20.0,1.0
3.813,-0.7507438659667969,-0.7507438659667969,2.75164794921875,-0.8868215659787098,4.183796687806478,-1.28940526165053,20.0,1.0
3.814,-0.7473106384277344,-0.7473106384277344,3.463735580444336,-0.8826333930054879,4.192528590850088,-1.9776620811493189,20.0,1.0
3.815,-0.7438774108886719,-0.7438774108886719,3.5340652465820312,-0.8784365087970105,4.201219115328172,-2.024028089420632,20.0,1.0
3.8160000000000003,-0.7412071228027344,-0.7412071228027344,2.9274730682373047,-0.8742309547748306,4.209868175470717,-1.3780815322085118,20.0,1.0
3.817,-0.7370109558105469,-0.7370109558105469,3.8505496978759766,-0.8700167724460682,4.2184756859147114,-2.2921903446716922,20.0,1.0
3.818,-0.7339591979980469,-0.7339591979980469,2.9010982513427734,-0.865794003403002,4.227041561706017,-1.3107527977358604,20.0,1.0
3.819,-0.7309074401855469,-0.7309074401855469,3.4373626708984375,-0.8615626893226571,4.235565718303917,-1.8149019353367253,20.0,1.0
3.8200000000000003,-0.7270927429199219,-0.7270927429199219,3.5604400634765625,-0.8573228719663932,4.2440480715777085,-1.9209945728282811,20.0,1.0
3.821,-0.7240409851074219,-0.7240409851074219,3.076923370361328,-0.8530745931795007,4.252488537810166,-1.4051069939927396,20.0,1.0
3.822,-0.7202262878417969,-0.7202262878417969,3.9032974243164062,-0.8488178948907739,4.260887033696747,-2.214242531599199,20.0,1.0
3.823,-0.7171735763549805,-0.7171735763549805,2.9098892211914062,-0.8445528191121081,4.269243476349914,-1.1882305999840455,20.0,1.0
3.8240000000000003,-0.7133588790893555,-0.7133588790893555,3.6835155487060547,-0.840279407938073,4.277557783294526,-1.944368342385879,20.0,1.0
3.825,-0.7103071212768555,-0.7103071212768555,3.490110397338867,-0.8359977035455183,4.285829872469208,-1.7180921702429157,20.0,1.0
3.826,-0.706873893737793,-0.706873893737793,3.25274658203125,-0.8317077481931355,4.294059662233565,-1.4553640089045365,20.0,1.0
3.827,-0.703059196472168,-0.703059196472168,3.885713577270508,-0.8274095842210522,4.302247071362899,-2.0704742608852924,20.0,1.0
3.8280000000000003,-0.7003889083862305,-0.7003889083862305,2.8923072814941406,-0.8231032540504087,4.310392019050255,-1.036202175727451,20.0,1.0
3.829,-0.6965742111206055,-0.6965742111206055,3.8505496978759766,-0.8187888001829506,4.318494424907044,-1.976347054215836,20.0,1.0
3.83,-0.6927595138549805,-0.6927595138549805,3.3934059143066406,-0.8144662652005956,4.3265542089689575,-1.5009867322499861,20.0,1.0
3.831,-0.689326286315918,-0.689326286315918,3.5340652465820312,-0.8101356917650137,4.334571291688917,-1.615682063875028,20.0,1.0
3.8320000000000003,-0.685511589050293,-0.685511589050293,3.6131858825683594,-0.8057971226172168,4.342545593938553,-1.6763509599682833,20.0,1.0
3.833,-0.682459831237793,-0.682459831237793,3.208791732788086,-0.8014506005771356,4.350477037016162,-1.2381300825587758,20.0,1.0
3.834,-0.678645133972168,-0.678645133972168,3.956043243408203,-0.7970961685431854,4.358365542642048,-1.9666983921865047,20.0,1.0
3.835,-0.6752119064331055,-0.6752119064331055,3.25274658203125,-0.7927338694918524,4.366211032958745,-1.2369748102474443,20.0,1.0
3.8360000000000003,-0.6713972091674805,-0.6713972091674805,3.9384613037109375,-0.788363746477267,4.374013430536024,-1.9037786193706445,20.0,1.0
3.837,-0.667963981628418,-0.667963981628418,3.3582420349121094,-0.7839858426307794,4.381772658367538,-1.2969065965918003,20.0,1.0
3.838,-0.664149284362793,-0.664149284362793,3.7802200317382812,-0.7796002011605329,4.389488639871104,-1.6997497278219753,20.0,1.0
3.839,-0.6607160568237305,-0.6607160568237305,3.630769729614258,-0.7752068653510382,4.3971612988938205,-1.5234246012665924,20.0,1.0
3.84,-0.6569013595581055,-0.6569013595581055,3.5956039428710938,-0.7708058785627462,4.4047905597100225,-1.4689037632538855,20.0,1.0
3.841,-0.6530857086181641,-0.6530857086181641,3.9824180603027344,-0.7663972842316171,4.41237634702145,-1.8362732255503458,20.0,1.0
3.842,-0.6500339508056641,-0.6500339508056641,3.0945053100585938,-0.7619811258687024,4.419918585959351,-0.9135302253600086,20.0,1.0
3.843,-0.6454563140869141,-0.6454563140869141,4.254945755004883,-0.7575574470596994,4.427417202085451,-2.069551212375139,20.0,1.0
3.844,-0.6424045562744141,-0.6424045562744141,3.261537551879883,-0.7531262914645325,4.434872121390185,-1.0411001342920656,20.0,1.0
3.845,-0.6382083892822266,-0.6382083892822266,4.30769157409668,-0.748687702816918,4.442283270298617,-2.074994574491891,20.0,1.0
3.846,-0.6347751617431641,-0.6347751617431641,3.2263736724853516,-0.7442417249239343,4.449650575665487,-0.9660543604352685,20.0,1.0
3.847,-0.6309604644775391,-0.6309604644775391,3.9736270904541016,-0.739788401665588,4.456973964776637,-1.6932118694384437,20.0,1.0
3.848,-0.6271457672119141,-0.6271457672119141,3.674724578857422,-0.735327776994382,4.4642533653542955,-1.3741114091524853,20.0,1.0
3.849,-0.6237125396728516,-0.6237125396728516,3.6483516693115234,-0.7308598949348784,4.471488705553384,-1.3198100689986756,20.0,1.0
3.85,-0.6195163726806641,-0.6195163726806641,3.912088394165039,-0.7263847995832743,4.478679913963788,-1.5707770182534557,20.0,1.0
3.851,-0.6164646148681641,-0.6164646148681641,3.331867218017578,-0.7219025351069518,4.485826919610474,-0.9547987031828584,20.0,1.0
3.852,-0.6118869781494141,-0.6118869781494141,4.219779968261719,-0.7174131457440542,4.492929651958207,-1.8373736681963155,20.0,1.0
3.853,-0.6088352203369141,-0.6088352203369141,3.3406600952148438,-0.7129166758030343,4.49998804090518,-0.9223011636320688,20.0,1.0
3.854,-0.6042575836181641,-0.6042575836181641,4.298900604248047,-0.708413169662243,4.507002016785123,-1.8750103083445029,20.0,1.0
3.855,-0.6012058258056641,-0.6012058258056641,3.25274658203125,-0.7039026717694651,4.513971510375086,-0.7927119909321845,20.0,1.0
3.856,-0.5966281890869141,-0.5966281890869141,4.263736724853516,-0.6993852266414938,4.5208964528889055,-1.7979810230562054,20.0,1.0
3.857,-0.5935754776000977,-0.5935754776000977,3.4813194274902344,-0.6948608788636862,4.527776775979703,-0.9792506767823022,20.0,1.0
3.858,-0.5893793106079102,-0.5893793106079102,4.210988998413086,-0.6903296730895335,4.534612411739943,-1.6953838363056106,20.0,1.0
3.859,-0.5855646133422852,-0.5855646133422852,3.6043949127197266,-0.6857916540402074,4.541403292708026,-1.067532433970145,20.0,1.0
3.86,-0.5817499160766602,-0.5817499160766602,3.8241748809814453,-0.6812468665041185,4.548149351860559,-1.2659645376700528,20.0,1.0
3.861,-0.5779352188110352,-0.5779352188110352,3.9824180603027344,-0.6766953553364852,4.554850522613549,-1.4027702681981857,20.0,1.0
3.862,-0.5741205215454102,-0.5741205215454102,3.885713577270508,-0.6721371654588904,4.561506738830531,-1.2845397167095811,20.0,1.0
3.863,-0.5699243545532227,-0.5699243545532227,4.087911605834961,-0.6675723418588251,4.568117934817963,-1.4727534171290468,20.0,1.0
3.864,-0.5661096572875977,-0.5661096572875977,3.665933609008789,-0.6630009295892555,4.574684045325682,-1.0290750097162635,20.0,1.0
3.865,-0.5619134902954102,-0.5619134902954102,4.342857360839844,-0.6584229737681726,4.581205005547247,-1.6918420247478458,20.0,1.0
3.866,-0.5584802627563477,-0.5584802627563477,3.5956039428710938,-0.65383851957816,4.5876807511259585,-0.9150883281813815,20.0,1.0
3.867,-0.5542840957641602,-0.5542840957641602,4.4395599365234375,-0.6492476122659216,4.594111218149408,-1.7447190484092596,20.0,1.0
3.868,-0.5504693984985352,-0.5504693984985352,3.384614944458008,-0.6446502971418622,4.600496343148677,-0.667736574175871,20.0,1.0
3.869,-0.5458917617797852,-0.5458917617797852,4.545055389404297,-0.6400466195796233,4.60683606310613,-1.8213164822949297,20.0,1.0
3.87,-0.5424585342407227,-0.5424585342407227,3.4813194274902344,-0.6354366250156489,4.613130315451258,-0.7277509275375014,20.0,1.0
3.871,-0.5378808975219727,-0.5378808975219727,4.571428298950195,-0.6308203589487218,4.619379038062789,-1.8108384894223892,20.0,1.0
3.872,-0.5344476699829102,-0.5344476699829102,3.4021968841552734,-0.6261978669395244,4.625582169267091,-0.6116186540204676,20.0,1.0
3.873,-0.5302505493164062,-0.5302505493164062,4.4395599365234375,-0.6215691946101866,4.631739647843915,-1.6341931945551287,20.0,1.0
3.874,-0.5264358520507812,-0.5264358520507812,3.6043949127197266,-0.6169343876438356,4.637851413021281,-0.7765142115595323,20.0,1.0
3.875,-0.5222396850585938,-0.5222396850585938,4.536264419555664,-0.612293491784145,4.643917404476554,-1.6934231495901364,20.0,1.0
3.876,-0.5184249877929688,-0.5184249877929688,3.5340652465820312,-0.6076465528348834,4.649937562342188,-0.6685589850781368,20.0,1.0
3.8770000000000002,-0.5142288208007812,-0.5142288208007812,4.386814117431641,-0.6029936166594596,4.655911827201123,-1.5061982074040845,20.0,1.0
3.878,-0.5104141235351562,-0.5104141235351562,3.8153839111328125,-0.5983347291804803,4.661840140089566,-0.9119558839497262,20.0,1.0
3.879,-0.5058364868164062,-0.5058364868164062,4.5010986328125,-0.5936699363792816,4.667722442498189,-1.5900451815718175,20.0,1.0
3.88,-0.5020217895507812,-0.5020217895507812,3.665933609008789,-0.588999284295485,4.673558676369737,-0.7319248275331267,20.0,1.0
3.8810000000000002,-0.49782562255859375,-0.49782562255859375,4.421977996826172,-0.5843228190265409,4.679348784105059,-1.4725731420800563,20.0,1.0
3.882,-0.49401092529296875,-0.49401092529296875,3.8153839111328125,-0.5796405867272739,4.6850927085579315,-0.8428844312609844,20.0,1.0
3.883,-0.48943328857421875,-0.48943328857421875,4.55384635925293,-0.5749526336094262,4.690790393036252,-1.5734428669208258,20.0,1.0
3.884,-0.48561859130859375,-0.48561859130859375,3.7714290618896484,-0.5702590059412025,4.696441781307385,-0.7677955732344381,20.0,1.0
3.8850000000000002,-0.48104095458984375,-0.48104095458984375,4.465934753417969,-0.5655597500468104,4.702046817593896,-1.454263844963405,20.0,1.0
3.886,-0.47760772705078125,-0.47760772705078125,3.8593406677246094,-0.5608549123060137,4.707605446576281,-0.8166789262529774,20.0,1.0
3.887,-0.47264862060546875,-0.47264862060546875,4.650548934936523,-0.5561445391536588,4.713117613393763,-1.6073496925065616,20.0,1.0
3.888,-0.46883392333984375,-0.46883392333984375,3.7186813354492188,-0.5514286770792272,4.718583263642131,-0.6519931465947559,20.0,1.0
3.8890000000000002,-0.46463680267333984,-0.46463680267333984,4.430768966674805,-0.5467073726263735,4.724002343379709,-1.3481780223557682,20.0,1.0
3.89,-0.46044063568115234,-0.46044063568115234,3.8945045471191406,-0.5419806723924666,4.729374799122354,-0.795930482223072,20.0,1.0
3.891,-0.45624446868896484,-0.45624446868896484,4.413187026977539,-0.5372486230281298,4.734700577844023,-1.298569535916815,20.0,1.0
3.892,-0.45242977142333984,-0.45242977142333984,3.8153839111328125,-0.5325112712367797,4.739979626982688,-0.6770342804189209,20.0,1.0
3.8930000000000002,-0.44785213470458984,-0.44785213470458984,4.360439300537109,-0.5277686637741633,4.745211894435897,-1.2135579874926816,20.0,1.0
3.894,-0.44403743743896484,-0.44403743743896484,4.079120635986328,-0.5230208474479069,4.7503973285616325,-0.9083915076035365,20.0,1.0
3.895,-0.43984127044677734,-0.43984127044677734,4.316484451293945,-0.518267869117041,4.755535878185242,-1.1294805465139772,20.0,1.0
3.896,-0.43602657318115234,-0.43602657318115234,4.017581939697266,-0.5135097756915374,4.760627492591283,-0.8066184973136847,20.0,1.0
3.8970000000000002,-0.43144893646240234,-0.43144893646240234,4.24615478515625,-0.5087466141318574,4.76567212152429,-1.0264362170210615,20.0,1.0
3.898,-0.42725276947021484,-0.42725276947021484,4.114286422729492,-0.5039784314484879,4.770669715197073,-0.8781299470978796,20.0,1.0
3.899,-0.42305660247802734,-0.42305660247802734,4.369230270385742,-0.49920527470146425,4.775620224286143,-1.116583490568337,20.0,1.0
3.9,-0.41886043548583984,-0.41886043548583984,3.912088394165039,-0.49442719099991667,4.780523599931826,-0.6428999045147499,20.0,1.0
3.9010000000000002,-0.41466426849365234,-0.41466426849365234,4.290109634399414,-0.48964422750159947,4.785379793737974,-1.0043290208203828,20.0,1.0
3.902,-0.41084957122802734,-0.41084957122802734,4.210988998413086,-0.4848564314124397,4.790188757778452,-0.9009374443228815,20.0,1.0
3.903,-0.40588951110839844,-0.40588951110839844,4.518680572509766,-0.4800638499860436,4.79495044459145,-1.2072169054712194,20.0,1.0
3.904,-0.40207481384277344,-0.40207481384277344,3.956043243408203,-0.47526653052325785,4.799664807178289,-0.6202127698396027,20.0,1.0
3.9050000000000002,-0.39787864685058594,-0.39787864685058594,4.404396057128906,-0.4704645203716859,4.804331799011038,-1.0517817285398674,20.0,1.0
3.906,-0.39368247985839844,-0.39368247985839844,4.123077392578125,-0.46565786692523475,4.808951374028055,-0.7536337598867962,20.0,1.0
3.907,-0.38910484313964844,-0.38910484313964844,4.580219268798828,-0.4608466176236308,4.813523486636768,-1.2015312718417077,20.0,1.0
3.908,-0.38490867614746094,-0.38490867614746094,3.8241748809814453,-0.45603081995196226,4.818048091710949,-0.42856966536052266,20.0,1.0
3.9090000000000003,-0.38033103942871094,-0.38033103942871094,4.615385055541992,-0.45121052144020785,4.822525144596682,-1.2104495511752484,20.0,1.0
3.91,-0.37651634216308594,-0.37651634216308594,3.9824180603027344,-0.44638576966276783,4.826954601107218,-0.5528520091891542,20.0,1.0
3.911,-0.37232017517089844,-0.37232017517089844,4.624176025390625,-0.4415566122379945,4.83133641752346,-1.177568349209086,20.0,1.0
3.912,-0.36812400817871094,-0.36812400817871094,3.797801971435547,-0.436723096827722,4.835670550600014,-0.3341131938157538,20.0,1.0
3.9130000000000003,-0.36354637145996094,-0.36354637145996094,4.606594085693359,-0.4318852711367933,4.839956957560247,-1.1334151216697599,20.0,1.0
3.914,-0.35973167419433594,-0.35973167419433594,3.9824180603027344,-0.4270431829126004,4.844195596098984,-0.4844526385690393,20.0,1.0
3.915,-0.35477256774902344,-0.35477256774902344,4.791208267211914,-0.4221968799445964,4.848386424383136,-1.2913080867402376,20.0,1.0
3.916,-0.35095787048339844,-0.35095787048339844,3.7186813354492188,-0.4173464100638352,4.852529401049537,-0.1939227260084171,20.0,1.0
3.9170000000000003,-0.34676170349121094,-0.34676170349121094,4.729669570922852,-0.4124918211424962,4.856624485211,-1.1876474387375568,20.0,1.0
3.918,-0.34218311309814453,-0.34218311309814453,3.991209030151367,-0.4076331610934122,4.860671636450434,-0.4395383536062867,20.0,1.0
3.919,-0.33798694610595703,-0.33798694610595703,4.756044387817383,-0.4027704778695964,4.864670814822148,-1.1870442082680226,20.0,1.0
3.92,-0.33379077911376953,-0.33379077911376953,3.8417587280273438,-0.39790381946376896,4.868621980857142,-0.25539755417019006,20.0,1.0
3.9210000000000003,-0.32883167266845703,-0.32883167266845703,4.782417297363281,-0.39303323390788103,4.872525095558416,-1.1939234265933454,20.0,1.0
3.922,-0.32463550567626953,-0.32463550567626953,4.140659332275391,-0.3881587692726511,4.876380120403866,-0.534744483799156,20.0,1.0
3.923,-0.32043933868408203,-0.32043933868408203,4.571428298950195,-0.3832804736670744,4.880187017346458,-0.9480639812635849,20.0,1.0
3.924,-0.31624317169189453,-0.31624317169189453,4.123077392578125,-0.37839839523795926,4.883945748812323,-0.4822361146870966,20.0,1.0
3.9250000000000003,-0.31166553497314453,-0.31166553497314453,4.545055389404297,-0.3735125821694487,4.887656277706412,-0.8943400556239682,20.0,1.0
3.926,-0.30708789825439453,-0.30708789825439453,4.545055389404297,-0.36862308268254534,4.89131856740741,-0.8844405105599031,20.0,1.0
3.927,-0.30289173126220703,-0.30289173126220703,4.24615478515625,-0.36372994503463496,4.89493258176779,-0.5679864788370184,20.0,1.0
3.928,-0.29831409454345703,-0.29831409454345703,4.527473449707031,-0.35883321751901087,4.898498285119956,-0.839357624098152,20.0,1.0
3.9290000000000003,-0.29411792755126953,-0.29411792755126953,4.1846160888671875,-0.35393294846439394,4.9020156422714365,-0.47890086485823913,20.0,1.0
3.93,-0.28915882110595703,-0.28915882110595703,4.905494689941406,-0.34902918623446694,4.905484618505852,-1.197417374005752,20.0,1.0
3.931,-0.28534412384033203,-0.28534412384033203,3.789011001586914,-0.3441219792273833,4.908905179589198,-0.05566292973874187,20.0,1.0
3.932,-0.2803840637207031,-0.2803840637207031,4.958242416381836,-0.33921137587528966,4.912277291761882,-1.2225113677116848,20.0,1.0
3.9330000000000003,-0.2761878967285156,-0.2761878967285156,3.991209030151367,-0.3342974246438585,4.915600921739184,-0.23779866671904015,20.0,1.0
3.934,-0.2716102600097656,-0.2716102600097656,4.975824356079102,-0.3293801740318102,4.91887603671961,-1.2123465998003833,20.0,1.0
3.935,-0.2677955627441406,-0.2677955627441406,3.8593406677246094,-0.3244596725704203,4.922102604379688,-0.07052025987051458,20.0,1.0
3.936,-0.2624549865722656,-0.2624549865722656,4.879121780395508,-0.3195359688230519,4.925280592874429,-1.095460832536804,20.0,1.0
3.9370000000000003,-0.2586402893066406,-0.2586402893066406,4.237361907958984,-0.3146091113846703,4.9284099708365545,-0.4283283786830232,20.0,1.0
3.938,-0.2536811828613281,-0.2536811828613281,4.527473449707031,-0.3096791488813777,4.931490707382977,-0.7159420627250457,20.0,1.0
3.939,-0.24948501586914062,-0.24948501586914062,4.386814117431641,-0.3047461299699054,4.93452277210875,-0.5575136273381867,20.0,1.0
3.94,-0.24490737915039062,-0.24490737915039062,4.404396057128906,-0.2998101033371613,4.937506135085783,-0.5649444057785362,20.0,1.0
3.9410000000000003,-0.24032974243164062,-0.24032974243164062,4.703296661376953,-0.2948711176997327,4.940440766870353,-0.8536833998684414,20.0,1.0
3.942,-0.23613357543945312,-0.23613357543945312,4.175825119018555,-0.28992922180341946,4.943326638498746,-0.3084114077991351,20.0,1.0
3.943,-0.23155593872070312,-0.23155593872070312,4.712087631225586,-0.28498446442273623,4.946163721489285,-0.8344944237769634,20.0,1.0
3.944,-0.22735977172851562,-0.22735977172851562,4.114286422729492,-0.280036894360442,4.948951987839564,-0.21887688752845547,20.0,1.0
3.9450000000000003,-0.22240066528320312,-0.22240066528320312,4.9406585693359375,-0.27508656044705593,4.951691410032879,-1.0426850625801145,20.0,1.0
3.946,-0.21820354461669922,-0.21820354461669922,3.8505496978759766,-0.2701335115403751,4.954381961032112,0.06523292468261754,20.0,1.0
3.947,-0.21324443817138672,-0.21324443817138672,4.993406295776367,-0.2651777965249928,4.957023614280416,-1.0750498485680724,20.0,1.0
3.948,-0.20942974090576172,-0.20942974090576172,4.096702575683594,-0.26021946431181536,4.959616343707239,-0.1528807000974275,20.0,1.0
3.9490000000000003,-0.20447063446044922,-0.20447063446044922,4.914285659790039,-0.25525856383757717,4.9621601237227395,-0.9678841236098585,20.0,1.0
3.95,-0.20065593719482422,-0.20065593719482422,4.070329666137695,-0.25029514406436876,4.964654929220771,-0.09845887430781519,20.0,1.0
3.951,-0.19569683074951172,-0.19569683074951172,4.74725341796875,-0.2453292539791367,4.967100735579294,-0.7728011469819561,20.0,1.0
3.952,-0.19111919403076172,-0.19111919403076172,4.536264419555664,-0.24036094259321128,4.969497518657732,-0.5516018721469229,20.0,1.0
3.9530000000000003,-0.18692302703857422,-0.18692302703857422,4.404396057128906,-0.2353902589418201,4.971845254803057,-0.4018954403907672,20.0,1.0
3.954,-0.18196392059326172,-0.18196392059326172,4.729669570922852,-0.23041725208360406,4.974143920844014,-0.7245922798856842,20.0,1.0
3.955,-0.17776775360107422,-0.17776775360107422,4.19340705871582,-0.22544197110013317,4.976393494091511,-0.1704979146054887,20.0,1.0
3.956,-0.17280864715576172,-0.17280864715576172,4.975824356079102,-0.22046446509542214,4.978593952344582,-0.9503467625277281,20.0,1.0
3.9570000000000003,-0.16899394989013672,-0.16899394989013672,3.885713577270508,-0.21548478319544287,4.980745273884992,0.16521503050836095,20.0,1.0
3.958,-0.16403484344482422,-0.16403484344482422,4.967033386230469,-0.21050297454765104,4.982847437480046,-0.9135485708069588,20.0,1.0
3.959,-0.15983867645263672,-0.15983867645263672,4.1846160888671875,-0.20551908832048388,4.98490042238285,-0.11332390384128055,20.0,1.0
3.96,-0.1548786163330078,-0.1548786163330078,4.923076629638672,-0.20053317370288642,4.986904208329847,-0.8492635687063974,20.0,1.0
3.9610000000000003,-0.1506824493408203,-0.1506824493408203,4.131868362426758,-0.19554527990382306,4.9888587755467455,-0.040266198140067266,20.0,1.0
3.962,-0.1461048126220703,-0.1461048126220703,4.676923751831055,-0.19055545615179184,4.990764104742695,-0.5751725176827903,20.0,1.0
3.963,-0.1415271759033203,-0.1415271759033203,4.413187026977539,-0.18556375169433878,4.992620177110666,-0.3012983656872422,20.0,1.0
3.964,-0.1373310089111328,-0.1373310089111328,4.474725723266602,-0.1805702157975716,4.9944269743334075,-0.34508288666196973,20.0,1.0
3.9650000000000003,-0.1323719024658203,-0.1323719024658203,4.676923751831055,-0.1755748977456708,4.996184478577987,-0.5447991788500772,20.0,1.0
3.966,-0.1281757354736328,-0.1281757354736328,4.237361907958984,-0.17057784684041455,4.997892672498438,-0.0875114627961815,20.0,1.0
3.967,-0.12321662902832031,-0.12321662902832031,5.037363052368164,-0.16557911240067505,4.999551539234844,-0.885061180580415,20.0,1.0
3.968,-0.11902046203613281,-0.11902046203613281,3.8945045471191406,-0.16057874376194597,5.001161062417381,0.27549088078197737,20.0,1.0
3.969,-0.11406135559082031,-0.11406135559082031,5.019781112670898,-0.15557679027584137,5.002721226161,-0.8473685802103192,20.0,1.0
3.97,-0.11024665832519531,-0.11024665832519531,3.991209030151367,-0.15057330130962285,5.004232015064062,0.20649012522414412,20.0,1.0
3.971,-0.10528755187988281,-0.10528755187988281,5.081317901611328,-0.14556832624571212,5.005693414217163,-0.8812399747107514,20.0,1.0
3.972,-0.10147285461425781,-0.10147285461425781,3.8241748809814453,-0.14056191448118963,5.007105409197422,0.4011493308773403,20.0,1.0
3.973,-0.09651374816894531,-0.09651374816894531,5.05494499206543,-0.13555411542731838,5.008467986067615,-0.8272843511652763,20.0,1.0
3.974,-0.0919351577758789,-0.0919351577758789,4.228570938110352,-0.13054497850905328,5.009781131381942,0.00901377860810304,20.0,1.0
3.975,-0.0873575210571289,-0.0873575210571289,4.69450569152832,-0.1255345531645534,5.011044832180104,-0.4470015014967056,20.0,1.0
3.976,-0.0827798843383789,-0.0827798843383789,4.351648330688477,-0.12052288884469416,5.012259075987721,-0.09424934482706027,20.0,1.0
3.977,-0.0785837173461914,-0.0785837173461914,4.659339904785156,-0.11551003501257906,5.013423850822079,-0.38444240729083035,20.0,1.0
3.978,-0.0736246109008789,-0.0736246109008789,4.74725341796875,-0.11049604114304888,5.014539145186731,-0.4701428776254184,20.0,1.0
3.979,-0.0694284439086914,-0.0694284439086914,4.123077392578125,-0.10548095672220448,5.015604948074177,0.1714772992257907,20.0,1.0
3.98,-0.0648508071899414,-0.0648508071899414,4.799999237060547,-0.10046483124690163,5.0166212489659685,-0.4956584692337829,20.0,1.0
3.981,-0.060654640197753906,-0.060654640197753906,4.140659332275391,-0.09544771422427364,5.017588037830215,0.18106722502442996,20.0,1.0
3.982,-0.055695533752441406,-0.055695533752441406,5.081317901611328,-0.09042965517124008,5.018505305127313,-0.7574950248599885,20.0,1.0
3.983,-0.051880836486816406,-0.051880836486816406,3.789011001586914,-0.08541070361401791,5.019373041804208,0.5597646976732638,20.0,1.0
3.984,-0.046540260314941406,-0.046540260314941406,5.107692718505859,-0.08039090908763276,5.020191239294498,-0.7645144546651887,20.0,1.0
3.985,-0.042725563049316406,-0.042725563049316406,4.070329666137695,-0.07537032113543003,5.020959889524256,0.29773506166428865,20.0,1.0
3.986,-0.037766456604003906,-0.037766456604003906,4.852746963500977,-0.0703489893085831,5.0216789849066785,-0.482718632685882,20.0,1.0
3.987,-0.033951759338378906,-0.033951759338378906,4.026372909545898,-0.06532696316561556,5.02234851834454,0.36847153225390816,20.0,1.0
3.988,-0.02899169921875,-0.02899169921875,4.799999237060547,-0.060304292271895134,5.022968483230425,-0.4032826148930244,20.0,1.0
3.989,-0.0244140625,-0.0244140625,4.4395599365234375,-0.055281026199155814,5.023538873444117,-0.03336033706243646,20.0,1.0
3.99,-0.01983642578125,-0.01983642578125,4.430768966674805,-0.05025721452500577,5.024059683358335,-0.015125058191585383,20.0,1.0
3.991,-0.0156402587890625,-0.0156402587890625,4.5010986328125,-0.04523290683243802,5.024530907832894,-0.06842068584711669,20.0,1.0
3.992,-0.011444091796875,-0.011444091796875,4.386814117431641,-0.04020815270934109,5.024952542214756,0.06285720653379323,20.0,1.0
3.993,-0.0064849853515625,-0.0064849853515625,4.843955993652344,-0.03518300174800961,5.025324582343988,-0.3925917392372984,20.0,1.0
3.994,-0.002288818359375,-0.002288818359375,3.9472522735595703,-0.03015750354465199,5.025647024548091,0.5210210472829808,20.0,1.0
3.995,0.0026702880859375,0.0026702880859375,4.861537933349609,-0.025131707698912306,5.025919865644694,-0.3916579834019118,20.0,1.0
3.996,0.0064849853515625,0.0064849853515625,4.149450302124023,-0.020105663813363706,5.026143102940157,0.34487981751760954,20.0,1.0
3.997,0.011444091796875,0.011444091796875,4.896703720092773,-0.0150794214930331,5.026316734234048,-0.40085725165688724,20.0,1.0
3.998,0.0152587890625,0.0152587890625,3.956043243408203,-0.01005303034489448,5.026440757812101,0.5641611262560084,20.0,1.0
3.999,0.0202178955078125,0.0202178955078125,4.8087921142578125,-0.005026539977407773,5.026515172447402,-0.287165651514816,20.0,1.0
4.0,0.0244140625,0.0244140625,4.263736724853516,-7.837739514543061e-16,5.026539977407847,0.27452200255431547,20.0,1.0
4.001,0.0293731689453125,0.0293731689453125,4.624176025390625,0.005026539977409047,5.026515172447403,-0.08459343230129124,20.0,1.0
4.002,0.033570289611816406,0.033570289611816406,4.316484451293945,0.010053030344892914,5.0264407578117964,0.23961112117938127,20.0,1.0
4.003,0.038147926330566406,0.038147926330566406,4.465934753417969,0.015079421493031531,5.026316734234356,0.09901188406569017,20.0,1.0
4.0040000000000004,0.042725563049316406,0.042725563049316406,4.782417297363281,0.020105663813364982,5.0261431029401535,-0.2086721791421562,20.0,1.0
4.005,0.046921730041503906,0.046921730041503906,4.043956756591797,0.025131707698910734,5.025919865644697,0.5461626622010369,20.0,1.0
4.006,0.051499366760253906,0.051499366760253906,4.799999237060547,0.030157503544653266,5.025647024547782,-0.2011894768247779,20.0,1.0
4.007,0.055695533752441406,0.055695533752441406,4.017581939697266,0.0351830017480052,5.025324582343689,0.5974920025576994,20.0,1.0
4.008,0.060654640197753906,0.060654640197753906,5.046154022216797,0.04020815270933953,5.02495254221537,-0.4301312297697142,20.0,1.0
4.009,0.0644693374633789,0.0644693374633789,3.789011001586914,0.045232906832439294,5.024530907832887,0.8507912936271803,20.0,1.0
4.01,0.0694284439086914,0.0694284439086914,5.002197265625,0.0502572145250042,5.024059683358033,-0.36156216994071144,20.0,1.0
4.011,0.0736246109008789,0.0736246109008789,4.105495452880859,0.05528102619915425,5.02353887344443,0.5511717265290775,20.0,1.0
4.0120000000000005,0.0782022476196289,0.0782022476196289,4.791208267211914,0.06030429227189641,5.022968483230425,-0.1261988909361389,20.0,1.0
4.013,0.0823984146118164,0.0823984146118164,4.123077392578125,0.065326963165614,5.022348518344536,0.557842096842363,20.0,1.0
4.014,0.0869760513305664,0.0869760513305664,4.597803115844727,0.07034898930858437,5.021678984906366,0.09133462862199854,20.0,1.0
4.015,0.0915536880493164,0.0915536880493164,4.571428298950195,0.07537032113542563,5.020959889523965,0.12586425229595433,20.0,1.0
4.016,0.09575080871582031,0.09575080871582031,4.263736724853516,0.08039090908763119,5.020191239293673,0.4492565218763753,20.0,1.0
4.017,0.10032844543457031,0.10032844543457031,4.55384635925293,0.08541070361401634,5.019373041804215,0.16717184614020597,20.0,1.0
4.018,0.10490608215332031,0.10490608215332031,4.158241271972656,0.09042965517123852,5.0185053051284285,0.5707354935141364,20.0,1.0
4.019,0.10948371887207031,0.10948371887207031,4.896703720092773,0.09544771422427208,5.017588037830514,-0.1598357752182244,20.0,1.0
4.0200000000000005,0.11367988586425781,0.11367988586425781,3.912088394165039,0.10046483124690289,5.016621248965961,0.8402317624538239,20.0,1.0
4.021,0.11825752258300781,0.11825752258300781,4.826374053955078,0.10548095672220291,5.015604948074184,-0.06630042309699197,20.0,1.0
4.022,0.12245368957519531,0.12245368957519531,4.008790969848633,0.11049604114305014,5.014539145186426,0.7665952066948895,20.0,1.0
4.023,0.1274127960205078,0.1274127960205078,4.967033386230469,0.11551003501257467,5.013423850821788,-0.19166475556734386,20.0,1.0
4.024,0.1312274932861328,0.1312274932861328,3.8241748809814453,0.1205228888446926,5.012259075986904,0.9739921061766545,20.0,1.0
4.025,0.1361865997314453,0.1361865997314453,4.879121780395508,0.12553455316455184,5.01104483218009,-0.08111787955328709,20.0,1.0
4.026,0.1403827667236328,0.1403827667236328,4.175825119018555,0.1305449785090517,5.0097811313830505,0.6372002480728735,20.0,1.0
4.027,0.1445789337158203,0.1445789337158203,4.712087631225586,0.13555411542731682,5.008467986067927,0.1158839890722716,20.0,1.0
4.0280000000000005,0.1491565704345703,0.1491565704345703,4.1846160888671875,0.1405619144811909,5.007105409197408,0.650596201262632,20.0,1.0
4.029,0.1533527374267578,0.1533527374267578,4.492307662963867,0.14556832624571056,5.0056934142171485,0.3576975276323363,20.0,1.0
4.03,0.15793132781982422,0.15793132781982422,4.474725723266602,0.1505733013096241,5.004232015063764,0.3823457615931596,20.0,1.0
4.031,0.16212749481201172,0.16212749481201172,4.30769157409668,0.155576790275837,5.002721226160716,0.5640155613405423,20.0,1.0
4.032,0.16670513153076172,0.16670513153076172,4.597803115844727,0.1605787437619444,5.001161062417978,0.280830191196905,20.0,1.0
4.033,0.17090129852294922,0.17090129852294922,4.123077392578125,0.16557911240067633,4.9995515392348295,0.7700304242112467,20.0,1.0
4.034,0.17586040496826172,0.17586040496826172,4.870328903198242,0.170577846840413,4.997892672498452,0.02191260674323514,20.0,1.0
4.035,0.17967510223388672,0.17967510223388672,3.868131637573242,0.1755748977456721,4.996184478578257,1.0460487512407226,20.0,1.0
4.0360000000000005,0.18463420867919922,0.18463420867919922,4.756044387817383,0.18057021579757285,4.994426974333095,0.15710272888318466,20.0,1.0
4.037,0.18844890594482422,0.18844890594482422,4.043956756591797,0.18556375169433723,4.992620177110695,0.8909603355091579,20.0,1.0
4.038,0.19340801239013672,0.19340801239013672,4.870328903198242,0.19055545615179312,4.990764104742681,0.06338407677756652,20.0,1.0
4.039,0.19722270965576172,0.19722270965576172,3.8153839111328125,0.1955452799038215,4.988858775546447,1.1399262693748304,20.0,1.0
4.04,0.20218181610107422,0.20218181610107422,4.826374053955078,0.20053317370288487,4.986904208330159,0.12755730641129426,20.0,1.0
4.041,0.20599651336669922,0.20599651336669922,3.964834213256836,0.20551908832048515,4.984900422382836,1.0105177082017187,20.0,1.0
4.042,0.21095561981201172,0.21095561981201172,4.799999237060547,0.2105029745476495,4.982847437480075,0.17379529513228342,20.0,1.0
4.043,0.21438884735107422,0.21438884735107422,3.868131637573242,0.21548478319544417,4.980745273885276,1.134532353199433,20.0,1.0
4.0440000000000005,0.21934890747070312,0.21934890747070312,4.632966995239258,0.2204644650954234,4.978593952344255,0.36793810959940254,20.0,1.0
4.045,0.22354507446289062,0.22354507446289062,4.228570938110352,0.22544197110013162,4.976393494091539,0.7857604887260073,20.0,1.0
4.046,0.22812271118164062,0.22812271118164062,4.492307662963867,0.23041725208360533,4.974143920844014,0.5277270759194411,20.0,1.0
4.047,0.23231887817382812,0.23231887817382812,4.096702575683594,0.23539025894181856,4.9718452548027585,0.9365702944789734,20.0,1.0
4.048,0.23651504516601562,0.23651504516601562,4.492307662963867,0.24036094259320973,4.969497518658031,0.5541078042380456,20.0,1.0
4.049,0.24109268188476562,0.24109268188476562,4.290109634399414,0.24532925397913796,4.967100735579265,0.761722543067298,20.0,1.0
4.05,0.24528884887695312,0.24528884887695312,4.24615478515625,0.2502951440643672,4.964654929220757,0.8186260478127882,20.0,1.0
4.051,0.24948501586914062,0.24948501586914062,4.096702575683594,0.2552585638375784,4.962160123723052,0.9809285074082137,20.0,1.0
4.0520000000000005,0.2536811828613281,0.2536811828613281,4.342857360839844,0.2602194643118166,4.959616343706969,0.7475246118768946,20.0,1.0
4.053,0.2574958801269531,0.2574958801269531,4.123077392578125,0.26517779652499124,4.957023614279052,0.9875845496616893,20.0,1.0
4.054,0.2620735168457031,0.2620735168457031,4.123077392578125,0.27013351154037357,4.954381961032084,0.9925044623473678,20.0,1.0
4.055,0.2658882141113281,0.2658882141113281,4.035165786743164,0.2750865604470544,4.9516914100339875,1.1004925500053484,20.0,1.0
4.056,0.2704658508300781,0.2704658508300781,4.254945755004883,0.2800368943604405,4.948951987839877,0.8854271034422412,20.0,1.0
4.057,0.2742805480957031,0.2742805480957031,4.105495452880859,0.28498446442273745,4.946163721489228,1.0547465951490549,20.0,1.0
4.058,0.2784767150878906,0.2784767150878906,4.175825119018555,0.2899292218034179,4.943326638498803,0.9965516537907939,20.0,1.0
4.059,0.28229236602783203,0.28229236602783203,3.8593406677246094,0.29487111769973395,4.940440766869301,1.3326751325827302,20.0,1.0
4.0600000000000005,0.28648853302001953,0.28648853302001953,4.378021240234375,0.2998101033371598,4.937506135085499,0.8259163011939294,20.0,1.0
4.061,0.29068470001220703,0.29068470001220703,3.9824180603027344,0.3047461299699039,4.934522772108721,1.2333333109599245,20.0,1.0
4.062,0.29488086700439453,0.29488086700439453,4.263736724853516,0.30967914888137615,4.931490707382949,0.9637196200690656,20.0,1.0
4.063,0.29869556427001953,0.29869556427001953,3.6923084259033203,0.31460911138466874,4.928409970837663,1.5543724872273268,20.0,1.0
4.064,0.30289173126220703,0.30289173126220703,4.492307662963867,0.31953596882305035,4.9252805928747705,0.7658576811277698,20.0,1.0
4.065,0.30708789825439453,0.30708789825439453,3.8065929412841797,0.3244596725704216,4.922102604379688,1.4629451494160495,20.0,1.0
4.066,0.31128406524658203,0.31128406524658203,4.386814117431641,0.32938017403180864,4.918876036719638,0.8939840949925295,20.0,1.0
4.067,0.31509876251220703,0.31509876251220703,3.5956039428710938,0.3342974246438597,4.9156009217381325,1.703970221500092,20.0,1.0
4.0680000000000005,0.31929492950439453,0.31929492950439453,4.483516693115234,0.33921137587528816,4.912277291761541,0.8270895260641788,20.0,1.0
4.069,0.32310962677001953,0.32310962677001953,3.674724578857422,0.34412197922738175,4.908905179590562,1.6544276498803843,20.0,1.0
4.07,0.32768726348876953,0.32768726348876953,4.483516693115234,0.34902918623446816,4.905484618505852,0.8488063803045904,20.0,1.0
4.071,0.33112049102783203,0.33112049102783203,3.4461536407470703,0.3539329484643924,4.902015642271181,1.9121111502553174,20.0,1.0
4.072,0.33569812774658203,0.33569812774658203,4.518680572509766,0.3588332175190094,4.898498285120297,0.8425195080590784,20.0,1.0
4.073,0.33913135528564453,0.33913135528564453,3.5956039428710938,0.36372994503463624,4.894932581767705,1.7913004338764453,20.0,1.0
4.074,0.34370899200439453,0.34370899200439453,4.536264419555664,0.3686230826825438,4.891318567407438,0.8533359614147595,20.0,1.0
4.075,0.34714317321777344,0.34714317321777344,3.419780731201172,0.37351258216945,4.887656277706725,1.9952637255390842,20.0,1.0
4.0760000000000005,0.35172080993652344,0.35172080993652344,4.465934753417969,0.37839839523796054,4.8839457488119535,0.9515627014227268,20.0,1.0
4.077,0.35515403747558594,0.35515403747558594,3.701099395751953,0.3832804736670729,4.8801870173464295,1.7416163454242157,20.0,1.0
4.078,0.35973167419433594,0.35973167419433594,4.395605087280273,0.38815876927265225,4.87638012040378,1.0493169346898332,20.0,1.0
4.079,0.36316490173339844,0.36316490173339844,3.586812973022461,0.3930332339078795,4.87252509555816,1.8830787660253199,20.0,1.0
4.08,0.36736106872558594,0.36736106872558594,4.254945755004883,0.39790381946376746,4.868621980857455,1.2245312406162026,20.0,1.0
4.081,0.37117576599121094,0.37117576599121094,3.8593406677246094,0.40277047786959763,4.864670814822119,1.637224384665244,20.0,1.0
4.082,0.37575340270996094,0.37575340270996094,4.237361907958984,0.4076331610934107,4.860671636449069,1.26090489615908,20.0,1.0
4.083,0.37918663024902344,0.37918663024902344,3.75384521484375,0.4124918211424946,4.856624485211256,1.7688830882369295,20.0,1.0
4.0840000000000005,0.38338279724121094,0.38338279724121094,4.079120635986328,0.41734641006383644,4.852529401050674,1.452681021516856,20.0,1.0
4.085,0.38719749450683594,0.38719749450683594,3.797801971435547,0.4221968799445949,4.848386424383165,1.7505721617027976,20.0,1.0
4.086,0.39139366149902344,0.39139366149902344,4.175825119018555,0.4270431829126016,4.844195596098956,1.381360905351965,20.0,1.0
4.087,0.39520835876464844,0.39520835876464844,3.7362632751464844,0.4318852711367918,4.839956957559991,1.8372319298563744,20.0,1.0
4.088,0.39864158630371094,0.39864158630371094,3.7186813354492188,0.4367230968277205,4.835670550600327,1.8786194256312987,20.0,1.0
4.089,0.40283775329589844,0.40283775329589844,4.05274772644043,0.4415566122379957,4.831336417523403,1.5529658699249183,20.0,1.0
4.09,0.40665340423583984,0.40665340423583984,3.7186813354492188,0.44638576966276633,4.826954601105882,1.9029205741951931,20.0,1.0
4.091,0.41084957122802734,0.41084957122802734,4.149450302124023,0.45121052144020635,4.822525144596966,1.4802938467165228,20.0,1.0
4.0920000000000005,0.41390132904052734,0.41390132904052734,3.261537551879883,0.4560308199519635,4.818048091712001,2.3991003580608408,20.0,1.0
4.093,0.41847896575927734,0.41847896575927734,4.342857360839844,0.46084661762362933,4.813523486636825,1.318019163084021,20.0,1.0
4.094,0.42153072357177734,0.42153072357177734,3.3582420349121094,0.46565786692523603,4.808951374028055,2.3332522061851195,20.0,1.0
4.095,0.42610836029052734,0.42610836029052734,4.316484451293945,0.4704645203716844,4.8043317990107255,1.3749705493399214,20.0,1.0
4.096,0.42916011810302734,0.42916011810302734,3.287912368774414,0.47526653052325635,4.799664807177265,2.4338806868074316,20.0,1.0
4.097,0.43335628509521484,0.43335628509521484,4.158241271972656,0.4800638499860421,4.7949504445914215,1.5708604704353109,20.0,1.0
4.098,0.43678951263427734,0.43678951263427734,3.5252742767333984,0.4848564314124382,4.790188757779845,2.2262528566096638,20.0,1.0
4.099,0.44098567962646484,0.44098567962646484,4.070329666137695,0.4896442275016007,4.785379793737576,1.6882210851025976,20.0,1.0
4.1,0.44480037689208984,0.44480037689208984,3.578022003173828,0.4944271909999124,4.780523599931598,2.195037878914221,20.0,1.0
4.101,0.44823360443115234,0.44823360443115234,3.674724578857422,0.49920527470146275,4.77562022428674,2.120329050835527,20.0,1.0
4.102,0.45242977142333984,0.45242977142333984,3.964834213256836,0.5039784314484891,4.7706697151970445,1.8368087024431934,20.0,1.0
4.103,0.45586299896240234,0.45586299896240234,3.4725265502929688,0.5087466141318558,4.765672121523949,2.35081787462005,20.0,1.0
4.104,0.46005916595458984,0.46005916595458984,4.210988998413086,0.5135097756915359,4.760627492590231,1.6186506889160661,20.0,1.0
4.105,0.46311092376708984,0.46311092376708984,3.2263736724853516,0.5182678691170395,4.755535878185299,2.63230111269894,20.0,1.0
4.106,0.46730709075927734,0.46730709075927734,4.210988998413086,0.5230208474479054,4.750397328562997,1.653683463922473,20.0,1.0
4.107,0.47074127197265625,0.47074127197265625,3.3494510650634766,0.5277686637741644,4.745211894435556,2.536308665402243,20.0,1.0
4.108,0.47493743896484375,0.47493743896484375,4.228570938110352,0.5325112712367756,4.739979626982517,1.6628853343108019,20.0,1.0
4.109,0.47837066650390625,0.47837066650390625,3.3142852783203125,0.5372486230281284,4.734700577844649,2.5979744300087786,20.0,1.0
4.11,0.48180389404296875,0.48180389404296875,3.709890365600586,0.5419806723924679,4.729374799122354,2.223020000511752,20.0,1.0
4.111,0.48561859130859375,0.48561859130859375,3.75384521484375,0.546707372626372,4.724002343379425,2.1919327548912406,20.0,1.0
4.112,0.48905181884765625,0.48905181884765625,3.5252742767333984,0.5514286770792257,4.718583263642415,2.440846151540406,20.0,1.0
4.113,0.49324798583984375,0.49324798583984375,3.991209030151367,0.55614453915366,4.713117613393763,1.9798396495187212,20.0,1.0
4.114,0.49629974365234375,0.49629974365234375,3.0593414306640625,0.5608549123060123,4.707605446576338,2.9393673889856453,20.0,1.0
4.115,0.5004959106445312,0.5004959106445312,4.219779968261719,0.5655597500468116,4.702046817593555,1.7835436373774427,20.0,1.0
4.116,0.5035476684570312,0.5035476684570312,3.1824169158935547,0.5702590059411984,4.696441781307101,2.848251615096889,20.0,1.0
4.117,0.5077438354492188,0.5077438354492188,4.070329666137695,0.5749526336094247,4.690790393036764,1.964636690103188,20.0,1.0
4.118,0.5111770629882812,0.5111770629882812,3.3142852783203125,0.579640586727275,4.6850927085579315,2.7400779050174946,20.0,1.0
4.119,0.5146102905273438,0.5146102905273438,3.4725265502929688,0.5843228190265396,4.679348784104718,2.6010728037956663,20.0,1.0
4.12,0.5184249877929688,0.5184249877929688,3.832967758178711,0.5889992842954834,4.673558676369964,2.252076848241547,20.0,1.0
4.121,0.5214767456054688,0.5214767456054688,3.208791732788086,0.5936699363792827,4.6677224424982455,2.902794525186438,20.0,1.0
4.122,0.5256729125976562,0.5256729125976562,4.123077392578125,0.5983347291804789,4.661840140089623,1.9919990791679516,20.0,1.0
4.123,0.5287246704101562,0.5287246704101562,3.050548553466797,0.6029936166594608,4.655911827200725,3.09074219872002,20.0,1.0
4.124,0.5325403213500977,0.5325403213500977,3.7802200317382812,0.6076465528348794,4.649937562341904,2.3718421602992588,20.0,1.0
4.125,0.5359735488891602,0.5359735488891602,3.4285717010498047,0.6122934917841436,4.643917404475815,2.741744561325679,20.0,1.0
4.126,0.5394067764282227,0.5394067764282227,3.542856216430664,0.6169343876438341,4.637851413021224,2.645547420902789,20.0,1.0
4.127,0.5432214736938477,0.5432214736938477,3.701099395751953,0.6215691946101851,4.631739647844938,2.4975946704197343,20.0,1.0
4.128,0.5462732315063477,0.5462732315063477,2.9714279174804688,0.626197866939523,4.625582169267432,3.252646960450469,20.0,1.0
4.1290000000000004,0.5500879287719727,0.5500879287719727,3.9384613037109375,0.630820358948723,4.619379038062789,2.2955663378868585,20.0,1.0
4.13,0.5531396865844727,0.5531396865844727,3.120878219604492,0.6354366250156476,4.613130315451258,3.138190864470264,20.0,1.0
4.131,0.5569543838500977,0.5569543838500977,3.701099395751953,0.6400466195796244,4.606836063105732,2.567581381944313,20.0,1.0
4.132,0.5603876113891602,0.5603876113891602,3.4373626708984375,0.6446502971418582,4.60049634314845,2.8483873873039727,20.0,1.0
4.133,0.5634393692016602,0.5634393692016602,3.006593704223633,0.6492476122659202,4.594111218148612,3.30368237521018,20.0,1.0
4.134,0.5672540664672852,0.5672540664672852,3.876922607421875,0.6538385195781584,4.5876807511259585,2.4424472059215487,20.0,1.0
4.135,0.5703058242797852,0.5703058242797852,2.9450550079345703,0.6584229737681712,4.581205005548384,3.3984929873815335,20.0,1.0
4.136,0.5741205215454102,0.5741205215454102,3.8945045471191406,0.663000929589254,4.5746840453259665,2.457787659083704,20.0,1.0
4.1370000000000005,0.5771722793579102,0.5771722793579102,3.1912078857421875,0.6675723418588262,4.568117934817906,3.184911299094039,20.0,1.0
4.138,0.5802240371704102,0.5802240371704102,3.0153846740722656,0.6721371654588889,4.561506738830587,3.384384630527897,20.0,1.0
4.139,0.5840387344360352,0.5840387344360352,3.885713577270508,0.6766953553364864,4.554850522613265,2.5222693633517816,20.0,1.0
4.14,0.5870904922485352,0.5870904922485352,2.9098892211914062,0.6812468665041145,4.548149351860275,3.521387615780455,20.0,1.0
4.141,0.5909051895141602,0.5909051895141602,3.789011001586914,0.6857916540402059,4.541403292708594,2.6501215816425954,20.0,1.0
4.142,0.5939579010009766,0.5939579010009766,3.173625946044922,0.6903296730895346,4.534612411739886,3.2884219074661254,20.0,1.0
4.143,0.5970096588134766,0.5970096588134766,2.9098892211914062,0.6948608788636847,4.527776775979419,3.5749119557921762,20.0,1.0
4.144,0.6008243560791016,0.6008243560791016,3.8505496978759766,0.6993852266414924,4.52089645288919,2.6415641662610296,20.0,1.0
4.1450000000000005,0.6038761138916016,0.6038761138916016,2.9274730682373047,0.7039026717694662,4.513971510375086,3.587029599695074,20.0,1.0
4.146,0.6073093414306641,0.6073093414306641,3.586812973022461,0.7084131696622417,4.507002016785179,2.9422656083942704,20.0,1.0
4.147,0.6107425689697266,0.6107425689697266,3.243955612182617,0.7129166758030355,4.499988040904782,3.299514565388344,20.0,1.0
4.148,0.6134128570556641,0.6134128570556641,2.7692298889160156,0.7174131457440502,4.492929651957979,3.8037055368096873,20.0,1.0
4.149,0.6172275543212891,0.6172275543212891,3.797801971435547,0.7219025351069503,4.485826919611156,2.7815245638888353,20.0,1.0
4.15,0.6198978424072266,0.6198978424072266,2.9098892211914062,0.7263847995832755,4.478679913963731,3.6985298362933037,20.0,1.0
4.151,0.6233310699462891,0.6233310699462891,3.25274658203125,0.730859894934877,4.471488705553099,3.3693186232936085,20.0,1.0
4.152,0.6267642974853516,0.6267642974853516,3.490110397338867,0.7353277769943807,4.46425336535458,3.145412558196295,20.0,1.0
4.1530000000000005,0.6294345855712891,0.6294345855712891,2.5582408905029297,0.7397884016655891,4.456973964776523,4.105809396159595,20.0,1.0
4.154,0.6328678131103516,0.6328678131103516,3.5692310333251953,0.7442417249239328,4.449650575664236,3.107897778610666,20.0,1.0
4.155,0.6359195709228516,0.6359195709228516,3.0681324005126953,0.7486877028169165,4.442283270299583,3.6295135076681877,20.0,1.0
4.156,0.6389713287353516,0.6389713287353516,2.918682098388672,0.753126291464531,4.434872121391322,3.7992892775862397,20.0,1.0
4.157,0.6424045562744141,0.6424045562744141,3.6571426391601562,0.7575574470596981,4.427417202084712,3.073332378630236,20.0,1.0
4.158,0.6450748443603516,0.6450748443603516,2.663736343383789,0.7619811258687035,4.419918585959294,4.094307872742544,20.0,1.0
4.159,0.6481266021728516,0.6481266021728516,3.0945053100585938,0.7663972842316158,4.412376347021166,3.6832846781378565,20.0,1.0
4.16,0.6519412994384766,0.6519412994384766,3.4725265502929688,0.7708058785627447,4.40479055971025,3.3095555919026447,20.0,1.0
4.1610000000000005,0.6542301177978516,0.6542301177978516,2.628570556640625,0.7752068653510392,4.3971612988938205,4.188125693316948,20.0,1.0
4.162,0.658045768737793,0.658045768737793,3.5252742767333984,0.7796002011605315,4.389488639869853,3.295303011591226,20.0,1.0
4.163,0.661097526550293,0.661097526550293,2.9802188873291016,0.783985842630778,4.381772658367481,3.8593200926480797,20.0,1.0
4.164,0.6637678146362305,0.6637678146362305,2.663736343383789,0.7883637464772657,4.374013430537104,4.20219572397402,20.0,1.0
4.165,0.667201042175293,0.667201042175293,3.5252742767333984,0.7927338694918511,4.366211032958915,3.3515933025566795,20.0,1.0
4.166,0.6698713302612305,0.6698713302612305,2.8483524322509766,0.7970961685431864,4.358365542641991,4.054509876030133,20.0,1.0
4.167,0.6729230880737305,0.6729230880737305,2.989011764526367,0.8014506005771342,4.35047703701639,3.932015522558098,20.0,1.0
4.168,0.676356315612793,0.676356315612793,3.4373626708984375,0.805797122617218,4.342545593937643,3.493999063127707,20.0,1.0
4.1690000000000005,0.6790266036987305,0.6790266036987305,2.5230770111083984,0.8101356917650124,4.334571291688519,4.43367604190576,20.0,1.0
4.17,0.6820783615112305,0.6820783615112305,3.129671096801758,0.8144662652005942,4.326554208970151,3.8446411859556675,20.0,1.0
4.171,0.6851301193237305,0.6851301193237305,3.164834976196289,0.8187888001829517,4.318494424907101,3.8268330658952374,20.0,1.0
4.172,0.687800407409668,0.687800407409668,2.5934066772460938,0.8231032540504075,4.310392019050028,4.423042274618725,20.0,1.0
4.173,0.6912336349487305,0.6912336349487305,3.4021968841552734,0.8274095842210507,4.30224707136307,3.623569172654201,20.0,1.0
4.174,0.693903923034668,0.693903923034668,2.865934371948242,0.8317077481931365,4.294059662233508,4.184201793454637,20.0,1.0
4.175,0.6965742111206055,0.6965742111206055,2.4791202545166016,0.8359977035455168,4.2858298724692645,4.59517946645089,20.0,1.0
4.176,0.700007438659668,0.700007438659668,3.296703338623047,0.8402794079380741,4.2775577832936165,3.786293830238692,20.0,1.0
4.1770000000000005,0.7026777267456055,0.7026777267456055,2.918682098388672,0.8445528191121069,4.269243476349573,4.188063225290929,20.0,1.0
4.178,0.705348014831543,0.705348014831543,2.6901092529296875,0.8488178948907724,4.260887033698054,4.440175381952956,20.0,1.0
4.179,0.7087812423706055,0.7087812423706055,3.2263736724853516,0.853074593179502,4.252488537810223,3.911981881502801,20.0,1.0
4.18,0.711451530456543,0.711451530456543,2.663736343383789,0.857322871966392,4.244048071577538,4.497738558390729,20.0,1.0
4.181,0.7141218185424805,0.7141218185424805,2.628570556640625,0.8615626893226559,4.235565718304144,4.555812577267028,20.0,1.0
4.182,0.7171735763549805,0.7171735763549805,3.1472530364990234,0.865794003403003,4.22704156170596,4.052197066167388,20.0,1.0
4.183,0.7198448181152344,0.7198448181152344,2.6901092529296875,0.870016772446067,4.218475685914825,4.53180551960179,20.0,1.0
4.184,0.7225151062011719,0.7225151062011719,2.7252750396728516,0.8742309547748317,4.209868175470888,4.518910107271233,20.0,1.0
4.1850000000000005,0.7255668640136719,0.7255668640136719,3.1384620666503906,0.8784365087970116,4.201219115327888,4.120149944344292,20.0,1.0
4.186,0.7282371520996094,0.7282371520996094,2.5318679809570312,0.8826333930054867,4.192528590850145,4.74858542801066,20.0,1.0
4.187,0.7309074401855469,0.7309074401855469,2.707693099975586,0.8868215659787109,4.183796687806307,4.594386103694001,20.0,1.0
4.188,0.7339591979980469,0.7339591979980469,3.1032962799072266,0.8910009863810986,4.175023492378614,4.212562980132422,20.0,1.0
4.189,0.7366294860839844,0.7366294860839844,2.540658950805664,0.895171612963467,4.166209091154769,4.7963926779387585,20.0,1.0
4.19,0.7396812438964844,0.7396812438964844,2.918682098388672,0.8993334045634109,4.157353571128226,4.431714686078085,20.0,1.0
4.191,0.7427330017089844,0.7427330017089844,3.085714340209961,0.9034863201057226,4.1484570196997765,4.27780904742458,20.0,1.0
4.192,0.7450218200683594,0.7450218200683594,2.3032970428466797,0.9076303186028094,4.139519524676871,5.088392452519192,20.0,1.0
4.1930000000000005,0.7476921081542969,0.7476921081542969,2.7692298889160156,0.9117653591550792,4.130541174267705,4.642776305367335,20.0,1.0
4.194,0.7507438659667969,0.7507438659667969,3.1032962799072266,0.915891400951344,4.121522057084064,4.32117647686778,20.0,1.0
4.195,0.7530326843261719,0.7530326843261719,2.364835739135742,0.9200084032692463,4.112462262141548,5.0871409018672935,20.0,1.0
4.196,0.7560844421386719,0.7560844421386719,2.883516311645508,0.9241163254756263,4.1033618788569015,4.580483233950481,20.0,1.0
4.197,0.7591361999511719,0.7591361999511719,3.0593414306640625,0.9282151270269591,4.094220997046364,4.416458107898045,20.0,1.0
4.198,0.7614250183105469,0.7614250183105469,2.25054931640625,0.9323047674697217,4.08503970692874,5.252085373705986,20.0,1.0
4.199,0.7640953063964844,0.7640953063964844,2.6901092529296875,0.9363852064408157,4.075818099117839,4.8315068470747775,20.0,1.0
4.2,0.7671470642089844,0.7671470642089844,3.0681324005126953,0.9404564036679564,4.066556264627138,4.4646106532938825,20.0,1.0
4.2010000000000005,0.7694358825683594,0.7694358825683594,2.3912086486816406,0.9445183189700727,4.057254294869097,5.167694374221721,20.0,1.0
4.202,0.7721061706542969,0.7721061706542969,2.672527313232422,0.9485709122576937,4.047912281648564,4.90467980048408,20.0,1.0
4.203,0.7751579284667969,0.7751579284667969,3.006593704223633,0.9526141435333688,4.0385303171677265,4.5810609142755325,20.0,1.0
4.204,0.7774467468261719,0.7774467468261719,2.2681312561035156,0.9566479728920285,4.02910849402349,5.345001759237107,20.0,1.0
4.205,0.7797355651855469,0.7797355651855469,2.338460922241211,0.9606723605214148,4.019646905204297,5.299921889680444,20.0,1.0
4.206,0.7827882766723633,0.7827882766723633,3.0593414306640625,0.9646872667024398,4.010145644094109,4.588784014031576,20.0,1.0
4.207,0.7850770950317383,0.7850770950317383,2.3912086486816406,0.9686926518096022,4.0006048044647855,5.281707291340423,20.0,1.0
4.208,0.7877473831176758,0.7877473831176758,2.373626708984375,0.9726884763113683,3.991024480480462,5.316219635369938,20.0,1.0
4.2090000000000005,0.7907991409301758,0.7907991409301758,3.0945053100585938,0.9766747007705657,3.9814047666969827,4.6044106534461875,20.0,1.0
4.21,0.7930879592895508,0.7930879592895508,2.4351654052734375,0.9806512858447616,3.9717457580554196,5.287846883886198,20.0,1.0
4.211,0.7953767776489258,0.7953767776489258,2.136262893676758,0.9846181922866756,3.9620475498863925,5.610612948964631,20.0,1.0
4.212,0.7980470657348633,0.7980470657348633,2.839559555053711,0.9885753809445337,3.9523102379078523,4.923316987047549,20.0,1.0
4.213,0.8007173538208008,0.8007173538208008,2.663736343383789,0.9925228127624903,3.9425339182220682,5.11490675367207,20.0,1.0
4.214,0.8030061721801758,0.8030061721801758,2.162637710571289,0.9964604487809805,3.9327186873182427,5.639166508763048,20.0,1.0
4.215,0.8056764602661133,0.8056764602661133,2.6461544036865234,1.0003882501371262,3.9228646420705218,5.170946035804256,20.0,1.0
4.216,0.8083467483520508,0.8083467483520508,2.8219776153564453,1.0043061780651206,3.912971879731856,5.0101828586368065,20.0,1.0
4.2170000000000005,0.8106355667114258,0.8106355667114258,2.1538467407226562,1.0082141938965925,3.903040497939344,5.700766300920022,20.0,1.0
4.218,0.8129243850708008,0.8129243850708008,2.241758346557617,1.0121122590609986,3.893070594713379,5.635069727959717,20.0,1.0
4.219,0.8155946731567383,0.8155946731567383,2.8571434020996094,1.0160003350860183,3.88306226845242,5.034032104938411,20.0,1.0
4.22,0.8178834915161133,0.8178834915161133,2.373626708984375,1.0198783835979026,3.873015617933447,5.539286750584859,20.0,1.0
4.221,0.8201723098754883,0.8201723098754883,2.1538467407226562,1.0237463663218842,3.862930742315143,5.780565130520405,20.0,1.0
4.222,0.8228425979614258,0.8228425979614258,2.830768585205078,1.0276042450825356,3.852807741130448,5.1172720983475655,20.0,1.0
4.223,0.8255128860473633,0.8255128860473633,2.5318679809570312,1.0314519818041443,3.8426467142882075,5.429560648466797,20.0,1.0
4.224,0.8274202346801758,0.8274202346801758,2.0219783782958984,1.0352895385111112,3.8324477620740254,5.967855460396835,20.0,1.0
4.225,0.8297090530395508,0.8297090530395508,2.329669952392578,1.0391168773282915,3.8222109851478763,5.6806975185301125,20.0,1.0
4.226,0.8327608108520508,0.8327608108520508,2.7780227661132812,1.0429339604814059,3.8119364845425707,5.237376711016391,20.0,1.0
4.227,0.8346681594848633,0.8346681594848633,2.1802196502685547,1.0467407502973793,3.801624361662107,5.862856527643873,20.0,1.0
4.228,0.8369569778442383,0.8369569778442383,2.118680953979492,1.0505372092047296,3.7912747182838302,5.944198391514164,20.0,1.0
4.229,0.8396272659301758,0.8396272659301758,2.7780227661132812,1.054323299733946,3.780887656555933,5.296785566518056,20.0,1.0
4.23,0.8422975540161133,0.8422975540161133,2.3999996185302734,1.058098984517844,3.770463278993475,5.686492270497814,20.0,1.0
4.231,0.8442058563232422,0.8442058563232422,1.9340667724609375,1.0618642262919322,3.760001688480088,6.179102315392951,20.0,1.0
4.232,0.8461132049560547,0.8461132049560547,2.206592559814453,1.065618987894803,3.74950298826775,5.933026087228264,20.0,1.0
4.233,0.8491649627685547,0.8491649627685547,2.8043956756591797,1.069363232268467,3.738967281974965,5.338536996314031,20.0,1.0
4.234,0.8510723114013672,0.8510723114013672,2.1538467407226562,1.073096922458752,3.728394673583921,6.015040154008963,20.0,1.0
4.235,0.8533611297607422,0.8533611297607422,1.960439682006836,1.0768200216156372,3.71778526744356,6.2265234225346235,20.0,1.0
4.236,0.8556499481201172,0.8556499481201172,2.6021976470947266,1.0805324929936386,3.707139168263325,5.602592418639027,20.0,1.0
4.237,0.8583202362060547,0.8583202362060547,2.5142860412597656,1.0842342999521628,3.6964564811153195,5.700451714777716,20.0,1.0
4.238,0.8602275848388672,0.8602275848388672,1.9252738952636719,1.0879254059558718,3.6857373114355596,6.314419838511981,20.0,1.0
4.239,0.8621349334716797,0.8621349334716797,1.9692306518554688,1.0916057745750332,3.6749817650157866,6.295167935227387,20.0,1.0
4.24,0.8648052215576172,0.8648052215576172,2.6373634338378906,1.0952753694859025,3.6641899480094935,5.63622947273731,20.0,1.0
4.241,0.8670940399169922,0.8670940399169922,2.3120880126953125,1.0989341544710516,3.6533619669280597,5.978076245313935,20.0,1.0
4.242,0.8690013885498047,0.8690013885498047,1.9340667724609375,1.1025820934197579,3.642497928638136,6.380045253576262,20.0,1.0
4.243,0.8712902069091797,0.8712902069091797,2.1890106201171875,1.1062191503283303,3.6315979403642586,6.141166188630083,20.0,1.0
4.244,0.8739604949951172,0.8739604949951172,2.6989002227783203,1.1098452893004855,3.6206621096865774,5.639457773015624,20.0,1.0
4.245,0.8762493133544922,0.8762493133544922,2.083517074584961,1.1134604745477024,3.609690544534942,6.270396693814185,20.0,1.0
4.246,0.8777751922607422,0.8777751922607422,1.7934074401855469,1.1170646703895577,3.598683353193792,6.591065475584555,20.0,1.0
4.247,0.8800640106201172,0.8800640106201172,2.206592559814453,1.1206578412540893,3.587640644301473,6.192924697166462,20.0,1.0
4.248,0.8827342987060547,0.8827342987060547,2.505495071411133,1.1242399516781596,3.5765625268442136,5.901180514875179,20.0,1.0
4.249,0.8846416473388672,0.8846416473388672,2.0659332275390625,1.1278109663077769,3.5654491101589656,6.362902261998097,20.0,1.0
4.25,0.8865489959716797,0.8865489959716797,1.9428577423095703,1.1313708498984765,3.5543005039295394,6.507879840155905,20.0,1.0
4.251,0.8888378143310547,0.8888378143310547,2.417581558227539,1.1349195673156385,3.5431168181893327,6.047170319653469,20.0,1.0
4.252,0.8915081024169922,0.8915081024169922,2.3912086486816406,1.1384570835348546,3.5318981633182602,6.079669136993869,20.0,1.0
4.253,0.8934154510498047,0.8934154510498047,1.8549442291259766,1.141983363642274,3.520644650037184,6.6370586727605945,20.0,1.0
4.2540000000000004,0.8949413299560547,0.8949413299560547,1.8285713195800781,1.1454983728349315,3.5093563894140516,6.69192592741151,20.0,1.0
4.255,0.8976116180419922,0.8976116180419922,2.364835739135742,1.1490020764211015,3.498033492860827,6.161006921307272,20.0,1.0
4.256,0.8999004364013672,0.8999004364013672,2.329669952392578,1.1524944398206523,3.48667607212883,6.208886188121953,20.0,1.0
4.257,0.9014263153076172,0.9014263153076172,1.8197803497314453,1.1559754285653587,3.475284239310895,6.7464861547342805,20.0,1.0
4.258,0.9033336639404297,0.9033336639404297,1.8549442291259766,1.1594450082992733,3.46385810684194,6.731140764892836,20.0,1.0
4.259,0.9060039520263672,0.9060039520263672,2.417581558227539,1.162903144779045,3.4523977874921457,6.172800084318163,20.0,1.0
4.26,0.9082937240600586,0.9082937240600586,2.241758346557617,1.1663498038742568,3.4409033943692293,6.360266644095576,20.0,1.0
4.261,0.9098196029663086,0.9098196029663086,1.714284896850586,1.1697849515677825,3.4293750409193535,6.914397116098246,20.0,1.0
4.2620000000000005,0.9117269515991211,0.9117269515991211,1.714284896850586,1.1732085539560977,3.417812840921556,6.933159991210502,20.0,1.0
4.263,0.9136343002319336,0.9136343002319336,2.1978015899658203,1.176620577249625,3.4062169084903644,6.468140858878372,20.0,1.0
4.264,0.9159231185913086,0.9159231185913086,2.2769222259521484,1.1800209877730776,3.394587358075114,6.399622515758346,20.0,1.0
4.265,0.9178304672241211,0.9178304672241211,1.7758235931396484,1.1834097519657747,3.3829243044524446,6.918686406145868,20.0,1.0
4.266,0.9193563461303711,0.9193563461303711,1.6703300476074219,1.1867868363819818,3.371227862731871,7.049507620156663,20.0,1.0
4.267,0.9216451644897461,0.9216451644897461,2.127471923828125,1.1901522076912407,3.359498148354419,6.602167088556187,20.0,1.0
4.268,0.9239339828491211,0.9239339828491211,2.4087905883789062,1.19350583267869,3.3477352770861444,6.330381685298617,20.0,1.0
4.269,0.9258413314819336,0.9258413314819336,1.837362289428711,1.1968476782454123,3.3359393650225684,6.918704010863431,20.0,1.0
4.2700000000000005,0.9273672103881836,0.9273672103881836,1.5296707153320312,1.2001777114087373,3.324110528583333,7.250649833662376,20.0,1.0
4.271,0.9292745590209961,0.9292745590209961,1.7406597137451172,1.2034958993025782,3.312248884514588,7.056015976401112,20.0,1.0
4.272,0.9315633773803711,0.9315633773803711,2.338460922241211,1.2068022091777657,3.3003545498875155,6.466670263594197,20.0,1.0
4.273,0.9334707260131836,0.9334707260131836,2.0219783782958984,1.2100966084023526,3.288427642094689,6.79896691158217,20.0,1.0
4.274,0.9349966049194336,0.9349966049194336,1.6439552307128906,1.2133790644619542,3.276468278847915,7.2001622389854365,20.0,1.0
4.275,0.9369039535522461,0.9369039535522461,1.6439552307128906,1.2166495449600505,3.2644765781808474,7.215433175624045,20.0,1.0
4.276,0.9388113021850586,0.9388113021850586,2.1450557708740234,1.2199080176183155,3.2524526584487603,6.729331196239874,20.0,1.0
4.277,0.9411001205444336,0.9411001205444336,2.2241764068603516,1.2231544502769471,3.240396638321272,6.657306826111191,20.0,1.0
4.2780000000000005,0.9426259994506836,0.9426259994506836,1.6703300476074219,1.22638881089496,3.2283086367881424,7.233234818066251,20.0,1.0
4.279,0.9441518783569336,0.9441518783569336,1.5120887756347656,1.2296110675505227,3.216188773151771,7.413283781388788,20.0,1.0
4.28,0.9460592269897461,0.9460592269897461,1.714284896850586,1.2328211884412628,3.2040371670295826,7.22499149920933,20.0,1.0
4.281,0.9483480453491211,0.9483480453491211,2.259340286254883,1.2360191418845812,3.191853938355848,6.685935582810167,20.0,1.0
4.282,0.9502553939819336,0.9502553939819336,2.0131874084472656,1.2392048963179736,3.1796392073717925,6.945441845645327,20.0,1.0
4.283,0.9517812728881836,0.9517812728881836,1.626373291015625,1.2423784202993269,3.167393094631734,7.352962751838975,20.0,1.0
4.284,0.9533071517944336,0.9533071517944336,1.5648345947265625,1.2455396825072365,3.1551157210011525,7.434931740530647,20.0,1.0
4.285,0.9555959701538086,0.9555959701538086,2.0307693481445312,1.2486886517413283,3.142807207651572,6.973891491257434,20.0,1.0
4.2860000000000005,0.9578847885131836,0.9578847885131836,2.1802196502685547,1.2518252969225416,3.130467676063404,6.82905819398201,20.0,1.0
4.287,0.9594106674194336,0.9594106674194336,1.6879119873046875,1.2549495870934546,3.11809724802481,7.340963654200543,20.0,1.0
4.288,0.9609365463256836,0.9609365463256836,1.4769229888916016,1.2580614914185904,3.105696045623972,7.571271958590506,20.0,1.0
4.289,0.9624624252319336,0.9624624252319336,1.5648345947265625,1.2611609791847023,3.09326419125739,7.502400675586201,20.0,1.0
4.29,0.9643697738647461,0.9643697738647461,2.1098899841308594,1.2642480198011044,3.0808018076221515,6.968476742218457,20.0,1.0
4.291,0.9666585922241211,0.9666585922241211,1.9692306518554688,1.2673225827999486,3.068309017715933,7.112358177377014,20.0,1.0
4.292,0.9681844711303711,0.9681844711303711,1.6087913513183594,1.2703846378365358,3.055785944838476,7.49099792764341,20.0,1.0
4.293,0.9697113037109375,0.9697113037109375,1.459341049194336,1.2734341546896246,3.043232712588292,7.6583486829676986,20.0,1.0
4.2940000000000005,0.9712371826171875,0.9712371826171875,1.714284896850586,1.2764711032617144,3.0306494448598187,7.421042960899771,20.0,1.0
4.295,0.9735260009765625,0.9735260009765625,2.118680953979492,1.2794954535793437,3.0180362658445574,7.018744363920689,20.0,1.0
4.296,0.9750518798828125,0.9750518798828125,1.8197803497314453,1.2825071757934028,3.0053933000295956,7.334718868509956,20.0,1.0
4.297,0.9765777587890625,0.9765777587890625,1.4505500793457031,1.2855062401794026,2.992720672196583,7.7207402206576825,20.0,1.0
4.298,0.9781036376953125,0.9781036376953125,1.336263656616211,1.288492617137795,2.9800185074185492,7.8515344396519895,20.0,1.0
4.299,0.9796295166015625,0.9796295166015625,1.626373291015625,1.2914662771942418,2.9672869310603573,7.577648851898318,20.0,1.0
4.3,0.981536865234375,0.981536865234375,1.9956035614013672,1.2944271909999154,2.954526068778023,7.216729022687464,20.0,1.0
4.301,0.9834442138671875,0.9834442138671875,1.7934074401855469,1.2973753293317971,2.9417360465170077,7.426950915623653,20.0,1.0
4.3020000000000005,0.9849700927734375,0.9849700927734375,1.4505500793457031,1.3003106630929513,2.9289169905086965,7.785178317553269,20.0,1.0
4.303,0.986114501953125,0.986114501953125,1.371429443359375,1.303233163312814,2.9160690272723286,7.887012811106734,20.0,1.0
4.304,0.9880218505859375,0.9880218505859375,1.6000003814697266,1.306142801147495,2.903192283611361,7.665610913372783,20.0,1.0
4.305,0.98992919921875,0.98992919921875,1.9780216217041016,1.309039547880036,2.8902868866149447,7.2944722381365645,20.0,1.0
4.306,0.991455078125,0.991455078125,1.74945068359375,1.311923374920724,2.877352963653152,7.5372682159738815,20.0,1.0
4.307,0.99298095703125,0.99298095703125,1.4065933227539062,1.3147942538073443,2.864390642380158,7.894063255148137,20.0,1.0
4.308,0.9941253662109375,0.9941253662109375,1.2571430206298828,1.3176521562054837,2.851400050727648,8.06479282998869,20.0,1.0
4.309,0.9956512451171875,0.9956512451171875,1.3098907470703125,1.3204970539087988,2.8383813169072027,8.025406745669116,20.0,1.0
4.3100000000000005,0.9971771240234375,0.9971771240234375,1.7230777740478516,1.3233289188392998,2.8253345694099607,7.6252926916793555,20.0,1.0
4.311,0.99908447265625,0.99908447265625,1.9076919555664062,1.3261477230476184,2.812259937000931,7.445832989261893,20.0,1.0
4.312,1.0006103515625,1.0006103515625,1.6000003814697266,1.3289534387133008,2.7991575487212685,7.766018910267559,20.0,1.0
4.313,1.00213623046875,1.00213623046875,1.336263656616211,1.3317460381450603,2.7860275338870224,8.041960030797018,20.0,1.0
4.314,1.0032806396484375,1.0032806396484375,1.2835159301757812,1.3345254937810742,2.7728700220852716,8.114251174562224,20.0,1.0
4.315,1.00518798828125,1.00518798828125,1.626373291015625,1.3372917781892326,2.759685143175716,7.775387650319743,20.0,1.0
4.316,1.0067138671875,1.0067138671875,1.872528076171875,1.3400448640674252,2.7464730272894258,7.540564888716054,20.0,1.0
4.317,1.0086212158203125,1.0086212158203125,1.6351642608642578,1.3427847242438107,2.733233804822362,7.781339712428068,20.0,1.0
4.3180000000000005,1.009765625,1.009765625,1.3450546264648438,1.3455113316770717,2.7199676064403775,8.089827113516968,20.0,1.0
4.319,1.01129150390625,1.01129150390625,1.2219772338867188,1.3482246594566911,2.7066745630769447,8.223360440199048,20.0,1.0
4.32,1.0124359130859375,1.0124359130859375,1.3450546264648438,1.350924680803225,2.6933548059280383,8.118075533808943,20.0,1.0
4.321,1.0139617919921875,1.0139617919921875,1.7054939270019531,1.3536113690685467,2.680008466454751,7.767506080979983,20.0,1.0
4.322,1.015869140625,1.015869140625,1.7758235931396484,1.3562846977361336,2.666635676379201,7.699123225462224,20.0,1.0
4.323,1.01739501953125,1.01739501953125,1.538461685180664,1.3589446404213068,2.6532365676862355,7.9457673003067075,20.0,1.0
4.324,1.0189208984375,1.0189208984375,1.2747249603271484,1.3615911708715056,2.6398112726207046,8.218491760973668,20.0,1.0
4.325,1.0200653076171875,1.0200653076171875,1.213186264038086,1.3642242629665475,2.6263599236831396,8.296352766632253,20.0,1.0
4.3260000000000005,1.0215911865234375,1.0215911865234375,1.5120887756347656,1.3668438907188736,2.6128826536327097,8.005847961906666,20.0,1.0
4.327,1.0231170654296875,1.0231170654296875,1.7318687438964844,1.3694500282738125,2.599379595485857,7.794170108471872,20.0,1.0
4.328,1.0246429443359375,1.0246429443359375,1.5648345947265625,1.3720426499098446,2.585850882511636,7.969010399263215,20.0,1.0
4.329,1.0261688232421875,1.0261688232421875,1.3186817169189453,1.3746217300388353,2.572296648232509,8.222673067246518,20.0,1.0
4.33,1.027313232421875,1.027313232421875,1.2043952941894531,1.377187243206309,2.5587170264249153,8.351801947924143,20.0,1.0
4.331,1.0284576416015625,1.0284576416015625,1.1428565979003906,1.3797391640916867,2.5451121511134716,8.427886003015566,20.0,1.0
4.332,1.0299835205078125,1.0299835205078125,1.4329662322998047,1.3822774675085354,2.531482156572224,8.144394864286877,20.0,1.0
4.333,1.031510353088379,1.031510353088379,1.626373291015625,1.3848021284048304,2.517827177324193,7.957289392637598,20.0,1.0
4.3340000000000005,1.033036231994629,1.033036231994629,1.538461685180664,1.3873131218631856,2.5041473481379626,8.051223460328432,20.0,1.0
4.335,1.0341806411743164,1.0341806411743164,1.3186817169189453,1.389810423101106,2.490442804028021,8.284356725644866,20.0,1.0
4.336,1.0357065200805664,1.0357065200805664,1.2219772338867188,1.3922940074712409,2.476713680254079,8.38648619418085,20.0,1.0
4.337,1.036850929260254,1.036850929260254,1.160440444946289,1.3947638504616138,2.462960112315841,8.46077809139675,20.0,1.0
4.338,1.038376808166504,1.038376808166504,1.459341049194336,1.3972199276958717,2.449182235954936,8.166703577347956,20.0,1.0
4.339,1.039902687072754,1.039902687072754,1.6000003814697266,1.3996622149335252,2.4353801871548058,8.030570362900505,20.0,1.0
4.34,1.041428565979004,1.041428565979004,1.4681320190429688,1.402090688070181,2.4215541021352465,8.166664524915817,20.0,1.0
4.341,1.0425729751586914,1.0425729751586914,1.2659339904785156,1.404505323137795,2.4077041173544558,8.380417086458014,20.0,1.0
4.3420000000000005,1.043717384338379,1.043717384338379,1.1340656280517578,1.4069060963048914,2.393830369505622,8.523538980784114,20.0,1.0
4.343,1.0448617935180664,1.0448617935180664,1.0461540222167969,1.4092929838768058,2.3799329955171515,8.622402780475142,20.0,1.0
4.344,1.046006202697754,1.046006202697754,1.2395610809326172,1.4116659622959251,2.3660121325517594,8.439646243582565,20.0,1.0
4.345,1.047532081604004,1.047532081604004,1.4417591094970703,1.4140250081419092,2.352067918001808,8.240167339262843,20.0,1.0
4.346,1.049057960510254,1.049057960510254,1.5208797454833984,1.416370098131928,2.3381004894901025,8.163463496440187,20.0,1.0
4.347,1.0502023696899414,1.0502023696899414,1.3890113830566406,1.418701209120891,2.32410998487137,8.305075390433721,20.0,1.0
4.348,1.051346778869629,1.051346778869629,1.1868133544921875,1.4210183181016705,2.3100965422255513,8.516713972374195,20.0,1.0
4.349,1.0524911880493164,1.0524911880493164,1.1164836883544922,1.4233214022053413,2.296060299858368,8.596180894624375,20.0,1.0
4.3500000000000005,1.053635597229004,1.053635597229004,1.125274658203125,1.4256104387013888,2.2820013963038264,8.5962235675484,20.0,1.0
4.351,1.055161476135254,1.055161476135254,1.3186817169189453,1.4278854049979488,2.267919970316939,8.403716830651891,20.0,1.0
4.352,1.056687355041504,1.056687355041504,1.459341049194336,1.430146278642022,2.2538161608745213,8.263653583690548,20.0,1.0
4.353,1.0578317642211914,1.0578317642211914,1.3010997772216797,1.4323930373196974,2.239690107177921,8.42981579192636,20.0,1.0
4.354,1.058976173400879,1.058976173400879,1.213186264038086,1.434625658856377,2.2255419486434675,8.525345393715344,20.0,1.0
4.355,1.0601205825805664,1.0601205825805664,1.037363052368164,1.4368441212169858,2.2113718249082694,8.708479545268492,20.0,1.0
4.356,1.0608835220336914,1.0608835220336914,0.9758243560791016,1.4390484025061931,2.1971798758262366,8.78465312919717,20.0,1.0
4.357,1.062027931213379,1.062027931213379,1.0197811126708984,1.4412384809686376,2.1829662414653512,8.747396123899627,20.0,1.0
4.358,1.0631723403930664,1.0631723403930664,1.2043952941894531,1.4434143349891237,2.168731062109032,8.569175659840726,20.0,1.0
4.359,1.0646982192993164,1.0646982192993164,1.3274726867675781,1.445575943092855,2.1544744782530643,8.444556267356258,20.0,1.0
4.36,1.065842628479004,1.065842628479004,1.2747249603271484,1.4477232839456313,2.1401966306040094,8.50308477960941,20.0,1.0
4.361,1.0669870376586914,1.0669870376586914,1.2043952941894531,1.4498563363540626,2.1258976600781807,8.578888339796151,20.0,1.0
4.362,1.068131446838379,1.068131446838379,1.0461540222167969,1.451975079265787,2.1115777078005067,8.742296334131872,20.0,1.0
4.363,1.0692758560180664,1.0692758560180664,1.002197265625,1.4540794917696651,2.0972369151029397,8.791112364509914,20.0,1.0
4.364,1.0700387954711914,1.0700387954711914,0.9934062957763672,1.4561695530959928,2.0828754235243423,8.812084280244004,20.0,1.0
4.365,1.071183204650879,1.071183204650879,1.2043952941894531,1.4582452426167132,2.0684933748055983,8.60533883993283,20.0,1.0
4.366,1.072709083557129,1.072709083557129,1.2747249603271484,1.4603065398456039,2.0540909108923415,8.531315076334693,20.0,1.0
4.367,1.0738534927368164,1.0738534927368164,1.24835205078125,1.4623534244384973,2.039668173931659,8.561314757184025,20.0,1.0
4.368,1.074997901916504,1.074997901916504,1.1692314147949219,1.4643858761934685,2.0252253062693626,8.643753377013732,20.0,1.0
4.369,1.0761423110961914,1.0761423110961914,1.0197811126708984,1.4664038750510358,2.0107624504510113,8.796212616877,20.0,1.0
4.37,1.0769052505493164,1.0769052505493164,0.9934062957763672,1.46840740109437,1.996279749219184,8.832916464343889,20.0,1.0
4.371,1.078049659729004,1.078049659729004,0.9318675994873047,1.4703964345494753,1.9817773455113183,8.896845242433443,20.0,1.0
4.372,1.0791940689086914,1.0791940689086914,1.0725269317626953,1.4723709557853923,1.9672553824613033,8.758266188232627,20.0,1.0
4.373,1.080338478088379,1.080338478088379,1.2043952941894531,1.4743309453143973,1.952714003395613,8.62816805372653,20.0,1.0
4.374,1.0814828872680664,1.0814828872680664,1.3010997772216797,1.4762763837921833,1.9381533518306924,8.53292350509135,20.0,1.0
4.375,1.082627296447754,1.082627296447754,1.1428565979003906,1.4782072520180582,1.923573571474435,8.692316084980131,20.0,1.0
4.376,1.0837717056274414,1.0837717056274414,1.0901107788085938,1.4801235309351333,1.9089748062240233,8.745900533569266,20.0,1.0
4.377,1.0845346450805664,1.0845346450805664,0.9230766296386719,1.482025201630506,1.8943572001627444,8.921091701522865,20.0,1.0
4.378,1.085679054260254,1.085679054260254,0.9230766296386719,1.4839122453354583,1.8797208975603326,8.921308089425748,20.0,1.0
4.3790000000000004,1.086441993713379,1.086441993713379,0.9406585693359375,1.4857846434256279,1.8650660428720585,8.911260467781101,20.0,1.0
4.38,1.0875864028930664,1.0875864028930664,1.1428565979003906,1.4876423774212022,1.8503927807347509,8.708655673397075,20.0,1.0
4.381,1.088730812072754,1.088730812072754,1.1956043243408203,1.489485428987097,1.8357012559671375,8.655189269913176,20.0,1.0
4.382,1.090256690979004,1.090256690979004,1.213186264038086,1.4913137799331362,1.820991613570527,8.628947128615087,20.0,1.0
4.383,1.091019630432129,1.091019630432129,1.0461540222167969,1.4931274122142373,1.806263998721306,8.802265612146677,20.0,1.0
4.384,1.0921640396118164,1.0921640396118164,0.9406585693359375,1.49492630793058,1.7915185567750314,8.906105353814365,20.0,1.0
4.385,1.0929269790649414,1.0929269790649414,0.8087921142578125,1.4967104493277872,1.776755433264384,9.043632724263487,20.0,1.0
4.386,1.0936899185180664,1.0936899185180664,0.8263740539550781,1.498479818797108,1.7619747738943943,9.031398725520148,20.0,1.0
4.3870000000000005,1.0944538116455078,1.0944538116455078,0.8175830841064453,1.5002343988755773,1.7471767245452838,9.045205385040228,20.0,1.0
4.388,1.0955982208251953,1.0955982208251953,0.9670333862304688,1.5019741722461986,1.7323614312673499,8.892847073456945,20.0,1.0
4.389,1.0967426300048828,1.0967426300048828,1.0901107788085938,1.5036991217381115,1.717529040280624,8.766548096136603,20.0,1.0
4.39,1.0978870391845703,1.0978870391845703,1.2043952941894531,1.5054092303267597,1.7026796979769188,8.648728226631253,20.0,1.0
4.391,1.0990314483642578,1.0990314483642578,1.0989017486572266,1.5071044811340648,1.6878135509114145,8.750372457650329,20.0,1.0
4.392,1.0997943878173828,1.0997943878173828,0.9670333862304688,1.5087848574285838,1.6729307458074345,8.885706751800985,20.0,1.0
4.393,1.1005573272705078,1.1005573272705078,0.8439559936523438,1.5104503426256792,1.6580314295523522,9.011935743003438,20.0,1.0
4.394,1.1013202667236328,1.1013202667236328,0.7999992370605469,1.512100920287688,1.643115749196113,9.058729583416671,20.0,1.0
4.3950000000000005,1.1020832061767578,1.1020832061767578,0.7824172973632812,1.5137365741240727,1.6281838519512348,9.07883391353425,20.0,1.0
4.396,1.1032276153564453,1.1032276153564453,0.8439559936523438,1.5153572879915902,1.613235885189738,9.011873344240293,20.0,1.0
4.397,1.1039905548095703,1.1039905548095703,1.0461540222167969,1.5169630458944514,1.5982719964401895,8.811567795921015,20.0,1.0
4.398,1.1051349639892578,1.1051349639892578,1.1164836883544922,1.5185538319844705,1.5832923333919098,8.73518600494167,20.0,1.0
4.399,1.1062793731689453,1.1062793731689453,1.1868133544921875,1.5201296305612346,1.568297043887469,8.658488837241068,20.0,1.0
4.4,1.1074237823486328,1.1074237823486328,0.9670333862304688,1.5216904260722464,1.5532862759240516,8.871585764165854,20.0,1.0
4.401,1.1081867218017578,1.1081867218017578,0.8615379333496094,1.5232362031130824,1.5382601776519778,8.97771187052886,20.0,1.0
4.402,1.1089496612548828,1.1089496612548828,0.7296695709228516,1.5247669464275497,1.52321889737334,9.109895029903827,20.0,1.0
4.4030000000000005,1.1097126007080078,1.1097126007080078,0.7296695709228516,1.52628264090783,1.5081625835392742,9.109893816612868,20.0,1.0
4.404,1.1104755401611328,1.1104755401611328,0.7208786010742188,1.5277832715946282,1.4930913847495049,9.118367412345194,20.0,1.0
4.405,1.1112384796142578,1.1112384796142578,0.7384624481201172,1.5292688236773284,1.4780054497500714,9.100149882891365,20.0,1.0
4.406,1.1120014190673828,1.1120014190673828,0.8703289031982422,1.5307392824941282,1.4629049274338968,8.967333292770562,20.0,1.0
4.407,1.1131458282470703,1.1131458282470703,0.9934062957763672,1.5321946335321956,1.447789966836467,8.835359776762607,20.0,1.0
4.408,1.1142902374267578,1.1142902374267578,1.0637359619140625,1.5336348624278022,1.4326607171362866,8.755817255243112,20.0,1.0
4.409,1.1150531768798828,1.1150531768798828,0.9758243560791016,1.5350599549664683,1.4175173276533997,8.841828533306007,20.0,1.0
4.41,1.1158161163330078,1.1158161163330078,0.8703289031982422,1.5364698970831085,1.402359947847117,8.94510665965089,20.0,1.0
4.4110000000000005,1.1169605255126953,1.1169605255126953,0.8175830841064453,1.5378646748621634,1.3871887273143102,8.987688630197226,20.0,1.0
4.412,1.1173419952392578,1.1173419952392578,0.6681327819824219,1.539244274537737,1.3720038157887302,9.141916619775893,20.0,1.0
4.413,1.1181049346923828,1.1181049346923828,0.6857147216796875,1.5406086824937404,1.356805363139074,9.121165597486538,20.0,1.0
4.414,1.1188678741455078,1.1188678741455078,0.6681327819824219,1.541957885264015,1.3415935193686437,9.135260959756366,20.0,1.0
4.415,1.1196308135986328,1.1196308135986328,0.6857147216796875,1.543291869532477,1.3263684346111404,9.113874831608339,20.0,1.0
4.416,1.1203937530517578,1.1203937530517578,0.7824172973632812,1.5446106221332383,1.3111302591332787,9.013050343399607,20.0,1.0
4.417,1.1211566925048828,1.1211566925048828,0.9318675994873047,1.5459141300507435,1.2958791433291026,8.859160294759011,20.0,1.0
4.418,1.1223011016845703,1.1223011016845703,0.9142856597900391,1.547202380419896,1.2806152377203261,8.8643551526368,20.0,1.0
4.4190000000000005,1.1230640411376953,1.1230640411376953,0.9318675994873047,1.5484753605261852,1.2653386929567887,8.841697481239281,20.0,1.0
4.42,1.1238269805908203,1.1238269805908203,0.7824172973632812,1.5497330578058095,1.250049659811225,8.985753906747728,20.0,1.0
4.421,1.1245899200439453,1.1245899200439453,0.7384624481201172,1.5509754598458072,1.2347482891798336,9.023996637096953,20.0,1.0
4.422,1.1253528594970703,1.1253528594970703,0.6945056915283203,1.552202554384169,1.219434732081595,9.06192293829525,20.0,1.0
4.423,1.1257343292236328,1.1257343292236328,0.5890102386474609,1.5534143293099698,1.2041091396542924,9.16869890273357,20.0,1.0
4.424,1.1264972686767578,1.1264972686767578,0.6153850555419922,1.5546107726634784,1.1887716631561034,9.135656687348522,20.0,1.0
4.425,1.1272602081298828,1.1272602081298828,0.6153850555419922,1.5557918726362818,1.1734224539624165,9.128670688548404,20.0,1.0
4.426,1.1276416778564453,1.1276416778564453,0.6065940856933594,1.5569576175714026,1.15806166356208,9.137786372167866,20.0,1.0
4.4270000000000005,1.1284046173095703,1.1284046173095703,0.6945056915283203,1.5581079959634068,1.1426894435603572,9.042251325108765,20.0,1.0
4.428,1.1291675567626953,1.1291675567626953,0.8351650238037109,1.5592429964585233,1.1273059456758574,8.893649715788705,20.0,1.0
4.429,1.1299304962158203,1.1299304962158203,0.8087921142578125,1.5603626078547579,1.1119113217362155,8.911761440257155,20.0,1.0
4.43,1.1310749053955078,1.1310749053955078,0.8615379333496094,1.5614668191019956,1.096505723680707,8.842806064460852,20.0,1.0
4.431,1.1318378448486328,1.1318378448486328,0.7912082672119141,1.562555619302119,1.0810893035567233,8.904236525414534,20.0,1.0
4.432,1.1322193145751953,1.1322193145751953,0.6945056915283203,1.5636289977091096,1.0656622135177258,8.99935018466769,20.0,1.0
4.433,1.1329822540283203,1.1329822540283203,0.6769237518310547,1.5646869437291544,1.0502246058231322,9.00739464800876,20.0,1.0
4.434,1.1337451934814453,1.1337451934814453,0.5978031158447266,1.5657294469207554,1.0347766328352463,9.076658585776723,20.0,1.0
4.4350000000000005,1.1341266632080078,1.1341266632080078,0.5450553894042969,1.5667564969948258,1.0193184470198275,9.126859733351889,20.0,1.0
4.436,1.1348896026611328,1.1348896026611328,0.5890102386474609,1.567768083814795,1.0038502009430204,9.072409585368803,20.0,1.0
4.437,1.1352710723876953,1.1352710723876953,0.5626373291015625,1.5687641973967115,0.9883720472696496,9.09559721834841,20.0,1.0
4.438,1.1360340118408203,1.1360340118408203,0.5714282989501953,1.5697448279093342,0.9728841387635612,9.075672161183643,20.0,1.0
4.439,1.1364154815673828,1.1364154815673828,0.6329669952392578,1.570709965674238,0.9573866282837571,9.010309315181605,20.0,1.0
4.44,1.1371784210205078,1.1371784210205078,0.7208786010742188,1.5716596011659023,0.9418796687841677,8.910624670617839,20.0,1.0
4.441,1.1379413604736328,1.1379413604736328,0.7120876312255859,1.5725937250118065,0.9263634133128562,8.907323072850744,20.0,1.0
4.442,1.1387042999267578,1.1387042999267578,0.7120876312255859,1.5735123279925276,0.910838015008494,8.894910945098303,20.0,1.0
4.4430000000000005,1.1394672393798828,1.1394672393798828,0.7120876312255859,1.574415401041824,0.8953036271005885,8.882179229113827,20.0,1.0
4.444,1.1402301788330078,1.1402301788330078,0.6329669952392578,1.5753029352467287,0.879760402907209,8.94824853594237,20.0,1.0
4.445,1.1406116485595703,1.1406116485595703,0.5450553894042969,1.5761749218476382,0.8642084958339638,9.030418572191024,20.0,1.0
4.446,1.1409931182861328,1.1409931182861328,0.5186805725097656,1.5770313522383967,0.8486480593721808,9.050732165907693,20.0,1.0
4.447,1.1417560577392578,1.1417560577392578,0.5186805725097656,1.577872217966382,0.8330792470959523,9.03672187912867,20.0,1.0
4.448,1.1421375274658203,1.1421375274658203,0.45714378356933594,1.5786975107325891,0.8175022126641807,9.091558094430221,20.0,1.0
4.449,1.1425189971923828,1.1425189971923828,0.4219779968261719,1.5795072223917106,0.8019171098159177,9.119703616976302,20.0,1.0
4.45,1.1429004669189453,1.1429004669189453,0.47472572326660156,1.5803013449522205,0.7863240923691137,9.059615929768016,20.0,1.0
4.4510000000000005,1.1432819366455078,1.1432819366455078,0.4395599365234375,1.5810798705764493,0.7707233142209589,9.08712205631635,20.0,1.0
4.452,1.1440448760986328,1.1440448760986328,0.4395599365234375,1.5818427915806623,0.7551149293450408,9.071513302462193,20.0,1.0
4.453,1.1444263458251953,1.1444263458251953,0.45714378356933594,1.582590100435139,0.739499091789412,9.04563040041895,20.0,1.0
4.454,1.1448078155517578,1.1448078155517578,0.4835166931152344,1.583321789764241,0.7238759556765899,9.010638746811022,20.0,1.0
4.455,1.1455707550048828,1.1455707550048828,0.5802192687988281,1.584037852346492,0.7082456752003736,8.897368353233729,20.0,1.0
4.456,1.1459522247314453,1.1459522247314453,0.6065940856933594,1.5847382811146422,0.6926084046249343,8.861735446595514,20.0,1.0
4.457,1.1467151641845703,1.1467151641845703,0.5274734497070312,1.5854230691557418,0.6769642982843607,8.92364894800076,20.0,1.0
4.458,1.1470966339111328,1.1470966339111328,0.6065940856933594,1.5860922097112107,0.6613135105791343,8.834630940887333,20.0,1.0
4.4590000000000005,1.1478595733642578,1.1478595733642578,0.5802192687988281,1.5867456961769006,0.6456561959770397,8.843159383431068,20.0,1.0
4.46,1.1482410430908203,1.1482410430908203,0.5362644195556641,1.5873835221031647,0.6299925090088436,8.876577669700067,20.0,1.0
4.461,1.1486225128173828,1.1486225128173828,0.46593475341796875,1.5880056811949181,0.6143226042685228,8.93605121840126,20.0,1.0
4.462,1.1493854522705078,1.1493854522705078,0.4395599365234375,1.5886121673117017,0.5986466364126954,8.943621000713136,20.0,1.0
4.463,1.1497669219970703,1.1497669219970703,0.4483509063720703,1.5892029744677432,0.5829647601557326,8.92333490319712,20.0,1.0
4.464,1.1501483917236328,1.1501483917236328,0.4307689666748047,1.5897780968320137,0.5672771302721458,8.929102265764957,20.0,1.0
4.465,1.1505298614501953,1.1505298614501953,0.3692302703857422,1.5903375287282875,0.5515839015926076,8.97850697676871,20.0,1.0
4.466,1.1509113311767578,1.1509113311767578,0.3604393005371094,1.5908812646351984,0.5358852290020195,8.974844597633723,20.0,1.0
4.4670000000000005,1.1512928009033203,1.1512928009033203,0.3604393005371094,1.591409299186292,0.520181267440762,8.962071932563088,20.0,1.0
4.468,1.1516742706298828,1.1516742706298828,0.378021240234375,1.5919216271700802,0.5044721719008294,8.931398062470404,20.0,1.0
4.469,1.1520557403564453,1.1520557403564453,0.35164833068847656,1.5924182435300933,0.4887580974237835,8.944359830208267,20.0,1.0
4.47,1.1524372100830078,1.1524372100830078,0.35164833068847656,1.592899143364928,0.4730391991021179,8.930629534052045,20.0,1.0
4.471,1.1528186798095703,1.1528186798095703,0.378021240234375,1.5933643219282971,0.45731563207402814,8.89020723421419,20.0,1.0
4.472,1.1532001495361328,1.1532001495361328,0.40439605712890625,1.5938137746290764,0.441587551525231,8.849463996255196,20.0,1.0
4.473,1.1535816192626953,1.1535816192626953,0.4219779968261719,1.5942474970313478,0.4258551126858947,8.817194671232773,20.0,1.0
4.474,1.1539630889892578,1.1539630889892578,0.46593475341796875,1.594665484854448,0.4101184708284791,8.758231634714313,20.0,1.0
4.4750000000000005,1.1543445587158203,1.1543445587158203,0.4483509063720703,1.595067733973005,0.39437778126716694,8.760490380038792,20.0,1.0
4.476,1.1547260284423828,1.1547260284423828,0.3868141174316406,1.5954542404169823,0.37863319935661366,8.806383321416963,20.0,1.0
4.477,1.1551074981689453,1.1551074981689453,0.4483509063720703,1.595825000371718,0.36288488048899126,8.728884018172376,20.0,1.0
4.478,1.1554889678955078,1.1554889678955078,0.45714378356933594,1.5961800101779602,0.34713298009444316,8.703810042174155,20.0,1.0
4.479,1.1562528610229492,1.1562528610229492,0.4219779968261719,1.5965192663319066,0.3313776536372188,8.714727762990194,20.0,1.0
4.48,1.1566343307495117,1.1566343307495117,0.3868141174316406,1.5968427654852348,0.31561905661624223,8.732973633899064,20.0,1.0
4.481,1.1566343307495117,1.1566343307495117,0.3164844512939453,1.597150504445139,0.2998573445627244,8.793696367181326,20.0,1.0
4.482,1.1570158004760742,1.1570158004760742,0.3252754211425781,1.59744248017436,0.2840926730382307,8.767350845861369,20.0,1.0
4.483,1.1573972702026367,1.1573972702026367,0.3076915740966797,1.5977186897912157,0.26832519763399887,8.767062015308898,20.0,1.0
4.484,1.1577787399291992,1.1577787399291992,0.3076915740966797,1.597979130569628,0.2525550739682103,8.748871312680107,20.0,1.0
4.485,1.1581602096557617,1.1581602096557617,0.28131866455078125,1.5982237999391522,0.2367824576857629,8.756735598802791,20.0,1.0
4.486,1.1581602096557617,1.1581602096557617,0.28131866455078125,1.5984526954849996,0.22100750445611084,8.745538556490086,20.0,1.0
4.487,1.1585416793823242,1.1585416793823242,0.29010963439941406,1.5986658149480641,0.2052303699715594,8.717603446886944,20.0,1.0
4.488,1.1589231491088867,1.1589231491088867,0.24615478515625,1.598863156224943,0.18945120994612807,8.742096567111002,20.0,1.0
4.489,1.1589231491088867,1.1589231491088867,0.21977996826171875,1.5990447173679567,0.17367018011395885,8.75632157703364,20.0,1.0
4.49,1.1593046188354492,1.1593046188354492,0.23736190795898438,1.5992104965851706,0.15788743622670154,8.718643083262144,20.0,1.0
4.491,1.1596860885620117,1.1596860885620117,0.24615478515625,1.5993604922404103,0.14210313405487796,8.6894364224666,20.0,1.0
4.492,1.1596860885620117,1.1596860885620117,0.21977996826171875,1.59949470285328,0.1263174293820839,8.70270974694573,20.0,1.0
4.493,1.1600675582885742,1.1600675582885742,0.20219802856445312,1.5996131270991745,0.11053047800714921,8.699243825654701,20.0,1.0
4.494,1.1600675582885742,1.1600675582885742,0.1846160888671875,1.5997157638092945,0.09474243574140928,8.703090457288628,20.0,1.0
4.495,1.1604490280151367,1.1604490280151367,0.1934070587158203,1.599802611970657,0.0789534584056355,8.67261807880022,20.0,1.0
4.496,1.1604490280151367,1.1604490280151367,0.1846160888671875,1.5998736707261059,0.06316370183128583,8.667040467183481,20.0,1.0
4.497,1.1608304977416992,1.1608304977416992,0.20219802856445312,1.59992893937432,0.047373321856866824,8.627144125944827,20.0,1.0
4.498,1.1608304977416992,1.1608304977416992,0.1934070587158203,1.5999684173698194,0.03158247432645567,8.620933808173039,20.0,1.0
4.499,1.1612119674682617,1.1612119674682617,0.1758251190185547,1.5999921043229732,0.01579131509038234,8.615568933166058,20.0,1.0
4.5,1.1612119674682617,1.1612119674682617,0.15824127197265625,1.6,0.0,8.617519378662111,20.0,1.0
4.501,1.1615934371948242,1.1615934371948242,0.1758251190185547,1.5999921043229732,-0.01579131509038234,8.576356908454043,20.0,1.0
4.502,1.1615934371948242,1.1615934371948242,0.14065933227539062,1.5999684173698194,-0.03158247432645567,8.595257796898057,20.0,1.0
4.503,1.1615934371948242,1.1615934371948242,0.14945030212402344,1.59992893937432,-0.04737332185675314,8.569886419609137,20.0,1.0
4.5040000000000004,1.1619749069213867,1.1619749069213867,0.123077392578125,1.5998736707261059,-0.0631637018316269,8.571734181684631,20.0,1.0
4.505,1.1619749069213867,1.1619749069213867,0.123077392578125,1.599802611970657,-0.0789534584056355,8.554523250001644,20.0,1.0
4.506,1.1619749069213867,1.1619749069213867,0.10549545288085938,1.5997157638092945,-0.09474243574140928,8.554579249135887,20.0,1.0
4.507,1.1623563766479492,1.1623563766479492,0.10549545288085938,1.5996131270991745,-0.11053047800714921,8.529109078136496,20.0,1.0
4.508,1.1623563766479492,1.1623563766479492,0.09670257568359375,1.59949470285328,-0.12631742938197021,8.519746519041052,20.0,1.0
4.509,1.1623563766479492,1.1623563766479492,0.08791160583496094,1.5993604922404105,-0.14210313405487796,8.510067571959388,20.0,1.0
4.51,1.1623563766479492,1.1623563766479492,0.07912063598632812,1.5992104965851706,-0.15788743622681523,8.500074326531283,20.0,1.0
4.511,1.1623563766479492,1.1623563766479492,0.05274772644042969,1.5990447173679567,-0.17367018011373148,8.507348907845989,20.0,1.0
4.5120000000000005,1.1627378463745117,1.1627378463745117,0.05274772644042969,1.598863156224943,-0.18945120994635545,8.480307260621839,20.0,1.0
4.513,1.1627378463745117,1.1627378463745117,0.026372909545898438,1.5986658149480644,-0.2052303699715594,8.486956091953594,20.0,1.0
4.514,1.1627378463745117,1.1627378463745117,0.026372909545898438,1.5984526954849996,-0.22100750445622452,8.466916568207633,20.0,1.0
4.515,1.1627378463745117,1.1627378463745117,0.0,1.5982237999391522,-0.2367824576857629,8.472936613607047,20.0,1.0
4.516,1.1627378463745117,1.1627378463745117,0.03516578674316406,1.597979130569628,-0.2525550739682103,8.417104823190952,20.0,1.0
4.517,1.1627378463745117,1.1627378463745117,0.008790969848632812,1.5977186897912157,-0.26832519763399887,8.422500700851447,20.0,1.0
4.518,1.1627378463745117,1.1627378463745117,0.008790969848632812,1.59744248017436,-0.2840926730382307,8.401209033110103,20.0,1.0
4.519,1.1627378463745117,1.1627378463745117,-0.008790969848632812,1.597150504445139,-0.2998573445626107,8.397186786698569,20.0,1.0
4.5200000000000005,1.1627378463745117,1.1627378463745117,0.008790969848632812,1.5968427654852346,-0.3156190566163559,8.35768835574947,20.0,1.0
4.521,1.1627378463745117,1.1627378463745117,0.0,1.5965192663319066,-0.33137765363699145,8.344250745510905,20.0,1.0
4.522,1.1627378463745117,1.1627378463745117,-0.026372909545898438,1.5961800101779604,-0.34713298009432947,8.348083205520542,20.0,1.0
4.523,1.1627378463745117,1.1627378463745117,-0.017581939697265625,1.5958250003717183,-0.36288488048899126,8.316440139152405,20.0,1.0
4.524,1.1627378463745117,1.1627378463745117,-0.008790969848632812,1.5954542404169825,-0.37863319935661366,8.284485651341434,20.0,1.0
4.525,1.1627378463745117,1.1627378463745117,-0.03516578674316406,1.5950677339730048,-0.3943777812672806,8.287385757445746,20.0,1.0
4.526,1.1627378463745117,1.1627378463745117,-0.008790969848632812,1.594665484854448,-0.4101184708283654,8.237225268618992,20.0,1.0
4.527,1.1623563766479492,1.1623563766479492,-0.026372909545898438,1.594247497031348,-0.425855112685781,8.238340204528093,20.0,1.0
4.5280000000000005,1.1623563766479492,1.1623563766479492,-0.03516578674316406,1.593813774629076,-0.44158755152545837,8.22272619484024,20.0,1.0
4.529,1.1623563766479492,1.1623563766479492,-0.043956756591796875,1.5933643219282974,-0.45731563207391446,8.206800030124846,20.0,1.0
4.53,1.1623563766479492,1.1623563766479492,-0.043956756591796875,1.592899143364928,-0.4730391991021179,8.181772891829254,20.0,1.0
4.531,1.1623563766479492,1.1623563766479492,-0.03516578674316406,1.5924182435300935,-0.4887580974236698,8.14764502696238,20.0,1.0
4.532,1.1623563766479492,1.1623563766479492,-0.0615386962890625,1.5919216271700805,-0.5044721719007157,8.148371534830972,20.0,1.0
4.533,1.1623563766479492,1.1623563766479492,-0.0615386962890625,1.5914092991862918,-0.520181267441103,8.122415879614811,20.0,1.0
4.534,1.1623563766479492,1.1623563766479492,-0.0615386962890625,1.5908812646351986,-0.5358852290020195,8.096151227032031,20.0,1.0
4.535,1.1619749069213867,1.1619749069213867,-0.07032966613769531,1.5903375287282877,-0.5515839015923802,8.085998200683335,20.0,1.0
4.5360000000000005,1.1619749069213867,1.1619749069213867,-0.07912063598632812,1.5897780968320134,-0.5672771302724868,8.067907303926376,20.0,1.0
4.537,1.1619749069213867,1.1619749069213867,-0.07032966613769531,1.5892029744677432,-0.5829647601558463,8.031926256908978,20.0,1.0
4.538,1.1619749069213867,1.1619749069213867,-0.07912063598632812,1.5886121673117017,-0.5986466364126954,8.013219207379933,20.0,1.0
4.539,1.1619749069213867,1.1619749069213867,-0.08791160583496094,1.5880056811949181,-0.6143226042685228,7.9942044870370665,20.0,1.0
4.54,1.1615934371948242,1.1615934371948242,-0.07032966613769531,1.587383522103165,-0.6299925090086163,7.956138855295894,20.0,1.0
4.541,1.1615934371948242,1.1615934371948242,-0.09670257568359375,1.5867456961769006,-0.6456561959770397,7.9540915593480825,20.0,1.0
4.542,1.1615934371948242,1.1615934371948242,-0.08791160583496094,1.586092209711211,-0.661313510579248,7.9165735455834465,20.0,1.0
4.543,1.1615934371948242,1.1615934371948242,-0.08791160583496094,1.585423069155742,-0.6769642982844744,7.887539946768843,20.0,1.0
4.5440000000000005,1.1612119674682617,1.1612119674682617,-0.10549545288085938,1.5847382811146415,-0.692608404625048,7.883413321183408,20.0,1.0
4.545,1.1612119674682617,1.1612119674682617,-0.11428642272949219,1.5840378523464924,-0.7082456752001463,7.86255844509396,20.0,1.0
4.546,1.1612119674682617,1.1612119674682617,-0.11428642272949219,1.5833217897642413,-0.7238759556768173,7.832606912972267,20.0,1.0
4.547,1.1608304977416992,1.1608304977416992,-0.1318683624267578,1.582590100435139,-0.7394990917892983,7.827561324506256,20.0,1.0
4.548,1.1608304977416992,1.1608304977416992,-0.14065933227539062,1.5818427915806628,-0.7551149293448134,7.805790279709848,20.0,1.0
4.549,1.1608304977416992,1.1608304977416992,-0.1318683624267578,1.5810798705764488,-0.7707233142209589,7.766132504900792,20.0,1.0
4.55,1.1604490280151367,1.1604490280151367,-0.14945030212402344,1.580301344952221,-0.786324092369,7.760172548496708,20.0,1.0
4.551,1.1604490280151367,1.1604490280151367,-0.14065933227539062,1.5795072223917108,-0.8019171098159177,7.719906109990955,20.0,1.0
4.5520000000000005,1.1604490280151367,1.1604490280151367,-0.14945030212402344,1.5786975107325887,-0.8175022126645217,7.696917743808541,20.0,1.0
4.553,1.1600675582885742,1.1600675582885742,-0.15824127197265625,1.5778722179663822,-0.8330792470958386,7.681255218432977,20.0,1.0
4.554,1.1600675582885742,1.1600675582885742,-0.1758251190185547,1.5770313522383972,-0.8486480593721808,7.666452938642834,20.0,1.0
4.555,1.1596860885620117,1.1596860885620117,-0.21098899841308594,1.5761749218476384,-0.8642084958340774,7.6765571682915414,20.0,1.0
4.556,1.1596860885620117,1.1596860885620117,-0.21098899841308594,1.575302935246729,-0.879760402907209,7.64356552920022,20.0,1.0
4.557,1.1593046188354492,1.1593046188354492,-0.22857093811035156,1.5744154010418234,-0.8953036271007022,7.6354829551371335,20.0,1.0
4.558,1.1589231491088867,1.1589231491088867,-0.21977996826171875,1.573512327992528,-0.9108380150083804,7.600725530926166,20.0,1.0
4.559,1.1589231491088867,1.1589231491088867,-0.21977996826171875,1.5725937250118067,-0.9263634133127425,7.566828073007375,20.0,1.0
4.5600000000000005,1.1585416793823242,1.1585416793823242,-0.1934070587158203,1.5716596011659019,-0.9418796687845088,7.513885825602864,20.0,1.0
4.561,1.1585416793823242,1.1585416793823242,-0.22857093811035156,1.5707099656742383,-0.9573866282836434,7.514550035664989,20.0,1.0
4.562,1.1581602096557617,1.1581602096557617,-0.24615478515625,1.5697448279093347,-0.9728841387634475,7.5049630114642625,20.0,1.0
4.563,1.1577787399291992,1.1577787399291992,-0.23736190795898438,1.568764197396712,-0.9883720472697632,7.468699010039476,20.0,1.0
4.564,1.1577787399291992,1.1577787399291992,-0.24615478515625,1.5677680838147952,-1.003850200943134,7.442091461925035,20.0,1.0
4.565,1.1573972702026367,1.1573972702026367,-0.2637367248535156,1.566756496994825,-1.0193184470199412,7.431602813677342,20.0,1.0
4.566,1.1570158004760742,1.1570158004760742,-0.29010963439941406,1.5657294469207557,-1.0347766328351327,7.42960593045791,20.0,1.0
4.567,1.1570158004760742,1.1570158004760742,-0.29010963439941406,1.5646869437291548,-1.0502246058226774,7.393307893638349,20.0,1.0
4.5680000000000005,1.1566343307495117,1.1566343307495117,-0.33406639099121094,1.5636289977091096,-1.0656622135179532,7.408297516665215,20.0,1.0
4.569,1.1562528610229492,1.1562528610229492,-0.3604393005371094,1.5625556193021195,-1.081089303556837,7.405405162563678,20.0,1.0
4.57,1.1558704376220703,1.1558704376220703,-0.3604393005371094,1.561466819101996,-1.0965057236808207,7.375861206454804,20.0,1.0
4.571,1.1554889678955078,1.1554889678955078,-0.39560508728027344,1.560362607854758,-1.1119113217362155,7.381166564729064,20.0,1.0
4.572,1.1551074981689453,1.1551074981689453,-0.40439605712890625,1.5592429964585237,-1.1273059456757437,7.359800077244731,20.0,1.0
4.573,1.1547260284423828,1.1547260284423828,-0.3604393005371094,1.5581079959634059,-1.1426894435606982,7.285389207396872,20.0,1.0
4.574,1.1543445587158203,1.1543445587158203,-0.3604393005371094,1.5569576175714028,-1.1580616635616252,7.254638814087134,20.0,1.0
4.575,1.1539630889892578,1.1539630889892578,-0.4307689666748047,1.5557918726362825,-1.1734224539619618,7.2939221856533365,20.0,1.0
4.5760000000000005,1.1535816192626953,1.1535816192626953,-0.41318702697753906,1.5546107726634781,-1.1887716631563308,7.244998431836866,20.0,1.0
4.577,1.1532001495361328,1.1532001495361328,-0.39560508728027344,1.5534143293099703,-1.2041091396544061,7.195779543102617,20.0,1.0
4.578,1.1528186798095703,1.1528186798095703,-0.34285736083984375,1.5522025543841693,-1.219434732081595,7.111100120250229,20.0,1.0
4.579,1.1524372100830078,1.1524372100830078,-0.34285736083984375,1.5509754598458076,-1.23474828917972,7.0788740669161205,20.0,1.0
4.58,1.1520557403564453,1.1520557403564453,-0.3076915740966797,1.54973305780581,-1.2500496598113386,7.011188263272634,20.0,1.0
4.581,1.1516742706298828,1.1516742706298828,-0.3252754211425781,1.5484753605261843,-1.265338692957016,6.9959585261115915,20.0,1.0
4.582,1.1512928009033203,1.1512928009033203,-0.33406639099121094,1.5472023804198964,-1.2806152377202125,6.971642743602521,20.0,1.0
4.583,1.1509113311767578,1.1509113311767578,-0.378021240234375,1.545914130050744,-1.2958791433288752,6.982198074385223,20.0,1.0
4.5840000000000005,1.1505298614501953,1.1505298614501953,-0.35164833068847656,1.5446106221332379,-1.3111302591333924,6.922133285215935,20.0,1.0
4.585,1.1501483917236328,1.1501483917236328,-0.3164844512939453,1.5432918695324775,-1.326368434611254,6.852985572859586,20.0,1.0
4.586,1.1497669219970703,1.1497669219970703,-0.3868141174316406,1.5419578852640154,-1.3415935193686437,6.8890398634019,20.0,1.0
4.587,1.1493854522705078,1.1493854522705078,-0.40439605712890625,1.5406086824937408,-1.356805363139074,6.872055298454493,20.0,1.0
4.588,1.1490039825439453,1.1490039825439453,-0.4219779968261719,1.5392442745377375,-1.3720038157887302,6.854780020913285,20.0,1.0
4.589,1.1486225128173828,1.1486225128173828,-0.4483509063720703,1.5378646748621625,-1.3871887273144239,6.84600541995324,20.0,1.0
4.59,1.1482410430908203,1.1482410430908203,-0.4835166931152344,1.5364698970831092,-1.4023599478467759,6.845733825114237,20.0,1.0
4.591,1.1474781036376953,1.1474781036376953,-0.5450553894042969,1.535059954966469,-1.4175173276535133,6.879175088326257,20.0,1.0
4.5920000000000005,1.1470966339111328,1.1470966339111328,-0.5802192687988281,1.5336348624278011,-1.4326607171367414,6.878323121995453,20.0,1.0
4.593,1.1463336944580078,1.1463336944580078,-0.5978031158447266,1.532194633532196,-1.4477899668363534,6.867231930492139,20.0,1.0
4.594,1.1459522247314453,1.1459522247314453,-0.5362644195556641,1.5307392824941286,-1.4629049274336694,6.7691006473756605,20.0,1.0
4.595,1.1451892852783203,1.1451892852783203,-0.6153850555419922,1.529268823677329,-1.4780054497500714,6.818970373772096,20.0,1.0
4.596,1.1448078155517578,1.1448078155517578,-0.5626373291015625,1.5277832715946287,-1.4930913847491638,6.729055065209816,20.0,1.0
4.597,1.1444263458251953,1.1444263458251953,-0.4835166931152344,1.5262826409078298,-1.5081625835395016,6.612480011228423,20.0,1.0
4.598,1.1436634063720703,1.1436634063720703,-0.46593475341796875,1.5247669464275502,-1.5232188973735674,6.564786657153999,20.0,1.0
4.599,1.1432819366455078,1.1432819366455078,-0.4483509063720703,1.5232362031130828,-1.5382601776519778,6.509176058071593,20.0,1.0
4.6000000000000005,1.1429004669189453,1.1429004669189453,-0.47472572326660156,1.5216904260722453,-1.5532862759241652,6.497238630408435,20.0,1.0
4.601,1.1425189971923828,1.1425189971923828,-0.5010986328125,1.520129630561235,-1.568297043887128,6.485014256302417,20.0,1.0
4.602,1.1421375274658203,1.1421375274658203,-0.4395599365234375,1.5185538319844711,-1.5832923333919098,6.384593693504544,20.0,1.0
4.603,1.1413745880126953,1.1413745880126953,-0.5450553894042969,1.5169630458944519,-1.5982719964403032,6.458552550599125,20.0,1.0
4.604,1.1409931182861328,1.1409931182861328,-0.5626373291015625,1.5153572879915906,-1.6132358851890558,6.436684838021663,20.0,1.0
4.605,1.1402301788330078,1.1402301788330078,-0.5978031158447266,1.5137365741240725,-1.6281838519512348,6.439747169714785,20.0,1.0
4.606,1.1394672393798828,1.1394672393798828,-0.6593399047851562,1.5121009202876887,-1.643115749196454,6.46889777374482,20.0,1.0
4.607,1.1387042999267578,1.1387042999267578,-0.7999992370605469,1.5104503426256797,-1.6580314295524659,6.576888661486518,20.0,1.0
4.6080000000000005,1.1379413604736328,1.1379413604736328,-0.7736263275146484,1.5087848574285825,-1.6729307458074345,6.517565520806207,20.0,1.0
4.609,1.1371784210205078,1.1371784210205078,-0.7648353576660156,1.5071044811340653,-1.6878135509113008,6.475543009025864,20.0,1.0
4.61,1.1364154815673828,1.1364154815673828,-0.74725341796875,1.5054092303267603,-1.702679697976805,6.424448695179495,20.0,1.0
4.611,1.1360340118408203,1.1360340118408203,-0.6593399047851562,1.5036991217381122,-1.717529040280624,6.295113062450369,20.0,1.0
4.612,1.1352710723876953,1.1352710723876953,-0.5714282989501953,1.5019741722461992,-1.7323614312671225,6.173128864853151,20.0,1.0
4.613,1.1345081329345703,1.1345081329345703,-0.5802192687988281,1.5002343988755769,-1.747176724545625,6.147567863073334,20.0,1.0
4.614,1.1341266632080078,1.1341266632080078,-0.6065940856933594,1.4984798187971087,-1.7619747738946216,6.131682423580755,20.0,1.0
4.615,1.1333637237548828,1.1333637237548828,-0.5538463592529297,1.4967104493277876,-1.7767554332644977,6.044025437446528,20.0,1.0
4.616,1.1329822540283203,1.1329822540283203,-0.6769237518310547,1.4949263079305803,-1.7915185567749177,6.124286273101338,20.0,1.0
4.617,1.1322193145751953,1.1322193145751953,-0.6857147216796875,1.4931274122142382,-1.8062639987211924,6.097612675739352,20.0,1.0
4.618,1.1314563751220703,1.1314563751220703,-0.7384624481201172,1.4913137799331369,-1.820991613570527,6.114618930770921,20.0,1.0
4.619,1.1306934356689453,1.1306934356689453,-0.8439559936523438,1.4894854289870976,-1.8357012559671375,6.184094604048251,20.0,1.0
4.62,1.1295490264892578,1.1295490264892578,-0.8615379333496094,1.4876423774212029,-1.8503927807344098,6.173012171254101,20.0,1.0
4.621,1.1287860870361328,1.1287860870361328,-0.8087921142578125,1.4857846434256274,-1.8650660428722858,6.083697199175419,20.0,1.0
4.622,1.1280231475830078,1.1280231475830078,-0.7560443878173828,1.483912245335459,-1.87972089756056,5.994105445305846,20.0,1.0
4.623,1.1276416778564453,1.1276416778564453,-0.6417579650878906,1.4820252016305067,-1.8943572001627444,5.835071240406373,20.0,1.0
4.624,1.1268787384033203,1.1268787384033203,-0.5802192687988281,1.480123530935134,-1.9089748062239096,5.736140313211191,20.0,1.0
4.625,1.1264972686767578,1.1264972686767578,-0.5890102386474609,1.4782072520180591,-1.9235735714743214,5.699636333999166,20.0,1.0
4.626,1.1257343292236328,1.1257343292236328,-0.624176025390625,1.4762763837921842,-1.9381533518309197,5.6968637649307325,20.0,1.0
4.627,1.1249713897705078,1.1249713897705078,-0.5890102386474609,1.474330945314398,-1.9527140033957266,5.623487346129538,20.0,1.0
4.628,1.1245899200439453,1.1245899200439453,-0.7120876312255859,1.472370955785393,-1.967255382461417,5.700452963593123,20.0,1.0
4.6290000000000004,1.1238269805908203,1.1238269805908203,-0.7560443878173828,1.4703964345494738,-1.981777345511432,5.70565612147902,20.0,1.0
4.63,1.1226825714111328,1.1226825714111328,-0.8615379333496094,1.4684074010943706,-1.9962797492187292,5.779754777795636,20.0,1.0
4.631,1.1219196319580078,1.1219196319580078,-1.0197811126708984,1.4664038750510366,-2.0107624504510113,5.898703524080464,20.0,1.0
4.632,1.1207752227783203,1.1207752227783203,-0.9406585693359375,1.4643858761934692,-2.0252253062694763,5.787646331369438,20.0,1.0
4.633,1.1200122833251953,1.1200122833251953,-0.9318675994873047,1.462353424438498,-2.0396681739315454,5.739022247821811,20.0,1.0
4.634,1.1192493438720703,1.1192493438720703,-0.7736263275146484,1.4603065398456048,-2.0540909108923415,5.540679336092996,20.0,1.0
4.635,1.1184864044189453,1.1184864044189453,-0.7208786010742188,1.4582452426167138,-2.068493374805712,5.447561990223877,20.0,1.0
4.636,1.1177234649658203,1.1177234649658203,-0.7560443878173828,1.4561695530959935,-2.082875423524456,5.4420907268963905,20.0,1.0
4.6370000000000005,1.1169605255126953,1.1169605255126953,-0.74725341796875,1.4540794917696636,-2.097236915103281,5.392395828004834,20.0,1.0
4.638,1.1161975860595703,1.1161975860595703,-0.8879127502441406,1.4519750792657877,-2.1115777078001656,5.491884906568323,20.0,1.0
4.639,1.1150531768798828,1.1150531768798828,-0.9758243560791016,1.4498563363540633,-2.125897660078067,5.545989885484644,20.0,1.0
4.64,1.1139087677001953,1.1139087677001953,-1.1516475677490234,1.4477232839456322,-2.1401966306040094,5.687741262053752,20.0,1.0
4.641,1.1127643585205078,1.1127643585205078,-1.1516475677490234,1.4455759430928556,-2.154474478253178,5.653404780942802,20.0,1.0
4.642,1.1116199493408203,1.1116199493408203,-1.0901107788085938,1.4434143349891244,-2.168731062109032,5.557267429665644,20.0,1.0
4.643,1.1108570098876953,1.1108570098876953,-0.8791217803955078,1.4412384809686383,-2.1829662414652375,5.303784960549129,20.0,1.0
4.644,1.1100940704345703,1.1100940704345703,-0.7824172973632812,1.439048402506194,-2.1971798758263503,5.164324062969405,20.0,1.0
4.6450000000000005,1.1093311309814453,1.1093311309814453,-0.8351650238037109,1.4368441212169842,-2.211371824908383,5.174053003606106,20.0,1.0
4.646,1.1081867218017578,1.1081867218017578,-0.8175830841064453,1.434625658856378,-2.22554194864324,5.120819876555608,20.0,1.0
4.647,1.1074237823486328,1.1074237823486328,-0.9670333862304688,1.432393037319698,-2.239690107177921,5.226728378473852,20.0,1.0
4.648,1.1062793731689453,1.1062793731689453,-1.1516475677490234,1.430146278642023,-2.253816160874294,5.375169516336282,20.0,1.0
4.649,1.1047534942626953,1.1047534942626953,-1.371429443359375,1.4278854049979497,-2.2679199703165978,5.566147687747865,20.0,1.0
4.65,1.1036090850830078,1.1036090850830078,-1.2571430206298828,1.4256104387013884,-2.2820013963041674,5.415168696693327,20.0,1.0
4.651,1.1024646759033203,1.1024646759033203,-1.0285720825195312,1.423321402205342,-2.2960602998585955,5.149646308701369,20.0,1.0
4.652,1.1017017364501953,1.1017017364501953,-0.8967037200927734,1.4210183181016713,-2.3100965422255513,4.972938810896743,20.0,1.0
4.6530000000000005,1.1009387969970703,1.1009387969970703,-0.9318675994873047,1.4187012091208893,-2.3241099848715976,4.963005857092086,20.0,1.0
4.654,1.0997943878173828,1.0997943878173828,-0.9494514465332031,1.416370098131929,-2.338100489489875,4.94286516333425,20.0,1.0
4.655,1.0986499786376953,1.0986499786376953,-1.1164836883544922,1.41402500814191,-2.352067918001808,5.071916360436976,20.0,1.0
4.656,1.0975055694580078,1.0975055694580078,-1.3098907470703125,1.411665962295926,-2.3660121325517594,5.227086471276917,20.0,1.0
4.657,1.0959796905517578,1.0959796905517578,-1.336263656616211,1.4092929838768067,-2.379932995517379,5.222596527599809,20.0,1.0
4.658,1.0948352813720703,1.0948352813720703,-1.213186264038086,1.4069060963048896,-2.393830369505622,5.06077219318885,20.0,1.0
4.659,1.0936899185180664,1.0936899185180664,-0.9494514465332031,1.404505323137796,-2.4077041173542284,4.758055421573566,20.0,1.0
4.66,1.0929269790649414,1.0929269790649414,-0.9318675994873047,1.4020906880701816,-2.4215541021355875,4.69358767745652,20.0,1.0
4.6610000000000005,1.0921640396118164,1.0921640396118164,-0.9230766296386719,1.3996622149335232,-2.4353801871548058,4.637659948918001,20.0,1.0
4.662,1.091019630432129,1.091019630432129,-1.125274658203125,1.3972199276958726,-2.4491822359544813,4.800098367523517,20.0,1.0
4.663,1.089493751525879,1.089493751525879,-1.2747249603271484,1.3947638504616147,-2.462960112315841,4.917166826726023,20.0,1.0
4.664,1.087967872619629,1.087967872619629,-1.4857139587402344,1.3922940074712418,-2.476713680254079,5.095522975518413,20.0,1.0
4.665,1.0868234634399414,1.0868234634399414,-1.4065933227539062,1.3898104231011068,-2.4904428040282482,4.975889711948966,20.0,1.0
4.666,1.085679054260254,1.085679054260254,-1.125274658203125,1.3873131218631836,-2.5041473481380763,4.653808662123642,20.0,1.0
4.667,1.0845346450805664,1.0845346450805664,-1.0725269317626953,1.3848021284048313,-2.517827177323852,4.560049420924141,20.0,1.0
4.668,1.083390235900879,1.083390235900879,-1.1164836883544922,1.3822774675085363,-2.5314821565716557,4.5627461639359845,20.0,1.0
4.6690000000000005,1.0822458267211914,1.0822458267211914,-1.2659339904785156,1.3797391640916863,-2.5451121511134716,4.670688586774942,20.0,1.0
4.67,1.0807199478149414,1.0807199478149414,-1.4329662322998047,1.37718724320631,-2.5587170264252563,4.803595113701919,20.0,1.0
4.671,1.0791940689086914,1.0791940689086914,-1.459341049194336,1.3746217300388361,-2.572296648232509,4.7955976235647215,20.0,1.0
4.672,1.078049659729004,1.078049659729004,-1.2835159301757812,1.3720426499098455,-2.585850882511636,4.577524851280977,20.0,1.0
4.673,1.0769052505493164,1.0769052505493164,-1.0901107788085938,1.3694500282738133,-2.5993795954860843,4.341626737812448,20.0,1.0
4.674,1.075760841369629,1.075760841369629,-1.160440444946289,1.3668438907188716,-2.6128826536327097,4.369218778298433,20.0,1.0
4.675,1.0746164321899414,1.0746164321899414,-1.2747249603271484,1.3642242629665484,-2.626359923682685,4.440521652176604,20.0,1.0
4.676,1.0730905532836914,1.0730905532836914,-1.4417591094970703,1.3615911708715065,-2.639811272620136,4.571960188633236,20.0,1.0
4.6770000000000005,1.0715646743774414,1.0715646743774414,-1.5912094116210938,1.3589446404213064,-2.653236567686349,4.685572164812044,20.0,1.0
4.678,1.0700387954711914,1.0700387954711914,-1.459341049194336,1.3562846977361347,-2.6666356763796557,4.517623418113546,20.0,1.0
4.679,1.068894386291504,1.068894386291504,-1.213186264038086,1.3536113690685476,-2.680008466454751,4.227517453124209,20.0,1.0
4.68,1.067368507385254,1.067368507385254,-1.3098907470703125,1.350924680803226,-2.6933548059280383,4.287659409501717,20.0,1.0
4.681,1.065842628479004,1.065842628479004,-1.4505500793457031,1.348224659456692,-2.706674563077172,4.391516135822293,20.0,1.0
4.682,1.064316749572754,1.064316749572754,-1.582418441772461,1.3455113316770697,-2.719967606440605,4.486342477418172,20.0,1.0
4.683,1.062790870666504,1.062790870666504,-1.6351642608642578,1.3427847242438116,-2.733233804821907,4.501807527588504,20.0,1.0
4.684,1.061264991760254,1.061264991760254,-1.4329662322998047,1.3400448640674263,-2.7464730272888573,4.262090651154395,20.0,1.0
4.6850000000000005,1.0601205825805664,1.0601205825805664,-1.2219772338867188,1.337291778189232,-2.759685143176057,4.005716002883973,20.0,1.0
4.686,1.058976173400879,1.058976173400879,-1.3186817169189453,1.334525493781075,-2.772870022085499,4.05679810243737,20.0,1.0
4.687,1.0570688247680664,1.0570688247680664,-1.5648345947265625,1.3317460381450614,-2.7860275338869087,4.272351328379554,20.0,1.0
4.688,1.0555429458618164,1.0555429458618164,-1.7758235931396484,1.328953438713302,-2.7991575487213822,4.444875901447977,20.0,1.0
4.689,1.053635597229004,1.053635597229004,-1.6703300476074219,1.3261477230476193,-2.8122599370011585,4.308312626978571,20.0,1.0
4.69,1.0524911880493164,1.0524911880493164,-1.3890113830566406,1.3233289188392978,-2.8253345694100744,3.9804314294461944,20.0,1.0
4.691,1.0509653091430664,1.0509653091430664,-1.4417591094970703,1.3204970539088,-2.838381316906748,3.994012687904992,20.0,1.0
4.692,1.0494394302368164,1.0494394302368164,-1.5912094116210938,1.3176521562054848,-2.8514000507270794,4.104063880267383,20.0,1.0
4.6930000000000005,1.047532081604004,1.047532081604004,-1.8461532592773438,1.3147942538073438,-2.8643906423803855,4.327006060963757,20.0,1.0
4.694,1.0456247329711914,1.0456247329711914,-1.8285713195800781,1.3119233749207249,-2.877352963653607,4.27719119491714,20.0,1.0
4.695,1.0440988540649414,1.0440988540649414,-1.4241752624511719,1.3090395478800372,-2.8902868866149447,3.8327022521381426,20.0,1.0
4.696,1.042954444885254,1.042954444885254,-1.3626365661621094,1.3061428011474958,-2.903192283611247,3.7232114077957004,20.0,1.0
4.697,1.041428565979004,1.041428565979004,-1.538461685180664,1.3032331633128151,-2.9160690272716465,3.858484604585242,20.0,1.0
4.698,1.0395212173461914,1.0395212173461914,-1.8461532592773438,1.3003106630929506,-2.9289169905090375,4.133025183703491,20.0,1.0
4.699,1.037613868713379,1.037613868713379,-1.9956035614013672,1.297375329331798,-2.941736046517235,4.249096727252514,20.0,1.0
4.7,1.036087989807129,1.036087989807129,-1.5912094116210938,1.2944271909999165,-2.95452606877825,3.8034673666985963,20.0,1.0
4.7010000000000005,1.034562110900879,1.034562110900879,-1.4769229888916016,1.2914662771942396,-2.9672869310605847,3.64771938369823,20.0,1.0
4.702,1.0326547622680664,1.0326547622680664,-1.661539077758789,1.2884926171377962,-2.980018507418208,3.798277667735176,20.0,1.0
4.703,1.0307464599609375,1.0307464599609375,-1.9692306518554688,1.2855062401794037,-2.992720672196583,4.07170558402821,20.0,1.0
4.704,1.028839111328125,1.028839111328125,-1.9340667724609375,1.282507175793404,-3.0053933000297093,4.002034761736806,20.0,1.0
4.705,1.027313232421875,1.027313232421875,-1.4857139587402344,1.2794954535793446,-3.0180362658441027,3.5113221160455232,20.0,1.0
4.706,1.025787353515625,1.025787353515625,-1.4769229888916016,1.2764711032617138,-3.0306494448599324,3.4599485389534443,20.0,1.0
4.707,1.024261474609375,1.024261474609375,-1.7230777740478516,1.2734341546896255,-3.0432327125885195,3.6632986630643423,20.0,1.0
4.708,1.02197265625,1.02197265625,-2.118680953979492,1.270384637836537,-3.0557859448387035,4.031134640871531,20.0,1.0
4.7090000000000005,1.0200653076171875,1.0200653076171875,-1.9692306518554688,1.2673225827999461,-3.068309017716274,3.8460671377943676,20.0,1.0
4.71,1.0185394287109375,1.0185394287109375,-1.5208797454833984,1.2642480198011055,-3.080801807621583,3.3542497596651746,20.0,1.0
4.711,1.0170135498046875,1.0170135498046875,-1.626373291015625,1.2611609791847034,-3.09326419125739,3.4160576873585526,20.0,1.0
4.712,1.015106201171875,1.015106201171875,-2.0043954849243164,1.2580614914185915,-3.105696045623972,3.7578052442346737,20.0,1.0
4.713,1.0128173828125,1.0128173828125,-2.162637710571289,1.2549495870934557,-3.1180972480242417,3.8871845481661618,20.0,1.0
4.714,1.0109100341796875,1.0109100341796875,-1.714284896850586,1.251825296922541,-3.130467676063631,3.402122475644024,20.0,1.0
4.715,1.009765625,1.009765625,-1.5208797454833984,1.2486886517413294,-3.142807207651913,3.156533072658073,20.0,1.0
4.716,1.0078582763671875,1.0078582763671875,-1.7758235931396484,1.2455396825072378,-3.1551157210014935,3.3743359949391607,20.0,1.0
4.7170000000000005,1.0055694580078125,1.0055694580078125,-2.224175453186035,1.2423784202993244,-3.1673930946319615,3.7929616043843124,20.0,1.0
4.718,1.003662109375,1.003662109375,-2.0835161209106445,1.2392048963179747,-3.1796392073714514,3.614732652398687,20.0,1.0
4.719,1.0017547607421875,1.0017547607421875,-1.6175823211669922,1.236019141884582,-3.191853938355848,3.1110160056590352,20.0,1.0
4.72,1.0002288818359375,1.0002288818359375,-1.7670326232910156,1.2328211884412639,-3.204037167029469,3.214841588368074,20.0,1.0
4.721,0.9979400634765625,0.9979400634765625,-2.2153844833374023,1.2296110675505239,-3.2161887731512024,3.632615791665427,20.0,1.0
4.722,0.9956512451171875,0.9956512451171875,-2.2857141494750977,1.2263888108949592,-3.2283086367881424,3.6721568282423895,20.0,1.0
4.723,0.9941253662109375,0.9941253662109375,-1.6527481079101562,1.2231544502769482,-3.240396638321613,2.992933150908758,20.0,1.0
4.724,0.992218017578125,0.992218017578125,-1.6175823211669922,1.2199080176183166,-3.2524526584491014,2.9189296635217223,20.0,1.0
4.7250000000000005,0.9903106689453125,0.9903106689453125,-2.1010990142822266,1.2166495449600478,-3.264476578180961,3.3633999563959724,20.0,1.0
4.726,0.987640380859375,0.987640380859375,-2.4967031478881836,1.2133790644619555,-3.276468278847119,3.735008541092675,20.0,1.0
4.727,0.9857330322265625,0.9857330322265625,-1.9428577423095703,1.210096608402354,-3.288427642094689,3.141701623730709,20.0,1.0
4.728,0.9842071533203125,0.9842071533203125,-1.7406597137451172,1.206802209177767,-3.300354549887629,2.8922062810065787,20.0,1.0
4.729,0.9819183349609375,0.9819183349609375,-2.1890106201171875,1.2034958993025793,-3.3122488845151565,3.3083130224348665,20.0,1.0
4.73,0.979248046875,0.979248046875,-2.5054941177368164,1.2001777114087346,-3.324110528583333,3.5999768798281764,20.0,1.0
4.731,0.9773406982421875,0.9773406982421875,-1.8989009857177734,1.1968476782454134,-3.3359393650221136,2.9531012207601774,20.0,1.0
4.732,0.9758148193359375,0.9758148193359375,-1.7318687438964844,1.1935058326786911,-3.347735277086599,2.737953733664958,20.0,1.0
4.7330000000000005,0.9735260009765625,0.9735260009765625,-2.2153844833374023,1.190152207691238,-3.3594981483545325,3.1884104692763815,20.0,1.0
4.734,0.970855712890625,0.970855712890625,-2.6549453735351562,1.186786836381983,-3.3712278627314163,3.602339980630898,20.0,1.0
4.735,0.9689483642578125,0.9689483642578125,-1.9780216217041016,1.1834097519657758,-3.382924304452331,2.8843250714110367,20.0,1.0
4.736,0.9670400619506836,0.9670400619506836,-1.9076919555664062,1.180020987773079,-3.3945873580750003,2.772723113939313,20.0,1.0
4.737,0.9643697738647461,0.9643697738647461,-2.452747344970703,1.1766205772496263,-3.406216908490819,3.2915465041774885,20.0,1.0
4.738,0.9620809555053711,0.9620809555053711,-2.5758237838745117,1.173208553956095,-3.4178128409217834,3.380562911967207,20.0,1.0
4.739,0.9601736068725586,0.9601736068725586,-1.8461532592773438,1.1697849515677838,-3.4293750409188988,2.60900511226295,20.0,1.0
4.74,0.9582662582397461,0.9582662582397461,-1.9868125915527344,1.166349803874258,-3.4409033943692293,2.7075801098737413,20.0,1.0
4.741,0.9555959701538086,0.9555959701538086,-2.637362480163574,1.1629031447790463,-3.452397787492032,3.331108185176297,20.0,1.0
4.742,0.9529256820678711,0.9529256820678711,-2.435164451599121,1.1594450082992747,-3.463858106842167,3.101692869385025,20.0,1.0
4.743,0.9510183334350586,0.9510183334350586,-1.960439682006836,1.1559754285653598,-3.4752842393111223,2.5842973453017386,20.0,1.0
4.744,0.9487295150756836,0.9487295150756836,-2.3032970428466797,1.1524944398206534,-3.48667607212883,2.891919465617245,20.0,1.0
4.745,0.9460592269897461,0.9460592269897461,-2.8307695388793945,1.1490020764211026,-3.4980334928610546,3.391593034645471,20.0,1.0
4.746,0.9437704086303711,0.9437704086303711,-2.0835161209106445,1.1454983728349288,-3.5093563894141653,2.608719015587634,20.0,1.0
4.747,0.9418630599975586,0.9418630599975586,-1.9428577423095703,1.1419833636422752,-3.520644650036729,2.4246191651671722,20.0,1.0
4.748,0.9391927719116211,0.9391927719116211,-2.567032814025879,1.138457083534856,-3.5318981633181465,3.02042088317243,20.0,1.0
4.749,0.9365224838256836,0.9365224838256836,-2.75164794921875,1.1349195673156396,-3.5431168181893327,3.1764728008285372,20.0,1.0
4.75,0.9346151351928711,0.9346151351928711,-2.057143211364746,1.1313708498984778,-3.5543005039294258,2.4379570015474545,20.0,1.0
4.751,0.9323263168334961,0.9323263168334961,-2.259340286254883,1.1278109663077782,-3.5654491101589656,2.6035841655815597,20.0,1.0
4.752,0.9292745590209961,0.9292745590209961,-2.9450550079345703,1.124239951678161,-3.5765625268442136,3.2678003342336535,20.0,1.0
4.753,0.9269857406616211,0.9269857406616211,-2.224175453186035,1.1206578412540906,-3.587640644301814,2.5099768207336117,20.0,1.0
4.7540000000000004,0.9250783920288086,0.9250783920288086,-2.0219783782958984,1.1170646703895548,-3.5986833531939055,2.2630205923169173,20.0,1.0
4.755,0.9224081039428711,0.9224081039428711,-2.795604705810547,1.1134604745477037,-3.6096905445343737,3.006961573372825,20.0,1.0
4.756,0.9193563461303711,0.9193563461303711,-2.8219776153564453,1.1098452893004869,-3.620662109686691,3.0110943690720697,20.0,1.0
4.757,0.9174489974975586,0.9174489974975586,-2.118680953979492,1.1062191503283314,-3.6315979403643723,2.262486070230576,20.0,1.0
4.758,0.9147787094116211,0.9147787094116211,-2.5054941177368164,1.102582093419759,-3.642497928638022,2.619063869261552,20.0,1.0
4.759,0.9117269515991211,0.9117269515991211,-2.9978017807006836,1.098934154471053,-3.653361966927946,3.088583871211374,20.0,1.0
4.76,0.9098196029663086,0.9098196029663086,-2.2065935134887695,1.0952753694859039,-3.6641899480094935,2.2515188958711816,20.0,1.0
4.761,0.9075307846069336,0.9075307846069336,-2.2857141494750977,1.0916057745750345,-3.6749817650162413,2.2922321838208743,20.0,1.0
4.7620000000000005,0.9040966033935547,0.9040966033935547,-3.1472530364990234,1.087925405955869,-3.6857373114355596,3.138091776309749,20.0,1.0
4.763,0.9018077850341797,0.9018077850341797,-2.4703292846679688,1.0842342999521641,-3.696456481114751,2.4224031019129066,20.0,1.0
4.764,0.8995189666748047,0.8995189666748047,-2.34725284576416,1.08053249299364,-3.707139168263325,2.260384203877541,20.0,1.0
4.765,0.8964672088623047,0.8964672088623047,-3.0417585372924805,1.0768200216156385,-3.7177852674436735,2.931029524915483,20.0,1.0
4.766,0.8937969207763672,0.8937969207763672,-2.461538314819336,1.0730969224587532,-3.728394673583807,2.3191436748832492,20.0,1.0
4.767,0.8915081024169922,0.8915081024169922,-2.2945051193237305,1.0693632322684683,-3.738967281974851,2.1126404343784015,20.0,1.0
4.768,0.8884563446044922,0.8884563446044922,-2.980219841003418,1.0656189878948044,-3.74950298826775,2.7739697185419114,20.0,1.0
4.769,0.8857860565185547,0.8857860565185547,-2.8131866455078125,1.0618642262919333,-3.760001688480429,2.5747483524949564,20.0,1.0
4.7700000000000005,0.8834972381591797,0.8834972381591797,-2.4703292846679688,1.058098984517841,-3.770463278993475,2.1919009328477204,20.0,1.0
4.771,0.8800640106201172,0.8800640106201172,-3.068131446838379,1.0543232997339473,-3.7808876565554783,2.7724295725595036,20.0,1.0
4.772,0.8773937225341797,0.8773937225341797,-2.7252750396728516,1.050537209204731,-3.7912747182838302,2.396870054800046,20.0,1.0
4.773,0.8751049041748047,0.8751049041748047,-2.356043815612793,1.0467407502973807,-3.8016243616622205,1.9871363764020922,20.0,1.0
4.774,0.8720531463623047,0.8720531463623047,-3.138461112976074,1.042933960481407,-3.8119364845425707,2.744140910815549,20.0,1.0
4.775,0.8690013885498047,0.8690013885498047,-2.9450550079345703,1.039116877328293,-3.8222109851477626,2.525153798356575,20.0,1.0
4.776,0.8667125701904297,0.8667125701904297,-2.5318679809570312,1.0352895385111125,-3.8324477620740254,2.070959585296662,20.0,1.0
4.777,0.8632793426513672,0.8632793426513672,-3.191208839416504,1.0314519818041459,-3.842646714287639,2.7120149081844387,20.0,1.0
4.7780000000000005,0.8606090545654297,0.8606090545654297,-2.778021812438965,1.0276042450825347,-3.8528077411306185,2.265117881650446,20.0,1.0
4.779,0.8579387664794922,0.8579387664794922,-2.479121208190918,1.0237463663218855,-3.8629307423158252,1.9323424627229597,20.0,1.0
4.78,0.8548870086669922,0.8548870086669922,-3.367033004760742,1.0198783835979037,-3.8730156179333903,2.7938448854455826,20.0,1.0
4.781,0.8518352508544922,0.8518352508544922,-2.8395605087280273,1.0160003350860198,-3.883062268452136,2.2397999249064444,20.0,1.0
4.782,0.8491649627685547,0.8491649627685547,-2.6021976470947266,1.012112259061,-3.8930705947139472,1.9680729782296877,20.0,1.0
4.783,0.8457317352294922,0.8457317352294922,-3.4989013671875,1.0082141938965894,-3.9030404979394575,2.8455100425899866,20.0,1.0
4.784,0.8430604934692383,0.8430604934692383,-2.5934066772460938,1.0043061780651221,-3.9129718797312307,1.9053484894325399,20.0,1.0
4.785,0.8403902053833008,0.8403902053833008,-2.6813182830810547,1.0003882501371277,-3.9228646420699533,1.9584145360876404,20.0,1.0
4.7860000000000005,0.8369569778442383,0.8369569778442383,-3.507692337036133,0.9964604487809796,-3.9327186873185838,2.7650430684523757,20.0,1.0
4.787,0.8342866897583008,0.8342866897583008,-2.6109886169433594,0.9925228127624917,-3.9425339182226935,1.8331771588044834,20.0,1.0
4.788,0.8312349319458008,0.8312349319458008,-3.112088203430176,0.988575380944535,-3.9523102379077955,2.306586945497065,20.0,1.0
4.789,0.8281831741333008,0.8281831741333008,-3.2351646423339844,0.984618192286677,-3.9620475498864494,2.4018174555150598,20.0,1.0
4.79,0.8255128860473633,0.8255128860473633,-2.5054941177368164,0.9806512858447629,-3.971745758055931,1.6365163556288778,20.0,1.0
4.791,0.8220796585083008,0.8220796585083008,-3.3054943084716797,0.9766747007705625,-3.9814047666971533,2.415990387019761,20.0,1.0
4.792,0.8190279006958008,0.8190279006958008,-3.1208791732788086,0.9726884763113697,-3.9910244804798936,2.203066205110293,20.0,1.0
4.793,0.8159761428833008,0.8159761428833008,-2.795604705810547,0.9686926518096035,-4.000604804464103,1.849330079872498,20.0,1.0
4.7940000000000005,0.8129243850708008,0.8129243850708008,-3.4989013671875,0.9646872667024389,-4.010145644094109,2.5240133557261526,20.0,1.0
4.795,0.8102540969848633,0.8102540969848633,-2.760439872741699,0.9606723605214162,-4.019646905204809,1.7491582382679498,20.0,1.0
4.796,0.8072023391723633,0.8072023391723633,-2.865934371948242,0.95664797289203,-4.029108494023546,1.8257385523180294,20.0,1.0
4.797,0.8037691116333008,0.8037691116333008,-3.6571426391601562,0.9526141435333703,-4.0385303171677265,2.5955129599938194,20.0,1.0
4.798,0.8007173538208008,0.8007173538208008,-2.6989011764526367,0.9485709122576952,-4.047912281649019,1.6080600635415059,20.0,1.0
4.799,0.7976655960083008,0.7976655960083008,-3.40219783782959,0.9445183189700694,-4.05725429486921,2.2819980021957527,20.0,1.0
4.8,0.7942323684692383,0.7942323684692383,-3.1560440063476562,0.9404564036679578,-4.06655626462657,2.0139684456954767,20.0,1.0
4.801,0.7915620803833008,0.7915620803833008,-2.7340660095214844,0.9363852064408171,-4.075818099117157,1.5547104315546543,20.0,1.0
4.8020000000000005,0.7877473831176758,0.7877473831176758,-3.7010984420776367,0.9323047674697208,-4.0850397069287965,2.5072064221897405,20.0,1.0
4.803,0.7850770950317383,0.7850770950317383,-2.953845977783203,0.9282151270269605,-4.094220997046989,1.722385620640659,20.0,1.0
4.804,0.7816438674926758,0.7816438674926758,-3.191208839416504,0.9241163254756277,-4.1033618788569015,1.9372961202186412,20.0,1.0
4.805,0.7782096862792969,0.7782096862792969,-3.4989013671875,0.9200084032692477,-4.112462262141548,2.2224134448449684,20.0,1.0
4.806,0.7755393981933594,0.7755393981933594,-2.7340660095214844,0.9158914009513455,-4.121522057083325,1.419584007597881,20.0,1.0
4.807,0.7717247009277344,0.7717247009277344,-3.692307472229004,0.9117653591550783,-4.130541174267762,2.36257946250812,20.0,1.0
4.808,0.7686729431152344,0.7686729431152344,-3.1296701431274414,0.907630318602811,-4.139519524677496,1.769298128201477,20.0,1.0
4.809,0.7656211853027344,0.7656211853027344,-3.2263736724853516,0.903486320105724,-4.148457019700231,1.8352193488449138,20.0,1.0
4.8100000000000005,0.7618064880371094,0.7618064880371094,-3.692307472229004,0.8993334045634077,-4.157353571128283,2.2854922316266877,20.0,1.0
4.811,0.7591361999511719,0.7591361999511719,-2.7252750396728516,0.8951716129634685,-4.166209091154258,1.2797742087645259,20.0,1.0
4.812,0.7549400329589844,0.7549400329589844,-3.8329668045043945,0.8910009863811,-4.175023492378557,2.3791623805681508,20.0,1.0
4.813,0.7522697448730469,0.7522697448730469,-3.182417869567871,0.8868215659787124,-4.183796687806307,1.689657603874875,20.0,1.0
4.814,0.7488365173339844,0.7488365173339844,-3.3054943084716797,0.8826333930054882,-4.192528590849406,1.7889032310523492,20.0,1.0
4.815,0.7450218200683594,0.7450218200683594,-3.6571426391601562,0.8784365087970107,-4.201219115328058,2.1242172984051253,20.0,1.0
4.816,0.7423515319824219,0.7423515319824219,-2.84835147857666,0.8742309547748331,-4.209868175471513,1.2760717589533725,20.0,1.0
4.817,0.7385368347167969,0.7385368347167969,-3.90329647064209,0.8700167724460685,-4.218475685915337,2.3144195393121847,20.0,1.0
4.8180000000000005,0.7351036071777344,0.7351036071777344,-3.2087907791137695,0.8657940034029997,-4.2270415617060735,1.595557141913003,20.0,1.0
4.819,0.7316703796386719,0.7316703796386719,-3.5164833068847656,0.8615626893226573,-4.235565718303576,1.878763782260899,20.0,1.0
4.82,0.7282371520996094,0.7282371520996094,-3.4637365341186523,0.8573228719663935,-4.244048071577481,1.8014028598768528,20.0,1.0
4.821,0.7251853942871094,0.7251853942871094,-3.182417869567871,0.8530745931795034,-4.252488537810166,1.487713309605586,20.0,1.0
4.822,0.7209892272949219,0.7209892272949219,-3.868131637573242,0.848817894890774,-4.2608870336973155,2.1638179557929687,20.0,1.0
4.823,0.7179365158081055,0.7179365158081055,-3.138461112976074,0.844552819112106,-4.269243476349743,1.4015437027063418,20.0,1.0
4.824,0.713740348815918,0.713740348815918,-3.8593406677246094,0.8402794079380755,-4.277557783294185,2.112564066873576,20.0,1.0
4.825,0.7110700607299805,0.7110700607299805,-3.191208839416504,0.8359977035455185,-4.285829872469719,1.4039318232575453,20.0,1.0
4.8260000000000005,0.707636833190918,0.707636833190918,-3.4989013671875,0.8317077481931332,-4.294059662233622,1.686260004998183,20.0,1.0
4.827,0.703822135925293,0.703822135925293,-3.7362632751464844,0.8274095842210523,-4.302247071362558,1.9057651696991122,20.0,1.0
4.828,0.7003889083862305,0.7003889083862305,-3.34945011138916,0.8231032540504089,-4.310392019050028,1.4933450056227002,20.0,1.0
4.829,0.696192741394043,0.696192741394043,-4.0,0.8187888001829532,-4.318494424906987,2.1334267508712172,20.0,1.0
4.83,0.6935224533081055,0.6935224533081055,-2.980219841003418,0.8144662652005957,-4.326554208969355,1.0725418698838678,20.0,1.0
4.831,0.689326286315918,0.689326286315918,-3.9384613037109375,0.8101356917650115,-4.334571291688633,2.0200781210041763,20.0,1.0
4.832,0.6858930587768555,0.6858930587768555,-3.393406867980957,0.8057971226172195,-4.342545593938269,1.4489425508499685,20.0,1.0
4.833,0.682459831237793,0.682459831237793,-3.6219778060913086,0.8014506005771358,-4.350477037016731,1.6513161558614344,20.0,1.0
4.8340000000000005,0.678645133972168,0.678645133972168,-3.7274723052978516,0.7970961685431831,-4.358365542642218,1.738127454075936,20.0,1.0
4.835,0.675593376159668,0.675593376159668,-3.1560440063476562,0.7927338694918525,-4.366211032958404,1.1326428400329438,20.0,1.0
4.836,0.6713972091674805,0.6713972091674805,-4.149450302124023,0.7883637464772673,-4.374013430536991,2.1147676177827686,20.0,1.0
4.837,0.6683454513549805,0.6683454513549805,-3.1296701431274414,0.7839858426307796,-4.381772658367595,1.06070531027583,20.0,1.0
4.838,0.664149284362793,0.664149284362793,-4.079120635986328,0.779600201160533,-4.389488639870365,1.9986503320707634,20.0,1.0
4.839,0.661097526550293,0.661097526550293,-3.270329475402832,0.7752068653510359,-4.397161298893877,1.1553549525238132,20.0,1.0
4.84,0.657282829284668,0.657282829284668,-3.683516502380371,0.7708058785627463,-4.4047905597096815,1.5491869282322561,20.0,1.0
4.841,0.6534671783447266,0.6534671783447266,-3.8065929412841797,0.7663972842316173,-4.412376347021734,1.6528187120002613,20.0,1.0
4.8420000000000005,0.6500339508056641,0.6500339508056641,-3.5164833068847656,0.7619811258686999,-4.419918585959408,1.3355082221860748,20.0,1.0
4.843,0.6458377838134766,0.6458377838134766,-4.114285469055176,0.7575574470596996,-4.4274172020840865,1.9212615318955506,20.0,1.0
4.844,0.6427860260009766,0.6427860260009766,-3.0945053100585938,0.7531262914645326,-4.434872121391265,0.8664384979384487,20.0,1.0
4.845,0.6382083892822266,0.6382083892822266,-4.360439300537109,0.7486877028169182,-4.442283270299583,2.127742300931359,20.0,1.0
4.846,0.6351566314697266,0.6351566314697266,-3.287912368774414,0.7442417249239344,-4.449650575664805,1.0199636621937653,20.0,1.0
4.847,0.6309604644775391,0.6309604644775391,-4.210988998413086,0.7397884016655856,-4.456973964776637,1.9305737773973792,20.0,1.0
4.848,0.6275272369384766,0.6275272369384766,-3.4109888076782227,0.7353277769943821,-4.4642533653539545,1.1027462434423794,20.0,1.0
4.849,0.6233310699462891,0.6233310699462891,-4.017582893371582,0.7308598949348786,-4.471488705552304,1.6966706875910686,20.0,1.0
4.8500000000000005,0.6195163726806641,0.6195163726806641,-3.8505496978759766,0.7263847995832745,-4.478679913963845,1.5092383219643408,20.0,1.0
4.851,0.6157016754150391,0.6157016754150391,-3.771428108215332,0.721902535106952,-4.485826919611782,1.4096183824418094,20.0,1.0
4.852,0.6118869781494141,0.6118869781494141,-4.070329666137695,0.7174131457440518,-4.492929651957979,1.6879233660724706,20.0,1.0
4.853,0.6084537506103516,0.6084537506103516,-3.454944610595703,0.7129166758030371,-4.499988040904839,1.0442150735445748,20.0,1.0
4.854,0.6038761138916016,0.6038761138916016,-4.378022193908691,0.7084131696622431,-4.507002016785748,1.9617612925357744,20.0,1.0
4.855,0.6004428863525391,0.6004428863525391,-3.490109443664551,0.7039026717694626,-4.513971510375086,1.0453336416279364,20.0,1.0
4.856,0.5958652496337891,0.5958652496337891,-4.4571428298950195,0.6993852266414939,-4.5208964528885645,2.0066459171605526,20.0,1.0
4.857,0.5928125381469727,0.5928125381469727,-3.2175827026367188,0.6948608788636864,-4.527776775978623,0.730772740992371,20.0,1.0
4.8580000000000005,0.5882349014282227,0.5882349014282227,-4.5010986328125,0.6903296730895336,-4.534612411739943,2.008381654298777,20.0,1.0
4.859,0.5848016738891602,0.5848016738891602,-3.454944610595703,0.6857916540402075,-4.541403292709219,0.9333409209074301,20.0,1.0
4.86,0.5806055068969727,0.5806055068969727,-4.421977996826172,0.6812468665041161,-4.548149351860275,1.886655837108767,20.0,1.0
4.861,0.5771722793579102,0.5771722793579102,-3.4461536407470703,0.676695355336488,-4.554850522613322,0.8817646377053046,20.0,1.0
4.862,0.5725946426391602,0.5725946426391602,-4.228571891784668,0.6721371654588905,-4.561506738831099,1.657915609348175,20.0,1.0
4.863,0.5687799453735352,0.5687799453735352,-3.815384864807129,0.6675723418588226,-4.568117934817963,1.223114859694916,20.0,1.0
4.864,0.5642023086547852,0.5642023086547852,-4.175824165344238,0.6630009295892556,-4.574684045325455,1.5771125387081923,20.0,1.0
4.865,0.5607690811157227,0.5607690811157227,-3.9120874404907227,0.6584229737681727,-4.581205005548327,1.283960287991397,20.0,1.0
4.866,0.5565729141235352,0.5565729141235352,-3.982417106628418,0.6538385195781601,-4.587680751125902,1.3400484645950148,20.0,1.0
4.867,0.5527582168579102,0.5527582168579102,-4.228571891784668,0.6492476122659219,-4.594111218148555,1.5642485817963472,20.0,1.0
4.868,0.5489435195922852,0.5489435195922852,-3.90329647064209,0.6446502971418598,-4.600496343148507,1.2169356784850769,20.0,1.0
4.869,0.5447473526000977,0.5447473526000977,-4.1670331954956055,0.640046619579626,-4.606836063105845,1.466182471980328,20.0,1.0
4.87,0.5409326553344727,0.5409326553344727,-3.762637138366699,0.6354366250156491,-4.6131303154517695,1.039586216538459,20.0,1.0
4.871,0.5363550186157227,0.5363550186157227,-4.342857360839844,0.6308203589487195,-4.619379038062846,1.6127851294369342,20.0,1.0
4.872,0.5325403213500977,0.5325403213500977,-3.9384613037109375,0.6261978669395245,-4.625582169266863,1.1860300462326112,20.0,1.0
4.873,0.5283432006835938,0.5283432006835938,-4.272527694702148,0.6215691946101867,-4.631739647844881,1.5053079253891255,20.0,1.0
4.874,0.5245285034179688,0.5245285034179688,-3.7362632751464844,0.6169343876438358,-4.637851413021167,0.9465295466426582,20.0,1.0
4.875,0.5199508666992188,0.5199508666992188,-4.518681526184082,0.6122934917841452,-4.643917404475815,1.7216166234067956,20.0,1.0
4.876,0.5161361694335938,0.5161361694335938,-3.8329668045043945,0.607646552834881,-4.649937562341904,1.0132369101882355,20.0,1.0
4.877,0.5119400024414062,0.5119400024414062,-4.386813163757324,0.6029936166594624,-4.655911827200725,1.5519736209177215,20.0,1.0
4.878,0.5077438354492188,0.5077438354492188,-3.709890365600586,0.5983347291804805,-4.661840140088771,0.8598681001370498,20.0,1.0
4.8790000000000004,0.5035476684570312,0.5035476684570312,-4.641757965087891,0.5936699363792818,-4.6677224424982455,1.7764808810346557,20.0,1.0
4.88,0.49935150146484375,0.49935150146484375,-3.90329647064209,0.5889992842954851,-4.673558676370817,1.0226934508840997,20.0,1.0
4.881,0.49515533447265625,0.49515533447265625,-4.536263465881348,0.5843228190265412,-4.679348784104775,1.6402643728542707,20.0,1.0
4.882,0.49134063720703125,0.49134063720703125,-3.7538461685180664,0.5796405867272767,-4.6850927085579315,0.8347524503650439,20.0,1.0
4.883,0.48676300048828125,0.48676300048828125,-4.615385055541992,0.5749526336094263,-4.690790393036764,1.688387324928129,20.0,1.0
4.884,0.48294830322265625,0.48294830322265625,-3.920879364013672,0.5702590059412,-4.696441781307044,0.9706516370775038,20.0,1.0
4.885,0.47837066650390625,0.47837066650390625,-4.413187026977539,0.5655597500468132,-4.702046817593555,1.4549218802421242,20.0,1.0
4.886,0.47455596923828125,0.47455596923828125,-3.797801971435547,0.5608549123060139,-4.707605446575542,0.8161753862146583,20.0,1.0
4.8870000000000005,0.46997833251953125,0.46997833251953125,-4.641757965087891,0.556144539153659,-4.71311761339382,1.6519644843766264,20.0,1.0
4.888,0.46616268157958984,0.46616268157958984,-4.070329666137695,0.5514286770792274,-4.718583263643097,1.0570663124873487,20.0,1.0
4.889,0.46158504486083984,0.46158504486083984,-4.386813163757324,0.5467073726263737,-4.724002343379482,1.3652573756885196,20.0,1.0
4.89,0.45738887786865234,0.45738887786865234,-4.0615386962890625,0.5419806723924695,-4.729374799122354,1.0239997876430516,20.0,1.0
4.891,0.45281124114990234,0.45281124114990234,-4.404396057128906,0.53724862302813,-4.734700577844535,1.358443116848925,20.0,1.0
4.892,0.44899654388427734,0.44899654388427734,-4.228571891784668,0.5325112712367772,-4.739979626982404,1.1588868118522617,20.0,1.0
4.893,0.44441890716552734,0.44441890716552734,-4.228571891784668,0.5277686637741662,-4.745211894435556,1.150355129521889,20.0,1.0
4.894,0.44022274017333984,0.44022274017333984,-4.342857360839844,0.5230208474479071,-4.750397328562258,1.2484221777689313,20.0,1.0
4.8950000000000005,0.43602657318115234,0.43602657318115234,-4.307692527770996,0.5182678691170385,-4.755535878185356,1.1969825683033632,20.0,1.0
4.896,0.43144893646240234,0.43144893646240234,-4.483516693115234,0.5135097756915376,-4.760627492590885,1.3641059851070536,20.0,1.0
4.897,0.42725276947021484,0.42725276947021484,-3.90329647064209,0.5087466141318576,-4.765672121524005,0.76750124235094,20.0,1.0
4.898,0.42305660247802734,0.42305660247802734,-4.536263465881348,0.5039784314484906,-4.770669715197101,1.3840303300935122,20.0,1.0
4.899,0.41886043548583984,0.41886043548583984,-3.9648351669311523,0.4992052747014644,-4.775620224286683,0.7961117269569604,20.0,1.0
4.9,0.41428279876708984,0.41428279876708984,-4.808791160583496,0.49442719099991406,-4.78052359993157,1.6311554053084105,20.0,1.0
4.901,0.41008663177490234,0.41008663177490234,-3.6747255325317383,0.4896442275016024,-4.7853797937375475,0.48049765332819216,20.0,1.0
4.902,0.40550804138183594,0.40550804138183594,-4.914285659790039,0.48485643141243995,-4.790188757779049,1.7110647026230703,20.0,1.0
4.9030000000000005,0.40169334411621094,0.40169334411621094,-3.876922607421875,0.4800638499860411,-4.794950444591535,0.6493822802269436,20.0,1.0
4.904,0.39635276794433594,0.39635276794433594,-4.852746963500977,0.475266530523258,-4.799664807178033,1.6313574079013853,20.0,1.0
4.905,0.39291954040527344,0.39291954040527344,-3.7450551986694336,0.47046452037168607,-4.8043317990107255,0.4916229989869607,20.0,1.0
4.906,0.38796043395996094,0.38796043395996094,-4.923076629638672,0.4656578669252377,-4.808951374028027,1.6680739149161803,20.0,1.0
4.907,0.38376426696777344,0.38376426696777344,-4.114285469055176,0.460846617623631,-4.813523486637422,0.842408995534905,20.0,1.0
4.908,0.37918663024902344,0.37918663024902344,-4.55384635925293,0.45603081995195965,-4.818048091712058,1.2726820615995964,20.0,1.0
4.909,0.37499046325683594,0.37499046325683594,-4.149450302124023,0.451210521440208,-4.822525144596341,0.8513263211951241,20.0,1.0
4.91,0.37079429626464844,0.37079429626464844,-4.509890556335449,0.446385769662768,-4.826954601106394,1.1947654231914466,20.0,1.0
4.9110000000000005,0.36583518981933594,0.36583518981933594,-4.5626373291015625,0.441556612237992,-4.831336417523431,1.245729359951252,20.0,1.0
4.912,0.36202049255371094,0.36202049255371094,-4.184615135192871,0.43672309682772226,-4.835670550599701,0.8429966700733962,20.0,1.0
4.913,0.35744285583496094,0.35744285583496094,-4.5010986328125,0.43188527113679354,-4.839956957559991,1.1499899812891607,20.0,1.0
4.914,0.35324668884277344,0.35324668884277344,-4.219779968261719,0.42704318291260335,-4.844195596098984,0.8515142535593325,20.0,1.0
4.915,0.34828758239746094,0.34828758239746094,-4.782417297363281,0.4221968799445966,-4.8483864243823405,1.4122168239236539,20.0,1.0
4.916,0.34447288513183594,0.34447288513183594,-3.868131637573242,0.4173464100638354,-4.852529401050646,0.4730727351625854,20.0,1.0
4.917,0.33989429473876953,0.33989429473876953,-4.764835357666016,0.4124918211424964,-4.856624485212052,1.3601614005285008,20.0,1.0
4.918,0.33569812774658203,0.33569812774658203,-4.026373863220215,0.40763316109341236,-4.860671636449666,0.604402893707155,20.0,1.0
4.9190000000000005,0.33112049102783203,0.33112049102783203,-4.879120826721191,0.4027704778695938,-4.864670814822148,1.447449748734279,20.0,1.0
4.92,0.32692432403564453,0.32692432403564453,-3.797801971435547,0.3979038194637692,-4.86862198085683,0.34876989914121026,20.0,1.0
4.921,0.32196521759033203,0.32196521759033203,-4.975824356079102,0.3930332339078812,-4.872525095558132,1.5246595868719532,20.0,1.0
4.922,0.31776905059814453,0.31776905059814453,-4.0439558029174805,0.388158769272654,-4.876380120403809,0.5753700560038615,20.0,1.0
4.923,0.31319141387939453,0.31319141387939453,-4.764835357666016,0.3832804736670746,-4.880187017345634,1.2864295360739828,20.0,1.0
4.924,0.30937671661376953,0.30937671661376953,-4.008790969848633,0.3783983952379595,-4.883945748811982,0.5052787935204499,20.0,1.0
4.925,0.30479907989501953,0.30479907989501953,-4.852746963500977,0.3735125821694517,-4.887656277707521,1.3393607312820994,20.0,1.0
4.926,0.29983997344970703,0.29983997344970703,-4.483516693115234,0.3686230826825455,-4.891318567408035,0.9678603103639687,20.0,1.0
4.9270000000000005,0.29564380645751953,0.29564380645751953,-4.448351860046387,0.3637299450346324,-4.894932581767762,0.9151420498208824,20.0,1.0
4.928,0.29144763946533203,0.29144763946533203,-4.334066390991211,0.3588332175190111,-4.898498285119672,0.7832796669451203,20.0,1.0
4.929,0.28687000274658203,0.28687000274658203,-4.448351860046387,0.3539329484643941,-4.902015642271152,0.8875951321314759,20.0,1.0
4.93,0.28191089630126953,0.28191089630126953,-4.800000190734863,0.3490291862344699,-4.905484618505824,1.2368813708930464,20.0,1.0
4.931,0.2777137756347656,0.2777137756347656,-3.9560441970825195,0.3441219792273835,-4.908905179589794,0.37530308934508305,20.0,1.0
4.932,0.2731361389160156,0.2731361389160156,-4.940659523010254,0.33921137587528705,-4.912277291761569,1.3498869704341132,20.0,1.0
4.933,0.2685585021972656,0.2685585021972656,-4.0,0.3342974246438615,-4.915600921738843,0.399177527193074,20.0,1.0
4.934,0.2639808654785156,0.2639808654785156,-5.046154022216797,0.32938017403181036,-4.918876036720235,1.4352641565624566,20.0,1.0
4.9350000000000005,0.2601661682128906,0.2601661682128906,-3.815384864807129,0.32445967257041775,-4.922102604379688,0.17915234757798304,20.0,1.0
4.936,0.2548255920410156,0.2548255920410156,-5.037363052368164,0.31953596882305213,-4.925280592874174,1.4062899951347205,20.0,1.0
4.937,0.2506294250488281,0.2506294250488281,-4.19340705871582,0.31460911138467046,-4.928409970837691,0.5445908145949756,20.0,1.0
4.938,0.24605178833007812,0.24605178833007812,-4.843955993652344,0.30967914888137793,-4.931490707382949,1.185012497295391,20.0,1.0
4.939,0.24185562133789062,0.24185562133789062,-4.149450302124023,0.30474612996990563,-4.934522772107982,0.4727377026563413,20.0,1.0
4.94,0.23689651489257812,0.23689651489257812,-4.808791160583496,0.2998101033371587,-4.937506135085556,1.1295567943895513,20.0,1.0
4.941,0.23231887817382812,0.23231887817382812,-4.69450569152832,0.2948711176997357,-4.940440766870012,1.0051097151764596,20.0,1.0
4.942,0.22812271118164062,0.22812271118164062,-4.219779968261719,0.2899292218034197,-4.9433266384994,0.5125835421978999,20.0,1.0
4.9430000000000005,0.22316360473632812,0.22316360473632812,-4.826374053955078,0.2849844644227336,-4.946163721489313,1.116627526193875,20.0,1.0
4.944,0.21934890747070312,0.21934890747070312,-4.360439300537109,0.2800368943604422,-4.94895198783928,0.6252470504926113,20.0,1.0
4.945,0.21400737762451172,0.21400737762451172,-5.019780158996582,0.2750865604470561,-4.951691410034016,1.2896724054134536,20.0,1.0
4.946,0.21019268035888672,0.21019268035888672,-3.9296703338623047,0.2701335115403753,-4.954381961032055,0.17410499646002076,20.0,1.0
4.947,0.20485210418701172,0.20485210418701172,-5.072527885437012,0.265177796524993,-4.957023614279649,1.3220181179169888,20.0,1.0
4.948,0.20065593719482422,0.20065593719482422,-4.105494499206543,0.2602194643118127,-4.959616343707026,0.3371486978392866,20.0,1.0
4.949,0.19607830047607422,0.19607830047607422,-4.843955993652344,0.2552585638375801,-4.9621601237223985,1.0654011371600631,20.0,1.0
4.95,0.19226360321044922,0.19226360321044922,-4.079120635986328,0.250295144064369,-4.9646549292213535,0.2750965238433698,20.0,1.0
4.9510000000000005,0.18730449676513672,0.18730449676513672,-4.905494689941406,0.24532925397913408,-4.967100735579294,1.0988890986420596,20.0,1.0
4.952,0.18234539031982422,0.18234539031982422,-4.703296661376953,0.2403609425932115,-4.96949751865742,0.894110188187279,20.0,1.0
4.953,0.17814922332763672,0.17814922332763672,-4.202198028564453,0.2353902589418203,-4.971845254802773,0.37517348604535217,20.0,1.0
4.954,0.17319011688232422,0.17319011688232422,-4.835165023803711,0.23041725208360708,-4.974143920843986,1.0055638069853825,20.0,1.0
4.955,0.16899394989013672,0.16899394989013672,-4.184615135192871,0.2254419711001334,-4.976393494092122,0.33718206530068295,20.0,1.0
4.956,0.16403484344482422,0.16403484344482422,-5.028571128845215,0.2204644650954195,-4.978593952344312,1.1785696095128086,20.0,1.0
4.957,0.16022014617919922,0.16022014617919922,-3.9384613037109375,0.2154847831954459,-4.980745273884679,0.06300877015119188,20.0,1.0
4.958,0.1548786163330078,0.1548786163330078,-5.142857551574707,0.2105029745476512,-4.982847437479236,1.2724972783883386,20.0,1.0
4.9590000000000005,0.1506824493408203,0.1506824493408203,-4.1670331954956055,0.2055190883204841,-4.984900422382836,0.2788655527060453,20.0,1.0
4.96,0.1461048126220703,0.1461048126220703,-4.870329856872559,0.20053317370288665,-4.986904208330969,0.9719928701579159,20.0,1.0
4.961,0.1415271759033203,0.1415271759033203,-4.254944801330566,0.19554527990382325,-4.988858775546461,0.34644810579416396,20.0,1.0
4.962,0.1369495391845703,0.1369495391845703,-4.764835357666016,0.19055545615179487,-4.9907641047426665,0.8461895922678402,20.0,1.0
4.963,0.1319904327392578,0.1319904327392578,-4.817582130432129,0.18556375169433897,-4.9926201771112915,0.8964283324224607,20.0,1.0
4.964,0.1281757354736328,0.1281757354736328,-4.210988998413086,0.18057021579756896,-4.9944269743331375,0.26445163055867127,20.0,1.0
4.965,0.12283515930175781,0.12283515930175781,-5.0813188552856445,0.17557489774567384,-4.996184478577646,1.1399291455863185,20.0,1.0
4.966,0.11863899230957031,0.11863899230957031,-4.158242225646973,0.17057784684041477,-4.997892672497628,0.19912664376623423,20.0,1.0
4.9670000000000005,0.11367988586425781,0.11367988586425781,-5.010989189147949,0.16557911240067524,-4.999551539234872,1.0494221806414257,20.0,1.0
4.968,0.10986518859863281,0.10986518859863281,-4.0439558029174805,0.16057874376194614,-5.001161062418774,0.057065843764973145,20.0,1.0
4.969,0.10452461242675781,0.10452461242675781,-5.019780158996582,0.15557679027583876,-5.002721226160702,1.038102489817499,20.0,1.0
4.97,0.09994697570800781,0.09994697570800781,-4.430768966674805,0.15057330130962587,-5.004232015063764,0.4390634636434023,20.0,1.0
4.971,0.09575080871582031,0.09575080871582031,-4.571428298950195,0.1455683262457123,-5.005693414217745,0.5620852353302899,20.0,1.0
4.972,0.0907907485961914,0.0907907485961914,-4.632966995239258,0.14056191448118702,-5.007105409197422,0.6212849037417482,20.0,1.0
4.973,0.0862131118774414,0.0862131118774414,-4.395604133605957,0.13555411542731857,-5.0084679860673305,0.3739562185361699,20.0,1.0
4.974,0.0816354751586914,0.0816354751586914,-4.949450492858887,0.13054497850905344,-5.009781131382233,0.9178594284838941,20.0,1.0
4.9750000000000005,0.0778207778930664,0.0778207778930664,-4.017582893371582,0.12553455316455076,-5.011044832180097,-0.03918643337882832,20.0,1.0
4.976,0.0724802017211914,0.0724802017211914,-5.116483688354492,0.12052288884469436,-5.0122590759877,1.0650783548368514,20.0,1.0
4.977,0.0679025650024414,0.0679025650024414,-4.19340705871582,0.11551003501257645,-5.013423850821795,0.13213260809672644,20.0,1.0
4.978,0.0633249282836914,0.0633249282836914,-5.002198219299316,0.11049604114305189,-5.01453914518644,0.9310813313000863,20.0,1.0
4.979,0.059128761291503906,0.059128761291503906,-4.158242225646973,0.10548095672220466,-5.015604948074781,0.06968118618620656,20.0,1.0
4.98,0.054169654846191406,0.054169654846191406,-4.843955993652344,0.10046483124689898,-5.0166212489659685,0.7532382727005267,20.0,1.0
4.981,0.049210548400878906,0.049210548400878906,-4.756044387817383,0.09544771422427384,-5.017588037829896,0.6631996664553859,20.0,1.0
4.982,0.045395851135253906,0.045395851135253906,-4.175824165344238,0.09042965517124028,-5.018505305127611,0.05799494093635449,20.0,1.0
4.9830000000000005,0.040055274963378906,0.040055274963378906,-4.949450492858887,0.08541070361401526,-5.019373041804215,0.8371860240673987,20.0,1.0
4.984,0.035859107971191406,0.035859107971191406,-4.210988998413086,0.08039090908763295,-5.020191239294483,0.08143378144743352,20.0,1.0
4.985,0.031281471252441406,0.031281471252441406,-4.967033386230469,0.0753703211354274,-5.020959889523965,0.8278504943662235,20.0,1.0
4.986,0.0274658203125,0.0274658203125,-4.0615386962890625,0.07034898930858613,-5.021678984906373,-0.1024769086955879,20.0,1.0
4.987,0.0225067138671875,0.0225067138671875,-4.870329856872559,0.06532696316561575,-5.022348518343719,0.7043863244974045,20.0,1.0
4.988,0.017547607421875,0.017547607421875,-4.483516693115234,0.060304292271895335,-5.022968483230418,0.315681906885223,20.0,1.0
4.989,0.0133514404296875,0.0133514404296875,-4.5010986328125,0.055281026199156015,-5.023538873445236,0.31615147475663385,20.0,1.0
4.99,0.0087738037109375,0.0087738037109375,-4.536263465881348,0.05025721452500597,-5.024059683358644,0.3418719988040734,20.0,1.0
4.9910000000000005,0.0041961669921875,0.0041961669921875,-4.474725723266602,0.045232906832435374,-5.024530907832897,0.27092961223866174,20.0,1.0
4.992,-0.000762939453125,-0.000762939453125,-4.931868553161621,0.040208152709341284,-5.024952542214756,0.7263378541961911,20.0,1.0
4.993,-0.00457763671875,-0.00457763671875,-4.09670352935791,0.03518300174800697,-5.025324582343684,-0.13340828365063429,20.0,1.0
4.994,-0.0095367431640625,-0.0095367431640625,-4.993406295776367,0.03015750354465503,-5.025647024547785,0.7616442054029324,20.0,1.0
4.995,-0.0141143798828125,-0.0141143798828125,-4.09670352935791,0.0251317076989125,-5.025919865643887,-0.14429458465147715,20.0,1.0
4.996,-0.0186920166015625,-0.0186920166015625,-4.975824356079102,0.0201056638133639,-5.026143102940159,0.7256348614374707,20.0,1.0
4.997,-0.0225067138671875,-0.0225067138671875,-3.9472522735595703,0.015079421493033294,-5.026316734235164,-0.32734175347117767,20.0,1.0
4.998,-0.0274658203125,-0.0274658203125,-4.993406295776367,0.010053030344894676,-5.0264407578117964,0.7173425511124643,20.0,1.0
4.999,-0.032044410705566406,-0.032044410705566406,-4.351648330688477,0.005026539977410811,-5.026490367486651,0.0665769768613701,20.0,1.0
