time_s,qpos,qpos_unshifted,qvel,qact,target_qvel,qtorque_cmd,kp,kd
0.0,0.01068115234375,0.01068115234375,0.0,0.0,3.1415874858795636,2.9813702007233136,15.0,1.0
0.001,0.01068115234375,0.01068115234375,0.008790969848632812,0.0031415874858795635,3.141571982779476,3.0196875400627867,15.0,1.0
0.002,0.01068115234375,0.01068115234375,-0.008790969848632812,0.006283143965558951,3.141525473632222,3.0843463178079893,15.0,1.0
0.003,0.01068115234375,0.01068115234375,0.03516578674316406,0.009424638433144006,3.1414479588968285,3.0874344634945743,15.0,1.0
0.004,0.01068115234375,0.01068115234375,0.0615386962890625,0.012566039883352607,3.141339439338335,3.1080740561433116,15.0,1.0
0.005,0.0110626220703125,0.0110626220703125,0.07032966613769531,0.015707317311820675,3.1411999160277837,3.140540678512711,15.0,1.0
0.006,0.0110626220703125,0.0110626220703125,0.11428642272949219,0.018848439715408175,3.141029390342215,3.143530232289158,15.0,1.0
0.007,0.0110626220703125,0.0110626220703125,0.11428642272949219,0.021989376092505106,3.1408278639646525,3.1904427515680496,15.0,1.0
0.008,0.011444091796875,0.011444091796875,0.14945030212402344,0.02513009544333748,3.140595338884072,3.196435091456986,15.0,1.0
0.009000000000000001,0.011444091796875,0.011444091796875,0.15824127197265625,0.028270566770273255,3.140331817395408,3.2344876700237255,15.0,1.0
0.01,0.011444091796875,0.011444091796875,0.15824127197265625,0.03141075907812829,3.1400373020995094,3.2812960393456523,15.0,1.0
0.011,0.0118255615234375,0.0118255615234375,0.1934070587158203,0.034550641374472266,3.1397117959031213,3.2871809349528225,15.0,1.0
0.012,0.01220703125,0.01220703125,0.22857093811035156,0.03769018266993454,3.139355302018867,3.2930316352075337,15.0,1.0
0.013000000000000001,0.01220703125,0.01220703125,0.24615478515625,0.04082935197851,3.138967823965185,3.3221478497365853,15.0,1.0
0.014,0.0125885009765625,0.0125885009765625,0.27252769470214844,0.0439681183178649,3.1385493655663304,3.336715930983718,15.0,1.0
0.015,0.012969970703125,0.012969970703125,0.23736190795898438,0.04710645070964266,3.138099930952322,3.4127852230911024,15.0,1.0
0.016,0.012969970703125,0.012969970703125,0.21977996826171875,0.050244318179769556,3.137619524558904,3.4769547684468534,15.0,1.0
0.017,0.0133514404296875,0.0133514404296875,0.20219802856445312,0.053381689758760474,3.137108151127485,3.5353638624991266,15.0,1.0
0.018000000000000002,0.0133514404296875,0.0133514404296875,0.1758251190185547,0.056518534482024534,3.136565815705115,3.608247107471616,15.0,1.0
0.019,0.01373291015625,0.01373291015625,0.1758251190185547,0.0596548213901707,3.1359925236444255,3.6489960731346813,15.0,1.0
0.02,0.01373291015625,0.01373291015625,0.15824127197265625,0.06279051952931337,3.1353882806035713,3.713011149226866,15.0,1.0
0.021,0.01373291015625,0.01373291015625,0.14945030212402344,0.06592559795137785,3.1347530925462053,3.7681931073490995,15.0,1.0
0.022,0.0141143798828125,0.0141143798828125,0.123077392578125,0.06906002571440578,3.134086965741382,3.835194260637156,15.0,1.0
0.023,0.0141143798828125,0.0141143798828125,0.1318683624267578,0.0721937718828606,3.133389906763469,3.8727124243374327,15.0,1.0
0.024,0.0141143798828125,0.0141143798828125,0.11428642272949219,0.07532680552793272,3.1326619224921757,3.9365618844394867,15.0,1.0
0.025,0.014495849609375,0.014495849609375,0.09670257568359375,0.07845909572784494,3.1319030201124107,3.994649136205866,15.0,1.0
0.026000000000000002,0.014495849609375,0.014495849609375,0.08791160583496094,0.08159061156815756,3.1311132071142467,4.049623030661024,15.0,1.0
0.027,0.014495849609375,0.014495849609375,0.09670257568359375,0.08472132214207344,3.1302924912928063,4.086972003599689,15.0,1.0
0.028,0.014495849609375,0.014495849609375,0.11428642272949219,0.08785119655074317,3.1294408807482412,4.115484662139272,15.0,1.0
0.029,0.0148773193359375,0.0148773193359375,0.11428642272949219,0.09098020390356992,3.1285583838855757,4.15581522967057,15.0,1.0
0.03,0.0148773193359375,0.0148773193359375,0.14065933227539062,0.09410831331851431,3.1276450094147066,4.175450586877968,15.0,1.0
0.031,0.0148773193359375,0.0148773193359375,0.14945030212402344,0.09723549392239932,3.1267007663502895,4.212623083023193,15.0,1.0
0.032,0.0152587890625,0.0152587890625,0.1846160888671875,0.1003617148512149,3.125725664011604,4.21765346197514,15.0,1.0
0.033,0.0152587890625,0.0152587890625,0.1934070587158203,0.10348694525042253,3.124719712022504,4.254734996125522,15.0,1.0
0.034,0.0156402587890625,0.0156402587890625,0.1846160888671875,0.10661115427525991,3.1236829203113743,4.303630263737148,15.0,1.0
0.035,0.0156402587890625,0.0156402587890625,0.1846160888671875,0.10973431109104528,3.1226152991108833,4.3494099947734375,15.0,1.0
0.036000000000000004,0.016021728515625,0.016021728515625,0.21977996826171875,0.1128563848734817,3.121516858958053,4.354256736064185,15.0,1.0
0.037,0.0164031982421875,0.0164031982421875,0.24615478515625,0.11597734480896137,3.120387610694017,4.367845024039375,15.0,1.0
0.038,0.0164031982421875,0.0164031982421875,0.2549457550048828,0.11909716009486973,3.11922756546403,4.404691238249381,15.0,1.0
0.039,0.01678466796875,0.01678466796875,0.27252769470214844,0.12221579993988943,3.1180367347172577,4.4269760195822005,15.0,1.0
0.04,0.0171661376953125,0.0171661376953125,0.2637367248535156,0.12533323356430426,3.1168151302067173,4.475584843388078,15.0,1.0
0.041,0.0171661376953125,0.0171661376953125,0.27252769470214844,0.12844943020030286,3.115562763989118,4.512284456861825,15.0,1.0
0.042,0.017547607421875,0.017547607421875,0.29010963439941406,0.1315643590922825,3.114279648424855,4.534421289081553,15.0,1.0
0.043000000000000003,0.0179290771484375,0.0179290771484375,0.29010963439941406,0.1346779894971526,3.1129657961777895,4.574089847009102,15.0,1.0
0.044,0.018310546875,0.018310546875,0.3164844512939453,0.13779029068463805,3.111621220215028,4.5873329260656535,15.0,1.0
0.045,0.0186920166015625,0.0186920166015625,0.34285736083984375,0.14090123193758267,3.1102459338070503,4.600526803007509,15.0,1.0
0.046,0.019073486328125,0.019073486328125,0.39560508728027344,0.14401078255225216,3.1088399505273543,4.587294306608989,15.0,1.0
0.047,0.0194549560546875,0.0194549560546875,0.40439605712890625,0.14711891183863737,3.107403284252456,4.617966563882797,15.0,1.0
0.048,0.01983642578125,0.01983642578125,0.39560508728027344,0.15022558912075706,3.1059359491616334,4.666168311973966,15.0,1.0
0.049,0.0202178955078125,0.0202178955078125,0.39560508728027344,0.15333078373696063,3.1044379597368987,4.705526195893848,15.0,1.0
0.05,0.020599365234375,0.020599365234375,0.4835166931152344,0.15643446504023087,3.1029093307628273,4.656919134735431,15.0,1.0
0.051000000000000004,0.0209808349609375,0.0209808349609375,0.47472572326660156,0.1595366023984863,3.1013500773263587,4.704960865622989,15.0,1.0
0.052000000000000005,0.0217437744140625,0.0217437744140625,0.4483509063720703,0.1626371651948836,3.099760214816726,4.764810170156972,15.0,1.0
0.053,0.022125244140625,0.022125244140625,0.4307689666748047,0.1657361228281197,3.098139758925143,4.821533972562759,15.0,1.0
0.054,0.0225067138671875,0.0225067138671875,0.4307689666748047,0.16883344471273387,3.096488725644903,4.860620721653294,15.0,1.0
0.055,0.02288818359375,0.02288818359375,0.4219779968261719,0.17192910027940952,3.0948071312710823,4.908442884729803,15.0,1.0
0.056,0.0232696533203125,0.0232696533203125,0.4483509063720703,0.17502305897527604,3.09309499240031,4.921045170852693,15.0,1.0
0.057,0.023651123046875,0.023651123046875,0.4307689666748047,0.17811529026421014,3.0913523259306572,4.97754586751588,15.0,1.0
0.058,0.0240325927734375,0.0240325927734375,0.378021240234375,0.18120576362713736,3.089579149061578,5.069155471632701,15.0,1.0
0.059000000000000004,0.0244140625,0.0244140625,0.39560508728027344,0.18429444856233332,3.08777547929364,5.090376182948367,15.0,1.0
0.06,0.0247955322265625,0.0247955322265625,0.4219779968261719,0.1873813145857246,3.085941334428256,5.102750072989515,15.0,1.0
0.061,0.025177001953125,0.025177001953125,0.40439605712890625,0.19046633123118986,3.084076732567823,5.15902061460989,15.0,1.0
0.062,0.0255584716796875,0.0255584716796875,0.39560508728027344,0.19354946805086023,3.0821816921150997,5.206441550402417,15.0,1.0
0.063,0.0263214111328125,0.0263214111328125,0.41318702697753906,0.19663069461542007,3.08025623177339,5.221708457034964,15.0,1.0
0.064,0.026702880859375,0.026702880859375,0.45714378356933594,0.19970998051440703,3.0783003705462164,5.216263081802361,15.0,1.0
0.065,0.0270843505859375,0.0270843505859375,0.5186805725097656,0.2027872953565125,3.076314127737149,5.193177726786008,15.0,1.0
0.066,0.0278472900390625,0.0278472900390625,0.5802192687988281,0.20586260876988133,3.0742975229495926,5.164308035113047,15.0,1.0
0.067,0.028228759765625,0.028228759765625,0.5626373291015625,0.2089358904024117,3.0722505760866454,5.220220206536883,15.0,1.0
0.068,0.02899169921875,0.02899169921875,0.6505489349365234,0.21200710992205463,3.070173307350842,5.164855532963888,15.0,1.0
0.069,0.029754638671875,0.029754638671875,0.6945056915283203,0.21507623701711337,3.0680657372439697,5.153384020894225,15.0,1.0
0.07,0.0301361083984375,0.0301361083984375,0.6417579650878906,0.21814324139654256,3.0659278865668824,5.244276916450568,15.0,1.0
0.07100000000000001,0.0308990478515625,0.0308990478515625,0.6329669952392578,0.22120809279024714,3.063759776419303,5.285428455260314,15.0,1.0
0.07200000000000001,0.031662940979003906,0.031662940979003906,0.6329669952392578,0.2242707609493812,3.061561428199653,5.317711732516054,15.0,1.0
0.073,0.032044410705566406,0.032044410705566406,0.624176025390625,0.2273312156466464,3.059332863604695,5.36445891233027,15.0,1.0
0.074,0.032807350158691406,0.032807350158691406,0.5450553894042969,0.23038942667659057,3.0570741046294927,5.475749862993683,15.0,1.0
0.075,0.033188819885253906,0.033188819885253906,0.5890102386474609,0.2334453638559054,3.0547851735670406,5.469623094479352,15.0,1.0
0.076,0.033951759338378906,0.033951759338378906,0.5626373291015625,0.23649899702372468,3.0524660930082064,5.52803732918683,15.0,1.0
0.077,0.034333229064941406,0.034333229064941406,0.5626373291015625,0.23955029604192182,3.050116885841362,5.565735561394506,15.0,1.0
0.078,0.035096168518066406,0.035096168518066406,0.6153850555419922,0.2425992307954074,3.047737575252256,5.544898453870379,15.0,1.0
0.079,0.035859107971191406,0.035859107971191406,0.7208786010742188,0.24564577119242634,3.045328184723701,5.471249531968006,15.0,1.0
0.08,0.036622047424316406,0.036622047424316406,0.74725341796875,0.2486898871648548,3.0428887380353586,5.476652916174684,15.0,1.0
0.081,0.037384986877441406,0.037384986877441406,0.7999992370605469,0.25173154866849706,3.040419259263672,5.455618449068959,15.0,1.0
0.082,0.038147926330566406,0.038147926330566406,0.8175830841064453,0.25477072568338216,3.037919772781393,5.469678678967185,15.0,1.0
0.083,0.038910865783691406,0.038910865783691406,0.7384624481201172,0.25780738821405985,3.035390303257401,5.580375691592811,15.0,1.0
0.084,0.039673805236816406,0.039673805236816406,0.7384624481201172,0.26084150628989694,3.0328308756565434,5.611883943332634,15.0,1.0
0.085,0.040436744689941406,0.040436744689941406,0.7032966613769531,0.2638730499653729,3.0302415152392825,5.678489432993802,15.0,1.0
0.08600000000000001,0.040818214416503906,0.040818214416503906,0.6065940856933594,0.26690198932037557,3.027622247561709,5.812284785426424,15.0,1.0
0.08700000000000001,0.041581153869628906,0.041581153869628906,0.6593399047851562,0.2699282944604964,3.0249730984748453,5.790840302552701,15.0,1.0
0.088,0.042344093322753906,0.042344093322753906,0.6329669952392578,0.27295193551732516,3.0222940941246463,5.848444731803957,15.0,1.0
0.089,0.042725563049316406,0.042725563049316406,0.6681327819824219,0.2759728826487457,3.0195852609520557,5.850162272961073,15.0,1.0
0.09,0.043488502502441406,0.043488502502441406,0.7648353576660156,0.2789911060392293,3.0168466256918407,5.784550321077643,15.0,1.0
0.091,0.044632911682128906,0.044632911682128906,0.9318675994873047,0.2820065759001294,3.0140782153734165,5.642815579156119,15.0,1.0
0.092,0.045395851135253906,0.045395851135253906,0.9494514465332031,0.2850192624699761,3.0112800573198797,5.656179780807509,15.0,1.0
0.093,0.046540260314941406,0.046540260314941406,1.0197811126708984,0.28802913601476915,3.008452179147838,5.611004201974356,15.0,1.0
0.094,0.047303199768066406,0.047303199768066406,0.8791217803955078,0.2910361668282718,3.0055946087673817,5.782467334274955,15.0,1.0
0.095,0.048066139221191406,0.048066139221191406,0.8439559936523438,0.29404032523230395,3.0027073743815436,5.848364170895888,15.0,1.0
0.096,0.048829078674316406,0.048829078674316406,0.7648353576660156,0.2970415815770349,2.999790504486157,5.958142690360919,15.0,1.0
0.097,0.049592018127441406,0.049592018127441406,0.7560443878173828,0.30003990624127624,2.996844027869514,5.9975179617596535,15.0,1.0
0.098,0.050354957580566406,0.050354957580566406,0.7560443878173828,0.30303526963277394,2.9938679736122538,6.028028266577984,15.0,1.0
0.099,0.051117897033691406,0.051117897033691406,0.7912082672119141,0.30602764218850076,2.9908623710867346,6.023300281196961,15.0,1.0
0.1,0.052262306213378906,0.052262306213378906,0.9670333862304688,0.3090169943749474,2.9878272499570357,5.872114186150094,15.0,1.0
0.101,0.053406715393066406,0.053406715393066406,1.1164836883544922,0.31200329668841487,2.9847626401786727,5.747227671254407,15.0,1.0
0.10200000000000001,0.054551124572753906,0.054551124572753906,1.2219772338867188,0.3149865196553048,2.981668571998057,5.666222264349601,15.0,1.0
0.10300000000000001,0.055695533752441406,0.055695533752441406,1.0901107788085938,0.31796663383241097,2.9785450759523826,5.822500798343333,15.0,1.0
0.10400000000000001,0.056839942932128906,0.056839942932128906,1.0109882354736328,0.32094360980720954,2.9753921828692285,5.925958950521805,15.0,1.0
0.105,0.057602882385253906,0.057602882385253906,0.8527469635009766,0.3239174181981494,2.972209923866444,6.1141809975589005,15.0,1.0
0.106,0.058365821838378906,0.058365821838378906,0.8967037200927734,0.32688802965494246,2.968998330351752,6.100127727507432,15.0,1.0
0.107,0.059128761291503906,0.059128761291503906,0.8703289031982422,0.3298554148588529,2.9657574340220947,6.156328334334087,15.0,1.0
0.108,0.060273170471191406,0.060273170471191406,1.0285720825195312,0.3328195445229866,2.96248726686386,6.022110795121257,15.0,1.0
0.109,0.061417579650878906,0.061417579650878906,1.2307701110839844,0.33578038939258065,2.9591878611523725,5.843859896193914,15.0,1.0
0.11,0.0629434585571289,0.0629434585571289,1.3186817169189453,0.33873792024529137,2.9558592494513505,5.774094457854842,15.0,1.0
0.111,0.0640878677368164,0.0640878677368164,1.125274658203125,0.3416921078914833,2.9525014646128227,5.991290408729701,15.0,1.0
0.112,0.0648508071899414,0.0648508071899414,0.9934062957763672,0.34464292317451706,2.9491145397768435,6.152589983769111,15.0,1.0
0.113,0.0659952163696289,0.0659952163696289,0.8351650238037109,0.34759033697103703,2.945698508370981,6.334460293588392,15.0,1.0
0.114,0.0667581558227539,0.0667581558227539,0.8703289031982422,0.350534320191259,2.942253404110062,6.328566966439396,15.0,1.0
0.115,0.0675210952758789,0.0675210952758789,0.8791217803955078,0.35347484377925714,2.938779260995858,6.3489637081510235,15.0,1.0
0.116,0.0686655044555664,0.0686655044555664,1.0285720825195312,0.35641187871325075,2.935276113316746,6.22289964466248,15.0,1.0
0.117,0.0698099136352539,0.0698099136352539,1.2395610809326172,0.35934539600589066,2.93174399564748,6.035215150274414,15.0,1.0
0.11800000000000001,0.0713357925415039,0.0713357925415039,1.3450546264648438,0.3622753667045457,2.9281829428485935,5.947221928829377,15.0,1.0
0.11900000000000001,0.0724802017211914,0.0724802017211914,1.1868133544921875,0.3652017618915878,2.9245929900661736,6.128603038129932,15.0,1.0
0.12,0.0736246109008789,0.0736246109008789,1.0989017486572266,0.3681245526846779,2.9209741727316043,6.2395715508313625,15.0,1.0
0.121,0.0743875503540039,0.0743875503540039,0.9494514465332031,0.371043710237051,2.917326526561226,6.41771747827373,15.0,1.0
0.122,0.0755319595336914,0.0755319595336914,0.9846153259277344,0.3739592057378004,2.9136500875558227,6.405443454689723,15.0,1.0
0.123,0.0762948989868164,0.0762948989868164,1.0461540222167969,0.37687101041216264,2.9099448920003397,6.372432541163736,15.0,1.0
0.124,0.0778207778930664,0.0778207778930664,1.336263656616211,0.37977909552180106,2.9062109764635693,6.099322084278378,15.0,1.0
0.125,0.0793466567993164,0.0793466567993164,1.415384292602539,0.3826834323650898,2.9024483777977252,6.037115718681787,15.0,1.0
0.126,0.0804910659790039,0.0804910659790039,1.3186817169189453,0.38558399227739654,2.89865713313813,6.156369310695074,15.0,1.0
0.127,0.0816354751586914,0.0816354751586914,1.1780223846435547,0.38848074663136606,2.8948372799029585,6.319493967349524,15.0,1.0
0.128,0.0827798843383789,0.0827798843383789,1.0197811126708984,0.3913736668372024,2.8909888557924432,6.500114480603898,15.0,1.0
0.129,0.0839242935180664,0.0839242935180664,1.0549449920654297,0.39426272434295095,2.8871118987890725,6.487243369096911,15.0,1.0
0.13,0.0850687026977539,0.0850687026977539,1.1428565979003906,0.3971478906347806,2.88320644715688,6.42153766831189,15.0,1.0
0.131,0.0862131118774414,0.0862131118774414,1.459341049194336,0.40002913723726474,2.8792725394410184,6.127171870644032,15.0,1.0
0.132,0.0881204605102539,0.0881204605102539,1.582418441772461,0.40290643571366264,2.875310214467646,6.0146814007463165,15.0,1.0
0.133,0.0892648696899414,0.0892648696899414,1.3626365661621094,0.4057797576662,2.871319511343188,6.256406264824958,15.0,1.0
0.134,0.0904092788696289,0.0904092788696289,1.213186264038086,0.40864907473634904,2.867300469454392,6.427711143417108,15.0,1.0
0.135,0.0915536880493164,0.0915536880493164,1.1780223846435547,0.4115143586051088,2.863253128467562,6.484640802160894,15.0,1.0
0.136,0.0930795669555664,0.0930795669555664,1.2307701110839844,0.41437558099328414,2.859177528328246,6.447847627810027,15.0,1.0
0.137,0.09460639953613281,0.09460639953613281,1.5648345947265625,0.4172327136617653,2.8550737092610348,6.129633826418959,15.0,1.0
0.138,0.09613227844238281,0.09613227844238281,1.6439552307128906,0.42008572841180625,2.8509417117689964,6.066288230597458,15.0,1.0
0.139,0.09765815734863281,0.09765815734863281,1.3802204132080078,0.4229345970853033,2.846781576633248,6.345707759475297,15.0,1.0
0.14,0.09880256652832031,0.09880256652832031,1.2395610809326172,0.4257792915650727,2.8425933449125296,6.507683139531198,15.0,1.0
0.14100000000000001,0.09994697570800781,0.09994697570800781,1.1428565979003906,0.4286197837751284,2.8383770579431484,6.625612581049566,15.0,1.0
0.14200000000000002,0.10109138488769531,0.10109138488769531,1.1780223846435547,0.431456045680959,2.834132757338125,6.611580284593526,15.0,1.0
0.14300000000000002,0.10261726379394531,0.10261726379394531,1.5032958984375,0.43428804928980463,2.8298604849869378,6.3016263689873275,15.0,1.0
0.14400000000000002,0.10414314270019531,0.10414314270019531,1.6527481079101562,0.43711576665093294,2.825560283055239,6.167401534406147,15.0,1.0
0.145,0.10566902160644531,0.10566902160644531,1.4681320190429688,0.4399391698559151,2.821232193984315,6.367152398683393,15.0,1.0
0.146,0.10681343078613281,0.10681343078613281,1.2835159301757812,0.44275823103890144,2.8168762604905737,6.572532334106322,15.0,1.0
0.147,0.10833930969238281,0.10833930969238281,1.1868133544921875,0.4455729223768963,2.8124925255654034,6.684183361340918,15.0,1.0
0.148,0.10948371887207031,0.10948371887207031,1.2659339904785156,0.44838321609003223,2.8080810324743766,6.62563950026529,15.0,1.0
0.149,0.11100959777832031,0.11100959777832031,1.6527481079101562,0.451189084441845,2.80364182475725,6.253586016799964,15.0,1.0
0.15,0.11291694641113281,0.11291694641113281,1.7582416534423828,0.45399049973954675,2.7991749462272253,6.1570365927110515,15.0,1.0
0.151,0.11444282531738281,0.11444282531738281,1.4769229888916016,0.45678743433429947,2.7946804409705237,6.452926587332672,15.0,1.0
0.152,0.11558723449707031,0.11558723449707031,1.2835159301757812,0.4595798606214878,2.790158353346129,6.666531815036611,15.0,1.0
0.153,0.11673164367675781,0.11673164367675781,1.292306900024414,0.46236775104099176,2.785608727985249,6.677843438424344,15.0,1.0
0.154,0.11825752258300781,0.11825752258300781,1.3802204132080078,0.4651510780774583,2.78103160979083,6.60421452899958,15.0,1.0
0.155,0.12016487121582031,0.12016487121582031,1.7846145629882812,0.4679298142605734,2.7764270439371046,6.2082866266201195,15.0,1.0
0.156,0.12169075012207031,0.12169075012207031,1.7758235931396484,0.4707039321653325,2.7717950758693632,6.231169213378648,15.0,1.0
0.157,0.12321662902832031,0.12321662902832031,1.5296707153320312,0.4734734044123121,2.7671357513032717,6.491316666731118,15.0,1.0
0.158,0.12474250793457031,0.12474250793457031,1.3890113830566406,0.47623820366793906,2.7624491162244453,6.645873169168336,15.0,1.0
0.159,0.1262683868408203,0.1262683868408203,1.4769229888916016,0.478998302644761,2.7577352168881077,6.571760965055617,15.0,1.0
0.16,0.1281757354736328,0.1281757354736328,1.9252738952636719,0.4817536741017153,2.7529940998184372,6.131389283976003,15.0,1.0
0.161,0.1300830841064453,0.1300830841064453,1.9252738952636719,0.4845042908443979,2.7482258118084815,6.139270017614098,15.0,1.0
0.162,0.1316089630126953,0.1316089630126953,1.5560436248779297,0.4872501257253323,2.7434303999193332,6.522004215730958,15.0,1.0
0.163,0.1331348419189453,0.1331348419189453,1.371429443359375,0.48999115164423657,2.7386079114796473,6.720023113999641,15.0,1.0
0.164,0.1342792510986328,0.1342792510986328,1.4417591094970703,0.49272734154829156,2.7337583940854984,6.6687206413333096,15.0,1.0
0.165,0.1361865997314453,0.1361865997314453,1.8637371063232422,0.4954586684324076,2.7288818955996135,6.254225819790806,15.0,1.0
0.166,0.1384754180908203,0.1384754180908203,1.9692306518554688,0.4981851053394908,2.7239784641511164,6.150393121025704,15.0,1.0
0.167,0.1400012969970703,0.1400012969970703,1.6351642608642578,0.5009066253607098,2.7190481481349877,6.497463812725323,15.0,1.0
0.168,0.1415271759033203,0.1415271759033203,1.4417591094970703,0.5036232016357608,2.714090996211354,6.703772272700891,15.0,1.0
0.169,0.1430530548095703,0.1430530548095703,1.5472526550292969,0.5063348073531325,2.7091070573052605,6.611080690429397,15.0,1.0
0.17,0.1449604034423828,0.1449604034423828,1.9956035614013672,0.5090414157503713,2.704096380606188,6.169708003824649,15.0,1.0
0.171,0.1468677520751953,0.1468677520751953,1.9252738952636719,0.5117430001143449,2.6990590155675704,6.246913840891143,15.0,1.0
0.17200000000000001,0.1483936309814453,0.1483936309814453,1.5648345947265625,0.5144395337815064,2.6939950119061393,6.619848959180493,15.0,1.0
0.17300000000000001,0.1499195098876953,0.1499195098876953,1.3890113830566406,0.5171309901381572,2.688904419601556,6.808065240301844,15.0,1.0
0.17400000000000002,0.1514453887939453,0.1514453887939453,1.5472526550292969,0.5198173426207096,2.6837872888958145,6.6621139412679815,15.0,1.0
0.17500000000000002,0.1533527374267578,0.1533527374267578,2.0659332275390625,0.5224985647159488,2.67864367029307,6.149897852091872,15.0,1.0
0.176,0.1552600860595703,0.1552600860595703,1.960439682006836,0.5251746299612956,2.673473614558816,6.2617520910778595,15.0,1.0
0.177,0.15678691864013672,0.15678691864013672,1.5912094116210938,0.5278455119450663,2.668277172719229,6.64294666067208,15.0,1.0
0.178,0.15831279754638672,0.15831279754638672,1.5120887756347656,0.530511184306734,2.6630543960611135,6.733941421831558,15.0,1.0
0.179,0.16022014617919922,0.16022014617919922,1.8109893798828125,0.5331716207371886,2.6578053361312755,6.441088074618303,15.0,1.0
0.18,0.16250896453857422,0.16250896453857422,2.206592559814453,0.5358267949789967,2.6525300447357836,6.045704941527667,15.0,1.0
0.181,0.16441631317138672,0.16441631317138672,1.74945068359375,0.5384766808266601,2.6472285739395716,6.5086834051749225,15.0,1.0
0.182,0.16556072235107422,0.16556072235107422,1.4681320190429688,0.5411212521268758,2.641900976066097,6.807176903660151,15.0,1.0
0.183,0.16708660125732422,0.16708660125732422,1.5120887756347656,0.5437604827787924,2.636547303696659,6.774566750883916,15.0,1.0
0.184,0.16899394989013672,0.16899394989013672,1.8989009857177734,0.5463943467342691,2.631167609669717,6.39327257661393,15.0,1.0
0.185,0.17128276824951172,0.17128276824951172,2.1010990142822266,0.5490228179981318,2.625761947080548,6.190763679027622,15.0,1.0
0.186,0.17280864715576172,0.17280864715576172,1.74945068359375,0.5516458706284302,2.6203303692810778,6.5534380377773545,15.0,1.0
0.187,0.17471599578857422,0.17471599578857422,1.582418441772461,0.554263478736694,2.6148729298788567,6.725666732328193,15.0,1.0
0.188,0.17624187469482422,0.17624187469482422,1.6967029571533203,0.556875616488188,2.6093896827364915,6.622192852483627,15.0,1.0
0.189,0.17853069305419922,0.17853069305419922,2.241758346557617,0.559482258102167,2.6038806819713045,6.076395811133204,15.0,1.0
0.19,0.18043804168701172,0.18043804168701172,2.039560317993164,0.5620833778521306,2.598345981955049,6.283465706438668,15.0,1.0
0.191,0.18234539031982422,0.18234539031982422,1.6351642608642578,0.564678950066077,2.592785637313,6.692624772642534,15.0,1.0
0.192,0.18387126922607422,0.18387126922607422,1.6087913513183594,0.5672689491267565,2.5871997029233853,6.729373550115261,15.0,1.0
0.193,0.18577861785888672,0.18577861785888672,2.004396438598633,0.5698533494719238,2.5815882339171594,6.338312769514083,15.0,1.0
0.194,0.18806743621826172,0.18806743621826172,2.2769222259521484,0.5724321255945909,2.5759512856773767,6.064499400370166,15.0,1.0
0.195,0.18997478485107422,0.18997478485107422,1.916482925415039,0.5750052520432786,2.5702889138383966,6.429262996306423,15.0,1.0
0.196,0.19188213348388672,0.19188213348388672,1.7406597137451172,0.5775727034222676,2.5646011742854284,6.609300009616025,15.0,1.0
0.197,0.19378948211669922,0.19378948211669922,2.039560317993164,0.5801344543918494,2.5588881231542473,6.314502389288336,15.0,1.0
0.198,0.19607830047607422,0.19607830047607422,2.3560447692871094,0.5826904796685761,2.5531498168303415,5.99628773543076,15.0,1.0
0.199,0.19798564910888672,0.19798564910888672,1.9076919555664062,0.5852407540255101,2.5473863119485145,6.448520930131459,15.0,1.0
0.2,0.19951152801513672,0.19951152801513672,1.6439552307128906,0.5877852522924731,2.541597665392203,6.721748298839358,15.0,1.0
0.201,0.20141887664794922,0.20141887664794922,1.8549442291259766,0.5903239493562945,2.535783934293022,6.514415795792225,15.0,1.0
0.202,0.20370769500732422,0.20370769500732422,2.373626708984375,0.5928568201610592,2.5299451760301963,5.993555344351846,15.0,1.0
0.203,0.20599651336669922,0.20599651336669922,2.0307693481445312,0.595383839708355,2.524081448229765,6.33412199521007,15.0,1.0
0.20400000000000001,0.20752239227294922,0.20752239227294922,1.7318687438964844,0.5979049830575188,2.5181928087645247,6.6420629266365845,15.0,1.0
0.20500000000000002,0.20942974090576172,0.20942974090576172,1.8549442291259766,0.600420225325884,2.5122793157529486,6.522192352928807,15.0,1.0
0.20600000000000002,0.21210002899169922,0.21210002899169922,2.4263744354248047,0.6029295416890247,2.506341027558676,5.942409282593753,15.0,1.0
0.20700000000000002,0.21400737762451172,0.21400737762451172,2.083517074584961,0.6054329073810014,2.5003780027903986,6.2882438745527836,15.0,1.0
0.20800000000000002,0.21553325653076172,0.21553325653076172,1.6791210174560547,0.6079302976946055,2.4943903003006085,6.70122490030221,15.0,1.0
0.209,0.21744060516357422,0.21744060516357422,1.7582416534423828,0.6104216879816026,2.4883779791854863,6.624852568013528,15.0,1.0
0.21,0.21973037719726562,0.21973037719726562,2.3032970428466797,0.6129070536529764,2.4823410987843886,6.07669420277337,15.0,1.0
0.211,0.22201919555664062,0.22201919555664062,2.206592559814453,0.6153863701791714,2.4762797186789953,6.170194778202504,15.0,1.0
0.212,0.22354507446289062,0.22354507446289062,1.7670326232910156,0.6178596130903343,2.4701938986923437,6.617879354812984,15.0,1.0
0.213,0.22545242309570312,0.22545242309570312,1.7846145629882812,0.620326757976556,2.4640836988891124,6.602584159113625,15.0,1.0
0.214,0.22774124145507812,0.22774124145507812,2.373626708984375,0.6227877804881126,2.4579491795744843,6.010020556085626,15.0,1.0
0.215,0.23041152954101562,0.23041152954101562,2.364835739135742,0.6252426563357051,2.45179040129392,6.00942156407852,15.0,1.0
0.216,0.23193740844726562,0.23193740844726562,1.7406597137451172,0.6276913612907005,2.445607424832019,6.641257003738424,15.0,1.0
0.217,0.23384475708007812,0.23384475708007812,1.6967029571533203,0.6301338711853691,2.4394003112120117,6.6870340656380565,15.0,1.0
0.218,0.23575210571289062,0.23575210571289062,2.2153854370117188,0.6325701619131244,2.433169121695755,6.170054527687544,15.0,1.0
0.219,0.23842239379882812,0.23842239379882812,2.4087905883789062,0.6350002094287606,2.426913917782599,5.96679056385268,15.0,1.0
0.22,0.24032974243164062,0.24032974243164062,1.8989009857177734,0.6374239897486896,2.4206347612088734,6.4781474852468355,15.0,1.0
0.221,0.24185562133789062,0.24185562133789062,1.7846145629882812,0.6398414789511784,2.4143317139473766,6.599505015158412,15.0,1.0
0.222,0.24414443969726562,0.24414443969726562,2.259340286254883,0.6422526531765844,2.408004838206466,6.120287754141366,15.0,1.0
0.223,0.24681472778320312,0.24681472778320312,2.4879112243652344,0.6446574886275913,2.401654196429888,5.8813843847304765,15.0,1.0
0.224,0.24872207641601562,0.24872207641601562,1.872528076171875,0.6470559615694442,2.395279851296209,6.497760052425763,15.0,1.0
0.225,0.2502479553222656,0.2502479553222656,1.7318687438964844,0.6494480483301837,2.3888818657172806,6.6450145169395665,15.0,1.0
0.226,0.2525367736816406,0.2525367736816406,2.2153854370117188,0.6518337253008788,2.3824603028386946,6.156529140115548,15.0,1.0
0.227,0.2552070617675781,0.2552070617675781,2.540658950805664,0.6542129689358611,2.3760152260388736,5.820444882757455,15.0,1.0
0.228,0.2571144104003906,0.2571144104003906,2.0131874084472656,0.6565857557529565,2.369546698927934,6.348429470769156,15.0,1.0
0.229,0.2590217590332031,0.2590217590332031,1.8549442291259766,0.658952062333717,2.3630547853476855,6.507065105729416,15.0,1.0
0.23,0.2613105773925781,0.2613105773925781,2.3999996185302734,0.6613118653236518,2.356539549370723,5.9565592498065545,15.0,1.0
0.231,0.2639808654785156,0.2639808654785156,2.4703292846679688,0.6636651414324585,2.350001055299913,5.874935909941087,15.0,1.0
0.232,0.2658882141113281,0.2658882141113281,1.916482925415039,0.6660118674342517,2.3434393676673153,6.428811242096129,15.0,1.0
0.233,0.2677955627441406,0.2677955627441406,1.8285713195800781,0.668352020167793,2.3368545512341257,6.516630093008834,15.0,1.0
0.234,0.2700843811035156,0.2700843811035156,2.5142860412597656,0.67068557653672,2.330246670990107,5.824978561228407,15.0,1.0
0.23500000000000001,0.2727546691894531,0.2727546691894531,2.452747344970703,0.6730125135097733,2.323615792152225,5.874736111986325,15.0,1.0
0.23600000000000002,0.2746620178222656,0.2746620178222656,1.9516487121582031,0.6753328081210245,2.3169619801645354,6.375375122487715,15.0,1.0
0.23700000000000002,0.2765693664550781,0.2765693664550781,2.0307693481445312,0.6776464374701023,2.3102853006973874,6.2956720177782195,15.0,1.0
0.23800000000000002,0.2792396545410156,0.2792396545410156,2.7164840698242188,0.6799533787224192,2.3035858196470826,5.597807612543918,15.0,1.0
0.23900000000000002,0.28152942657470703,0.28152942657470703,2.2681312561035156,0.6822536091093965,2.2968636031347387,6.039595085051564,15.0,1.0
0.24,0.28343677520751953,0.28343677520751953,1.8197803497314453,0.6845471059286886,2.2901187175059476,6.486993328592039,15.0,1.0
0.241,0.28534412384033203,0.28534412384033203,2.136262893676758,0.6868338465444083,2.2833512293299805,6.1694341762143665,15.0,1.0
0.242,0.28801441192626953,0.28801441192626953,2.619779586791992,0.6891138083873485,2.276561205399048,5.67327256552324,15.0,1.0
0.243,0.29030323028564453,0.29030323028564453,2.1538467407226562,0.6913869689552065,2.2697487127281875,6.13215805204896,15.0,1.0
0.244,0.29221057891845703,0.29221057891845703,1.8989009857177734,0.6936533058128049,2.2629138185539546,6.3856537362514,15.0,1.0
0.245,0.29449939727783203,0.29449939727783203,2.4439563751220703,0.6959127965923143,2.2560565903338556,5.833301204929019,15.0,1.0
0.246,0.29716968536376953,0.29716968536376953,2.584615707397461,0.6981654189934726,2.249177095746006,5.679497392794092,15.0,1.0
0.247,0.29907703399658203,0.29907703399658203,1.960439682006836,0.7004111507838063,2.2422754026882785,6.301847472489807,15.0,1.0
0.248,0.30098438262939453,0.30098438262939453,1.8021984100341797,0.7026499697988492,2.2353515792775056,6.458136976785146,15.0,1.0
0.249,0.30327320098876953,0.30327320098876953,2.5142860412597656,0.7048818539423614,2.2284056938491403,5.738249446893252,15.0,1.0
0.25,0.30594348907470703,0.30594348907470703,2.5230770111083984,0.7071067811865475,2.221437814956232,5.71581018552544,15.0,1.0
0.251,0.30785083770751953,0.30785083770751953,1.9780216217041016,0.7093247295722739,2.2144480113689156,6.258534767636129,15.0,1.0
0.252,0.31013965606689453,0.31013965606689453,2.039560317993164,0.7115356772092853,2.207436352073728,6.188816351216426,15.0,1.0
0.253,0.31280994415283203,0.31280994415283203,2.6549453735351562,0.7137396022764213,2.2004029062728705,5.5594024045915535,15.0,1.0
0.254,0.31509876251220703,0.31509876251220703,2.25054931640625,0.7159364830218311,2.193347743383754,5.9553642346218645,15.0,1.0
0.255,0.31662464141845703,0.31662464141845703,1.8549442291259766,0.7181262977631888,2.1862709330379175,6.3538515490829175,15.0,1.0
0.256,0.31891345977783203,0.31891345977783203,2.171428680419922,0.7203090248879069,2.179172545080519,6.02867734131172,15.0,1.0
0.257,0.32158374786376953,0.32158374786376953,2.6109886169433594,0.7224846428533498,2.172052649569821,5.574577457470165,15.0,1.0
0.258,0.32387256622314453,0.32387256622314453,2.206592559814453,0.7246531301870466,2.164911316776511,5.970027216420588,15.0,1.0
0.259,0.32577991485595703,0.32577991485595703,1.9252738952636719,0.7268144654869029,2.1577486171825058,6.247992981383021,15.0,1.0
0.26,0.32806873321533203,0.32806873321533203,2.5142860412597656,0.7289686274214116,2.150564621480612,5.649776993312039,15.0,1.0
0.261,0.33073902130126953,0.33073902130126953,2.5318679809570312,0.7311155947298641,2.143359400574184,5.617140021046071,15.0,1.0
0.262,0.33264636993408203,0.33264636993408203,2.0131874084472656,0.73325534622256,2.136133025575873,6.132080261455776,15.0,1.0
0.263,0.33455371856689453,0.33455371856689453,1.9428577423095703,0.7353878607810158,2.1288855678070036,6.198539958709253,15.0,1.0
0.264,0.33722400665283203,0.33722400665283203,2.6109886169433594,0.7375131173581739,2.1216170987968894,5.514965142433659,15.0,1.0
0.265,0.33989429473876953,0.33989429473876953,2.4351654052734375,0.7396310949786097,2.1143276902826074,5.675214288606772,15.0,1.0
0.266,0.34180164337158203,0.34180164337158203,2.004396438598633,0.7417417727387392,2.1070174142076894,6.101722916116414,15.0,1.0
0.267,0.34409141540527344,0.34409141540527344,2.3208789825439453,0.743845129807025,2.0996863427214407,5.775113076203769,15.0,1.0
0.268,0.34676170349121094,0.34676170349121094,2.707693099975586,0.7459411454241821,2.092334548178769,5.372333077197751,15.0,1.0
0.269,0.34905052185058594,0.34905052185058594,2.171428680419922,0.7480297989033825,2.084962103138764,5.898222578510791,15.0,1.0
0.27,0.35095787048339844,0.35095787048339844,1.9252738952636719,0.7501110696304596,2.0775690803644125,6.1395931723066575,15.0,1.0
0.271,0.35324668884277344,0.35324668884277344,2.575824737548828,0.7521849370641114,2.0701555528220865,5.4784045385933275,15.0,1.0
0.272,0.35591697692871094,0.35591697692871094,2.584615707397461,0.7542513807361038,2.062721593680294,5.453121943393725,15.0,1.0
0.273,0.35820579528808594,0.35820579528808594,2.136262893676758,0.756310380251472,2.0552672763090527,5.890573157083086,15.0,1.0
0.274,0.36049461364746094,0.36049461364746094,2.285715103149414,0.7583619152887219,2.047792674279549,5.730087095749049,15.0,1.0
0.275,0.36316490173339844,0.36316490173339844,2.628570556640625,0.760405965600031,2.040297861363001,5.370343262721866,15.0,1.0
0.276,0.36545372009277344,0.36545372009277344,2.2681312561035156,0.7624425110114479,2.032782911530262,5.719483519206863,15.0,1.0
0.277,0.36736106872558594,0.36736106872558594,1.9868125915527344,0.7644715314230917,2.0252478989509655,5.995092247860817,15.0,1.0
0.278,0.36964988708496094,0.36964988708496094,2.4791202545166016,0.7664930068093498,2.0176928979925606,5.491219439341792,15.0,1.0
0.279,0.37232017517089844,0.37232017517089844,2.575824737548828,0.7685069172190767,2.010117983219743,5.377094376393589,15.0,1.0
0.28,0.37460899353027344,0.37460899353027344,2.1978015899658203,0.7705132427757893,2.002523229393887,5.743285378110804,15.0,1.0
0.281,0.37689781188964844,0.37689781188964844,2.241758346557617,0.7725119636778645,1.9949087114722488,5.687362641737872,15.0,1.0
0.28200000000000003,0.37956809997558594,0.37956809997558594,2.619779586791992,0.7745030601987338,1.9872745046070577,5.2915193211622835,15.0,1.0
0.28300000000000003,0.38147544860839844,0.38147544860839844,2.2329673767089844,0.7764865126870786,1.9796206841448338,5.671819268616051,15.0,1.0
0.28400000000000003,0.38376426696777344,0.38376426696777344,1.9956035614013672,0.7784623015670235,1.9719473256255355,5.896814283212919,15.0,1.0
0.28500000000000003,0.38605308532714844,0.38605308532714844,2.4087905883789062,0.7804304073383297,1.9642545047823319,5.471123746571145,15.0,1.0
0.28600000000000003,0.38872337341308594,0.38872337341308594,2.4967041015625,0.7823908105765881,1.9565422975402385,5.364849753430271,15.0,1.0
0.28700000000000003,0.39063072204589844,0.39063072204589844,2.118680953979492,0.7843434919334101,1.9488107800153784,5.7358213743485615,15.0,1.0
0.28800000000000003,0.39291954040527344,0.39291954040527344,2.1098899841308594,0.7862884321366189,1.9410600285150394,5.731703420354362,15.0,1.0
0.289,0.39558982849121094,0.39558982849121094,2.760438919067383,0.78822561199044,1.933290119535684,5.062387952956736,15.0,1.0
0.29,0.39787864685058594,0.39787864685058594,2.259340286254883,0.7901550123756903,1.9255011297635178,5.550306326385201,15.0,1.0
0.291,0.39978599548339844,0.39978599548339844,1.8637371063232422,0.792076614249967,1.9176931360725007,5.938315311247787,15.0,1.0
0.292,0.40207481384277344,0.40207481384277344,2.285715103149414,0.7939903986478353,1.9098662155244028,5.502884884450916,15.0,1.0
0.293,0.40474510192871094,0.40474510192871094,2.6549453735351562,0.7958963466810158,1.9020204453678389,5.1143437431172565,15.0,1.0
0.294,0.40665340423583984,0.40665340423583984,2.1450557708740234,0.797794439538571,1.8941559030373583,5.616215661704302,15.0,1.0
0.295,0.40894222259521484,0.40894222259521484,2.0131874084472656,0.7996846584870905,1.8862726661527631,5.734221796083632,15.0,1.0
0.296,0.41161251068115234,0.41161251068115234,2.742856979370117,0.8015669848708765,1.878370812518483,4.984830945994228,15.0,1.0
0.297,0.41390132904052734,0.41390132904052734,2.4439563751220703,0.8034414001121275,1.8704504201227223,5.269595111074654,15.0,1.0
0.298,0.41580867767333984,0.41580867767333984,1.9076919555664062,0.8053078857111219,1.86251156713638,5.797307732136704,15.0,1.0
0.299,0.41809749603271484,0.41809749603271484,2.171428680419922,0.8071664232464002,1.854554331912766,5.519159559698124,15.0,1.0
0.3,0.42076778411865234,0.42076778411865234,2.760438919067383,0.8090169943749475,1.846578792986577,4.909878027763621,15.0,1.0
0.301,0.42305660247802734,0.42305660247802734,2.259340286254883,0.8108595808323734,1.838585029073215,5.396289418133524,15.0,1.0
0.302,0.42496395111083984,0.42496395111083984,2.0571422576904297,0.812694164433094,1.8305731190679921,5.589384061211374,15.0,1.0
0.303,0.42763423919677734,0.42763423919677734,2.6549453735351562,0.8145207270705094,1.8225431420449922,4.970895086615816,15.0,1.0
0.304,0.43030452728271484,0.43030452728271484,2.549449920654297,0.8163392507171839,1.8144951772570153,5.055566108119755,15.0,1.0
0.305,0.43221187591552734,0.43221187591552734,2.0219783782958984,0.8181497174250234,1.8064293041341557,5.573518548480698,15.0,1.0
0.306,0.43450069427490234,0.43450069427490234,2.1450557708740234,0.8199521093254523,1.7983456022834048,5.43506105716763,15.0,1.0
0.307,0.43717098236083984,0.43717098236083984,2.786813735961914,0.8217464086295903,1.7902441514876273,4.77206180955697,15.0,1.0
0.308,0.43945980072021484,0.43945980072021484,2.2681312561035156,0.8235325976284275,1.782125031704652,5.275085729224325,15.0,1.0
0.309,0.44174861907958984,0.44174861907958984,2.0659332275390625,0.8253106586929996,1.773988323067158,5.461485689729241,15.0,1.0
0.31,0.44441890716552734,0.44441890716552734,2.6461544036865234,0.8270805742745618,1.765834105881197,4.859604708830191,15.0,1.0
0.311,0.44670772552490234,0.44670772552490234,2.549449920654297,0.8288423269047619,1.7576624606253972,4.940231560668994,15.0,1.0
0.312,0.44861507415771484,0.44861507415771484,1.9868125915527344,0.8305958991958126,1.749473467950736,5.492373251969467,15.0,1.0
0.313,0.45090389251708984,0.45090389251708984,2.127471923828125,0.8323412738406634,1.7412672086792895,5.335356004704767,15.0,1.0
0.314,0.45357418060302734,0.45357418060302734,2.760438919067383,0.8340784336131711,1.73304376380338,4.680168639888154,15.0,1.0
0.315,0.45586299896240234,0.45586299896240234,2.259340286254883,0.8358073613682702,1.7248032144852345,5.164628364318369,15.0,1.0
0.316,0.45777034759521484,0.45777034759521484,1.9780216217041016,0.8375280400421417,1.7165456420557348,5.434889407055535,15.0,1.0
0.317,0.46044063568115234,0.46044063568115234,2.4967041015625,0.8392404526523817,1.7082711280136778,4.893564281019618,15.0,1.0
0.318,0.46311092376708984,0.46311092376708984,2.6109886169433594,0.840944582298169,1.6999797540253212,4.75649601504815,15.0,1.0
0.319,0.46501827239990234,0.46501827239990234,2.004396438598633,0.8426404121604323,1.6916716019230194,5.351607259732336,15.0,1.0
0.32,0.46692562103271484,0.46692562103271484,2.004396438598633,0.8443279255020151,1.6833467537049387,5.339984882145809,15.0,1.0
0.321,0.46959686279296875,0.46959686279296875,2.575824737548828,0.8460071056678422,1.6750052915340348,4.745334197108308,15.0,1.0
0.322,0.47188568115234375,0.47188568115234375,2.3560447692871094,0.8476779360850831,1.6666472977371427,4.947486352441124,15.0,1.0
0.323,0.47379302978515625,0.47379302978515625,1.9956035614013672,0.8493404002633165,1.658272854804352,5.295879850575388,15.0,1.0
0.324,0.47608184814453125,0.47608184814453125,2.2329673767089844,0.8509944817946918,1.6498820453878693,5.040604173431293,15.0,1.0
0.325,0.47875213623046875,0.47875213623046875,2.707693099975586,0.8526401643540922,1.641474952301678,4.5421022741804435,15.0,1.0
0.326,0.48104095458984375,0.48104095458984375,2.0659332275390625,0.8542774316992952,1.633051658520401,5.16566558762311,15.0,1.0
0.327,0.48294830322265625,0.48294830322265625,1.837362289428711,0.855906267671133,1.6246122471785611,5.381619424477001,15.0,1.0
0.328,0.48523712158203125,0.48523712158203125,2.3560447692871094,0.8575266561936523,1.6161568015697299,4.8444550514569364,15.0,1.0
0.329,0.48752593994140625,0.48752593994140625,2.549449920654297,0.8591385812742725,1.6076854051456735,4.632425104484369,15.0,1.0
0.33,0.48981475830078125,0.48981475830078125,2.0307693481445312,0.8607420270039436,1.5991981415157852,5.132337823918689,15.0,1.0
0.331,0.49172210693359375,0.49172210693359375,2.039560317993164,0.862336977557304,1.5906950944457776,5.1103578358082675,15.0,1.0
0.332,0.49439239501953125,0.49439239501953125,2.672527313232422,0.8639234171928353,1.5821763478573985,4.452614367224537,15.0,1.0
0.333,0.49668121337890625,0.49668121337890625,2.338460922241211,0.8655013302530189,1.5736419858274076,4.767482816697886,15.0,1.0
0.334,0.49858856201171875,0.49858856201171875,1.8813190460205078,0.86707070116449,1.5650920925861556,5.211005133857217,15.0,1.0
0.335,0.5008773803710938,0.5008773803710938,2.0923080444335938,0.8686315144381912,1.5565267525178115,4.980530719090679,15.0,1.0
0.336,0.5035476684570312,0.5035476684570312,2.786813735961914,0.8701837546695257,1.5479460501588846,4.260673607384387,15.0,1.0
0.337,0.5058364868164062,0.5058364868164062,2.1802196502685547,0.8717274065385089,1.5393500701972584,4.847494215760244,15.0,1.0
0.338,0.5077438354492188,0.5077438354492188,1.916482925415039,0.8732624548099202,1.530738897471963,5.097035262467445,15.0,1.0
0.339,0.5100326538085938,0.5100326538085938,2.4967041015625,0.8747888843334528,1.5221126169717536,4.496751973282139,15.0,1.0
0.34,0.5127029418945312,0.5127029418945312,2.575824737548828,0.8763066800438637,1.5134713138344296,4.391702648525588,15.0,1.0
0.341,0.5146102905273438,0.5146102905273438,1.9252738952636719,0.8778158269611217,1.5048150733462649,5.027624224589262,15.0,1.0
0.342,0.5165176391601562,0.5165176391601562,1.9516487121582031,0.8793163101905562,1.4961439809409285,4.986475334238725,15.0,1.0
0.343,0.5191879272460938,0.5191879272460938,2.540658950805664,0.8808081149230036,1.4874581221985181,4.371101986546502,15.0,1.0
0.34400000000000003,0.5214767456054688,0.5214767456054688,2.382417678833008,0.8822912264349533,1.4787575828449349,4.508557116454195,15.0,1.0
0.34500000000000003,0.5233840942382812,0.5233840942382812,1.9692306518554688,0.8837656300886935,1.4700424487509736,4.906534834651688,15.0,1.0
0.34600000000000003,0.5256729125976562,0.5256729125976562,2.1010990142822266,0.8852313113324553,1.4613128059315272,4.753589772671286,15.0,1.0
0.34700000000000003,0.5283432006835938,0.5283432006835938,2.7164840698242188,0.8866882557005565,1.4525687405446774,4.111260495974901,15.0,1.0
0.34800000000000003,0.5302505493164062,0.5302505493164062,2.136262893676758,0.8881364488135446,1.443810338890728,4.675835937671045,15.0,1.0
0.34900000000000003,0.5321588516235352,0.5321588516235352,1.8021984100341797,0.889575876378338,1.4350376874115796,4.994094648699443,15.0,1.0
0.35000000000000003,0.5340662002563477,0.5340662002563477,2.0219783782958984,0.8910065241883678,1.4262508726899341,4.758377353374337,15.0,1.0
0.35100000000000003,0.5367364883422852,0.5367364883422852,2.5318679809570312,0.8924283781237179,1.4174499814480441,4.220960347212504,15.0,1.0
0.352,0.5390253067016602,0.5390253067016602,2.118680953979492,0.8938414241512637,1.4086351005468032,4.612195908311364,15.0,1.0
0.353,0.5409326553344727,0.5409326553344727,1.8637371063232422,0.8952456483248116,1.3998063169860302,4.850764105517872,15.0,1.0
0.354,0.5428400039672852,0.5428400039672852,2.1978015899658203,0.8966410367852358,1.3909637179019683,4.500177620205407,15.0,1.0
0.355,0.5455102920532227,0.5455102920532227,2.452747344970703,0.8980275757606155,1.382107390567569,4.2171193012077595,15.0,1.0
0.356,0.5474176406860352,0.5474176406860352,1.9340667724609375,0.899405251566371,1.3732374223912984,4.718984813135398,15.0,1.0
0.357,0.5489435195922852,0.5489435195922852,1.7230777740478516,0.9007740506053981,1.364353900915944,4.918734092064786,15.0,1.0
0.358,0.5512323379516602,0.5512323379516602,2.0923080444335938,0.9021339593682028,1.3554569138183865,4.526673190632933,15.0,1.0
0.359,0.5535211563110352,0.5535211563110352,2.417581558227539,0.9034849644330348,1.3465465489084067,4.178422112510863,15.0,1.0
0.36,0.5554285049438477,0.5554285049438477,1.9868125915527344,0.9048270524660196,1.3376228941274917,4.591788515407336,15.0,1.0
0.361,0.5573358535766602,0.5573358535766602,1.7758235931396484,0.9061602102212899,1.3286860375486071,4.785227794078405,15.0,1.0
0.362,0.5596246719360352,0.5596246719360352,2.171428680419922,0.9074844245411169,1.3197360673750609,4.366203676031365,15.0,1.0
0.363,0.5619134902954102,0.5619134902954102,2.4791202545166016,0.90879968235604,1.3107730719394226,4.034945698332269,15.0,1.0
0.364,0.5638208389282227,0.5638208389282227,1.9428577423095703,0.9101059706849957,1.3017971397026145,4.55321637374464,15.0,1.0
0.365,0.5657281875610352,0.5657281875610352,1.6879119873046875,0.9114032766354452,1.2928083592535131,4.790022708064976,15.0,1.0
0.366,0.5676355361938477,0.5676355361938477,2.074726104736328,0.9126915874035028,1.2838068193079835,4.384921482716482,15.0,1.0
0.367,0.5703058242797852,0.5703058242797852,2.452747344970703,0.9139708902740612,1.2747926087074006,3.977021253650838,15.0,1.0
0.368,0.5722131729125977,0.5722131729125977,1.9340667724609375,0.9152411726209175,1.2657658164184227,4.477119039582283,15.0,1.0
0.369,0.5737390518188477,0.5737390518188477,1.7318687438964844,0.916502421906898,1.2567265315317968,4.666308338956068,15.0,1.0
0.37,0.5760278701782227,0.5760278701782227,2.136262893676758,0.9177546256839811,1.2476748432616205,4.23731328217124,15.0,1.0
0.371,0.5786981582641602,0.5786981582641602,2.575824737548828,0.9189977715934213,1.2386108409446024,3.767280303334692,15.0,1.0
0.372,0.5806055068969727,0.5806055068969727,1.960439682006836,0.9202318473658703,1.2295346140385277,4.363490039065156,15.0,1.0
0.373,0.5821313858032227,0.5821313858032227,1.6175823211669922,0.9214568408214984,1.2204462521222013,4.692745756229344,15.0,1.0
0.374,0.5840387344360352,0.5840387344360352,1.8989009857177734,0.9226727398701148,1.211345844894197,4.391954940687618,15.0,1.0
0.375,0.5863275527954102,0.5863275527954102,2.4967041015625,0.9238795325112867,1.202233482171664,3.7688090763473125,15.0,1.0
0.376,0.5886163711547852,0.5886163711547852,2.0571422576904297,0.925077206834458,1.1931092538899293,4.182879531394593,15.0,1.0
0.377,0.5901422500610352,0.5901422500610352,1.714284896850586,0.9262657510190666,1.1839732501016442,4.51154086762153,15.0,1.0
0.378,0.5920495986938477,0.5920495986938477,1.8461532592773438,0.9274451533346614,1.1748255609753642,4.3596056213102266,15.0,1.0
0.379,0.5947208404541016,0.5947208404541016,2.4439563751220703,0.9286154021410173,1.1656662767949797,3.7301283269766463,15.0,1.0
0.38,0.5966281890869141,0.5966281890869141,2.0659332275390625,0.9297764858882513,1.1564954879591482,4.0877867124401455,15.0,1.0
0.381,0.5981540679931641,0.5981540679931641,1.626373291015625,0.9309283931169356,1.1473132849798162,4.512554870820765,15.0,1.0
0.382,0.5996799468994141,0.5996799468994141,1.582418441772461,0.932071112458211,1.138119758481423,4.541568800090915,15.0,1.0
0.383,0.6019687652587891,0.6019687652587891,2.1098899841308594,0.9332046326338985,1.1289149992005605,3.9875630256963426,15.0,1.0
0.384,0.6042575836181641,0.6042575836181641,2.241758346557617,0.934328942456612,1.1196990979844372,3.8290111340035393,15.0,1.0
0.385,0.6057834625244141,0.6057834625244141,1.8021984100341797,0.9354440308298674,1.1104721457901405,4.253182260337761,15.0,1.0
0.386,0.6076908111572266,0.6076908111572266,1.6175823211669922,0.9365498867481924,1.1012342336841243,4.4165380463816195,15.0,1.0
0.387,0.6095981597900391,0.6095981597900391,1.8901100158691406,0.9376464992972356,1.091985452840845,4.122600529579653,15.0,1.0
0.388,0.6118869781494141,0.6118869781494141,2.241758346557617,0.9387338576538741,1.0827258945420226,3.7436707405513054,15.0,1.0
0.389,0.6134128570556641,0.6134128570556641,1.8637371063232422,0.9398119510863197,1.0734556501756742,4.105704954312266,15.0,1.0
0.39,0.6149387359619141,0.6149387359619141,1.5208797454833984,0.9408807689542255,1.064174811235489,4.432425560636761,15.0,1.0
0.391,0.6164646148681641,0.6164646148681641,1.5032958984375,0.9419403007087906,1.0548834693195204,4.433722858491419,15.0,1.0
0.392,0.6187534332275391,0.6187534332275391,1.9780216217041016,0.9429905358928644,1.0455817161295613,3.93111663440534,15.0,1.0
0.393,0.6206607818603516,0.6206607818603516,2.1450557708740234,0.9440314641410498,1.0362696434701775,3.741774106806627,15.0,1.0
0.394,0.6225681304931641,0.6225681304931641,1.7406597137451172,0.9450630751798048,1.026947343247798,4.123711799802292,15.0,1.0
0.395,0.6240940093994141,0.6240940093994141,1.5120887756347656,0.9460853588275453,1.0176149074697491,4.335396373256952,15.0,1.0
0.396,0.6256198883056641,0.6256198883056641,1.6791210174560547,0.9470983049947443,1.0082724282433446,4.151327661123494,15.0,1.0
0.397,0.6279087066650391,0.6279087066650391,2.171428680419922,0.948101903684032,0.9989199977751468,3.6303892726401195,15.0,1.0
0.398,0.6298160552978516,0.6298160552978516,1.916482925415039,0.9490961449902946,0.9895577083698299,3.8622761283414366,15.0,1.0
0.399,0.6313419342041016,0.6313419342041016,1.538461685180664,0.9500810191007717,0.9801856524294408,4.222810240698829,15.0,1.0
0.4,0.6328678131103516,0.6328678131103516,1.4065933227539062,0.9510565162951535,0.9708039224524896,4.337041147470613,15.0,1.0
0.401,0.6343936920166016,0.6343936920166016,1.7318687438964844,0.9520226269456766,0.9614126110326993,3.9939778910723405,15.0,1.0
0.402,0.6366825103759766,0.6366825103759766,2.083517074584961,0.9529793415172189,0.952011810858437,3.6129472033921104,15.0,1.0
0.403,0.6382083892822266,0.6382083892822266,1.8637371063232422,0.9539266505673936,0.9426016147120322,3.814638427666295,15.0,1.0
0.404,0.6397342681884766,0.6397342681884766,1.5296707153320312,0.954864544746643,0.9331821154682984,4.130465548508763,15.0,1.0
0.405,0.6412601470947266,0.6412601470947266,1.4505500793457031,0.9557930147983301,0.9237534060937946,4.1911963423021446,15.0,1.0
0.406,0.6431674957275391,0.6431674957275391,1.8901100158691406,0.9567120515588305,0.9143155796460292,3.727373901246261,15.0,1.0
0.40700000000000003,0.6454563140869141,0.6454563140869141,2.127471923828125,0.9576216459576222,0.904868729272664,3.4598767835051616,15.0,1.0
0.40800000000000003,0.6469821929931641,0.6469821929931641,1.714284896850586,0.9585217890173758,0.8954129482103212,3.8542219917229117,15.0,1.0
0.40900000000000003,0.6485080718994141,0.6485080718994141,1.371429443359375,0.9594124718540429,0.8859483297836164,4.178084885743674,15.0,1.0
0.41000000000000003,0.6496524810791016,0.6496524810791016,1.3538455963134766,0.9602936856769431,0.8764749674045333,4.1822474400586795,15.0,1.0
0.41100000000000003,0.6515598297119141,0.6515598297119141,1.7582416534423828,0.9611654217888519,0.8669929545714012,3.7528351822830857,15.0,1.0
0.41200000000000003,0.6534671783447266,0.6534671783447266,2.0307693481445312,0.9620276715860859,0.8575023848678711,3.45514043534373,15.0,1.0
0.41300000000000003,0.6553745269775391,0.6553745269775391,1.7670326232910156,0.9628804265585876,0.8480033519618928,3.6935592223866056,15.0,1.0
0.41400000000000003,0.6569013595581055,0.6569013595581055,1.4241752624511719,0.9637236782900097,0.8384959496052034,4.016655468132595,15.0,1.0
0.41500000000000004,0.658045768737793,0.658045768737793,1.3626365661621094,0.9645574184577981,0.8289802716320764,4.0640184512700435,15.0,1.0
0.41600000000000004,0.6599531173706055,0.6599531173706055,1.7230777740478516,0.9653816388332739,0.8194564119583561,3.6778064598505305,15.0,1.0
0.417,0.661860466003418,0.661860466003418,1.9340667724609375,0.9661963312817147,0.809924464580547,3.4408956712940597,15.0,1.0
0.418,0.663386344909668,0.663386344909668,1.661539077758789,0.967001487762435,0.8003845235753602,3.693072588608077,15.0,1.0
0.419,0.664912223815918,0.664912223815918,1.3538455963134766,0.9677971003288655,0.790836683098064,3.9802642344788,15.0,1.0
0.42,0.6660566329956055,0.6660566329956055,1.24835205078125,0.9685831611286311,0.7812810373819161,4.07082690859605,15.0,1.0
0.421,0.6675825119018555,0.6675825119018555,1.4857139587402344,0.9693596624036293,0.7717176807373676,3.8126609795237396,15.0,1.0
0.422,0.669489860534668,0.669489860534668,1.8021984100341797,0.9701265964901058,0.762146707550869,3.4694993368482567,15.0,1.0
0.423,0.671015739440918,0.671015739440918,1.7054939270019531,0.970883955818731,0.752568212284018,3.54509753094926,15.0,1.0
0.424,0.672541618347168,0.672541618347168,1.4417591094970703,0.9716317329146739,0.7429822894727636,3.7875748984882813,15.0,1.0
0.425,0.6736860275268555,0.6736860275268555,1.3186817169189453,0.9723699203976766,0.7333890337263256,3.8949657098696964,15.0,1.0
0.426,0.6752119064331055,0.6752119064331055,1.3010997772216797,0.9730985109821265,0.7237885397261721,3.8909878307398085,15.0,1.0
0.427,0.6767377853393555,0.6767377853393555,1.6439552307128906,0.9738174974771289,0.7141809022253369,3.526421353579047,15.0,1.0
0.428,0.678645133972168,0.678645133972168,1.7582416534423828,0.9745268727865771,0.704566216047283,3.3845506448210374,15.0,1.0
0.429,0.680171012878418,0.680171012878418,1.538461685180664,0.9752266299092234,0.6949445760850494,3.5823171463664663,15.0,1.0
0.43,0.6813154220581055,0.6813154220581055,1.2395610809326172,0.9759167619387473,0.6853160773005698,3.8647750945775803,15.0,1.0
0.431,0.682459831237793,0.682459831237793,1.160440444946289,0.9765972620638246,0.67568081472308,3.927301832167265,15.0,1.0
0.432,0.6836042404174805,0.6836042404174805,1.2571430206298828,0.9772681235681935,0.6660388834486071,3.8138541100794194,15.0,1.0
0.433,0.6851301193237305,0.6851301193237305,1.5120887756347656,0.9779293398307218,0.6563903786392871,3.5362899106093924,15.0,1.0
0.434,0.687037467956543,0.687037467956543,1.6351642608642578,0.9785809043254721,0.6467353955220005,3.384722680191679,15.0,1.0
0.435,0.6881818771362305,0.6881818771362305,1.459341049194336,0.9792228106217657,0.6370740293874064,3.5433469824761,15.0,1.0
0.436,0.6897077560424805,0.6897077560424805,1.213186264038086,0.9798550523842469,0.6274063755893167,3.7664295566777266,15.0,1.0
0.437,0.690852165222168,0.690852165222168,1.160440444946289,0.9804776233729444,0.6177325295436162,3.8016739568589735,15.0,1.0
0.438,0.6919965744018555,0.6919965744018555,1.1956043243408203,0.9810905174433341,0.6080525867271831,3.7488574080085417,15.0,1.0
0.439,0.6935224533081055,0.6935224533081055,1.459341049194336,0.9816937285463988,0.5983666426772629,3.4615947220573267,15.0,1.0
0.44,0.6950483322143555,0.6950483322143555,1.5912094116210938,0.9822872507286886,0.5886747929902185,3.3060491590841217,15.0,1.0
0.441,0.696192741394043,0.696192741394043,1.3538455963134766,0.9828710781323792,0.5789771333205636,3.52530658808213,15.0,1.0
0.442,0.6973371505737305,0.6973371505737305,1.1516475677490234,0.9834452049953297,0.5692737593802235,3.709247007955189,15.0,1.0
0.443,0.698481559753418,0.698481559753418,1.0725269317626953,0.9840096256511397,0.5595647669377968,3.769958823640927,15.0,1.0
0.444,0.6996259689331055,0.6996259689331055,1.002197265625,0.9845643345292053,0.5498502518171335,3.821728470133632,15.0,1.0
0.445,0.700770378112793,0.700770378112793,1.1868133544921875,0.985109326154774,0.5401303098963695,3.618401176033897,15.0,1.0
0.446,0.702296257019043,0.702296257019043,1.4065933227539062,0.985644595148998,0.5304050371074709,3.3740367863028906,15.0,1.0
0.447,0.7034406661987305,0.7034406661987305,1.415384292602539,0.9861701362289889,0.5206745294349844,3.3462322872863215,15.0,1.0
0.448,0.7049665451049805,0.7049665451049805,1.3450546264648438,0.986685944207868,0.5109388829151271,3.391675242993597,15.0,1.0
0.449,0.706110954284668,0.706110954284668,1.1164836883544922,0.9871920139948192,0.5011981936348775,3.6009304009326533,15.0,1.0
0.45,0.7072553634643555,0.7072553634643555,1.0901107788085938,0.9876883405951378,0.4914525577307245,3.607836435883865,15.0,1.0
0.451,0.7080183029174805,0.7080183029174805,1.037363052368164,0.9881749191102805,0.48170207138815613,3.6466882619119936,15.0,1.0
0.452,0.7095441818237305,0.7095441818237305,1.2395610809326172,0.9886517447379141,0.4719468308405794,3.4189991936207162,15.0,1.0
0.453,0.710688591003418,0.710688591003418,1.336263656616211,0.9891188127719618,0.4621869323684109,3.302376602280357,15.0,1.0
0.454,0.7118330001831055,0.7118330001831055,1.3098907470703125,0.9895761186026509,0.4524224722978829,3.3086785015207525,15.0,1.0
0.455,0.7133588790893555,0.7133588790893555,1.1868133544921875,0.9900236577165575,0.44265354700013404,3.4058118719159776,15.0,1.0
0.456,0.7141218185424805,0.7141218185424805,1.0285720825195312,0.9904614256966512,0.43288025289058396,3.5494022776836136,15.0,1.0
0.457,0.715266227722168,0.715266227722168,0.9846153259277344,0.9908894182223387,0.4231026864276828,3.572835218002509,15.0,1.0
0.458,0.716029167175293,0.716029167175293,0.9230766296386719,0.9913076310695066,0.4133209441121153,3.6194212728866475,15.0,1.0
0.459,0.7171735763549805,0.7171735763549805,1.0549449920654297,0.9917160601105629,0.40353512248566403,3.4667273867539707,15.0,1.0
0.46,0.718317985534668,0.718317985534668,1.1340656280517578,0.9921147013144779,0.3937453181304136,3.3666304267758047,15.0,1.0
0.461,0.7194633483886719,0.7194633483886719,1.2571430206298828,0.9925035507468237,0.3839516276678978,3.222411642410293,15.0,1.0
0.462,0.7206077575683594,0.7206077575683594,1.1340656280517578,0.9928826045698137,0.37415414775779254,3.3242112247278497,15.0,1.0
0.463,0.7217521667480469,0.7217521667480469,1.0989017486572266,0.9932518590423394,0.3643529750973471,3.337946610854508,15.0,1.0
0.464,0.7228965759277344,0.7228965759277344,0.9318675994873047,0.9936113105200084,0.3545482064201906,3.483401625816996,15.0,1.0
0.465,0.7236595153808594,0.7236595153808594,0.8967037200927734,0.9939609554551797,0.34473993849525186,3.5025578195172837,15.0,1.0
0.466,0.7244224548339844,0.7244224548339844,0.8527469635009766,0.9943007903969989,0.33492826812630483,3.530356338070547,15.0,1.0
0.467,0.7255668640136719,0.7255668640136719,0.9494514465332031,0.9946308119914323,0.325113292150661,3.4116210652838648,15.0,1.0
0.468,0.7263298034667969,0.7263298034667969,1.037363052368164,0.9949510169813002,0.31529510743797573,3.307250257787361,15.0,1.0
0.46900000000000003,0.7274742126464844,0.7274742126464844,1.1076927185058594,0.9952614022063083,0.3054738108899073,3.214588935781407,15.0,1.0
0.47000000000000003,0.7286186218261719,0.7286186218261719,1.002197265625,0.99556196460308,0.2956494994386958,3.297602375467317,15.0,1.0
0.47100000000000003,0.7293815612792969,0.7293815612792969,0.9406585693359375,0.9958527012051857,0.2858222700462534,3.3422307995986476,15.0,1.0
0.47200000000000003,0.7305259704589844,0.7305259704589844,0.8439559936523438,0.9961336091431725,0.27599221970336885,3.416150806313847,15.0,1.0
0.47300000000000003,0.7312889099121094,0.7312889099121094,0.7824172973632812,0.9964046856445924,0.2661594454286842,3.4604787840526483,15.0,1.0
0.47400000000000003,0.7320518493652344,0.7320518493652344,0.7648353576660156,0.9966659280340299,0.2563240442677852,3.460699866633702,15.0,1.0
0.47500000000000003,0.7328147888183594,0.7328147888183594,0.7296695709228516,0.996917333733128,0.24648611329200776,3.478354716090685,15.0,1.0
0.47600000000000003,0.7335777282714844,0.7335777282714844,0.8175830841064453,0.9971589002606139,0.23664574959786933,3.3727802453283675,15.0,1.0
0.47700000000000004,0.7343406677246094,0.7343406677246094,0.9406585693359375,0.9973906252323237,0.22680305030564796,3.231893843585425,15.0,1.0
0.47800000000000004,0.7354850769042969,0.7354850769042969,0.9494514465332031,0.9976125063612252,0.21695811255887065,3.199418107879593,15.0,1.0
0.47900000000000004,0.7362480163574219,0.7362480163574219,0.9494514465332031,0.9978245414574415,0.2071110335232902,3.181307463490381,15.0,1.0
0.48,0.7370109558105469,0.7370109558105469,0.8703289031982422,0.9980267284282716,0.19726191038506613,3.242169596452694,15.0,1.0
0.481,0.7381553649902344,0.7381553649902344,0.8263740539550781,0.9982190652782118,0.18741084035173117,3.2619922907163144,15.0,1.0
0.482,0.7385368347167969,0.7385368347167969,0.7120876312255859,0.998401550108975,0.17755792064895104,3.363441020306037,15.0,1.0
0.483,0.7392997741699219,0.7392997741699219,0.6769237518310547,0.9985741811195097,0.16770324852120666,3.379895600933969,15.0,1.0
0.484,0.7400627136230469,0.7400627136230469,0.6769237518310547,0.9987369566060175,0.15784692123014565,3.3610368141436497,15.0,1.0
0.485,0.7408256530761719,0.7408256530761719,0.6505489349365234,0.99888987496197,0.14798903605361602,3.3684034294040646,15.0,1.0
0.486,0.7415885925292969,0.7415885925292969,0.6769237518310547,0.9990329346781247,0.13812969028504085,3.3228710706864035,15.0,1.0
0.487,0.7423515319824219,0.7423515319824219,0.8087921142578125,0.9991661343425401,0.12826898123228148,3.1716959023762423,15.0,1.0
0.488,0.7431144714355469,0.7431144714355469,0.7912082672119141,0.9992894726405892,0.11840700621638689,3.169823757080108,15.0,1.0
0.489,0.7438774108886719,0.7438774108886719,0.8967037200927734,0.9994029483549729,0.10854386257119586,3.0447232044729375,15.0,1.0
0.49,0.7446403503417969,0.7446403503417969,0.7560443878173828,0.9995065603657316,0.09867964764185899,3.165628410183497,15.0,1.0
0.491,0.7454032897949219,0.7454032897949219,0.7032966613769531,0.9996003076502565,0.08881445878415661,3.1984730652372235,15.0,1.0
0.492,0.7461662292480469,0.7461662292480469,0.6417579650878906,0.9996841892832999,0.07894839336370296,3.2399598288046083,15.0,1.0
0.493,0.7465476989746094,0.7465476989746094,0.5978031158447266,0.999758204436984,0.0690815487545251,3.2694360148454185,15.0,1.0
0.494,0.7469291687011719,0.7469291687011719,0.4923076629638672,0.999822352380809,0.05921402233832396,3.360304114569013,15.0,1.0
0.495,0.7476921081542969,0.7476921081542969,0.5010986328125,0.9998766324816606,0.04934591150356482,3.3310151436015207,15.0,1.0
0.496,0.7480735778808594,0.7480735778808594,0.4923076629638672,0.9999210442038161,0.0394773136446247,3.3248816455251085,15.0,1.0
0.497,0.7484550476074219,0.7484550476074219,0.46593475341796875,0.9999555871089498,0.02960832616048492,3.3361816652654355,15.0,1.0
0.498,0.7488365173339844,0.7488365173339844,0.46593475341796875,0.9999802608561371,0.01973904645416269,3.320960445868485,15.0,1.0
0.499,0.7495994567871094,0.7495994567871094,0.4835166931152344,0.9999950652018582,0.009869571931460541,3.2822870050374586,15.0,1.0
0.5,0.7499809265136719,0.7499809265136719,0.5362644195556641,1.0,0.0,3.214021682739258,15.0,1.0
0.501,0.7507438659667969,0.7507438659667969,0.5802192687988281,0.9999950652018582,-0.009869571931460541,3.1486791477956313,15.0,1.0
0.502,0.7511253356933594,0.7511253356933594,0.5714282989501953,0.9999802608561371,-0.01973904645416269,3.141656532037308,15.0,1.0
0.503,0.7518882751464844,0.7518882751464844,0.5714282989501953,0.9999555871089498,-0.02960832616048492,3.1199730543263016,15.0,1.0
0.504,0.7522697448730469,0.7522697448730469,0.5890102386474609,0.9999210442038161,-0.0394773136446247,3.086281937669453,15.0,1.0
0.505,0.7530326843261719,0.7530326843261719,0.5362644195556641,0.9998766324816606,-0.04934591150356482,3.117048891273102,15.0,1.0
0.506,0.7534141540527344,0.7534141540527344,0.47472572326660156,0.999822352380809,-0.05921402233832396,3.1621832293161933,15.0,1.0
0.507,0.7537956237792969,0.7537956237792969,0.39560508728027344,0.999758204436984,-0.0690815487545251,3.224752073830509,15.0,1.0
0.508,0.7541770935058594,0.7541770935058594,0.40439605712890625,0.9996841892832999,-0.07894839336370296,3.1992619861689993,15.0,1.0
0.509,0.7545585632324219,0.7545585632324219,0.378021240234375,0.9996003076502565,-0.08881445878415661,3.2087904672489884,15.0,1.0
0.51,0.7549400329589844,0.7549400329589844,0.35164833068847656,0.9995065603657316,-0.09867964764185899,3.2181699327708726,15.0,1.0
0.511,0.7553215026855469,0.7553215026855469,0.3252754211425781,0.9994029483549729,-0.10854386257119586,3.227402401327616,15.0,1.0
0.512,0.7553215026855469,0.7553215026855469,0.24615478515625,0.9992894726405892,-0.11840700621638689,3.2949577579529983,15.0,1.0
0.513,0.7557029724121094,0.7557029724121094,0.29010963439941406,0.9991661343425401,-0.12826898123228148,3.2335688133247653,15.0,1.0
0.514,0.7560844421386719,0.7560844421386719,0.27252769470214844,0.9990329346781247,-0.13812969028504085,3.233570003104603,15.0,1.0
0.515,0.7564659118652344,0.7564659118652344,0.27252769470214844,0.99888987496197,-0.14798903605361602,3.21584271569527,15.0,1.0
0.516,0.7564659118652344,0.7564659118652344,0.24615478515625,0.9987369566060175,-0.1578469212300888,3.2300639647254075,15.0,1.0
0.517,0.7568473815917969,0.7568473815917969,0.21977996826171875,0.9985741811195098,-0.16770324852120666,3.2384187761327685,15.0,1.0
0.518,0.7568473815917969,0.7568473815917969,0.2549457550048828,0.998401550108975,-0.17755792064900788,3.1908088521037814,15.0,1.0
0.519,0.7572288513183594,0.7572288513183594,0.21098899841308594,0.9982190652782118,-0.18741084035173117,3.216453370632969,15.0,1.0
0.52,0.7576103210449219,0.7576103210449219,0.22857093811035156,0.9980267284282716,-0.19726191038517982,3.1804132622547137,15.0,1.0
0.521,0.7576103210449219,0.7576103210449219,0.21977996826171875,0.9978245414574415,-0.2071110335231765,3.1763223044028988,15.0,1.0
0.522,0.7579917907714844,0.7579917907714844,0.21977996826171875,0.9976125063612252,-0.21695811255887065,3.1575726530255235,15.0,1.0
0.523,0.7579917907714844,0.7579917907714844,0.21098899841308594,0.9973906252323237,-0.22680305030564796,3.1531904681938556,15.0,1.0
0.524,0.7583732604980469,0.7583732604980469,0.22857093811035156,0.9971589002606139,-0.23664574959786933,3.116567908730285,15.0,1.0
0.525,0.7583732604980469,0.7583732604980469,0.21977996826171875,0.996917333733128,-0.24648611329200776,3.1118950169724897,15.0,1.0
0.526,0.7587547302246094,0.7587547302246094,0.21977996826171875,0.9966659280340299,-0.2563240442677852,3.0925639546118036,15.0,1.0
0.527,0.7587547302246094,0.7587547302246094,0.14945030212402344,0.9964046856445924,-0.2661594454286842,3.1491395837470377,15.0,1.0
0.528,0.7591361999511719,0.7591361999511719,0.1846160888671875,0.9961336091431725,-0.27599221970336885,3.094352829309453,15.0,1.0
0.529,0.7591361999511719,0.7591361999511719,0.1318683624267578,0.9958527012051857,-0.2858222700462534,3.1330568863371955,15.0,1.0
0.53,0.7591361999511719,0.7591361999511719,0.08791160583496094,0.99556196460308,-0.2956494994386958,3.162825364504965,15.0,1.0
0.531,0.7595176696777344,0.7595176696777344,0.09670257568359375,0.9952614022063083,-0.3054738108899073,3.133979601355108,15.0,1.0
0.532,0.7595176696777344,0.7595176696777344,0.0615386962890625,0.9949510169813002,-0.31529510743797573,3.1546664058264486,15.0,1.0
0.533,0.7595176696777344,0.7595176696777344,0.0615386962890625,0.9946308119914323,-0.325113292150661,3.140045146265746,15.0,1.0
0.534,0.7595176696777344,0.7595176696777344,0.03516578674316406,0.9943007903969989,-0.33492826812630483,3.1516527559194993,15.0,1.0
0.535,0.7595176696777344,0.7595176696777344,0.026372909545898438,0.9939609554551797,-0.34473993849525186,3.1455364386205296,15.0,1.0
0.536,0.7595176696777344,0.7595176696777344,0.008790969848632812,0.9936113105200084,-0.3545482064201906,3.148065436365287,15.0,1.0
0.537,0.7595176696777344,0.7595176696777344,0.008790969848632812,0.9932518590423394,-0.3643529750973471,3.132868895523095,15.0,1.0
0.538,0.7595176696777344,0.7595176696777344,0.0,0.9928826045698137,-0.37415414775779254,3.1263198756233974,15.0,1.0
0.539,0.7595176696777344,0.7595176696777344,-0.008790969848632812,0.9925035507468237,-0.38395162766795465,3.1196275582170183,15.0,1.0
0.54,0.7595176696777344,0.7595176696777344,-0.026372909545898438,0.9921147013144778,-0.3937453181304704,3.121583065966579,15.0,1.0
0.541,0.7595176696777344,0.7595176696777344,-0.026372909545898438,0.9917160601105628,-0.4035351224856072,3.1058136435527173,15.0,1.0
0.542,0.7595176696777344,0.7595176696777344,-0.03516578674316406,0.9913076310695066,-0.41332094411205844,3.0986942635076886,15.0,1.0
0.543,0.7595176696777344,0.7595176696777344,-0.043956756591796875,0.9908894182223387,-0.4231026864276828,3.0914302983331785,15.0,1.0
0.544,0.7595176696777344,0.7595176696777344,-0.07032966613769531,0.9904614256966512,-0.43288025289058396,3.1016057535308637,15.0,1.0
0.545,0.7595176696777344,0.7595176696777344,-0.07912063598632812,0.9900236577165575,-0.44265354700013404,3.0940569095685415,15.0,1.0
0.546,0.7591361999511719,0.7591361999511719,-0.11428642272949219,0.9895761186026509,-0.4524224722978829,3.1184627302037953,15.0,1.0
0.547,0.7591361999511719,0.7591361999511719,-0.10549545288085938,0.9891188127719618,-0.46218693236846775,3.0930477128242404,15.0,1.0
0.548,0.7591361999511719,0.7591361999511719,-0.14945030212402344,0.988651744737914,-0.47194683084063627,3.1202366430845183,15.0,1.0
0.549,0.7587547302246094,0.7587547302246094,-0.1846160888671875,0.9881749191102804,-0.48170207138815613,3.1442168507640975,15.0,1.0
0.55,0.7587547302246094,0.7587547302246094,-0.1758251190185547,0.9876883405951377,-0.49145255773066765,3.118376716845811,15.0,1.0
0.551,0.7583732604980469,0.7583732604980469,-0.1934070587158203,0.9871920139948192,-0.5011981936348207,3.124490167532584,15.0,1.0
0.552,0.7583732604980469,0.7583732604980469,-0.1934070587158203,0.986685944207868,-0.5109388829151271,3.1071584314480107,15.0,1.0
0.553,0.7579917907714844,0.7579917907714844,-0.1758251190185547,0.9861701362289889,-0.5206745294349844,3.0778257714461374,15.0,1.0
0.554,0.7579917907714844,0.7579917907714844,-0.1846160888671875,0.985644595148998,-0.5304050371075277,3.0690031174223646,15.0,1.0
0.555,0.7576103210449219,0.7576103210449219,-0.20219802856445312,0.9851093261547739,-0.5401303098963695,3.0745527953158636,15.0,1.0
0.556,0.7576103210449219,0.7576103210449219,-0.20219802856445312,0.9845643345292053,-0.5498502518170767,3.056657979011628,15.0,1.0
0.557,0.7572288513183594,0.7572288513183594,-0.21098899841308594,0.9840096256511397,-0.5595647669378536,3.053135846466937,15.0,1.0
0.558,0.7568473815917969,0.7568473815917969,-0.21977996826171875,0.9834452049953296,-0.5692737593802235,3.049473559934486,15.0,1.0
0.559,0.7568473815917969,0.7568473815917969,-0.21977996826171875,0.9828710781323792,-0.5789771333205067,3.0311582830499466,15.0,1.0
0.56,0.7564659118652344,0.7564659118652344,-0.22857093811035156,0.9822872507286886,-0.5886747929901617,3.027216228072003,15.0,1.0
0.561,0.7564659118652344,0.7564659118652344,-0.24615478515625,0.9816937285463989,-0.5983666426772629,3.026205392696455,15.0,1.0
0.562,0.7560844421386719,0.7560844421386719,-0.24615478515625,0.9810905174433341,-0.6080525867272399,3.0131933279989433,15.0,1.0
0.5630000000000001,0.7557029724121094,0.7557029724121094,-0.2989006042480469,0.9804776233729444,-0.6177325295436162,3.0527878391169563,15.0,1.0
0.5640000000000001,0.7553215026855469,0.7553215026855469,-0.27252769470214844,0.9798550523842469,-0.6274063755893167,3.0131245645933316,15.0,1.0
0.5650000000000001,0.7553215026855469,0.7553215026855469,-0.2637367248535156,0.9792228106217657,-0.6370740293874064,2.9851823145093923,15.0,1.0
0.5660000000000001,0.7549400329589844,0.7549400329589844,-0.3164844512939453,0.9785809043254721,-0.6467353955220005,3.02436212626926,15.0,1.0
0.5670000000000001,0.7545585632324219,0.7545585632324219,-0.3692302703857422,0.9779293398307218,-0.6563903786393439,3.0634015407208977,15.0,1.0
0.5680000000000001,0.7541770935058594,0.7541770935058594,-0.3868141174316406,0.9772681235681934,-0.6660388834486071,3.0671406849180434,15.0,1.0
0.5690000000000001,0.7537956237792969,0.7537956237792969,-0.3868141174316406,0.9765972620638246,-0.6756808147229663,3.0531578769765897,15.0,1.0
0.5700000000000001,0.7534141540527344,0.7534141540527344,-0.41318702697753906,0.9759167619387474,-0.6853160773005698,3.065410067967165,15.0,1.0
0.5710000000000001,0.7530326843261719,0.7530326843261719,-0.4835166931152344,0.9752266299092234,-0.6949445760851063,3.1214813007759004,15.0,1.0
0.5720000000000001,0.7522697448730469,0.7522697448730469,-0.5098896026611328,0.9745268727865771,-0.704566216047283,3.1391803053168035,15.0,1.0
0.5730000000000001,0.7518882751464844,0.7518882751464844,-0.5538463592529297,0.9738174974771289,-0.7141809022253369,3.1686037919872603,15.0,1.0
0.5740000000000001,0.7511253356933594,0.7511253356933594,-0.5626373291015625,0.9730985109821265,-0.7237885397261721,3.1684464187068975,15.0,1.0
0.5750000000000001,0.7507438659667969,0.7507438659667969,-0.5010986328125,0.9723699203976766,-0.7333890337263256,3.0921004155493694,15.0,1.0
0.5760000000000001,0.7503623962402344,0.7503623962402344,-0.5362644195556641,0.9716317329146739,-0.7429822894728773,3.1123221801993792,15.0,1.0
0.577,0.7495994567871094,0.7495994567871094,-0.5098896026611328,0.9708839558187311,-0.752568212284018,3.076588875851441,15.0,1.0
0.578,0.7492179870605469,0.7492179870605469,-0.4395599365234375,0.9701265964901059,-0.762146707550869,2.991042370415954,15.0,1.0
0.579,0.7488365173339844,0.7488365173339844,-0.41318702697753906,0.9693596624036294,-0.7717176807373676,2.949316522284846,15.0,1.0
0.58,0.7484550476074219,0.7484550476074219,-0.39560508728027344,0.9685831611286312,-0.781281037381973,2.9162457527164403,15.0,1.0
0.581,0.7480735778808594,0.7480735778808594,-0.4395599365234375,0.9677971003288655,-0.790836683098064,2.944576090145465,15.0,1.0
0.582,0.7476921081542969,0.7476921081542969,-0.4219779968261719,0.9670014877624351,-0.8003845235753033,2.911234167372942,15.0,1.0
0.583,0.7473106384277344,0.7473106384277344,-0.46593475341796875,0.9661963312817148,-0.809924464580547,2.9392956816471276,15.0,1.0
0.584,0.7465476989746094,0.7465476989746094,-0.4219779968261719,0.965381638833274,-0.8194564119582992,2.885030682747842,15.0,1.0
0.585,0.7461662292480469,0.7461662292480469,-0.5186805725097656,0.9645574184577982,-0.8289802716320764,2.9655681390239588,15.0,1.0
0.586,0.7457847595214844,0.7457847595214844,-0.5626373291015625,0.9637236782900098,-0.8384959496052602,2.993225161024184,15.0,1.0
0.587,0.7450218200683594,0.7450218200683594,-0.5802192687988281,0.9628804265585876,-0.8480033519619496,3.0000950141903022,15.0,1.0
0.588,0.7442588806152344,0.7442588806152344,-0.6681327819824219,0.9620276715860859,-0.8575023848678143,3.077162261677381,15.0,1.0
0.589,0.7434959411621094,0.7434959411621094,-0.7560443878173828,0.961165421788852,-0.8669929545714012,3.154093642647121,15.0,1.0
0.59,0.7427330017089844,0.7427330017089844,-0.7736263275146484,0.9602936856769431,-0.8764749674045902,3.160561619629439,15.0,1.0
0.591,0.7419700622558594,0.7419700622558594,-0.7032966613769531,0.9594124718540429,-0.8859483297835595,3.078984475566146,15.0,1.0
0.592,0.7415885925292969,0.7415885925292969,-0.7296695709228516,0.958521789017376,-0.8954129482102644,3.088254570033773,15.0,1.0
0.593,0.7408256530761719,0.7408256530761719,-0.6153850555419922,0.9576216459576223,-0.9048687292727209,2.9624562194910284,15.0,1.0
0.594,0.7400627136230469,0.7400627136230469,-0.5978031158447266,0.9567120515588305,-0.9143155796460292,2.9332276052354525,15.0,1.0
0.595,0.7396812438964844,0.7396812438964844,-0.5890102386474609,0.9557930147983302,-0.9237534060937378,2.9069333960814108,15.0,1.0
0.596,0.7389183044433594,0.7389183044433594,-0.6417579650878906,0.9548645447466431,-0.9331821154683553,2.9477694541687907,15.0,1.0
0.597,0.7385368347167969,0.7385368347167969,-0.6153850555419922,0.9539266505673936,-0.942601614712089,2.9036306785888533,15.0,1.0
0.598,0.7377738952636719,0.7377738952636719,-0.7120876312255859,0.9529793415172189,-0.952011810858437,2.9881575141703536,15.0,1.0
0.599,0.7370109558105469,0.7370109558105469,-0.7384624481201172,0.9520226269456766,-0.9614126110326424,3.002224904114421,15.0,1.0
0.6,0.7362480163574219,0.7362480163574219,-0.8175830841064453,0.9510565162951536,-0.9708039224524896,3.0689066607199322,15.0,1.0
0.601,0.7351036071777344,0.7351036071777344,-0.9230766296386719,0.9500810191007717,-0.9801856524294408,3.167552156054791,15.0,1.0
0.602,0.7343406677246094,0.7343406677246094,-0.8439559936523438,0.9490961449902947,-0.9895577083698299,3.0757304442677937,15.0,1.0
0.603,0.7335777282714844,0.7335777282714844,-0.8615379333496094,0.948101903684032,-0.9989199977752037,3.0804805667626205,15.0,1.0
0.604,0.7328147888183594,0.7328147888183594,-0.74725341796875,0.9470983049947443,-1.0082724282432878,2.9532337323712365,15.0,1.0
0.605,0.7320518493652344,0.7320518493652344,-0.6857147216796875,0.9460853588275454,-1.0176149074696923,2.8786024561446606,15.0,1.0
0.606,0.7312889099121094,0.7312889099121094,-0.6857147216796875,0.9450630751798049,-1.0269473432478549,2.865379857447266,15.0,1.0
0.607,0.7305259704589844,0.7305259704589844,-0.7384624481201172,0.9440314641410498,-1.0362696434701775,2.9047752098809205,15.0,1.0
0.608,0.7297630310058594,0.7297630310058594,-0.7120876312255859,0.9429905358928645,-1.0455817161295613,2.864918488401102,15.0,1.0
0.609,0.7290000915527344,0.7290000915527344,-0.8527469635009766,0.9419403007087906,-1.0548834693195772,2.9919666315222435,15.0,1.0
0.61,0.7282371520996094,0.7282371520996094,-0.9054946899414062,0.9408807689542255,-1.064174811235489,3.0309741315251584,15.0,1.0
0.611,0.7270927429199219,0.7270927429199219,-0.9670333862304688,0.9398119510863197,-1.0734556501756174,3.084365858550818,15.0,1.0
0.612,0.7263298034667969,0.7263298034667969,-0.9934062957763672,0.9387338576538742,-1.0827258945419658,3.096741214040561,15.0,1.0
0.613,0.7251853942871094,0.7251853942871094,-0.9494514465332031,0.9376464992972358,-1.0919854528409019,3.0443825688441972,15.0,1.0
0.614,0.7244224548339844,0.7244224548339844,-0.8527469635009766,0.9365498867481924,-1.1012342336841812,2.9334242085299156,15.0,1.0
0.615,0.7236595153808594,0.7236595153808594,-0.7824172973632812,0.9354440308298674,-1.1104721457900837,2.8487128833083175,15.0,1.0
0.616,0.7228965759277344,0.7228965759277344,-0.8351650238037109,0.9343289424566121,-1.1196990979843804,2.886951423752497,15.0,1.0
0.617,0.7217521667480469,0.7217521667480469,-0.8527469635009766,0.9332046326338986,-1.1289149992006173,2.8956189525881357,15.0,1.0
0.618,0.7209892272949219,0.7209892272949219,-0.9934062957763672,0.932071112458211,-1.138119758481423,3.0215148147442803,15.0,1.0
0.619,0.7198448181152344,0.7198448181152344,-1.0285720825195312,0.9309283931169358,-1.1473132849798162,3.047512422565236,15.0,1.0
0.62,0.7186994552612305,0.7186994552612305,-1.1076927185058594,0.9297764858882513,-1.156495487959205,3.1173526899519675,15.0,1.0
0.621,0.717555046081543,0.717555046081543,-1.0725269317626953,0.9286154021410173,-1.1656662767949797,3.0727659958598315,15.0,1.0
0.622,0.716792106628418,0.716792106628418,-1.0549449920654297,0.9274451533346614,-1.1748255609753073,3.0399151316837734,15.0,1.0
0.623,0.7156476974487305,0.7156476974487305,-0.8615379333496094,0.9262657510190667,-1.1839732501016442,2.836835486803009,15.0,1.0
0.624,0.7148847579956055,0.7148847579956055,-0.8263740539550781,0.925077206834458,-1.1931092538899861,2.7861515326478807,15.0,1.0
0.625,0.7141218185424805,0.7141218185424805,-0.9054946899414062,0.9238795325112867,-1.2022334821716072,2.849626917301893,15.0,1.0
0.626,0.712977409362793,0.712977409362793,-0.9318675994873047,0.9226727398701149,-1.21134584489414,2.8659517122029934,15.0,1.0
0.627,0.712214469909668,0.712214469909668,-1.0813179016113281,0.9214568408214985,-1.220446252122258,2.9995072131665275,15.0,1.0
0.628,0.7110700607299805,0.7110700607299805,-1.1516475677490234,0.9202318473658704,-1.2295346140385846,3.059539753248788,15.0,1.0
0.629,0.7095441818237305,0.7095441818237305,-1.213186264038086,0.9189977715934213,-1.2386108409445455,3.1163792696389034,15.0,1.0
0.63,0.708399772644043,0.708399772644043,-1.1164836883544922,0.9177546256839813,-1.2476748432616205,3.0091316406919457,15.0,1.0
0.631,0.707636833190918,0.707636833190918,-1.002197265625,0.916502421906898,-1.2567265315317968,2.8784545648329036,15.0,1.0
0.632,0.7064924240112305,0.7064924240112305,-0.9054946899414062,0.9152411726209176,-1.2657658164184227,2.7709601026682913,15.0,1.0
0.633,0.7057294845581055,0.7057294845581055,-0.9846153259277344,0.9139708902740612,-1.2747926087074006,2.83344380295967,15.0,1.0
0.634,0.704585075378418,0.704585075378418,-1.0549449920654297,0.9126915874035029,-1.2838068193079266,2.8927358531337766,15.0,1.0
0.635,0.7034406661987305,0.7034406661987305,-1.1956043243408203,0.9114032766354453,-1.29280835925357,3.022235121637973,15.0,1.0
0.636,0.702296257019043,0.702296257019043,-1.3010997772216797,0.9101059706849957,-1.3017971397026145,3.1164483425083556,15.0,1.0
0.637,0.700770378112793,0.700770378112793,-1.24835205078125,0.9087996823560401,-1.3107730719394226,3.058018542490535,15.0,1.0
0.638,0.6996259689331055,0.6996259689331055,-1.1340656280517578,0.9074844245411169,-1.3197360673751177,2.932206394796811,15.0,1.0
0.639,0.6988630294799805,0.6988630294799805,-0.9142856597900391,0.9061602102212899,-1.328686037548664,2.6950573333610164,15.0,1.0
0.64,0.697718620300293,0.697718620300293,-0.9318675994873047,0.9048270524660195,-1.3376228941274917,2.7008711878457103,15.0,1.0
0.641,0.696955680847168,0.696955680847168,-0.9934062957763672,0.9034849644330348,-1.3465465489084067,2.7447990006559633,15.0,1.0
0.642,0.6958112716674805,0.6958112716674805,-1.1780223846435547,0.9021339593682027,-1.3554569138183865,2.917405786336002,15.0,1.0
0.643,0.6942853927612305,0.6942853927612305,-1.3098907470703125,0.9007740506053981,-1.3643539009157735,3.0428667138170526,15.0,1.0
0.644,0.693140983581543,0.693140983581543,-1.4417591094970703,0.8994052515663712,-1.3732374223912416,3.162485706878252,15.0,1.0
0.645,0.691615104675293,0.691615104675293,-1.3010997772216797,0.8980275757606156,-1.382107390567569,3.015179452933951,15.0,1.0
0.646,0.6904706954956055,0.6904706954956055,-1.0637359619140625,0.896641036785236,-1.3909637179019683,2.765327363356552,15.0,1.0
0.647,0.6897077560424805,0.6897077560424805,-1.0461540222167969,0.8952456483248117,-1.3998063169860302,2.729416089465735,15.0,1.0
0.648,0.688563346862793,0.688563346862793,-1.1164836883544922,0.8938414241512639,-1.4086351005469169,2.787019747134639,15.0,1.0
0.649,0.687037467956543,0.687037467956543,-1.336263656616211,0.8924283781237179,-1.4174499814480441,2.9996773276757907,15.0,1.0
0.65,0.685511589050293,0.685511589050293,-1.4417591094970703,0.8910065241883679,-1.426250872689991,3.0979322638782034,15.0,1.0
0.651,0.6843671798706055,0.6843671798706055,-1.4505500793457031,0.8895758763783379,-1.4350376874116364,3.0936428395500535,15.0,1.0
0.652,0.6828413009643555,0.6828413009643555,-1.2747249603271484,0.8881364488135446,-1.4438103388906711,2.910341839174314,15.0,1.0
0.653,0.6820783615112305,0.6820783615112305,-1.0285720825195312,0.8866882557005565,-1.4525687405446774,2.6451517548147447,15.0,1.0
0.654,0.680933952331543,0.680933952331543,-1.0989017486572266,0.8852313113324553,-1.4613128059315272,2.7020493277393838,15.0,1.0
0.655,0.6797895431518555,0.6797895431518555,-1.1780223846435547,0.8837656300886935,-1.4700424487509736,2.767621239945151,15.0,1.0
0.656,0.6782636642456055,0.6782636642456055,-1.4329662322998047,0.8822912264349533,-1.478757582844878,3.0146220822951437,15.0,1.0
0.657,0.6767377853393555,0.6767377853393555,-1.6087913513183594,0.8808081149230037,-1.4874581221985181,3.182388172874565,15.0,1.0
0.658,0.6752119064331055,0.6752119064331055,-1.4417591094970703,0.8793163101905562,-1.4961439809409853,3.0071811849178465,15.0,1.0
0.659,0.674067497253418,0.674067497253418,-1.1868133544921875,0.8778158269611217,-1.5048150733463785,2.738223226761365,15.0,1.0
0.66,0.6729230880737305,0.6729230880737305,-1.1428565979003906,0.8763066800438635,-1.5134713138344296,2.680139163617956,15.0,1.0
0.661,0.6713972091674805,0.6713972091674805,-1.2307701110839844,0.8747888843334528,-1.5221126169716968,2.7595326216018727,15.0,1.0
0.662,0.670252799987793,0.670252799987793,-1.459341049194336,0.87326245480992,-1.530738897471963,2.9737469740542792,15.0,1.0
0.663,0.6683454513549805,0.6683454513549805,-1.6791210174560547,0.8717274065385089,-1.5393500701972016,3.1905002750117792,15.0,1.0
0.664,0.6668195724487305,0.6668195724487305,-1.5032958984375,0.8701837546695257,-1.5479460501588846,3.0058125815905434,15.0,1.0
0.665,0.665675163269043,0.665675163269043,-1.2043952941894531,0.8686315144381912,-1.5565267525177546,2.692213809208922,15.0,1.0
0.666,0.6645307540893555,0.6645307540893555,-1.125274658203125,0.8670707011644901,-1.5650920925861556,2.5982817717439897,15.0,1.0
0.667,0.663386344909668,0.663386344909668,-1.2219772338867188,0.8655013302530189,-1.5736419858274076,2.6800600282095752,15.0,1.0
0.668,0.661860466003418,0.661860466003418,-1.4857139587402344,0.8639234171928354,-1.5821763478574553,2.93448187872404,15.0,1.0
0.669,0.660334587097168,0.660334587097168,-1.7318687438964844,0.8623369775573039,-1.5906950944458345,3.1712095063526884,15.0,1.0
0.67,0.6584272384643555,0.6584272384643555,-1.626373291015625,0.8607420270039436,-1.599198141515842,3.0618969775936056,15.0,1.0
0.671,0.657282829284668,0.657282829284668,-1.2659339904785156,0.8591385812742722,-1.6076854051457303,2.6860848651768494,15.0,1.0
0.672,0.6561374664306641,0.6561374664306641,-1.2571430206298828,0.8575266561936522,-1.6161568015695593,2.6618240655051455,15.0,1.0
0.673,0.6546115875244141,0.6546115875244141,-1.3890113830566406,0.8559062676711331,-1.6246122471785043,2.7838193380789216,15.0,1.0
0.674,0.6530857086181641,0.6530857086181641,-1.6967029571533203,0.8542774316992952,-1.633051658520401,3.0815271448498858,15.0,1.0
0.675,0.6511783599853516,0.6511783599853516,-1.8021984100341797,0.8526401643540923,-1.641474952301735,3.182650523263556,15.0,1.0
0.676,0.6496524810791016,0.6496524810791016,-1.538461685180664,0.8509944817946917,-1.6498820453878693,2.908709650526647,15.0,1.0
0.677,0.6485080718994141,0.6485080718994141,-1.213186264038086,0.8493404002633166,-1.658272854804295,2.567398334692329,15.0,1.0
0.678,0.6469821929931641,0.6469821929931641,-1.24835205078125,0.8476779360850831,-1.6666472977371996,2.5921408994228363,15.0,1.0
0.679,0.6454563140869141,0.6454563140869141,-1.538461685180664,0.8460071056678422,-1.6750052915340916,2.8717182673604946,15.0,1.0
0.68,0.6435489654541016,0.6435489654541016,-1.8901100158691406,0.844327925502015,-1.6833467537049955,3.2184476628828462,15.0,1.0
0.681,0.6420230865478516,0.6420230865478516,-1.8285713195800781,0.8426404121604322,-1.6916716019229057,3.1461596018458815,15.0,1.0
0.682,0.6404972076416016,0.6404972076416016,-1.4065933227539062,0.8409445822981692,-1.6999797540252644,2.7133241885771557,15.0,1.0
0.683,0.6389713287353516,0.6389713287353516,-1.3538455963134766,0.8392404526523817,-1.7082711280136778,2.6496113270552506,15.0,1.0
0.684,0.6374454498291016,0.6374454498291016,-1.5120887756347656,0.8375280400421418,-1.7165456420557348,2.7967819867746337,15.0,1.0
0.685,0.6359195709228516,0.6359195709228516,-1.8285713195800781,0.8358073613682702,-1.7248032144852345,3.1020849617761224,15.0,1.0
0.686,0.6340122222900391,0.6340122222900391,-1.8901100158691406,0.8340784336131712,-1.7330437638034368,3.1580594219126867,15.0,1.0
0.687,0.6324863433837891,0.6324863433837891,-1.4505500793457031,0.8323412738406633,-1.7412672086792895,2.7071068275195262,15.0,1.0
0.6880000000000001,0.6309604644775391,0.6309604644775391,-1.3098907470703125,0.8305958991958127,-1.749473467950736,2.5549487998936806,15.0,1.0
0.6890000000000001,0.6298160552978516,0.6298160552978516,-1.4241752624511719,0.8288423269047618,-1.757662460625511,2.6519068759293143,15.0,1.0
0.6900000000000001,0.6279087066650391,0.6279087066650391,-1.7582416534423828,0.8270805742745617,-1.7658341058810834,2.9799855617041393,15.0,1.0
0.6910000000000001,0.6260013580322266,0.6260013580322266,-2.0307693481445312,0.8253106586929997,-1.773988323067158,3.24642053498897,15.0,1.0
0.6920000000000001,0.6244754791259766,0.6244754791259766,-1.626373291015625,0.8235325976284273,-1.7821250317047088,2.830105036847678,15.0,1.0
0.6930000000000001,0.6229496002197266,0.6229496002197266,-1.3890113830566406,0.8217464086295903,-1.7902441514875704,2.5807193577170255,15.0,1.0
0.6940000000000001,0.6214237213134766,0.6214237213134766,-1.4945049285888672,0.8199521093254523,-1.7983456022834048,2.6740851464850977,15.0,1.0
0.6950000000000001,0.6195163726806641,0.6195163726806641,-1.8461532592773438,0.8181497174250234,-1.8064293041342125,3.0192241263085213,15.0,1.0
0.6960000000000001,0.6176090240478516,0.6176090240478516,-2.039560317993164,0.8163392507171838,-1.8144951772570153,3.2060185407761326,15.0,1.0
0.6970000000000001,0.6160831451416016,0.6160831451416016,-1.6175823211669922,0.8145207270705094,-1.822543142045049,2.77160290805556,15.0,1.0
0.6980000000000001,0.6145572662353516,0.6145572662353516,-1.371429443359375,0.8126941644330937,-1.8305731190679921,2.512909797257515,15.0,1.0
0.6990000000000001,0.6130313873291016,0.6130313873291016,-1.4945049285888672,0.8108595808323734,-1.8385850290731014,2.6233428020648435,15.0,1.0
0.7000000000000001,0.6111240386962891,0.6111240386962891,-1.8285713195800781,0.8090169943749475,-1.846578792986577,2.950386861773377,15.0,1.0
0.7010000000000001,0.6092166900634766,0.6092166900634766,-2.1098899841308594,0.8071664232464002,-1.854554331912766,3.224581649961948,15.0,1.0
0.7020000000000001,0.6073093414306641,0.6073093414306641,-1.6527481079101562,0.805307885711122,-1.86251156713638,2.760214704980645,15.0,1.0
0.7030000000000001,0.6057834625244141,0.6057834625244141,-1.4945049285888672,0.8034414001121275,-1.8704504201227223,2.588923572281846,15.0,1.0
0.704,0.6042575836181641,0.6042575836181641,-1.6087913513183594,0.8015669848708769,-1.8783708125184262,2.6900615575906253,15.0,1.0
0.705,0.6023502349853516,0.6023502349853516,-2.039560317993164,0.7996846584870907,-1.88627266615282,3.113304004366431,15.0,1.0
0.706,0.6004428863525391,0.6004428863525391,-2.039560317993164,0.7977944395385712,-1.894155903037415,3.105677712746231,15.0,1.0
0.707,0.5989170074462891,0.5989170074462891,-1.5208797454833984,0.7958963466810159,-1.9020204453678389,2.573549388636463,15.0,1.0
0.708,0.5973911285400391,0.5973911285400391,-1.4241752624511719,0.7939903986478355,-1.9098662155244028,2.4632980985437154,15.0,1.0
0.709,0.5954837799072266,0.5954837799072266,-1.661539077758789,0.7920766142499671,-1.9176931360725007,2.6927384568273967,15.0,1.0
0.71,0.5935754776000977,0.5935754776000977,-2.171428680419922,0.7901550123756905,-1.9255011297635178,3.194620572290297,15.0,1.0
0.711,0.5912866592407227,0.5912866592407227,-2.0307693481445312,0.7882256119904401,-1.9332901195357408,3.051563519854551,15.0,1.0
0.712,0.5897607803344727,0.5897607803344727,-1.5912094116210938,0.786288432136619,-1.941060028514869,2.5980641601384207,15.0,1.0
0.713,0.5882349014282227,0.5882349014282227,-1.5472526550292969,0.7843434919334104,-1.9488107800153784,2.540070732591734,15.0,1.0
0.714,0.5863275527954102,0.5863275527954102,-1.916482925415039,0.7823908105765882,-1.9565422975401816,2.900889494592528,15.0,1.0
0.715,0.5840387344360352,0.5840387344360352,-2.2945051193237305,0.7804304073383299,-1.9642545047823887,3.276125708075763,15.0,1.0
0.716,0.5825128555297852,0.5825128555297852,-1.7934074401855469,0.7784623015670235,-1.9719473256255355,2.7607018051185856,15.0,1.0
0.717,0.5809869766235352,0.5809869766235352,-1.5120887756347656,0.7764865126870788,-1.9796206841448338,2.4649611324430865,15.0,1.0
0.718,0.5790796279907227,0.5790796279907227,-1.6703300476074219,0.7745030601987338,-1.9872745046071145,2.614407026120475,15.0,1.0
0.719,0.5771722793579102,0.5771722793579102,-2.276923179626465,0.7725119636778646,-1.9949087114722488,3.2121097329535324,15.0,1.0
0.72,0.5745019912719727,0.5745019912719727,-2.2153844833374023,0.7705132427757893,-2.002523229393944,3.1530300265007076,15.0,1.0
0.721,0.5729761123657227,0.5729761123657227,-1.714284896850586,0.7685069172190767,-2.010117983219743,2.637128986431154,15.0,1.0
0.722,0.5714502334594727,0.5714502334594727,-1.626373291015625,0.7664930068093498,-2.0176928979925606,2.534321993271222,15.0,1.0
0.723,0.5691614151000977,0.5691614151000977,-2.0043954849243164,0.7644715314230917,-2.0252478989508518,2.9087993308183746,15.0,1.0
0.724,0.5668725967407227,0.5668725967407227,-2.329669952392578,0.7624425110114481,-2.032782911530262,3.2304357549231977,15.0,1.0
0.725,0.5653467178344727,0.5653467178344727,-1.74945068359375,0.760405965600031,-2.040297861363058,2.6350415387140678,15.0,1.0
0.726,0.5634393692016602,0.5634393692016602,-1.6087913513183594,0.758361915288722,-2.047792674279549,2.484836868344738,15.0,1.0
0.727,0.5619134902954102,0.5619134902954102,-1.8637371063232422,0.756310380251472,-2.055267276308996,2.724423179355174,15.0,1.0
0.728,0.5592432022094727,0.5592432022094727,-2.4087915420532227,0.754251380736104,-2.062721593680294,3.2711926262723985,15.0,1.0
0.729,0.5573358535766602,0.5573358535766602,-2.0219783782958984,0.7521849370641114,-2.0701555528221434,2.8745590777855234,15.0,1.0
0.73,0.5558099746704102,0.5558099746704102,-1.6703300476074219,0.7501110696304597,-2.0775690803644125,2.5072773916437527,15.0,1.0
0.731,0.5539026260375977,0.5539026260375977,-1.872528076171875,0.7480297989033825,-2.084962103138764,2.6994735660198836,15.0,1.0
0.732,0.5516138076782227,0.5516138076782227,-2.3032970428466797,0.7459411454241822,-2.0923345481786555,3.1258725608574176,15.0,1.0
0.733,0.5493249893188477,0.5493249893188477,-2.1010990142822266,0.7438451298070252,-2.0996863427214976,2.9192147788833926,15.0,1.0
0.734,0.5477991104125977,0.5477991104125977,-1.6879119873046875,0.7417417727387392,-2.1070174142076894,2.4900345079891215,15.0,1.0
0.735,0.5458917617797852,0.5458917617797852,-1.7406597137451172,0.7396310949786099,-2.1143276902826074,2.532422021444881,15.0,1.0
0.736,0.5436029434204102,0.5436029434204102,-2.224175453186035,0.7375131173581739,-2.1216170987968894,3.0112109634556026,15.0,1.0
0.737,0.5413141250610352,0.5413141250610352,-2.268132209777832,0.735387860781016,-2.1288855678070036,3.0503526777705416,15.0,1.0
0.738,0.5397882461547852,0.5397882461547852,-1.8285713195800781,0.73325534622256,-2.13613302557593,2.5944447950207703,15.0,1.0
0.739,0.5378808975219727,0.5378808975219727,-1.8109893798828125,0.7311155947298642,-2.1433594005742407,2.566150437426945,15.0,1.0
0.74,0.5355920791625977,0.5355920791625977,-2.25054931640625,0.7289686274214114,-2.150564621480669,3.000632918807788,15.0,1.0
0.741,0.5333032608032227,0.5333032608032227,-2.268132209777832,0.7268144654869029,-2.1577486171822784,3.013051662850757,15.0,1.0
0.742,0.5313959121704102,0.5313959121704102,-1.7318687438964844,0.7246531301870469,-2.164911316776454,2.4658156973695817,15.0,1.0
0.743,0.5298690795898438,0.5298690795898438,-1.7230777740478516,0.7224846428533499,-2.1720526495699346,2.4402585734305093,15.0,1.0
0.744,0.5275802612304688,0.5275802612304688,-2.162637710571289,0.720309024887907,-2.1791725450805757,2.8743966203522877,15.0,1.0
0.745,0.5252914428710938,0.5252914428710938,-2.4703292846679688,0.7181262977631888,-2.1862709330378607,3.176581175011534,15.0,1.0
0.746,0.5233840942382812,0.5233840942382812,-1.872528076171875,0.7159364830218313,-2.193347743383754,2.567466164541372,15.0,1.0
0.747,0.5214767456054688,0.5214767456054688,-1.7934074401855469,0.7137396022764213,-2.2004029062729273,2.476947383976908,15.0,1.0
0.748,0.5191879272460938,0.5191879272460938,-2.171428680419922,0.7115356772092855,-2.207436352073728,2.8492085777940694,15.0,1.0
0.749,0.5168991088867188,0.5168991088867188,-2.435164451599121,0.7093247295722738,-2.2144480113689156,3.107100750513531,15.0,1.0
0.75,0.5149917602539062,0.5149917602539062,-1.8285713195800781,0.7071067811865476,-2.2214378149561185,2.4888588186135796,15.0,1.0
0.751,0.5134658813476562,0.5134658813476562,-1.74945068359375,0.7048818539423616,-2.228405693849197,2.3922845786651328,15.0,1.0
0.752,0.5111770629882812,0.5111770629882812,-2.136263847351074,0.7026499697988492,-2.2353515792775056,2.7730058702320877,15.0,1.0
0.753,0.5085067749023438,0.5085067749023438,-2.6197805404663086,0.7004111507838066,-2.2422754026882785,3.256070775999972,15.0,1.0
0.754,0.5065994262695312,0.5065994262695312,-1.9428577423095703,0.6981654189934726,-2.249177095746063,2.5671705374226277,15.0,1.0
0.755,0.5046920776367188,0.5046920776367188,-1.8285713195800781,0.6959127965923144,-2.2560565903338556,2.4408255135801573,15.0,1.0
0.756,0.5024032592773438,0.5024032592773438,-2.3208789825439453,0.6936533058128049,-2.2629138185540114,2.926715862021852,15.0,1.0
0.757,0.5001144409179688,0.5001144409179688,-2.5054941177368164,0.6913869689552065,-2.2697487127282443,3.104833325567138,15.0,1.0
0.758,0.49820709228515625,0.49820709228515625,-1.8637371063232422,0.6891138083873484,-2.276561205399048,2.450776642457076,15.0,1.0
0.759,0.49629974365234375,0.49629974365234375,-1.8461532592773438,0.6868338465444083,-2.28335122932981,2.4208135733285014,15.0,1.0
0.76,0.49401092529296875,0.49401092529296875,-2.4263734817504883,0.6845471059286888,-2.290118717505891,2.994297473780399,15.0,1.0
0.761,0.49134063720703125,0.49134063720703125,-2.452747344970703,0.6822536091093965,-2.2968636031347387,3.019578320371443,15.0,1.0
0.762,0.48943328857421875,0.48943328857421875,-1.9340667724609375,0.6799533787224193,-2.3035858196471395,2.488282305036807,15.0,1.0
0.763,0.48752593994140625,0.48752593994140625,-2.039560317993164,0.6776464374701022,-2.3102853006973874,2.5810824802262164,15.0,1.0
0.764,0.48485565185546875,0.48485565185546875,-2.5758237838745117,0.6753328081210246,-2.3169619801644785,3.116019147693371,15.0,1.0
0.765,0.48256683349609375,0.48256683349609375,-2.224175453186035,0.6730125135097733,-2.323615792152225,2.7572448612390037,15.0,1.0
0.766,0.48065948486328125,0.48065948486328125,-1.8109893798828125,0.6706855765367201,-2.3302466709901637,2.3311340839942316,15.0,1.0
0.767,0.47875213623046875,0.47875213623046875,-2.1010990142822266,0.6683520201677929,-2.3368545512341825,2.608242722107907,15.0,1.0
0.768,0.47608184814453125,0.47608184814453125,-2.6813182830810547,0.6660118674342517,-2.343439367667145,3.186829204759716,15.0,1.0
0.769,0.47379302978515625,0.47379302978515625,-2.162637710571289,0.6636651414324587,-2.350001055299913,2.660718329980913,15.0,1.0
0.77,0.47188568115234375,0.47188568115234375,-1.9428577423095703,0.6613118653236518,-2.3565395493707797,2.4277109555084118,15.0,1.0
0.771,0.46959686279296875,0.46959686279296875,-2.276923179626465,0.6589520623337171,-2.3630547853477424,2.754196387389947,15.0,1.0
0.772,0.46692562103271484,0.46692562103271484,-2.5934066772460938,0.6565857557529564,-2.369546698927934,3.0687619991217834,15.0,1.0
0.773,0.46501827239990234,0.46501827239990234,-1.9252738952636719,0.6542129689358612,-2.3760152260388736,2.3871791172641816,15.0,1.0
0.774,0.46311092376708984,0.46311092376708984,-1.9340667724609375,0.6518337253008787,-2.3824603028386946,2.3824484926290754,15.0,1.0
0.775,0.46082210540771484,0.46082210540771484,-2.452747344970703,0.6494480483301838,-2.3888818657172237,2.893254623090513,15.0,1.0
0.776,0.45815181732177734,0.45815181732177734,-2.540658950805664,0.6470559615694442,-2.395279851296209,2.978941263224458,15.0,1.0
0.777,0.45624446868896484,0.45624446868896484,-1.9428577423095703,0.6446574886275914,-2.4016541964298312,2.367398844959138,15.0,1.0
0.778,0.45433712005615234,0.45433712005615234,-2.0219783782958984,0.6422526531765845,-2.408004838206523,2.4327065368958585,15.0,1.0
0.779,0.45166683197021484,0.45166683197021484,-2.540658950805664,0.6398414789511784,-2.4143317139473197,2.9489469415727974,15.0,1.0
0.78,0.44937801361083984,0.44937801361083984,-2.2857141494750977,0.6374239897486899,-2.4206347612088734,2.6857690303339745,15.0,1.0
0.781,0.44747066497802734,0.44747066497802734,-1.8285713195800781,0.6350002094287606,-2.426913917782656,2.2146005685584207,15.0,1.0
0.782,0.44556331634521484,0.44556331634521484,-2.171428680419922,0.6325701619131245,-2.433169121695812,2.5433622422427553,15.0,1.0
0.783,0.44289302825927734,0.44289302825927734,-2.6989011764526367,0.630133871185369,-2.4394003112120117,3.068113509132,15.0,1.0
0.784,0.44060420989990234,0.44060420989990234,-2.136263847351074,0.6276913612907006,-2.4456074248319624,2.4969636933810855,15.0,1.0
0.785,0.43869686126708984,0.43869686126708984,-1.9868125915527344,0.6252426563357051,-2.4517904012939766,2.3332091162879864,15.0,1.0
0.786,0.43602657318115234,0.43602657318115234,-2.461538314819336,0.6227877804881126,-2.457949179574541,2.805007244849198,15.0,1.0
0.787,0.43373775482177734,0.43373775482177734,-2.5758237838745117,0.6203267579765559,-2.4640836988891124,2.910575132307078,15.0,1.0
0.788,0.43183040618896484,0.43183040618896484,-1.9340667724609375,0.6178596130903343,-2.470193898692173,2.2543109772893066,15.0,1.0
0.789,0.42954158782958984,0.42954158782958984,-2.057143211364746,0.6153863701791716,-2.4762797186789953,2.3685352279294776,15.0,1.0
0.79,0.42687129974365234,0.42687129974365234,-2.663736343383789,0.6129070536529764,-2.4823410987845023,2.9719315532391475,15.0,1.0
0.791,0.42458248138427734,0.42458248138427734,-2.3999996185302734,0.6104216879816026,-2.488377979185543,2.6992097383046088,15.0,1.0
0.792,0.42267513275146484,0.42267513275146484,-2.0043954849243164,0.6079302976946053,-2.4943903003006085,2.288832658770814,15.0,1.0
0.793,0.42000484466552734,0.42000484466552734,-2.452747344970703,0.6054329073810014,-2.5003780027903417,2.7337902829124725,15.0,1.0
0.794,0.41733455657958984,0.41733455657958984,-2.7340660095214844,0.6029295416890246,-2.506341027558676,3.011649758604329,15.0,1.0
0.795,0.41542720794677734,0.41542720794677734,-1.9956035614013672,0.600420225325884,-2.5122793157529486,2.258219506335019,15.0,1.0
0.796,0.41313838958740234,0.41313838958740234,-2.0219783782958984,0.5979049830575187,-2.5181928087645815,2.2752844715830625,15.0,1.0
0.797,0.41046810150146484,0.41046810150146484,-2.760439872741699,0.5953838397083548,-2.5240814482296514,3.010094497615398,15.0,1.0
0.798,0.40817928314208984,0.40817928314208984,-2.4967031478881836,0.5928568201610593,-2.5299451760301395,2.7369210271425866,15.0,1.0
0.799,0.40588951110839844,0.40588951110839844,-1.9956035614013672,0.5903239493562945,-2.535783934293079,2.2263362008267293,15.0,1.0
0.8,0.40360069274902344,0.40360069274902344,-2.435164451599121,0.5877852522924732,-2.54159766539226,2.6563351793586083,15.0,1.0
0.801,0.40093040466308594,0.40093040466308594,-2.8043956756591797,0.58524075402551,-2.5473863119485145,3.021664604147026,15.0,1.0
0.802,0.39864158630371094,0.39864158630371094,-2.0219783782958984,0.5826904796685761,-2.5531498168303983,2.2295619619384777,15.0,1.0
0.803,0.39673423767089844,0.39673423767089844,-2.057143211364746,0.5801344543918492,-2.5588881231542473,2.24925833902476,15.0,1.0
0.804,0.39406394958496094,0.39406394958496094,-2.7164831161499023,0.5775727034222676,-2.5646011742854284,2.9045132494240744,15.0,1.0
0.805,0.39139366149902344,0.39139366149902344,-2.5054941177368164,0.5750052520432783,-2.5702889138384535,2.6893790620621867,15.0,1.0
0.806,0.38948631286621094,0.38948631286621094,-2.057143211364746,0.5724321255945908,-2.575951285677206,2.2253791166132375,15.0,1.0
0.807,0.38719749450683594,0.38719749450683594,-2.3999996185302734,0.5698533494719239,-2.5815882339171594,2.5582492090894333,15.0,1.0
0.808,0.38452720642089844,0.38452720642089844,-2.672527313232422,0.5672689491267564,-2.5871997029233853,2.8264537508969063,15.0,1.0
0.809,0.38223838806152344,0.38223838806152344,-2.057143211364746,0.5646789500660772,-2.592785637313,2.200966004120052,15.0,1.0
0.81,0.38033103942871094,0.38033103942871094,-2.171428680419922,0.5620833778521305,-2.598345981955106,2.299367774816109,15.0,1.0
0.811,0.37766075134277344,0.37766075134277344,-2.6197805404663086,0.559482258102167,-2.6038806819713045,2.7432224598859074,15.0,1.0
0.812,0.37499046325683594,0.37499046325683594,-2.3999996185302734,0.5568756164881878,-2.6093896827364915,2.5188872342640605,15.0,1.0
0.8130000000000001,0.37308311462402344,0.37308311462402344,-2.0923080444335938,0.554263478736694,-2.6148729298789135,2.195140576244739,15.0,1.0
0.8140000000000001,0.37041282653808594,0.37041282653808594,-2.461538314819336,0.55164587062843,-2.6203303692811346,2.5597036068933616,15.0,1.0
0.8150000000000001,0.36812400817871094,0.36812400817871094,-2.6021976470947266,0.5490228179981317,-2.6257619470803775,2.68991784730566,15.0,1.0
0.8160000000000001,0.36583518981933594,0.36583518981933594,-2.039560317993164,0.5463943467342692,-2.63116760966966,2.1167800620475035,15.0,1.0
0.8170000000000001,0.36392784118652344,0.36392784118652344,-2.15384578704834,0.5437604827787924,-2.636547303696659,2.2147881072357154,15.0,1.0
0.8180000000000001,0.36125755310058594,0.36125755310058594,-2.6197805404663086,0.5411212521268759,-2.641900976066154,2.6758350497945043,15.0,1.0
0.8190000000000001,0.35858726501464844,0.35858726501464844,-2.4439563751220703,0.53847668082666,-2.6472285739396284,2.4950690383626153,15.0,1.0
0.8200000000000001,0.35667991638183594,0.35667991638183594,-2.1010990142822266,0.5358267949789967,-2.6525300447358404,2.135772148503797,15.0,1.0
0.8210000000000001,0.35439109802246094,0.35439109802246094,-2.4439563751220703,0.5331716207371884,-2.6578053361312755,2.4678588797117067,15.0,1.0
0.8220000000000001,0.35133934020996094,0.35133934020996094,-2.7340660095214844,0.530511184306734,-2.6630543960611135,2.7585892749119676,15.0,1.0
0.8230000000000001,0.34943199157714844,0.34943199157714844,-2.057143211364746,0.5278455119450661,-2.668277172719229,2.0650688441642826,15.0,1.0
0.8240000000000001,0.34714317321777344,0.34714317321777344,-2.1274728775024414,0.5251746299612956,-2.6734736145585885,2.1244711140966857,15.0,1.0
0.8250000000000001,0.34485435485839844,0.34485435485839844,-2.75164794921875,0.5224985647159489,-2.678643670293127,2.7376674267888803,15.0,1.0
0.8260000000000001,0.34180164337158203,0.34180164337158203,-2.5494508743286133,0.5198173426207093,-2.6837872888958714,2.5358990741696514,15.0,1.0
0.8270000000000001,0.33989429473876953,0.33989429473876953,-2.1098899841308594,0.5171309901381572,-2.6889044196014993,2.0795359955201755,15.0,1.0
0.8280000000000001,0.33722400665283203,0.33722400665283203,-2.540658950805664,0.5144395337815063,-2.6939950119061393,2.504896845829639,15.0,1.0
0.8290000000000001,0.33455371856689453,0.33455371856689453,-2.8043956756591797,0.5117430001143449,-2.6990590155676273,2.763175883303308,15.0,1.0
0.8300000000000001,0.33226490020751953,0.33226490020751953,-2.0747251510620117,0.5090414157503711,-2.704096380606188,2.0222765035985972,15.0,1.0
0.8310000000000001,0.33035755157470703,0.33035755157470703,-2.2857141494750977,0.5063348073531325,-2.7091070573052605,2.2162659288462194,15.0,1.0
0.8320000000000001,0.32730579376220703,0.32730579376220703,-2.883516311645508,0.5036232016357606,-2.714090996211354,2.814186433537457,15.0,1.0
0.833,0.32501697540283203,0.32501697540283203,-2.4175825119018555,0.5009066253607102,-2.7190481481349593,2.336879113135068,15.0,1.0
0.834,0.32272815704345703,0.32272815704345703,-2.171428680419922,0.4981851053394909,-2.7239784641512017,2.0793044407092283,15.0,1.0
0.835,0.32005786895751953,0.32005786895751953,-2.760439872741699,0.49545866843240777,-2.728881895599642,2.662569969265381,15.0,1.0
0.836,0.31738758087158203,0.31738758087158203,-2.6549453735351562,0.4927273415482916,-2.73375839408547,2.55128338960033,15.0,1.0
0.837,0.31509876251220703,0.31509876251220703,-2.0219783782958984,0.4899911516442368,-2.738607911479477,1.9067563037968682,15.0,1.0
0.838,0.31280994415283203,0.31280994415283203,-2.382417678833008,0.48725012572533266,-2.7434303999193617,2.2555900025011555,15.0,1.0
0.839,0.31013965606689453,0.31013965606689453,-2.90109920501709,0.4845042908443981,-2.7482258118085383,2.768342914871105,15.0,1.0
0.84,0.30785083770751953,0.30785083770751953,-2.1890106201171875,0.4817536741017156,-2.7529940998184657,2.044559066211663,15.0,1.0
0.841,0.30556201934814453,0.30556201934814453,-2.224175453186035,0.4789983026447611,-2.7577352168880793,2.0679844857472047,15.0,1.0
0.842,0.30289173126220703,0.30289173126220703,-2.857142448425293,0.4762382036679394,-2.7624491162244453,2.694890418286833,15.0,1.0
0.843,0.30022144317626953,0.30022144317626953,-2.4175825119018555,0.4734734044123122,-2.7671357513033,2.2492261791391956,15.0,1.0
0.844,0.29831409454345703,0.29831409454345703,-1.9428577423095703,0.4707039321653328,-2.77179507586942,1.7569102307682867,15.0,1.0
0.845,0.29602527618408203,0.29602527618408203,-2.34725284576416,0.4679298142605734,-2.776427043937133,2.1493938729743975,15.0,1.0
0.846,0.29297351837158203,0.29297351837158203,-2.9098901748657227,0.46515107807745854,-2.78103160979083,2.7115219606630405,15.0,1.0
0.847,0.29106616973876953,0.29106616973876953,-2.145054817199707,0.46236775104099176,-2.7856087279852773,1.9289698087477634,15.0,1.0
0.848,0.28877735137939453,0.28877735137939453,-2.1890106201171875,0.459579860621488,-2.7901583533459586,1.9608899054026305,15.0,1.0
0.849,0.28610706329345703,0.28610706329345703,-2.8043956756591797,0.4567874343342998,-2.794680440970552,2.569920800301269,15.0,1.0
0.85,0.28343677520751953,0.28343677520751953,-2.3912086486816406,0.45399049973954686,-2.7991749462272537,2.150339570434797,15.0,1.0
0.851,0.28152942657470703,0.28152942657470703,-1.960439682006836,0.4511890844418453,-2.8036418247572783,1.7016927252566316,15.0,1.0
0.852,0.2792396545410156,0.2792396545410156,-2.4175825119018555,0.4483832160900323,-2.808081032474405,2.1466549026627004,15.0,1.0
0.853,0.2761878967285156,0.2761878967285156,-2.9362640380859375,0.4455729223768965,-2.812492525565375,2.6645468972462756,15.0,1.0
0.854,0.2742805480957031,0.2742805480957031,-2.118680953979492,0.44275823103890155,-2.816876260490602,1.8289699376368667,15.0,1.0
0.855,0.2719917297363281,0.2719917297363281,-2.241758346557617,0.4399391698559153,-2.8212321939843434,1.9397377543670813,15.0,1.0
0.856,0.2689399719238281,0.2689399719238281,-2.9098901748657227,0.4371157666509329,-2.8255602830552675,2.6069668127170265,15.0,1.0
0.857,0.2666511535644531,0.2666511535644531,-2.3999996185302734,0.43428804928980475,-2.8298604849867672,2.0846925694237806,15.0,1.0
0.858,0.2647438049316406,0.2647438049316406,-2.0307693481445312,0.4314560456809593,-2.8341327573381534,1.697320202046158,15.0,1.0
0.859,0.2620735168457031,0.2620735168457031,-2.6549453735351562,0.42861978377512844,-2.8383770579432053,2.3147623195333304,15.0,1.0
0.86,0.2590217590332031,0.2590217590332031,-2.857142448425293,0.4257792915650729,-2.842593344912558,2.5159120914907813,15.0,1.0
0.861,0.2567329406738281,0.2567329406738281,-2.15384578704834,0.4229345970853033,-2.8467815766332194,1.800089056587248,15.0,1.0
0.862,0.2544441223144531,0.2544441223144531,-2.435164451599121,0.42008572841180647,-2.8509417117689964,2.0688468312904247,15.0,1.0
0.863,0.2513923645019531,0.2513923645019531,-3.0417585372924805,0.4172327136617653,-2.855073709261063,2.6742900654285995,15.0,1.0
0.864,0.24910354614257812,0.24910354614257812,-2.171428680419922,0.4143755809932843,-2.8591775283283027,1.791331674852212,15.0,1.0
0.865,0.24719619750976562,0.24719619750976562,-2.162637710571289,0.4115143586051087,-2.8632531284675906,1.7641569985338448,15.0,1.0
0.866,0.24414443969726562,0.24414443969726562,-2.90109920501709,0.40864907473634915,-2.867300469454193,2.5013682611491497,15.0,1.0
0.867,0.24147415161132812,0.24147415161132812,-2.5934066772460938,0.4057797576662003,-2.871319511343188,2.186671256725988,15.0,1.0
0.868,0.23956680297851562,0.23956680297851562,-2.118680953979492,0.40290643571366275,-2.875310214467646,1.693465230539053,15.0,1.0
0.869,0.23689651489257812,0.23689651489257812,-2.6549453735351562,0.400029137237265,-2.879272539441075,2.2226621692643844,15.0,1.0
0.87,0.23384475708007812,0.23384475708007812,-2.865934371948242,0.3971478906347806,-2.8832064471569083,2.4322749281118714,15.0,1.0
0.871,0.23193740844726562,0.23193740844726562,-2.0307693481445312,0.3942627243429512,-2.887111898789101,1.5785371877907135,15.0,1.0
0.872,0.22964859008789062,0.22964859008789062,-2.2153844833374023,0.39137366683720237,-2.8909888557924717,1.7502717787846067,15.0,1.0
0.873,0.22659683227539062,0.22659683227539062,-3.0329666137695312,0.3884807466313662,-2.8948372799029585,2.566388049206207,15.0,1.0
0.874,0.22430801391601562,0.22430801391601562,-2.382417678833008,0.3855839922773965,-2.8986571331381583,1.9029002211155621,15.0,1.0
0.875,0.22240066528320312,0.22240066528320312,-2.0835161209106445,0.3826834323650899,-2.9024483777975263,1.5853092493414196,15.0,1.0
0.876,0.21973037719726562,0.21973037719726562,-2.663736343383789,0.3797790955218014,-2.9062109764635977,2.158256141788228,15.0,1.0
0.877,0.21705913543701172,0.21705913543701172,-2.6197805404663086,0.3768710104121627,-2.909944892000368,2.1070137730932053,15.0,1.0
0.878,0.21477031707763672,0.21477031707763672,-2.0043954849243164,0.37395920573780067,-2.913650087555851,1.4785787272709245,15.0,1.0
0.879,0.21248149871826172,0.21248149871826172,-2.2857141494750977,0.371043710237051,-2.9173265265612542,1.7468207956956827,15.0,1.0
0.88,0.20981121063232422,0.20981121063232422,-2.953845977783203,0.36812455268467814,-2.9209741727316043,2.4075719358369074,15.0,1.0
0.881,0.20752239227294922,0.20752239227294922,-2.259340286254883,0.36520176189158776,-2.9245929900661736,1.6999378404682872,15.0,1.0
0.882,0.20523357391357422,0.20523357391357422,-2.145054817199707,0.3622753667045458,-2.9281829428485935,1.5724987662156873,15.0,1.0
0.883,0.20256328582763672,0.20256328582763672,-2.6989011764526367,0.3593453960058906,-2.9317439956475084,2.1188888334789366,15.0,1.0
0.884,0.19989299774169922,0.19989299774169922,-2.5318679809570312,0.3564118787132508,-2.9352761133165757,1.9443750822137296,15.0,1.0
0.885,0.19798564910888672,0.19798564910888672,-2.057143211364746,0.3534748437792574,-2.9387792609958865,1.4507018704244201,15.0,1.0
0.886,0.19569683074951172,0.19569683074951172,-2.4439563751220703,0.350534320191259,-2.9422534041100903,1.8242653126381896,15.0,1.0
0.887,0.19264507293701172,0.19264507293701172,-2.9098901748657227,0.34759033697103725,-2.945698508370981,2.2883706270051247,15.0,1.0
0.888,0.19035625457763672,0.19035625457763672,-2.276923179626465,0.34464292317451706,-2.9491145397769003,1.6421086688027695,15.0,1.0
0.889,0.18806743621826172,0.18806743621826172,-2.34725284576416,0.34169210789148347,-2.952501464612851,1.6991214562496353,15.0,1.0
0.89,0.18501567840576172,0.18501567840576172,-2.953845977783203,0.3387379202452913,-2.9558592494513505,2.3038203559247967,15.0,1.0
0.891,0.18272686004638672,0.18272686004638672,-2.2945051193237305,0.33578038939258076,-2.959187861152401,1.6311201983642403,15.0,1.0
0.892,0.18043804168701172,0.18043804168701172,-2.15384578704834,0.3328195445229865,-2.9624872668638886,1.4770810627240731,15.0,1.0
0.893,0.17776775360107422,0.17776775360107422,-2.8219776153564453,0.32985541485885295,-2.9657574340218957,2.1375351002012306,15.0,1.0
0.894,0.17509746551513672,0.17509746551513672,-2.6989011764526367,0.32688802965494274,-2.968998330351752,2.0067613081979747,15.0,1.0
0.895,0.17280864715576172,0.17280864715576172,-2.162637710571289,0.32391741819814945,-2.972209923866501,1.457059352340604,15.0,1.0
0.896,0.17013835906982422,0.17013835906982422,-2.6109886169433594,0.3209436098072097,-2.975392182869257,1.8976751951348847,15.0,1.0
0.897,0.16746807098388672,0.16746807098388672,-2.84835147857666,0.3179666338324109,-2.9785450759523826,2.1272848453521407,15.0,1.0
0.898,0.16517925262451172,0.16517925262451172,-2.1274728775024414,0.31498651965530494,-2.9816685719980853,1.3929133109662546,15.0,1.0
0.899,0.16327190399169922,0.16327190399169922,-2.25054931640625,0.31200329668841476,-2.984762640178701,1.4967575666782817,15.0,1.0
0.9,0.16022014617919922,0.16022014617919922,-3.0153846740722656,0.3090169943749475,-2.987827249957064,2.259510147051426,15.0,1.0
0.901,0.15793132781982422,0.15793132781982422,-2.364834785461426,0.3060276421885006,-2.9908623710867346,1.595417129904837,15.0,1.0
0.902,0.1556415557861328,0.1556415557861328,-2.136263847351074,0.30303526963277405,-2.993867973612055,1.3533015814386378,15.0,1.0
0.903,0.1529712677001953,0.1529712677001953,-2.778021812438965,0.30003990624127647,-2.996844027869571,1.987207362685611,15.0,1.0
0.904,0.1503009796142578,0.1503009796142578,-2.5758237838745117,0.2970415815770349,-2.999790504486157,1.7771423088300113,15.0,1.0
0.905,0.1483936309814453,0.1483936309814453,-1.9780216217041016,0.29404032523230417,-3.002707374381572,1.1600146610854125,15.0,1.0
0.906,0.1461048126220703,0.1461048126220703,-2.329669952392578,0.29103616682827177,-3.0055946087674386,1.4980456567181615,15.0,1.0
0.907,0.1430530548095703,0.1430530548095703,-2.90109920501709,0.2880291360147693,-3.008452179147838,2.067288243947237,15.0,1.0
0.908,0.1407642364501953,0.1407642364501953,-2.2065935134887695,0.28501926246997605,-3.0112800573198797,1.359138846465601,15.0,1.0
0.909,0.1384754180908203,0.1384754180908203,-2.15384578704834,0.2820065759001295,-3.0140782153734733,1.2927349388145046,15.0,1.0
0.91,0.1358051300048828,0.1358051300048828,-2.769230842590332,0.2789911060392291,-3.016846625691869,1.9001738574136575,15.0,1.0
0.911,0.1335163116455078,0.1335163116455078,-2.4175825119018555,0.27597288264874575,-3.0195852609520273,1.5348458159983975,15.0,1.0
0.912,0.1316089630126953,0.1316089630126953,-1.9956035614013672,0.27295193551732505,-3.0222940941247316,1.0934540548460818,15.0,1.0
0.913,0.1289386749267578,0.1289386749267578,-2.4439563751220703,0.2699282944604963,-3.0249730984746748,1.5338275696534733,15.0,1.0
0.914,0.1262683868408203,0.1262683868408203,-2.8923072814941406,0.26690198932037573,-3.0276222475617374,1.9741890711257346,15.0,1.0
0.915,0.12397956848144531,0.12397956848144531,-2.1802196502685547,0.2638730499653728,-3.030241515239311,1.248380357288156,15.0,1.0
0.916,0.12169075012207031,0.12169075012207031,-2.259340286254883,0.26084150628989705,-3.0328308756565434,1.3137707531157403,15.0,1.0
0.917,0.11902046203613281,0.11902046203613281,-2.8307695388793945,0.25780738821405974,-3.035390303257401,1.8771831282908975,15.0,1.0
0.918,0.11673164367675781,0.11673164367675781,-2.329669952392578,0.25477072568338227,-3.037919772781393,1.3623364097105517,15.0,1.0
0.919,0.11444282531738281,0.11444282531738281,-2.1098899841308594,0.25173154866849695,-3.0404192592637145,1.1288015751338571,15.0,1.0
0.92,0.11177253723144531,0.11177253723144531,-2.6813182830810547,0.24868988716485482,-3.0428887380354155,1.692189794046782,15.0,1.0
0.921,0.10910224914550781,0.10910224914550781,-2.769230842590332,0.24564577119242612,-3.045328184723715,1.7720554885703916,15.0,1.0
0.922,0.10681343078613281,0.10681343078613281,-2.1098899841308594,0.2425992307954074,-3.0477375752520572,1.098939409017921,15.0,1.0
0.923,0.10452461242675781,0.10452461242675781,-2.4175825119018555,0.239550296041922,-3.0501168858414047,1.3928508802879134,15.0,1.0
0.924,0.10147285461425781,0.10147285461425781,-2.9098901748657227,0.2364989970237246,-3.0524660930082206,1.8828162179995038,15.0,1.0
0.925,0.09918403625488281,0.09918403625488281,-2.1802196502685547,0.23344536385590553,-3.054785173567055,1.1393543907168406,15.0,1.0
0.926,0.09727668762207031,0.09727668762207031,-2.162637710571289,0.23038942667659046,-3.057074104629521,1.1022546917595701,15.0,1.0
0.927,0.09422492980957031,0.09422492980957031,-2.8043956756591797,0.2273312156466465,-3.0593328636047232,1.7416570996105991,15.0,1.0
0.928,0.0919351577758789,0.0919351577758789,-2.5230770111083984,0.224270760949381,-3.061561428199667,1.4465496305112628,15.0,1.0
0.929,0.0896463394165039,0.0896463394165039,-2.136263847351074,0.22120809279024714,-3.063759776419346,1.045930371537877,15.0,1.0
0.93,0.0869760513305664,0.0869760513305664,-2.5758237838745117,0.21814324139654231,-3.0659278865668966,1.4774037482972537,15.0,1.0
0.931,0.0843057632446289,0.0843057632446289,-2.690110206604004,0.21507623701711334,-3.0680657372437565,1.583601575947514,15.0,1.0
0.932,0.0823984146118164,0.0823984146118164,-2.039560317993164,0.2120071099220548,-3.0701733073508564,0.9135174402958834,15.0,1.0
0.933,0.0801095962524414,0.0801095962524414,-2.15384578704834,0.20893589040241162,-3.072250576086688,1.013989623211205,15.0,1.0
0.934,0.0774393081665039,0.0774393081665039,-2.769230842590332,0.2058626087698814,-3.0742975229496494,1.6212828286913452,15.0,1.0
0.935,0.0751504898071289,0.0751504898071289,-2.3384618759155273,0.20278729535651233,-3.0763141277371773,1.1766998314191013,15.0,1.0
0.936,0.0732431411743164,0.0732431411743164,-2.065934181213379,0.19970998051440705,-3.0783003705462306,0.8846364007685079,15.0,1.0
0.937,0.0705728530883789,0.0705728530883789,-2.6021976470947266,0.19663069461541985,-3.08025623177339,1.4128090382269505,15.0,1.0
0.9380000000000001,0.0679025650024414,0.0679025650024414,-2.646153450012207,0.19354946805086026,-3.0821816921150997,1.4486753036233901,15.0,1.0
0.9390000000000001,0.0659952163696289,0.0659952163696289,-1.9428577423095703,0.19046633123118964,-3.0840767325678513,0.72584773266513,15.0,1.0
0.9400000000000001,0.0637063980102539,0.0637063980102539,-2.0835161209106445,0.18738131458572457,-3.0859413344281137,0.8526985351145908,15.0,1.0
0.9410000000000001,0.061036109924316406,0.061036109924316406,-2.8131866455078125,0.18429444856233343,-3.0877754792936543,1.5742862457844136,15.0,1.0
0.9420000000000001,0.058747291564941406,0.058747291564941406,-2.34725284576416,0.18120576362713725,-3.089579149061592,1.0945507776355057,15.0,1.0
0.9430000000000001,0.056839942932128906,0.056839942932128906,-1.9868125915527344,0.17811529026421022,-3.0913523259306857,0.7145904756032684,15.0,1.0
0.9440000000000001,0.054169654846191406,0.054169654846191406,-2.5318679809570312,0.17502305897527587,-3.0930949924003244,1.2515740504929738,15.0,1.0
0.9450000000000001,0.051499366760253906,0.051499366760253906,-2.690110206604004,0.17192910027940958,-3.0948071312711107,1.4017490781202282,15.0,1.0
0.9460000000000001,0.049592018127441406,0.049592018127441406,-1.960439682006836,0.16883344471273365,-3.096488725644946,0.6525723551412739,15.0,1.0
0.9470000000000001,0.047303199768066406,0.047303199768066406,-2.0923080444335938,0.16573612282811967,-3.098139758925157,0.7706621314092357,15.0,1.0
0.9480000000000001,0.044632911682128906,0.044632911682128906,-2.742856979370117,0.16263716519488333,-3.099760214816726,1.4131605672447076,15.0,1.0
0.9490000000000001,0.042344093322753906,0.042344093322753906,-2.435164451599121,0.15953660239848622,-3.1013500773261597,1.0917020104089459,15.0,1.0
0.9500000000000001,0.040055274963378906,0.040055274963378906,-2.0747251510620117,0.15643446504023098,-3.1029093307628557,0.7175036714519372,15.0,1.0
0.9510000000000001,0.037766456604003906,0.037766456604003906,-2.540658950805664,0.1533307837369605,-3.104437959736927,1.1696858980630858,15.0,1.0
0.9520000000000001,0.035096168518066406,0.035096168518066406,-2.6285715103149414,0.15022558912075712,-3.1059359491616476,1.2495768701936545,15.0,1.0
0.9530000000000001,0.032807350158691406,0.032807350158691406,-2.039560317993164,0.1471189118386372,-3.1074032842524844,0.6468304589398668,15.0,1.0
0.9540000000000001,0.030517578125,0.030517578125,-2.2857141494750977,0.14401078255225216,-3.1088399505273827,0.8792722653564975,15.0,1.0
0.9550000000000001,0.0278472900390625,0.0278472900390625,-2.646153450012207,0.14090123193758242,-3.1102459338070645,1.2317166446829413,15.0,1.0
0.9560000000000001,0.02593994140625,0.02593994140625,-2.3208789825439453,0.13779029068463802,-3.1116212202150564,0.8870130015047093,15.0,1.0
0.9570000000000001,0.023651123046875,0.023651123046875,-2.171428680419922,0.13467798949715232,-3.1129657961778037,0.7238658809962779,15.0,1.0
0.9580000000000001,0.0209808349609375,0.0209808349609375,-2.5934066772460938,0.1315643590922824,-3.1142796484246844,1.1378798907915828,15.0,1.0
0.9590000000000001,0.018310546875,0.018310546875,-2.540658950805664,0.12844943020030294,-3.115562763989118,1.0771794366960903,15.0,1.0
0.96,0.0164031982421875,0.0164031982421875,-1.9868125915527344,0.12533323356430454,-3.116815130206895,0.503947991177595,15.0,1.0
0.961,0.0141143798828125,0.0141143798828125,-2.259340286254883,0.12221579993988949,-3.118036734717272,0.7628248523937657,15.0,1.0
0.962,0.011444091796875,0.011444091796875,-2.6197805404663086,0.11909716009486998,-3.119227565463838,1.1153489994723953,15.0,1.0
0.963,0.0091552734375,0.0091552734375,-2.2857141494750977,0.11597734480896181,-3.1203876106940527,0.7676576093529721,15.0,1.0
0.964,0.0072479248046875,0.0072479248046875,-2.065934181213379,0.11285638487348187,-3.1215168589580813,0.5285442232872133,15.0,1.0
0.965,0.00457763671875,0.00457763671875,-2.5230770111083984,0.10973431109104564,-3.1226152991109117,0.9778118275819214,15.0,1.0
0.966,0.0019073486328125,0.0019073486328125,-2.584615707397461,0.10661115427526005,-3.1236829203113885,1.0314898717227856,15.0,1.0
0.967,0.0,0.0,-1.8813190460205078,0.10348694525042286,-3.1247197120225323,0.3089035127543185,15.0,1.0
0.968,-0.0019073486328125,-0.0019073486328125,-2.039560317993164,0.10036171485121498,-3.125725664011618,0.44787060624195796,15.0,1.0
0.969,-0.0041961669921875,-0.0041961669921875,-2.540658950805664,0.09723549392239961,-3.1267007663503037,0.935433098174167,15.0,1.0
0.97,-0.006866455078125,-0.006866455078125,-2.3999996185302734,0.09410831331851435,-3.127645009414728,0.7869761350651359,15.0,1.0
0.971,-0.0087738037109375,-0.0087738037109375,-1.9252738952636719,0.09098020390357014,-3.128558383885597,0.29302562559568957,15.0,1.0
0.972,-0.0110626220703125,-0.0110626220703125,-2.2065935134887695,0.08785119655074315,-3.1294408807482625,0.5608599120563418,15.0,1.0
0.973,-0.01373291015625,-0.01373291015625,-2.567032814025879,0.08472132214207362,-3.1302924912926144,0.9135538072081189,15.0,1.0
0.974,-0.0156402587890625,-0.0156402587890625,-2.118680953979492,0.08159061156815792,-3.131113207114275,0.4460308022235233,15.0,1.0
0.975,-0.017547607421875,-0.017547607421875,-1.8461532592773438,0.07845909572784507,-3.131903020112439,0.15435078641070565,15.0,1.0
0.976,-0.01983642578125,-0.01983642578125,-2.25054931640625,0.07532680552793304,-3.132661922492197,0.5453358635517986,15.0,1.0
0.977,-0.0225067138671875,-0.0225067138671875,-2.6549453735351562,0.07219377188286066,-3.133389906763483,0.9420627530223955,15.0,1.0
0.978,-0.0244140625,-0.0244140625,-2.0307693481445312,0.06906002571440606,-3.134086965741396,0.298793705619226,15.0,1.0
0.979,-0.0263214111328125,-0.0263214111328125,-1.9780216217041016,0.06592559795137787,-3.1347530925462372,0.22697366542071995,15.0,1.0
0.98,-0.02899169921875,-0.02899169921875,-2.5142860412597656,0.06279051952931358,-3.1353882806035998,0.7556310418771197,15.0,1.0
0.981,-0.031281471252441406,-0.031281471252441406,-2.4967031478881836,0.059654821390170656,-3.1359925236444504,0.7247550138829142,15.0,1.0
0.982,-0.033188819885253906,-0.033188819885253906,-1.8197803497314453,0.05651853448202468,-3.136565815704916,0.028824849535707964,15.0,1.0
0.983,-0.035477638244628906,-0.035477638244628906,-2.039560317993164,0.05338168975876082,-3.1371081511275065,0.23534208691650327,15.0,1.0
0.984,-0.037766456604003906,-0.037766456604003906,-2.6109886169433594,0.05024431817976966,-3.1376195245589287,0.7935307141410342,15.0,1.0
0.985,-0.040436744689941406,-0.040436744689941406,-2.34725284576416,0.04710645070964296,-3.1380999309523503,0.5223008458055751,15.0,1.0
0.986,-0.042344093322753906,-0.042344093322753906,-1.916482925415039,0.04396811831786495,-3.1385493655663517,0.07261673445797046,15.0,1.0
0.987,-0.044632911682128906,-0.044632911682128906,-2.259340286254883,0.040829351978510245,-3.1389678239652063,0.40230641719926363,15.0,1.0
0.988,-0.047303199768066406,-0.047303199768066406,-2.663736343383789,0.037690182669934534,-3.1393553020188882,0.7992817779349151,15.0,1.0
0.989,-0.049210548400878906,-0.049210548400878906,-2.057143211364746,0.03455064137447246,-3.1397117959031444,0.17384926209187213,15.0,1.0
0.99,-0.050736427307128906,-0.050736427307128906,-1.8021984100341797,0.031410759078128236,-3.1400373020995325,-0.1056310962864957,15.0,1.0
0.991,-0.053025245666503906,-0.053025245666503906,-2.2945051193237305,0.02827056677027339,-3.140331817395209,0.37361048848018097,15.0,1.0
0.992,-0.056077003479003906,-0.056077003479003906,-2.7340660095214844,0.025130095443337813,-3.1405953388840935,0.8115771544725168,15.0,1.0
0.993,-0.057984352111816406,-0.057984352111816406,-1.960439682006836,0.021989376092505196,-3.140827863964674,0.019217741106986264,15.0,1.0
0.994,-0.059891700744628906,-0.059891700744628906,-1.9780216217041016,0.01884843971540846,-3.141029390342241,0.01809433826242124,15.0,1.0
0.995,-0.0625619888305664,-0.0625619888305664,-2.4703292846679688,0.01570731731182071,-3.1411999160278077,0.5031689607759677,15.0,1.0
0.996,-0.0648508071899414,-0.0648508071899414,-2.4439563751220703,0.012566039883352836,-3.141339439338358,0.46386964188312585,15.0,1.0
0.997,-0.0667581558227539,-0.0667581558227539,-1.7670326232910156,0.009424638433143987,-3.1414479588968516,-0.2316734217673675,15.0,1.0
0.998,-0.0686655044555664,-0.0686655044555664,-1.8989009857177734,0.006283143965559127,-3.141525473632245,-0.11839476159758866,15.0,1.0
0.999,-0.0709543228149414,-0.0709543228149414,-2.5054941177368164,0.0031415874858794902,-3.141571982779499,0.4753607894696308,15.0,1.0
1.0,-0.0732431411743164,-0.0732431411743164,-2.3912086486816406,1.2246467991473532e-16,-3.1415874858794126,0.3482682804169759,15.0,1.0
1.0010000000000001,-0.0751504898071289,-0.0751504898071289,-1.8021984100341797,-0.0031415874858796893,-3.1415719827794995,-0.25924003792658135,15.0,1.0
1.002,-0.0770578384399414,-0.0770578384399414,-1.9868125915527344,-0.006283143965558882,-3.141525473632246,-0.09309246496377388,15.0,1.0
1.0030000000000001,-0.0797281265258789,-0.0797281265258789,-2.5494508743286133,-0.009424638433144186,-3.1414479588968525,0.46255523682278166,15.0,1.0
1.004,-0.0820169448852539,-0.0820169448852539,-2.1978025436401367,-0.012566039883352592,-3.141339439338358,0.0982266793302986,15.0,1.0
1.0050000000000001,-0.0835428237915039,-0.0835428237915039,-1.7406597137451172,-0.015707317311820908,-3.1411999160278086,-0.38300760508744625,15.0,1.0
1.006,-0.0854501724243164,-0.0854501724243164,-1.916482925415039,-0.018848439715408213,-3.14102939034224,-0.22552047429357802,15.0,1.0
1.0070000000000001,-0.0881204605102539,-0.0881204605102539,-2.4967031478881836,-0.021989376092505394,-3.1408278639646756,0.3478415501897356,15.0,1.0
1.008,-0.0904092788696289,-0.0904092788696289,-2.2065935134887695,-0.02513009544333757,-3.1405953388840953,0.04518592599904436,15.0,1.0
1.0090000000000001,-0.0919351577758789,-0.0919351577758789,-1.7934074401855469,-0.028270566770273592,-3.140331817395211,-0.3919555121255842,15.0,1.0
1.01,-0.09422492980957031,-0.09422492980957031,-1.9868125915527344,-0.031410759078127994,-3.1400373020995307,-0.21101214957516146,15.0,1.0
1.0110000000000001,-0.09651374816894531,-0.09651374816894531,-2.487912178039551,-0.03455064137447266,-3.139711795903148,0.27764698405349253,15.0,1.0
1.012,-0.09880256652832031,-0.09880256652832031,-2.15384578704834,-0.03769018266993429,-3.1393553020188847,-0.06882375709475452,15.0,1.0
1.0130000000000001,-0.10032844543457031,-0.10032844543457031,-1.6967029571533203,-0.04082935197851044,-3.1389678239652063,-0.5497784649709879,15.0,1.0
1.014,-0.10223579406738281,-0.10223579406738281,-1.837362289428711,-0.04396811831786471,-3.138549365566135,-0.4271719398946524,15.0,1.0
1.0150000000000001,-0.10452461242675781,-0.10452461242675781,-2.4263734817504883,-0.047106450709642714,-3.1380999309523574,0.14954597655485735,15.0,1.0
1.016,-0.10681343078613281,-0.10681343078613281,-2.259340286254883,-0.05024431817976942,-3.137619524558925,-0.02974254920859143,15.0,1.0
1.0170000000000001,-0.10872077941894531,-0.10872077941894531,-1.7846145629882812,-0.05338168975876058,-3.13710815112751,-0.5224072432364578,15.0,1.0
1.018,-0.11062812805175781,-0.11062812805175781,-1.8813190460205078,-0.056518534482024436,-3.136565815705133,-0.4436028661386243,15.0,1.0
1.0190000000000001,-0.11329841613769531,-0.11329841613769531,-2.461538314819336,-0.05965482139017086,-3.135992523644454,0.13019971238774886,15.0,1.0
1.02,-0.11520576477050781,-0.11520576477050781,-2.241758346557617,-0.06279051952931335,-3.1353882806035998,-0.10740125542806556,15.0,1.0
1.0210000000000001,-0.11711311340332031,-0.11711311340332031,-1.7054939270019531,-0.06592559795137808,-3.1347530925462337,-0.661446433765147,15.0,1.0
1.022,-0.11902046203613281,-0.11902046203613281,-1.8021984100341797,-0.06906002571440581,-3.134086965741389,-0.5824820108813042,15.0,1.0
1.0230000000000001,-0.12130928039550781,-0.12130928039550781,-2.4439563751220703,-0.07219377188286087,-3.1333899067634903,0.047299096048284195,15.0,1.0
1.024,-0.12359809875488281,-0.12359809875488281,-2.356043815612793,-0.07532680552793279,-3.1326619224920904,-0.05254870847504711,15.0,1.0
1.025,-0.1255054473876953,-0.1255054473876953,-1.7934074401855469,-0.07845909572784437,-3.131903020112439,-0.6328003050291282,15.0,1.0
1.026,-0.1274127960205078,-0.1274127960205078,-1.872528076171875,-0.08159061156815768,-3.131113207114275,-0.5712523641571481,15.0,1.0
1.027,-0.1297016143798828,-0.1297016143798828,-2.373626708984375,-0.08472132214207292,-3.1302924912926073,-0.08196139874108399,15.0,1.0
1.028,-0.1319904327392578,-0.1319904327392578,-2.259340286254883,-0.0878511965507429,-3.1294408807482696,-0.20801205166566317,15.0,1.0
1.029,-0.1338977813720703,-0.1338977813720703,-1.7582416534423828,-0.09098020390356945,-3.12855838388559,-0.7265530684156942,15.0,1.0
1.03,-0.1354236602783203,-0.1354236602783203,-1.8021984100341797,-0.0941083133185141,-3.127645009414742,-0.7057163949834693,15.0,1.0
1.031,-0.1380939483642578,-0.1380939483642578,-2.373626708984375,-0.09723549392239893,-3.126700766350311,-0.1401972407380525,15.0,1.0
1.032,-0.1403827667236328,-0.1403827667236328,-2.329669952392578,-0.10036171485121473,-3.1257256640116253,-0.19573993353277597,15.0,1.0
1.033,-0.1419086456298828,-0.1419086456298828,-1.8109893798828125,-0.10348694525042217,-3.1247197120225323,-0.7374048264478101,15.0,1.0
1.034,-0.1438159942626953,-0.1438159942626953,-1.8549442291259766,-0.1066111542752598,-3.1236829203114027,-0.7106660913738935,15.0,1.0
1.035,-0.1464862823486328,-0.1464862823486328,-2.373626708984375,-0.10973431109104496,-3.1226152991109117,-0.19770902126271905,15.0,1.0
1.036,-0.1483936309814453,-0.1483936309814453,-2.2329673767089844,-0.11285638487348164,-3.121516858958074,-0.35549079062963473,15.0,1.0
1.037,-0.1503009796142578,-0.1503009796142578,-1.7758235931396484,-0.11597734480896112,-3.1203876106940314,-0.8297094954749324,15.0,1.0
1.038,-0.1522083282470703,-0.1522083282470703,-1.8197803497314453,-0.11909716009486973,-3.1192275654640653,-0.8027796934496113,15.0,1.0
1.039,-0.1544971466064453,-0.1544971466064453,-2.329669952392578,-0.12221579993988924,-3.118036734717265,-0.30414658232634556,15.0,1.0
1.04,-0.15678691864013672,-0.15678691864013672,-2.3032970428466797,-0.12533323356430429,-3.1168151302067244,-0.34171281122255825,15.0,1.0
1.041,-0.15869426727294922,-0.15869426727294922,-1.8637371063232422,-0.1284494302003027,-3.1155627639891534,-0.7981531015762133,15.0,1.0
1.042,-0.16060161590576172,-0.16060161590576172,-1.9076919555664062,-0.13156435909228262,-3.1142796484246844,-0.7710288406560917,15.0,1.0
1.043,-0.16289043426513672,-0.16289043426513672,-2.373626708984375,-0.13467798949715207,-3.1129657961777895,-0.3161524156736447,15.0,1.0
1.044,-0.16517925262451172,-0.16517925262451172,-2.1802196502685547,-0.13779029068463822,-3.1116212202150706,-0.5205671408484134,15.0,1.0
1.045,-0.16670513153076172,-0.16670513153076172,-1.7230777740478516,-0.1409012319375822,-3.1102459338070787,-1.0001096658615343,15.0,1.0
1.046,-0.16861248016357422,-0.16861248016357422,-1.74945068359375,-0.14401078255225236,-3.1088399505273827,-0.9903638027638049,15.0,1.0
1.047,-0.17090129852294922,-0.17090129852294922,-2.25054931640625,-0.14711891183863696,-3.107403284252257,-0.5001181675813231,15.0,1.0
1.048,-0.17319011688232422,-0.17319011688232422,-2.3384618759155273,-0.15022558912075687,-3.105935949161662,-0.4230061568226242,15.0,1.0
1.049,-0.17509746551513672,-0.17509746551513672,-1.7934074401855469,-0.15333078373696027,-3.104437959736913,-0.9845302928787193,15.0,1.0
1.05,-0.17662334442138672,-0.17662334442138672,-1.7406597137451172,-0.15643446504023073,-3.10290933076287,-1.0594164263004129,15.0,1.0
1.051,-0.17891216278076172,-0.17891216278076172,-2.1274728775024414,-0.159536602398486,-3.101350077326387,-0.6832437940898098,15.0,1.0
1.052,-0.18120098114013672,-0.18120098114013672,-2.3032970428466797,-0.16263716519488353,-3.099760214816726,-0.5180059327912485,15.0,1.0
1.053,-0.18272686004638672,-0.18272686004638672,-1.7230777740478516,-0.16573612282811945,-3.098139758925157,-1.1202009266032964,15.0,1.0
1.054,-0.18425273895263672,-0.18425273895263672,-1.6000003814697266,-0.16883344471273384,-3.096488725644946,-1.2651989305766762,15.0,1.0
1.055,-0.18616008758544922,-0.18616008758544922,-1.8637371063232422,-0.17192910027940933,-3.0948071312711107,-1.0176052153572703,15.0,1.0
1.056,-0.18883037567138672,-0.18883037567138672,-2.356043815612793,-0.1750230589752761,-3.0930949924003244,-0.5299414263458719,15.0,1.0
1.057,-0.19035625457763672,-0.19035625457763672,-1.9516487121582031,-0.17811529026420997,-3.0913523259306572,-0.9560891490710528,15.0,1.0
1.058,-0.19226360321044922,-0.19226360321044922,-1.5736255645751953,-0.18120576362713745,-3.0895791490616347,-1.3500859907367628,15.0,1.0
1.059,-0.19378948211669922,-0.19378948211669922,-1.7406597137451172,-0.1842944485623332,-3.0877754792936543,-1.2046902622330469,15.0,1.0
1.06,-0.19607830047607422,-0.19607830047607422,-2.2153844833374023,-0.18738131458572477,-3.0859413344280853,-0.7401020627354411,15.0,1.0
1.061,-0.19836711883544922,-0.19836711883544922,-2.1098899841308594,-0.1904663312311894,-3.084076732567823,-0.8556749343730661,15.0,1.0
1.062,-0.19989299774169922,-0.19989299774169922,-1.5648345947265625,-0.19354946805086046,-3.082181692115128,-1.4221941520259842,15.0,1.0
1.063,-0.20141887664794922,-0.20141887664794922,-1.538461685180664,-0.19663069461541963,-3.080256231773376,-1.469971816104768,15.0,1.0
1.064,-0.20294475555419922,-0.20294475555419922,-1.837362289428711,-0.19970998051440725,-3.078300370546245,-1.1924164555206542,15.0,1.0
1.065,-0.20561504364013672,-0.20561504364013672,-2.268132209777832,-0.2027872953565121,-3.076314127736964,-0.7657656937047629,15.0,1.0
1.066,-0.20714092254638672,-0.20714092254638672,-1.8197803497314453,-0.2058626087698812,-3.074297522949635,-1.235342466570607,15.0,1.0
1.067,-0.20904827117919922,-0.20904827117919922,-1.582418441772461,-0.20893589040241137,-3.072250576086674,-1.488146422662395,15.0,1.0
1.068,-0.21057415008544922,-0.21057415008544922,-1.7582416534423828,-0.21200710992205454,-3.0701733073508706,-1.3334260514575675,15.0,1.0
1.069,-0.21286296844482422,-0.21286296844482422,-2.15384578704834,-0.2150762370171131,-3.0680657372439697,-0.947418978779963,15.0,1.0
1.07,-0.21477031707763672,-0.21477031707763672,-2.0219783782958984,-0.2181432413965425,-3.065927886566911,-1.0945433730545993,15.0,1.0
1.071,-0.21629619598388672,-0.21629619598388672,-1.5648345947265625,-0.2212080927902469,-3.0637597764193174,-1.5726036337881575,15.0,1.0
1.072,-0.21782207489013672,-0.21782207489013672,-1.538461685180664,-0.2242707609493812,-3.0615614281996955,-1.6198300339076985,15.0,1.0
1.073,-0.21973037719726562,-0.21973037719726562,-1.8461532592773438,-0.22733121564664627,-3.0593328636047232,-1.3271921810680891,15.0,1.0
1.074,-0.22201919555664062,-0.22201919555664062,-2.259340286254883,-0.23038942667659065,-3.057074104629507,-0.9232872851738745,15.0,1.0
1.075,-0.22392654418945312,-0.22392654418945312,-1.8197803497314453,-0.23344536385590528,-3.054785173567069,-1.377787118832406,15.0,1.0
1.076,-0.22545242309570312,-0.22545242309570312,-1.582418441772461,-0.2364989970237248,-3.052466093008263,-1.6357462601561272,15.0,1.0
1.077,-0.22697830200195312,-0.22697830200195312,-1.7230777740478516,-0.23955029604192177,-3.0501168858413905,-1.5156190223930686,15.0,1.0
1.078,-0.22926712036132812,-0.22926712036132812,-2.145054817199707,-0.2425992307954076,-3.0477375752520572,-1.1026644145635423,15.0,1.0
1.079,-0.23117446899414062,-0.23117446899414062,-1.9956035614013672,-0.2456457711924259,-3.045328184723701,-1.2667941562966127,15.0,1.0
1.08,-0.23270034790039062,-0.23270034790039062,-1.5736255645751953,-0.24868988716485502,-3.042888738035387,-1.7091062624271576,15.0,1.0
1.081,-0.23422622680664062,-0.23422622680664062,-1.5560436248779297,-0.2517315486684967,-3.0404192592637003,-1.7469554623136112,15.0,1.0
1.082,-0.23613357543945312,-0.23613357543945312,-1.8197803497314453,-0.25477072568338244,-3.0379197727814216,-1.497696676708916,15.0,1.0
1.083,-0.23842239379882812,-0.23842239379882812,-2.2065935134887695,-0.2578073882140595,-3.0353903032571736,-1.119571705996875,15.0,1.0
1.084,-0.24032974243164062,-0.24032974243164062,-1.8549442291259766,-0.26084150628989683,-3.032830875656515,-1.4855631044043816,15.0,1.0
1.085,-0.24185562133789062,-0.24185562133789062,-1.538461685180664,-0.2638730499653726,-3.030241515239368,-1.8220412594709332,15.0,1.0
1.086,-0.24338150024414062,-0.24338150024414062,-1.6000003814697266,-0.2669019893203755,-3.027622247561766,-1.7804292022355626,15.0,1.0
1.087,-0.24528884887695312,-0.24528884887695312,-1.9692306518554688,-0.2699282944604961,-3.0249730984748453,-1.425334130372521,15.0,1.0
1.088,-0.24757766723632812,-0.24757766723632812,-2.039560317993164,-0.2729519355173252,-3.02229409412476,-1.3633478003465522,15.0,1.0
1.089,-0.24910354614257812,-0.24910354614257812,-1.538461685180664,-0.27597288264874553,-3.019585260951999,-1.884163623363846,15.0,1.0
1.09,-0.2502479553222656,-0.2502479553222656,-1.415384292602539,-0.2789911060392293,-3.016846625691869,-2.0326095938437847,15.0,1.0
1.091,-0.2517738342285156,-0.2517738342285156,-1.5736255645751953,-0.2820065759001293,-3.014078215373445,-1.8939437758724544,15.0,1.0
1.092,-0.2540626525878906,-0.2540626525878906,-1.9516487121582031,-0.2850192624699762,-3.011280057319908,-1.523980493392989,15.0,1.0
1.093,-0.2559700012207031,-0.2559700012207031,-1.960439682006836,-0.2880291360147691,-3.0084521791478664,-1.52889951905202,15.0,1.0
1.094,-0.2574958801269531,-0.2574958801269531,-1.538461685180664,-0.291036166828272,-3.00559460876741,-1.9702372241065291,15.0,1.0
1.095,-0.2590217590332031,-0.2590217590332031,-1.4329662322998047,-0.2940403252323039,-3.002707374381515,-2.0950196350682218,15.0,1.0
1.096,-0.2605476379394531,-0.2605476379394531,-1.6527481079101562,-0.2970415815770351,-2.9997905044861852,-1.8944515511397584,15.0,1.0
1.097,-0.2624549865722656,-0.2624549865722656,-2.0219783782958984,-0.30003990624127624,-2.9968440278695425,-1.5386394446088034,15.0,1.0
1.098,-0.2643623352050781,-0.2643623352050781,-1.8549442291259766,-0.3030352696327742,-2.9938679736120832,-1.719017760901548,15.0,1.0
1.099,-0.2658882141113281,-0.2658882141113281,-1.4329662322998047,-0.30602764218850037,-2.9908623710867346,-2.1599875599445135,15.0,1.0
1.1,-0.2674140930175781,-0.2674140930175781,-1.3802204132080078,-0.30901699437494773,-2.9878272499570926,-2.231650357109629,15.0,1.0
1.101,-0.2689399719238281,-0.2689399719238281,-1.6439552307128906,-0.31200329668841453,-2.984762640178701,-1.9867572809346066,15.0,1.0
1.102,-0.2708473205566406,-0.2708473205566406,-2.013186454772949,-0.31498651965530516,-2.9816685719980853,-1.6305701037051041,15.0,1.0
1.103,-0.2727546691894531,-0.2727546691894531,-1.8461532592773438,-0.3179666338324107,-2.978545075952127,-1.8105712863191465,15.0,1.0
1.104,-0.2742805480957031,-0.2742805480957031,-1.459341049194336,-0.3209436098072095,-2.975392182869257,-2.2159970593475165,15.0,1.0
1.105,-0.2758064270019531,-0.2758064270019531,-1.415384292602539,-0.3239174181981492,-2.972209923866501,-2.2784904992069026,15.0,1.0
1.106,-0.2773323059082031,-0.2773323059082031,-1.7230777740478516,-0.3268880296549425,-2.9689983303517806,-1.9892564125050198,15.0,1.0
1.107,-0.2792396545410156,-0.2792396545410156,-2.013186454772949,-0.3298554148588527,-2.9657574340220947,-1.7118073840167018,15.0,1.0
1.108,-0.2811470031738281,-0.2811470031738281,-1.8285713195800781,-0.33281954452298673,-2.962487266863917,-1.909004067521218,15.0,1.0
1.109,-0.28267383575439453,-0.28267383575439453,-1.3626365661621094,-0.33578038939258054,-2.959187861152344,-2.3931495995630248,15.0,1.0
1.11,-0.28381824493408203,-0.28381824493408203,-1.3186817169189453,-0.3387379202452915,-2.955859249451379,-2.460972662200575,15.0,1.0
1.111,-0.28534412384033203,-0.28534412384033203,-1.582418441772461,-0.34169210789148324,-2.952501464612851,-2.215302783607658,15.0,1.0
1.112,-0.28763294219970703,-0.28763294219970703,-2.0307693481445312,-0.3446429231745172,-2.949114539776872,-1.7734949062544936,15.0,1.0
1.113,-0.28954029083251953,-0.28954029083251953,-1.8901100158691406,-0.34759033697103703,-2.9456985083710094,-1.9263391845796312,15.0,1.0
1.114,-0.29068470001220703,-0.29068470001220703,-1.3802204132080078,-0.35053432019125924,-2.942253404110062,-2.4597772935878375,15.0,1.0
1.115,-0.29221057891845703,-0.29221057891845703,-1.3978023529052734,-0.35347484377925714,-2.938779260995858,-2.459940881002586,15.0,1.0
1.116,-0.29373645782470703,-0.29373645782470703,-1.626373291015625,-0.356411878713251,-2.9352761133166325,-2.2490341356291665,15.0,1.0
1.117,-0.29564380645751953,-0.29564380645751953,-1.9780216217041016,-0.3593453960058904,-2.93174399564748,-1.9092462171689413,15.0,1.0
1.118,-0.29755115509033203,-0.29755115509033203,-1.8021984100341797,-0.362275366704546,-2.928182942848622,-2.096847707027652,15.0,1.0
1.119,-0.29907703399658203,-0.29907703399658203,-1.3450546264648438,-0.36520176189158754,-2.9245929900661167,-2.5714092820263557,15.0,1.0
1.12,-0.30022144317626953,-0.30022144317626953,-1.3010997772216797,-0.3681245526846783,-2.9209741727316327,-2.6384210381360846,15.0,1.0
1.121,-0.30174732208251953,-0.30174732208251953,-1.4945049285888672,-0.3710437102370508,-2.9173265265610553,-2.462267420290157,15.0,1.0
1.122,-0.30365467071533203,-0.30365467071533203,-1.8637371063232422,-0.37395920573780045,-2.913650087555851,-2.1044810065696353,15.0,1.0
1.123,-0.30556201934814453,-0.30556201934814453,-1.8989009857177734,-0.3768710104121625,-2.9099448920003397,-2.0806787722428357,15.0,1.0
1.124,-0.30708789825439453,-0.30708789825439453,-1.459341049194336,-0.37977909552180117,-2.9062109764635977,-2.5372378862803613,15.0,1.0
1.125,-0.30823230743408203,-0.30823230743408203,-1.371429443359375,-0.38268343236508967,-2.9024483777977252,-2.647785808403465,15.0,1.0
1.1260000000000001,-0.30975818634033203,-0.30975818634033203,-1.4945049285888672,-0.38558399227739665,-2.8986571331381867,-2.5415392936052887,15.0,1.0
1.127,-0.31166553497314453,-0.31166553497314453,-1.714284896850586,-0.388480746631366,-2.8948372799029585,-2.3327805579256946,15.0,1.0
1.1280000000000001,-0.31319141387939453,-0.31319141387939453,-1.7670326232910156,-0.3913736668372026,-2.8909888557925,-2.2966900268686055,15.0,1.0
1.129,-0.31471729278564453,-0.31471729278564453,-1.459341049194336,-0.39426272434295095,-2.8871118987890725,-2.620952322954333,15.0,1.0
1.1300000000000001,-0.31624317169189453,-0.31624317169189453,-1.3098907470703125,-0.3971478906347808,-2.8832064471569367,-2.7868864842299184,15.0,1.0
1.131,-0.31738758087158203,-0.31738758087158203,-1.371429443359375,-0.4000291372372648,-2.8792725394410468,-2.747466441566913,15.0,1.0
1.1320000000000001,-0.31891345977783203,-0.31891345977783203,-1.5560436248779297,-0.4029064357136629,-2.8753102144676177,-2.579161228627151,15.0,1.0
1.133,-0.32082080841064453,-0.32082080841064453,-1.7846145629882812,-0.40577975766620006,-2.871319511343188,-2.36108918718824,15.0,1.0
1.1340000000000001,-0.32234668731689453,-0.32234668731689453,-1.5912094116210938,-0.4086490747363493,-2.867300469454193,-2.570626869124921,15.0,1.0
1.135,-0.32387256622314453,-0.32387256622314453,-1.3186817169189453,-0.4115143586051085,-2.863253128467562,-2.859198297278076,15.0,1.0
1.1360000000000001,-0.32501697540283203,-0.32501697540283203,-1.3802204132080078,-0.4143755809932845,-2.8591775283283027,-2.8193361989770818,15.0,1.0
1.137,-0.32654285430908203,-0.32654285430908203,-1.582418441772461,-0.41723271366176506,-2.855073709261063,-2.6330031577788477,15.0,1.0
1.1380000000000001,-0.32845020294189453,-0.32845020294189453,-1.6703300476074219,-0.42008572841180664,-2.8509417117690248,-2.5551445462102844,15.0,1.0
1.139,-0.32997608184814453,-0.32997608184814453,-1.6703300476074219,-0.42293459708530307,-2.8467815766329636,-2.5708292575829197,15.0,1.0
1.1400000000000001,-0.33150196075439453,-0.33150196075439453,-1.371429443359375,-0.42577929156507266,-2.8425933449125864,-2.885323863713383,15.0,1.0
1.141,-0.33264636993408203,-0.33264636993408203,-1.2571430206298828,-0.4286197837751282,-2.8383770579432053,-3.0208352449290152,15.0,1.0
1.1420000000000001,-0.33379077911376953,-0.33379077911376953,-1.3450546264648438,-0.4314560456809591,-2.8341327573381534,-2.9540571293811526,15.0,1.0
1.143,-0.33531665802001953,-0.33531665802001953,-1.5472526550292969,-0.4342880492898045,-2.829860484986966,-2.767178699004444,15.0,1.0
1.1440000000000001,-0.33722400665283203,-0.33722400665283203,-1.7582416534423828,-0.43711576665093305,-2.825560283055296,-2.565695029584428,15.0,1.0
1.145,-0.33874988555908203,-0.33874988555908203,-1.5208797454833984,-0.4399391698559151,-2.821232193984315,-2.8181917129534124,15.0,1.0
1.1460000000000001,-0.33989429473876953,-0.33989429473876953,-1.2835159301757812,-0.4427582310389017,-2.816876260490602,-3.0763193748168036,15.0,1.0
1.147,-0.34142017364501953,-0.34142017364501953,-1.3186817169189453,-0.4455729223768963,-2.8124925255653466,-3.0561020396245526,15.0,1.0
1.1480000000000001,-0.34294605255126953,-0.34294605255126953,-1.4329662322998047,-0.44838321609003245,-2.808081032474405,-2.956672253256044,15.0,1.0
1.149,-0.34447288513183594,-0.34447288513183594,-1.6175823211669922,-0.4511890844418451,-2.8036418247572783,-2.7868024932404234,15.0,1.0
1.1500000000000001,-0.34599876403808594,-0.34599876403808594,-1.6879119873046875,-0.4539904997395471,-2.7991749462272537,-2.7311389944444833,15.0,1.0
1.151,-0.34752464294433594,-0.34752464294433594,-1.4417591094970703,-0.4567874343342996,-2.7946804409705237,-2.991863202322908,15.0,1.0
1.1520000000000001,-0.34866905212402344,-0.34866905212402344,-1.1516475677490234,-0.45957986062148815,-2.790158353345987,-3.3021729130589343,15.0,1.0
1.153,-0.34981346130371094,-0.34981346130371094,-1.2219772338867188,-0.46236775104099154,-2.785608727985192,-3.251945840157682,15.0,1.0
1.154,-0.35133934020996094,-0.35133934020996094,-1.3890113830566406,-0.4651510780774579,-2.7810316097908014,-3.0991962947466156,15.0,1.0
1.155,-0.35286521911621094,-0.35286521911621094,-1.6439552307128906,-0.4679298142605732,-2.776427043937133,-2.8584407403896757,15.0,1.0
1.156,-0.35477256774902344,-0.35477256774902344,-1.6879119873046875,-0.4707039321653322,-2.7717950758693632,-2.822853554809307,15.0,1.0
1.157,-0.35591697692871094,-0.35591697692871094,-1.4417591094970703,-0.473473404412312,-2.7671357513033286,-3.0887230540602744,15.0,1.0
1.158,-0.35744285583496094,-0.35744285583496094,-1.1956043243408203,-0.4762382036679388,-2.7624491162244453,-3.3487750093782926,15.0,1.0
1.159,-0.35858726501464844,-0.35858726501464844,-1.2747249603271484,-0.4789983026447609,-2.7577352168881077,-3.2891758210126465,15.0,1.0
1.16,-0.36011314392089844,-0.36011314392089844,-1.5296707153320312,-0.481753674101715,-2.7529940998184657,-3.0479313371986825,15.0,1.0
1.161,-0.36163902282714844,-0.36163902282714844,-1.6967029571533203,-0.4845042908443979,-2.7482258118085667,-2.8945018749139884,15.0,1.0
1.162,-0.36354637145996094,-0.36354637145996094,-1.5736255645751953,-0.4872501257253321,-2.7434303999193332,-3.0253611493247057,15.0,1.0
1.163,-0.36469078063964844,-0.36469078063964844,-1.2747249603271484,-0.48999115164423657,-2.7386079114796757,-3.3433885162213492,15.0,1.0
1.164,-0.36583518981933594,-0.36583518981933594,-1.125274658203125,-0.4927273415482914,-2.7337583940854415,-3.5118660118166485,15.0,1.0
1.165,-0.36697959899902344,-0.36697959899902344,-1.1956043243408203,-0.49545866843240755,-2.7288818955996703,-3.460463612759612,15.0,1.0
1.166,-0.36850547790527344,-0.36850547790527344,-1.4329662322998047,-0.4981851053394907,-2.7239784641511733,-3.236206643364627,15.0,1.0
1.167,-0.37003135681152344,-0.37003135681152344,-1.626373291015625,-0.50090662536071,-2.719048148134874,-3.055803885357047,15.0,1.0
1.168,-0.37155723571777344,-0.37155723571777344,-1.5648345947265625,-0.5036232016357604,-2.7140909962113255,-3.130245890254567,15.0,1.0
1.169,-0.37270164489746094,-0.37270164489746094,-1.2747249603271484,-0.5063348073531326,-2.709107057305289,-3.438879533813216,15.0,1.0
1.17,-0.37384605407714844,-0.37384605407714844,-1.125274658203125,-0.5090414157503709,-2.704096380606245,-3.6067521475014566,15.0,1.0
1.171,-0.37499046325683594,-0.37499046325683594,-1.1692314147949219,-0.5117430001143451,-2.699059015567599,-3.5811156536353153,15.0,1.0
1.172,-0.37651634216308594,-0.37651634216308594,-1.4065933227539062,-0.5144395337815061,-2.693995011905912,-3.356249563428308,15.0,1.0
1.173,-0.37804222106933594,-0.37804222106933594,-1.5648345947265625,-0.517130990138157,-2.6889044196014993,-3.2104013609072526,15.0,1.0
1.174,-0.37956809997558594,-0.37956809997558594,-1.5472526550292969,-0.5198173426207091,-2.6837872888958714,-3.240273273543422,15.0,1.0
1.175,-0.38109397888183594,-0.38109397888183594,-1.2835159301757812,-0.5224985647159487,-2.6786436702931837,-3.5161965276290936,15.0,1.0
1.176,-0.38185691833496094,-0.38185691833496094,-1.0549449920654297,-0.5251746299612954,-2.673473614558816,-3.768294296888403,15.0,1.0
1.177,-0.38300132751464844,-0.38300132751464844,-1.1340656280517578,-0.5278455119450663,-2.668277172719229,-3.7068743111237397,15.0,1.0
1.178,-0.38452720642089844,-0.38452720642089844,-1.2571430206298828,-0.5305111843067338,-2.6630543960610567,-3.5956710437187045,15.0,1.0
1.179,-0.38567161560058594,-0.38567161560058594,-1.459341049194336,-0.5331716207371886,-2.6578053361313323,-3.4109643639860363,15.0,1.0
1.18,-0.38757896423339844,-0.38757896423339844,-1.6087913513183594,-0.5358267949789964,-2.6525300447357836,-3.267456154601394,15.0,1.0
1.181,-0.38872337341308594,-0.38872337341308594,-1.4241752624511719,-0.5384766808266602,-2.6472285739396852,-3.469352922692128,15.0,1.0
1.182,-0.38986778259277344,-0.38986778259277344,-1.0989017486572266,-0.5411212521268757,-2.641900976066154,-3.8118012704204607,15.0,1.0
1.183,-0.39101219177246094,-0.39101219177246094,-1.1428565979003906,-0.5437604827787925,-2.636547303696659,-3.784915070891242,15.0,1.0
1.184,-0.39215660095214844,-0.39215660095214844,-1.1780223846435547,-0.546394346734269,-2.6311676096696033,-3.766711411757857,15.0,1.0
1.185,-0.39368247985839844,-0.39368247985839844,-1.4417591094970703,-0.5490228179981318,-2.6257619470803775,-3.5141079096793075,15.0,1.0
1.186,-0.39520835876464844,-0.39520835876464844,-1.6000003814697266,-0.5516458706284298,-2.6203303692811915,-3.366892665768186,15.0,1.0
1.187,-0.39673423767089844,-0.39673423767089844,-1.4241752624511719,-0.5542634787366942,-2.6148729298789135,-3.5536362834146784,15.0,1.0
1.188,-0.39787864685058594,-0.39787864685058594,-1.1164836883544922,-0.5568756164881876,-2.609389682736378,-3.877860538945911,15.0,1.0
1.189,-0.39902305603027344,-0.39902305603027344,-0.9758243560791016,-0.5594822581021671,-2.6038806819713614,-4.034944356970665,15.0,1.0
1.19,-0.39978599548339844,-0.39978599548339844,-1.0109882354736328,-0.5620833778521303,-2.5983459819549353,-4.0218184820122795,15.0,1.0
1.191,-0.40093040466308594,-0.40093040466308594,-1.1780223846435547,-0.5646789500660769,-2.592785637313,-3.87099143371431,15.0,1.0
1.192,-0.40245628356933594,-0.40245628356933594,-1.3538455963134766,-0.5672689491267562,-2.5871997029233285,-3.7055440899711556,15.0,1.0
1.193,-0.40398216247558594,-0.40398216247558594,-1.5648345947265625,-0.5698533494719237,-2.5815882339172163,-3.50482144413572,15.0,1.0
1.194,-0.40550804138183594,-0.40550804138183594,-1.3890113830566406,-0.5724321255945907,-2.5759512856773767,-3.690801165812057,15.0,1.0
1.195,-0.40627193450927734,-0.40627193450927734,-1.0725269317626953,-0.5750052520432786,-2.5702889138383966,-4.02876174508572,15.0,1.0
1.196,-0.40741634368896484,-0.40741634368896484,-1.0285720825195312,-0.5775727034222674,-2.5646011742853716,-4.088374487765378,15.0,1.0
1.197,-0.40856075286865234,-0.40856075286865234,-1.0461540222167969,-0.5801344543918494,-2.558888123154304,-4.086339623785463,15.0,1.0
1.198,-0.40970516204833984,-0.40970516204833984,-1.2747249603271484,-0.5826904796685759,-2.5531498168302846,-3.873204620806677,15.0,1.0
1.199,-0.41123104095458984,-0.41123104095458984,-1.4241752624511719,-0.5852407540255101,-2.547386311948628,-3.7333567455612604,15.0,1.0
1.2,-0.41275691986083984,-0.41275691986083984,-1.5208797454833984,-0.587785252292473,-2.541597665392203,-3.6461429063833024,15.0,1.0
1.201,-0.41390132904052734,-0.41390132904052734,-1.2835159301757812,-0.5903239493562946,-2.535783934293079,-3.8986073088538067,15.0,1.0
1.202,-0.41504573822021484,-0.41504573822021484,-1.0109882354736328,-0.5928568201610591,-2.5299451760301963,-4.186123169669227,15.0,1.0
1.203,-0.41619014739990234,-0.41619014739990234,-1.0197811126708984,-0.5953838397083551,-2.5240814482296514,-4.192205720185544,15.0,1.0
1.204,-0.41695308685302734,-0.41695308685302734,-1.0549449920654297,-0.5979049830575185,-2.5181928087645815,-4.177526259766519,15.0,1.0
1.205,-0.41847896575927734,-0.41847896575927734,-1.2747249603271484,-0.6004202253258842,-2.5122793157530054,-3.9666732489249603,15.0,1.0
1.206,-0.41962337493896484,-0.41962337493896484,-1.5120887756347656,-0.6029295416890244,-2.506341027558676,-3.743844753174803,15.0,1.0
1.207,-0.42153072357177734,-0.42153072357177734,-1.459341049194336,-0.6054329073810016,-2.5003780027903986,-3.799569710734427,15.0,1.0
1.208,-0.42267513275146484,-0.42267513275146484,-1.2219772338867188,-0.607930297694605,-2.494390300300381,-4.051240540560766,15.0,1.0
1.209,-0.42343807220458984,-0.42343807220458984,-0.9934062957763672,-0.6104216879816025,-2.488377979185657,-4.299725920064478,15.0,1.0
1.21,-0.42458248138427734,-0.42458248138427734,-1.0197811126708984,-0.6129070536529763,-2.4823410987844454,-4.287428570144031,15.0,1.0
1.211,-0.42572689056396484,-0.42572689056396484,-1.0813179016113281,-0.6153863701791714,-2.4762797186789385,-4.239854011295709,15.0,1.0
1.212,-0.42687129974365234,-0.42687129974365234,-1.24835205078125,-0.6178596130903341,-2.4701938986923437,-4.08666654811132,15.0,1.0
1.213,-0.42839717864990234,-0.42839717864990234,-1.4417591094970703,-0.620326757976556,-2.4640836988891692,-3.901268279291904,15.0,1.0
1.214,-0.42954158782958984,-0.42954158782958984,-1.371429443359375,-0.6227877804881123,-2.457949179574598,-3.9852126260930607,15.0,1.0
1.215,-0.43068599700927734,-0.43068599700927734,-1.1428565979003906,-0.6252426563357052,-2.4517904012940903,-4.227283693290118,15.0,1.0
1.216,-0.43183040618896484,-0.43183040618896484,-0.9230766296386719,-0.6276913612907004,-2.4456074248319055,-4.460445121719266,15.0,1.0
1.217,-0.43259334564208984,-0.43259334564208984,-0.9494514465332031,-0.6301338711853691,-2.4394003112120686,-4.453056747828055,15.0,1.0
1.218,-0.43373775482177734,-0.43373775482177734,-0.9494514465332031,-0.6325701619131243,-2.433169121695812,-4.466203781532814,15.0,1.0
1.219,-0.43488216400146484,-0.43488216400146484,-1.125274658203125,-0.6350002094287608,-2.426913917782713,-4.303409940989027,15.0,1.0
1.22,-0.43602657318115234,-0.43602657318115234,-1.3010997772216797,-0.6374239897486896,-2.4206347612088734,-4.140496232500253,15.0,1.0
1.221,-0.43755245208740234,-0.43755245208740234,-1.3802204132080078,-0.6398414789511786,-2.4143317139474334,-4.068446703696069,15.0,1.0
1.222,-0.43869686126708984,-0.43869686126708984,-1.2835159301757812,-0.6422526531765844,-2.408004838206466,-4.177825786673104,15.0,1.0
1.223,-0.43984127044677734,-0.43984127044677734,-0.9934062957763672,-0.6446574886275915,-2.4016541964298312,-4.480491173365677,15.0,1.0
1.224,-0.44060420989990234,-0.44060420989990234,-0.9494514465332031,-0.647055961569444,-2.395279851296152,-4.5426046798060735,15.0,1.0
1.225,-0.44174861907958984,-0.44174861907958984,-0.9670333862304688,-0.6494480483301839,-2.3888818657172806,-4.537339918245722,15.0,1.0
1.226,-0.44289302825927734,-0.44289302825927734,-1.1428565979003906,-0.6518337253008785,-2.3824603028386946,-4.37371416056232,15.0,1.0
1.227,-0.44403743743896484,-0.44403743743896484,-1.2835159301757812,-0.6542129689358613,-2.3760152260388736,-4.24513226831654,15.0,1.0
1.228,-0.44556331634521484,-0.44556331634521484,-1.4505500793457031,-0.6565857557529562,-2.3695466989277634,-4.084333210698181,15.0,1.0
1.229,-0.44708919525146484,-0.44708919525146484,-1.3274726867675781,-0.6589520623337168,-2.3630547853477424,-4.213525104813944,15.0,1.0
1.23,-0.44785213470458984,-0.44785213470458984,-1.0109882354736328,-0.6613118653236517,-2.3565395493707797,-4.547447273183074,15.0,1.0
1.231,-0.44899654388427734,-0.44899654388427734,-0.8967037200927734,-0.6636651414324585,-2.350001055299913,-4.673326298429856,15.0,1.0
1.232,-0.44975948333740234,-0.44975948333740234,-0.9054946899414062,-0.6660118674342514,-2.3434393676672585,-4.6817304391785886,15.0,1.0
1.233,-0.45052242279052734,-0.45052242279052734,-0.9758243560791016,-0.668352020167793,-2.3368545512342394,-4.628474155814123,15.0,1.0
1.234,-0.45166683197021484,-0.45166683197021484,-1.125274658203125,-0.6706855765367199,-2.3302466709901637,-4.490253181284615,15.0,1.0
1.235,-0.45319271087646484,-0.45319271087646484,-1.336263656616211,-0.6730125135097734,-2.3236157921522818,-4.2846491750357,15.0,1.0
1.236,-0.45433712005615234,-0.45433712005615234,-1.3450546264648438,-0.6753328081210244,-2.3169619801644785,-4.286842674672715,15.0,1.0
1.237,-0.45586299896240234,-0.45586299896240234,-1.1692314147949219,-0.6776464374701024,-2.310285300697501,-4.467805463518081,15.0,1.0
1.238,-0.45662593841552734,-0.45662593841552734,-0.9406585693359375,-0.6799533787224192,-2.303585819647026,-4.712838854914467,15.0,1.0
1.239,-0.45738887786865234,-0.45738887786865234,-0.9054946899414062,-0.6822536091093966,-2.2968636031347955,-4.764339881804553,15.0,1.0
1.24,-0.45815181732177734,-0.45815181732177734,-0.8263740539550781,-0.6845471059286887,-2.2901187175059476,-4.859673992654541,15.0,1.0
1.241,-0.45929622650146484,-0.45929622650146484,-1.002197265625,-0.6868338465444085,-2.28335122932981,-4.694218264348965,15.0,1.0
1.242,-0.46044063568115234,-0.46044063568115234,-1.0813179016113281,-0.6891138083873483,-2.276561205399105,-4.625340894380716,15.0,1.0
1.243,-0.46158504486083984,-0.46158504486083984,-1.2835159301757812,-0.6913869689552067,-2.2697487127282443,-4.433261643967965,15.0,1.0
1.244,-0.46311092376708984,-0.46311092376708984,-1.213186264038086,-0.6936533058128047,-2.2629138185539546,-4.507863285201592,15.0,1.0
1.245,-0.46387386322021484,-0.46387386322021484,-1.0813179016113281,-0.6959127965923146,-2.2560565903339693,-4.655322689304138,15.0,1.0
1.246,-0.46501827239990234,-0.46501827239990234,-0.8703289031982422,-0.6981654189934725,-2.2491770957458357,-4.876055391451146,15.0,1.0
1.247,-0.46578121185302734,-0.46578121185302734,-0.8263740539550781,-0.7004111507838063,-2.2422754026883354,-4.935350432694943,15.0,1.0
1.248,-0.46654415130615234,-0.46654415130615234,-0.7912082672119141,-0.7026499697988491,-2.2353515792775625,-4.985730589456099,15.0,1.0
1.249,-0.46730709075927734,-0.46730709075927734,-0.9054946899414062,-0.7048818539423615,-2.228405693849254,-4.8865324516541095,15.0,1.0
1.25,-0.46845149993896484,-0.46845149993896484,-1.0109882354736328,-0.7071067811865475,-2.221437814956232,-4.790278798196338,15.0,1.0
1.2510000000000001,-0.46959686279296875,-0.46959686279296875,-1.2395610809326172,-0.709324729572274,-2.2144480113688587,-4.57080493212582,15.0,1.0
1.252,-0.47112274169921875,-0.47112274169921875,-1.336263656616211,-0.7115356772092852,-2.207436352073671,-4.477366728108457,15.0,1.0
1.2530000000000001,-0.47226715087890625,-0.47226715087890625,-1.2307701110839844,-0.7137396022764214,-2.200402906272984,-4.591719566151728,15.0,1.0
1.254,-0.47303009033203125,-0.47303009033203125,-0.9494514465332031,-0.7159364830218311,-2.193347743383754,-4.887492187197548,15.0,1.0
1.2550000000000001,-0.47417449951171875,-0.47417449951171875,-0.9054946899414062,-0.7181262977631889,-2.1862709330379744,-4.940053216868621,15.0,1.0
1.256,-0.47493743896484375,-0.47493743896484375,-0.8263740539550781,-0.7203090248879069,-2.179172545080519,-5.033372279971388,15.0,1.0
1.2570000000000001,-0.47570037841796875,-0.47570037841796875,-0.9494514465332031,-0.72248464285335,-2.1720526495699346,-4.924365169567451,15.0,1.0
1.258,-0.47684478759765625,-0.47684478759765625,-1.002197265625,-0.7246531301870467,-2.164911316776511,-4.879839189992367,15.0,1.0
1.2590000000000001,-0.47798919677734375,-0.47798919677734375,-1.2043952941894531,-0.7268144654869031,-2.1577486171823352,-4.685732353636272,15.0,1.0
1.26,-0.47913360595703125,-0.47913360595703125,-1.2571430206298828,-0.7289686274214113,-2.150564621480612,-4.640946922816431,15.0,1.0
1.2610000000000001,-0.48027801513671875,-0.48027801513671875,-1.1692314147949219,-0.7311155947298643,-2.1433594005742975,-4.736691679676559,15.0,1.0
1.262,-0.48142242431640625,-0.48142242431640625,-0.9054946899414062,-0.7332553462225598,-2.136133025575873,-5.008132164226771,15.0,1.0
1.2630000000000001,-0.48218536376953125,-0.48218536376953125,-0.8439559936523438,-0.7353878607810161,-2.1288855678069467,-5.082967029326877,15.0,1.0
1.264,-0.48294830322265625,-0.48294830322265625,-0.7824172973632812,-0.7375131173581737,-2.1216170987967757,-5.157672013466256,15.0,1.0
1.2650000000000001,-0.48371124267578125,-0.48371124267578125,-0.8351650238037109,-0.7396310949786097,-2.114327690282721,-5.117960451021437,15.0,1.0
1.266,-0.48485565185546875,-0.48485565185546875,-0.9142856597900391,-0.7417417727387391,-2.1070174142076894,-5.046023567666706,15.0,1.0
1.2670000000000001,-0.48561859130859375,-0.48561859130859375,-1.0461540222167969,-0.7438451298070251,-2.0996863427215544,-4.926930397981228,15.0,1.0
1.268,-0.48714447021484375,-0.48714447021484375,-1.1956043243408203,-0.7459411454241821,-2.0923345481787123,-4.778680351977967,15.0,1.0
1.2690000000000001,-0.48828887939453125,-0.48828887939453125,-1.1516475677490234,-0.7480297989033826,-2.084962103138764,-4.829428328022511,15.0,1.0
1.27,-0.48905181884765625,-0.48905181884765625,-0.9846153259277344,-0.7501110696304595,-2.0775690803644125,-5.008842516178726,15.0,1.0
1.2710000000000001,-0.48981475830078125,-0.48981475830078125,-0.8439559936523438,-0.7521849370641115,-2.0701555528222,-5.16175224061981,15.0,1.0
1.272,-0.49095916748046875,-0.49095916748046875,-0.8087921142578125,-0.7542513807361038,-2.062721593680294,-5.2033126782570065,15.0,1.0
1.2730000000000001,-0.49134063720703125,-0.49134063720703125,-0.7384624481201172,-0.7563103802514721,-2.055267276308939,-5.291350973855435,15.0,1.0
1.274,-0.49248504638671875,-0.49248504638671875,-0.8791217803955078,-0.7583619152887215,-2.0477926742794352,-5.156823927413969,15.0,1.0
1.2750000000000001,-0.49324798583984375,-0.49324798583984375,-0.8879127502441406,-0.7604059656000312,-2.0402978613632285,-5.159754807521899,15.0,1.0
1.276,-0.49439239501953125,-0.49439239501953125,-1.0197811126708984,-0.7624425110114479,-2.0327829115301483,-5.033753538737999,15.0,1.0
1.2770000000000001,-0.49553680419921875,-0.49553680419921875,-1.1428565979003906,-0.7644715314230915,-2.0252478989509086,-4.91641220940861,15.0,1.0
1.278,-0.49668121337890625,-0.49668121337890625,-1.0901107788085938,-0.7664930068093496,-2.0176928979926174,-4.974759020640674,15.0,1.0
1.2790000000000001,-0.49744415283203125,-0.49744415283203125,-0.9230766296386719,-0.7685069172190768,-2.0101179832199136,-5.152982819386925,15.0,1.0
1.28,-0.49820709228515625,-0.49820709228515625,-0.7912082672119141,-0.7705132427757894,-2.0025232293940576,-5.295907219541641,15.0,1.0
1.281,-0.49897003173828125,-0.49897003173828125,-0.7824172973632812,-0.7725119636778645,-1.994908711472135,-5.315620393202602,15.0,1.0
1.282,-0.49973297119140625,-0.49973297119140625,-0.7296695709228516,-0.7745030601987337,-1.9872745046070008,-5.379156268794061,15.0,1.0
1.283,-0.5004959106445312,-0.5004959106445312,-0.8175830841064453,-0.7764865126870784,-1.9796206841448907,-5.3018966306766515,15.0,1.0
1.284,-0.5016403198242188,-0.5016403198242188,-0.8967037200927734,-0.7784623015670236,-1.9719473256254787,-5.227573331674778,15.0,1.0
1.285,-0.5024032592773438,-0.5024032592773438,-0.9934062957763672,-0.7804304073383292,-1.9642545047822182,-5.1412554299206334,15.0,1.0
1.286,-0.5035476684570312,-0.5035476684570312,-1.1516475677490234,-0.7823908105765881,-1.9565422975403521,-4.987541861584681,15.0,1.0
1.287,-0.5046920776367188,-0.5046920776367188,-1.0901107788085938,-0.7843434919334099,-1.948810780015208,-5.053471215656981,15.0,1.0
1.288,-0.5058364868164062,-0.5058364868164062,-1.002197265625,-0.7862884321366186,-1.941060028514869,-5.145641942693054,15.0,1.0
1.289,-0.5065994262695312,-0.5065994262695312,-0.8351650238037109,-0.7882256119904396,-1.9332901195359113,-5.322517881545826,15.0,1.0
1.29,-0.5073623657226562,-0.5073623657226562,-0.8615379333496094,-0.7901550123756904,-1.9255011297636315,-5.305852896209535,15.0,1.0
1.291,-0.5081253051757812,-0.5081253051757812,-0.7736263275146484,-0.7920766142499669,-1.9176931360722733,-5.403336444670409,15.0,1.0
1.292,-0.5088882446289062,-0.5088882446289062,-0.9054946899414062,-0.793990398647835,-1.909866215524346,-5.280903835866872,15.0,1.0
1.293,-0.5100326538085938,-0.5100326538085938,-0.9582424163818359,-0.7958963466810155,-1.9020204453680094,-5.2317334220725,15.0,1.0
1.294,-0.5111770629882812,-0.5111770629882812,-1.0901107788085938,-0.7977944395385711,-1.8941559030375288,-5.103305772483282,15.0,1.0
1.295,-0.5123214721679688,-0.5123214721679688,-1.0989017486572266,-0.7996846584870905,-1.8862726661526494,-5.0978187122822485,15.0,1.0
1.296,-0.5134658813476562,-0.5134658813476562,-1.0813179016113281,-0.8015669848708764,-1.8783708125184262,-5.1185694637554,15.0,1.0
1.297,-0.5142288208007812,-0.5142288208007812,-0.8527469635009766,-0.8034414001121273,-1.870450420122836,-5.3558921462920495,15.0,1.0
1.298,-0.5149917602539062,-0.5149917602539062,-0.74725341796875,-0.8053078857111221,-1.8625115671365506,-5.470000031026038,15.0,1.0
1.299,-0.5157546997070312,-0.5157546997070312,-0.7384624481201172,-0.8071664232464003,-1.8545543319125954,-5.487267736883014,15.0,1.0
1.3,-0.5161361694335938,-0.5161361694335938,-0.6769237518310547,-0.8090169943749473,-1.846578792986577,-5.562867415275826,15.0,1.0
1.301,-0.5168991088867188,-0.5168991088867188,-0.7560443878173828,-0.8108595808323733,-1.8385850290733856,-5.491947720440821,15.0,1.0
1.302,-0.5176620483398438,-0.5176620483398438,-0.7824172973632812,-0.8126941644330942,-1.8305731190678216,-5.4736375631032965,15.0,1.0
1.303,-0.5188064575195312,-0.5188064575195312,-0.8615379333496094,-0.8145207270705089,-1.8225431420448786,-5.396719251959935,15.0,1.0
1.304,-0.5195693969726562,-0.5195693969726562,-1.037363052368164,-0.8163392507171839,-1.8144951772571858,-5.228679931056937,15.0,1.0
1.305,-0.5207138061523438,-0.5207138061523438,-1.002197265625,-0.8181497174250233,-1.806429304134042,-5.265770707599235,15.0,1.0
1.306,-0.5218582153320312,-0.5218582153320312,-0.9758243560791016,-0.819952109325452,-1.798345602283348,-5.293929656105558,15.0,1.0
1.307,-0.5226211547851562,-0.5226211547851562,-0.8087921142578125,-0.8217464086295899,-1.7902441514876841,-5.468330844896377,15.0,1.0
1.308,-0.5233840942382812,-0.5233840942382812,-0.7120876312255859,-0.8235325976284275,-1.7821250317048225,-5.572264951331429,15.0,1.0
1.309,-0.5241470336914062,-0.5241470336914062,-0.7208786010742188,-0.8253106586929995,-1.7739883230670443,-5.570564097016724,15.0,1.0
1.31,-0.5245285034179688,-0.5245285034179688,-0.6593399047851562,-0.8270805742745616,-1.7658341058810834,-5.64477526394482,15.0,1.0
1.311,-0.5252914428710938,-0.5252914428710938,-0.7560443878173828,-0.8288423269047616,-1.7576624606255677,-5.554881333313202,15.0,1.0
1.312,-0.5260543823242188,-0.5260543823242188,-0.7912082672119141,-0.8305958991958128,-1.7494734679509065,-5.526387953812903,15.0,1.0
1.313,-0.5271987915039062,-0.5271987915039062,-0.8791217803955078,-0.8323412738406634,-1.7412672086790622,-5.439282663334911,15.0,1.0
1.314,-0.5279617309570312,-0.5279617309570312,-1.0197811126708984,-0.834078433613171,-1.73304376380338,-5.305013190974578,15.0,1.0
1.315,-0.5291061401367188,-0.5291061401367188,-0.9934062957763672,-0.83580736136827,-1.724803214485405,-5.331915237182307,15.0,1.0
1.316,-0.5298690795898438,-0.5298690795898438,-0.9846153259277344,-0.8375280400421419,-1.7165456420559053,-5.346814722912643,15.0,1.0
1.317,-0.5310134887695312,-0.5310134887695312,-0.7912082672119141,-0.8392404526523818,-1.708271128013564,-5.540467319044408,15.0,1.0
1.318,-0.5313959121704102,-0.5313959121704102,-0.7032966613769531,-0.840944582298169,-1.6999797540251507,-5.639913144564581,15.0,1.0
1.319,-0.5321588516235352,-0.5321588516235352,-0.6945056915283203,-0.8426404121604321,-1.691671601923133,-5.654389318448266,15.0,1.0
1.32,-0.5329217910766602,-0.5329217910766602,-0.6329669952392578,-0.8443279255020153,-1.6833467537048818,-5.721471774845951,15.0,1.0
1.321,-0.5336847305297852,-0.5336847305297852,-0.6769237518310547,-0.8460071056678418,-1.675005291533921,-5.6829171667737155,15.0,1.0
1.322,-0.5344476699829102,-0.5344476699829102,-0.7560443878173828,-0.8476779360850832,-1.666647297737427,-5.60905690145264,15.0,1.0
1.323,-0.5352106094360352,-0.5352106094360352,-0.7912082672119141,-0.8493404002633165,-1.6582728548044088,-5.5790114500017145,15.0,1.0
1.324,-0.5359735488891602,-0.5359735488891602,-0.9582424163818359,-0.8509944817946921,-1.6498820453878125,-5.416953622588955,15.0,1.0
1.325,-0.5371179580688477,-0.5371179580688477,-0.9934062957763672,-0.852640164354092,-1.6414749523015644,-5.3809017508038615,15.0,1.0
1.326,-0.5378808975219727,-0.5378808975219727,-0.9934062957763672,-0.8542774316992953,-1.6330516585205146,-5.385593375403986,15.0,1.0
1.327,-0.5390253067016602,-0.5390253067016602,-0.8527469635009766,-0.855906267671133,-1.6246122471783337,-5.525079698219449,15.0,1.0
1.328,-0.5397882461547852,-0.5397882461547852,-0.7296695709228516,-0.8575266561936521,-1.6161568015696162,-5.652563381229768,15.0,1.0
1.329,-0.5401697158813477,-0.5401697158813477,-0.6769237518310547,-0.8591385812742721,-1.6076854051457872,-5.7152946342085995,15.0,1.0
1.33,-0.5409326553344727,-0.5409326553344727,-0.6681327819824219,-0.8607420270039438,-1.5991981415159557,-5.7282059345756,15.0,1.0
1.331,-0.5416955947875977,-0.5416955947875977,-0.624176025390625,-0.862336977557304,-1.590695094445664,-5.776139810600634,15.0,1.0
1.332,-0.5424585342407227,-0.5424585342407227,-0.7208786010742188,-0.8639234171928352,-1.5821763478574553,-5.683270991064925,15.0,1.0
1.333,-0.5432214736938477,-0.5432214736938477,-0.7560443878173828,-0.8655013302530188,-1.5736419858275212,-5.651795446397705,15.0,1.0
1.334,-0.5439844131469727,-0.5439844131469727,-0.8439559936523438,-0.8670707011644903,-1.565092092586326,-5.5674304191967465,15.0,1.0
1.335,-0.5447473526000977,-0.5447473526000977,-1.0109882354736328,-0.8686315144381913,-1.556526752517641,-5.403800944615413,15.0,1.0
1.336,-0.5458917617797852,-0.5458917617797852,-0.9230766296386719,-0.8701837546695256,-1.547946050158771,-5.489249313866205,15.0,1.0
1.337,-0.5466547012329102,-0.5466547012329102,-0.8967037200927734,-0.8717274065385088,-1.5393500701973721,-5.518736929688578,15.0,1.0
1.338,-0.5474176406860352,-0.5474176406860352,-0.7296695709228516,-0.8732624548099204,-1.530738897471906,-5.688741538407333,15.0,1.0
1.339,-0.5481805801391602,-0.5481805801391602,-0.6593399047851562,-0.8747888843334525,-1.5221126169715262,-5.761897275100755,15.0,1.0
1.34,-0.5485620498657227,-0.5485620498657227,-0.6065940856933594,-0.8763066800438636,-1.5134713138346,-5.823046680813355,15.0,1.0
1.341,-0.5493249893188477,-0.5493249893188477,-0.5978031158447266,-0.8778158269611216,-1.5048150733464354,-5.834374522135818,15.0,1.0
1.342,-0.5497064590454102,-0.5497064590454102,-0.5626373291015625,-0.8793163101905564,-1.4961439809409285,-5.877654419016561,15.0,1.0
1.343,-0.5504693984985352,-0.5504693984985352,-0.6593399047851562,-0.8808081149230034,-1.4874581221984613,-5.783198963780328,15.0,1.0
1.344,-0.5512323379516602,-0.5512323379516602,-0.6769237518310547,-0.8822912264349534,-1.4787575828450485,-5.767717158263393,15.0,1.0
1.345,-0.5519952774047852,-0.5519952774047852,-0.7384624481201172,-0.8837656300886934,-1.470042448750803,-5.708135290889309,15.0,1.0
1.346,-0.5527582168579102,-0.5527582168579102,-0.8615379333496094,-0.8852313113324551,-1.4613128059315272,-5.586871289700093,15.0,1.0
1.347,-0.5535211563110352,-0.5535211563110352,-0.8615379333496094,-0.8866882557005563,-1.4525687405446774,-5.588537298037886,15.0,1.0
1.348,-0.5546655654907227,-0.5546655654907227,-0.8527469635009766,-0.8881364488135446,-1.4438103388909553,-5.5931266252323075,15.0,1.0
1.349,-0.5554285049438477,-0.5554285049438477,-0.74725341796875,-0.889575876378338,-1.4350376874115796,-5.699994840960185,15.0,1.0
1.35,-0.5558099746704102,-0.5558099746704102,-0.6329669952392578,-0.8910065241883678,-1.4262508726899341,-5.82123212022004,15.0,1.0
1.351,-0.5565729141235352,-0.5565729141235352,-0.6065940856933594,-0.8924283781237178,-1.4174499814480441,-5.848687855757424,15.0,1.0
1.352,-0.5569543838500977,-0.5569543838500977,-0.624176025390625,-0.8938414241512639,-1.4086351005469737,-5.8377646796738425,15.0,1.0
1.353,-0.5577173233032227,-0.5577173233032227,-0.5890102386474609,-0.8952456483248117,-1.3998063169859734,-5.873720953662348,15.0,1.0
1.354,-0.5584802627563477,-0.5584802627563477,-0.5802192687988281,-0.8966410367852359,-1.3909637179019114,-5.8831560595364065,15.0,1.0
1.355,-0.5588617324829102,-0.5588617324829102,-0.6681327819824219,-0.8980275757606155,-1.3821073905676258,-5.801462257750785,15.0,1.0
1.356,-0.5596246719360352,-0.5596246719360352,-0.7120876312255859,-0.8994052515663712,-1.3732374223912416,-5.757858485620696,15.0,1.0
1.357,-0.5603876113891602,-0.5603876113891602,-0.7736263275146484,-0.9007740506053978,-1.3643539009157735,-5.696524161644691,15.0,1.0
1.358,-0.5611505508422852,-0.5611505508422852,-0.8703289031982422,-0.9021339593682028,-1.3554569138185002,-5.599879138509023,15.0,1.0
1.359,-0.5622949600219727,-0.5622949600219727,-0.8439559936523438,-0.9034849644330347,-1.3465465489084067,-5.620440621421994,15.0,1.0
1.36,-0.5630578994750977,-0.5630578994750977,-0.8351650238037109,-0.9048270524660198,-1.3376228941274917,-5.628995165187613,15.0,1.0
1.361,-0.5638208389282227,-0.5638208389282227,-0.7120876312255859,-0.9061602102212896,-1.3286860375486071,-5.751688975719025,15.0,1.0
1.362,-0.5642023086547852,-0.5642023086547852,-0.6065940856933594,-0.907484424541117,-1.3197360673752314,-5.8623737199768495,15.0,1.0
1.363,-0.5649652481079102,-0.5649652481079102,-0.5626373291015625,-0.90879968235604,-1.310773071939252,-5.905652256559637,15.0,1.0
1.364,-0.5653467178344727,-0.5653467178344727,-0.5626373291015625,-0.9101059706849955,-1.3017971397025576,-5.910548603358839,15.0,1.0
1.365,-0.5661096572875977,-0.5661096572875977,-0.5450553894042969,-0.9114032766354451,-1.2928083592536268,-5.927157260067041,15.0,1.0
1.366,-0.5664911270141602,-0.5664911270141602,-0.5362644195556641,-0.9126915874035029,-1.2838068193080971,-5.940549305592574,15.0,1.0
1.367,-0.5672540664672852,-0.5672540664672852,-0.6329669952392578,-0.9139708902740612,-1.274792608707287,-5.842577970569669,15.0,1.0
1.368,-0.5680170059204102,-0.5680170059204102,-0.6505489349365234,-0.9152411726209175,-1.2657658164183658,-5.823579381989453,15.0,1.0
1.369,-0.5683984756469727,-0.5683984756469727,-0.7208786010742188,-0.9165024219068978,-1.2567265315318537,-5.7574071243565115,15.0,1.0
1.37,-0.5695428848266602,-0.5695428848266602,-0.8351650238037109,-0.9177546256839813,-1.2476748432618479,-5.635685932317953,15.0,1.0
1.371,-0.5703058242797852,-0.5703058242797852,-0.8439559936523438,-0.9189977715934214,-1.2386108409445455,-5.625034056996746,15.0,1.0
1.372,-0.5710687637329102,-0.5710687637329102,-0.8175830841064453,-0.9202318473658704,-1.2295346140384709,-5.649397784426429,15.0,1.0
1.373,-0.5718317031860352,-0.5718317031860352,-0.74725341796875,-0.9214568408214984,-1.2204462521222013,-5.717569898685399,15.0,1.0
1.374,-0.5725946426391602,-0.5725946426391602,-0.624176025390625,-0.922672739870115,-1.2113458448940833,-5.838341277967781,15.0,1.0
1.375,-0.5729761123657227,-0.5729761123657227,-0.5890102386474609,-0.9238795325112865,-1.2022334821714935,-5.876774545707491,15.0,1.0
1.3760000000000001,-0.5737390518188477,-0.5737390518188477,-0.5714282989501953,-0.925077206834458,-1.193109253890043,-5.891753280174004,15.0,1.0
1.377,-0.5741205215454102,-0.5741205215454102,-0.5626373291015625,-0.9262657510190666,-1.183973250101701,-5.903514363104986,15.0,1.0
1.3780000000000001,-0.5745019912719727,-0.5745019912719727,-0.5098896026611328,-0.9274451533346615,-1.1748255609753073,-5.959083389254507,15.0,1.0
1.379,-0.5752649307250977,-0.5752649307250977,-0.5978031158447266,-0.9286154021410171,-1.1656662767949229,-5.868120232188988,15.0,1.0
1.3800000000000001,-0.5760278701782227,-0.5760278701782227,-0.6153850555419922,-0.9297764858882515,-1.1564954879593188,-5.847339668067758,15.0,1.0
1.381,-0.5764093399047852,-0.5764093399047852,-0.624176025390625,-0.9309283931169358,-1.1473132849796457,-5.840923057771279,15.0,1.0
1.3820000000000001,-0.5771722793579102,-0.5771722793579102,-0.6945056915283203,-0.9320711124582108,-1.1381197584813663,-5.767096563457557,15.0,1.0
1.383,-0.5779352188110352,-0.5779352188110352,-0.7560443878173828,-0.9332046326338984,-1.1289149992006173,-5.701911818726184,15.0,1.0
1.3840000000000001,-0.5786981582641602,-0.5786981582641602,-0.7208786010742188,-0.9343289424566121,-1.119699097984494,-5.733282259797055,15.0,1.0
1.385,-0.5794610977172852,-0.5794610977172852,-0.7296695709228516,-0.9354440308298674,-1.1104721457900268,-5.720546571555909,15.0,1.0
1.3860000000000001,-0.5798425674438477,-0.5798425674438477,-0.6329669952392578,-0.9365498867481923,-1.1012342336841812,-5.8188770280100925,15.0,1.0
1.387,-0.5806055068969727,-0.5806055068969727,-0.5538463592529297,-0.9376464992972355,-1.0919854528409587,-5.893753979591972,15.0,1.0
1.3880000000000001,-0.5809869766235352,-0.5809869766235352,-0.5010986328125,-0.9387338576538742,-1.0827258945421363,-5.947830477184722,15.0,1.0
1.389,-0.5813684463500977,-0.5813684463500977,-0.46593475341796875,-0.9398119510863198,-1.0734556501756174,-5.98417346780098,15.0,1.0
1.3900000000000001,-0.5821313858032227,-0.5821313858032227,-0.4835166931152344,-0.9408807689542255,-1.0641748112354321,-5.96189886538524,15.0,1.0
1.391,-0.5825128555297852,-0.5825128555297852,-0.47472572326660156,-0.9419403007087905,-1.0548834693195204,-5.971569423738,15.0,1.0
1.3920000000000001,-0.5828943252563477,-0.5828943252563477,-0.4307689666748047,-0.9429905358928646,-1.045581716129675,-6.016255909002625,15.0,1.0
1.393,-0.5832757949829102,-0.5832757949829102,-0.5186805725097656,-0.9440314641410499,-1.0362696434701206,-5.928924108332451,15.0,1.0
1.3940000000000001,-0.5840387344360352,-0.5840387344360352,-0.5362644195556641,-0.9450630751798049,-1.0269473432477412,-5.906048034848624,15.0,1.0
1.395,-0.5844202041625977,-0.5844202041625977,-0.5626373291015625,-0.9460853588275453,-1.0176149074697491,-5.879954898342401,15.0,1.0
1.3960000000000001,-0.5851831436157227,-0.5851831436157227,-0.6065940856933594,-0.9470983049947445,-1.008272428243231,-5.830405763235198,15.0,1.0
1.397,-0.5859460830688477,-0.5859460830688477,-0.6593399047851562,-0.9481019036840318,-0.99891999777509,-5.771917402217696,15.0,1.0
1.3980000000000001,-0.5867090225219727,-0.5867090225219727,-0.7560443878173828,-0.9490961449902947,-0.9895577083700005,-5.669320157577449,15.0,1.0
1.399,-0.5870904922485352,-0.5870904922485352,-0.6681327819824219,-0.9500810191007717,-0.9801856524293839,-5.75691077323051,15.0,1.0
1.4000000000000001,-0.5878534317016602,-0.5878534317016602,-0.6945056915283203,-0.9510565162951535,-0.9708039224524896,-5.72434449982657,15.0,1.0
1.401,-0.5886163711547852,-0.5886163711547852,-0.5978031158447266,-0.9520226269456765,-0.9614126110326993,-5.8147033320513435,15.0,1.0
1.4020000000000001,-0.5889978408813477,-0.5889978408813477,-0.5274734497070312,-0.952979341517219,-0.9520118108585507,-5.884260870689589,15.0,1.0
1.403,-0.5893793106079102,-0.5893793106079102,-0.5010986328125,-0.9539266505673936,-0.9426016147119185,-5.909713081291669,15.0,1.0
1.4040000000000001,-0.5901422500610352,-0.5901422500610352,-0.45714378356933594,-0.954864544746643,-0.9331821154682416,-5.9468727521830225,15.0,1.0
1.405,-0.5905237197875977,-0.5905237197875977,-0.46593475341796875,-0.95579301479833,-0.9237534060938515,-5.9368580778368685,15.0,1.0
1.4060000000000001,-0.5909051895141602,-0.5909051895141602,-0.4483509063720703,-0.9567120515588307,-0.9143155796461997,-5.953067603944187,15.0,1.0
1.407,-0.5912866592407227,-0.5912866592407227,-0.41318702697753906,-0.9576216459576223,-0.9048687292725504,-5.986706503048507,15.0,1.0
1.408,-0.5916681289672852,-0.5916681289672852,-0.4923076629638672,-0.9585217890173756,-0.8954129482101507,-5.905910185997641,15.0,1.0
1.409,-0.5924310684204102,-0.5924310684204102,-0.5186805725097656,-0.9594124718540428,-0.8859483297836732,-5.871988808778397,15.0,1.0
1.41,-0.5928125381469727,-0.5928125381469727,-0.5450553894042969,-0.960293685676943,-0.8764749674045333,-5.843636790949791,15.0,1.0
1.411,-0.5935754776000977,-0.5935754776000977,-0.5802192687988281,-0.961165421788852,-0.8669929545714012,-5.800622848603888,15.0,1.0
1.412,-0.5939579010009766,-0.5939579010009766,-0.5978031158447266,-0.9620276715860857,-0.8575023848677006,-5.7807458277996115,15.0,1.0
1.413,-0.5947208404541016,-0.5947208404541016,-0.6857147216796875,-0.9628804265585875,-0.8480033519620065,-5.684682421849608,15.0,1.0
1.414,-0.5954837799072266,-0.5954837799072266,-0.6153850555419922,-0.9637236782900096,-0.8384959496052034,-5.7467093698049565,15.0,1.0
1.415,-0.5958652496337891,-0.5958652496337891,-0.6065940856933594,-0.964557418457798,-0.8289802716321333,-5.752768718298907,15.0,1.0
1.416,-0.5966281890869141,-0.5966281890869141,-0.5626373291015625,-0.9653816388332738,-0.8194564119583561,-5.788120829052189,15.0,1.0
1.417,-0.5970096588134766,-0.5970096588134766,-0.4835166931152344,-0.9661963312817148,-0.8099244645806607,-5.864207858488999,15.0,1.0
1.418,-0.5973911285400391,-0.5973911285400391,-0.4307689666748047,-0.967001487762435,-0.8003845235751896,-5.913770945236324,15.0,1.0
1.419,-0.5977725982666016,-0.5977725982666016,-0.41318702697753906,-0.9677971003288653,-0.790836683098064,-5.928017187054482,15.0,1.0
1.42,-0.5981540679931641,-0.5981540679931641,-0.39560508728027344,-0.968583161128631,-0.7812810373820298,-5.94211234713376,15.0,1.0
1.421,-0.5985355377197266,-0.5985355377197266,-0.40439605712890625,-0.9693596624036294,-0.7717176807374244,-5.92968349386706,15.0,1.0
1.422,-0.5989170074462891,-0.5989170074462891,-0.39560508728027344,-0.9701265964901058,-0.7621467075508122,-5.93468545592779,15.0,1.0
1.423,-0.5992984771728516,-0.5992984771728516,-0.35164833068847656,-0.970883955818731,-0.7525682122840749,-5.974702061283789,15.0,1.0
1.424,-0.5996799468994141,-0.5996799468994141,-0.3868141174316406,-0.9716317329146739,-0.7429822894727636,-5.93544496227002,15.0,1.0
1.425,-0.6000614166259766,-0.6000614166259766,-0.4483509063720703,-0.9723699203976767,-0.7333890337263256,-5.869665683929757,15.0,1.0
1.426,-0.6008243560791016,-0.6008243560791016,-0.4219779968261719,-0.9730985109821264,-0.7237885397260584,-5.885922866445259,15.0,1.0
1.427,-0.6012058258056641,-0.6012058258056641,-0.45714378356933594,-0.9738174974771289,-0.7141809022253938,-5.84621219372803,15.0,1.0
1.428,-0.6015872955322266,-0.6015872955322266,-0.47472572326660156,-0.9745268727865771,-0.704566216047283,-5.82393415159594,15.0,1.0
1.429,-0.6019687652587891,-0.6019687652587891,-0.4923076629638672,-0.9752266299092235,-0.6949445760851063,-5.801504882877755,15.0,1.0
1.43,-0.6027317047119141,-0.6027317047119141,-0.5450553894042969,-0.9759167619387472,-0.6853160773005129,-5.738036546298713,15.0,1.0
1.431,-0.6031131744384766,-0.6031131744384766,-0.5890102386474609,-0.9765972620638246,-0.6756808147231368,-5.688931890455896,15.0,1.0
1.432,-0.6038761138916016,-0.6038761138916016,-0.47472572326660156,-0.9772681235681934,-0.6660388834485502,-5.792193305330826,15.0,1.0
1.433,-0.6042575836181641,-0.6042575836181641,-0.5274734497070312,-0.9779293398307217,-0.6563903786393439,-5.733993272120678,15.0,1.0
1.434,-0.6046390533447266,-0.6046390533447266,-0.4923076629638672,-0.978580904325472,-0.6467353955220005,-5.763555497269314,15.0,1.0
1.435,-0.6050205230712891,-0.6050205230712891,-0.4307689666748047,-0.9792228106217657,-0.6370740293875201,-5.819339375969866,15.0,1.0
1.436,-0.6054019927978516,-0.6054019927978516,-0.3868141174316406,-0.9798550523842469,-0.6274063755892598,-5.857388151953549,15.0,1.0
1.437,-0.6057834625244141,-0.6057834625244141,-0.378021240234375,-0.9804776233729443,-0.6177325295435594,-5.860123702037138,15.0,1.0
1.438,-0.6061649322509766,-0.6061649322509766,-0.34285736083984375,-0.981090517443334,-0.6080525867272399,-5.889079003772757,15.0,1.0
1.439,-0.6065464019775391,-0.6065464019775391,-0.35164833068847656,-0.9816937285463989,-0.5983666426774334,-5.873928210521854,15.0,1.0
1.44,-0.6069278717041016,-0.6069278717041016,-0.35164833068847656,-0.9822872507286887,-0.5886747929901048,-5.8674171476704355,15.0,1.0
1.441,-0.6073093414306641,-0.6073093414306641,-0.35164833068847656,-0.9828710781323792,-0.5789771333205067,-5.860754853157757,15.0,1.0
1.442,-0.6076908111572266,-0.6076908111572266,-0.3164844512939453,-0.9834452049953296,-0.5692737593802804,-5.889105215657881,15.0,1.0
1.443,-0.6080722808837891,-0.6080722808837891,-0.33406639099121094,-0.9840096256511398,-0.5595647669379673,-5.864558547457017,15.0,1.0
1.444,-0.6084537506103516,-0.6084537506103516,-0.3868141174316406,-0.9845643345292054,-0.549850251816963,-5.804694893168131,15.0,1.0
1.445,-0.6088352203369141,-0.6088352203369141,-0.3868141174316406,-0.9851093261547739,-0.5401303098963126,-5.797427779732569,15.0,1.0
1.446,-0.6092166900634766,-0.6092166900634766,-0.40439605712890625,-0.9856445951489979,-0.5304050371074709,-5.772427556261385,15.0,1.0
1.447,-0.6095981597900391,-0.6095981597900391,-0.39560508728027344,-0.9861701362289889,-0.5206745294350412,-5.773649088739015,15.0,1.0
1.448,-0.6099796295166016,-0.6099796295166016,-0.40439605712890625,-0.9866859442078679,-0.5109388829150703,-5.7571375461551595,15.0,1.0
1.449,-0.6103610992431641,-0.6103610992431641,-0.4219779968261719,-0.9871920139948192,-0.5011981936349343,-5.731683918083589,15.0,1.0
1.45,-0.6107425689697266,-0.6107425689697266,-0.45714378356933594,-0.9876883405951377,-0.4914525577306108,-5.688495348542442,15.0,1.0
1.451,-0.6111240386962891,-0.6111240386962891,-0.47472572326660156,-0.9881749191102804,-0.48170207138821297,-5.662739554331482,15.0,1.0
1.452,-0.6118869781494141,-0.6118869781494141,-0.4483509063720703,-0.988651744737914,-0.47194683084063627,-5.675067423296064,15.0,1.0
1.453,-0.6122684478759766,-0.6122684478759766,-0.378021240234375,-0.9891188127719618,-0.4621869323685246,-5.736921165573928,15.0,1.0
1.454,-0.6126499176025391,-0.6126499176025391,-0.4219779968261719,-0.9895761186026509,-0.4524224722978829,-5.684337490473389,15.0,1.0
1.455,-0.6130313873291016,-0.6130313873291016,-0.3604393005371094,-0.9900236577165575,-0.44265354700013404,-5.737098302274864,15.0,1.0
1.456,-0.6134128570556641,-0.6134128570556641,-0.3252754211425781,-0.9904614256966512,-0.43288025289058396,-5.763333361362813,15.0,1.0
1.457,-0.6134128570556641,-0.6134128570556641,-0.29010963439941406,-0.9908894182223388,-0.4231026864276828,-5.79514146952839,15.0,1.0
1.458,-0.6137943267822266,-0.6137943267822266,-0.28131866455078125,-0.9913076310695066,-0.41332094411194475,-5.794701843870364,15.0,1.0
1.459,-0.6141757965087891,-0.6141757965087891,-0.27252769470214844,-0.9917160601105628,-0.40353512248566403,-5.794111381810121,15.0,1.0
1.46,-0.6141757965087891,-0.6141757965087891,-0.2549457550048828,-0.9921147013144778,-0.3937453181304136,-5.8078831352108615,15.0,1.0
1.461,-0.6145572662353516,-0.6145572662353516,-0.24615478515625,-0.9925035507468237,-0.3839516276680115,-5.806991110183844,15.0,1.0
1.462,-0.6149387359619141,-0.6149387359619141,-0.24615478515625,-0.9928826045698137,-0.37415414775779254,-5.797157391720037,15.0,1.0
1.463,-0.6149387359619141,-0.6149387359619141,-0.2549457550048828,-0.9932518590423394,-0.36435297509740394,-5.784104066298901,15.0,1.0
1.464,-0.6153202056884766,-0.6153202056884766,-0.24615478515625,-0.9936113105200084,-0.35454820642013374,-5.782759993736861,15.0,1.0
1.465,-0.6157016754150391,-0.6157016754150391,-0.24615478515625,-0.9939609554551797,-0.344739938495195,-5.772474353941055,15.0,1.0
1.466,-0.6157016754150391,-0.6157016754150391,-0.22857093811035156,-0.9943007903969988,-0.33492826812630483,-5.78534405474535,15.0,1.0
1.467,-0.6160831451416016,-0.6160831451416016,-0.22857093811035156,-0.9946308119914323,-0.3251132921507178,-5.774757356787828,15.0,1.0
1.468,-0.6160831451416016,-0.6160831451416016,-0.22857093811035156,-0.9949510169813002,-0.31529510743797573,-5.769742246923103,15.0,1.0
1.469,-0.6164646148681641,-0.6164646148681641,-0.28131866455078125,-0.9952614022063083,-0.3054738108899073,-5.70610695641129,15.0,1.0
1.47,-0.6168460845947266,-0.6168460845947266,-0.2637367248535156,-0.99556196460308,-0.29564949943863894,-5.712650974710424,15.0,1.0
1.471,-0.6172275543212891,-0.6172275543212891,-0.2989006042480469,-0.9958527012051857,-0.2858222700462534,-5.666298869056655,15.0,1.0
1.472,-0.6172275543212891,-0.6172275543212891,-0.2637367248535156,-0.9961336091431725,-0.275992219703312,-5.695846317178048,15.0,1.0
1.473,-0.6176090240478516,-0.6176090240478516,-0.28131866455078125,-0.9964046856445924,-0.26615944542874104,-5.666775704829072,15.0,1.0
1.474,-0.6179904937744141,-0.6179904937744141,-0.2549457550048828,-0.9966659280340299,-0.25632404426772837,-5.681509803157082,15.0,1.0
1.475,-0.6179904937744141,-0.6179904937744141,-0.2549457550048828,-0.996917333733128,-0.24648611329212144,-5.675442957667947,15.0,1.0
1.476,-0.6183719635009766,-0.6183719635009766,-0.28131866455078125,-0.9971589002606139,-0.23664574959781248,-5.6371311364415915,15.0,1.0
1.477,-0.6187534332275391,-0.6187534332275391,-0.2637367248535156,-0.9973906252323237,-0.2268030503057048,-5.642624205523958,15.0,1.0
1.478,-0.6191349029541016,-0.6191349029541016,-0.27252769470214844,-0.9976125063612252,-0.21695811255887065,-5.621594468963577,15.0,1.0
1.479,-0.6191349029541016,-0.6191349029541016,-0.3252754211425781,-0.9978245414574415,-0.2071110335231765,-5.5621801899306975,15.0,1.0
1.48,-0.6195163726806641,-0.6195163726806641,-0.28131866455078125,-0.9980267284282716,-0.19726191038512297,-5.593598582048454,15.0,1.0
1.481,-0.6198978424072266,-0.6198978424072266,-0.29010963439941406,-0.9982190652782118,-0.187410840351788,-5.5721195490171525,15.0,1.0
1.482,-0.6202793121337891,-0.6202793121337891,-0.22857093811035156,-0.998401550108975,-0.17755792064895104,-5.620820552166389,15.0,1.0
1.483,-0.6202793121337891,-0.6202793121337891,-0.23736190795898438,-0.9985741811195098,-0.1677032485212635,-5.60476437534809,15.0,1.0
1.484,-0.6206607818603516,-0.6206607818603516,-0.23736190795898438,-0.9987369566060175,-0.15784692123003197,-5.591627634456036,15.0,1.0
1.485,-0.6206607818603516,-0.6206607818603516,-0.23736190795898438,-0.99888987496197,-0.14798903605367286,-5.584063524618966,15.0,1.0
1.486,-0.6210422515869141,-0.6210422515869141,-0.21977996826171875,-0.9990329346781247,-0.138129690284984,-5.588209968391425,15.0,1.0
1.487,-0.6214237213134766,-0.6214237213134766,-0.21977996826171875,-0.9991661343425401,-0.12826898123228148,-5.574625208406515,15.0,1.0
1.488,-0.6214237213134766,-0.6214237213134766,-0.1846160888671875,-0.9992894726405892,-0.11840700621633005,-5.601777187255832,15.0,1.0
1.489,-0.6218051910400391,-0.6218051910400391,-0.1934070587158203,-0.9994029483549729,-0.1085438625712527,-5.57910316357944,15.0,1.0
1.49,-0.6218051910400391,-0.6218051910400391,-0.16703224182128906,-0.9995065603657316,-0.0986796476417453,-5.597167945705844,15.0,1.0
1.491,-0.6218051910400391,-0.6218051910400391,-0.14945030212402344,-0.9996003076502565,-0.08881445878415661,-5.606290905813395,15.0,1.0
1.492,-0.6221866607666016,-0.6221866607666016,-0.1758251190185547,-0.9996841892832999,-0.07894839336370296,-5.5655862020956235,15.0,1.0
1.493,-0.6221866607666016,-0.6221866607666016,-0.15824127197265625,-0.999758204436984,-0.06908154875458195,-5.574413431837663,15.0,1.0
1.494,-0.6225681304931641,-0.6225681304931641,-0.1318683624267578,-0.999822352380809,-0.059214022338267114,-5.586158988226183,15.0,1.0
1.495,-0.6225681304931641,-0.6225681304931641,-0.1318683624267578,-0.9998766324816606,-0.049345911503621664,-5.577105078904312,15.0,1.0
1.496,-0.6225681304931641,-0.6225681304931641,-0.11428642272949219,-0.9999210442038161,-0.0394773136446247,-5.585484596574913,15.0,1.0
1.497,-0.6225681304931641,-0.6225681304931641,-0.09670257568359375,-0.9999555871089498,-0.029608326160541765,-5.5937175997137345,15.0,1.0
1.498,-0.6229496002197266,-0.6229496002197266,-0.07912063598632812,-0.9999802608561371,-0.01973904645416269,-5.5960783200139925,15.0,1.0
1.499,-0.6229496002197266,-0.6229496002197266,-0.09670257568359375,-0.9999950652018582,-0.009869571931517385,-5.568848970979898,15.0,1.0
1.5,-0.6229496002197266,-0.6229496002197266,-0.07912063598632812,-1.0,5.684341886080802e-14,-5.576635360717717,15.0,1.0
1.5010000000000001,-0.6229496002197266,-0.6229496002197266,-0.07912063598632812,-0.9999950652018582,0.009869571931403698,-5.566691766814243,15.0,1.0
1.502,-0.6233310699462891,-0.6233310699462891,-0.07912063598632812,-0.9999802608561371,0.019739046454219533,-5.550878181207173,15.0,1.0
1.5030000000000001,-0.6233310699462891,-0.6233310699462891,-0.08791160583496094,-0.9999555871089498,0.029608326160428078,-5.5318478254445225,15.0,1.0
1.504,-0.6233310699462891,-0.6233310699462891,-0.08791160583496094,-0.9999210442038161,0.0394773136446247,-5.52146069438332,15.0,1.0
1.5050000000000001,-0.6233310699462891,-0.6233310699462891,-0.08791160583496094,-0.9998766324816606,0.04934591150350798,-5.510925920692104,15.0,1.0
1.506,-0.6233310699462891,-0.6233310699462891,-0.08791160583496094,-0.999822352380809,0.059214022338267114,-5.5002436083445705,15.0,1.0
1.5070000000000001,-0.6237125396728516,-0.6237125396728516,-0.08791160583496094,-0.999758204436984,0.06908154875446826,-5.483691816872558,15.0,1.0
1.508,-0.6237125396728516,-0.6237125396728516,-0.08791160583496094,-0.9996841892832999,0.07894839336381665,-5.472714744957948,15.0,1.0
1.5090000000000001,-0.6237125396728516,-0.6237125396728516,-0.043956756591796875,-0.9996003076502565,0.08881445878415661,-5.505545304285121,15.0,1.0
1.51,-0.6237125396728516,-0.6237125396728516,-0.0615386962890625,-0.9995065603657316,0.09867964764191584,-5.476691966462222,15.0,1.0
1.5110000000000001,-0.6237125396728516,-0.6237125396728516,-0.05274772644042969,-0.9994029483549729,0.10854386257119586,-5.474064541220194,15.0,1.0
1.512,-0.6237125396728516,-0.6237125396728516,-0.043956756591796875,-0.9992894726405892,0.11840700621644373,-5.471290231707824,15.0,1.0
1.5130000000000001,-0.6240940093994141,-0.6240940093994141,-0.03516578674316406,-0.9991661343425401,0.1282689812321678,-5.462647106171558,15.0,1.0
1.514,-0.6240940093994141,-0.6240940093994141,-0.03516578674316406,-0.9990329346781247,0.13812969028515454,-5.450788402152341,15.0,1.0
1.5150000000000001,-0.6240940093994141,-0.6240940093994141,-0.03516578674316406,-0.9988898749619699,0.14798903605355918,-5.438783160641615,15.0,1.0
1.516,-0.6240940093994141,-0.6240940093994141,-0.03516578674316406,-0.9987369566060175,0.15784692123014565,-5.426631500125741,15.0,1.0
1.5170000000000001,-0.6240940093994141,-0.6240940093994141,-0.03516578674316406,-0.9985741811195097,0.16770324852120666,-5.414333540537063,15.0,1.0
1.518,-0.6240940093994141,-0.6240940093994141,0.008790969848632812,-0.998401550108975,0.17755792064900788,-5.44584615984304,15.0,1.0
1.5190000000000001,-0.6240940093994141,-0.6240940093994141,-0.03516578674316406,-0.9982190652782118,0.18741084035167432,-5.389299211087128,15.0,1.0
1.52,-0.6240940093994141,-0.6240940093994141,-0.008790969848632812,-0.9980267284282716,0.19726191038512297,-5.402937905199106,15.0,1.0
1.5210000000000001,-0.6240940093994141,-0.6240940093994141,-0.008790969848632812,-0.9978245414574415,0.20711103352311966,-5.390055977498659,15.0,1.0
1.522,-0.6240940093994141,-0.6240940093994141,0.008790969848632812,-0.9976125063612252,0.21695811255898434,-5.394610311716816,15.0,1.0
1.5230000000000001,-0.6240940093994141,-0.6240940093994141,-0.008790969848632812,-0.9973906252323236,0.22680305030559111,-5.3638552173394185,15.0,1.0
1.524,-0.6240940093994141,-0.6240940093994141,-0.008790969848632812,-0.9971589002606139,0.23664574959786933,-5.350536643471496,15.0,1.0
1.5250000000000001,-0.6240940093994141,-0.6240940093994141,0.0,-0.996917333733128,0.24648611329200776,-5.345863751713701,15.0,1.0
1.526,-0.6240940093994141,-0.6240940093994141,0.008790969848632812,-0.9966659280340299,0.25632404426784205,-5.3410457051000275,15.0,1.0
1.5270000000000001,-0.6240940093994141,-0.6240940093994141,0.008790969848632812,-0.9964046856445924,0.26615944542862735,-5.32729166809768,15.0,1.0
1.528,-0.6240940093994141,-0.6240940093994141,0.008790969848632812,-0.9961336091431725,0.2759922197034257,-5.3133927463015835,15.0,1.0
1.5290000000000001,-0.6240940093994141,-0.6240940093994141,-0.008790969848632812,-0.9958527012051857,0.28582227004619654,-5.2817671371917445,15.0,1.0
1.53,-0.6240940093994141,-0.6240940093994141,0.017581939697265625,-0.99556196460308,0.2956494994386958,-5.293951768313558,15.0,1.0
1.5310000000000001,-0.6240940093994141,-0.6240940093994141,0.0,-0.9952614022063083,0.3054738108899073,-5.262037081213506,15.0,1.0
1.532,-0.6240940093994141,-0.6240940093994141,0.008790969848632812,-0.9949510169813002,0.31529510743797573,-5.256350976138949,15.0,1.0
1.5330000000000001,-0.6240940093994141,-0.6240940093994141,0.0,-0.9946308119914323,0.325113292150661,-5.232938746729613,15.0,1.0
1.534,-0.6240940093994141,-0.6240940093994141,0.026372909545898438,-0.9943007903969988,0.3349282681263617,-5.244546356383308,15.0,1.0
1.5350000000000001,-0.6240940093994141,-0.6240940093994141,0.03516578674316406,-0.9939609554551797,0.344739938495195,-5.238430039084454,15.0,1.0
1.536,-0.6240940093994141,-0.6240940093994141,0.03516578674316406,-0.9936113105200084,0.35454820642013374,-5.223377097131945,15.0,1.0
1.537,-0.6240940093994141,-0.6240940093994141,0.03516578674316406,-0.9932518590423395,0.36435297509740394,-5.2081805562896415,15.0,1.0
1.538,-0.6237125396728516,-0.6237125396728516,0.043956756591796875,-0.9928826045698137,0.37415414775779254,-5.2073535822884365,15.0,1.0
1.539,-0.6237125396728516,-0.6237125396728516,0.05274772644042969,-0.9925035507468238,0.38395162766795465,-5.20066126488206,15.0,1.0
1.54,-0.6237125396728516,-0.6237125396728516,0.07912063598632812,-0.9921147013144779,0.39374531813035674,-5.211407742480366,15.0,1.0
1.541,-0.6237125396728516,-0.6237125396728516,0.07912063598632812,-0.9917160601105629,0.4035351224857209,-5.195638320066277,15.0,1.0
1.542,-0.6237125396728516,-0.6237125396728516,0.07912063598632812,-0.9913076310695066,0.4133209441120016,-5.179726062824152,15.0,1.0
1.543,-0.6233310699462891,-0.6233310699462891,0.08791160583496094,-0.9908894182223388,0.4231026864276828,-5.178184143548024,15.0,1.0
1.544,-0.6233310699462891,-0.6233310699462891,0.07912063598632812,-0.9904614256966512,0.43288025289058396,-5.153195719351176,15.0,1.0
1.545,-0.6233310699462891,-0.6233310699462891,0.08791160583496094,-0.9900236577165575,0.4426535470000772,-5.145646875388911,15.0,1.0
1.546,-0.6233310699462891,-0.6233310699462891,0.07032966613769531,-0.989576118602651,0.45242247229782606,-5.111582923685299,15.0,1.0
1.547,-0.6233310699462891,-0.6233310699462891,0.07912063598632812,-0.9891188127719619,0.46218693236858144,-5.103749846002839,15.0,1.0
1.548,-0.6233310699462891,-0.6233310699462891,0.043956756591796875,-0.988651744737914,0.47194683084063627,-5.051820047625534,15.0,1.0
1.549,-0.6229496002197266,-0.6229496002197266,0.07032966613769531,-0.9881749191102805,0.48170207138815613,-5.067007378107849,15.0,1.0
1.55,-0.6229496002197266,-0.6229496002197266,0.0615386962890625,-0.9876883405951378,0.4914525577306108,-5.041167244189619,15.0,1.0
1.551,-0.6229496002197266,-0.6229496002197266,0.07032966613769531,-0.9871920139948193,0.5011981936349343,-5.032767679129152,15.0,1.0
1.552,-0.6229496002197266,-0.6229496002197266,0.07032966613769531,-0.986685944207868,0.5109388829150703,-5.015435943044747,15.0,1.0
1.553,-0.6229496002197266,-0.6229496002197266,0.08791160583496094,-0.986170136228989,0.5206745294350412,-5.015545116538856,15.0,1.0
1.554,-0.6225681304931641,-0.6225681304931641,0.08791160583496094,-0.985644595148998,0.5304050371074709,-5.003653538565,15.0,1.0
1.555,-0.6225681304931641,-0.6225681304931641,0.09670257568359375,-0.985109326154774,0.5401303098963695,-4.994690200711373,15.0,1.0
1.556,-0.6225681304931641,-0.6225681304931641,0.09670257568359375,-0.9845643345292054,0.5498502518170199,-4.976795384407195,15.0,1.0
1.557,-0.6225681304931641,-0.6225681304931641,0.123077392578125,-0.9840096256511398,0.5595647669379105,-4.98513505300985,15.0,1.0
1.558,-0.6221866607666016,-0.6221866607666016,0.11428642272949219,-0.9834452049953297,0.5692737593802235,-4.963890826780191,15.0,1.0
1.559,-0.6221866607666016,-0.6221866607666016,0.1318683624267578,-0.9828710781323793,0.5789771333205636,-4.96315748959286,15.0,1.0
1.56,-0.6221866607666016,-0.6221866607666016,0.11428642272949219,-0.9822872507286887,0.5886747929901048,-4.927120479170695,15.0,1.0
1.561,-0.6218051910400391,-0.6218051910400391,0.123077392578125,-0.981693728546399,0.5983666426773766,-4.923038812496148,15.0,1.0
1.562,-0.6218051910400391,-0.6218051910400391,0.11428642272949219,-0.9810905174433341,0.6080525867272399,-4.895513732051677,15.0,1.0
1.563,-0.6218051910400391,-0.6218051910400391,0.1318683624267578,-0.9804776233729444,0.6177325295435594,-4.894222317876778,15.0,1.0
1.564,-0.6214237213134766,-0.6214237213134766,0.1318683624267578,-0.979855052384247,0.6274063755892598,-4.880931952899054,15.0,1.0
1.565,-0.6214237213134766,-0.6214237213134766,0.1318683624267578,-0.9792228106217659,0.6370740293875201,-4.861780672663577,15.0,1.0
1.566,-0.6214237213134766,-0.6214237213134766,0.15824127197265625,-0.9785809043254721,0.6467353955220005,-4.868863621630588,15.0,1.0
1.567,-0.6210422515869141,-0.6210422515869141,0.1846160888671875,-0.9779293398307218,0.6563903786393439,-4.881532033884961,15.0,1.0
1.568,-0.6210422515869141,-0.6210422515869141,0.1846160888671875,-0.9772681235681935,0.6660388834485502,-4.8619652851378286,15.0,1.0
1.569,-0.6206607818603516,-0.6206607818603516,0.1934070587158203,-0.9765972620638247,0.6756808147231368,-4.85677344704478,15.0,1.0
1.57,-0.6206607818603516,-0.6206607818603516,0.20219802856445312,-0.9759167619387473,0.6853160773005129,-4.8457216524398765,15.0,1.0
1.571,-0.6202793121337891,-0.6202793121337891,0.1846160888671875,-0.9752266299092236,0.6949445760851631,-4.813881279413542,15.0,1.0
1.572,-0.6202793121337891,-0.6202793121337891,0.16703224182128906,-0.9745268727865771,0.704566216047283,-4.776179435565827,15.0,1.0
1.573,-0.6198978424072266,-0.6198978424072266,0.16703224182128906,-0.973817497477129,0.7141809022253938,-4.761646165644431,15.0,1.0
1.574,-0.6198978424072266,-0.6198978424072266,0.1846160888671875,-0.9730985109821264,0.7237885397260584,-4.758837577764627,15.0,1.0
1.575,-0.6195163726806641,-0.6195163726806641,0.2549457550048828,-0.9723699203976768,0.7333890337263256,-4.814359937033748,15.0,1.0
1.576,-0.6191349029541016,-0.6191349029541016,0.21977996826171875,-0.971631732914674,0.7429822894728204,-4.764250128197484,15.0,1.0
1.577,-0.6191349029541016,-0.6191349029541016,0.23736190795898438,-0.970883955818731,0.7525682122840749,-4.7610294886443505,15.0,1.0
1.578,-0.6187534332275391,-0.6187534332275391,0.21977996826171875,-0.9701265964901059,0.7621467075508122,-4.728230709649409,15.0,1.0
1.579,-0.6187534332275391,-0.6187534332275391,0.21977996826171875,-0.9693596624036294,0.7717176807374244,-4.707155725165649,15.0,1.0
1.58,-0.6183719635009766,-0.6183719635009766,0.20219802856445312,-0.9685831611286311,0.781281037381973,-4.674084955597298,15.0,1.0
1.581,-0.6183719635009766,-0.6183719635009766,0.22857093811035156,-0.9677971003288655,0.790836683098064,-4.679111307430621,15.0,1.0
1.582,-0.6179904937744141,-0.6179904937744141,0.22857093811035156,-0.9670014877624351,0.8003845235752465,-4.663351324355421,15.0,1.0
1.583,-0.6176090240478516,-0.6176090240478516,0.22857093811035156,-0.9661963312817148,0.8099244645807175,-4.647456082037582,15.0,1.0
1.584,-0.6176090240478516,-0.6176090240478516,0.21977996826171875,-0.9653816388332738,0.8194564119582992,-4.616912778084752,15.0,1.0
1.585,-0.6172275543212891,-0.6172275543212891,0.22857093811035156,-0.9645574184577981,0.8289802716320764,-4.60953862852591,15.0,1.0
1.586,-0.6172275543212891,-0.6172275543212891,0.21977996826171875,-0.9637236782900097,0.8384959496052034,-4.578725878187325,15.0,1.0
1.587,-0.6168460845947266,-0.6168460845947266,0.21098899841308594,-0.9628804265585876,0.8480033519620065,-4.553500775908995,15.0,1.0
1.588,-0.6168460845947266,-0.6168460845947266,0.1934070587158203,-0.9620276715860858,0.8575023848677006,-4.513628478718509,15.0,1.0
1.589,-0.6164646148681641,-0.6164646148681641,0.21977996826171875,-0.9611654217888521,0.8669929545714012,-4.523299117500638,15.0,1.0
1.59,-0.6160831451416016,-0.6160831451416016,0.20219802856445312,-0.9602936856769431,0.8764749674045333,-4.4888811691900425,15.0,1.0
1.591,-0.6160831451416016,-0.6160831451416016,0.1934070587158203,-0.9594124718540429,0.8859483297836732,-4.457398629618767,15.0,1.0
1.592,-0.6157016754150391,-0.6157016754150391,0.1846160888671875,-0.9585217890173757,0.8954129482101507,-4.431504844692086,15.0,1.0
1.593,-0.6157016754150391,-0.6157016754150391,0.16703224182128906,-0.9576216459576224,0.904868729272664,-4.390963070687376,15.0,1.0
1.594,-0.6157016754150391,-0.6157016754150391,0.1934070587158203,-0.9567120515588304,0.9143155796461429,-4.394247121226548,15.0,1.0
1.595,-0.6153202056884766,-0.6153202056884766,0.21977996826171875,-0.9557930147983301,0.923753406093681,-4.403118698815841,15.0,1.0
1.596,-0.6149387359619141,-0.6149387359619141,0.23736190795898438,-0.9548645447466431,0.9331821154681847,-4.403066924261735,15.0,1.0
1.597,-0.6149387359619141,-0.6149387359619141,0.21977996826171875,-0.9539266505673937,0.9426016147122027,-4.36199707263171,15.0,1.0
1.598,-0.6145572662353516,-0.6145572662353516,0.22857093811035156,-0.9529793415172187,0.9520118108584938,-4.352890256479865,15.0,1.0
1.599,-0.6145572662353516,-0.6145572662353516,0.21977996826171875,-0.9520226269456766,0.9614126110325856,-4.320347767884009,15.0,1.0
1.6,-0.6141757965087891,-0.6141757965087891,0.22857093811035156,-0.9510565162951536,0.9708039224523759,-4.310977812453444,15.0,1.0
1.601,-0.6137943267822266,-0.6137943267822266,0.2549457550048828,-0.9500810191007718,0.9801856524296682,-4.3190604873533935,15.0,1.0
1.602,-0.6137943267822266,-0.6137943267822266,0.24615478515625,-0.9490961449902945,0.9895577083698299,-4.286124349907439,15.0,1.0
1.603,-0.6134128570556641,-0.6134128570556641,0.2549457550048828,-0.948101903684032,0.99891999777509,-4.276361456655312,15.0,1.0
1.604,-0.6130313873291016,-0.6130313873291016,0.2989006042480469,-0.9470983049947443,1.0082724282432878,-4.301631940989401,15.0,1.0
1.605,-0.6126499176025391,-0.6126499176025391,0.33406639099121094,-0.9460853588275454,1.0176149074698628,-4.317983101896443,15.0,1.0
1.606,-0.6122684478759766,-0.6122684478759766,0.3604393005371094,-0.9450630751798047,1.0269473432476843,-4.325411366846847,15.0,1.0
1.607,-0.6118869781494141,-0.6118869781494141,0.378021240234375,-0.94403146414105,1.0362696434701775,-4.323918886638737,15.0,1.0
1.608,-0.6118869781494141,-0.6118869781494141,0.34285736083984375,-0.9429905358928644,1.0455817161296181,-4.263829010861981,15.0,1.0
1.609,-0.6115055084228516,-0.6115055084228516,0.378021240234375,-0.9419403007087906,1.0548834693195772,-4.279659655203884,15.0,1.0
1.61,-0.6107425689697266,-0.6107425689697266,0.4219779968261719,-0.9408807689542253,1.0641748112353184,-4.309876185358335,15.0,1.0
1.611,-0.6103610992431641,-0.6103610992431641,0.39560508728027344,-0.9398119510863199,1.0734556501756742,-4.263912214751937,15.0,1.0
1.612,-0.6103610992431641,-0.6103610992431641,0.33406639099121094,-0.9387338576538741,1.0827258945420226,-4.176931872609838,15.0,1.0
1.613,-0.6099796295166016,-0.6099796295166016,0.34285736083984375,-0.9376464992972356,1.091985452840845,-4.16587495470851,15.0,1.0
1.614,-0.6095981597900391,-0.6095981597900391,0.3604393005371094,-0.9365498867481924,1.1012342336840106,-4.163480971225399,15.0,1.0
1.615,-0.6092166900634766,-0.6092166900634766,0.34285736083984375,-0.9354440308298675,1.1104721457901974,-4.125795326545511,15.0,1.0
1.616,-0.6088352203369141,-0.6088352203369141,0.3164844512939453,-0.934328942456612,1.1196990979844372,-4.079191185104977,15.0,1.0
1.617,-0.6084537506103516,-0.6084537506103516,0.3164844512939453,-0.9332046326338985,1.1289149992005036,-4.058832682446646,15.0,1.0
1.618,-0.6080722808837891,-0.6080722808837891,0.33406639099121094,-0.9320711124582111,1.1381197584813094,-4.055929106126231,15.0,1.0
1.619,-0.6076908111572266,-0.6076908111572266,0.2989006042480469,-0.9309283931169359,1.1473132849799867,-4.0001510486636995,15.0,1.0
1.62,-0.6076908111572266,-0.6076908111572266,0.29010963439941406,-0.9297764858882512,1.156495487959262,-3.9648992674055226,15.0,1.0
1.621,-0.6073093414306641,-0.6073093414306641,0.27252769470214844,-0.9286154021410172,1.1656662767949797,-3.9264523285624664,15.0,1.0
1.622,-0.6069278717041016,-0.6069278717041016,0.33406639099121094,-0.9274451533346614,1.1748255609752505,-3.967000054474358,15.0,1.0
1.623,-0.6065464019775391,-0.6065464019775391,0.34285736083984375,-0.9262657510190667,1.183973250101758,-3.954674346361001,15.0,1.0
1.624,-0.6061649322509766,-0.6061649322509766,0.35164833068847656,-0.9250772068344579,1.193109253890043,-3.942223195550654,15.0,1.0
1.625,-0.6057834625244141,-0.6057834625244141,0.35164833068847656,-0.9238795325112866,1.2022334821716072,-3.9208558983199575,15.0,1.0
1.6260000000000001,-0.6054019927978516,-0.6054019927978516,0.35164833068847656,-0.9226727398701148,1.2113458448940264,-3.8993636918783983,15.0,1.0
1.627,-0.6050205230712891,-0.6050205230712891,0.3868141174316406,-0.9214568408214985,1.2204462521223718,-3.91291263156241,15.0,1.0
1.6280000000000001,-0.6046390533447266,-0.6046390533447266,0.4395599365234375,-0.9202318473658702,1.2295346140384709,-3.9439172328021206,15.0,1.0
1.629,-0.6042575836181641,-0.6042575836181641,0.47472572326660156,-0.9189977715934216,1.2386108409446024,-3.957217701950862,15.0,1.0
1.6300000000000001,-0.6038761138916016,-0.6038761138916016,0.5010986328125,-0.917754625683981,1.2476748432617342,-3.9616014664364574,15.0,1.0
1.631,-0.6031131744384766,-0.6031131744384766,0.4923076629638672,-0.916502421906898,1.2567265315316831,-3.9364198434585056,15.0,1.0
1.6320000000000001,-0.6027317047119141,-0.6027317047119141,0.5538463592529297,-0.9152411726209176,1.2657658164182521,-3.9757225614697314,15.0,1.0
1.633,-0.6023502349853516,-0.6023502349853516,0.5538463592529297,-0.9139708902740614,1.2747926087074575,-3.95336357987612,15.0,1.0
1.6340000000000001,-0.6015872955322266,-0.6015872955322266,0.4923076629638672,-0.9126915874035028,1.2838068193080971,-3.8750652217249133,15.0,1.0
1.635,-0.6012058258056641,-0.6012058258056641,0.4483509063720703,-0.9114032766354452,1.29280835925357,-3.808504309565217,15.0,1.0
1.6360000000000001,-0.6008243560791016,-0.6008243560791016,0.45714378356933594,-0.9101059706849958,1.301797139702444,-3.7945708629553048,15.0,1.0
1.637,-0.6004428863525391,-0.6004428863525391,0.41318702697753906,-0.9087996823560403,1.3107730719395363,-3.7277658950905206,15.0,1.0
1.6380000000000001,-0.6000614166259766,-0.6000614166259766,0.4307689666748047,-0.9074844245411168,1.3197360673751746,-3.722378018026733,15.0,1.0
1.639,-0.5996799468994141,-0.5996799468994141,0.41318702697753906,-0.9061602102212898,1.328686037548664,-3.6817049392570107,15.0,1.0
1.6400000000000001,-0.5992984771728516,-0.5992984771728516,0.35164833068847656,-0.9048270524660196,1.337622894127378,-3.5969540659586183,15.0,1.0
1.641,-0.5989170074462891,-0.5989170074462891,0.40439605712890625,-0.9034849644330349,1.3465465489085773,-3.6263688630215167,15.0,1.0
1.6420000000000001,-0.5981540679931641,-0.5981540679931641,0.4219779968261719,-0.9021339593682026,1.3554569138184434,-3.6262194536333068,15.0,1.0
1.643,-0.5977725982666016,-0.5977725982666016,0.4219779968261719,-0.900774050605398,1.3643539009158303,-3.602645880992287,15.0,1.0
1.6440000000000001,-0.5973911285400391,-0.5973911285400391,0.4307689666748047,-0.899405251566371,1.373237422391071,-3.587743389678712,15.0,1.0
1.645,-0.5970096588134766,-0.5970096588134766,0.4483509063720703,-0.8980275757606156,1.3821073905676826,-3.5815122700114737,15.0,1.0
1.6460000000000001,-0.5966281890869141,-0.5966281890869141,0.5186805725097656,-0.8966410367852357,1.3909637179018546,-3.6279095700827346,15.0,1.0
1.647,-0.5958652496337891,-0.5958652496337891,0.5626373291015625,-0.8952456483248119,1.3998063169860302,-3.653536992480875,15.0,1.0
1.6480000000000001,-0.5954837799072266,-0.5954837799072266,0.6593399047851562,-0.8938414241512637,1.4086351005470306,-3.7260694678986823,15.0,1.0
1.649,-0.5947208404541016,-0.5947208404541016,0.5890102386474609,-0.8924283781237179,1.4174499814478736,-3.6371733222438323,15.0,1.0
1.6500000000000001,-0.5939579010009766,-0.5939579010009766,0.6681327819824219,-0.891006524188368,1.4262508726897636,-3.69761125710353,15.0,1.0
1.651,-0.5935754776000977,-0.5935754776000977,0.624176025390625,-0.8895758763783381,1.435037687411807,-3.6291443196524256,15.0,1.0
1.6520000000000001,-0.5928125381469727,-0.5928125381469727,0.5626373291015625,-0.8881364488135444,1.4438103388907848,-3.548685650209354,15.0,1.0
1.653,-0.5924310684204102,-0.5924310684204102,0.5274734497070312,-0.8866882557005564,1.4525687405445638,-3.488762518364662,15.0,1.0
1.6540000000000001,-0.5916681289672852,-0.5916681289672852,0.5098896026611328,-0.8852313113324553,1.4613128059313567,-3.4520245322073277,15.0,1.0
1.655,-0.5912866592407227,-0.5912866592407227,0.5010986328125,-0.8837656300886936,1.470042448751144,-3.4182407467809197,15.0,1.0
1.6560000000000001,-0.5909051895141602,-0.5909051895141602,0.4219779968261719,-0.8822912264349531,1.4787575828449917,-3.314010967793074,15.0,1.0
1.657,-0.5905237197875977,-0.5905237197875977,0.46593475341796875,-0.8808081149230035,1.4874581221984045,-3.3327425582506516,15.0,1.0
1.6580000000000001,-0.5897607803344727,-0.5897607803344727,0.4923076629638672,-0.8793163101905562,1.4961439809408148,-3.339496629864306,15.0,1.0
1.659,-0.5893793106079102,-0.5893793106079102,0.5098896026611328,-0.8778158269611218,1.5048150733464354,-3.3316222746128723,15.0,1.0
1.6600000000000001,-0.5889978408813477,-0.5889978408813477,0.5274734497070312,-0.8763066800438634,1.5134713138345433,-3.3236347233102235,15.0,1.0
1.661,-0.5882349014282227,-0.5882349014282227,0.5890102386474609,-0.8747888843334526,1.52211261697164,-3.36520736525427,15.0,1.0
1.6620000000000001,-0.5874719619750977,-0.5874719619750977,0.7120876312255859,-0.8732624548099202,1.5307388974717924,-3.4682061262761312,15.0,1.0
1.663,-0.5867090225219727,-0.5867090225219727,0.7560443878173828,-0.8717274065385089,1.539350070197429,-3.4919700778679976,15.0,1.0
1.6640000000000001,-0.5859460830688477,-0.5859460830688477,0.7736263275146484,-0.8701837546695254,1.5479460501586573,-3.489245351366157,15.0,1.0
1.665,-0.5851831436157227,-0.5851831436157227,0.7824172973632812,-0.8686315144381915,1.556526752517641,-3.4776161071826737,15.0,1.0
1.666,-0.5848016738891602,-0.5848016738891602,0.6769237518310547,-0.8670707011644904,1.5650920925862692,-3.345867068374739,15.0,1.0
1.667,-0.5840387344360352,-0.5840387344360352,0.624176025390625,-0.865501330253019,1.5736419858274644,-3.2724729768179186,15.0,1.0
1.668,-0.5832757949829102,-0.5832757949829102,0.6153850555419922,-0.8639234171928354,1.5821763478575122,-3.2429230408333583,15.0,1.0
1.669,-0.5828943252563477,-0.5828943252563477,0.5802192687988281,-0.8623369775573041,1.590695094445664,-3.1811639588675105,15.0,1.0
1.67,-0.5821313858032227,-0.5821313858032227,0.5098896026611328,-0.860742027003944,1.599198141515899,-3.0898510791560536,15.0,1.0
1.671,-0.5817499160766602,-0.5817499160766602,0.5802192687988281,-0.8591385812742723,1.607685405145844,-3.133363841617167,15.0,1.0
1.672,-0.5809869766235352,-0.5809869766235352,0.5714282989501953,-0.8575266561936523,1.616156801569673,-3.1033666909322797,15.0,1.0
1.673,-0.5806055068969727,-0.5806055068969727,0.5978031158447266,-0.8559062676711331,1.6246122471783906,-3.1027022802787423,15.0,1.0
1.674,-0.5798425674438477,-0.5798425674438477,0.6681327819824219,-0.8542774316992954,1.6330516585205714,-3.151604087293566,15.0,1.0
1.675,-0.5790796279907227,-0.5790796279907227,0.7999992370605469,-0.8526401643540921,1.6414749523015075,-3.2619323302095804,15.0,1.0
1.676,-0.5783166885375977,-0.5783166885375977,0.8263740539550781,-0.8509944817946923,1.6498820453878125,-3.266658907423685,15.0,1.0
1.677,-0.5775537490844727,-0.5775537490844727,0.8967037200927734,-0.8493404002633166,1.6582728548044088,-3.3152306329710237,15.0,1.0
1.678,-0.5764093399047852,-0.5764093399047852,0.7999992370605469,-0.8476779360850835,1.66664729773737,-3.2023808820276516,15.0,1.0
1.679,-0.5756464004516602,-0.5756464004516602,0.7384624481201172,-0.846007105667842,1.675005291533921,-3.1188677348289238,15.0,1.0
1.68,-0.5752649307250977,-0.5752649307250977,0.6769237518310547,-0.8443279255020155,1.6833467537048818,-3.029521919779941,15.0,1.0
1.681,-0.5745019912719727,-0.5745019912719727,0.6593399047851562,-0.8426404121604323,1.691671601923133,-2.9897446161889176,15.0,1.0
1.682,-0.5737390518188477,-0.5737390518188477,0.5626373291015625,-0.8409445822981693,1.6999797540252075,-2.870740532266179,15.0,1.0
1.683,-0.5733575820922852,-0.5733575820922852,0.6505489349365234,-0.8392404526523819,1.708271128013564,-2.9305208653244104,15.0,1.0
1.684,-0.5725946426391602,-0.5725946426391602,0.6329669952392578,-0.8375280400421421,1.7165456420558485,-2.8904223142281387,15.0,1.0
1.685,-0.5718317031860352,-0.5718317031860352,0.6857147216796875,-0.8358073613682703,1.724803214485405,-2.920546379927809,15.0,1.0
1.686,-0.5710687637329102,-0.5710687637329102,0.8087921142578125,-0.8340784336131712,1.73304376380338,-3.020893398658349,15.0,1.0
1.687,-0.5703058242797852,-0.5703058242797852,0.9318675994873047,-0.8323412738406636,1.7412672086791758,-3.1211321342213054,15.0,1.0
1.688,-0.5691614151000977,-0.5691614151000977,0.9670333862304688,-0.8305958991958129,1.7494734679509065,-3.139077179715291,15.0,1.0
1.689,-0.5683984756469727,-0.5683984756469727,0.8967037200927734,-0.8288423269047618,1.757662460625511,-3.0456990283340994,15.0,1.0
1.69,-0.5676355361938477,-0.5676355361938477,0.7824172973632812,-0.8270805742745618,1.7658341058810834,-2.9082587626929106,15.0,1.0
1.691,-0.5668725967407227,-0.5668725967407227,0.7384624481201172,-0.8253106586929997,1.7739883230670443,-2.8410450543372283,15.0,1.0
1.692,-0.5661096572875977,-0.5661096572875977,0.6857147216796875,-0.8235325976284277,1.7821250317048225,-2.764933795087315,15.0,1.0
1.693,-0.5653467178344727,-0.5653467178344727,0.6329669952392578,-0.8217464086295901,1.7902441514876841,-2.688718205678336,15.0,1.0
1.694,-0.5649652481079102,-0.5649652481079102,0.6945056915283203,-0.8199521093254523,1.798345602283348,-2.7209630075081037,15.0,1.0
1.695,-0.5642023086547852,-0.5642023086547852,0.7032966613769531,-0.8181497174250235,1.806429304134042,-2.7060784887964866,15.0,1.0
1.696,-0.5634393692016602,-0.5634393692016602,0.7912082672119141,-0.8163392507171842,1.8144951772571858,-2.7702113126875885,15.0,1.0
1.697,-0.5622949600219727,-0.5622949600219727,0.9846153259277344,-0.8145207270705092,1.8225431420448786,-2.9454586896109034,15.0,1.0
1.698,-0.5611505508422852,-0.5611505508422852,1.0197811126708984,-0.8126941644330944,1.8305731190678216,-2.9623621974652155,15.0,1.0
1.699,-0.5603876113891602,-0.5603876113891602,1.0461540222167969,-0.8108595808323735,1.8385850290733856,-2.964648534791612,15.0,1.0
1.7,-0.5592432022094727,-0.5592432022094727,0.9054946899414062,-0.8090169943749476,1.84657879298652,-2.80552277943701,15.0,1.0
1.701,-0.5584802627563477,-0.5584802627563477,0.8527469635009766,-0.8071664232464005,1.8545543319125954,-2.728485038939174,15.0,1.0
1.702,-0.5577173233032227,-0.5577173233032227,0.7648353576660156,-0.8053078857111223,1.8625115671365506,-2.61618222664796,15.0,1.0
1.703,-0.5569543838500977,-0.5569543838500977,0.74725341796875,-0.8034414001121275,1.8704504201227792,-2.5741082417764183,15.0,1.0
1.704,-0.5561914443969727,-0.5561914443969727,0.7824172973632812,-0.8015669848708766,1.8783708125184262,-2.5846795919534147,15.0,1.0
1.705,-0.5554285049438477,-0.5554285049438477,0.8087921142578125,-0.7996846584870907,1.8862726661526494,-2.5863617512538086,15.0,1.0
1.706,-0.5542840957641602,-0.5542840957641602,0.9934062957763672,-0.7977944395385713,1.8941559030375288,-2.7519055493550058,15.0,1.0
1.707,-0.5531396865844727,-0.5531396865844727,1.0725269317626953,-0.7958963466810157,1.9020204453680094,-2.8118563878428318,15.0,1.0
1.708,-0.5519952774047852,-0.5519952774047852,1.1516475677490234,-0.7939903986478353,1.9098662155242891,-2.871708170870486,15.0,1.0
1.709,-0.5512323379516602,-0.5512323379516602,0.9758243560791016,-0.7920766142499671,1.9176931360722733,-2.6707953644814326,15.0,1.0
1.71,-0.5504693984985352,-0.5504693984985352,0.8703289031982422,-0.7901550123756906,1.9255011297636315,-2.540111981591943,15.0,1.0
1.711,-0.5497064590454102,-0.5497064590454102,0.7999992370605469,-0.7882256119904398,1.9332901195359113,-2.4444964117000807,15.0,1.0
1.712,-0.5489435195922852,-0.5489435195922852,0.74725341796875,-0.7862884321366188,1.9410600285149258,-2.366367077618829,15.0,1.0
1.713,-0.5477991104125977,-0.5477991104125977,0.8087921142578125,-0.7843434919334101,1.948810780015208,-2.4081470570547916,15.0,1.0
1.714,-0.5470361709594727,-0.5470361709594727,0.8439559936523438,-0.7823908105765883,1.9565422975403521,-2.4177332903687265,15.0,1.0
1.715,-0.5458917617797852,-0.5458917617797852,1.0813179016113281,-0.7804304073383295,1.9642545047821613,-2.6351430802073317,15.0,1.0
1.716,-0.5447473526000977,-0.5447473526000977,1.1956043243408203,-0.7784623015670239,1.9719473256254787,-2.729381233219235,15.0,1.0
1.717,-0.5436029434204102,-0.5436029434204102,1.2307701110839844,-0.7764865126870786,1.9796206841449475,-2.744402965939063,15.0,1.0
1.718,-0.5424585342407227,-0.5424585342407227,1.0197811126708984,-0.7745030601987339,1.9872745046070008,-2.5131744974340666,15.0,1.0
1.719,-0.5416955947875977,-0.5416955947875977,0.9406585693359375,-0.7725119636778647,1.994908711472135,-2.4079953912178076,15.0,1.0
1.72,-0.5409326553344727,-0.5409326553344727,0.8087921142578125,-0.7705132427757896,2.0025232293941144,-2.249977696483452,15.0,1.0
1.721,-0.5401697158813477,-0.5401697158813477,0.8615379333496094,-0.7685069172190765,2.0101179832198,-2.276477970195742,15.0,1.0
1.722,-0.5390253067016602,-0.5390253067016602,0.8967037200927734,-0.7664930068093498,2.01769289799239,-2.2910263237157285,15.0,1.0
1.723,-0.5378808975219727,-0.5378808975219727,1.0901107788085938,-0.7644715314230918,2.025247898950795,-2.4637223883745856,15.0,1.0
1.724,-0.5367364883422852,-0.5367364883422852,1.24835205078125,-0.7624425110114481,2.0327829115305462,-2.601159479288148,15.0,1.0
1.725,-0.5355920791625977,-0.5355920791625977,1.3010997772216797,-0.7604059656000308,2.040297861363115,-2.6330102124200625,15.0,1.0
1.726,-0.5344476699829102,-0.5344476699829102,1.0549449920654297,-0.7583619152887218,2.0477926742794352,-2.3658659973731684,15.0,1.0
1.727,-0.5333032608032227,-0.5333032608032227,0.9758243560791016,-0.756310380251472,2.0552672763088253,-2.2656638714940165,15.0,1.0
1.728,-0.5325403213500977,-0.5325403213500977,0.8439559936523438,-0.7542513807361041,2.0627215936804646,-2.106900290761976,15.0,1.0
1.729,-0.5317773818969727,-0.5317773818969727,0.9142856597900391,-0.7521849370641112,2.070155552822257,-2.1502434344748593,15.0,1.0
1.73,-0.5306320190429688,-0.5306320190429688,0.9230766296386719,-0.7501110696304595,2.0775690803644125,-2.1376933080866203,15.0,1.0
1.731,-0.5294876098632812,-0.5294876098632812,1.0989017486572266,-0.7480297989033825,2.084962103138537,-2.2920724811202087,15.0,1.0
1.732,-0.5283432006835938,-0.5283432006835938,1.3098907470703125,-0.7459411454241823,2.092334548178883,-2.4815253700002584,15.0,1.0
1.733,-0.5268173217773438,-0.5268173217773438,1.3450546264648438,-0.7438451298070248,2.099686342721327,-2.500785404188732,15.0,1.0
1.734,-0.5256729125976562,-0.5256729125976562,1.1428565979003906,-0.7417417727387396,2.1070174142075757,-2.2768720858090656,15.0,1.0
1.735,-0.5249099731445312,-0.5249099731445312,1.0549449920654297,-0.7396310949786097,2.114327690282721,-2.1614341292938852,15.0,1.0
1.736,-0.5237655639648438,-0.5237655639648438,0.9406585693359375,-0.737513117358174,2.1216170987967757,-2.025254771439116,15.0,1.0
1.737,-0.5230026245117188,-0.5230026245117188,0.9934062957763672,-0.7353878607810161,2.128885567806776,-2.050299272009052,15.0,1.0
1.738,-0.5218582153320312,-0.5218582153320312,1.0901107788085938,-0.7332553462225604,2.1361330255761004,-2.12493471659043,15.0,1.0
1.739,-0.5203323364257812,-0.5203323364257812,1.371429443359375,-0.731115594729864,2.143359400574411,-2.3898189173462048,15.0,1.0
1.74,-0.5188064575195312,-0.5188064575195312,1.4241752624511719,-0.7289686274214116,2.1505646214804983,-2.426043189498878,15.0,1.0
1.741,-0.5176620483398438,-0.5176620483398438,1.2219772338867188,-0.726814465486903,2.1577486171822784,-2.201514873910329,15.0,1.0
1.742,-0.5165176391601562,-0.5165176391601562,1.0637359619140625,-0.7246531301870469,2.1649113167766814,-2.020857010540741,15.0,1.0
1.743,-0.5157546997070312,-0.5157546997070312,0.9318675994873047,-0.7224846428533497,2.1720526495699914,-1.8607640971120896,15.0,1.0
1.744,-0.5146102905273438,-0.5146102905273438,1.0109882354736328,-0.7203090248879068,2.179172545080405,-1.9172967058016739,15.0,1.0
1.745,-0.5138473510742188,-0.5138473510742188,1.037363052368164,-0.7181262977631889,2.1862709330376333,-1.9152763196650833,15.0,1.0
1.746,-0.5123214721679688,-0.5123214721679688,1.336263656616211,-0.7159364830218314,2.1933477433839244,-2.197141076040227,15.0,1.0
1.747,-0.5107955932617188,-0.5107955932617188,1.4505500793457031,-0.7137396022764211,2.200402906273098,-2.2943073082931402,15.0,1.0
1.748,-0.5096511840820312,-0.5096511840820312,1.3538455963134766,-0.7115356772092852,2.207436352073671,-2.1746766411486154,15.0,1.0
1.749,-0.5085067749023438,-0.5085067749023438,1.2043952941894531,-0.7093247295722739,2.214448011368745,-2.00221660286966,15.0,1.0
1.75,-0.5073623657226562,-0.5073623657226562,1.0725269317626953,-0.7071067811865477,2.2214378149564595,-1.847255348764607,15.0,1.0
1.7510000000000001,-0.5062179565429688,-0.5062179565429688,1.1076927185058594,-0.704881853942361,2.22840569384897,-1.8592454856477736,15.0,1.0
1.752,-0.5050735473632812,-0.5050735473632812,1.2307701110839844,-0.7026499697988496,2.235351579277335,-1.959064868340175,15.0,1.0
1.7530000000000001,-0.5035476684570312,-0.5035476684570312,1.4769229888916016,-0.7004111507838063,2.242275402688392,-2.1875998211048358,15.0,1.0
1.754,-0.5020217895507812,-0.5020217895507812,1.5120887756347656,-0.6981654189934727,2.2491770957462336,-2.2050661215289042,15.0,1.0
1.7550000000000001,-0.5008773803710938,-0.5008773803710938,1.2659339904785156,-0.6959127965923139,2.2560565903336283,-1.9354086434631892,15.0,1.0
1.756,-0.49973297119140625,-0.49973297119140625,1.1428565979003906,-0.6936533058128054,2.262913818553784,-1.7887477986675933,15.0,1.0
1.7570000000000001,-0.49858856201171875,-0.49858856201171875,1.0725269317626953,-0.6913869689552062,2.269748712728415,-1.6947543231865927,15.0,1.0
1.758,-0.49744415283203125,-0.49744415283203125,1.125274658203125,-0.6891138083873485,2.2765612053989344,-1.723758286133949,15.0,1.0
1.7590000000000001,-0.49591827392578125,-0.49591827392578125,1.415384292602539,-0.6868338465444084,2.2833512293296963,-1.9957666525522497,15.0,1.0
1.76,-0.49439239501953125,-0.49439239501953125,1.6000003814697266,-0.684547105928689,2.2901187175060613,-2.1622023276010305,15.0,1.0
1.7610000000000001,-0.49286651611328125,-0.49286651611328125,1.4241752624511719,-0.6822536091093963,2.2968636031348524,-1.9681180542580448,15.0,1.0
1.762,-0.49172210693359375,-0.49172210693359375,1.2659339904785156,-0.6799533787224191,2.303585819646969,-1.7858172476639274,15.0,1.0
1.7630000000000001,-0.49057769775390625,-0.49057769775390625,1.1076927185058594,-0.6776464374701023,2.31028530069716,-1.603438513551641,15.0,1.0
1.764,-0.48943328857421875,-0.48943328857421875,1.1956043243408203,-0.6753328081210247,2.316961980164649,-1.6671351373782604,15.0,1.0
1.7650000000000001,-0.48790740966796875,-0.48790740966796875,1.415384292602539,-0.6730125135097731,2.3236157921523386,-1.8683450580772654,15.0,1.0
1.766,-0.48638153076171875,-0.48638153076171875,1.6439552307128906,-0.6706855765367199,2.33024667099005,-2.078269246347858,15.0,1.0
1.7670000000000001,-0.48485565185546875,-0.48485565185546875,1.5208797454833984,-0.668352020167793,2.336854551234012,-1.9364707189342507,15.0,1.0
1.768,-0.48371124267578125,-0.48371124267578125,1.2571430206298828,-0.6660118674342518,2.343439367667486,-1.648213024339455,15.0,1.0
1.7690000000000001,-0.48256683349609375,-0.48256683349609375,1.0901107788085938,-0.6636651414324581,2.3500010552997423,-1.4565843425543172,15.0,1.0
1.77,-0.48142242431640625,-0.48142242431640625,1.160440444946289,-0.6613118653236523,2.356539549370666,-1.5022425106843134,15.0,1.0
1.7710000000000001,-0.47989654541015625,-0.47989654541015625,1.3274726867675781,-0.6589520623337168,2.363054785347856,-1.6502506552731306,15.0,1.0
1.772,-0.47837066650390625,-0.47837066650390625,1.6439552307128906,-0.6565857557529565,2.3695466989281613,-1.9476348705204836,15.0,1.0
1.7730000000000001,-0.47684478759765625,-0.47684478759765625,1.626373291015625,-0.6542129689358606,2.376015226038703,-1.9108807850499865,15.0,1.0
1.774,-0.47531890869140625,-0.47531890869140625,1.3450546264648438,-0.6518337253008791,2.382460302838581,-1.610316572768356,15.0,1.0
1.7750000000000001,-0.47417449951171875,-0.47417449951171875,1.1516475677490234,-0.6494480483301834,2.3888818657173942,-1.3918689343085995,15.0,1.0
1.776,-0.47303009033203125,-0.47303009033203125,1.2395610809326172,-0.6470559615694443,2.3952798512959816,-1.4546692981978318,15.0,1.0
1.7770000000000001,-0.47150421142578125,-0.47150421142578125,1.459341049194336,-0.6446574886275914,2.4016541964297744,-1.6549860107917143,15.0,1.0
1.778,-0.46959686279296875,-0.46959686279296875,1.8637371063232422,-0.6422526531765846,2.4080048382066934,-2.045569123870787,15.0,1.0
1.7790000000000001,-0.46807003021240234,-0.46807003021240234,1.6175823211669922,-0.6398414789511782,2.4143317139474334,-1.7798223383011962,15.0,1.0
1.78,-0.46654415130615234,-0.46654415130615234,1.3450546264648438,-0.6374239897486896,2.4206347612087598,-1.4876174418941432,15.0,1.0
1.7810000000000001,-0.46539974212646484,-0.46539974212646484,1.1428565979003906,-0.6350002094287607,2.4269139177824854,-1.2599496896523426,15.0,1.0
1.782,-0.46425533294677734,-0.46425533294677734,1.2219772338867188,-0.6325701619131247,2.4331691216959825,-1.313530546685946,15.0,1.0
1.7830000000000001,-0.46272945404052734,-0.46272945404052734,1.5296707153320312,-0.6301338711853688,2.4394003112121254,-1.6013366612925273,15.0,1.0
1.784,-0.46082210540771484,-0.46082210540771484,1.8901100158691406,-0.6276913612907002,2.4456074248318487,-1.9475414292820732,15.0,1.0
1.7850000000000001,-0.45929622650146484,-0.45929622650146484,1.6175823211669922,-0.6252426563357051,2.4517904012937493,-1.6549883673868466,15.0,1.0
1.786,-0.45777034759521484,-0.45777034759521484,1.3626365661621094,-0.6227877804881127,2.4579491795747686,-1.3799488799808084,15.0,1.0
1.7870000000000001,-0.45662593841552734,-0.45662593841552734,1.2835159301757812,-0.6203267579765556,2.464083698888885,-1.2749445247023194,15.0,1.0
1.788,-0.45548152923583984,-0.45548152923583984,1.3890113830566406,-0.6178596130903348,2.4701938986920595,-1.354488742182005,15.0,1.0
1.7890000000000001,-0.45357418060302734,-0.45357418060302734,1.8021984100341797,-0.6153863701791714,2.476279718679166,-1.753101534997175,15.0,1.0
1.79,-0.45166683197021484,-0.45166683197021484,1.837362289428711,-0.6129070536529765,2.4823410987847296,-1.7736245158854058,15.0,1.0
1.7910000000000001,-0.45014095306396484,-0.45014095306396484,1.4945049285888672,-0.610421687981602,2.488377979185316,-1.410337973168109,15.0,1.0
1.792,-0.44899654388427734,-0.44899654388427734,1.2307701110839844,-0.6079302976946057,2.494390300300381,-1.120386117938529,15.0,1.0
1.793,-0.44747066497802734,-0.44747066497802734,1.2571430206298828,-0.6054329073810019,2.500378002790569,-1.1261986538839315,15.0,1.0
1.794,-0.44594478607177734,-0.44594478607177734,1.5736255645751953,-0.6029295416890247,2.5063410275588467,-1.4220558712750586,15.0,1.0
1.795,-0.44403743743896484,-0.44403743743896484,1.9252738952636719,-0.6004202253258841,2.512279315752835,-1.7587363978146264,15.0,1.0
1.796,-0.44251155853271484,-0.44251155853271484,1.714284896850586,-0.5979049830575192,2.518192808764354,-1.5269934559582965,15.0,1.0
1.797,-0.44098567962646484,-0.44098567962646484,1.415384292602539,-0.5953838397083554,2.5240814482299925,-1.207275245600905,15.0,1.0
1.798,-0.43945980072021484,-0.43945980072021484,1.3626365661621094,-0.5928568201610591,2.529945176030367,-1.1336466817444064,15.0,1.0
1.799,-0.43831539154052734,-0.43831539154052734,1.5296707153320312,-0.5903239493562946,2.5357839342929083,-1.2740151482756321,15.0,1.0
1.8,-0.43602657318115234,-0.43602657318115234,1.9428577423095703,-0.5877852522924734,2.5415976653920325,-1.677640263587353,15.0,1.0
1.801,-0.43450069427490234,-0.43450069427490234,1.8021984100341797,-0.5852407540255105,2.5473863119488556,-1.515912994344446,15.0,1.0
1.802,-0.43297481536865234,-0.43297481536865234,1.4681320190429688,-0.5826904796685758,2.553149816830114,-1.1607171667117062,15.0,1.0
1.803,-0.43144893646240234,-0.43144893646240234,1.3626365661621094,-0.5801344543918501,2.5588881231540768,-1.0340312119497486,15.0,1.0
1.804,-0.42992305755615234,-0.42992305755615234,1.4417591094970703,-0.5775727034222677,2.564601174285599,-1.091902623203202,15.0,1.0
1.805,-0.42801570892333984,-0.42801570892333984,1.9516487121582031,-0.5750052520432788,2.570288913838226,-1.5862029451190613,15.0,1.0
1.806,-0.42610836029052734,-0.42610836029052734,1.9428577423095703,-0.5724321255945913,2.5759512856771494,-1.561762936193381,15.0,1.0
1.807,-0.42458248138427734,-0.42458248138427734,1.582418441772461,-0.5698533494719243,2.581588233917387,-1.179893229169779,15.0,1.0
1.808,-0.42305660247802734,-0.42305660247802734,1.4329662322998047,-0.5672689491267565,2.587199702923499,-1.0089517291072432,15.0,1.0
1.809,-0.42191219329833984,-0.42191219329833984,1.5296707153320312,-0.5646789500660773,2.5927856373128293,-1.0783864295352634,15.0,1.0
1.81,-0.41962337493896484,-0.41962337493896484,2.0307693481445312,-0.5620833778521309,2.5983459819549353,-1.5693234098870872,15.0,1.0
1.811,-0.41771602630615234,-0.41771602630615234,1.916482925415039,-0.5594822581021675,2.603880681971532,-1.439095720383734,15.0,1.0
1.812,-0.41619014739990234,-0.41619014739990234,1.5296707153320312,-0.556875616488188,2.609389682736605,-1.0305630689197103,15.0,1.0
1.813,-0.41466426849365234,-0.41466426849365234,1.3802204132080078,-0.5542634787366941,2.614872929878743,-0.8593356369748917,15.0,1.0
1.814,-0.41313838958740234,-0.41313838958740234,1.5208797454833984,-0.5516458706284305,2.620330369280964,-0.978161591817857,15.0,1.0
1.815,-0.41123104095458984,-0.41123104095458984,2.0131874084472656,-0.5490228179981321,2.6257619470807754,-1.4543021170196244,15.0,1.0
1.816,-0.40932369232177734,-0.40932369232177734,1.9252738952636719,-0.5463943467342689,2.631167609669774,-1.3501661017812712,15.0,1.0
1.817,-0.40779781341552734,-0.40779781341552734,1.5912094116210938,-0.5437604827787925,2.6365473036964318,-0.9941021483736394,15.0,1.0
1.818,-0.40627193450927734,-0.40627193450927734,1.459341049194336,-0.541121252126876,2.6419009760659833,-0.8401798373923324,15.0,1.0
1.819,-0.40474510192871094,-0.40474510192871094,1.714284896850586,-0.5384766808266606,2.6472285739399126,-1.0730300063799176,15.0,1.0
1.82,-0.40245628356933594,-0.40245628356933594,2.118680953979492,-0.5358267949789963,2.652530044735613,-1.4667085803887847,15.0,1.0
1.821,-0.40054893493652344,-0.40054893493652344,1.8813190460205078,-0.5331716207371893,2.657805336131105,-1.2128539968993903,15.0,1.0
1.822,-0.39902305603027344,-0.39902305603027344,1.5032958984375,-0.5305111843067342,2.663054396061227,-0.8125634265231838,15.0,1.0
1.823,-0.39749717712402344,-0.39749717712402344,1.3978023529052734,-0.5278455119450667,2.6682771727193995,-0.6847502025015226,15.0,1.0
1.824,-0.39597129821777344,-0.39597129821777344,1.8021984100341797,-0.5251746299612954,2.6734736145585316,-1.0667747716284772,15.0,1.0
1.825,-0.39368247985839844,-0.39368247985839844,2.1450557708740234,-0.5224985647159495,2.678643670293013,-1.3986533734442756,15.0,1.0
1.826,-0.39177513122558594,-0.39177513122558594,1.9252738952636719,-0.5198173426207094,2.6837872888960987,-1.1621197772944258,15.0,1.0
1.827,-0.39024925231933594,-0.39024925231933594,1.5648345947265625,-0.5171309901381573,2.6889044196013856,-0.7791562424074978,15.0,1.0
1.828,-0.38872337341308594,-0.38872337341308594,1.5296707153320312,-0.5144395337815068,2.693995011905997,-0.7214181089523461,15.0,1.0
1.829,-0.38681602478027344,-0.38681602478027344,2.0219783782958984,-0.5117430001143454,2.6990590155677694,-1.196823992739208,15.0,1.0
1.83,-0.38452720642089844,-0.38452720642089844,2.0923080444335938,-0.5090414157503712,2.7040963806063587,-1.2559248037693265,15.0,1.0
1.831,-0.38300132751464844,-0.38300132751464844,1.7054939270019531,-0.5063348073531326,2.7091070573051184,-0.8463890672740977,15.0,1.0
1.832,-0.38147544860839844,-0.38147544860839844,1.4769229888916016,-0.503623201635761,2.714090996211155,-0.5950482880908852,15.0,1.0
1.833,-0.37956809997558594,-0.37956809997558594,1.6527481079101562,-0.5009066253607103,2.719048148135215,-0.7537778405518063,15.0,1.0
1.834,-0.37766075134277344,-0.37766075134277344,2.127471923828125,-0.4981851053394906,2.7239784641513722,-1.2113587696275105,15.0,1.0
1.835,-0.37575340270996094,-0.37575340270996094,2.0219783782958984,-0.4954586684324075,2.7288818955995,-1.088675468533097,15.0,1.0
1.836,-0.37384605407714844,-0.37384605407714844,1.661539077758789,-0.4927273415482917,2.733758394085271,-0.7109999957406665,15.0,1.0
1.837,-0.37232017517089844,-0.37232017517089844,1.5472526550292969,-0.4899911516442369,2.7386079114798463,-0.5737093906495274,15.0,1.0
1.838,-0.37041282653808594,-0.37041282653808594,1.9692306518554688,-0.487250125725332,2.7434303999191343,-0.9783597397450254,15.0,1.0
1.839,-0.36812400817871094,-0.36812400817871094,2.2153854370117188,-0.4845042908443986,2.7482258118083394,-1.2128638651886945,15.0,1.0
1.84,-0.36621665954589844,-0.36621665954589844,1.8021984100341797,-0.4817536741017153,2.752994099818693,-0.7822595285527401,15.0,1.0
1.841,-0.36469078063964844,-0.36469078063964844,1.582418441772461,-0.47899830264476123,2.7577352168883067,-0.5392960549608461,15.0,1.0
1.842,-0.36316490173339844,-0.36316490173339844,1.7318687438964844,-0.47623820366793873,2.762449116224218,-0.6655191566903709,15.0,1.0
1.843,-0.36087608337402344,-0.36087608337402344,2.2241764068603516,-0.4734734044123127,2.7671357513031296,-1.1460004711315612,15.0,1.0
1.844,-0.35858726501464844,-0.35858726501464844,2.1010990142822266,-0.4707039321653325,2.7717950758695906,-1.011053945672897,15.0,1.0
1.845,-0.35706138610839844,-0.35706138610839844,1.7318687438964844,-0.4679298142605735,2.776427043936934,-0.6184681222421764,15.0,1.0
1.846,-0.35553550720214844,-0.35553550720214844,1.7054939270019531,-0.46515107807745865,2.7810316097906025,-0.5686958803410038,15.0,1.0
1.847,-0.35324668884277344,-0.35324668884277344,2.25054931640625,-0.46236775104099226,2.7856087279855046,-1.1017565213940277,15.0,1.0
1.848,-0.35095787048339844,-0.35095787048339844,2.1890106201171875,-0.4595798606214877,2.790158353346328,-1.0281821188421985,15.0,1.0
1.849,-0.34905052185058594,-0.34905052185058594,1.7846145629882812,-0.4567874343342995,2.7946804409703816,-0.6059878092736035,15.0,1.0
1.85,-0.34752464294433594,-0.34752464294433594,1.6087913513183594,-0.45399049973954697,2.7991749462270548,-0.4066042570194701,15.0,1.0
1.851,-0.34561729431152344,-0.34561729431152344,2.0571422576904297,-0.4511890844418454,2.8036418247575057,-0.8370772848877537,15.0,1.0
1.852,-0.34294605255126953,-0.34294605255126953,2.3120880126953125,-0.448383216090032,2.8080810324745755,-1.0855644333021741,15.0,1.0
1.853,-0.34103870391845703,-0.34103870391845703,1.9956035614013672,-0.4455729223768962,2.8124925255652045,-0.7511243127127505,15.0,1.0
1.854,-0.33951282501220703,-0.33951282501220703,1.7670326232910156,-0.44275823103890166,2.8168762604903748,-0.4988374532010602,15.0,1.0
1.855,-0.33722400665283203,-0.33722400665283203,1.9956035614013672,-0.4399391698559154,2.821232193984571,-0.7150988154630471,15.0,1.0
1.856,-0.33493518829345703,-0.33493518829345703,2.3032970428466797,-0.43711576665093255,2.8255602830550686,-1.010445435153744,15.0,1.0
1.857,-0.33302783966064453,-0.33302783966064453,1.960439682006836,-0.43428804928980524,2.829860484986824,-0.6494823414574227,15.0,1.0
1.858,-0.33150196075439453,-0.33150196075439453,1.714284896850586,-0.43145604568095897,2.834132757338324,-0.37946341341072864,15.0,1.0
1.859,-0.32959461212158203,-0.32959461212158203,1.9076919555664062,-0.42861978377512855,2.838377057943376,-0.5546924724262281,15.0,1.0
1.86,-0.32730579376220703,-0.32730579376220703,2.259340286254883,-0.4257792915650722,2.842593344912359,-0.8938494083855015,15.0,1.0
1.861,-0.32501697540283203,-0.32501697540283203,2.118680953979492,-0.4229345970853038,2.846781576633049,-0.7406637025835197,15.0,1.0
1.862,-0.32310962677001953,-0.32310962677001953,1.8285713195800781,-0.4200857284118062,2.850941711769167,-0.4322711324377111,15.0,1.0
1.863,-0.32120227813720703,-0.32120227813720703,1.9252738952636719,-0.4172327136617654,2.8550737092608927,-0.5106567188711546,15.0,1.0
1.864,-0.31891345977783203,-0.31891345977783203,2.294506072998047,-0.4143755809932844,2.8591775283280754,-0.8672603629017575,15.0,1.0
1.865,-0.31700611114501953,-0.31700611114501953,2.083517074584961,-0.4115143586051092,2.8632531284677896,-0.6378876580185167,15.0,1.0
1.866,-0.31509876251220703,-0.31509876251220703,1.7758235931396484,-0.40864907473634887,2.8673004694546194,-0.31177780704715663,15.0,1.0
1.867,-0.31319141387939453,-0.31319141387939453,1.872528076171875,-0.4057797576662,2.8713195113430174,-0.39003372163093974,15.0,1.0
1.868,-0.31090259552001953,-0.31090259552001953,2.3472518920898438,-0.40290643571366286,2.875310214467447,-0.8519992805270464,15.0,1.0
1.869,-0.30899524688720703,-0.30899524688720703,2.1450557708740234,-0.40002913723726513,2.879272539441274,-0.6312915866836208,15.0,1.0
1.87,-0.30708789825439453,-0.30708789825439453,1.8461532592773438,-0.39714789063478034,2.8832064471571073,-0.3138466978260237,15.0,1.0
1.871,-0.30518054962158203,-0.30518054962158203,2.004396438598633,-0.3942627243429509,2.8871118987889304,-0.4535171606302355,15.0,1.0
1.872,-0.30251026153564453,-0.30251026153564453,2.5142860412597656,-0.3913736668372025,2.8909888557922727,-0.9562482649908621,15.0,1.0
1.873,-0.30060291290283203,-0.30060291290283203,2.0923080444335938,-0.38848074663136634,2.894837279903186,-0.5156382704584224,15.0,1.0
1.874,-0.29869556427001953,-0.29869556427001953,1.7318687438964844,-0.38558399227739615,2.898657133137931,-0.13653803086920258,15.0,1.0
1.875,-0.29678821563720703,-0.29678821563720703,1.9428577423095703,-0.3826834323650904,2.9024483777975263,-0.3288376154302943,15.0,1.0
1.8760000000000001,-0.29411792755126953,-0.29411792755126953,2.5318679809570312,-0.3797790955218011,2.9062109764637967,-0.9105745240512082,15.0,1.0
1.877,-0.29221057891845703,-0.29221057891845703,2.1890106201171875,-0.3768710104121628,2.909944892000624,-0.5489722005221502,15.0,1.0
1.8780000000000001,-0.29030323028564453,-0.29030323028564453,1.7934074401855469,-0.37395920573779995,2.913650087555652,-0.13459698441222612,15.0,1.0
1.879,-0.28801441192626953,-0.28801441192626953,2.171428680419922,-0.3710437102370515,2.917326526561027,-0.49954162852062467,15.0,1.0
1.8800000000000001,-0.28534412384033203,-0.28534412384033203,2.6021976470947266,-0.36812455268467786,2.9209741727318033,-0.9229299070281107,15.0,1.0
1.881,-0.28343677520751953,-0.28343677520751953,1.9956035614013672,-0.3652017618915879,2.9245929900659746,-0.29748537159641764,15.0,1.0
1.8820000000000001,-0.28152942657470703,-0.28152942657470703,1.7670326232910156,-0.3622753667045459,2.928182942848366,-0.05003878239023263,15.0,1.0
1.883,-0.2796211242675781,-0.2796211242675781,2.2329673767089844,-0.3593453960058911,2.931743995647736,-0.4970874571359434,15.0,1.0
1.8840000000000001,-0.2769508361816406,-0.2769508361816406,2.584615707397461,-0.3564118787132505,2.9352761133169736,-0.8412552320546351,15.0,1.0
1.885,-0.2746620178222656,-0.2746620178222656,2.048351287841797,-0.3534748437792571,2.9387792609956307,-0.2917644162010382,15.0,1.0
1.8860000000000001,-0.2731361389160156,-0.2731361389160156,1.8989009857177734,-0.3505343201912592,2.942253404109863,-0.11762030073656393,15.0,1.0
1.887,-0.2704658508300781,-0.2704658508300781,2.461538314819336,-0.34759033697103736,2.945698508371237,-0.6727070985624877,15.0,1.0
1.8880000000000001,-0.2681770324707031,-0.2681770324707031,2.452747344970703,-0.3446429231745167,2.949114539777071,-0.6506211657508363,15.0,1.0
1.889,-0.2662696838378906,-0.2662696838378906,1.8989009857177734,-0.3416921078914832,2.9525014646126806,-0.07773588190898129,15.0,1.0
1.8900000000000001,-0.2643623352050781,-0.2643623352050781,1.872528076171875,-0.3387379202452914,2.9558592494511515,-0.03230260232392301,15.0,1.0
1.891,-0.2616920471191406,-0.2616920471191406,2.584615707397461,-0.33578038939258087,2.9591878611526,-0.7367529803464647,15.0,1.0
1.8920000000000001,-0.2594032287597656,-0.2594032287597656,2.329669952392578,-0.33281954452298623,2.9624872668640876,-0.46842742197679965,15.0,1.0
1.893,-0.2574958801269531,-0.2574958801269531,1.916482925415039,-0.32985541485885267,2.965757434021924,-0.036118512371608125,15.0,1.0
1.8940000000000001,-0.2555885314941406,-0.2555885314941406,2.1010990142822266,-0.3268880296549424,2.968998330351525,-0.20159315634272845,15.0,1.0
1.895,-0.2525367736816406,-0.2525367736816406,2.6549453735351562,-0.32391741819814956,2.9722099238667283,-0.7534451174160619,15.0,1.0
1.8960000000000001,-0.2506294250488281,-0.2506294250488281,2.136262893676758,-0.320943609807209,2.9753921828690295,-0.21558348218344126,15.0,1.0
1.897,-0.24872207641601562,-0.24872207641601562,1.837362289428711,-0.31796663383241147,2.9785450759521837,0.10251442527753496,15.0,1.0
1.8980000000000001,-0.24643325805664062,-0.24643325805664062,2.2241764068603516,-0.31498651965530466,2.9816685719982843,-0.27080675884202776,15.0,1.0
1.899,-0.24376296997070312,-0.24376296997070312,2.5934066772460938,-0.31200329668841487,2.9847626401785305,-0.6322489378332392,15.0,1.0
1.9000000000000001,-0.24185562133789062,-0.24185562133789062,2.039560317993164,-0.3090169943749476,2.987827249956837,-0.059153663592182104,15.0,1.0
1.901,-0.23994827270507812,-0.23994827270507812,1.9428577423095703,-0.30602764218850115,2.990862371086962,0.05681408652604625,15.0,1.0
1.9020000000000001,-0.23727798461914062,-0.23727798461914062,2.5230770111083984,-0.3030352696327737,2.9938679736124527,-0.5155683127004421,15.0,1.0
1.903,-0.23498916625976562,-0.23498916625976562,2.4879112243652344,-0.3000399062412762,2.996844027869372,-0.46682829621852084,15.0,1.0
1.9040000000000001,-0.23308181762695312,-0.23308181762695312,1.9340667724609375,-0.29704158157703503,2.9997905044859294,0.10632727277376341,15.0,1.0
1.905,-0.23079299926757812,-0.23079299926757812,1.9780216217041016,-0.2940403252323043,3.0027073743817994,0.0759758632068055,15.0,1.0
1.9060000000000001,-0.22850418090820312,-0.22850418090820312,2.6109886169433594,-0.2910361668282715,3.005594608767609,-0.5433737969767758,15.0,1.0
1.907,-0.22583389282226562,-0.22583389282226562,2.338460922241211,-0.28802913601476904,3.0084521791476675,-0.2629373909810946,15.0,1.0
1.9080000000000001,-0.22392654418945312,-0.22392654418945312,1.9868125915527344,-0.28501926246997616,3.011280057319709,0.10807669155912913,15.0,1.0
1.909,-0.22163772583007812,-0.22163772583007812,2.3120880126953125,-0.2820065759001296,3.0140782153737007,-0.20354254837238428,15.0,1.0
1.9100000000000001,-0.21896743774414062,-0.21896743774414062,2.707693099975586,-0.2789911060392288,3.016846625692068,-0.5912014987098402,15.0,1.0
1.911,-0.21705913543701172,-0.21705913543701172,2.074726104736328,-0.2759728826487455,3.0195852609518283,0.06115294803949389,15.0,1.0
1.9120000000000001,-0.21515178680419922,-0.21515178680419922,1.9428577423095703,-0.27295193551732516,3.022294094124476,0.2124341211180163,15.0,1.0
1.913,-0.21248149871826172,-0.21248149871826172,2.5670337677001953,-0.26992829446049643,3.0249730984750727,-0.4037626053586434,15.0,1.0
1.9140000000000001,-0.20981121063232422,-0.20981121063232422,2.5582408905029297,-0.266901989320375,3.02762224756151,-0.38698032326218157,15.0,1.0
1.915,-0.20790386199951172,-0.20790386199951172,2.0659332275390625,-0.26387304996537336,3.030241515239112,0.1247704682121249,15.0,1.0
1.9160000000000001,-0.20561504364013672,-0.20561504364013672,2.259340286254883,-0.2608415062898968,3.0328308756567424,-0.05490635034454128,15.0,1.0
1.917,-0.20256328582763672,-0.20256328582763672,2.830768585205078,-0.25780738821405985,3.0353903032572163,-0.6240398177442088,15.0,1.0
1.9180000000000001,-0.20065593719482422,-0.20065593719482422,2.1538467407226562,-0.2547707256833824,3.037919772781194,0.07235120473016554,15.0,1.0
1.919,-0.19874858856201172,-0.19874858856201172,1.916482925415039,-0.25173154866849745,3.0404192592638566,0.32919193225153154,15.0,1.0
1.92,-0.19607830047607422,-0.19607830047607422,2.5318679809570312,-0.24868988716485535,3.0428887380356144,-0.27815304325313384,15.0,1.0
1.921,-0.19340801239013672,-0.19340801239013672,2.663736343383789,-0.24564577119242623,3.0453281847238998,-0.4019745406942319,15.0,1.0
1.922,-0.19150066375732422,-0.19150066375732422,2.0219783782958984,-0.24259923079540752,3.047737575252043,0.25928069138489507,15.0,1.0
1.923,-0.18921184539794922,-0.18921184539794922,2.1802196502685547,-0.23955029604192213,3.0501168858411773,0.11482047591302902,15.0,1.0
1.924,-0.18616008758544922,-0.18616008758544922,2.8923072814941406,-0.23649899702372515,3.0524660930084764,-0.5949248300598032,15.0,1.0
1.925,-0.18425273895263672,-0.18425273895263672,2.2329673767089844,-0.2334453638559052,3.054785173566856,0.08392842330884431,15.0,1.0
1.926,-0.18234539031982422,-0.18234539031982422,1.9340667724609375,-0.23038942667659143,3.0570741046292937,0.4023467868168481,15.0,1.0
1.927,-0.17967510223388672,-0.17967510223388672,2.4439563751220703,-0.22733121564664663,3.059332863604922,-0.0994652127085468,15.0,1.0
1.928,-0.17700481414794922,-0.17700481414794922,2.628570556640625,-0.22427076094938156,3.0615614281999086,-0.27599833046220146,15.0,1.0
1.929,-0.17509746551513672,-0.17509746551513672,2.1098899841308594,-0.22120809279024684,3.0637597764191042,0.2622103831615932,15.0,1.0
1.93,-0.17280864715576172,-0.17280864715576172,2.136262893676758,-0.2181432413965433,3.065927886566712,0.24964607927823013,15.0,1.0
1.931,-0.17013835906982422,-0.17013835906982422,2.8483524322509766,-0.21507623701711345,3.068065737244197,-0.45435486421611804,15.0,1.0
1.932,-0.16784954071044922,-0.16784954071044922,2.3208789825439453,-0.2120071099220549,3.070173307350643,0.08693078663261256,15.0,1.0
1.933,-0.16556072235107422,-0.16556072235107422,1.9340667724609375,-0.20893589040241217,3.0722505760864607,0.4875562828554538,15.0,1.0
1.934,-0.16327190399169922,-0.16327190399169922,2.3208789825439453,-0.20586260876988197,3.0742975229498484,0.11455796873316182,15.0,1.0
1.935,-0.16060161590576172,-0.16060161590576172,2.7252750396728516,-0.20278729535651246,3.0763141277373762,-0.2817461036967366,15.0,1.0
1.936,-0.15869426727294922,-0.15869426727294922,2.1890106201171875,-0.1997099805144072,3.078300370546046,0.2740540518069887,15.0,1.0
1.937,-0.15640544891357422,-0.15640544891357422,2.1802196502685547,-0.1966306946154204,3.0802562317731628,0.2966578959769153,15.0,1.0
1.938,-0.1537342071533203,-0.1537342071533203,2.795604705810547,-0.19354946805086082,3.0821816921153413,-0.31065192715831313,15.0,1.0
1.939,-0.1510639190673828,-0.1510639190673828,2.373626708984375,-0.19046633123118975,3.0840767325680503,0.11941384112657116,15.0,1.0
1.94,-0.1491565704345703,-0.1491565704345703,1.9956035614013672,-0.18738131458572468,3.0859413344280995,0.5169666107594167,15.0,1.0
1.941,-0.1468677520751953,-0.1468677520751953,2.4351654052734375,-0.18429444856233357,3.087775479293427,0.09120962671291555,15.0,1.0
1.942,-0.1441974639892578,-0.1441974639892578,2.7252750396728516,-0.1812057636271378,3.089579149061848,-0.19082038517920363,15.0,1.0
1.943,-0.1419086456298828,-0.1419086456298828,2.136262893676758,-0.17811529026420989,3.0913523259308846,0.4119897627392207,15.0,1.0
1.944,-0.1400012969970703,-0.1400012969970703,2.1978015899658203,-0.175023058975276,3.093094992400097,0.3699669727611913,15.0,1.0
1.945,-0.1369495391845703,-0.1369495391845703,2.918682098388672,-0.1719291002794097,3.0948071312708834,-0.3485683835403792,15.0,1.0
1.946,-0.1342792510986328,-0.1342792510986328,2.364835739135742,-0.1688334447127342,3.096488725645173,0.21334008229791013,15.0,1.0
1.947,-0.1323719024658203,-0.1323719024658203,1.9956035614013672,-0.16573612282811936,3.098139758924944,0.602072892089091,15.0,1.0
1.948,-0.1297016143798828,-0.1297016143798828,2.540658950805664,-0.16263716519488433,3.099760214816513,0.06506800178582606,15.0,1.0
1.949,-0.1270313262939453,-0.1270313262939453,2.7252750396728516,-0.15953660239848635,3.1013500773266003,-0.11150410391436694,15.0,1.0
1.95,-0.1251239776611328,-0.1251239776611328,2.127471923828125,-0.15643446504023112,3.1029093307626425,0.505780096248043,15.0,1.0
1.951,-0.12283515930175781,-0.12283515930175781,2.285715103149414,-0.15333078373696107,3.104437959736714,0.361288490059251,15.0,1.0
1.952,-0.11978340148925781,-0.11978340148925781,3.050548553466797,-0.15022558912075767,3.105935949161875,-0.4012454187774198,15.0,1.0
1.953,-0.11749458312988281,-0.11749458312988281,2.3120880126953125,-0.14711891183863732,3.1074032842526833,0.35095034092605326,15.0,1.0
1.954,-0.11558723449707031,-0.11558723449707031,1.9692306518554688,-0.1440107825522523,3.1088399505271695,0.7132560778439709,15.0,1.0
1.955,-0.11291694641113281,-0.11291694641113281,2.663736343383789,-0.140901231937583,3.1102459338068655,0.026745307526323647,15.0,1.0
1.956,-0.10986518859863281,-0.10986518859863281,2.742856979370117,-0.13779029068463858,3.1116212202152838,-0.05011229044491994,15.0,1.0
1.957,-0.10795783996582031,-0.10795783996582031,2.1098899841308594,-0.13467798949715243,3.112965796178017,0.6022735690771757,15.0,1.0
1.958,-0.10566902160644531,-0.10566902160644531,2.3472518920898438,-0.13156435909228253,3.1142796484246844,0.37859769404728233,15.0,1.0
1.959,-0.10261726379394531,-0.10261726379394531,2.9274730682373047,-0.12844943020030306,3.115562763988933,-0.19939280034373763,15.0,1.0
1.96,-0.10032844543457031,-0.10032844543457031,2.1978015899658203,-0.12533323356430465,3.116815130206952,0.5439417182951165,15.0,1.0
1.961,-0.09842109680175781,-0.09842109680175781,2.004396438598633,-0.12221579993988917,3.118036734717485,0.756719749046882,15.0,1.0
1.962,-0.09575080871582031,-0.09575080871582031,2.7252750396728516,-0.11909716009486966,3.119227565463838,0.04375725510524614,15.0,1.0
1.963,-0.0930795669555664,-0.0930795669555664,2.6813182830810547,-0.11597734480896149,3.120387610693818,0.09560265981183724,15.0,1.0
1.964,-0.0907907485961914,-0.0907907485961914,2.118680953979492,-0.112856384873482,3.1215168589583016,0.6718513608194505,15.0,1.0
1.965,-0.0885019302368164,-0.0885019302368164,2.3999996185302734,-0.1097343110910449,3.1226152991106844,0.4041299677669836,15.0,1.0
1.966,-0.0858316421508789,-0.0858316421508789,2.8483524322509766,-0.1066111542752606,3.1236829203111753,-0.036362193805526744,15.0,1.0
1.967,-0.0835428237915039,-0.0835428237915039,2.206592559814453,-0.10348694525042254,3.1247197120227526,0.61896533032452,15.0,1.0
1.968,-0.0812540054321289,-0.0812540054321289,2.0131874084472656,-0.10036171485121509,3.125725664011405,0.8259226142778466,15.0,1.0
1.969,-0.0785837173461914,-0.0785837173461914,2.839559555053711,-0.09723549392239973,3.1267007663500905,0.0073645626532546915,15.0,1.0
1.97,-0.0759134292602539,-0.0759134292602539,2.584615707397461,-0.09410831331851491,3.1276450094149624,0.2701060411435864,15.0,1.0
1.971,-0.0740060806274414,-0.0740060806274414,2.048351287841797,-0.09098020390356981,3.12855838388581,0.8255952469020873,15.0,1.0
1.972,-0.0713357925415039,-0.0713357925415039,2.4703292846679688,-0.08785119655074328,3.129440880748035,0.41138053594147583,15.0,1.0
1.973,-0.0686655044555664,-0.0686655044555664,2.8483524322509766,-0.08472132214207374,3.1302924912926144,0.04110279374402781,15.0,1.0
1.974,-0.0663766860961914,-0.0663766860961914,2.1538467407226562,-0.08159061156815804,3.1311132071144954,0.7490575843123396,15.0,1.0
1.975,-0.0644693374633789,-0.0644693374633789,2.0659332275390625,-0.07845909572784475,3.1319030201126523,0.8561234186066022,15.0,1.0
1.976,-0.061417579650878906,-0.061417579650878906,2.883516311645508,-0.07532680552793272,3.1326619224919767,0.040507222690661676,15.0,1.0
1.977,-0.059128761291503906,-0.059128761291503906,2.4967041015625,-0.07219377188286079,3.133389906763263,0.4407106463304097,15.0,1.0
1.978,-0.057221412658691406,-0.057221412658691406,2.074726104736328,-0.06906002571440618,3.1340869657416235,0.8817816651695737,15.0,1.0
1.979,-0.054169654846191406,-0.054169654846191406,2.7252750396728516,-0.06592559795137755,3.134753092546454,0.23313890629581024,15.0,1.0
1.98,-0.051499366760253906,-0.051499366760253906,2.786813735961914,-0.06279051952931326,3.1353882806033866,0.17920725310558216,15.0,1.0
1.981,-0.049210548400878906,-0.049210548400878906,2.074726104736328,-0.05965482139017078,3.135992523644223,0.9046023240685167,15.0,1.0
1.982,-0.047303199768066406,-0.047303199768066406,2.206592559814453,-0.056518534482024804,3.13656581570536,0.7917432351815311,15.0,1.0
1.983,-0.044251441955566406,-0.044251441955566406,2.9450550079345703,-0.05338168975876006,3.1371081511272862,0.05509942614481117,15.0,1.0
1.984,-0.041962623596191406,-0.041962623596191406,2.4087905883789062,-0.05024431817977022,3.137619524558712,0.6046035174261235,15.0,1.0
1.985,-0.039673805236816406,-0.039673805236816406,2.118680953979492,-0.04710645070964264,3.138099930952567,0.9079292948806814,15.0,1.0
1.986,-0.037003517150878906,-0.037003517150878906,2.8483524322509766,-0.043968118317865075,3.1385493655661385,0.1857279158103694,15.0,1.0
1.987,-0.034333229064941406,-0.034333229064941406,2.6021976470947266,-0.04082935197851036,3.1389678239649825,0.4393283331667216,15.0,1.0
1.988,-0.032044410705566406,-0.032044410705566406,2.039560317993164,-0.0376901826699351,3.1393553020191085,1.015108404560414,15.0,1.0
1.989,-0.029754638671875,-0.029754638671875,2.4087905883789062,-0.03455064137447214,3.1397117959033647,0.6589811669855014,15.0,1.0
1.99,-0.0270843505859375,-0.0270843505859375,2.8923072814941406,-0.03141075907812836,3.1400373020993104,0.18283389322230686,15.0,1.0
1.991,-0.0247955322265625,-0.0247955322265625,2.294506072998047,-0.028270566770273516,3.140331817395209,0.7937002262414969,15.0,1.0
1.992,-0.0225067138671875,-0.0225067138671875,2.259340286254883,-0.025130095443337937,3.140595338884321,0.8419043289871815,15.0,1.0
1.993,-0.0194549560546875,-0.0194549560546875,2.9010982513427734,-0.021989376092504873,3.140827863964896,0.20171331205486184,15.0,1.0
1.994,-0.0171661376953125,-0.0171661376953125,2.3999996185302734,-0.018848439715408137,3.141029390342019,0.7157952415103108,15.0,1.0
1.995,-0.0148773193359375,-0.0148773193359375,2.039560317993164,-0.01570731731182083,3.1411999160275847,1.0891896283961706,15.0,1.0
1.996,-0.01220703125,-0.01220703125,2.6989002227783203,-0.01256603988335296,3.14133943933858,0.43705408705996535,15.0,1.0
1.997,-0.0095367431640625,-0.0095367431640625,2.742856979370117,-0.009424638433143666,3.1414479588970736,0.40027255049073895,15.0,1.0
1.998,-0.00762939453125,-0.00762939453125,2.1538467407226562,-0.006283143965558805,3.1415254736320235,1.0078724913947352,15.0,1.0
1.999,-0.0049591064453125,-0.0049591064453125,2.4879112243652344,-0.003141587485879613,3.1415719827792774,0.6809235428055364,15.0,1.0
2.0,-0.0019073486328125,-0.0019073486328125,2.874725341796875,-2.4492935982947064e-16,3.1415874858797137,0.29547237357502254,15.0,1.0
2.001,0.0,0.0,2.259340286254883,0.003141587485879123,3.1415719827793724,0.9293555088126765,15.0,1.0
2.0020000000000002,0.002288818359375,0.002288818359375,2.136262893676758,0.0062831439655592035,3.141525473632118,1.0651774640481233,15.0,1.0
2.003,0.005340576171875,0.005340576171875,2.8483524322509766,0.009424638433144063,3.141447958896978,0.35435646056503756,15.0,1.0
2.004,0.00762939453125,0.00762939453125,2.5670337677001953,0.012566039883352469,3.141339439338485,0.6483553519198267,15.0,1.0
2.005,0.009918212890625,0.009918212890625,2.2153854370117188,0.015707317311820342,3.1411999160276824,1.012651045333894,15.0,1.0
2.0060000000000002,0.0125885009765625,0.0125885009765625,2.742856979370117,0.018848439715408536,3.141029390342113,0.49207149205468625,15.0,1.0
2.007,0.0152587890625,0.0152587890625,2.672527313232422,0.021989376092505272,3.1408278639648,0.5692593561824572,15.0,1.0
2.008,0.017547607421875,0.017547607421875,2.162637710571289,0.025130095443337445,3.140595338884223,1.0916949486348708,15.0,1.0
2.009,0.01983642578125,0.01983642578125,2.4087905883789062,0.028270566770273026,3.140331817395305,0.8580533438517441,15.0,1.0
2.0100000000000002,0.02288818359375,0.02288818359375,2.8131866455078125,0.03141075907812876,3.140037302099401,0.4546892888572699,15.0,1.0
2.011,0.025177001953125,0.025177001953125,2.4351654052734375,0.034550641374472536,3.139711795903274,0.8451509819500497,15.0,1.0
2.012,0.0274658203125,0.0274658203125,2.3208789825439453,0.03769018266993461,3.139355302019016,0.97184175483659,15.0,1.0
2.013,0.030517578125,0.030517578125,2.839559555053711,0.04082935197850988,3.138967823965082,0.4540848767140192,15.0,1.0
2.0140000000000002,0.032807350158691406,0.032807350158691406,2.417581558227539,0.04396811831786547,3.1385493655662238,0.8883793297262956,15.0,1.0
2.015,0.035096168518066406,0.035096168518066406,2.1802196502685547,0.04710645070964303,3.138099930952478,1.138034513557573,15.0,1.0
2.016,0.037766456604003906,0.037766456604003906,2.786813735961914,0.05024431817976974,3.1376195245586125,0.5379737122331859,15.0,1.0
2.017,0.040436744689941406,0.040436744689941406,2.6109886169433594,0.053381689758759565,3.1371081511273857,0.7202937102162987,15.0,1.0
2.0180000000000002,0.042344093322753906,0.042344093322753906,2.1802196502685547,0.0565185344820252,3.1365658157054526,1.1689627828259672,15.0,1.0
2.019,0.045395851135253906,0.045395851135253906,2.707693099975586,0.05965482139017118,3.135992523644134,0.6421839774923073,15.0,1.0
2.02,0.048066139221191406,0.048066139221191406,2.8043956756591797,0.06279051952931278,3.1353882806032836,0.5518583095659244,15.0,1.0
2.021,0.050354957580566406,0.050354957580566406,2.1450557708740234,0.06592559795137706,3.1347530925465534,1.2232569272346898,15.0,1.0
2.0220000000000002,0.052643775939941406,0.052643775939941406,2.3560447692871094,0.06906002571440659,3.1340869657417088,1.0242859430715772,15.0,1.0
2.023,0.055314064025878906,0.055314064025878906,2.9362640380859375,0.07219377188286119,3.1333899067631634,0.4503214865319602,15.0,1.0
2.024,0.057984352111816406,0.057984352111816406,2.338460922241211,0.07532680552793222,3.1326619224918772,1.0543378014924034,15.0,1.0
2.025,0.059891700744628906,0.059891700744628906,2.241758346557617,0.07845909572784425,3.131903020112766,1.168655598303379,15.0,1.0
2.0260000000000002,0.0629434585571289,0.0629434585571289,3.0681324005126953,0.08159061156815844,3.13111320711414,0.34268810176688785,15.0,1.0
2.027,0.0656137466430664,0.0656137466430664,2.4087905883789062,0.08472132214207324,3.130292491292515,1.0081155353987112,15.0,1.0
2.028,0.0675210952758789,0.0675210952758789,2.039560317993164,0.08785119655074279,3.1294408807483904,1.3948320818781847,15.0,1.0
2.029,0.0701913833618164,0.0701913833618164,2.707693099975586,0.09098020390356933,3.128558383885469,0.732697592036177,15.0,1.0
2.0300000000000002,0.0728616714477539,0.0728616714477539,2.786813735961914,0.09410831331851442,3.1276450094146,0.6595309015140937,15.0,1.0
2.031,0.0751504898071289,0.0751504898071289,2.162637710571289,0.09723549392239925,3.1267007663504316,1.2953381175081975,15.0,1.0
2.032,0.0778207778930664,0.0778207778930664,2.4879112243652344,0.1003617148512146,3.125725664011746,0.9759284940187347,15.0,1.0
2.033,0.0804910659790039,0.0804910659790039,2.8483524322509766,0.10348694525042205,3.1247197120224186,0.6213054688427142,15.0,1.0
2.0340000000000003,0.0827798843383789,0.0827798843383789,2.1890106201171875,0.10661115427526012,3.1236829203112606,1.2921413492472913,15.0,1.0
2.035,0.0846872329711914,0.0846872329711914,2.0923080444335938,0.10973431109104528,3.1226152991110467,1.406013426475261,15.0,1.0
2.036,0.0877389907836914,0.0877389907836914,2.8571434020996094,0.11285638487348151,3.121516858958202,0.6411343682054443,15.0,1.0
2.037,0.0900278091430664,0.0900278091430664,2.4791202545166016,0.115977344808961,3.120387610693925,1.0305103911657423,15.0,1.0
2.0380000000000003,0.0923166275024414,0.0923166275024414,2.1010990142822266,0.11909716009487005,3.119227565463916,1.4198365400681192,15.0,1.0
2.039,0.09498786926269531,0.09498786926269531,2.619779586791992,0.12221579993988956,3.118036734717407,0.9066761080833283,15.0,1.0
2.04,0.09765815734863281,0.09765815734863281,2.663736343383789,0.12533323356430418,3.1168151302068523,0.8682049300581337,15.0,1.0
2.041,0.09956550598144531,0.09956550598144531,2.074726104736328,0.12844943020030258,3.1155627639890326,1.4740955225355636,15.0,1.0
2.0420000000000003,0.10185432434082031,0.10185432434082031,2.171428680419922,0.13156435909228292,3.1142796484247697,1.3885014892767868,15.0,1.0
2.043,0.10452461242675781,0.10452461242675781,2.830768585205078,0.13467798949715282,3.1129657961779316,0.7344978670287785,15.0,1.0
2.044,0.10681343078613281,0.10681343078613281,2.3120880126953125,0.1377902906846381,3.1116212202151843,1.2641861059974513,15.0,1.0
2.045,0.10872077941894531,0.10872077941894531,2.048351287841797,0.1409012319375825,3.110245933806951,1.5446014337447118,15.0,1.0
2.0460000000000003,0.11177253723144531,0.11177253723144531,2.6461544036865234,0.1440107825522527,3.108839950527255,0.946259226652842,15.0,1.0
2.047,0.11406135559082031,0.11406135559082031,2.6109886169433594,0.1471189118386377,3.107403284252598,0.9922780110264996,15.0,1.0
2.048,0.11635017395019531,0.11635017395019531,2.0659332275390625,0.1502255891207572,3.1059359491617755,1.5481339491811412,15.0,1.0
2.049,0.11863899230957031,0.11863899230957031,2.1890106201171875,0.15333078373696057,3.1044379597366145,1.4358042110302809,15.0,1.0
2.05,0.12130928039550781,0.12130928039550781,2.8131866455078125,0.15643446504022973,3.102909330762742,0.8166004549257583,15.0,1.0
2.051,0.12359809875488281,0.12359809875488281,2.3208789825439453,0.15953660239848674,3.1013500773266856,1.3195486494367992,15.0,1.0
2.052,0.1255054473876953,0.1255054473876953,2.083517074584961,0.16263716519488383,3.0997602148164134,1.5732189073392804,15.0,1.0
2.053,0.1285572052001953,0.1285572052001953,2.7340660095214844,0.1657361228281189,3.0981397589248445,0.9217575138222138,15.0,1.0
2.054,0.1308460235595703,0.1308460235595703,2.584615707397461,0.16883344471273284,3.0964887256452442,1.0816843355452213,15.0,1.0
2.055,0.1331348419189453,0.1331348419189453,2.0219783782958984,0.17192910027941008,3.094807131270983,1.6547426283820559,15.0,1.0
2.056,0.1354236602783203,0.1354236602783203,2.2769222259521484,0.1750230589752755,3.0930949924000117,1.4101637469021913,15.0,1.0
2.057,0.1380939483642578,0.1380939483642578,2.8483524322509766,0.1781152902642094,3.0913523259308135,0.8433200221791111,15.0,1.0
2.058,0.1403827667236328,0.1403827667236328,2.25054931640625,0.18120576362713645,3.089579149061933,1.4513747862082376,15.0,1.0
2.059,0.1422901153564453,0.1422901153564453,2.136262893676758,0.18429444856233396,3.0877754792935406,1.5815775837051125,15.0,1.0
2.06,0.1453418731689453,0.1453418731689453,2.830768585205078,0.1873813145857242,3.085941334428,0.8857643704746054,15.0,1.0
2.061,0.1480121612548828,0.1480121612548828,2.461538314819336,0.19046633123118928,3.084076732567965,1.259350967393226,15.0,1.0
2.062,0.1499195098876953,0.1499195098876953,1.9868125915527344,0.19354946805085946,3.082181692114986,1.749818473009714,15.0,1.0
2.063,0.1522083282470703,0.1522083282470703,2.4087905883789062,0.19663069461541993,3.0802562317732622,1.3378011389196003,15.0,1.0
2.064,0.1552600860595703,0.1552600860595703,2.8571434020996094,0.1997099805144067,3.0783003705463585,0.8879053852692949,15.0,1.0
2.065,0.15716838836669922,0.15716838836669922,2.118680953979492,0.20278729535651197,3.076314127737305,1.6419167786050042,15.0,1.0
2.066,0.15907573699951172,0.15907573699951172,2.1538467407226562,0.20586260876988063,3.0742975229495073,1.622253858782385,15.0,1.0
2.067,0.16212749481201172,0.16212749481201172,2.9098892211914062,0.20893589040241167,3.07225057608656,0.8644872887511532,15.0,1.0
2.068,0.16479778289794922,0.16479778289794922,2.364835739135742,0.21200710992205443,3.0701733073509843,1.4134774735768203,15.0,1.0
2.069,0.16670513153076172,0.16670513153076172,1.9428577423095703,0.21507623701711298,3.068065737244112,1.8507745772298105,15.0,1.0
2.07,0.16899394989013672,0.16899394989013672,2.3208789825439453,0.21814324139654195,3.065927886566783,1.4822882766189163,15.0,1.0
2.071,0.17166423797607422,0.17166423797607422,2.7164840698242188,0.22120809279024722,3.063759776419218,1.0904335288075941,15.0,1.0
2.072,0.17357158660888672,0.17357158660888672,2.118680953979492,0.2242707609493811,3.061561428199795,1.7033680893277183,15.0,1.0
2.073,0.17586040496826172,0.17586040496826172,2.0571422576904297,0.22733121564664613,3.059332863604837,1.7742527660901732,15.0,1.0
2.074,0.17853069305419922,0.17853069305419922,2.6901092529296875,0.2303894266765901,3.057074104629393,1.1448458560355688,15.0,1.0
2.075,0.18081951141357422,0.18081951141357422,2.417581558227539,0.23344536385590559,3.054785173566941,1.4265914019743726,15.0,1.0
2.076,0.18272686004638672,0.18272686004638672,1.9428577423095703,0.23649899702372468,3.052466093008377,1.916190405358876,15.0,1.0
2.077,0.18501567840576172,0.18501567840576172,2.0571422576904297,0.23955029604192166,3.0501168858415326,1.810993892693502,15.0,1.0
2.078,0.18768596649169922,0.18768596649169922,2.7252750396728516,0.24259923079540704,3.0477375752521425,1.1461615001349084,15.0,1.0
2.079,0.18997478485107422,0.18997478485107422,2.259340286254883,0.24564577119242662,3.045328184723573,1.6210526935889762,15.0,1.0
2.08,0.19188213348388672,0.19188213348388672,2.0131874084472656,0.24868988716485488,3.042888738035529,1.881817634802786,15.0,1.0
2.081,0.19455242156982422,0.19455242156982422,2.4703292846679688,0.251731548668497,3.0404192592638424,1.4277768810759655,15.0,1.0
2.082,0.19684123992919922,0.19684123992919922,2.5582408905029297,0.2547707256833819,3.0379197727812937,1.3486211685911038,15.0,1.0
2.083,0.19874858856201172,0.19874858856201172,1.9868125915527344,0.25780738821406024,3.035390303257273,1.9344597064852667,15.0,1.0
2.084,0.20103740692138672,0.20103740692138672,1.9956035614013672,0.2608415062898971,3.0328308756566855,1.934288804782974,15.0,1.0
2.085,0.20370769500732422,0.20370769500732422,2.663736343383789,0.2638730499653729,3.0302415152390267,1.2689854962259681,15.0,1.0
2.086,0.20599651336669922,0.20599651336669922,2.3560447692871094,0.2669019893203745,3.0276222475615953,1.5851596175796152,15.0,1.0
2.087,0.20790386199951172,0.20790386199951172,1.9956035614013672,0.2699282944604968,3.024973098475158,1.9597360239885673,15.0,1.0
2.088,0.21019268035888672,0.21019268035888672,2.3208789825439453,0.27295193551732555,3.022294094124419,1.6428039389570561,15.0,1.0
2.089,0.21286296844482422,0.21286296844482422,2.760438919067383,0.275972882648745,3.019585260951743,1.2057950549431715,15.0,1.0
2.09,0.21515178680419922,0.21515178680419922,2.0923080444335938,0.27899110603922833,3.0168466256921818,1.8821283697840248,15.0,1.0
2.091,0.21705913543701172,0.21705913543701172,1.9252738952636719,0.28200657590013,3.014078215373786,2.063015927056888,15.0,1.0
2.092,0.21973037719726562,0.21973037719726562,2.5230770111083984,0.28501926246997655,3.0112800573195955,1.467536325301861,15.0,1.0
2.093,0.22201919555664062,0.22201919555664062,2.540658950805664,0.28802913601476854,3.008452179147554,1.4579423352138083,15.0,1.0
2.094,0.22392654418945312,0.22392654418945312,1.960439682006836,0.291036166828271,3.0055946087677228,2.0517992663431546,15.0,1.0
2.095,0.22621536254882812,0.22621536254882812,2.118680953979492,0.29404032523230467,3.0027073743814583,1.9014008606541142,15.0,1.0
2.096,0.22888565063476562,0.22888565063476562,2.865934371948242,0.2970415815770346,2.999790504485844,1.1561950966716363,15.0,1.0
2.097,0.23117446899414062,0.23117446899414062,2.241758346557617,0.3000399062412757,2.9968440278696846,1.7880672400190933,15.0,1.0
2.098,0.23308181762695312,0.23308181762695312,1.8021984100341797,0.3030352696327733,2.9938679736121685,2.240971343665291,15.0,1.0
2.099,0.23537063598632812,0.23537063598632812,2.136262893676758,0.30602764218850065,2.990862371086621,1.914454570442451,15.0,1.0
2.1,0.23804092407226562,0.23804092407226562,2.6989002227783203,0.3090169943749472,2.9878272499572347,1.3535680817191376,15.0,1.0
2.101,0.23994827270507812,0.23994827270507812,2.127471923828125,0.3120032966884144,2.9847626401788148,1.938116076100734,15.0,1.0
2.102,0.24185562133789062,0.24185562133789062,1.8637371063232422,0.31498651965530416,2.981668571997943,2.2148949404359044,15.0,1.0
2.103,0.24414443969726562,0.24414443969726562,2.3472518920898438,0.31796663383241097,2.978545075952269,1.7386260958896054,15.0,1.0
2.104,0.24681472778320312,0.24681472778320312,2.549449920654297,0.3209436098072094,2.9753921828693706,1.5378754925751674,15.0,1.0
2.105,0.24872207641601562,0.24872207641601562,1.9252738952636719,0.32391741819814907,2.9722099238666146,2.1748661553349447,15.0,1.0
2.106,0.2506294250488281,0.2506294250488281,1.7670326232910156,0.32688802965494196,2.9689983303516385,2.3458447761523304,15.0,1.0
2.107,0.2529182434082031,0.2529182434082031,2.3120880126953125,0.329855414858853,2.965757434021981,1.8077269930864166,15.0,1.0
2.108,0.2552070617675781,0.2552070617675781,2.540658950805664,0.3328195445229866,2.9624872668640307,1.586015557389494,15.0,1.0
2.109,0.2574958801269531,0.2574958801269531,1.9780216217041016,0.3357803893925804,2.959187861152486,2.1554338784327944,15.0,1.0
2.11,0.2590217590332031,0.2590217590332031,1.837362289428711,0.338737920245291,2.955859249451265,2.3142393782038724,15.0,1.0
2.111,0.2616920471191406,0.2616920471191406,2.4439563751220703,0.3416921078914836,2.9525014646127374,1.7085460010758113,15.0,1.0
2.112,0.2639808654785156,0.2639808654785156,2.3912086486816406,0.3446429231745171,2.9491145397769856,1.7678367565353672,15.0,1.0
2.113,0.2658882141113281,0.2658882141113281,1.8549442291259766,0.3475903369710369,2.9456985083710947,2.31628612214075,15.0,1.0
2.114,0.2677955627441406,0.2677955627441406,1.7846145629882812,0.3505343201912587,2.942253404109948,2.3987202028284376,15.0,1.0
2.115,0.2700843811035156,0.2700843811035156,2.461538314819336,0.3534748437792575,2.9387792609957444,1.7280978863125362,15.0,1.0
2.116,0.2723731994628906,0.2723731994628906,2.4087905883789062,0.35641187871325086,2.9352761133169167,1.787065713693414,15.0,1.0
2.117,0.2742805480957031,0.2742805480957031,1.9076919555664062,0.35934539600589066,2.931743995647622,2.300024758734029,15.0,1.0
2.118,0.2761878967285156,0.2761878967285156,1.916482925415039,0.36227536670454547,2.928182942848508,2.303012067073917,15.0,1.0
2.119,0.2788581848144531,0.2788581848144531,2.619779586791992,0.36520176189158826,2.9245929900660315,1.5999670594310662,15.0,1.0
2.12,0.2811470031738281,0.2811470031738281,2.285715103149414,0.3681245526846782,2.920974172731718,1.939922312245055,15.0,1.0
2.121,0.28305530548095703,0.28305530548095703,1.7846145629882812,0.37104371023705107,2.91732652656097,2.4525380349140993,15.0,1.0
2.122,0.28496265411376953,0.28496265411376953,1.8989009857177734,0.3739592057377995,2.9136500875557374,2.3496973761984137,15.0,1.0
2.123,0.28763294219970703,0.28763294219970703,2.5670337677001953,0.3768710104121632,2.909944892000624,1.6814821474872712,15.0,1.0
2.124,0.28954029083251953,0.28954029083251953,2.241758346557617,0.37977909552180145,2.906210976463683,2.0180347002452947,15.0,1.0
2.125,0.29144763946533203,0.29144763946533203,1.8197803497314453,0.38268343236508995,2.9024483777974694,2.451204921562393,15.0,1.0
2.126,0.29373645782470703,0.29373645782470703,2.0571422576904297,0.3855839922773957,2.8986571331381015,2.2192278922380018,15.0,1.0
2.1270000000000002,0.29602527618408203,0.29602527618408203,2.575824737548828,0.3884807466313667,2.8948372799032427,1.705844599063685,15.0,1.0
2.128,0.29831409454345703,0.29831409454345703,2.083517074584961,0.39137366683720287,2.890988855792159,2.2033653656133856,15.0,1.0
2.129,0.29983997344970703,0.29983997344970703,1.7054939270019531,0.39426272434295045,2.8871118987888167,2.597959235185515,15.0,1.0
2.13,0.30174732208251953,0.30174732208251953,1.9340667724609375,0.3971478906347799,2.883206447157164,2.3801482029801324,15.0,1.0
2.1310000000000002,0.30441761016845703,0.30441761016845703,2.4791202545166016,0.40002913723726546,2.879272539440933,1.834325190956458,15.0,1.0
2.132,0.30670642852783203,0.30670642852783203,2.171428680419922,0.4029064357136624,2.8753102144673335,2.1468816418348675,15.0,1.0
2.133,0.30823230743408203,0.30823230743408203,1.7670326232910156,0.4057797576661995,2.87131951134333,2.5674986415340766,15.0,1.0
2.134,0.31013965606689453,0.31013965606689453,1.960439682006836,0.4086490747363484,2.867300469454733,2.3845020674897057,15.0,1.0
2.1350000000000002,0.31280994415283203,0.31280994415283203,2.4351654052734375,0.4115143586051096,2.8632531284674485,1.9086539399781746,15.0,1.0
2.136,0.31471729278564453,0.31471729278564453,2.074726104736328,0.414375580993284,2.85917752832799,2.2793257467062538,15.0,1.0
2.137,0.31662464141845703,0.31662464141845703,1.6703300476074219,0.41723271366176495,2.8550737092612053,2.693864745303402,15.0,1.0
2.138,0.31815052032470703,0.31815052032470703,1.7758235931396484,0.42008572841180575,2.8509417117688827,2.604146239935715,15.0,1.0
2.1390000000000002,0.32043933868408203,0.32043933868408203,2.338460922241211,0.42293459708530334,2.8467815766330773,2.045749530410186,15.0,1.0
2.14,0.32272815704345703,0.32272815704345703,2.1802196502685547,0.42577929156507255,2.8425933449127,2.2081407124683783,15.0,1.0
2.141,0.32463550567626953,0.32463550567626953,1.7582416534423828,0.4286197837751281,2.8383770579432905,2.639899575983786,15.0,1.0
2.142,0.32616138458251953,0.32616138458251953,1.7230777740478516,0.4314560456809585,2.834132757338068,2.6904748997668015,15.0,1.0
2.1430000000000002,0.32845020294189453,0.32845020294189453,2.294506072998047,0.4342880492898048,2.829860484986881,2.122922107207488,15.0,1.0
2.144,0.33073902130126953,0.33073902130126953,2.171428680419922,0.43711576665093294,2.825560283055381,2.2497827828804104,15.0,1.0
2.145,0.33226490020751953,0.33226490020751953,1.7582416534423828,0.43993916985591497,2.821232193984457,2.678104585268006,15.0,1.0
2.146,0.33417224884033203,0.33417224884033203,1.6000003814697266,0.4427582310389012,2.8168762604904884,2.8456656119992996,15.0,1.0
2.1470000000000002,0.33607959747314453,0.33607959747314453,2.0571422576904297,0.44557292237689655,2.812492525565233,2.3977501414310836,15.0,1.0
2.148,0.33836841583251953,0.33836841583251953,2.25054931640625,0.44838321609003234,2.8080810324745187,2.207753719930961,15.0,1.0
2.149,0.34027576446533203,0.34027576446533203,1.9340667724609375,0.45118908444184497,2.8036418247574204,2.533274851944177,15.0,1.0
2.15,0.34180164337158203,0.34180164337158203,1.6879119873046875,0.4539904997395466,2.7991749462271684,2.794095804441949,15.0,1.0
2.1510000000000002,0.34409141540527344,0.34409141540527344,2.0219783782958984,0.45678743433429986,2.7946804409704384,2.4631423466099363,15.0,1.0
2.152,0.34638023376464844,0.34638023376464844,2.3208789825439453,0.4595798606214881,2.7901583533462997,2.167273773654949,15.0,1.0
2.153,0.34828758239746094,0.34828758239746094,1.9428577423095703,0.4623677510409918,2.7856087279853625,2.5539535153287556,15.0,1.0
2.154,0.34981346130371094,0.34981346130371094,1.6527481079101562,0.4651510780774582,2.781031609790716,2.858347753486769,15.0,1.0
2.1550000000000002,0.35172080993652344,0.35172080993652344,1.7934074401855469,0.46792981426057384,2.7764270439370193,2.7261546686122284,15.0,1.0
2.156,0.35400962829589844,0.35400962829589844,2.259340286254883,0.47070393216533285,2.7717950758695338,2.262869347656167,15.0,1.0
2.157,0.35629844665527344,0.35629844665527344,2.1450557708740234,0.4734734044123123,2.7671357513030443,2.3797043467846035,15.0,1.0
2.158,0.35782432556152344,0.35782432556152344,1.7846145629882812,0.4762382036679383,2.7624491162243316,2.7540427248322734,15.0,1.0
2.1590000000000003,0.35973167419433594,0.35973167419433594,1.7670326232910156,0.47899830264476156,2.7577352168883635,2.7797020203537324,15.0,1.0
2.16,0.36202049255371094,0.36202049255371094,2.206592559814453,0.48175367410171566,2.7529940998186078,2.3423992632242254,15.0,1.0
2.161,0.36392784118652344,0.36392784118652344,2.0923080444335938,0.48450429084439817,2.748225811808254,2.4645645122427813,15.0,1.0
2.162,0.36583518981933594,0.36583518981933594,1.7758235931396484,0.4872501257253316,2.7434303999192196,2.788830845369506,15.0,1.0
2.1630000000000003,0.36736106872558594,0.36736106872558594,1.6175823211669922,0.48999115164423723,2.738607911479903,2.96047683409268,15.0,1.0
2.164,0.36926841735839844,0.36926841735839844,1.9780216217041016,0.49272734154829206,2.7337583940852426,2.6076206352295452,15.0,1.0
2.165,0.37155723571777344,0.37155723571777344,2.1802196502685547,0.4954586684324071,2.728881895599386,2.407183736050336,15.0,1.0
2.166,0.37346458435058594,0.37346458435058594,1.8989009857177734,0.49818510533949023,2.7239784641514575,2.6958852932672484,15.0,1.0
2.1670000000000003,0.37499046325683594,0.37499046325683594,1.6967029571533203,0.5009066253607106,2.7190481481349025,2.9110876225397027,15.0,1.0
2.168,0.37689781188964844,0.37689781188964844,1.8549442291259766,0.5036232016357607,2.7140909962110698,2.760027613276777,15.0,1.0
2.169,0.37918663024902344,0.37918663024902344,2.118680953979492,0.5063348073531322,2.7091070573053457,2.497648759887485,15.0,1.0
2.17,0.38109397888183594,0.38109397888183594,1.9076919555664062,0.5090414157503708,2.7040963806065292,2.7156159780681453,15.0,1.0
2.1710000000000003,0.38261985778808594,0.38261985778808594,1.6000003814697266,0.5117430001143458,2.6990590155674568,3.0359057689916282,15.0,1.0
2.172,0.38414573669433594,0.38414573669433594,1.5648345947265625,0.5144395337815063,2.6939950119058267,3.0835673734868196,15.0,1.0
2.173,0.38605308532714844,0.38605308532714844,1.9428577423095703,0.5171309901381569,2.688904419601613,2.712215249457169,15.0,1.0
2.174,0.38796043395996094,0.38796043395996094,1.9868125915527344,0.519817342620709,2.6837872888958145,2.674828327254301,15.0,1.0
2.1750000000000003,0.38986778259277344,0.38986778259277344,1.7054939270019531,0.522498564715949,2.67864367029307,2.9626114751387504,15.0,1.0
2.176,0.39139366149902344,0.39139366149902344,1.5560436248779297,0.5251746299612957,2.6734736145588727,3.124144516615027,15.0,1.0
2.177,0.39291954040527344,0.39291954040527344,1.7318687438964844,0.5278455119450662,2.6682771727192858,2.9602980019196936,15.0,1.0
2.178,0.39520835876464844,0.39520835876464844,2.136262893676758,0.5305111843067337,2.663054396061284,2.5563338855158055,15.0,1.0
2.179,0.39711570739746094,0.39711570739746094,1.8461532592773438,0.5331716207371882,2.6578053361311618,2.8524907769497263,15.0,1.0
2.18,0.39864158630371094,0.39864158630371094,1.4945049285888672,0.5358267949789967,2.65253004473567,3.2158032462760886,15.0,1.0
2.181,0.40016746520996094,0.40016746520996094,1.4505500793457031,0.5384766808266601,2.647228573939742,3.2713167288445266,15.0,1.0
2.182,0.40169334411621094,0.40169334411621094,1.8021984100341797,0.5411212521268756,2.6419009760662675,2.9311211861920574,15.0,1.0
2.183,0.40398216247558594,0.40398216247558594,2.1098899841308594,0.5437604827787921,2.6365473036965454,2.6233321241137784,15.0,1.0
2.184,0.40588951110839844,0.40588951110839844,1.8197803497314453,0.5463943467342692,2.6311676096695464,2.918959794326163,15.0,1.0
2.185,0.40741634368896484,0.40741634368896484,1.4945049285888672,0.5490228179981318,2.6257619470806617,3.2553541331292988,15.0,1.0
2.186,0.40856075286865234,0.40856075286865234,1.5208797454833984,0.5516458706284301,2.620330369281305,3.2457273901945727,15.0,1.0
2.187,0.41084957122802734,0.41084957122802734,2.0131874084472656,0.5542634787366938,2.6148729298788567,2.752894134061588,15.0,1.0
2.188,0.41275691986083984,0.41275691986083984,2.1010990142822266,0.5568756164881883,2.609389682736264,2.670071117864264,15.0,1.0
2.189,0.41466426849365234,0.41466426849365234,1.6175823211669922,0.559482258102167,2.6038806819713614,3.158568204932089,15.0,1.0
2.19,0.41580867767333984,0.41580867767333984,1.4065933227539062,0.5620833778521305,2.5983459819547647,3.385873161882718,15.0,1.0
2.191,0.41733455657958984,0.41733455657958984,1.538461685180664,0.564678950066076,2.592785637312943,3.2644898544295717,15.0,1.0
2.192,0.41962337493896484,0.41962337493896484,2.0219783782958984,0.5672689491267568,2.5871997029236695,2.779904937444651,15.0,1.0
2.193,0.42153072357177734,0.42153072357177734,1.9868125915527344,0.569853349471924,2.581588233917273,2.8196150308667387,15.0,1.0
2.194,0.42305660247802734,0.42305660247802734,1.6087913513183594,0.5724321255945909,2.5759512856770925,3.2077927811071865,15.0,1.0
2.195,0.42458248138427734,0.42458248138427734,1.5120887756347656,0.5750052520432777,2.570288913838283,3.3145416980885223,15.0,1.0
2.196,0.42610836029052734,0.42610836029052734,1.714284896850586,0.577572703422268,2.564601174285656,3.122281424411179,15.0,1.0
2.197,0.42839717864990234,0.42839717864990234,2.083517074584961,0.5801344543918496,2.55888812315402,2.7514301846982683,15.0,1.0
2.198,0.43030452728271484,0.43030452728271484,1.7758235931396484,0.5826904796685755,2.553149816830114,3.063115509478375,15.0,1.0
2.199,0.43144893646240234,0.43144893646240234,1.4857139587402344,0.5852407540255093,2.5473863119487987,3.3685496166551694,15.0,1.0
2.2,0.43297481536865234,0.43297481536865234,1.4329662322998047,0.5877852522924736,2.5415976653920893,3.4307879869496034,15.0,1.0
2.201,0.43488216400146484,0.43488216400146484,1.6703300476074219,0.5903239493562942,2.5357839342928514,3.1970806670078695,15.0,1.0
2.202,0.43678951263427734,0.43678951263427734,2.004396438598633,0.5928568201610587,2.52994517603031,2.8665583503333973,15.0,1.0
2.203,0.43831539154052734,0.43831539154052734,1.7406597137451172,0.5953838397083543,2.524081448230106,3.139448457002393,15.0,1.0
2.204,0.43984127044677734,0.43984127044677734,1.459341049194336,0.5979049830575195,2.518192808764411,3.429807448731207,15.0,1.0
2.205,0.44136714935302734,0.44136714935302734,1.4417591094970703,0.6004202253258838,2.5122793157526644,3.4563163458484407,15.0,1.0
2.206,0.44289302825927734,0.44289302825927734,1.6879119873046875,0.6029295416890242,2.50634102755879,3.2189767417003057,15.0,1.0
2.207,0.44518184661865234,0.44518184661865234,1.9692306518554688,0.6054329073810008,2.500378002790285,2.934913262370042,15.0,1.0
2.208,0.44670772552490234,0.44670772552490234,1.6527481079101562,0.6079302976946054,2.494390300300495,3.259980774935884,15.0,1.0
2.209,0.44785213470458984,0.44785213470458984,1.3626365661621094,0.6104216879816023,2.488377979185657,3.564284712178735,15.0,1.0
2.21,0.44937801361083984,0.44937801361083984,1.3274726867675781,0.6129070536529762,2.482341098784559,3.6078040126490256,15.0,1.0
2.211,0.45090389251708984,0.45090389251708984,1.459341049194336,0.615386370179171,2.4762797186788816,3.4841758344157627,15.0,1.0
2.212,0.45281124114990234,0.45281124114990234,1.8197803497314453,0.6178596130903344,2.470193898692173,3.1261391280672095,15.0,1.0
2.213,0.45433712005615234,0.45433712005615234,1.7582416534423828,0.6203267579765559,2.4640836988891692,3.19568661425284,15.0,1.0
2.214,0.45586299896240234,0.45586299896240234,1.4857139587402344,0.6227877804881122,2.4579491795747117,3.4761069437201257,15.0,1.0
2.215,0.45700740814208984,0.45700740814208984,1.292306900024414,0.6252426563357047,2.45179040129392,3.683012224173729,15.0,1.0
2.216,0.45853328704833984,0.45853328704833984,1.3890113830566406,0.6276913612907006,2.4456074248319055,3.593967155410676,15.0,1.0
2.217,0.46044063568115234,0.46044063568115234,1.7758235931396484,0.6301338711853691,2.4394003112121823,3.2089752506357856,15.0,1.0
2.218,0.46234798431396484,0.46234798431396484,1.8637371063232422,0.6325701619131243,2.433169121695869,3.122764679360019,15.0,1.0
2.219,0.46387386322021484,0.46387386322021484,1.5032958984375,0.6350002094287603,2.4269139177825423,3.4905132124732248,15.0,1.0
2.22,0.46501827239990234,0.46501827239990234,1.2659339904785156,0.6374239897486899,2.4206347612087598,3.740786530962057,15.0,1.0
2.221,0.46616268157958984,0.46616268157958984,1.3186817169189453,0.6398414789511785,2.4143317139474902,3.7008319576023747,15.0,1.0
2.222,0.46768856048583984,0.46768856048583984,1.5032958984375,0.6422526531765843,2.4080048382065797,3.5231703301302466,15.0,1.0
2.223,0.46959686279296875,0.46959686279296875,1.8021984100341797,0.6446574886275911,2.4016541964298312,3.2253651739149864,15.0,1.0
2.224,0.47112274169921875,0.47112274169921875,1.6000003814697266,0.6470559615694446,2.3952798512960385,3.434277767879699,15.0,1.0
2.225,0.47264862060546875,0.47264862060546875,1.415384292602539,0.6494480483301838,2.3888818657173942,3.6254889889855804,15.0,1.0
2.226,0.47379302978515625,0.47379302978515625,1.2835159301757812,0.6518337253008788,2.382460302838467,3.769554805398524,15.0,1.0
2.227,0.47531890869140625,0.47531890869140625,1.3450546264648438,0.6542129689358602,2.37601522603876,3.714371503240726,15.0,1.0
2.228,0.47684478759765625,0.47684478759765625,1.7054939270019531,0.6565857557529567,2.3695466989281613,3.3601672942557155,15.0,1.0
2.229,0.47875213623046875,0.47875213623046875,1.7758235931396484,0.6589520623337172,2.363054785347856,3.290230083756934,15.0,1.0
2.23,0.48027801513671875,0.48027801513671875,1.415384292602539,0.6613118653236519,2.3565395493705523,3.656663009572011,15.0,1.0
2.231,0.48142242431640625,0.48142242431640625,1.2043952941894531,0.6636651414324577,2.350001055299799,3.8792465178511177,15.0,1.0
2.232,0.48256683349609375,0.48256683349609375,1.2219772338867188,0.666011867434252,2.3434393676675427,3.8731376428531976,15.0,1.0
2.233,0.48409271240234375,0.48409271240234375,1.3186817169189453,0.6683520201677934,2.336854551234012,3.7820624507968112,15.0,1.0
2.234,0.48561859130859375,0.48561859130859375,1.6703300476074219,0.6706855765367196,2.3302466709899363,3.4359214018044018,15.0,1.0
2.235,0.48714447021484375,0.48714447021484375,1.7054939270019531,0.6730125135097726,2.3236157921523954,3.406142514574376,15.0,1.0
2.236,0.48867034912109375,0.48867034912109375,1.4065933227539062,0.6753328081210249,2.316961980164365,3.7103055424094262,15.0,1.0
2.237,0.48981475830078125,0.48981475830078125,1.2043952941894531,0.677646437470102,2.31028530069716,3.923365194047518,15.0,1.0
2.238,0.49134063720703125,0.49134063720703125,1.2659339904785156,0.6799533787224188,2.3035858196471395,3.8668429518994367,15.0,1.0
2.239,0.49248504638671875,0.49248504638671875,1.4329662322998047,0.6822536091093958,2.296863603134966,3.710425811675317,15.0,1.0
2.24,0.49439239501953125,0.49439239501953125,1.7230777740478516,0.6845471059286893,2.290118717505834,3.419361607095353,15.0,1.0
2.241,0.49591827392578125,0.49591827392578125,1.582418441772461,0.686833846544408,2.2833512293296963,3.5646663768366373,15.0,1.0
2.242,0.49706268310546875,0.49706268310546875,1.3010997772216797,0.6891138083873481,2.2765612053992186,3.85622830740573,15.0,1.0
2.243,0.49820709228515625,0.49820709228515625,1.1076927185058594,0.6913869689552059,2.2697487127281306,4.0597541442730165,15.0,1.0
2.244,0.49935150146484375,0.49935150146484375,1.1692314147949219,0.6936533058128049,2.2629138185538977,4.008209468978394,15.0,1.0
2.245,0.5008773803710938,0.5008773803710938,1.3626365661621094,0.6959127965923142,2.2560565903339693,3.8189512674901667,15.0,1.0
2.246,0.5024032592773438,0.5024032592773438,1.6703300476074219,0.6981654189934724,2.24917709574612,3.515279443880628,15.0,1.0
2.247,0.5039291381835938,0.5039291381835938,1.5736255645751953,0.7004111507838059,2.2422754026882217,3.6158800271162086,15.0,1.0
2.248,0.5054550170898438,0.5054550170898438,1.2835159301757812,0.7026499697988493,2.2353515792774488,3.909759939736751,15.0,1.0
2.249,0.5065994262695312,0.5065994262695312,1.1164836883544922,0.7048818539423614,2.228405693849254,4.086158420587213,15.0,1.0
2.25,0.5077438354492188,0.5077438354492188,1.160440444946289,0.7071067811865474,2.221437814956346,4.051441556069985,15.0,1.0
2.251,0.5088882446289062,0.5088882446289062,1.3186817169189453,0.7093247295722735,2.2144480113688587,3.902313568600423,15.0,1.0
2.2520000000000002,0.5104141235351562,0.5104141235351562,1.6087913513183594,0.7115356772092855,2.2074363520735574,3.615468305867136,15.0,1.0
2.253,0.5119400024414062,0.5119400024414062,1.5648345947265625,0.7137396022764213,2.200402906273041,3.6625623090717045,15.0,1.0
2.254,0.5134658813476562,0.5134658813476562,1.2219772338867188,0.715936483021831,2.1933477433839244,4.008429534609826,15.0,1.0
2.255,0.5142288208007812,0.5142288208007812,1.0813179016113281,0.7181262977631886,2.1862709330378607,4.163415185862643,15.0,1.0
2.2560000000000002,0.5153732299804688,0.5153732299804688,1.0989017486572266,0.7203090248879072,2.179172545080405,4.154307720034755,15.0,1.0
2.257,0.5165176391601562,0.5165176391601562,1.1164836883544922,0.7224846428533499,2.1720526495699346,4.145074016613347,15.0,1.0
2.258,0.5180435180664062,0.5180435180664062,1.4329662322998047,0.7246531301870466,2.1649113167766245,3.831089266286425,15.0,1.0
2.259,0.5195693969726562,0.5195693969726562,1.538461685180664,0.7268144654869026,2.1577486171823352,3.7279629597153674,15.0,1.0
2.2600000000000002,0.5210952758789062,0.5210952758789062,1.3450546264648438,0.7289686274214118,2.150564621480555,3.9236102681532943,15.0,1.0
2.261,0.5222396850585938,0.5222396850585938,1.2043952941894531,0.7311155947298643,2.1433594005743544,4.07210275145396,15.0,1.0
2.262,0.5233840942382812,0.5233840942382812,1.0549449920654297,0.7332553462225601,2.1361330255759867,4.2292568132747395,15.0,1.0
2.263,0.5241470336914062,0.5241470336914062,1.1076927185058594,0.7353878607810158,2.128885567806833,4.189805255645117,15.0,1.0
2.2640000000000002,0.5256729125976562,0.5256729125976562,1.213186264038086,0.7375131173581743,2.1216170987967757,4.08603390616646,15.0,1.0
2.265,0.5268173217773438,0.5268173217773438,1.4769229888916016,0.7396310949786099,2.114327690282778,3.8296112994101685,15.0,1.0
2.266,0.5283432006835938,0.5283432006835938,1.4945049285888672,0.7417417727387393,2.107017414207462,3.813491066445778,15.0,1.0
2.267,0.5298690795898438,0.5298690795898438,1.1956043243408203,0.7438451298070244,2.099686342721384,4.113722771638274,15.0,1.0
2.2680000000000002,0.5306320190429688,0.5306320190429688,1.0725269317626953,0.7459411454241826,2.092334548178883,4.249444512134394,15.0,1.0
2.269,0.5317773818969727,0.5317773818969727,0.9494514465332031,0.7480297989033828,2.084962103138537,4.379296911701486,15.0,1.0
2.27,0.5325403213500977,0.5325403213500977,0.9758243560791016,0.7501110696304591,2.077569080364242,4.365305948490563,15.0,1.0
2.271,0.5336847305297852,0.5336847305297852,1.0725269317626953,0.7521849370641108,2.0701555528223707,4.27513171907456,15.0,1.0
2.2720000000000002,0.5352106094360352,0.5352106094360352,1.3274726867675781,0.7542513807361043,2.0627215936804646,4.020860476413924,15.0,1.0
2.273,0.5363550186157227,0.5363550186157227,1.3890113830566406,0.7563103802514723,2.0552672763088253,3.9655863177884303,15.0,1.0
2.274,0.5374994277954102,0.5374994277954102,1.1868133544921875,0.7583619152887215,2.0477926742792647,4.173916632186748,15.0,1.0
2.275,0.5386438369750977,0.5386438369750977,1.0901107788085938,0.7604059656000305,2.0402978613632854,4.276619011928684,15.0,1.0
2.2760000000000002,0.5397882461547852,0.5397882461547852,0.9582424163818359,0.7624425110114484,2.0327829115301483,4.414354467998262,15.0,1.0
2.277,0.5405511856079102,0.5405511856079102,1.0109882354736328,0.7644715314230914,2.025247898950795,4.373064850704881,15.0,1.0
2.278,0.5416955947875977,0.5416955947875977,1.037363052368164,0.7664930068093496,2.0176928979926743,4.352291025950789,15.0,1.0
2.279,0.5432214736938477,0.5432214736938477,1.2835159301757812,0.7685069172190763,2.0101179832196294,4.1058837059222775,15.0,1.0
2.2800000000000002,0.5443658828735352,0.5443658828735352,1.3098907470703125,0.7705132427757893,2.0025232293937734,4.0848428808572725,15.0,1.0
2.281,0.5455102920532227,0.5455102920532227,1.2043952941894531,0.7725119636778643,1.9949087114724193,4.1955384916525915,15.0,1.0
2.282,0.5466547012329102,0.5466547012329102,1.0549449920654297,0.7745030601987336,1.9872745046071714,4.350054897029093,15.0,1.0
2.283,0.5474176406860352,0.5474176406860352,0.9406585693359375,0.7764865126870782,1.9796206841447201,4.474995194824428,15.0,1.0
2.2840000000000003,0.5485620498657227,0.5485620498657227,0.8967037200927734,0.7784623015670236,1.9719473256254787,4.523747381052219,15.0,1.0
2.285,0.5493249893188477,0.5493249893188477,0.9406585693359375,0.7804304073383297,1.9642545047824456,4.490177205738739,15.0,1.0
2.286,0.5504693984985352,0.5504693984985352,1.0549449920654297,0.782390810576588,1.9565422975402953,4.380418486645658,15.0,1.0
2.287,0.5516138076782227,0.5516138076782227,1.2747249603271484,0.7843434919334098,1.9488107800153216,4.165031083515981,15.0,1.0
2.2880000000000003,0.5531396865844727,0.5531396865844727,1.3010997772216797,0.786288432136619,1.9410600285149258,4.137191434575442,15.0,1.0
2.289,0.5542840957641602,0.5542840957641602,1.1428565979003906,0.7882256119904401,1.9332901195358545,4.299556265029662,15.0,1.0
2.29,0.5550470352172852,0.5550470352172852,1.002197265625,0.7901550123756903,1.9255011297636315,4.449923521514709,15.0,1.0
2.291,0.5561914443969727,0.5561914443969727,0.9054946899414062,0.7920766142499669,1.9176931360725007,4.550475993926008,15.0,1.0
2.2920000000000003,0.5569543838500977,0.5569543838500977,0.9318675994873047,0.7939903986478356,1.9098662155242891,4.533538838003054,15.0,1.0
2.293,0.5580987930297852,0.5580987930297852,0.9318675994873047,0.7958963466810159,1.9020204453678957,4.537116150649053,15.0,1.0
2.294,0.5588617324829102,0.5588617324829102,1.0813179016113281,0.797794439538571,1.894155903037472,4.396828607261057,15.0,1.0
2.295,0.5603876113891602,0.5603876113891602,1.213186264038086,0.7996846584870905,1.8862726661527631,4.262542108583632,15.0,1.0
2.2960000000000003,0.5615320205688477,0.5615320205688477,1.2659339904785156,0.8015669848708769,1.8783708125184262,4.212961286570349,15.0,1.0
2.297,0.5626764297485352,0.5626764297485352,1.0109882354736328,0.8034414001121278,1.8704504201227792,4.470936740103037,15.0,1.0
2.298,0.5634393692016602,0.5634393692016602,0.9142856597900391,0.805307885711122,1.86251156713638,4.576253654988268,15.0,1.0
2.299,0.5642023086547852,0.5642023086547852,0.8087921142578125,0.8071664232464002,1.8545543319127091,4.690223936529122,15.0,1.0
2.3000000000000003,0.5649652481079102,0.5649652481079102,0.8175830841064453,0.8090169943749478,1.846578792986577,4.6897719028856955,15.0,1.0
2.301,0.5657281875610352,0.5657281875610352,0.8175830841064453,0.8108595808323737,1.8385850290733288,4.697972844036962,15.0,1.0
2.302,0.5668725967407227,0.5668725967407227,0.8879127502441406,0.8126941644330941,1.8305731190678216,4.629983884209252,15.0,1.0
2.303,0.5680170059204102,0.5680170059204102,1.0989017486572266,0.8145207270705089,1.8225431420449922,4.421197210639248,15.0,1.0
2.3040000000000003,0.5691614151000977,0.5691614151000977,1.1340656280517578,0.8163392507171844,1.814495177257129,4.3880970834616715,15.0,1.0
2.305,0.5699243545532227,0.5699243545532227,1.0989017486572266,0.8181497174250237,1.8064293041339852,4.430907998553774,15.0,1.0
2.306,0.5710687637329102,0.5710687637329102,0.9318675994873047,0.819952109325452,1.7983456022832343,4.599728186684057,15.0,1.0
2.307,0.5718317031860352,0.5718317031860352,0.8263740539550781,0.8217464086295898,1.7902441514876273,4.712590679185869,15.0,1.0
2.308,0.5725946426391602,0.5725946426391602,0.7648353576660156,0.8235325976284269,1.7821250317048793,4.781358998877865,15.0,1.0
2.309,0.5733575820922852,0.5733575820922852,0.7824172973632812,0.8253106586929999,1.773988323067158,4.770867174714598,15.0,1.0
2.31,0.5741205215454102,0.5741205215454102,0.7912082672119141,0.8270805742745616,1.7658341058810265,4.769026629606384,15.0,1.0
2.311,0.5748834609985352,0.5748834609985352,0.8791217803955078,0.8288423269047616,1.757662460625454,4.687923668823342,15.0,1.0
2.312,0.5760278701782227,0.5760278701782227,1.0989017486572266,0.8305958991958121,1.749473467950736,4.469092154557352,15.0,1.0
2.313,0.5771722793579102,0.5771722793579102,1.1076927185058594,0.8323412738406634,1.7412672086792327,4.461109407414671,15.0,1.0
2.314,0.5783166885375977,0.5783166885375977,1.1076927185058594,0.834078433613171,1.7330437638034368,4.461777221431178,15.0,1.0
2.315,0.5790796279907227,0.5790796279907227,0.8967037200927734,0.8358073613682699,1.7248032144853482,4.6790154950557845,15.0,1.0
2.316,0.5802240371704102,0.5802240371704102,0.8087921142578125,0.8375280400421413,1.716545642055678,4.767313570873833,15.0,1.0
2.317,0.5809869766235352,0.5809869766235352,0.7208786010742188,0.8392404526523817,1.708271128013564,4.861194667372043,15.0,1.0
2.318,0.5813684463500977,0.5813684463500977,0.6857147216796875,0.8409445822981689,1.6999797540253212,4.907907071566703,15.0,1.0
2.319,0.5821313858032227,0.5821313858032227,0.7032966613769531,0.842640412160432,1.6916716019230762,4.896010335904263,15.0,1.0
2.32,0.5828943252563477,0.5828943252563477,0.7208786010742188,0.8443279255020147,1.6833467537049387,4.883972156315727,15.0,1.0
2.321,0.5836572647094727,0.5836572647094727,0.8527469635009766,0.8460071056678422,1.6750052915340348,4.757505942408601,15.0,1.0
2.322,0.5848016738891602,0.5848016738891602,1.037363052368164,0.8476779360850831,1.6666472977372564,4.572428178307937,15.0,1.0
2.323,0.5859460830688477,0.5859460830688477,1.0461540222167969,0.8493404002633164,1.6582728548044088,4.563033590504642,15.0,1.0
2.324,0.5867090225219727,0.5867090225219727,1.002197265625,0.8509944817946916,1.6498820453877556,4.61196666885354,15.0,1.0
2.325,0.5878534317016602,0.5878534317016602,0.8791217803955078,0.8526401643540923,1.6414749523015644,4.734154161692539,15.0,1.0
2.326,0.5886163711547852,0.5886163711547852,0.7912082672119141,0.8542774316992952,1.6330516585204577,4.826759299476194,15.0,1.0
2.327,0.5889978408813477,0.5889978408813477,0.6769237518310547,0.8559062676711329,1.6246122471786748,4.951314897194399,15.0,1.0
2.328,0.5897607803344727,0.5897607803344727,0.6857147216796875,0.8575266561936521,1.616156801569673,4.946930217777677,15.0,1.0
2.329,0.5905237197875977,0.5905237197875977,0.6681327819824219,0.8591385812742726,1.6076854051455598,4.968775545463261,15.0,1.0
2.33,0.5912866592407227,0.5912866592407227,0.6681327819824219,0.8607420270039436,1.599198141515842,4.9728958759817345,15.0,1.0
2.331,0.5920495986938477,0.5920495986938477,0.7560443878173828,0.8623369775573039,1.5906950944458913,4.888961389580352,15.0,1.0
2.332,0.5928125381469727,0.5928125381469727,0.9142856597900391,0.8639234171928352,1.5821763478574553,4.734553873755354,15.0,1.0
2.333,0.5939579010009766,0.5939579010009766,0.8967037200927734,0.8655013302530191,1.573641985827237,4.750089704515102,15.0,1.0
2.334,0.5947208404541016,0.5947208404541016,0.9758243560791016,0.8670707011644901,1.5650920925862124,4.67451564716294,15.0,1.0
2.335,0.5954837799072266,0.5954837799072266,0.7912082672119141,0.8686315144381912,1.556526752517641,4.862534503270196,15.0,1.0
2.336,0.5962467193603516,0.5962467193603516,0.7120876312255859,0.8701837546695251,1.5479460501588278,4.9449139485708455,15.0,1.0
2.337,0.5970096588134766,0.5970096588134766,0.6593399047851562,0.8717274065385091,1.5393500701973721,5.000776381287704,15.0,1.0
2.338,0.5973911285400391,0.5973911285400391,0.5802192687988281,0.8732624548099203,1.5307388974717924,5.088589522721183,15.0,1.0
2.339,0.5981540679931641,0.5981540679931641,0.5714282989501953,0.8747888843334524,1.522112616971583,5.100206563125712,15.0,1.0
2.34,0.5985355377197266,0.5985355377197266,0.5538463592529297,0.8763066800438631,1.5134713138346,5.126192089443719,15.0,1.0
2.341,0.5992984771728516,0.5992984771728516,0.5714282989501953,0.8778158269611219,1.5048150733464354,5.111147021220296,15.0,1.0
2.342,0.5996799468994141,0.5996799468994141,0.5714282989501953,0.8793163101905564,1.4961439809408716,5.1192611313578125,15.0,1.0
2.343,0.6004428863525391,0.6004428863525391,0.6857147216796875,0.8808081149230033,1.4874581221983476,5.007221829075623,15.0,1.0
2.344,0.6012058258056641,0.6012058258056641,0.8175830841064453,0.8822912264349528,1.4787575828451622,4.877455508178048,15.0,1.0
2.345,0.6019687652587891,0.6019687652587891,0.7999992370605469,0.8837656300886938,1.4700424487509167,4.896996184138941,15.0,1.0
2.346,0.6031131744384766,0.6031131744384766,0.8791217803955078,0.885231311332455,1.4613128059314135,4.813963078945583,15.0,1.0
2.347,0.6038761138916016,0.6038761138916016,0.7912082672119141,0.8866882557005562,1.4525687405447343,4.90354260046714,15.0,1.0
2.348,0.6042575836181641,0.6042575836181641,0.6945056915283203,0.8881364488135441,1.4438103388907848,5.007487625293166,15.0,1.0
2.349,0.6050205230712891,0.6050205230712891,0.6857147216796875,0.8895758763783379,1.4350376874115796,5.017653265337625,15.0,1.0
2.35,0.6057834625244141,0.6057834625244141,0.5978031158447266,0.8910065241883677,1.4262508726900478,5.106793681804626,15.0,1.0
2.351,0.6061649322509766,0.6061649322509766,0.5626373291015625,0.8924283781237177,1.4174499814480441,5.148764340437598,15.0,1.0
2.352,0.6069278717041016,0.6069278717041016,0.5538463592529297,0.8938414241512634,1.40863510054686,5.158492028001358,15.0,1.0
2.353,0.6073093414306641,0.6073093414306641,0.5362644195556641,0.8952456483248117,1.3998063169859734,5.182586500842524,15.0,1.0
2.354,0.6080722808837891,0.6080722808837891,0.5274734497070312,0.8966410367852358,1.390963717902025,5.192021606716694,15.0,1.0
2.355,0.6084537506103516,0.6084537506103516,0.5890102386474609,0.8980275757606154,1.3821073905676258,5.136704529174123,15.0,1.0
2.356,0.6092166900634766,0.6092166900634766,0.6769237518310547,0.8994052515663707,1.3732374223912416,5.049142093103599,15.0,1.0
2.357,0.6099796295166016,0.6099796295166016,0.7208786010742188,0.9007740506053982,1.3643539009158872,5.005391616173617,15.0,1.0
2.358,0.6107425689697266,0.6107425689697266,0.7560443878173828,0.9021339593682028,1.3554569138183865,4.970283381978148,15.0,1.0
2.359,0.6115055084228516,0.6115055084228516,0.74725341796875,0.9034849644330347,1.3465465489084067,4.978984971092404,15.0,1.0
2.36,0.6118869781494141,0.6118869781494141,0.6681327819824219,0.9048270524660194,1.3376228941274348,5.063591226894093,15.0,1.0
2.361,0.6126499176025391,0.6126499176025391,0.5978031158447266,0.9061602102212899,1.328686037548664,5.1335373109852,15.0,1.0
2.362,0.6134128570556641,0.6134128570556641,0.5714282989501953,0.907484424541117,1.3197360673751746,5.159381280706773,15.0,1.0
2.363,0.6137943267822266,0.6137943267822266,0.5274734497070312,0.90879968235604,1.3107730719394226,5.208379955839593,15.0,1.0
2.364,0.6141757965087891,0.6141757965087891,0.4395599365234375,0.9101059706849955,1.3017971397025576,5.301189815822218,15.0,1.0
2.365,0.6145572662353516,0.6145572662353516,0.47472572326660156,0.9114032766354454,1.2928083592535131,5.270772791988319,15.0,1.0
2.366,0.6149387359619141,0.6149387359619141,0.4395599365234375,0.9126915874035029,1.2838068193080403,5.310539654408435,15.0,1.0
2.367,0.6157016754150391,0.6157016754150391,0.4307689666748047,0.9139708902740612,1.2747926087074006,5.318061864917928,15.0,1.0
2.368,0.6160831451416016,0.6160831451416016,0.4219779968261719,0.9152411726209174,1.265765816418309,5.331158231781875,15.0,1.0
2.369,0.6164646148681641,0.6164646148681641,0.4483509063720703,0.9165024219068981,1.25672653153174,5.3089427307406805,15.0,1.0
2.37,0.6168460845947266,0.6168460845947266,0.5098896026611328,0.9177546256839813,1.2476748432617342,5.2514133569394215,15.0,1.0
2.371,0.6176090240478516,0.6176090240478516,0.5802192687988281,0.9189977715934213,1.2386108409444887,5.179222785329207,15.0,1.0
2.372,0.6179904937744141,0.6179904937744141,0.5978031158447266,0.9202318473658699,1.2295346140385846,5.165351802065696,15.0,1.0
2.373,0.6187534332275391,0.6187534332275391,0.5978031158447266,0.9214568408214987,1.2204462521223718,5.16319425018704,15.0,1.0
2.374,0.6195163726806641,0.6195163726806641,0.6505489349365234,0.922672739870115,1.2113458448940833,5.108142417799324,15.0,1.0
2.375,0.6198978424072266,0.6198978424072266,0.6153850555419922,0.9238795325112865,1.2022334821714935,5.146573778190401,15.0,1.0
2.376,0.6206607818603516,0.6206607818603516,0.5538463592529297,0.9250772068344577,1.1931092538900998,5.205509269248762,15.0,1.0
2.3770000000000002,0.6210422515869141,0.6210422515869141,0.5010986328125,0.9262657510190669,1.183973250101758,5.261227108771551,15.0,1.0
2.378,0.6214237213134766,0.6214237213134766,0.46593475341796875,0.9274451533346615,1.1748255609751936,5.299212287874999,15.0,1.0
2.379,0.6218051910400391,0.6218051910400391,0.47472572326660156,0.9286154021410171,1.1656662767949797,5.293093720043049,15.0,1.0
2.38,0.6221866607666016,0.6221866607666016,0.40439605712890625,0.9297764858882511,1.1564954879593188,5.365946807655156,15.0,1.0
2.3810000000000002,0.6225681304931641,0.6225681304931641,0.3604393005371094,0.930928393116936,1.1473132849797025,5.412277923799172,15.0,1.0
2.382,0.6229496002197266,0.6229496002197266,0.378021240234375,0.9320711124582108,1.1381197584813094,5.396921201824199,15.0,1.0
2.383,0.6233310699462891,0.6233310699462891,0.3692302703857422,0.9332046326338984,1.1289149992005605,5.407788169128959,15.0,1.0
2.384,0.6237125396728516,0.6237125396728516,0.3604393005371094,0.9343289424566118,1.1196990979844372,5.418505839203731,15.0,1.0
2.3850000000000002,0.6240940093994141,0.6240940093994141,0.33406639099121094,0.9354440308298676,1.1104721457900837,5.4466560762556755,15.0,1.0
2.386,0.6244754791259766,0.6244754791259766,0.35164833068847656,0.9365498867481923,1.1012342336840675,5.4307020173288265,15.0,1.0
2.387,0.6248569488525391,0.6248569488525391,0.39560508728027344,0.9376464992972355,1.0919854528409019,5.3882236222310755,15.0,1.0
2.388,0.6252384185791016,0.6252384185791016,0.40439605712890625,0.9387338576538738,1.0827258945419658,5.3807614235346435,15.0,1.0
2.3890000000000002,0.6256198883056641,0.6256198883056641,0.46593475341796875,0.9398119510863197,1.0734556501756742,5.320401838467539,15.0,1.0
2.39,0.6263828277587891,0.6263828277587891,0.4923076629638672,0.9408807689542255,1.0641748112355458,5.289336266203224,15.0,1.0
2.391,0.6267642974853516,0.6267642974853516,0.4307689666748047,0.9419403007087905,1.0548834693195204,5.351754550996301,15.0,1.0
2.392,0.6271457672119141,0.6271457672119141,0.5098896026611328,0.9429905358928643,1.0455817161295045,5.273363643682625,15.0,1.0
2.3930000000000002,0.6279087066650391,0.6279087066650391,0.5098896026611328,0.9440314641410498,1.0362696434701206,5.268221402949148,15.0,1.0
2.394,0.6282901763916016,0.6282901763916016,0.46593475341796875,0.9450630751798048,1.0269473432479117,5.312606071652992,15.0,1.0
2.395,0.6286716461181641,0.6286716461181641,0.4219779968261719,0.9460853588275453,1.017614907469806,5.356842601284352,15.0,1.0
2.396,0.6290531158447266,0.6290531158447266,0.40439605712890625,0.9470983049947441,1.0082724282432878,5.3745542083646445,15.0,1.0
2.3970000000000002,0.6294345855712891,0.6294345855712891,0.378021240234375,0.9481019036840321,0.99891999777509,5.400908529231861,15.0,1.0
2.398,0.6298160552978516,0.6298160552978516,0.39560508728027344,0.9490961449902946,0.9895577083698868,5.383153966476259,15.0,1.0
2.399,0.6301975250244141,0.6301975250244141,0.34285736083984375,0.9500810191007717,0.9801856524296113,5.435580702735132,15.0,1.0
2.4,0.6305789947509766,0.6305789947509766,0.34285736083984375,0.9510565162951535,0.9708039224524327,5.435109384775243,15.0,1.0
2.4010000000000002,0.6305789947509766,0.6305789947509766,0.28131866455078125,0.9520226269456767,0.9614126110325287,5.50174842940225,15.0,1.0
2.402,0.6309604644775391,0.6309604644775391,0.29010963439941406,0.9529793415172189,0.9520118108584938,5.492185332054277,15.0,1.0
2.403,0.6313419342041016,0.6313419342041016,0.2989006042480469,0.9539266505673936,0.9426016147121459,5.482471755913479,15.0,1.0
2.404,0.6317234039306641,0.6317234039306641,0.28131866455078125,0.954864544746643,0.9331821154682416,5.498980563157144,15.0,1.0
2.4050000000000002,0.6317234039306641,0.6317234039306641,0.27252769470214844,0.9557930147983302,0.923753406093681,5.512269874406525,15.0,1.0
2.406,0.6321048736572266,0.6321048736572266,0.2637367248535156,0.9567120515588305,0.9143155796461429,5.519686523316687,15.0,1.0
2.407,0.6324863433837891,0.6324863433837891,0.24615478515625,0.9576216459576222,0.9048687292726072,5.535743482723855,15.0,1.0
2.408,0.6324863433837891,0.6324863433837891,0.24615478515625,0.9585217890173756,0.8954129482102644,5.539789847557813,15.0,1.0
2.4090000000000003,0.6328678131103516,0.6328678131103516,0.27252769470214844,0.959412471854043,0.8859483297836732,5.511590516236896,15.0,1.0
2.41,0.6332492828369141,0.6332492828369141,0.27252769470214844,0.9602936856769432,0.876474967404647,5.509613315302936,15.0,1.0
2.411,0.6336307525634766,0.6336307525634766,0.29010963439941406,0.961165421788852,0.8669929545713444,5.489903358552562,15.0,1.0
2.412,0.6336307525634766,0.6336307525634766,0.2989006042480469,0.9620276715860857,0.8575023848678143,5.484555565958905,15.0,1.0
2.4130000000000003,0.6340122222900391,0.6340122222900391,0.3164844512939453,0.9628804265585877,0.8480033519618928,5.464541964696178,15.0,1.0
2.414,0.6343936920166016,0.6343936920166016,0.3252754211425781,0.9637236782900098,0.8384959496052034,5.453170322563749,15.0,1.0
2.415,0.6347751617431641,0.6347751617431641,0.29010963439941406,0.964557418457798,0.8289802716319628,5.485604487952057,15.0,1.0
2.416,0.6347751617431641,0.6347751617431641,0.23736190795898438,0.9653816388332737,0.8194564119584129,5.541191660351073,15.0,1.0
2.4170000000000003,0.6351566314697266,0.6351566314697266,0.3076915740966797,0.9661963312817149,0.8099244645806039,5.467828387663749,15.0,1.0
2.418,0.6355381011962891,0.6355381011962891,0.3076915740966797,0.967001487762435,0.8003845235753033,5.464643747970813,15.0,1.0
2.419,0.6359195709228516,0.6359195709228516,0.3076915740966797,0.9677971003288653,0.790836683098064,5.461308050091591,15.0,1.0
2.42,0.6363010406494141,0.6363010406494141,0.29010963439941406,0.968583161128631,0.7812810373820298,5.475403210170869,15.0,1.0
2.4210000000000003,0.6363010406494141,0.6363010406494141,0.2549457550048828,0.9693596624036295,0.7717176807373107,5.512651252045659,15.0,1.0
2.422,0.6366825103759766,0.6366825103759766,0.22857093811035156,0.9701265964901058,0.7621467075508122,5.535237061152399,15.0,1.0
2.423,0.6366825103759766,0.6366825103759766,0.21977996826171875,0.9708839558187309,0.752568212284018,5.545809925663614,15.0,1.0
2.424,0.6370639801025391,0.6370639801025391,0.21977996826171875,0.9716317329146738,0.7429822894728204,5.541718613393122,15.0,1.0
2.4250000000000003,0.6374454498291016,0.6374454498291016,0.20219802856445312,0.9723699203976767,0.7333890337262119,5.555058063690385,15.0,1.0
2.426,0.6374454498291016,0.6374454498291016,0.21098899841308594,0.9730985109821265,0.7237885397262289,5.547595458608518,15.0,1.0
2.427,0.6378269195556641,0.6378269195556641,0.1758251190185547,0.9738174974771289,0.7141809022253369,5.578214452028754,15.0,1.0
2.428,0.6378269195556641,0.6378269195556641,0.1846160888671875,0.974526872786577,0.704566216047283,5.5704494256437895,15.0,1.0
2.4290000000000003,0.6378269195556641,0.6378269195556641,0.1846160888671875,0.9752266299092235,0.6949445760851063,5.57132414252131,15.0,1.0
2.43,0.6382083892822266,0.6382083892822266,0.15824127197265625,0.9759167619387474,0.6853160773006266,5.592700395175783,15.0,1.0
2.431,0.6382083892822266,0.6382083892822266,0.1934070587158203,0.9765972620638246,0.6756808147230231,5.558106847731173,15.0,1.0
2.432,0.6385898590087891,0.6385898590087891,0.16703224182128906,0.9772681235681934,0.6660388834486639,5.579180610018439,15.0,1.0
2.433,0.6385898590087891,0.6385898590087891,0.15824127197265625,0.9779293398307217,0.6563903786393439,5.588241318995678,15.0,1.0
2.434,0.6389713287353516,0.6389713287353516,0.1758251190185547,0.9785809043254722,0.6467353955219437,5.565053910355198,15.0,1.0
2.435,0.6389713287353516,0.6389713287353516,0.1318683624267578,0.9792228106217657,0.6370740293874064,5.608977895256862,15.0,1.0
2.436,0.6389713287353516,0.6389713287353516,0.1318683624267578,0.9798550523842469,0.6274063755893735,5.608793867896045,15.0,1.0
2.437,0.6393527984619141,0.6393527984619141,0.1318683624267578,0.9804776233729443,0.6177325295436162,5.602736540782312,15.0,1.0
2.438,0.6393527984619141,0.6393527984619141,0.11428642272949219,0.9810905174433341,0.6080525867272399,5.619831948719048,15.0,1.0
2.439,0.6393527984619141,0.6393527984619141,0.123077392578125,0.9816937285463989,0.5983666426773198,5.610403201366467,15.0,1.0
2.44,0.6397342681884766,0.6397342681884766,0.123077392578125,0.9822872507286886,0.5886747929901048,5.60389213851516,15.0,1.0
2.441,0.6397342681884766,0.6397342681884766,0.10549545288085938,0.982871078132379,0.5789771333205636,5.62053382959824,15.0,1.0
2.442,0.6397342681884766,0.6397342681884766,0.08791160583496094,0.9834452049953297,0.5692737593803372,5.637026205648174,15.0,1.0
2.443,0.6397342681884766,0.6397342681884766,0.09670257568359375,0.9840096256511398,0.5595647669378536,5.626992553194208,15.0,1.0
2.444,0.6401157379150391,0.6401157379150391,0.08791160583496094,0.9845643345292053,0.5498502518170199,5.628667595194553,15.0,1.0
2.445,0.6401157379150391,0.6401157379150391,0.07912063598632812,0.9851093261547738,0.5401303098963695,5.635913497506062,15.0,1.0
2.446,0.6401157379150391,0.6401157379150391,0.07912063598632812,0.9856445951489982,0.5304050371074709,5.634217259630529,15.0,1.0
2.447,0.6401157379150391,0.6401157379150391,0.05274772644042969,0.9861701362289889,0.5206745294349275,5.658742777703745,15.0,1.0
2.448,0.6401157379150391,0.6401157379150391,0.05274772644042969,0.9866859442078679,0.510938882915184,5.656744250867187,15.0,1.0
2.449,0.6404972076416016,0.6404972076416016,0.05274772644042969,0.987192013994819,0.5011981936348775,5.64887256249271,15.0,1.0
2.45,0.6404972076416016,0.6404972076416016,0.03516578674316406,0.9876883405951378,0.4914525577306108,5.664153765290489,15.0,1.0
2.451,0.6404972076416016,0.6404972076416016,0.026372909545898438,0.9881749191102804,0.48170207138815613,5.670494833872441,15.0,1.0
2.452,0.6404972076416016,0.6404972076416016,0.026372909545898438,0.988651744737914,0.4719468308406931,5.6678919777394805,15.0,1.0
2.453,0.6404972076416016,0.6404972076416016,0.017581939697265625,0.9891188127719617,0.46218693236846775,5.673929069626604,15.0,1.0
2.454,0.6404972076416016,0.6404972076416016,0.026372909545898438,0.989576118602651,0.45242247229782606,5.66223322716767,15.0,1.0
2.455,0.6404972076416016,0.6404972076416016,0.008790969848632812,0.9900236577165575,0.44265354700013404,5.676759328275841,15.0,1.0
2.456,0.6404972076416016,0.6404972076416016,0.008790969848632812,0.9904614256966512,0.43288025289058396,5.673552553867696,15.0,1.0
2.457,0.6404972076416016,0.6404972076416016,0.008790969848632812,0.9908894182223386,0.4231026864276828,5.670194875290105,15.0,1.0
2.458,0.6404972076416016,0.6404972076416016,0.008790969848632812,0.9913076310695066,0.41332094411205844,5.666686325682001,15.0,1.0
2.459,0.6404972076416016,0.6404972076416016,0.0,0.9917160601105628,0.4035351224856072,5.671817909520025,15.0,1.0
2.46,0.6404972076416016,0.6404972076416016,0.0,0.9921147013144778,0.3937453181304704,5.668007723223614,15.0,1.0
2.461,0.6404972076416016,0.6404972076416016,0.0,0.9925035507468236,0.38395162766795465,5.664046774246286,15.0,1.0
2.462,0.6404972076416016,0.6404972076416016,0.008790969848632812,0.9928826045698137,0.3741541477578494,5.651144131832399,15.0,1.0
2.463,0.6404972076416016,0.6404972076416016,-0.017581939697265625,0.9932518590423394,0.36435297509740394,5.673254685805737,15.0,1.0
2.464,0.6404972076416016,0.6404972076416016,-0.008790969848632812,0.9936113105200084,0.35454820642013374,5.660050719444869,15.0,1.0
2.465,0.6404972076416016,0.6404972076416016,0.0,0.9939609554551796,0.344739938495195,5.646696155698866,15.0,1.0
2.466,0.6404972076416016,0.6404972076416016,-0.008790969848632812,0.9943007903969989,0.33492826812630483,5.6507729793058985,15.0,1.0
2.467,0.6404972076416016,0.6404972076416016,-0.008790969848632812,0.9946308119914323,0.325113292150661,5.645908327246755,15.0,1.0
2.468,0.6404972076416016,0.6404972076416016,0.0,0.9949510169813002,0.3152951074380326,5.632102247533512,15.0,1.0
2.469,0.6404972076416016,0.6404972076416016,-0.008790969848632812,0.9952614022063083,0.3054738108899073,5.635727699209141,15.0,1.0
2.47,0.6404972076416016,0.6404972076416016,-0.008790969848632812,0.99556196460308,0.2956494994385821,5.630411823709391,15.0,1.0
2.471,0.6404972076416016,0.6404972076416016,-0.017581939697265625,0.9958527012051857,0.2858222700462534,5.63373661319728,15.0,1.0
2.472,0.6404972076416016,0.6404972076416016,-0.017581939697265625,0.9961336091431725,0.27599221970336885,5.628120181924198,15.0,1.0
2.473,0.6404972076416016,0.6404972076416016,-0.026372909545898438,0.9964046856445924,0.26615944542862735,5.631144525019388,15.0,1.0
2.474,0.6404972076416016,0.6404972076416016,-0.026372909545898438,0.9966659280340299,0.2563240442677852,5.625227759700108,15.0,1.0
2.475,0.6404972076416016,0.6404972076416016,-0.026372909545898438,0.996917333733128,0.2464861132920646,5.619160914210859,15.0,1.0
2.476,0.6401157379150391,0.6401157379150391,-0.043956756591796875,0.9971589002606139,0.23664574959781248,5.636249941373232,15.0,1.0
2.477,0.6401157379150391,0.6401157379150391,-0.043956756591796875,0.9973906252323236,0.22680305030564796,5.629883116656712,15.0,1.0
2.478,0.6401157379150391,0.6401157379150391,-0.043956756591796875,0.9976125063612252,0.21695811255887065,5.62336639584346,15.0,1.0
2.479,0.6401157379150391,0.6401157379150391,-0.05274772644042969,0.9978245414574415,0.2071110335231765,5.625490813099643,15.0,1.0
2.48,0.6401157379150391,0.6401157379150391,-0.05274772644042969,0.9980267284282716,0.19726191038512297,5.61867449452404,15.0,1.0
2.481,0.6401157379150391,0.6401157379150391,-0.0615386962890625,0.9982190652782117,0.187410840351788,5.62049944708844,15.0,1.0
2.482,0.6401157379150391,0.6401157379150391,-0.0615386962890625,0.998401550108975,0.17755792064900788,5.61338379984711,15.0,1.0
2.483,0.6397342681884766,0.6397342681884766,-0.0615386962890625,0.9985741811195098,0.16770324852120666,5.611840638775767,15.0,1.0
2.484,0.6397342681884766,0.6397342681884766,-0.07032966613769531,0.9987369566060175,0.1578469212300888,5.613216913630898,15.0,1.0
2.485,0.6397342681884766,0.6397342681884766,-0.0615386962890625,0.9988898749619699,0.14798903605361602,5.596861833945079,15.0,1.0
2.486,0.6397342681884766,0.6397342681884766,-0.0615386962890625,0.9990329346781247,0.13812969028504085,5.589148383918825,15.0,1.0
2.487,0.6397342681884766,0.6397342681884766,-0.0615386962890625,0.9991661343425401,0.12826898123228148,5.581285669832297,15.0,1.0
2.488,0.6397342681884766,0.6397342681884766,-0.07032966613769531,0.9992894726405892,0.11840700621644373,5.582064739135829,15.0,1.0
2.489,0.6393527984619141,0.6393527984619141,-0.07912063598632812,0.9994029483549729,0.10854386257119586,5.588416746953406,15.0,1.0
2.49,0.6393527984619141,0.6393527984619141,-0.0615386962890625,0.9995065603657316,0.0986796476417453,5.562524772488071,15.0,1.0
2.491,0.6393527984619141,0.6393527984619141,-0.08791160583496094,0.9996003076502565,0.08881445878421346,5.580438702444312,15.0,1.0
2.492,0.6393527984619141,0.6393527984619141,-0.08791160583496094,0.9996841892832999,0.0789483933637598,5.5718308615195085,15.0,1.0
2.493,0.6389713287353516,0.6389713287353516,-0.09670257568359375,0.999758204436984,0.06908154875458195,5.577587259962663,15.0,1.0
2.494,0.6389713287353516,0.6389713287353516,-0.09670257568359375,0.999822352380809,0.05921402233821027,5.568681952703665,15.0,1.0
2.495,0.6389713287353516,0.6389713287353516,-0.08791160583496094,0.9998766324816606,0.04934591150356482,5.550837073533161,15.0,1.0
2.496,0.6389713287353516,0.6389713287353516,-0.09670257568359375,0.9999210442038161,0.0394773136446247,5.550425621355187,15.0,1.0
2.497,0.6385898590087891,0.6385898590087891,-0.11428642272949219,0.9999555871089498,0.02960832616048492,5.564380670392389,15.0,1.0
2.498,0.6385898590087891,0.6385898590087891,-0.11428642272949219,0.9999802608561371,0.01973904645416269,5.554881496893875,15.0,1.0
2.499,0.6385898590087891,0.6385898590087891,-0.1318683624267578,0.9999950652018582,0.009869571931460541,5.5628160272542555,15.0,1.0
2.5,0.6382083892822266,0.6382083892822266,-0.11428642272949219,1.0,0.0,5.541160583496094,15.0,1.0
2.501,0.6382083892822266,0.6382083892822266,-0.123077392578125,0.9999950652018582,-0.009869571931460541,5.540007959441139,15.0,1.0
2.5020000000000002,0.6382083892822266,0.6382083892822266,-0.1318683624267578,0.9999802608561371,-0.019739046454219533,5.538707389581196,15.0,1.0
2.503,0.6378269195556641,0.6378269195556641,-0.1318683624267578,0.9999555871089498,-0.02960832616048492,5.534190049565559,15.0,1.0
2.504,0.6378269195556641,0.6378269195556641,-0.14065933227539062,0.9999210442038161,-0.0394773136446247,5.5325938883530466,15.0,1.0
2.505,0.6378269195556641,0.6378269195556641,-0.1758251190185547,0.9998766324816606,-0.04934591150350798,5.557224901404995,15.0,1.0
2.5060000000000002,0.6374454498291016,0.6374454498291016,-0.15824127197265625,0.999822352380809,-0.059214022338267114,5.53468078791,15.0,1.0
2.507,0.6374454498291016,0.6374454498291016,-0.1758251190185547,0.999758204436984,-0.0690815487545251,5.541434889382267,15.0,1.0
2.508,0.6370639801025391,0.6370639801025391,-0.15824127197265625,0.9996841892832999,-0.0789483933637598,5.518596016320309,15.0,1.0
2.509,0.6370639801025391,0.6370639801025391,-0.1758251190185547,0.9996003076502565,-0.08881445878421346,5.5250555734501035,15.0,1.0
2.5100000000000002,0.6366825103759766,0.6366825103759766,-0.1934070587158203,0.9995065603657315,-0.09867964764185899,5.537088160920285,15.0,1.0
2.511,0.6366825103759766,0.6366825103759766,-0.1846160888671875,0.9994029483549729,-0.10854386257113902,5.516878795980993,15.0,1.0
2.512,0.6363010406494141,0.6363010406494141,-0.1758251190185547,0.9992894726405892,-0.11840700621644373,5.502244592669738,15.0,1.0
2.513,0.6363010406494141,0.6363010406494141,-0.1934070587158203,0.9991661343425401,-0.12826898123222463,5.508114482880486,15.0,1.0
2.5140000000000002,0.6359195709228516,0.6359195709228516,-0.20219802856445312,0.9990329346781247,-0.1381296902850977,5.5107687946084525,15.0,1.0
2.515,0.6359195709228516,0.6359195709228516,-0.20219802856445312,0.9988898749619699,-0.14798903605361602,5.4987635530976124,15.0,1.0
2.516,0.6355381011962891,0.6355381011962891,-0.21098899841308594,0.9987369566060175,-0.1578469212300888,5.501124908328923,15.0,1.0
2.517,0.6355381011962891,0.6355381011962891,-0.1758251190185547,0.9985741811195098,-0.16770324852120666,5.453663069345659,15.0,1.0
2.5180000000000002,0.6351566314697266,0.6351566314697266,-0.1934070587158203,0.998401550108975,-0.17755792064900788,5.46452291765554,15.0,1.0
2.519,0.6351566314697266,0.6351566314697266,-0.1846160888671875,0.9982190652782118,-0.187410840351788,5.443141755642678,15.0,1.0
2.52,0.6347751617431641,0.6347751617431641,-0.15824127197265625,0.9980267284282716,-0.19726191038517982,5.409752861864089,15.0,1.0
2.521,0.6347751617431641,0.6347751617431641,-0.16703224182128906,0.9978245414574415,-0.20711103352311966,5.405661904012331,15.0,1.0
2.5220000000000002,0.6347751617431641,0.6347751617431641,-0.16703224182128906,0.9976125063612251,-0.21695811255898434,5.3926342985332205,15.0,1.0
2.523,0.6343936920166016,0.6343936920166016,-0.21977996826171875,0.9973906252323236,-0.22680305030559111,5.437930916191958,15.0,1.0
2.524,0.6340122222900391,0.6340122222900391,-0.20219802856445312,0.9971589002606139,-0.23664574959775564,5.41275244852532,15.0,1.0
2.525,0.6340122222900391,0.6340122222900391,-0.21977996826171875,0.9969173337331281,-0.24648611329200776,5.416870526616046,15.0,1.0
2.5260000000000002,0.6336307525634766,0.6336307525634766,-0.20219802856445312,0.9966659280340299,-0.25632404426784205,5.39140161635491,15.0,1.0
2.527,0.6336307525634766,0.6336307525634766,-0.20219802856445312,0.9964046856445924,-0.26615944542874104,5.377647579352449,15.0,1.0
2.528,0.6332492828369141,0.6332492828369141,-0.1758251190185547,0.9961336091431725,-0.275992219703312,5.343097793909119,15.0,1.0
2.529,0.6332492828369141,0.6332492828369141,-0.1758251190185547,0.9958527012051858,-0.28582227004619654,5.329054124496434,15.0,1.0
2.5300000000000002,0.6328678131103516,0.6328678131103516,-0.1758251190185547,0.99556196460308,-0.2956494994386958,5.320587891970785,15.0,1.0
2.531,0.6328678131103516,0.6328678131103516,-0.16703224182128906,0.9952614022063083,-0.30547381088996417,5.297462267370676,15.0,1.0
2.532,0.6328678131103516,0.6328678131103516,-0.16703224182128906,0.9949510169813002,-0.31529510743797573,5.282985192447542,15.0,1.0
2.533,0.6324863433837891,0.6324863433837891,-0.16703224182128906,0.9946308119914324,-0.3251132921505473,5.274085978785393,15.0,1.0
2.5340000000000003,0.6324863433837891,0.6324863433837891,-0.14945030212402344,0.9943007903969989,-0.3349282681263617,5.24173873919581,15.0,1.0
2.535,0.6321048736572266,0.6321048736572266,-0.15824127197265625,0.9939609554551797,-0.3447399384953087,5.241342560446645,15.0,1.0
2.536,0.6321048736572266,0.6321048736572266,-0.1758251190185547,0.9936113105200084,-0.35454820642013374,5.243873465540148,15.0,1.0
2.537,0.6317234039306641,0.6317234039306641,-0.1758251190185547,0.9932518590423395,-0.3643529750973471,5.234398970596339,15.0,1.0
2.5380000000000003,0.6317234039306641,0.6317234039306641,-0.1846160888671875,0.9928826045698136,-0.3741541477578494,5.227849950696581,15.0,1.0
2.539,0.6313419342041016,0.6313419342041016,-0.20219802856445312,0.9925035507468237,-0.3839516276678978,5.235670649037388,15.0,1.0
2.54,0.6313419342041016,0.6313419342041016,-0.20219802856445312,0.9921147013144779,-0.3937453181304704,5.220044217089628,15.0,1.0
2.541,0.6309604644775391,0.6309604644775391,-0.21098899841308594,0.9917160601105629,-0.4035351224856072,5.218787810422836,15.0,1.0
2.5420000000000003,0.6309604644775391,0.6309604644775391,-0.20219802856445312,0.9913076310695065,-0.4133209441121153,5.194084583331849,15.0,1.0
2.543,0.6305789947509766,0.6305789947509766,-0.1934070587158203,0.9908894182223387,-0.4231026864276828,5.174960724358569,15.0,1.0
2.544,0.6305789947509766,0.6305789947509766,-0.1758251190185547,0.9904614256966512,-0.43288025289058396,5.14118133031309,15.0,1.0
2.545,0.6301975250244141,0.6301975250244141,-0.21977996826171875,0.9900236577165576,-0.44265354700002035,5.174518411643852,15.0,1.0
2.5460000000000003,0.6301975250244141,0.6301975250244141,-0.22857093811035156,0.9895761186026509,-0.4524224722978829,5.166827369486022,15.0,1.0
2.547,0.6298160552978516,0.6298160552978516,-0.22857093811035156,0.9891188127719619,-0.4621869323684109,5.1559253678535955,15.0,1.0
2.548,0.6294345855712891,0.6294345855712891,-0.23736190795898438,0.9886517447379142,-0.4719468308406931,5.153672464617668,15.0,1.0
2.549,0.6294345855712891,0.6294345855712891,-0.24615478515625,0.9881749191102807,-0.48170207138815613,5.145557716852968,15.0,1.0
2.5500000000000003,0.6290531158447266,0.6290531158447266,-0.24615478515625,0.9876883405951377,-0.49145255773066765,5.134230598681749,15.0,1.0
2.551,0.6286716461181641,0.6286716461181641,-0.23736190795898438,0.9871920139948192,-0.5011981936348775,5.113969232473933,15.0,1.0
2.552,0.6286716461181641,0.6286716461181641,-0.27252769470214844,0.986685944207868,-0.5109388829152408,5.131803283132467,15.0,1.0
2.553,0.6282901763916016,0.6282901763916016,-0.2549457550048828,0.9861701362289889,-0.5206745294349275,5.102470623130765,15.0,1.0
2.5540000000000003,0.6279087066650391,0.6279087066650391,-0.2637367248535156,0.985644595148998,-0.5304050371073572,5.099370015005543,15.0,1.0
2.555,0.6279087066650391,0.6279087066650391,-0.2989006042480469,0.985109326154774,-0.5401303098963695,5.116779586697701,15.0,1.0
2.556,0.6275272369384766,0.6275272369384766,-0.2989006042480469,0.9845643345292054,-0.5498502518170767,5.104606816291904,15.0,1.0
2.557,0.6271457672119141,0.6271457672119141,-0.29010963439941406,0.9840096256511399,-0.5595647669378536,5.083502744049948,15.0,1.0
2.5580000000000003,0.6267642974853516,0.6267642974853516,-0.28131866455078125,0.9834452049953295,-0.569273759380394,5.062258517820056,15.0,1.0
2.559,0.6267642974853516,0.6267642974853516,-0.28131866455078125,0.9828710781323791,-0.5789771333205067,5.043943240935687,15.0,1.0
2.56,0.6263828277587891,0.6263828277587891,-0.2637367248535156,0.9822872507286886,-0.5886747929902185,5.01362827641179,15.0,1.0
2.561,0.6260013580322266,0.6260013580322266,-0.3164844512939453,0.9816937285463988,-0.5983666426773198,5.053503366329209,15.0,1.0
2.562,0.6256198883056641,0.6256198883056641,-0.33406639099121094,0.9810905174433341,-0.6080525867271263,5.058073241329135,15.0,1.0
2.563,0.6252384185791016,0.6252384185791016,-0.3164844512939453,0.9804776233729444,-0.6177325295435594,5.027339993658028,15.0,1.0
2.564,0.6252384185791016,0.6252384185791016,-0.29010963439941406,0.979855052384247,-0.6274063755893735,4.981952765887222,15.0,1.0
2.565,0.6248569488525391,0.6248569488525391,-0.27252769470214844,0.9792228106217659,-0.6370740293874633,4.950941591853087,15.0,1.0
2.566,0.6244754791259766,0.6244754791259766,-0.2637367248535156,0.9785809043254723,-0.6467353955220574,4.928582707323894,15.0,1.0
2.567,0.6244754791259766,0.6244754791259766,-0.24615478515625,0.9779293398307216,-0.6563903786394008,4.891572317088025,15.0,1.0
2.568,0.6240940093994141,0.6240940093994141,-0.2549457550048828,0.9772681235681934,-0.6660388834486639,4.886518584087908,15.0,1.0
2.569,0.6237125396728516,0.6237125396728516,-0.24615478515625,0.9765972620638245,-0.6756808147228526,4.863744806297991,15.0,1.0
2.57,0.6237125396728516,0.6237125396728516,-0.27252769470214844,0.9759167619387478,-0.6853160773004561,4.870274951390136,15.0,1.0
2.571,0.6233310699462891,0.6233310699462891,-0.27252769470214844,0.9752266299092234,-0.69494457608522,4.856016518060943,15.0,1.0
2.572,0.6229496002197266,0.6229496002197266,-0.28131866455078125,0.9745268727865772,-0.704566216047283,4.850411537006258,15.0,1.0
2.573,0.6225681304931641,0.6225681304931641,-0.2989006042480469,0.973817497477129,-0.7141809022253369,4.8534602067821835,15.0,1.0
2.574,0.6225681304931641,0.6225681304931641,-0.28131866455078125,0.9730985109821267,-0.7237885397262289,4.815485832158992,15.0,1.0
2.575,0.6221866607666016,0.6221866607666016,-0.28131866455078125,0.9723699203976763,-0.7333890337262119,4.8006785252906905,15.0,1.0
2.576,0.6218051910400391,0.6218051910400391,-0.3076915740966797,0.9716317329146742,-0.7429822894725362,4.8121074127436705,15.0,1.0
2.577,0.6214237213134766,0.6214237213134766,-0.34285736083984375,0.9708839558187313,-0.7525682122840749,4.83219266613459,15.0,1.0
2.578,0.6210422515869141,0.6210422515869141,-0.34285736083984375,0.9701265964901061,-0.7621467075509258,4.816975826836799,15.0,1.0
2.579,0.6206607818603516,0.6206607818603516,-0.33406639099121094,0.9693596624036293,-0.7717176807374813,4.792831918402895,15.0,1.0
2.58,0.6202793121337891,0.6202793121337891,-0.378021240234375,0.9685831611286311,-0.781281037381973,4.821297937775032,15.0,1.0
2.581,0.6198978424072266,0.6198978424072266,-0.3604393005371094,0.9677971003288655,-0.790836683098064,4.788091486263629,15.0,1.0
2.582,0.6195163726806641,0.6195163726806641,-0.41318702697753906,0.9670014877624351,-0.8003845235751328,4.825079229628972,15.0,1.0
2.583,0.6191349029541016,0.6191349029541016,-0.4219779968261719,0.9661963312817149,-0.8099244645804333,4.817974957159938,15.0,1.0
2.584,0.6187534332275391,0.6187534332275391,-0.4219779968261719,0.9653816388332741,-0.8194564119584129,4.801944668953785,15.0,1.0
2.585,0.6183719635009766,0.6183719635009766,-0.378021240234375,0.9645574184577983,-0.8289802716320764,4.741822792954625,15.0,1.0
2.586,0.6179904937744141,0.6179904937744141,-0.35164833068847656,0.96372367829001,-0.8384959496052602,4.699150148817156,15.0,1.0
2.587,0.6176090240478516,0.6176090240478516,-0.378021240234375,0.9628804265585875,-0.8480033519620633,4.709088925933351,15.0,1.0
2.588,0.6172275543212891,0.6172275543212891,-0.39560508728027344,0.9620276715860858,-0.8575023848678711,4.710104461384354,15.0,1.0
2.589,0.6168460845947266,0.6168460845947266,-0.3692302703857422,0.9611654217888519,-0.8669929545714581,4.667027373726164,15.0,1.0
2.59,0.6164646148681641,0.6164646148681641,-0.33406639099121094,0.9602936856769431,-0.8764749674044197,4.6150274857184765,15.0,1.0
2.591,0.6160831451416016,0.6160831451416016,-0.3076915740966797,0.9594124718540429,-0.8859483297834458,4.571683144999854,15.0,1.0
2.592,0.6160831451416016,0.6160831451416016,-0.2989006042480469,0.9585217890173761,-0.8954129482102644,4.5400673141744,15.0,1.0
2.593,0.6157016754150391,0.6157016754150391,-0.28131866455078125,0.9576216459576224,-0.9048687292727209,4.5052494934168115,15.0,1.0
2.594,0.6153202056884766,0.6153202056884766,-0.2989006042480469,0.9567120515588308,-0.9143155796461429,4.505462712657217,15.0,1.0
2.595,0.6149387359619141,0.6149387359619141,-0.3164844512939453,0.9557930147983299,-0.9237534060938515,4.505545227746332,15.0,1.0
2.596,0.6145572662353516,0.6145572662353516,-0.3252754211425781,0.9548645447466428,-0.9331821154682984,4.496702483343649,15.0,1.0
2.597,0.6145572662353516,0.6145572662353516,-0.35164833068847656,0.9539266505673935,-0.9426016147121459,4.499587480956959,15.0,1.0
2.598,0.6141757965087891,0.6141757965087891,-0.3252754211425781,0.9529793415172187,-0.9520118108582665,4.455316785410757,15.0,1.0
2.599,0.6137943267822266,0.6137943267822266,-0.33406639099121094,0.9520226269456766,-0.9614126110324719,4.44607828241049,15.0,1.0
2.6,0.6134128570556641,0.6134128570556641,-0.40439605712890625,0.9510565162951536,-0.9708039224524896,4.49824702326876,15.0,1.0
2.601,0.6130313873291016,0.6130313873291016,-0.4395599365234375,0.9500810191007719,-0.9801856524295545,4.515118760668939,15.0,1.0
2.602,0.6126499176025391,0.6126499176025391,-0.4395599365234375,0.9490961449902948,-0.9895577083700005,4.496695638969774,15.0,1.0
2.603,0.6118869781494141,0.6118869781494141,-0.4835166931152344,0.9481019036840317,-0.9989199977753742,4.527820578359124,15.0,1.0
2.604,0.6115055084228516,0.6115055084228516,-0.5098896026611328,0.947098304994744,-1.0082724282433446,4.535509122996175,15.0,1.0
2.605,0.6107425689697266,0.6107425689697266,-0.5450553894042969,0.9460853588275452,-1.017614907469465,4.557582329802111,15.0,1.0
2.606,0.6103610992431641,0.6103610992431641,-0.5626373291015625,0.9450630751798054,-1.0269473432476843,4.556219624903497,15.0,1.0
2.607,0.6099796295166016,0.6099796295166016,-0.5274734497070312,0.9440314641410497,-1.0362696434702912,4.501981325603461,15.0,1.0
2.608,0.6092166900634766,0.6092166900634766,-0.5186805725097656,0.9429905358928645,-1.0455817161295613,4.479706543821024,15.0,1.0
2.609,0.6088352203369141,0.6088352203369141,-0.5010986328125,0.9419403007087908,-1.0548834693195204,4.44279136907113,15.0,1.0
2.61,0.6084537506103516,0.6084537506103516,-0.46593475341796875,0.9408807689542257,-1.0641748112355458,4.388165217340535,15.0,1.0
2.611,0.6080722808837891,0.6080722808837891,-0.41318702697753906,0.9398119510863193,-1.0734556501755037,4.315826429839989,15.0,1.0
2.612,0.6076908111572266,0.6076908111572266,-0.3868141174316406,0.9387338576538744,-1.0827258945417952,4.269733920339563,15.0,1.0
2.613,0.6073093414306641,0.6073093414306641,-0.3692302703857422,0.937646499297236,-1.0919854528409019,4.2323021855434195,15.0,1.0
2.614,0.6069278717041016,0.6069278717041016,-0.39560508728027344,0.9365498867481928,-1.101234233684238,4.238701079257405,15.0,1.0
2.615,0.6061649322509766,0.6061649322509766,-0.4219779968261719,0.9354440308298673,-1.110472145790311,4.250692329719222,15.0,1.0
2.616,0.6057834625244141,0.6057834625244141,-0.4307689666748047,0.934328942456612,-1.1196990979844372,4.239252067673337,15.0,1.0
2.617,0.6054019927978516,0.6054019927978516,-0.41318702697753906,0.9332046326338986,-1.1289149992005605,4.201311625317684,15.0,1.0
2.618,0.6050205230712891,0.6050205230712891,-0.46593475341796875,0.9320711124582111,-1.1381197584812526,4.233573835740546,15.0,1.0
2.619,0.6046390533447266,0.6046390533447266,-0.5098896026611328,0.9309283931169359,-1.1473132849796457,4.2569164142646265,15.0,1.0
2.62,0.6038761138916016,0.6038761138916016,-0.5450553894042969,0.9297764858882517,-1.156495487959262,4.277065481394787,15.0,1.0
2.621,0.6034946441650391,0.6034946441650391,-0.5714282989501953,0.9286154021410177,-1.1656662767951502,4.282573391794724,15.0,1.0
2.622,0.6027317047119141,0.6027317047119141,-0.6593399047851562,0.9274451533346617,-1.174825560975421,4.35521607315095,15.0,1.0
2.623,0.6019687652587891,0.6019687652587891,-0.6857147216796875,0.9262657510190665,-1.183973250101758,4.366196257982091,15.0,1.0
2.624,0.6015872955322266,0.6015872955322266,-0.6065940856933594,0.9250772068344579,-1.1931092538899861,4.265833501336844,15.0,1.0
2.625,0.6008243560791016,0.6008243560791016,-0.6329669952392578,0.9238795325112867,-1.202233482171664,4.276561159550371,15.0,1.0
2.626,0.6000614166259766,0.6000614166259766,-0.5890102386474609,0.9226727398701149,-1.2113458448939127,4.216834242415623,15.0,1.0
2.6270000000000002,0.5996799468994141,0.5996799468994141,-0.5010986328125,0.9214568408214986,-1.2204462521220876,4.10730578952168,15.0,1.0
2.628,0.5992984771728516,0.5992984771728516,-0.4483509063720703,0.9202318473658705,-1.2295346140385846,4.03281684522877,15.0,1.0
2.629,0.5989170074462891,0.5989170074462891,-0.4219779968261719,0.9189977715934217,-1.2386108409446024,3.984578618088559,15.0,1.0
2.63,0.5985355377197266,0.5985355377197266,-0.4395599365234375,0.9177546256839815,-1.247674843261791,3.98017141272547,15.0,1.0
2.6310000000000002,0.5981540679931641,0.5981540679931641,-0.4483509063720703,0.9165024219068977,-1.2567265315319673,3.9668496835461076,15.0,1.0
2.632,0.5973911285400391,0.5973911285400391,-0.4483509063720703,0.9152411726209173,-1.2657658164184227,3.950335751166821,15.0,1.0
2.633,0.5970096588134766,0.5970096588134766,-0.4483509063720703,0.9139708902740611,-1.2747926087074006,3.927976769573437,15.0,1.0
2.634,0.5966281890869141,0.5966281890869141,-0.5274734497070312,0.9126915874035028,-1.283806819307756,3.984617605148106,15.0,1.0
2.6350000000000002,0.5958652496337891,0.5958652496337891,-0.5714282989501953,0.9114032766354453,-1.2928083592533994,4.011690344721639,15.0,1.0
2.636,0.5954837799072266,0.5954837799072266,-0.5890102386474609,0.9101059706849958,-1.3017971397026713,4.006545960611327,15.0,1.0
2.637,0.5947208404541016,0.5947208404541016,-0.6769237518310547,0.9087996823560403,-1.3107730719394226,4.077333308420712,15.0,1.0
2.638,0.5939579010009766,0.5939579010009766,-0.7648353576660156,0.9074844245411172,-1.3197360673751746,4.147997143392951,15.0,1.0
2.6390000000000002,0.5931940078735352,0.5931940078735352,-0.74725341796875,0.9061602102212895,-1.3286860375488345,4.11306041563623,15.0,1.0
2.64,0.5924310684204102,0.5924310684204102,-0.7384624481201172,0.9048270524660192,-1.3376228941276054,4.086779314676648,15.0,1.0
2.641,0.5916681289672852,0.5916681289672852,-0.6769237518310547,0.9034849644330346,-1.3465465489081225,4.007629734909174,15.0,1.0
2.642,0.5912866592407227,0.5912866592407227,-0.5890102386474609,0.9021339593682034,-1.3554569138181023,3.8962628267415695,15.0,1.0
2.6430000000000002,0.5905237197875977,0.5905237197875977,-0.5186805725097656,0.9007740506053981,-1.3643539009160008,3.8080816338607706,15.0,1.0
2.644,0.5901422500610352,0.5901422500610352,-0.5186805725097656,0.8994052515663711,-1.3732374223912984,3.784388172698506,15.0,1.0
2.645,0.5897607803344727,0.5897607803344727,-0.5450553894042969,0.8980275757606158,-1.3821073905676258,3.7869499302288174,15.0,1.0
2.646,0.5889978408813477,0.5889978408813477,-0.5186805725097656,0.8966410367852361,-1.390963717902082,3.7423647931660105,15.0,1.0
2.6470000000000002,0.5886163711547852,0.5886163711547852,-0.5626373291015625,0.8952456483248111,-1.3998063169862007,3.7622701696657517,15.0,1.0
2.648,0.5878534317016602,0.5878534317016602,-0.6329669952392578,0.8938414241512633,-1.4086351005465758,3.8141517814367294,15.0,1.0
2.649,0.5870904922485352,0.5870904922485352,-0.6681327819824219,0.8924283781237183,-1.4174499814475894,3.8307510886625806,15.0,1.0
2.65,0.5863275527954102,0.5863275527954102,-0.74725341796875,0.8910065241883685,-1.4262508726900478,3.891187116173077,15.0,1.0
2.6510000000000002,0.5855646133422852,0.5855646133422852,-0.8615379333496094,0.8895758763783378,-1.4350376874118638,3.9866691914785353,15.0,1.0
2.652,0.5848016738891602,0.5848016738891602,-0.8439559936523438,0.8881364488135445,-1.4438103388907848,3.9501672786273234,15.0,1.0
2.653,0.5840387344360352,0.5840387344360352,-0.8527469635009766,0.8866882557005565,-1.4525687405447343,3.9399210419240633,15.0,1.0
2.654,0.5832757949829102,0.5832757949829102,-0.7120876312255859,0.8852313113324554,-1.461312805931243,3.7801075705375213,15.0,1.0
2.6550000000000002,0.5825128555297852,0.5825128555297852,-0.6065940856933594,0.8837656300886936,-1.4700424487507462,3.6553432553262395,15.0,1.0
2.656,0.5821313858032227,0.5821313858032227,-0.5626373291015625,0.8822912264349536,-1.4787575828449349,3.5862773557325918,15.0,1.0
2.657,0.5813684463500977,0.5813684463500977,-0.5714282989501953,0.880808114923004,-1.487458122198575,3.5755652053452156,15.0,1.0
2.658,0.5809869766235352,0.5809869766235352,-0.5714282989501953,0.8793163101905568,-1.4961439809411559,3.5502243215143636,15.0,1.0
2.6590000000000003,0.5802240371704102,0.5802240371704102,-0.5626373291015625,0.8778158269611214,-1.504815073346549,3.521699102615681,15.0,1.0
2.66,0.5798425674438477,0.5798425674438477,-0.6417579650878906,0.8763066800438634,-1.5134713138344864,3.5752483402536397,15.0,1.0
2.661,0.5790796279907227,0.5790796279907227,-0.6945056915283203,0.8747888843334527,-1.5221126169717536,3.6080319196975177,15.0,1.0
2.662,0.5783166885375977,0.5783166885375977,-0.7824172973632812,0.8732624548099202,-1.5307388974716787,3.6758648939764402,15.0,1.0
2.6630000000000003,0.5771722793579102,0.5771722793579102,-0.9758243560791016,0.871727406538509,-1.5393500701969174,3.8548011935911664,15.0,1.0
2.664,0.5764093399047852,0.5764093399047852,-0.9318675994873047,0.8701837546695259,-1.5479460501588846,3.7905377707995314,15.0,1.0
2.665,0.5752649307250977,0.5752649307250977,-0.9230766296386719,0.8686315144381915,-1.5565267525178683,3.767048632817212,15.0,1.0
2.666,0.5745019912719727,0.5745019912719727,-0.7648353576660156,0.8670707011644905,-1.5650920925862692,3.588273913467514,15.0,1.0
2.6670000000000003,0.5737390518188477,0.5737390518188477,-0.6769237518310547,0.8655013302530186,-1.573641985827578,3.47971594251604,15.0,1.0
2.668,0.5733575820922852,0.5733575820922852,-0.6593399047851562,0.863923417192835,-1.582176347857569,3.435651083435836,15.0,1.0
2.669,0.5725946426391602,0.5725946426391602,-0.6417579650878906,0.8623369775573038,-1.5906950944458913,3.3971978944141537,15.0,1.0
2.67,0.5718317031860352,0.5718317031860352,-0.6329669952392578,0.8607420270039435,-1.5991981415154441,3.3674237109924396,15.0,1.0
2.6710000000000003,0.5714502334594727,0.5714502334594727,-0.7296695709228516,0.8591385812742723,-1.6076854051454461,3.437309382999401,15.0,1.0
2.672,0.5703058242797852,0.5703058242797852,-0.7824172973632812,0.8575266561936523,-1.6161568015697299,3.4745729745015588,15.0,1.0
2.673,0.5695428848266602,0.5695428848266602,-0.8967037200927734,0.8559062676711332,-1.624612247178618,3.567542215581251,15.0,1.0
2.674,0.5683984756469727,0.5683984756469727,-1.0197811126708984,0.8542774316992955,-1.6330516585205714,3.6749137949351693,15.0,1.0
2.6750000000000003,0.5676355361938477,0.5676355361938477,-0.9758243560791016,0.8526401643540917,-1.6414749523018486,3.6094188261809137,15.0,1.0
2.676,0.5664911270141602,0.5664911270141602,-0.9318675994873047,0.8509944817946914,-1.6498820453879262,3.549535875807347,15.0,1.0
2.677,0.5657281875610352,0.5657281875610352,-0.7648353576660156,0.8493404002633163,-1.6582728548038972,3.3607456933963347,15.0,1.0
2.678,0.5653467178344727,0.5653467178344727,-0.7120876312255859,0.8476779360850839,-1.6666472977369153,3.280408607247839,15.0,1.0
2.6790000000000003,0.5645837783813477,0.5645837783813477,-0.7032966613769531,0.8460071056678421,-1.6750052915342621,3.249641279140108,15.0,1.0
2.68,0.5638208389282227,0.5638208389282227,-0.6417579650878906,0.8443279255020151,-1.6833467537051092,3.1660175099896675,15.0,1.0
2.681,0.5630578994750977,0.5630578994750977,-0.7736263275146484,0.8426404121604323,-1.6916716019230762,3.2756924158715917,15.0,1.0
2.682,0.5622949600219727,0.5622949600219727,-0.8087921142578125,0.8409445822981693,-1.6999797540254349,3.288556694375327,15.0,1.0
2.6830000000000003,0.5611505508422852,0.5611505508422852,-0.9494514465332031,0.839240452652381,-1.708271128013962,3.4125288456706793,15.0,1.0
2.684,0.5603876113891602,0.5603876113891602,-1.1076927185058594,0.8375280400421411,-1.71654564205528,3.5482535062452936,15.0,1.0
2.685,0.5592432022094727,0.5592432022094727,-1.0461540222167969,0.8358073613682708,-1.7248032144848366,3.4698131951139324,15.0,1.0
2.686,0.5580987930297852,0.5580987930297852,-0.9582424163818359,0.8340784336131718,-1.7330437638036642,3.3648932613289713,15.0,1.0
2.6870000000000003,0.5573358535766602,0.5573358535766602,-0.7999992370605469,0.8323412738406631,-1.741267208679517,3.1838133323410744,15.0,1.0
2.688,0.5565729141235352,0.5565729141235352,-0.7736263275146484,0.8305958991958126,-1.7494734679508497,3.1344976356479597,15.0,1.0
2.689,0.5558099746704102,0.5558099746704102,-0.74725341796875,0.8288423269047619,-1.757662460625511,3.0850762408585153,15.0,1.0
2.69,0.5550470352172852,0.5550470352172852,-0.7736263275146484,0.8270805742745619,-1.765834105881197,3.0882953074926034,15.0,1.0
2.691,0.5542840957641602,0.5542840957641602,-0.8439559936523438,0.8253106586929998,-1.7739883230668738,3.1353661145180647,15.0,1.0
2.692,0.5531396865844727,0.5531396865844727,-0.9054946899414062,0.8235325976284278,-1.7821250317043678,3.1792633238963655,15.0,1.0
2.693,0.5523767471313477,0.5523767471313477,-1.0989017486572266,0.8217464086295907,-1.7902441514876841,3.349202519643188,15.0,1.0
2.694,0.5512323379516602,0.5512323379516602,-1.0813179016113281,0.8199521093254528,-1.7983456022835185,3.3137688699347,15.0,1.0
2.695,0.5500879287719727,0.5500879287719727,-1.0197811126708984,0.8181497174250241,-1.8064293041343262,3.234278638332343,15.0,1.0
2.696,0.5493249893188477,0.5493249893188477,-0.8263740539550781,0.8163392507171837,-1.8144951772572426,3.017092797672876,15.0,1.0
2.697,0.5485620498657227,0.5485620498657227,-0.7736263275146484,0.8145207270705093,-1.822543142045106,2.9404633435413414,15.0,1.0
2.698,0.5477991104125977,0.5477991104125977,-0.7824172973632812,0.812694164433094,-1.8305731190681058,2.92526998860262,15.0,1.0
2.699,0.5470361709594727,0.5470361709594727,-0.74725341796875,0.8108595808323735,-1.8385850290729309,2.866019536989332,15.0,1.0
2.7,0.5462732315063477,0.5462732315063477,-0.8703289031982422,0.8090169943749477,-1.8465787929862927,2.96490655324095,15.0,1.0
2.701,0.5451288223266602,0.5451288223266602,-0.9230766296386719,0.8071664232464005,-1.8545543319128797,2.9990863115218978,15.0,1.0
2.702,0.5439844131469727,0.5439844131469727,-1.125274658203125,0.8053078857111223,-1.86251156713638,3.18261517952899,15.0,1.0
2.703,0.5428400039672852,0.5428400039672852,-1.1340656280517578,0.8034414001121282,-1.870450420122836,3.172636150101567,15.0,1.0
2.704,0.5416955947875977,0.5416955947875977,-1.1340656280517578,0.8015669848708762,-1.8783708125187673,3.1537656667821685,15.0,1.0
2.705,0.5409326553344727,0.5409326553344727,-0.9054946899414062,0.7996846584870902,-1.8862726661528768,2.9005020710777933,15.0,1.0
2.706,0.5397882461547852,0.5397882461547852,-0.8879127502441406,0.7977944395385709,-1.894155903037415,2.863849747963511,15.0,1.0
2.707,0.5390253067016602,0.5390253067016602,-0.8527469635009766,0.7958963466810158,-1.9020204453674978,2.803792117823814,15.0,1.0
2.708,0.5382623672485352,0.5382623672485352,-0.9582424163818359,0.7939903986478354,-1.9098662155241186,2.8842966718472205,15.0,1.0
2.709,0.5371179580688477,0.5371179580688477,-1.0109882354736328,0.7920766142499672,-1.9176931360725575,2.917674942117869,15.0,1.0
2.71,0.5359735488891602,0.5359735488891602,-1.2043952941894531,0.7901550123756906,-1.9255011297635747,3.0916161167238356,15.0,1.0
2.711,0.5348291397094727,0.5348291397094727,-1.24835205078125,0.7882256119904405,-1.9332901195358545,3.1160090154599134,15.0,1.0
2.712,0.5336847305297852,0.5336847305297852,-1.2043952941894531,0.7862884321366184,-1.94106002851521,3.0523907897767413,15.0,1.0
2.713,0.5325403213500977,0.5325403213500977,-0.9318675994873047,0.7843434919334097,-1.9488107800149237,2.7601043782220613,15.0,1.0
2.714,0.5317773818969727,0.5317773818969727,-0.8791217803955078,0.7823908105765889,-1.9565422975397269,2.6817809130500243,15.0,1.0
2.715,0.5310134887695312,0.5310134887695312,-0.8527469635009766,0.7804304073383307,-1.9642545047825593,2.629746237250409,15.0,1.0
2.716,0.5298690795898438,0.5298690795898438,-0.9406585693359375,0.7784623015670233,-1.9719473256258198,2.697609573367812,15.0,1.0
2.717,0.5287246704101562,0.5287246704101562,-1.0461540222167969,0.7764865126870787,-1.9796206841448338,2.7829609722257995,15.0,1.0
2.718,0.5275802612304688,0.5275802612304688,-1.2395610809326172,0.774503060198734,-1.9872745046071714,2.956128560849425,15.0,1.0
2.719,0.5264358520507812,0.5264358520507812,-1.336263656616211,0.7725119636778648,-1.9949087114724762,3.032496619549988,15.0,1.0
2.72,0.5252914428710938,0.5252914428710938,-1.2571430206298828,0.7705132427757886,-2.0025232293936597,2.9329467898066457,15.0,1.0
2.721,0.5241470336914062,0.5241470336914062,-0.9758243560791016,0.7685069172190772,-2.0101179832192315,2.6311046257749338,15.0,1.0
2.722,0.5230026245117188,0.5230026245117188,-0.9582424163818359,0.7664930068093505,-2.0176928979925606,2.5929052528537517,15.0,1.0
2.723,0.5222396850585938,0.5222396850585938,-0.8967037200927734,0.7644715314230924,-2.025247898951193,2.5049335166090607,15.0,1.0
2.724,0.5210952758789062,0.5210952758789062,-1.037363052368164,0.7624425110114477,-2.032782911530603,2.6247886678256824,15.0,1.0
2.725,0.5199508666992188,0.5199508666992188,-1.125274658203125,0.7604059656000308,-2.040297861363115,2.6918032803521914,15.0,1.0
2.726,0.5188064575195312,0.5188064575195312,-1.3538455963134766,0.7583619152887219,-2.047792674279549,2.899384788571787,15.0,1.0
2.727,0.5172805786132812,0.5172805786132812,-1.3098907470703125,0.7563103802514721,-2.055267276308598,2.8400704953345777,15.0,1.0
2.728,0.5161361694335938,0.5161361694335938,-1.1076927185058594,0.7542513807361041,-2.062721593679953,2.6166992943635616,15.0,1.0
2.729,0.5153732299804688,0.5153732299804688,-0.9582424163818359,0.7521849370641118,-2.0701555528222,2.440262469814282,15.0,1.0
2.73,0.5142288208007812,0.5142288208007812,-0.9406585693359375,0.7501110696304601,-2.077569080364583,2.401323221416538,15.0,1.0
2.731,0.5134658813476562,0.5134658813476562,-0.9670333862304688,0.7480297989033832,-2.0849621031389347,2.4005300464274377,15.0,1.0
2.732,0.5123214721679688,0.5123214721679688,-1.0813179016113281,0.7459411454241818,-2.0923345481789966,2.493278452275527,15.0,1.0
2.733,0.5107955932617188,0.5107955932617188,-1.3450546264648438,0.7438451298070249,-2.0996863427215544,2.7411113319228813,15.0,1.0
2.734,0.5096511840820312,0.5096511840820312,-1.4681320190429688,0.7417417727387391,-2.1070174142077462,2.8424734346858402,15.0,1.0
2.735,0.5081253051757812,0.5081253051757812,-1.3450546264648438,0.7396310949786098,-2.114327690282323,2.7033137832249485,15.0,1.0
2.736,0.5069808959960938,0.5069808959960938,-1.0813179016113281,0.737513117358174,-2.121617098796662,2.4176841232458703,15.0,1.0
2.737,0.5062179565429688,0.5062179565429688,-1.0197811126708984,0.7353878607810161,-2.1288855678070036,2.328444108434606,15.0,1.0
2.738,0.5050735473632812,0.5050735473632812,-1.037363052368164,0.7332553462225605,-2.1361330255759867,2.323957009681366,15.0,1.0
2.739,0.5039291381835938,0.5039291381835938,-1.1868133544921875,0.7311155947298646,-2.143359400574468,2.451250802111783,15.0,1.0
2.74,0.5024032592773438,0.5024032592773438,-1.4945049285888672,0.728968627421411,-2.150564621480896,2.74242082926898,15.0,1.0
2.741,0.5008773803710938,0.5008773803710938,-1.5208797454833984,0.7268144654869024,-2.1577486171825058,2.752187405038023,15.0,1.0
2.742,0.49973297119140625,0.49973297119140625,-1.2747249603271484,0.7246531301870465,-2.1649113167766245,2.483616028485127,15.0,1.0
2.743,0.49858856201171875,0.49858856201171875,-1.0725269317626953,0.7224846428533497,-2.1720526495695367,2.2589154948176224,15.0,1.0
2.744,0.49744415283203125,0.49744415283203125,-1.002197265625,0.7203090248879069,-2.179172545080064,2.165997801383071,15.0,1.0
2.745,0.49629974365234375,0.49629974365234375,-1.125274658203125,0.718126297763189,-2.1862709330379744,2.26640203682783,15.0,1.0
2.746,0.49515533447265625,0.49515533447265625,-1.2835159301757812,0.7159364830218314,-2.1933477433838675,2.4018854150295414,15.0,1.0
2.747,0.49362945556640625,0.49362945556640625,-1.582418441772461,0.7137396022764217,-2.200402906273098,2.6836677361495953,15.0,1.0
2.748,0.49210357666015625,0.49210357666015625,-1.5208797454833984,0.7115356772092847,-2.207436352074012,2.6049249016463127,15.0,1.0
2.749,0.49095916748046875,0.49095916748046875,-1.1956043243408203,0.7093247295722733,-2.214448011368404,2.256639744349485,15.0,1.0
2.75,0.48981475830078125,0.48981475830078125,-1.1516475677490234,0.7071067811865483,-2.2214378149556637,2.189590096079866,15.0,1.0
2.751,0.48867034912109375,0.48867034912109375,-1.125274658203125,0.7048818539423625,-2.228405693849311,2.140041536672845,15.0,1.0
2.7520000000000002,0.48714447021484375,0.48714447021484375,-1.3098907470703125,0.7026499697988491,-2.2353515792778467,2.3071216615525456,15.0,1.0
2.753,0.48561859130859375,0.48561859130859375,-1.5120887756347656,0.7004111507838063,-2.2422754026883354,2.491701765074619,15.0,1.0
2.754,0.48409271240234375,0.48409271240234375,-1.5560436248779297,0.6981654189934728,-2.24917709574612,2.5179571279987463,15.0,1.0
2.755,0.48294830322265625,0.48294830322265625,-1.2747249603271484,0.6959127965923146,-2.256056590334026,2.213135770537998,15.0,1.0
2.7560000000000002,0.48180389404296875,0.48180389404296875,-1.1164836883544922,0.6936533058128042,-2.2629138185535567,2.0313110463484665,15.0,1.0
2.757,0.48065948486328125,0.48065948486328125,-1.0549449920654297,0.691386968955207,-2.2697487127277327,1.9461085407165832,15.0,1.0
2.758,0.47951507568359375,0.47951507568359375,-1.2219772338867188,0.6891138083873493,-2.2765612053992186,2.0893970190438327,15.0,1.0
2.759,0.47798919677734375,0.47798919677734375,-1.4681320190429688,0.6868338465444092,-2.283351229330151,2.3174505362187987,15.0,1.0
2.7600000000000002,0.47646331787109375,0.47646331787109375,-1.661539077758789,0.6845471059286884,-2.290118717506175,2.492677181116534,15.0,1.0
2.761,0.47493743896484375,0.47493743896484375,-1.4769229888916016,0.6822536091093963,-2.2968636031348524,2.289801937925037,15.0,1.0
2.762,0.47379302978515625,0.47379302978515625,-1.2043952941894531,0.6799533787224192,-2.3035858196471395,1.9932147086012586,15.0,1.0
2.763,0.47264862060546875,0.47264862060546875,-1.1428565979003906,0.6776464374701024,-2.3102853006970463,1.9075385501728497,15.0,1.0
2.7640000000000002,0.47112274169921875,0.47112274169921875,-1.3538455963134766,0.6753328081210247,-2.3169619801641375,2.100034612476428,15.0,1.0
2.765,0.46959686279296875,0.46959686279296875,-1.4769229888916016,0.6730125135097738,-2.3236157921522818,2.204541957491395,15.0,1.0
2.766,0.46807003021240234,0.46807003021240234,-1.6527481079101562,0.6706855765367207,-2.3302466709902205,2.3617346317847105,15.0,1.0
2.767,0.46654415130615234,0.46654415130615234,-1.4681320190429688,0.6683520201677938,-2.33685455123441,2.158395500733181,15.0,1.0
2.7680000000000002,0.46539974212646484,0.46539974212646484,-1.2043952941894531,0.6660118674342512,-2.3434393676675427,1.8701378061387062,15.0,1.0
2.769,0.46425533294677734,0.46425533294677734,-1.160440444946289,0.6636651414324582,-2.3500010553000266,1.8015865169314762,15.0,1.0
2.77,0.46311092376708984,0.46311092376708984,-1.3274726867675781,0.6613118653236517,-2.3565395493709502,1.9439472607450559,15.0,1.0
2.771,0.46120357513427734,0.46120357513427734,-1.5296707153320312,0.658952062333717,-2.363054785347231,2.1328432379763944,15.0,1.0
2.7720000000000002,0.45967769622802734,0.45967769622802734,-1.7670326232910156,0.6565857557529566,-2.369546698927593,2.351106817237362,15.0,1.0
2.773,0.45815181732177734,0.45815181732177734,-1.5208797454833984,0.6542129689358613,-2.3760152260389305,2.0857817936557277,15.0,1.0
2.774,0.45662593841552734,0.45662593841552734,-1.24835205078125,0.6518337253008792,-2.3824603028388083,1.7940085512227202,15.0,1.0
2.775,0.45548152923583984,0.45548152923583984,-1.1780223846435547,0.6494480483301842,-2.388881865717451,1.698638305341269,15.0,1.0
2.7760000000000002,0.45433712005615234,0.45433712005615234,-1.3890113830566406,0.6470559615694437,-2.3952798512964364,1.8845141544595743,15.0,1.0
2.777,0.45242977142333984,0.45242977142333984,-1.6791210174560547,0.6446574886275909,-2.4016541964300586,2.1608825790897614,15.0,1.0
2.778,0.45090389251708984,0.45090389251708984,-1.714284896850586,0.6422526531765841,-2.4080048382065797,2.17651146853642,15.0,1.0
2.779,0.44937801361083984,0.44937801361083984,-1.371429443359375,0.6398414789511783,-2.414331713946865,1.8140497095175863,15.0,1.0
2.7800000000000002,0.44823360443115234,0.44823360443115234,-1.2395610809326172,0.6374239897486897,-2.4206347612085324,1.6567820994871458,15.0,1.0
2.781,0.44708919525146484,0.44708919525146484,-1.24835205078125,0.6350002094287608,-2.4269139177827697,1.6401033456579195,15.0,1.0
2.782,0.44556331634521484,0.44556331634521484,-1.459341049194336,0.6325701619131248,-2.433169121695869,1.8312746110171156,15.0,1.0
2.783,0.44365596771240234,0.44365596771240234,-1.8021984100341797,0.6301338711853696,-2.439400311212239,2.159966650916449,15.0,1.0
2.7840000000000003,0.44213008880615234,0.44213008880615234,-1.7406597137451172,0.6276913612906997,-2.4456074248323034,2.078471376181024,15.0,1.0
2.785,0.44060420989990234,0.44060420989990234,-1.371429443359375,0.6252426563357045,-2.4517904012940903,1.6892157386023174,15.0,1.0
2.786,0.43945980072021484,0.43945980072021484,-1.3010997772216797,0.622787780488112,-2.4579491795739727,1.5930702941661643,15.0,1.0
2.787,0.43793392181396484,0.43793392181396484,-1.4945049285888672,0.6203267579765571,-2.4640836988886576,1.7663137721390938,15.0,1.0
2.7880000000000003,0.43602657318115234,0.43602657318115234,-1.7230777740478516,0.6178596130903342,-2.470193898692628,1.9803794739929517,15.0,1.0
2.789,0.43450069427490234,0.43450069427490234,-1.8813190460205078,0.6153863701791714,-2.476279718679052,2.118324465905492,15.0,1.0
2.79,0.43297481536865234,0.43297481536865234,-1.4505500793457031,0.6129070536529766,-2.482341098784559,1.6671925548260078,15.0,1.0
2.791,0.43144893646240234,0.43144893646240234,-1.3098907470703125,0.6104216879816028,-2.4883779791858274,1.5061040406724917,15.0,1.0
2.7920000000000003,0.43030452728271484,0.43030452728271484,-1.371429443359375,0.6079302976946044,-2.4943903003001537,1.5414256992375641,15.0,1.0
2.793,0.42839717864990234,0.42839717864990234,-1.6351642608642578,0.605432907381002,-2.5003780027897164,1.790322189041036,15.0,1.0
2.794,0.42648983001708984,0.42648983001708984,-1.9340667724609375,0.6029295416890255,-2.506341027558733,2.0743214199812385,15.0,1.0
2.795,0.42496395111083984,0.42496395111083984,-1.6791210174560547,0.600420225325885,-2.512279315753119,1.7986858149286133,15.0,1.0
2.7960000000000003,0.42343807220458984,0.42343807220458984,-1.371429443359375,0.5979049830575185,-2.5181928087648657,1.4702402973884388,15.0,1.0
2.797,0.42229366302490234,0.42229366302490234,-1.3890113830566406,0.5953838397083547,-2.524081448229879,1.4612825850785476,15.0,1.0
2.798,0.42038631439208984,0.42038631439208984,-1.6703300476074219,0.5928568201610592,-2.52994517603031,1.7274424581116525,15.0,1.0
2.799,0.41847896575927734,0.41847896575927734,-1.9428577423095703,0.5903239493562946,-2.535783934292624,1.9847485619722054,15.0,1.0
2.8000000000000003,0.41695308685302734,0.41695308685302734,-1.74945068359375,0.5877852522924734,-2.541597665391805,1.7703354997936351,15.0,1.0
2.801,0.41542720794677734,0.41542720794677734,-1.3274726867675781,0.5852407540255106,-2.547386311948628,1.3272895659999482,15.0,1.0
2.802,0.41428279876708984,0.41428279876708984,-1.292306900024414,0.5826904796685767,-2.553149816830455,1.2652722967162613,15.0,1.0
2.803,0.41275691986083984,0.41275691986083984,-1.5912094116210938,0.5801344543918502,-2.5588881231545315,1.5429843064317175,15.0,1.0
2.8040000000000003,0.41046810150146484,0.41046810150146484,-2.013186454772949,0.5775727034222671,-2.564601174285656,1.9551543092993269,15.0,1.0
2.805,0.40856075286865234,0.40856075286865234,-1.8813190460205078,0.5750052520432782,-2.5702889138385103,1.8076976198013859,15.0,1.0
2.806,0.40741634368896484,0.40741634368896484,-1.4329662322998047,0.5724321255945907,-2.5759512856775473,1.3322516752066447,15.0,1.0
2.807,0.40588951110839844,0.40588951110839844,-1.3978023529052734,0.5698533494719237,-2.5815882339167615,1.2756716944413906,15.0,1.0
2.8080000000000003,0.40436363220214844,0.40436363220214844,-1.6879119873046875,0.5672689491267566,-2.5871997029229306,1.5442920382508798,15.0,1.0
2.809,0.40207481384277344,0.40207481384277344,-2.013186454772949,0.5646789500660774,-2.5927856373131135,1.859462860809395,15.0,1.0
2.81,0.40016746520996094,0.40016746520996094,-1.8021984100341797,0.562083377852131,-2.5983459819551626,1.6325911177115682,15.0,1.0
2.811,0.39902305603027344,0.39902305603027344,-1.3802204132080078,0.5594822581021676,-2.603880681971532,1.1832277623148877,15.0,1.0
2.8120000000000003,0.39749717712402344,0.39749717712402344,-1.3802204132080078,0.5568756164881873,-2.609389682736719,1.1615073209337465,15.0,1.0
2.813,0.39597129821777344,0.39597129821777344,-1.661539077758789,0.5542634787366936,-2.614872929879027,1.4210488556635639,15.0,1.0
2.814,0.39406394958496094,0.39406394958496094,-2.065934181213379,0.5516458706284298,-2.620330369281362,1.8093326275840504,15.0,1.0
2.815,0.39215660095214844,0.39215660095214844,-1.8637371063232422,0.5490228179981315,-2.6257619470799796,1.5909684149330081,15.0,1.0
2.816,0.39063072204589844,0.39063072204589844,-1.5032958984375,0.5463943467342705,-2.6311676096690917,1.2085826590939885,15.0,1.0
2.817,0.38910484313964844,0.38910484313964844,-1.5296707153320312,0.5437604827787926,-2.6365473036968297,1.2129580062223644,15.0,1.0
2.818,0.38719749450683594,0.38719749450683594,-1.7670326232910156,0.5411212521268761,-2.6419009760662675,1.4339880115253507,15.0,1.0
2.819,0.38529014587402344,0.38529014587402344,-1.960439682006836,0.5384766808266607,-2.647228573939742,1.6110091323566524,15.0,1.0
2.82,0.38338279724121094,0.38338279724121094,-1.7406597137451172,0.5358267949789972,-2.652530044736068,1.3747896350758433,15.0,1.0
2.821,0.38223838806152344,0.38223838806152344,-1.4681320190429688,0.5331716207371879,-2.6578053361315597,1.0743251730463763,15.0,1.0
2.822,0.38033103942871094,0.38033103942871094,-1.582418441772461,0.5305111843067335,-2.663054396060545,1.1720662188822542,15.0,1.0
2.823,0.37842369079589844,0.37842369079589844,-1.8549442291259766,0.5278455119450675,-2.6682771727186037,1.4279943736449083,15.0,1.0
2.824,0.37651634216308594,0.37651634216308594,-2.0043954849243164,0.5251746299612969,-2.6734736145589864,1.5607961873384948,15.0,1.0
2.825,0.37499046325683594,0.37499046325683594,-1.6703300476074219,0.5224985647159488,-2.678643670293411,1.2043078992007037,15.0,1.0
2.826,0.37346458435058594,0.37346458435058594,-1.6087913513183594,0.5198173426207096,-2.683787288895985,1.1202954364742288,15.0,1.0
2.827,0.37155723571777344,0.37155723571777344,-1.7670326232910156,0.5171309901381574,-2.688904419601613,1.2617345199951626,15.0,1.0
2.828,0.36964988708496094,0.36964988708496094,-1.9956035614013672,0.5144395337815069,-2.6939950119063667,1.4734532499431894,15.0,1.0
2.829,0.36774253845214844,0.36774253845214844,-1.8901100158691406,0.511743000114344,-2.6990590155670873,1.3510579252349872,15.0,1.0
2.83,0.36621665954589844,0.36621665954589844,-1.5208797454833984,0.5090414157503721,-2.7040963806055345,0.9591547079449687,15.0,1.0
2.831,0.36469078063964844,0.36469078063964844,-1.5472526550292969,0.5063348073531335,-2.7091070573054026,0.9628059984261705,15.0,1.0
2.832,0.36278343200683594,0.36278343200683594,-1.837362289428711,0.5036232016357619,-2.7140909962116098,1.2358678376509906,15.0,1.0
2.833,0.36087608337402344,0.36087608337402344,-2.0835161209106445,0.5009066253607096,-2.7190481481353004,1.464926102575637,15.0,1.0
2.834,0.35896873474121094,0.35896873474121094,-1.8285713195800781,0.49818510533949073,-2.7239784641513154,1.1928384144029596,15.0,1.0
2.835,0.35744285583496094,0.35744285583496094,-1.5648345947265625,0.4954586684324076,-2.7288818955997556,0.9061898880885071,15.0,1.0
2.836,0.35553550720214844,0.35553550720214844,-1.74945068359375,0.4927273415482918,-2.7337583940849868,1.0735698047009135,15.0,1.0
2.837,0.35324668884277344,0.35324668884277344,-2.0747251510620117,0.489991151644237,-2.738607911479164,1.3872841816048012,15.0,1.0
2.838,0.35133934020996094,0.35133934020996094,-2.0923080444335938,0.4872501257253329,-2.743430399919447,1.3875394272447261,15.0,1.0
2.839,0.34981346130371094,0.34981346130371094,-1.626373291015625,0.4845042908443987,-2.748225811808652,0.8985099223172899,15.0,1.0
2.84,0.34828758239746094,0.34828758239746094,-1.5736255645751953,0.4817536741017162,-2.75299409981875,0.8226228403202747,15.0,1.0
2.841,0.34638023376464844,0.34638023376464844,-1.837362289428711,0.47899830264476057,-2.7577352168883635,1.0688981057420293,15.0,1.0
2.842,0.34409141540527344,0.34409141540527344,-2.25054931640625,0.47623820366793884,-2.7624491162245874,1.4703020241216436,15.0,1.0
2.843,0.34218311309814453,0.34218311309814453,-1.9780216217041016,0.473473404412312,-2.767135751303414,1.1802402401132,15.0,1.0
2.844,0.34065723419189453,0.34065723419189453,-1.626373291015625,0.47070393216533263,-2.7717950758688517,0.8052786847483449,15.0,1.0
2.845,0.33874988555908203,0.33874988555908203,-1.8109893798828125,0.4679298142605736,-2.7764270439366214,0.9722612664685648,15.0,1.0
2.846,0.33646106719970703,0.33646106719970703,-2.1978025436401367,0.46515107807745876,-2.7810316097909435,1.347121097015469,15.0,1.0
2.847,0.33455371856689453,0.33455371856689453,-2.118680953979492,0.46236775104099237,-2.785608727985391,1.2502827131055687,15.0,1.0
2.848,0.33264636993408203,0.33264636993408203,-1.6175823211669922,0.4595798606214886,-2.790158353346442,0.7314263281316489,15.0,1.0
2.849,0.33112049102783203,0.33112049102783203,-1.6351642608642578,0.45678743433429886,-2.7946804409708363,0.7254879694904239,15.0,1.0
2.85,0.32921314239501953,0.32921314239501953,-2.0835161209106445,0.4539904997395463,-2.7991749462273674,1.1560015348511787,15.0,1.0
2.851,0.32654285430908203,0.32654285430908203,-2.3120880126953125,0.45118908444184475,-2.803641824756596,1.378139639930157,15.0,1.0
2.852,0.32501697540283203,0.32501697540283203,-1.8285713195800781,0.44838321609003373,-2.808081032473865,0.8709838974142388,15.0,1.0
2.853,0.32310962677001953,0.32310962677001953,-1.6791210174560547,0.44557292237689633,-2.8124925255656876,0.7035779259935191,15.0,1.0
2.854,0.32120227813720703,0.32120227813720703,-1.9956035614013672,0.4427582310389018,-2.816876260490716,1.0020665944360725,15.0,1.0
2.855,0.31891345977783203,0.31891345977783203,-2.2945051193237305,0.4399391698559155,-2.821232193984457,1.2886585765105258,15.0,1.0
2.856,0.31700611114501953,0.31700611114501953,-1.9252738952636719,0.4371157666509335,-2.8255602830555517,0.9013584447968295,15.0,1.0
2.857,0.31548023223876953,0.31548023223876953,-1.5648345947265625,0.43428804928980375,-2.8298604849873072,0.5170913655047684,15.0,1.0
2.858,0.31357288360595703,0.31357288360595703,-1.7934074401855469,0.4314560456809583,-2.8341327573374713,0.7275221139730945,15.0,1.0
2.859,0.31128406524658203,0.31128406524658203,-2.259340286254883,0.42861978377512944,-2.8383770579424947,1.180999006240599,15.0,1.0
2.86,0.30937671661376953,0.30937671661376953,-2.171428680419922,0.42577929156507394,-2.842593344912842,1.0748739597766457,15.0,1.0
2.861,0.30746936798095703,0.30746936798095703,-1.6351642608642578,0.4229345970853031,-2.8467815766335036,0.5203611207959455,15.0,1.0
2.862,0.30594348907470703,0.30594348907470703,-1.7670326232910156,0.4200857284118063,-2.85094171176911,0.6282245015783947,15.0,1.0
2.863,0.30365467071533203,0.30365467071533203,-2.1890106201171875,0.4172327136617655,-2.8550737092612053,1.0376075550524844,15.0,1.0
2.864,0.30136585235595703,0.30136585235595703,-2.268132209777832,0.41437558099328453,-2.8591775283285585,1.104100611009186,15.0,1.0
2.865,0.29983997344970703,0.29983997344970703,-1.6439552307128906,0.4115143586051077,-2.8632531284670506,0.45581787957685016,15.0,1.0
2.866,0.29793262481689453,0.29793262481689453,-1.582418441772461,0.4086490747363498,-2.8673004694537383,0.3758647211105519,15.0,1.0
2.867,0.29602527618408203,0.29602527618408203,-1.9868125915527344,0.4057797576662009,-2.8713195113433585,0.7618103024411589,15.0,1.0
2.868,0.29373645782470703,0.29373645782470703,-2.3912086486816406,0.40290643571366375,-2.875310214467902,1.1534481025480894,15.0,1.0
2.869,0.29182910919189453,0.29182910919189453,-1.9868125915527344,0.4000291372372644,-2.8792725394413026,0.73054047279198,15.0,1.0
2.87,0.28992176055908203,0.28992176055908203,-1.6879119873046875,0.39714789063478045,-2.883206447157022,0.41309749128314177,15.0,1.0
2.871,0.28801441192626953,0.28801441192626953,-1.9692306518554688,0.394262724342951,-2.887111898789243,0.6758434393164479,15.0,1.0
2.872,0.28572559356689453,0.28572559356689453,-2.382417678833008,0.3913736668372026,-2.8909888557919317,1.0761499220956972,15.0,1.0
2.873,0.28381824493408203,0.28381824493408203,-2.039560317993164,0.38848074663136645,-2.894837279902447,0.7146605635499834,15.0,1.0
2.874,0.28191089630126953,0.28191089630126953,-1.661539077758789,0.3855839922773971,-2.8986571331383004,0.317978384262402,15.0,1.0
2.875,0.2800025939941406,0.2800025939941406,-1.916482925415039,0.3826834323650905,-2.9024483777978674,0.5542471231814199,15.0,1.0
2.876,0.2777137756347656,0.2777137756347656,-2.479121208190918,0.379779095521802,-2.9062109764638535,1.10389003003261,15.0,1.0
2.8770000000000002,0.2754249572753906,0.2754249572753906,-2.1978025436401367,0.37687101041216214,-2.9099448920006523,0.8095484486910571,15.0,1.0
2.878,0.2735176086425781,0.2735176086425781,-1.7670326232910156,0.37395920573780006,-2.9136500875559648,0.3600064921633799,15.0,1.0
2.879,0.2716102600097656,0.2716102600097656,-1.960439682006836,0.37104371023705085,-2.917326526561368,0.5346149088547465,15.0,1.0
2.88,0.2689399719238281,0.2689399719238281,-2.4967031478881836,0.368124552684678,-2.9209741727310927,1.0634976865698387,15.0,1.0
2.8810000000000002,0.2670326232910156,0.2670326232910156,-2.15384578704834,0.365201761891588,-2.924592990065605,0.7017898759913201,15.0,1.0
2.882,0.2651252746582031,0.2651252746582031,-1.714284896850586,0.3622753667045461,-2.928182942848707,0.24335333469702292,15.0,1.0
2.883,0.2632179260253906,0.2632179260253906,-1.9252738952636719,0.3593453960058912,-2.9317439956476505,0.4354419493235302,15.0,1.0
2.884,0.2609291076660156,0.2609291076660156,-2.5054941177368164,0.3564118787132514,-2.9352761133170873,1.002459570128266,15.0,1.0
2.8850000000000002,0.2586402893066406,0.2586402893066406,-2.224175453186035,0.35347484377925636,-2.9387792609961423,0.707914509279129,15.0,1.0
2.886,0.2567329406738281,0.2567329406738281,-1.8021984100341797,0.35053432019125846,-2.942253404110204,0.26696569868543074,15.0,1.0
2.887,0.2548255920410156,0.2548255920410156,-2.0835161209106445,0.34759033697103664,-2.945698508371123,0.5292887864898366,15.0,1.0
2.888,0.2521553039550781,0.2521553039550781,-2.558241844177246,0.34464292317451684,-2.949114539776332,0.996441592692495,15.0,1.0
2.8890000000000002,0.2502479553222656,0.2502479553222656,-2.118680953979492,0.3416921078914833,-2.952501464612311,0.5378417779054461,15.0,1.0
2.89,0.24834060668945312,0.24834060668945312,-1.7230777740478516,0.33873792024529153,-2.9558592494514926,0.12317822793393507,15.0,1.0
2.891,0.24643325805664062,0.24643325805664062,-1.9956035614013672,0.335780389392581,-2.959187861152486,0.37662267028798624,15.0,1.0
2.892,0.24376296997070312,0.24376296997070312,-2.567032814025879,0.3328195445229872,-2.962487266864173,0.9403941654459669,15.0,1.0
2.8930000000000002,0.24147415161132812,0.24147415161132812,-2.1890106201171875,0.32985541485885195,-2.9657574340224357,0.5489721348076091,15.0,1.0
2.894,0.23994827270507812,0.23994827270507812,-1.7758235931396484,0.3268880296549417,-2.96899833035107,0.1109216170365317,15.0,1.0
2.895,0.23765945434570312,0.23765945434570312,-2.1010990142822266,0.3239174181981505,-2.9722099238657904,0.42275854820314684,15.0,1.0
2.896,0.23498916625976562,0.23498916625976562,-2.6021976470947266,0.32094360980721076,-2.975392182869541,0.9161221174368626,15.0,1.0
2.8970000000000002,0.23308181762695312,0.23308181762695312,-1.9868125915527344,0.31796663383241075,-2.978545075952667,0.28153975868193193,15.0,1.0
2.898,0.23155593872070312,0.23155593872070312,-1.7054939270019531,0.3149865196553048,-2.981668571998199,-0.024715930977221134,15.0,1.0
2.899,0.22926712036132812,0.22926712036132812,-2.0307693481445312,0.31200329668841503,-2.9847626401788148,0.28704935287202016,15.0,1.0
2.9,0.22659683227539062,0.22659683227539062,-2.6813182830810547,0.3090169943749478,-2.9878272499574052,0.9297934646170067,15.0,1.0
2.9010000000000002,0.22468948364257812,0.22468948364257812,-2.1274728775024414,0.30602764218849954,-2.9908623710862514,0.3566828846050112,15.0,1.0
2.902,0.22278213500976562,0.22278213500976562,-1.7934074401855469,0.30303526963277466,-2.993867973611543,0.003336485919139154,15.0,1.0
2.903,0.22049331665039062,0.22049331665039062,-2.1098899841308594,0.30003990624127713,-2.996844027869656,0.30624480012450084,15.0,1.0
2.904,0.21820354461669922,0.21820354461669922,-2.584615707397461,0.297041581577036,-2.999790504486441,0.7673957573160712,15.0,1.0
2.9050000000000002,0.21591472625732422,0.21591472625732422,-1.9516487121582031,0.29404032523230356,-3.0027073743818278,0.12082532240106536,15.0,1.0
2.906,0.21438884735107422,0.21438884735107422,-1.7934074401855469,0.2910361668282716,-3.005594608767524,-0.062477376424016295,15.0,1.0
2.907,0.21210002899169922,0.21210002899169922,-2.145054817199707,0.28802913601476915,-3.0084521791480086,0.2755392433977475,15.0,1.0
2.908,0.20942974090576172,0.20942974090576172,-2.6285715103149414,0.2850192624699763,-3.011280057319368,0.7511342764587916,15.0,1.0
2.9090000000000003,0.20752239227294922,0.20752239227294922,-1.9868125915527344,0.28200657590012973,-3.0140782153729333,0.08999713058750869,15.0,1.0
2.91,0.20561504364013672,0.20561504364013672,-1.9076919555664062,0.2789911060392298,-3.016846625691983,-0.008513734139180773,15.0,1.0
2.911,0.20332622528076172,0.20332622528076172,-2.3912086486816406,0.2759728826487464,-3.0195852609521694,0.46132324824924176,15.0,1.0
2.912,0.20065593719482422,0.20065593719482422,-2.479121208190918,0.2729519355173261,-3.0222940941249874,0.5412670889034588,15.0,1.0
2.9130000000000003,0.19874858856201172,0.19874858856201172,-1.916482925415039,0.2699282944604957,-3.024973098475158,-0.040794584582859006,15.0,1.0
2.914,0.19684123992919922,0.19684123992919922,-1.9516487121582031,0.2669019893203751,-3.027622247561851,-0.0250622945360095,15.0,1.0
2.915,0.19455242156982422,0.19455242156982422,-2.5054941177368164,0.26387304996537264,-3.030241515239453,0.5150620284305898,15.0,1.0
2.916,0.19188213348388672,0.19188213348388672,-2.461538314819336,0.2608415062898969,-3.032830875655975,0.46309803125351356,15.0,1.0
2.9170000000000003,0.18997478485107422,0.18997478485107422,-1.9868125915527344,0.25780738821405996,-3.035390303256861,-0.0310886612593404,15.0,1.0
2.918,0.18768596649169922,0.18768596649169922,-2.259340286254883,0.2547707256833825,-3.0379197727814926,0.22769190134863937,15.0,1.0
2.919,0.18501567840576172,0.18501567840576172,-2.6989011764526367,0.2517315486684976,-3.040419259263828,0.659219971129847,15.0,1.0
2.92,0.18310832977294922,0.18310832977294922,-2.0835161209106445,0.2486898871648555,-3.0428887380356997,0.02435074375353885,15.0,1.0
2.9210000000000003,0.18120098114013672,0.18120098114013672,-1.9076919555664062,0.2456457711924255,-3.0453281847240277,-0.1709643783732896,15.0,1.0
2.922,0.17853069305419922,0.17853069305419922,-2.3912086486816406,0.24259923079540677,-3.0477375752523983,0.3044991395473555,15.0,1.0
2.923,0.17586040496826172,0.17586040496826172,-2.7164831161499023,0.23955029604192138,-3.0501168858415184,0.6217145964132789,15.0,1.0
2.924,0.17395305633544922,0.17395305633544922,-2.039560317993164,0.2364989970237244,-3.0524660930076664,-0.07471666469037452,15.0,1.0
2.9250000000000003,0.17166423797607422,0.17166423797607422,-2.057143211364746,0.23344536385590534,-3.054785173566515,-0.07092507400430192,15.0,1.0
2.926,0.16899394989013672,0.16899394989013672,-2.637362480163574,0.23038942667659068,-3.057074104629635,0.5012205273307488,15.0,1.0
2.927,0.16670513153076172,0.16670513153076172,-2.3032970428466797,0.22733121564664674,-3.059332863604851,0.1533554409801039,15.0,1.0
2.928,0.16517925262451172,0.16517925262451172,-1.8637371063232422,0.22427076094938167,-3.0615614281999797,-0.31145169700368824,15.0,1.0
2.9290000000000003,0.16289043426513672,0.16289043426513672,-2.136263847351074,0.22120809279024609,-3.0637597764196585,-0.05273105119194377,15.0,1.0
2.93,0.16022014617919922,0.16022014617919922,-2.8043956756591797,0.21814324139654168,-3.0659278865661577,0.6073142173531589,15.0,1.0
2.931,0.15793132781982422,0.15793132781982422,-2.145054817199707,0.21507623701711445,-3.0680657372432307,-0.06583728208417017,15.0,1.0
2.932,0.1560230255126953,0.1560230255126953,-1.9076919555664062,0.2120071099220559,-3.070173307351155,-0.32272008564433974,15.0,1.0
2.9330000000000003,0.1537342071533203,0.1537342071533203,-2.3912086486816406,0.20893589040241142,-3.0722505760870007,0.14698332133100656,15.0,1.0
2.934,0.1506824493408203,0.1506824493408203,-2.5934066772460938,0.20586260876988122,-3.074297522949763,0.34681154573224426,15.0,1.0
2.935,0.1487751007080078,0.1487751007080078,-1.8901100158691406,0.20278729535651258,-3.076314127737291,-0.37602119214057894,15.0,1.0
2.936,0.1472492218017578,0.1472492218017578,-1.8901100158691406,0.1997099805144073,-3.078300370546529,-0.4012789739876461,15.0,1.0
2.9370000000000003,0.1445789337158203,0.1445789337158203,-2.5230770111083984,0.1966306946154188,-3.08025623177285,0.2235971928295255,15.0,1.0
2.938,0.1422901153564453,0.1422901153564453,-2.3999996185302734,0.19354946805086093,-3.0821816921143608,0.08670821683214691,15.0,1.0
2.939,0.1403827667236328,0.1403827667236328,-1.9252738952636719,0.19046633123119075,-3.084076732567951,-0.4075493696909098,15.0,1.0
2.94,0.1380939483642578,0.1380939483642578,-2.1802196502685547,0.18738131458572568,-3.085941334428611,-0.16641119083803835,15.0,1.0
2.9410000000000003,0.1350421905517578,0.1350421905517578,-2.742856979370117,0.18429444856233282,-3.087775479293967,0.3938653702347754,15.0,1.0
2.942,0.1331348419189453,0.1331348419189453,-2.0923080444335938,0.18120576362713706,-3.089579149061734,-0.2762072790052642,15.0,1.0
2.943,0.1312274932861328,0.1312274932861328,-1.916482925415039,0.17811529026421002,-3.0913523259307993,-0.4715524458446021,15.0,1.0
2.944,0.1289386749267578,0.1289386749267578,-2.356043815612793,0.17502305897527612,-3.0930949924004523,-0.04578541605988473,15.0,1.0
2.945,0.1262683868408203,0.1262683868408203,-2.7340660095214844,0.1719291002794098,-3.094807131270528,0.32416957982979866,15.0,1.0
2.946,0.12397956848144531,0.12397956848144531,-2.057143211364746,0.16883344471273434,-3.0964887256443774,-0.3665373708102958,15.0,1.0
2.947,0.12207221984863281,0.12207221984863281,-2.136263847351074,0.16573612282812036,-3.098139758925285,-0.3069173668818975,15.0,1.0
2.948,0.11940193176269531,0.11940193176269531,-2.663736343383789,0.16263716519488444,-3.099760214816854,0.21250463004977205,15.0,1.0
2.949,0.11711311340332031,0.11711311340332031,-2.364834785461426,0.15953660239848735,-3.1013500773266998,-0.10016295693776833,15.0,1.0
2.95,0.11482429504394531,0.11482429504394531,-1.9516487121582031,0.15643446504023034,-3.1029093307631967,-0.5271080686607181,15.0,1.0
2.951,0.11253547668457031,0.11253547668457031,-2.373626708984375,0.1533307837369603,-3.104437959737055,-0.11888164496683029,15.0,1.0
2.952,0.10986518859863281,0.10986518859863281,-2.874725341796875,0.15022558912075692,-3.1059359491617755,0.3741954004669612,15.0,1.0
2.953,0.10757637023925781,0.10757637023925781,-2.15384578704834,0.14711891183863743,-3.1074032842519017,-0.36041937321286766,15.0,1.0
2.954,0.10528755187988281,0.10528755187988281,-2.118680953979492,0.14401078255225241,-3.1088399505268143,-0.40931053646177806,15.0,1.0
2.955,0.10261726379394531,0.10261726379394531,-2.6813182830810547,0.1409012319375831,-3.1102459338071924,0.1453318714284293,15.0,1.0
2.956,0.10032844543457031,0.10032844543457031,-2.373626708984375,0.13779029068463872,-3.1116212202151843,-0.17606683247978316,15.0,1.0
2.957,0.09842109680175781,0.09842109680175781,-1.9780216217041016,0.13467798949715343,-3.1129657961781163,-0.5910907840430806,15.0,1.0
2.958,0.09613227844238281,0.09613227844238281,-2.356043815612793,0.13156435909228176,-3.11427964842521,-0.22675462306393301,15.0,1.0
2.959,0.0930795669555664,0.0930795669555664,-2.8395605087280273,0.1284494302003023,-3.1155627639892742,0.2545456934097916,15.0,1.0
2.96,0.0911722183227539,0.0911722183227539,-2.136263847351074,0.1253332335643039,-3.116815130205964,-0.46813605423164006,15.0,1.0
2.961,0.0888833999633789,0.0888833999633789,-2.1802196502685547,0.12221579993989105,-3.1180367347167035,-0.4378310848004666,15.0,1.0
2.962,0.0862131118774414,0.0862131118774414,-2.7340660095214844,0.11909716009486979,-3.119227565464385,0.10809916731852498,15.0,1.0
2.963,0.0839242935180664,0.0839242935180664,-2.373626708984375,0.1159773448089616,-3.1203876106941735,-0.26596513234637054,15.0,1.0
2.964,0.0820169448852539,0.0820169448852539,-1.9076919555664062,0.11285638487348212,-3.121516858958195,-0.7512333035683655,15.0,1.0
2.965,0.0797281265258789,0.0797281265258789,-2.3384618759155273,0.1097343110910459,-3.1226152991112315,-0.33406065471819935,15.0,1.0
2.966,0.0766763687133789,0.0766763687133789,-2.8219776153564453,0.10661115427525897,-3.1236829203117082,0.147316478472938,15.0,1.0
2.967,0.0747690200805664,0.0747690200805664,-2.0923080444335938,0.10348694525042178,-3.124719712021772,-0.6016427900403477,15.0,1.0
2.968,0.0724802017211914,0.0724802017211914,-2.136263847351074,0.1003617148512161,-3.125725664010872,-0.5712391197094275,15.0,1.0
2.969,0.0698099136352539,0.0698099136352539,-2.7340660095214844,0.09723549392240073,-3.1267007663506305,0.01874894747805622,15.0,1.0
2.97,0.0675210952758789,0.0675210952758789,-2.3999996185302734,0.09410831331851414,-3.1276450094150476,-0.32883712024524564,15.0,1.0
2.971,0.0656137466430664,0.0656137466430664,-1.8549442291259766,0.09098020390356994,-3.128558383885718,-0.8931172958521882,15.0,1.0
2.972,0.0633249282836914,0.0633249282836914,-2.25054931640625,0.0878511965507434,-3.1294408807483904,-0.5109975403363605,15.0,1.0
2.973,0.060273170471191406,0.060273170471191406,-2.857142448425293,0.08472132214207385,-3.130292491292259,0.09357223219627053,15.0,1.0
2.974,0.058365821838378906,0.058365821838378906,-2.0835161209106445,0.08159061156815817,-3.1311132071137067,-0.6992252402563732,15.0,1.0
2.975,0.056077003479003906,0.056077003479003906,-2.0747251510620117,0.07845909572784575,-3.131903020112567,-0.7214464853179277,15.0,1.0
2.976,0.053406715393066406,0.053406715393066406,-2.672527313232422,0.07532680552793372,-3.132661922492318,-0.13133325723688616,15.0,1.0
2.977,0.051117897033691406,0.051117897033691406,-2.4703292846679688,0.0721937718828618,-3.133389906763803,-0.34692249935827824,15.0,1.0
2.978,0.049210548400878906,0.049210548400878906,-1.9076919555664062,0.06906002571440542,-3.134086965741716,-0.9286528504724119,15.0,1.0
2.979,0.046921730041503906,0.046921730041503906,-2.224175453186035,0.06592559795137767,-3.1347530925463616,-0.6255196207122199,15.0,1.0
2.98,0.044251441955566406,0.044251441955566406,-2.8043956756591797,0.06279051952931339,-3.1353882806037277,-0.05290644133834321,15.0,1.0
2.981,0.041962623596191406,0.041962623596191406,-2.2329673767089844,0.059654821390170906,-3.135992523643875,-0.6376421800251979,15.0,1.0
2.982,0.039673805236816406,0.039673805236816406,-2.145054817199707,0.05651853448202493,-3.1365658157045715,-0.7388400598267366,15.0,1.0
2.983,0.037003517150878906,0.037003517150878906,-2.558241844177246,0.053381689758761064,-3.137108151127638,-0.3331937178321595,15.0,1.0
2.984,0.034714698791503906,0.034714698791503906,-2.4967031478881836,0.05024431817977035,-3.137619524559053,-0.40797208584687283,15.0,1.0
2.985,0.032425880432128906,0.032425880432128906,-2.039560317993164,0.04710645070964365,-3.138099930952663,-0.8783310587967776,15.0,1.0
2.986,0.0301361083984375,0.0301361083984375,-2.3208789825439453,0.04396811831786431,-3.138549365566675,-0.6101902342313275,15.0,1.0
2.987,0.0274658203125,0.0274658203125,-2.7076921463012695,0.0408293519785096,-3.1389678239653342,-0.23082270267392072,15.0,1.0
2.988,0.0255584716796875,0.0255584716796875,-2.241758346557617,0.03769018266993433,-3.1393553020190126,-0.7156212906076929,15.0,1.0
2.989,0.0232696533203125,0.0232696533203125,-2.224175453186035,0.034550641374472266,-3.139711795902574,-0.7463215219041426,15.0,1.0
2.99,0.020599365234375,0.020599365234375,-2.7076921463012695,0.03141075907812848,-3.140037302098964,-0.27017424814139235,15.0,1.0
2.991,0.0179290771484375,0.0179290771484375,-2.4087915420532227,0.028270566770273637,-3.1403318173955554,-0.5764179310147908,15.0,1.0
2.992,0.016021728515625,0.016021728515625,-2.048351287841797,0.02513009544333806,-3.140595338884223,-0.9556185471267304,15.0,1.0
2.993,0.01373291015625,0.01373291015625,-2.4087915420532227,0.021989376092505883,-3.1408278639649936,-0.6081893328679326,15.0,1.0
2.994,0.01068115234375,0.01068115234375,-2.7340660095214844,0.01884843971540737,-3.141029390342559,-0.28445407024621383,15.0,1.0
2.995,0.0087738037109375,0.0087738037109375,-2.171428680419922,0.015707317311820065,-3.1411999160279356,-0.8657685315947752,15.0,1.0
2.996,0.0064849853515625,0.0064849853515625,-2.3120880126953125,0.012566039883352193,-3.141339439337597,-0.7380356086654389,15.0,1.0
2.997,0.0034332275390625,0.0034332275390625,-2.8131866455078125,0.009424638433145564,-3.141447958896281,-0.23839014997722247,15.0,1.0
2.998,0.0011444091796875,0.0011444091796875,-2.364834785461426,0.006283143965558928,-3.141525473632563,-0.6996096663830659,15.0,1.0
2.999,-0.000762939453125,-0.000762939453125,-1.9868125915527344,0.0031415874858797353,-3.141571982779626,-1.0961914871418206,15.0,1.0
3.0,-0.0034332275390625,-0.0034332275390625,-2.4439563751220703,3.6739403974420594e-16,-3.141587485879714,-0.6461326976717008,15.0,1.0
3.001,-0.006103515625,-0.006103515625,-2.8219776153564453,-0.0031415874858790006,-3.1415719827798165,-0.27516544533655624,15.0,1.0
3.0020000000000002,-0.008392333984375,-0.008392333984375,-2.136263847351074,-0.006283143965559969,-3.141525473632563,-0.9736237759992634,15.0,1.0
3.003,-0.01068115234375,-0.01068115234375,-2.3032970428466797,-0.00942463843314483,-3.141447958896091,-0.8193032073903336,15.0,1.0
3.004,-0.0133514404296875,-0.0133514404296875,-2.795604705810547,-0.012566039883351459,-3.141339439337596,-0.33395372533200846,15.0,1.0
3.005,-0.0156402587890625,-0.0156402587890625,-2.3032970428466797,-0.01570731731181933,-3.1411999160281248,-0.8389087510227975,15.0,1.0
3.0060000000000002,-0.017547607421875,-0.017547607421875,-1.9956035614013672,-0.01884843971540841,-3.1410293903425597,-1.1649383133441937,15.0,1.0
3.007,-0.0202178955078125,-0.0202178955078125,-2.540658950805664,-0.02198937609250515,-3.1408278639648017,-0.6267411219295275,15.0,1.0
3.008,-0.02288818359375,-0.02288818359375,-2.8043956756591797,-0.025130095443337323,-3.1405953388842214,-0.36982834096885153,15.0,1.0
3.009,-0.025177001953125,-0.025177001953125,-2.0747251510620117,-0.0282705667702729,-3.1403318173957473,-1.112010138590954,15.0,1.0
3.0100000000000002,-0.0274658203125,-0.0274658203125,-2.3120880126953125,-0.03141075907812952,-3.1400373020989623,-0.8871233708880926,15.0,1.0
3.011,-0.0301361083984375,-0.0301361083984375,-2.8131866455078125,-0.03455064137447153,-3.1397117959023877,-0.3927431450350857,15.0,1.0
3.012,-0.032425880432128906,-0.032425880432128906,-2.25054931640625,-0.037690182669933604,-3.139355302019016,-0.9677705191798366,15.0,1.0
3.013,-0.034333229064941406,-0.034333229064941406,-1.9780216217041016,-0.040829351978508864,-3.138967823965526,-1.2583880459649364,15.0,1.0
3.0140000000000002,-0.037003517150878906,-0.037003517150878906,-2.6021976470947266,-0.04396811831786535,-3.138549365566675,-0.640820735976745,15.0,1.0
3.015,-0.039673805236816406,-0.039673805236816406,-2.690110206604004,-0.047106450709642915,-3.138099930952478,-0.5594794064408719,15.0,1.0
3.016,-0.041962623596191406,-0.041962623596191406,-2.0307693481445312,-0.05024431817976961,-3.1376195245590566,-1.2310755951681984,15.0,1.0
3.017,-0.044251441955566406,-0.044251441955566406,-2.3120880126953125,-0.053381689758760335,-3.1371081511269416,-0.9619738554795381,15.0,1.0
3.0180000000000002,-0.046921730041503906,-0.046921730041503906,-2.8307695388793945,-0.056518534482024194,-3.1365658157045644,-0.44974834343297415,15.0,1.0
3.019,-0.049210548400878906,-0.049210548400878906,-2.2329673767089844,-0.05965482139017017,-3.1359925236445747,-1.0596892417749593,15.0,1.0
3.02,-0.051117897033691406,-0.051117897033691406,-1.916482925415039,-0.06279051952931265,-3.135388280603731,-1.393994692623011,15.0,1.0
3.021,-0.053788185119628906,-0.053788185119628906,-2.5494508743286133,-0.06592559795137694,-3.1347530925465605,-0.7673634106941678,15.0,1.0
3.0220000000000002,-0.056458473205566406,-0.056458473205566406,-2.8043956756591797,-0.06906002571440646,-3.134086965741716,-0.518714577715137,15.0,1.0
3.023,-0.058365821838378906,-0.058365821838378906,-2.0043954849243164,-0.07219377188286107,-3.133389906763611,-1.336413672506527,15.0,1.0
3.024,-0.060654640197753906,-0.060654640197753906,-2.224175453186035,-0.07532680552793299,-3.132661922492318,-1.1285689492589688,15.0,1.0
3.025,-0.0637063980102539,-0.0637063980102539,-2.7868127822875977,-0.07845909572784501,-3.131903020111878,-0.5663807035881467,15.0,1.0
3.0260000000000002,-0.0656137466430664,-0.0656137466430664,-2.259340286254883,-0.08159061156815743,-3.1311132071137138,-1.1114258947351963,15.0,1.0
3.027,-0.0675210952758789,-0.0675210952758789,-1.8989009857177734,-0.08472132214207313,-3.1302924912929626,-1.4893949085681026,15.0,1.0
3.028,-0.0701913833618164,-0.0701913833618164,-2.487912178039551,-0.08785119655074267,-3.1294408807483833,-0.9064259005427264,15.0,1.0
3.029,-0.0728616714477539,-0.0728616714477539,-2.8043956756591797,-0.09098020390356922,-3.1285583838859097,-0.5959406950639596,15.0,1.0
3.0300000000000002,-0.0751504898071289,-0.0751504898071289,-2.0307693481445312,-0.09410831331851519,-3.1276450094150405,-1.3812430139413034,15.0,1.0
3.031,-0.0770578384399414,-0.0770578384399414,-2.1890106201171875,-0.09723549392240001,-3.1267007663504387,-1.2403549784701302,15.0,1.0
3.032,-0.0801095962524414,-0.0801095962524414,-2.7868127822875977,-0.10036171485121537,-3.125725664010858,-0.6426946607048697,15.0,1.0
3.033,-0.0823984146118164,-0.0823984146118164,-2.356043815612793,-0.10348694525042104,-3.124719712021978,-1.0850038559882547,15.0,1.0
3.0340000000000003,-0.0843057632446289,-0.0843057632446289,-1.8989009857177734,-0.10661115427526001,-3.123682920311701,-1.5593628000533943,15.0,1.0
3.035,-0.0865945816040039,-0.0865945816040039,-2.3999996185302734,-0.10973431109104516,-3.1226152991110325,-1.0697116228863779,15.0,1.0
3.036,-0.0892648696899414,-0.0892648696899414,-2.8219776153564453,-0.11285638487348139,-3.121516858958202,-0.6534119713548565,15.0,1.0
3.037,-0.0915536880493164,-0.0915536880493164,-2.065934181213379,-0.11597734480896088,-3.1203876106943724,-1.4208082808756606,15.0,1.0
3.0380000000000003,-0.0934610366821289,-0.0934610366821289,-2.145054817199707,-0.11909716009487081,-3.1192275654643637,-1.3587145994557854,15.0,1.0
3.039,-0.09651374816894531,-0.09651374816894531,-2.7340660095214844,-0.12221579993989032,-3.118036734716526,-0.7695015017592166,15.0,1.0
3.04,-0.09880256652832031,-0.09880256652832031,-2.4087915420532227,-0.12533323356430318,-3.1168151302059783,-1.1059835936924987,15.0,1.0
3.041,-0.10070991516113281,-0.10070991516113281,-1.8637371063232422,-0.12844943020030158,-3.115562763989473,-1.6679183832537625,15.0,1.0
3.0420000000000003,-0.10299873352050781,-0.10299873352050781,-2.1802196502685547,-0.1315643590922828,-3.11427964842521,-1.3625443817332805,15.0,1.0
3.043,-0.10566902160644531,-0.10566902160644531,-2.84835147857666,-0.1346779894971527,-3.1129657961779174,-0.6997488359618681,15.0,1.0
3.044,-0.10795783996582031,-0.10795783996582031,-2.2065935134887695,-0.13779029068463797,-3.1116212202151843,-1.3525144675086795,15.0,1.0
3.045,-0.10986518859863281,-0.10986518859863281,-1.9956035614013672,-0.1409012319375824,-3.1102459338073913,-1.5801830224902678,15.0,1.0
3.0460000000000003,-0.11253547668457031,-0.11253547668457031,-2.584615707397461,-0.14401078255225344,-3.1088399505268143,-0.9963538311446003,15.0,1.0
3.047,-0.11520576477050781,-0.11520576477050781,-2.646153450012207,-0.1471189118386367,-3.107403284251717,-0.9399470402614434,15.0,1.0
3.048,-0.11711311340332031,-0.11711311340332031,-1.9340667724609375,-0.1502255891207562,-3.1059359491617755,-1.6685563124623763,15.0,1.0
3.049,-0.11902046203613281,-0.11902046203613281,-2.0043954849243164,-0.15333078373695957,-3.10443795973724,-1.6146973003253249,15.0,1.0
3.0500000000000003,-0.12169075012207031,-0.12169075012207031,-2.769230842590332,-0.15643446504023137,-3.1029093307631683,-0.8548342119452521,15.0,1.0
3.051,-0.12436103820800781,-0.12436103820800781,-2.4439563751220703,-0.15953660239848663,-3.101350077326515,-1.1850271650616269,15.0,1.0
3.052,-0.1262683868408203,-0.1262683868408203,-1.9428577423095703,-0.16263716519488372,-3.0997602148168397,-1.7024341478182206,15.0,1.0
3.053,-0.1285572052001953,-0.1285572052001953,-2.259340286254883,-0.16573612282811964,-3.098139758924603,-1.3964832370885851,15.0,1.0
3.0540000000000003,-0.1312274932861328,-0.1312274932861328,-2.769230842590332,-0.16883344471273362,-3.0964887256443774,-0.8913471544530575,15.0,1.0
3.055,-0.1331348419189453,-0.1331348419189453,-2.048351287841797,-0.17192910027940908,-3.0948071312712244,-1.628369718836384,15.0,1.0
3.056,-0.1350421905517578,-0.1350421905517578,-1.960439682006836,-0.1750230589752754,-3.0930949924004523,-1.7323683367463802,15.0,1.0
3.057,-0.1377124786376953,-0.1377124786376953,-2.558241844177246,-0.1781152902642093,-3.0913523259309983,-1.139152656151462,15.0,1.0
3.0580000000000003,-0.1403827667236328,-0.1403827667236328,-2.584615707397461,-0.18120576362713808,-3.0895791490619047,-1.1173083952170229,15.0,1.0
3.059,-0.1422901153564453,-0.1422901153564453,-1.9956035614013672,-0.18429444856233382,-3.087775479293782,-1.7222369159807425,15.0,1.0
3.06,-0.1445789337158203,-0.1445789337158203,-2.1978025436401367,-0.18738131458572496,-3.0859413344284405,-1.5301745038368737,15.0,1.0
3.061,-0.1472492218017578,-0.1472492218017578,-2.760439872741699,-0.19046633123119003,-3.084076732567283,-0.9718935012670669,15.0,1.0
3.0620000000000003,-0.1495380401611328,-0.1495380401611328,-2.1890106201171875,-0.1935494680508602,-3.0821816921145455,-1.5533424903432689,15.0,1.0
3.063,-0.1514453887939453,-0.1514453887939453,-1.960439682006836,-0.19663069461541982,-3.0802562317735322,-1.797596137088814,15.0,1.0
3.064,-0.1537342071533203,-0.1537342071533203,-2.364834785461426,-0.19970998051440658,-3.0783003705463585,-1.403102185501227,15.0,1.0
3.065,-0.15640544891357422,-0.15640544891357422,-2.7252750396728516,-0.20278729535651185,-3.07631412773749,-1.0467667847087028,15.0,1.0
3.0660000000000003,-0.15869426727294922,-0.15869426727294922,-2.0835161209106445,-0.20586260876988224,-3.074297522949948,-1.6983065244932987,15.0,1.0
3.067,-0.16098308563232422,-0.16098308563232422,-2.162637710571289,-0.20893589040241242,-3.072250576086816,-1.6289049370668498,15.0,1.0
3.068,-0.16327190399169922,-0.16327190399169922,-2.6549453735351562,-0.21200710992205518,-3.0701733073509985,-1.1462560227711815,15.0,1.0
3.069,-0.16556072235107422,-0.16556072235107422,-2.268132209777832,-0.21507623701711373,-3.0680657372434297,-1.5426662474561903,15.0,1.0
3.0700000000000003,-0.16746807098388672,-0.16746807098388672,-1.8637371063232422,-0.2181432413965427,-3.065927886566328,-1.9623183364329257,15.0,1.0
3.071,-0.16975688934326172,-0.16975688934326172,-2.2153844833374023,-0.22120809279024709,-3.0637597764194595,-1.6201433447868376,15.0,1.0
3.072,-0.17242717742919922,-0.17242717742919922,-2.778021812438965,-0.22427076094938095,-3.061561428199809,-1.0611933685635702,15.0,1.0
3.073,-0.17471599578857422,-0.17471599578857422,-2.118680953979492,-0.22733121564664602,-3.059332863604851,-1.729880207496436,15.0,1.0
3.074,-0.17662334442138672,-0.17662334442138672,-1.9692306518554688,-0.23038942667659,-3.0570741046298195,-1.8943346866023998,15.0,1.0
3.075,-0.17929363250732422,-0.17929363250732422,-2.461538314819336,-0.23344536385590633,-3.054785173566515,-1.4055228289759105,15.0,1.0
3.076,-0.18158245086669922,-0.18158245086669922,-2.479121208190918,-0.2364989970237237,-3.052466093007496,-1.3970930771719452,15.0,1.0
3.077,-0.18348979949951172,-0.18348979949951172,-1.8989009857177734,-0.23955029604192066,-3.0501168858415184,-1.992123348259879,15.0,1.0
3.078,-0.18539714813232422,-0.18539714813232422,-1.9076919555664062,-0.24259923079540607,-3.047737575252583,-1.9980768596324046,15.0,1.0
3.079,-0.18806743621826172,-0.18806743621826172,-2.5494508743286133,-0.2456457711924265,-3.0453281847239992,-1.3595523350078578,15.0,1.0
3.08,-0.19035625457763672,-0.19035625457763672,-2.435164451599121,-0.24868988716485477,-3.042888738035529,-1.482728775244679,15.0,1.0
3.081,-0.19226360321044922,-0.19226360321044922,-1.8637371063232422,-0.2517315486684969,-3.0404192592638424,-2.0687013348113155,15.0,1.0
3.082,-0.19417095184326172,-0.19417095184326172,-2.0835161209106445,-0.25477072568338177,-3.0379197727808673,-1.8634002594720236,15.0,1.0
3.083,-0.19722270965576172,-0.19722270965576172,-2.7076921463012695,-0.2578073882140593,-3.0353903032568468,-1.236468335330041,15.0,1.0
3.084,-0.19913005828857422,-0.19913005828857422,-2.136263847351074,-0.26084150628989616,-3.0328308756566287,-1.8222387483253837,15.0,1.0
3.085,-0.20103740692138672,-0.20103740692138672,-1.8021984100341797,-0.2638730499653719,-3.030241515239453,-2.1705777508650517,15.0,1.0
3.086,-0.20332622528076172,-0.20332622528076172,-2.171428680419922,-0.2669019893203744,-3.02762224756205,-1.8098300277363184,15.0,1.0
3.087,-0.20599651336669922,-0.20599651336669922,-2.7252750396728516,-0.2699282944604967,-3.024973098475158,-1.2586747752092688,15.0,1.0
3.088,-0.20790386199951172,-0.20790386199951172,-2.057143211364746,-0.27295193551732544,-3.0222940941248453,-1.940871985527305,15.0,1.0
3.089,-0.20981121063232422,-0.20981121063232422,-1.9780216217041016,-0.27597288264874575,-3.019585260952141,-2.0339887194943627,15.0,1.0
3.09,-0.21248149871826172,-0.21248149871826172,-2.487912178039551,-0.27899110603922905,-3.0168466256913007,-1.52657855746626,15.0,1.0
3.091,-0.21477031707763672,-0.21477031707763672,-2.487912178039551,-0.28200657590012906,-3.014078215372905,-1.5347099196707392,15.0,1.0
3.092,-0.21667766571044922,-0.21667766571044922,-1.872528076171875,-0.28501926246997555,-3.0112800573199934,-2.1638759325410133,15.0,1.0
3.093,-0.21858501434326172,-0.21858501434326172,-1.9252738952636719,-0.2880291360147684,-3.0084521791480086,-2.1248401089569375,15.0,1.0
3.094,-0.22125625610351562,-0.22125625610351562,-2.5934066772460938,-0.2910361668282709,-3.0055946087677228,-1.458886592392958,15.0,1.0
3.095,-0.22354507446289062,-0.22354507446289062,-2.373626708984375,-0.29404032523230456,-3.0027073743818846,-1.6865094269387186,15.0,1.0
3.096,-0.22545242309570312,-0.22545242309570312,-1.8989009857177734,-0.2970415815770353,-2.999790504486242,-2.174726895988451,15.0,1.0
3.097,-0.22774124145507812,-0.22774124145507812,-2.1802196502685547,-0.3000399062412764,-2.9968440278696846,-1.9011043493941042,15.0,1.0
3.098,-0.23041152954101562,-0.23041152954101562,-2.6285715103149414,-0.303035269632774,-2.993867973611742,-1.4546525646731763,15.0,1.0
3.099,-0.23231887817382812,-0.23231887817382812,-2.0747251510620117,-0.30602764218850054,-2.9908623710861946,-2.021768680244269,15.0,1.0
3.1,-0.23422622680664062,-0.23422622680664062,-1.8637371063232422,-0.30901699437494706,-2.9878272499572347,-2.245951657158589,15.0,1.0
3.101,-0.23651504516601562,-0.23651504516601562,-2.2329673767089844,-0.3120032966884143,-2.9847626401788148,-1.8841190363058107,15.0,1.0
3.102,-0.23918533325195312,-0.23918533325195312,-2.6813182830810547,-0.31498651965530405,-2.9816685719983695,-1.4373680849675787,15.0,1.0
3.103,-0.24109268188476562,-0.24109268188476562,-2.013186454772949,-0.3179666338324117,-2.978545075952667,-2.1184679003944087,15.0,1.0
3.104,-0.24300003051757812,-0.24300003051757812,-1.8901100158691406,-0.3209436098072101,-2.9753921828693706,-2.2544358563447098,15.0,1.0
3.105,-0.24528884887695312,-0.24528884887695312,-2.34725284576416,-0.3239174181981498,-2.9722099238657904,-1.8043856179195803,15.0,1.0
3.106,-0.24795913696289062,-0.24795913696289062,-2.4263734817504883,-0.326888029654941,-2.9689983303512406,-1.7265582389815082,15.0,1.0
3.107,-0.24986648559570312,-0.24986648559570312,-1.837362289428711,-0.3298554148588529,-2.9657574340224073,-2.328229083540943,15.0,1.0
3.108,-0.2517738342285156,-0.2517738342285156,-1.8461532592773438,-0.3328195445229865,-2.9624872668640307,-2.3320196620037503,15.0,1.0
3.109,-0.2536811828613281,-0.2536811828613281,-2.3384618759155273,-0.3357803893925803,-2.9591878611525146,-1.85221408320577,15.0,1.0
3.11,-0.2563514709472656,-0.2563514709472656,-2.3912086486816406,-0.33873792024529087,-2.9558592494516915,-1.8004473402404295,15.0,1.0
3.111,-0.2582588195800781,-0.2582588195800781,-1.8461532592773438,-0.3416921078914843,-2.9525014646122827,-2.3578475300060315,15.0,1.0
3.112,-0.2601661682128906,-0.2601661682128906,-1.8989009857177734,-0.34464292317451617,-2.9491145397761613,-2.317364878482771,15.0,1.0
3.113,-0.2624549865722656,-0.2624549865722656,-2.3999996185302734,-0.347590336971036,-2.9456985083710947,-1.8227291458223764,15.0,1.0
3.114,-0.2647438049316406,-0.2647438049316406,-2.276923179626465,-0.35053432019125774,-2.9422534041103745,-1.9521879533781665,15.0,1.0
3.115,-0.2666511535644531,-0.2666511535644531,-1.7406597137451172,-0.35347484377925736,-2.9387792609961707,-2.500474900473117,15.0,1.0
3.116,-0.2681770324707031,-0.2681770324707031,-1.8549442291259766,-0.35641187871325075,-2.9352761133169167,-2.4038545778291547,15.0,1.0
3.117,-0.2708473205566406,-0.2708473205566406,-2.4175825119018555,-0.35934539600589055,-2.931743995647622,-1.8416326154845155,15.0,1.0
3.118,-0.2731361389160156,-0.2731361389160156,-2.2945051193237305,-0.36227536670454535,-2.928182942848082,-1.9707662403522974,15.0,1.0
3.119,-0.2746620178222656,-0.2746620178222656,-1.8109893798828125,-0.3652017618915873,-2.924592990065605,-2.4716997712226183,15.0,1.0
3.12,-0.2765693664550781,-0.2765693664550781,-1.9252738952636719,-0.36812455268467725,-2.920974172731718,-2.369028070912033,15.0,1.0
3.121,-0.2792396545410156,-0.2792396545410156,-2.461538314819336,-0.37104371023705013,-2.9173265265613963,-1.832849047182578,15.0,1.0
3.122,-0.28152942657470703,-0.28152942657470703,-2.241758346557617,-0.3739592057377994,-2.9136500875561637,-2.058338428444932,15.0,1.0
3.123,-0.28305530548095703,-0.28305530548095703,-1.7054939270019531,-0.3768710104121631,-2.909944892000624,-2.6116865389667616,15.0,1.0
3.124,-0.28496265411376953,-0.28496265411376953,-1.8285713195800781,-0.37977909552180134,-2.906210976463683,-2.499886278004082,15.0,1.0
3.125,-0.28725147247314453,-0.28725147247314453,-2.452747344970703,-0.38268343236508984,-2.9024483777978674,-1.8811804312063438,15.0,1.0
3.126,-0.28954029083251953,-0.28954029083251953,-2.3032970428466797,-0.3855839922773964,-2.898657133137675,-2.0360156119641486,15.0,1.0
3.1270000000000002,-0.29144763946533203,-0.29144763946533203,-1.7758235931396484,-0.3884807466313658,-2.8948372799024185,-2.574510294253276,15.0,1.0
3.128,-0.29335498809814453,-0.29335498809814453,-1.916482925415039,-0.39137366683720193,-2.8909888557925854,-2.444786111463407,15.0,1.0
3.129,-0.29602527618408203,-0.29602527618408203,-2.479121208190918,-0.39426272434295034,-2.887111898789243,-1.8815524129813497,15.0,1.0
3.13,-0.29793262481689453,-0.29793262481689453,-2.1274728775024414,-0.3971478906347798,-2.883206447157164,-2.2439625569230017,15.0,1.0
3.1310000000000002,-0.29983997344970703,-0.29983997344970703,-1.6967029571533203,-0.40002913723726535,-2.879272539441331,-2.685407039101386,15.0,1.0
3.132,-0.30136585235595703,-0.30136585235595703,-1.8197803497314453,-0.4029064357136631,-2.8753102144677314,-2.5786386151018768,15.0,1.0
3.133,-0.30403614044189453,-0.30403614044189453,-2.3999996185302734,-0.4057797576662002,-2.8713195113433017,-1.9974741511776135,15.0,1.0
3.134,-0.30632495880126953,-0.30632495880126953,-2.259340286254883,-0.4086490747363491,-2.8673004694538804,-2.142821922225191,15.0,1.0
3.1350000000000002,-0.30785083770751953,-0.30785083770751953,-1.7846145629882812,-0.41151435860510865,-2.8632531284670506,-2.633591378942606,15.0,1.0
3.136,-0.30975818634033203,-0.30975818634033203,-1.9076919555664062,-0.41437558099328387,-2.8591775283284164,-2.5207464925562877,15.0,1.0
3.137,-0.31204700469970703,-0.31204700469970703,-2.259340286254883,-0.41723271366176484,-2.8550737092612053,-2.17351905743719,15.0,1.0
3.138,-0.31433582305908203,-0.31433582305908203,-2.0923080444335938,-0.42008572841180564,-2.850941711769309,-2.344882247626569,15.0,1.0
3.1390000000000002,-0.31586170196533203,-0.31586170196533203,-1.7054939270019531,-0.42293459708530406,-2.846781576633475,-2.7473810764311026,15.0,1.0
3.14,-0.31776905059814453,-0.31776905059814453,-1.8109893798828125,-0.42577929156507327,-2.8425933449126433,-2.651757579533762,15.0,1.0
3.141,-0.32005786895751953,-0.32005786895751953,-2.15384578704834,-0.42861978377512877,-2.8383770579424947,-2.3129599931582936,15.0,1.0
3.142,-0.32196521759033203,-0.32196521759033203,-2.1978025436401367,-0.43145604568095763,-2.8341327573376702,-2.2786926350569177,15.0,1.0
3.1430000000000002,-0.32387256622314453,-0.32387256622314453,-1.7318687438964844,-0.4342880492898047,-2.8298604849872504,-2.7542239870906684,15.0,1.0
3.144,-0.32577991485595703,-0.32577991485595703,-1.8637371063232422,-0.4371157666509328,-2.825560283055381,-2.631860953656776,15.0,1.0
3.145,-0.32806873321533203,-0.32806873321533203,-2.136263847351074,-0.43993916985591486,-2.821232193984457,-2.363024896242125,15.0,1.0
3.146,-0.32997608184814453,-0.32997608184814453,-2.171428680419922,-0.4427582310389011,-2.8168762604908864,-2.337179817932313,15.0,1.0
3.1470000000000002,-0.33188343048095703,-0.33188343048095703,-1.7230777740478516,-0.4455729223768973,-2.812492525565659,-2.794757129956911,15.0,1.0
3.148,-0.33340930938720703,-0.33340930938720703,-1.6791210174560547,-0.44838321609003307,-2.808081032473723,-2.8535686155600586,15.0,1.0
3.149,-0.33531665802001953,-0.33531665802001953,-1.9692306518554688,-0.4511890844418441,-2.803641824756596,-2.5724975692284957,15.0,1.0
3.15,-0.33760547637939453,-0.33760547637939453,-2.224175453186035,-0.45399049973954564,-2.7991749462275664,-2.3207748434437976,15.0,1.0
3.1510000000000002,-0.33951282501220703,-0.33951282501220703,-1.9076919555664062,-0.45678743433429975,-2.7946804409708363,-2.646107625235821,15.0,1.0
3.152,-0.34142017364501953,-0.34142017364501953,-1.7054939270019531,-0.459579860621488,-2.7901583533462997,-2.8570597309913732,15.0,1.0
3.153,-0.34332752227783203,-0.34332752227783203,-1.916482925415039,-0.4623677510409917,-2.7856087279853625,-2.6547292340177187,15.0,1.0
3.154,-0.34523582458496094,-0.34523582458496094,-2.25054931640625,-0.4651510780774581,-2.7810316097903183,-2.3292110957715257,15.0,1.0
3.1550000000000002,-0.34752464294433594,-0.34752464294433594,-1.9868125915527344,-0.46792981426057295,-2.7764270439366214,-2.595692022127442,15.0,1.0
3.156,-0.34905052185058594,-0.34905052185058594,-1.5472526550292969,-0.47070393216533196,-2.7717950758695338,-3.0493435755614273,15.0,1.0
3.157,-0.35057640075683594,-0.35057640075683594,-1.6967029571533203,-0.4734734044123114,-2.767135751303414,-2.9138878489822253,15.0,1.0
3.158,-0.35286521911621094,-0.35286521911621094,-2.0747251510620117,-0.4762382036679382,-2.762449116224758,-2.538318733438655,15.0,1.0
3.1590000000000003,-0.35477256774902344,-0.35477256774902344,-2.259340286254883,-0.4789983026447615,-2.7577352168883635,-2.361780954069552,15.0,1.0
3.16,-0.35667991638183594,-0.35667991638183594,-1.74945068359375,-0.48175367410171555,-2.7529940998185793,-2.8796497820230234,15.0,1.0
3.161,-0.35820579528808594,-0.35820579528808594,-1.661539077758789,-0.48450429084439806,-2.748225811808652,-2.9811641673945446,15.0,1.0
3.162,-0.36049461364746094,-0.36049461364746094,-1.9868125915527344,-0.4872501257253323,-2.74343039991885,-2.6579504895341857,15.0,1.0
3.1630000000000003,-0.36240196228027344,-0.36240196228027344,-2.224175453186035,-0.48999115164423634,-2.7386079114791073,-2.4282702987525155,15.0,1.0
3.164,-0.36430931091308594,-0.36430931091308594,-1.872528076171875,-0.4927273415482912,-2.7337583940856405,-2.787500777441844,15.0,1.0
3.165,-0.36583518981933594,-0.36583518981933594,-1.538461685180664,-0.495458668432407,-2.7288818955997556,-3.1347723896151574,15.0,1.0
3.166,-0.36774253845214844,-0.36774253845214844,-1.714284896850586,-0.4981851053394901,-2.7239784641514575,-2.9663320706109966,15.0,1.0
3.1670000000000003,-0.36964988708496094,-0.36964988708496094,-2.1098899841308594,-0.5009066253607105,-2.719048148135272,-2.5780092381406563,15.0,1.0
3.168,-0.37193870544433594,-0.37193870544433594,-2.136263847351074,-0.5036232016357614,-2.7140909962114677,-2.5530945917317744,15.0,1.0
3.169,-0.37346458435058594,-0.37346458435058594,-1.6000003814697266,-0.5063348073531329,-2.7091070573053457,-3.102160020873823,15.0,1.0
3.17,-0.37499046325683594,-0.37499046325683594,-1.582418441772461,-0.5090414157503714,-2.7040963806057334,-3.132442226236305,15.0,1.0
3.1710000000000003,-0.37727928161621094,-0.37727928161621094,-1.9692306518554688,-0.5117430001143449,-2.699059015567059,-2.7467841411836,15.0,1.0
3.172,-0.37918663024902344,-0.37918663024902344,-2.15384578704834,-0.5144395337815062,-2.6939950119062246,-2.568942777845126,15.0,1.0
3.173,-0.38109397888183594,-0.38109397888183594,-1.8021984100341797,-0.5171309901381568,-2.688904419601613,-2.927261178412246,15.0,1.0
3.174,-0.38261985778808594,-0.38261985778808594,-1.4505500793457031,-0.5198173426207089,-2.6837872888962124,-3.2911994820398536,15.0,1.0
3.1750000000000003,-0.38414573669433594,-0.38414573669433594,-1.6087913513183594,-0.5224985647159497,-2.678643670293468,-3.145144739299315,15.0,1.0
3.176,-0.38605308532714844,-0.38605308532714844,-1.9868125915527344,-0.5251746299612964,-2.6734736145589295,-2.7734841925184144,15.0,1.0
3.177,-0.38834190368652344,-0.38834190368652344,-2.1274728775024414,-0.5278455119450669,-2.668277172718547,-2.6333584190942574,15.0,1.0
3.178,-0.38986778259277344,-0.38986778259277344,-1.582418441772461,-0.5305111843067328,-2.6630543960606587,-3.190286979997589,15.0,1.0
3.1790000000000003,-0.39139366149902344,-0.39139366149902344,-1.5208797454833984,-0.5331716207371887,-2.6578053361315597,-3.2635949792206405,15.0,1.0
3.18,-0.39291954040527344,-0.39291954040527344,-1.7406597137451172,-0.5358267949789965,-2.652530044735954,-3.0554791495966835,15.0,1.0
3.181,-0.39520835876464844,-0.39520835876464844,-2.1098899841308594,-0.53847668082666,-2.647228573939742,-2.686363420739056,15.0,1.0
3.182,-0.39711570739746094,-0.39711570739746094,-1.9428577423095703,-0.5411212521268755,-2.641900976066495,-2.8591264046981424,15.0,1.0
3.1830000000000003,-0.39864158630371094,-0.39864158630371094,-1.415384292602539,-0.5437604827787934,-2.6365473036969433,-3.397946458220641,15.0,1.0
3.184,-0.39978599548339844,-0.39978599548339844,-1.3978023529052734,-0.5463943467342699,-2.631167609669035,-3.432490525526833,15.0,1.0
3.185,-0.40131187438964844,-0.40131187438964844,-1.661539077758789,-0.5490228179981309,-2.6257619470799796,-3.1798870234484276,15.0,1.0
3.186,-0.40360069274902344,-0.40360069274902344,-2.0835161209106445,-0.5516458706284292,-2.620330369281419,-2.7574919165618605,15.0,1.0
3.1870000000000003,-0.40550804138183594,-0.40550804138183594,-1.9076919555664062,-0.5542634787366943,-2.6148729298791977,-2.9385125346356675,15.0,1.0
3.188,-0.40703487396240234,-0.40703487396240234,-1.4329662322998047,-0.5568756164881882,-2.609389682736662,-3.4240345883236447,15.0,1.0
3.189,-0.40856075286865234,-0.40856075286865234,-1.4329662322998047,-0.559482258102167,-2.603880681971418,-3.4347370281743332,15.0,1.0
3.19,-0.41008663177490234,-0.41008663177490234,-1.7670326232910156,-0.5620833778521305,-2.5983459819552763,-3.1112645498226827,15.0,1.0
3.1910000000000003,-0.41237545013427734,-0.41237545013427734,-2.0747251510620117,-0.5646789500660782,-2.5927856373124314,-2.802612985227432,15.0,1.0
3.192,-0.41428279876708984,-0.41428279876708984,-1.7934074401855469,-0.567268949126756,-2.58719970292276,-3.0885845181322047,15.0,1.0
3.193,-0.41542720794677734,-0.41542720794677734,-1.371429443359375,-0.5698533494719231,-2.58158823391733,-3.5265509134351416,15.0,1.0
3.194,-0.41695308685302734,-0.41695308685302734,-1.3978023529052734,-0.5724321255945901,-2.575951285677718,-3.510334513895886,15.0,1.0
3.1950000000000003,-0.41847896575927734,-0.41847896575927734,-1.7406597137451172,-0.575005252043279,-2.570288913838624,-3.1775234943535318,15.0,1.0
3.196,-0.42076778411865234,-0.42076778411865234,-2.0923080444335938,-0.577572703422268,-2.564601174285542,-2.8243669194061827,15.0,1.0
3.197,-0.42267513275146484,-0.42267513275146484,-1.8109893798828125,-0.5801344543918495,-2.558888123154304,-3.1097885678772617,15.0,1.0
3.198,-0.42381954193115234,-0.42381954193115234,-1.4065933227539062,-0.582690479668576,-2.5531498168299436,-3.5296205601373924,15.0,1.0
3.1990000000000003,-0.42534542083740234,-0.42534542083740234,-1.459341049194336,-0.5852407540255099,-2.5473863119481166,-3.486475260575394,15.0,1.0
3.2,-0.42725276947021484,-0.42725276947021484,-1.7934074401855469,-0.5877852522924728,-2.5415976653923735,-3.156177467540696,15.0,1.0
3.201,-0.42916011810302734,-0.42916011810302734,-2.048351287841797,-0.5903239493562941,-2.5357839342931925,-2.9048901152503963,15.0,1.0
3.202,-0.43106746673583984,-0.43106746673583984,-1.714284896850586,-0.5928568201610586,-2.52994517603031,-3.242500580558005,15.0,1.0
3.203,-0.43221187591552734,-0.43221187591552734,-1.336263656616211,-0.5953838397083542,-2.524081448230106,-3.6353972485062975,15.0,1.0
3.204,-0.43373775482177734,-0.43373775482177734,-1.371429443359375,-0.5979049830575194,-2.518192808764752,-3.6092717889415074,15.0,1.0
3.205,-0.43526363372802734,-0.43526363372802734,-1.6879119873046875,-0.6004202253258843,-2.5122793157530623,-3.30171620241623,15.0,1.0
3.206,-0.43717098236083984,-0.43717098236083984,-1.9780216217041016,-0.6029295416890249,-2.5063410275588467,-3.014697795777521,15.0,1.0
3.207,-0.43907833099365234,-0.43907833099365234,-1.7670326232910156,-0.6054329073810014,-2.500378002789887,-3.2286640253091075,15.0,1.0
3.208,-0.44060420989990234,-0.44060420989990234,-1.371429443359375,-0.6079302976946053,-2.494390300300097,-3.6328521738612656,15.0,1.0
3.209,-0.44174861907958984,-0.44174861907958984,-1.3978023529052734,-0.6104216879816022,-2.488377979185657,-3.6206716598105695,15.0,1.0
3.21,-0.44365596771240234,-0.44365596771240234,-1.6879119873046875,-0.612907053652976,-2.482341098784559,-3.333195400588477,15.0,1.0
3.211,-0.44556331634521484,-0.44556331634521484,-2.0043954849243164,-0.6153863701791709,-2.4762797186792227,-3.0192300412642465,15.0,1.0
3.212,-0.44747066497802734,-0.44747066497802734,-1.7670326232910156,-0.617859613090335,-2.4701938986925143,-3.2589954970861132,15.0,1.0
3.213,-0.44861507415771484,-0.44861507415771484,-1.3274726867675781,-0.6203267579765565,-2.464083698888487,-3.712286269403533,15.0,1.0
3.214,-0.44975948333740234,-0.44975948333740234,-1.2747249603271484,-0.6227877804881115,-2.4579491795740296,-3.778648676507518,15.0,1.0
3.215,-0.45128536224365234,-0.45128536224365234,-1.4945049285888672,-0.625242656335704,-2.451790401294261,-3.566644884086168,15.0,1.0
3.216,-0.45319271087646484,-0.45319271087646484,-1.8285713195800781,-0.6276913612907005,-2.4456074248322466,-3.234515861465703,15.0,1.0
3.217,-0.45510005950927734,-0.45510005950927734,-1.916482925415039,-0.630133871185369,-2.4394003112121823,-3.148424560938518,15.0,1.0
3.218,-0.45662593841552734,-0.45662593841552734,-1.4329662322998047,-0.6325701619131242,-2.433169121695869,-3.6393662418600172,15.0,1.0
3.219,-0.45777034759521484,-0.45777034759521484,-1.3274726867675781,-0.6350002094287602,-2.42691391778294,-3.7578891585185428,15.0,1.0
3.22,-0.45929622650146484,-0.45929622650146484,-1.3626365661621094,-0.6374239897486905,-2.4206347612084187,-3.7299146437546944,15.0,1.0
3.221,-0.46082210540771484,-0.46082210540771484,-1.6439552307128906,-0.6398414789511777,-2.4143317139467513,-3.4556670863858034,15.0,1.0
3.222,-0.46272945404052734,-0.46272945404052734,-1.8901100158691406,-0.6422526531765835,-2.4080048382065797,-3.210742809378282,15.0,1.0
3.223,-0.46425533294677734,-0.46425533294677734,-1.5648345947265625,-0.6446574886275903,-2.4016541964301723,-3.5428519369158042,15.0,1.0
3.224,-0.46539974212646484,-0.46539974212646484,-1.213186264038086,-0.6470559615694444,-2.3952798512963795,-3.9069368789029877,15.0,1.0
3.225,-0.46654415130615234,-0.46654415130615234,-1.160440444946289,-0.6494480483301837,-2.3888818657173942,-3.9719998761315747,15.0,1.0
3.226,-0.46807003021240234,-0.46807003021240234,-1.3802204132080078,-0.6518337253008787,-2.3824603028388083,-3.7586953159579455,15.0,1.0
3.227,-0.46959686279296875,-0.46959686279296875,-1.6791210174560547,-0.6542129689358608,-2.3760152260384757,-3.4661358007258016,15.0,1.0
3.228,-0.47150421142578125,-0.47150421142578125,-1.872528076171875,-0.6565857557529561,-2.369546698927536,-3.2732417876632836,15.0,1.0
3.229,-0.47303009033203125,-0.47303009033203125,-1.4681320190429688,-0.6589520623337164,-2.3630547853477992,-3.683752346330108,15.0,1.0
3.23,-0.47417449951171875,-0.47417449951171875,-1.2571430206298828,-0.6613118653236512,-2.3565395493709502,-3.9064570159200533,15.0,1.0
3.231,-0.47570037841796875,-0.47570037841796875,-1.2043952941894531,-0.6636651414324577,-2.350001055300197,-3.965077206328078,15.0,1.0
3.232,-0.47722625732421875,-0.47722625732421875,-1.4329662322998047,-0.666011867434252,-2.343439367667486,-3.74225728701818,15.0,1.0
3.233,-0.47875213623046875,-0.47875213623046875,-1.7670326232910156,-0.6683520201677933,-2.336854551234296,-3.4138201870031484,15.0,1.0
3.234,-0.48027801513671875,-0.48027801513671875,-1.6879119873046875,-0.6706855765367201,-2.3302466709902205,-3.4984481046855533,15.0,1.0
3.235,-0.48180389404296875,-0.48180389404296875,-1.2747249603271484,-0.6730125135097732,-2.323615792151884,-3.917020123826802,15.0,1.0
3.236,-0.48294830322265625,-0.48294830322265625,-1.2043952941894531,-0.6753328081210243,-2.3169619801640238,-3.9983342594500906,15.0,1.0
3.237,-0.48409271240234375,-0.48409271240234375,-1.2747249603271484,-0.6776464374701019,-2.310285300697444,-3.9388662163866677,15.0,1.0
3.238,-0.48561859130859375,-0.48561859130859375,-1.4505500793457031,-0.6799533787224187,-2.3035858196471963,-3.7680575515088672,15.0,1.0
3.239,-0.48714447021484375,-0.48714447021484375,-1.7582416534423828,-0.6822536091093958,-2.296863603134966,-3.465259033110864,15.0,1.0
3.24,-0.48905181884765625,-0.48905181884765625,-1.6175823211669922,-0.6845471059286892,-2.290118717506118,-3.60496570255462,15.0,1.0
3.241,-0.49019622802734375,-0.49019622802734375,-1.2747249603271484,-0.6868338465444086,-2.2833512293299805,-3.9581905467588046,15.0,1.0
3.242,-0.49134063720703125,-0.49134063720703125,-1.1780223846435547,-0.6891138083873487,-2.2765612053992186,-4.0651363884604255,15.0,1.0
3.243,-0.49286651611328125,-0.49286651611328125,-1.292306900024414,-0.6913869689552065,-2.2697487127278464,-3.9552486053323106,15.0,1.0
3.244,-0.49439239501953125,-0.49439239501953125,-1.4681320190429688,-0.6936533058128049,-2.2629138185535567,-3.7836954614096934,15.0,1.0
3.245,-0.49591827392578125,-0.49591827392578125,-1.6791210174560547,-0.6959127965923141,-2.2560565903339125,-3.5768534128758502,15.0,1.0
3.246,-0.49744415283203125,-0.49744415283203125,-1.4681320190429688,-0.6981654189934723,-2.24917709574612,-3.7918640691247667,15.0,1.0
3.247,-0.49858856201171875,-0.49858856201171875,-1.160440444946289,-0.7004111507838059,-2.2422754026885627,-4.109173789323581,15.0,1.0
3.248,-0.49973297119140625,-0.49973297119140625,-1.0989017486572266,-0.7026499697988499,-2.235351579277733,-4.18020480973216,15.0,1.0
3.249,-0.5008773803710938,-0.5008773803710938,-1.2219772338867188,-0.7048818539423619,-2.228405693849254,-4.066495563531557,15.0,1.0
3.25,-0.5020217895507812,-0.5020217895507812,-1.3538455963134766,-0.7071067811865479,-2.2214378149557206,-3.943867093178744,15.0,1.0
3.251,-0.5039291381835938,-0.5039291381835938,-1.6175823211669922,-0.7093247295722729,-2.2144480113685745,-3.6777995610317693,15.0,1.0
3.2520000000000002,-0.5054550170898438,-0.5054550170898438,-1.5648345947265625,-0.7115356772092855,-2.2074363520738984,-3.7338116591389614,15.0,1.0
3.253,-0.5065994262695312,-0.5065994262695312,-1.2395610809326172,-0.7137396022764213,-2.200402906273041,-4.067944465443775,15.0,1.0
3.254,-0.5077438354492188,-0.5077438354492188,-1.2043952941894531,-0.715936483021831,-2.1933477433838675,-4.1118421627835975,15.0,1.0
3.255,-0.5088882446289062,-0.5088882446289062,-1.2307701110839844,-0.7181262977631885,-2.186270933038088,-4.0940716189683375,15.0,1.0
3.2560000000000002,-0.5104141235351562,-0.5104141235351562,-1.4065933227539062,-0.7203090248879076,-2.1791725450801778,-3.921002742617542,15.0,1.0
3.257,-0.5119400024414062,-0.5119400024414062,-1.626373291015625,-0.7224846428533492,-2.172052649569366,-3.703848964732886,15.0,1.0
3.258,-0.5134658813476562,-0.5134658813476562,-1.5208797454833984,-0.7246531301870459,-2.1649113167766245,-3.811840303884071,15.0,1.0
3.259,-0.5146102905273438,-0.5146102905273438,-1.160440444946289,-0.726814465486902,-2.1577486171826763,-4.180370796629761,15.0,1.0
3.2600000000000002,-0.5157546997070312,-0.5157546997070312,-1.0901107788085938,-0.7289686274214118,-2.1505646214808394,-4.2586627583879535,15.0,1.0
3.261,-0.5168991088867188,-0.5168991088867188,-1.0813179016113281,-0.7311155947298642,-2.1433594005742975,-4.275288786610151,15.0,1.0
3.262,-0.5180435180664062,-0.5180435180664062,-1.1956043243408203,-0.73325534622256,-2.1361330255759867,-4.168706123577472,15.0,1.0
3.263,-0.5195693969726562,-0.5195693969726562,-1.5032958984375,-0.7353878607810157,-2.128885567806549,-3.8628666264944407,15.0,1.0
3.2640000000000002,-0.5210952758789062,-0.5210952758789062,-1.538461685180664,-0.7375131173581736,-2.1216170987964915,-3.8294230358048376,15.0,1.0
3.265,-0.5226211547851562,-0.5226211547851562,-1.3274726867675781,-0.7396310949786092,-2.114327690282778,-4.042004106416995,15.0,1.0
3.266,-0.5233840942382812,-0.5233840942382812,-1.0549449920654297,-0.7417417727387386,-2.1070174142077462,-4.327437599649178,15.0,1.0
3.267,-0.5245285034179688,-0.5245285034179688,-1.0285720825195312,-0.7438451298070243,-2.099686342721668,-4.360863656037971,15.0,1.0
3.2680000000000002,-0.5256729125976562,-0.5256729125976562,-1.125274658203125,-0.7459411454241824,-2.092334548178883,-4.271083382373651,15.0,1.0
3.269,-0.5268173217773438,-0.5268173217773438,-1.213186264038086,-0.7480297989033827,-2.084962103138821,-4.189962995991319,15.0,1.0
3.27,-0.5283432006835938,-0.5283432006835938,-1.4945049285888672,-0.7501110696304596,-2.077569080364583,-3.9095821859787034,15.0,1.0
3.271,-0.5298690795898438,-0.5298690795898438,-1.415384292602539,-0.7521849370641114,-2.0701555528218023,-3.9895091223332777,15.0,1.0
3.2720000000000002,-0.5310134887695312,-0.5310134887695312,-1.1428565979003906,-0.7542513807361036,-2.0627215936798393,-4.268433375278034,15.0,1.0
3.273,-0.5317773818969727,-0.5317773818969727,-0.9934062957763672,-0.7563103802514717,-2.0552672763091095,-4.429855955850227,15.0,1.0
3.274,-0.5329217910766602,-0.5329217910766602,-0.9670333862304688,-0.7583619152887214,-2.0477926742796058,-4.462361151230056,15.0,1.0
3.275,-0.5340662002563477,-0.5340662002563477,-1.037363052368164,-0.7604059656000304,-2.0402978613632854,-4.398031289150362,15.0,1.0
3.2760000000000002,-0.5352106094360352,-0.5352106094360352,-1.125274658203125,-0.7624425110114483,-2.0327829115304894,-4.315986776958562,15.0,1.0
3.277,-0.5363550186157227,-0.5363550186157227,-1.4417591094970703,-0.764471531423092,-2.025247898951079,-4.005236481564548,15.0,1.0
3.278,-0.5378808975219727,-0.5378808975219727,-1.4945049285888672,-0.7664930068093501,-2.0176928979925606,-3.9523696087143545,15.0,1.0
3.279,-0.5394067764282227,-0.5394067764282227,-1.213186264038086,-0.7685069172190767,-2.010117983219402,-4.2334338310441275,15.0,1.0
3.2800000000000002,-0.5401697158813477,-0.5401697158813477,-1.0285720825195312,-0.7705132427757893,-2.002523229393489,-4.429104050290582,15.0,1.0
3.281,-0.5413141250610352,-0.5413141250610352,-0.9494514465332031,-0.7725119636778642,-1.9949087114723625,-4.513424844191595,15.0,1.0
3.282,-0.5420770645141602,-0.5420770645141602,-1.037363052368164,-0.7745030601987335,-1.9872745046072282,-4.4363013875076645,15.0,1.0
3.283,-0.5432214736938477,-0.5432214736938477,-1.1340656280517578,-0.7764865126870782,-1.9796206841450044,-4.344530640991705,15.0,1.0
3.2840000000000003,-0.5447473526000977,-0.5447473526000977,-1.4329662322998047,-0.778462301567024,-1.971947325625706,-4.044705327829797,15.0,1.0
3.285,-0.5462732315063477,-0.5462732315063477,-1.3978023529052734,-0.7804304073383302,-1.9642545047824456,-4.078809789356911,15.0,1.0
3.286,-0.5474176406860352,-0.5474176406860352,-1.1692314147949219,-0.7823908105765884,-1.95654229753967,-4.311908431103047,15.0,1.0
3.287,-0.5485620498657227,-0.5485620498657227,-0.9494514465332031,-0.7843434919334091,-1.9488107800150942,-4.536080964497188,15.0,1.0
3.2880000000000003,-0.5493249893188477,-0.5493249893188477,-0.9054946899414062,-0.786288432136619,-1.94106002851521,-4.590016980840375,15.0,1.0
3.289,-0.5500879287719727,-0.5500879287719727,-0.8615379333496094,-0.7882256119904401,-1.9332901195357977,-4.643817434463199,15.0,1.0
3.29,-0.5512323379516602,-0.5512323379516602,-0.9670333862304688,-0.7901550123756902,-1.9255011297635747,-4.5423078598935565,15.0,1.0
3.291,-0.5519952774047852,-0.5519952774047852,-1.0989017486572266,-0.7920766142499668,-1.917693136072728,-4.420011440093226,15.0,1.0
3.2920000000000003,-0.5535211563110352,-0.5535211563110352,-1.3010997772216797,-0.793990398647836,-1.9098662155241186,-4.215805073354453,15.0,1.0
3.293,-0.5546655654907227,-0.5546655654907227,-1.2307701110839844,-0.7958963466810154,-1.902020445367441,-4.289712052137848,15.0,1.0
3.294,-0.5558099746704102,-0.5558099746704102,-1.0549449920654297,-0.7977944395385704,-1.894155903037415,-4.468977883994389,15.0,1.0
3.295,-0.5565729141235352,-0.5565729141235352,-0.8879127502441406,-0.7996846584870898,-1.8862726661529905,-4.64503608136217,15.0,1.0
3.2960000000000003,-0.5577173233032227,-0.5577173233032227,-0.9142856597900391,-0.8015669848708767,-1.8783708125187104,-4.621830076243483,15.0,1.0
3.297,-0.5584802627563477,-0.5584802627563477,-0.8527469635009766,-0.8034414001121277,-1.870450420122836,-4.6921205169585605,15.0,1.0
3.298,-0.5592432022094727,-0.5592432022094727,-0.9934062957763672,-0.805307885711122,-1.862511567136437,-4.56007552388481,15.0,1.0
3.299,-0.5603876113891602,-0.5603876113891602,-1.0901107788085938,-0.8071664232464002,-1.854554331912425,-4.466125730962432,15.0,1.0
3.3000000000000003,-0.5619134902954102,-0.5619134902954102,-1.2659339904785156,-0.8090169943749472,-1.8465787929862358,-4.287197363700776,15.0,1.0
3.301,-0.5630578994750977,-0.5630578994750977,-1.1868133544921875,-0.8108595808323731,-1.8385850290733288,-4.368796894940273,15.0,1.0
3.302,-0.5638208389282227,-0.5638208389282227,-1.0197811126708984,-0.8126941644330935,-1.8305731190681058,-4.54389188897027,15.0,1.0
3.303,-0.5649652481079102,-0.5649652481079102,-0.8527469635009766,-0.8145207270705088,-1.8225431420451628,-4.713128362983166,15.0,1.0
3.3040000000000003,-0.5657281875610352,-0.5657281875610352,-0.8439559936523438,-0.8163392507171843,-1.814495177257129,-4.729705130947022,15.0,1.0
3.305,-0.5664911270141602,-0.5664911270141602,-0.7824172973632812,-0.8181497174250236,-1.8064293041342694,-4.79889086293394,15.0,1.0
3.306,-0.5672540664672852,-0.5672540664672852,-0.9230766296386719,-0.8199521093254525,-1.7983456022835185,-4.6657396155173565,15.0,1.0
3.307,-0.5683984756469727,-0.5683984756469727,-1.002197265625,-0.8217464086295903,-1.7902441514872294,-4.588265880601494,15.0,1.0
3.3080000000000003,-0.5695428848266602,-0.5695428848266602,-1.1956043243408203,-0.8235325976284273,-1.7821250317043678,-4.396366399390056,15.0,1.0
3.309,-0.5706872940063477,-0.5706872940063477,-1.1956043243408203,-0.8253106586929994,-1.7739883230672717,-4.397734469026227,15.0,1.0
3.31,-0.5718317031860352,-0.5718317031860352,-1.125274658203125,-0.8270805742745615,-1.765834105881197,-4.469292514005967,15.0,1.0
3.311,-0.5725946426391602,-0.5725946426391602,-0.8879127502441406,-0.8288423269047615,-1.7576624606256246,-4.713464974365504,15.0,1.0
3.3120000000000003,-0.5737390518188477,-0.5737390518188477,-0.8351650238037109,-0.8305958991958131,-1.7494734679509634,-4.767161154801734,15.0,1.0
3.313,-0.5745019912719727,-0.5745019912719727,-0.7999992370605469,-0.8323412738406638,-1.7412672086792895,-4.80885721014911,15.0,1.0
3.314,-0.5752649307250977,-0.5752649307250977,-0.8263740539550781,-0.8340784336131714,-1.7330437638034368,-4.788872253169464,15.0,1.0
3.315,-0.5760278701782227,-0.5760278701782227,-0.9318675994873047,-0.8358073613682704,-1.724803214485064,-4.689627982848475,15.0,1.0
3.3160000000000003,-0.5771722793579102,-0.5771722793579102,-1.0109882354736328,-0.8375280400421418,-1.7165456420553369,-4.610893816845178,15.0,1.0
3.317,-0.5783166885375977,-0.5783166885375977,-1.1428565979003906,-0.8392404526523816,-1.7082711280137914,-4.479270991835159,15.0,1.0
3.318,-0.5794610977172852,-0.5794610977172852,-1.0461540222167969,-0.8409445822981689,-1.699979754025378,-4.5760780005218376,15.0,1.0
3.319,-0.5802240371704102,-0.5802240371704102,-0.9582424163818359,-0.842640412160432,-1.6916716019231899,-4.669674810391681,15.0,1.0
3.3200000000000003,-0.5809869766235352,-0.5809869766235352,-0.7736263275146484,-0.8443279255020156,-1.683346753705166,-4.859834659367724,15.0,1.0
3.321,-0.5817499160766602,-0.5817499160766602,-0.7296695709228516,-0.8460071056678427,-1.6750052915341485,-4.909193564479034,15.0,1.0
3.322,-0.5825128555297852,-0.5825128555297852,-0.7296695709228516,-0.8476779360850836,-1.6666472977367448,-4.914453935143369,15.0,1.0
3.323,-0.5832757949829102,-0.5832757949829102,-0.6857147216796875,-0.8493404002633158,-1.6582728548040109,-4.963527212330408,15.0,1.0
3.3240000000000003,-0.5840387344360352,-0.5840387344360352,-0.7999992370605469,-0.850994481794692,-1.6498820453880398,-4.854219018707345,15.0,1.0
3.325,-0.5848016738891602,-0.5848016738891602,-0.8615379333496094,-0.8526401643540923,-1.641474952301735,-4.797514375926108,15.0,1.0
3.326,-0.5859460830688477,-0.5859460830688477,-0.9934062957763672,-0.854277431699295,-1.6330516585204577,-4.664615592200802,15.0,1.0
3.327,-0.5870904922485352,-0.5870904922485352,-1.0285720825195312,-0.8559062676711329,-1.6246122471787316,-4.6282767959981665,15.0,1.0
3.3280000000000003,-0.5878534317016602,-0.5878534317016602,-1.037363052368164,-0.8575266561936529,-1.6161568015698435,-4.62389211658157,15.0,1.0
3.329,-0.5886163711547852,-0.5886163711547852,-0.8615379333496094,-0.8591385812742729,-1.6076854051453324,-4.803980623588039,15.0,1.0
3.33,-0.5893793106079102,-0.5893793106079102,-0.7296695709228516,-0.8607420270039432,-1.5991981415154441,-4.939969316533088,15.0,1.0
3.331,-0.5901422500610352,-0.5901422500610352,-0.7032966613769531,-0.8623369775573034,-1.5906950944458913,-4.970319345512962,15.0,1.0
3.332,-0.5909051895141602,-0.5909051895141602,-0.6769237518310547,-0.8639234171928346,-1.5821763478576827,-5.000526011206745,15.0,1.0
3.333,-0.5916681289672852,-0.5916681289672852,-0.6681327819824219,-0.8655013302530191,-1.5736419858274644,-5.013007223131052,15.0,1.0
3.334,-0.5924310684204102,-0.5924310684204102,-0.7648353576660156,-0.86707070116449,-1.5650920925862124,-4.919851226081395,15.0,1.0
3.335,-0.5931940078735352,-0.5931940078735352,-0.8175830841064453,-0.8686315144381912,-1.5565267525178683,-4.8705062668812635,15.0,1.0
3.336,-0.5939579010009766,-0.5939579010009766,-0.9054946899414062,-0.8701837546695255,-1.5479460501586004,-4.785839165245427,15.0,1.0
3.337,-0.5951023101806641,-0.5951023101806641,-1.0197811126708984,-0.8717274065385087,-1.5393500701969742,-4.668945402893745,15.0,1.0
3.338,-0.5958652496337891,-0.5958652496337891,-0.9230766296386719,-0.8732624548099198,-1.5307388974720197,-4.768620345475309,15.0,1.0
3.339,-0.5970096588134766,-0.5970096588134766,-0.8439559936523438,-0.8747888843334524,-1.5221126169717536,-4.844845006119047,15.0,1.0
3.34,-0.5973911285400391,-0.5973911285400391,-0.7032966613769531,-0.876306680043863,-1.5134713138346,-4.993907925015007,15.0,1.0
3.341,-0.5981540679931641,-0.5981540679931641,-0.6505489349365234,-0.8778158269611219,-1.5048150733464354,-5.04919252292928,15.0,1.0
3.342,-0.5989170074462891,-0.5989170074462891,-0.6769237518310547,-0.8793163101905563,-1.4961439809410422,-5.025209770273997,15.0,1.0
3.343,-0.5992984771728516,-0.5992984771728516,-0.5978031158447266,-0.8808081149230036,-1.487458122198575,-5.112299572606129,15.0,1.0
3.344,-0.6000614166259766,-0.6000614166259766,-0.6857147216796875,-0.8822912264349532,-1.4787575828447075,-5.026490008299669,15.0,1.0
3.345,-0.6008243560791016,-0.6008243560791016,-0.7120876312255859,-0.8837656300886932,-1.4700424487506893,-5.002073927668978,15.0,1.0
3.346,-0.6015872955322266,-0.6015872955322266,-0.7736263275146484,-0.8852313113324549,-1.461312805931641,-4.942346715420418,15.0,1.0
3.347,-0.6027317047119141,-0.6027317047119141,-0.8967037200927734,-0.8866882557005562,-1.4525687405447911,-4.81521328528165,15.0,1.0
3.348,-0.6034946441650391,-0.6034946441650391,-0.9318675994873047,-0.8881364488135441,-1.4438103388908985,-4.78156980913117,15.0,1.0
3.349,-0.6042575836181641,-0.6042575836181641,-0.8791217803955078,-0.8895758763783382,-1.435037687411807,-4.835690298418911,15.0,1.0
3.35,-0.6050205230712891,-0.6050205230712891,-0.7736263275146484,-0.8910065241883681,-1.4262508726900478,-4.942414561931585,15.0,1.0
3.351,-0.6057834625244141,-0.6057834625244141,-0.6417579650878906,-0.892428378123718,-1.4174499814475894,-5.075365750349258,15.0,1.0
3.352,-0.6065464019775391,-0.6065464019775391,-0.6153850555419922,-0.893841424151263,-1.4086351005466895,-5.102675377610557,15.0,1.0
3.353,-0.6069278717041016,-0.6069278717041016,-0.5890102386474609,-0.8952456483248116,-1.3998063169862007,-5.13556272764939,15.0,1.0
3.354,-0.6076908111572266,-0.6076908111572266,-0.5626373291015625,-0.8966410367852358,-1.390963717902082,-5.162579773220657,15.0,1.0
3.355,-0.6080722808837891,-0.6080722808837891,-0.5714282989501953,-0.8980275757606154,-1.3821073905676258,-5.160008514769826,15.0,1.0
3.356,-0.6088352203369141,-0.6088352203369141,-0.6417579650878906,-0.8994052515663707,-1.373237422391412,-5.090029925745371,15.0,1.0
3.357,-0.6095981597900391,-0.6095981597900391,-0.6681327819824219,-0.9007740506053985,-1.3643539009160008,-5.063859481163971,15.0,1.0
3.358,-0.6099796295166016,-0.6099796295166016,-0.6945056915283203,-0.9021339593682032,-1.3554569138180455,-5.043266170063749,15.0,1.0
3.359,-0.6107425689697266,-0.6107425689697266,-0.7560443878173828,-0.9034849644330343,-1.3465465489080088,-4.9816380930402415,15.0,1.0
3.36,-0.6115055084228516,-0.6115055084228516,-0.8263740539550781,-0.9048270524660189,-1.3376228941276622,-4.911072000820094,15.0,1.0
3.361,-0.6122684478759766,-0.6122684478759766,-0.7384624481201172,-0.9061602102212899,-1.3286860375488345,-4.998600024608417,15.0,1.0
3.362,-0.6130313873291016,-0.6130313873291016,-0.6857147216796875,-0.9074844245411169,-1.3197360673751746,-5.050816903875717,15.0,1.0
3.363,-0.6137943267822266,-0.6137943267822266,-0.5890102386474609,-0.90879968235604,-1.3107730719394226,-5.146843166899163,15.0,1.0
3.364,-0.6141757965087891,-0.6141757965087891,-0.5098896026611328,-0.9101059706849954,-1.3017971397027281,-5.230860149684691,15.0,1.0
3.365,-0.6145572662353516,-0.6145572662353516,-0.4923076629638672,-0.9114032766354457,-1.2928083592533426,-5.253190852290888,15.0,1.0
3.366,-0.6153202056884766,-0.6153202056884766,-0.5098896026611328,-0.9126915874035024,-1.2838068193076424,-5.2344879423718975,15.0,1.0
3.367,-0.6157016754150391,-0.6157016754150391,-0.5010986328125,-0.9139708902740608,-1.2747926087074575,-5.247732198780283,15.0,1.0
3.368,-0.6160831451416016,-0.6160831451416016,-0.4307689666748047,-0.9152411726209171,-1.2657658164185364,-5.322367261933465,15.0,1.0
3.369,-0.6164646148681641,-0.6164646148681641,-0.5362644195556641,-0.9165024219068981,-1.2567265315318537,-5.2210292175572,15.0,1.0
3.37,-0.6172275543212891,-0.6172275543212891,-0.5714282989501953,-0.9177546256839811,-1.2476748432617342,-5.18415261475192,15.0,1.0
3.371,-0.6179904937744141,-0.6179904937744141,-0.5802192687988281,-0.9189977715934213,-1.2386108409446592,-5.17350073943094,15.0,1.0
3.372,-0.6183719635009766,-0.6183719635009766,-0.6153850555419922,-0.9202318473658703,-1.2295346140383572,-5.142047816469771,15.0,1.0
3.373,-0.6191349029541016,-0.6191349029541016,-0.6769237518310547,-0.9214568408214983,-1.2204462521219739,-5.078351568301869,15.0,1.0
3.374,-0.6198978424072266,-0.6198978424072266,-0.7032966613769531,-0.9226727398701146,-1.2113458448942538,-5.04967264546062,15.0,1.0
3.375,-0.6202793121337891,-0.6202793121337891,-0.624176025390625,-0.9238795325112864,-1.202233482171664,-5.1320607624434995,15.0,1.0
3.376,-0.6210422515869141,-0.6210422515869141,-0.6329669952392578,-0.9250772068344576,-1.1931092538900998,-5.120666587363995,15.0,1.0
3.3770000000000002,-0.6218051910400391,-0.6218051910400391,-0.5626373291015625,-0.9262657510190668,-1.1839732501018148,-5.188244320685669,15.0,1.0
3.378,-0.6221866607666016,-0.6221866607666016,-0.47472572326660156,-0.9274451533346615,-1.1748255609753642,-5.278977226229662,15.0,1.0
3.379,-0.6225681304931641,-0.6225681304931641,-0.4395599365234375,-0.9286154021410173,-1.1656662767950934,-5.316815414989455,15.0,1.0
3.38,-0.6229496002197266,-0.6229496002197266,-0.4219779968261719,-0.9297764858882513,-1.1564954879590346,-5.336920776160735,15.0,1.0
3.3810000000000002,-0.6233310699462891,-0.6233310699462891,-0.4219779968261719,-0.9309283931169356,-1.1473132849795888,-5.339295135713115,15.0,1.0
3.382,-0.6237125396728516,-0.6237125396728516,-0.4395599365234375,-0.9320711124582108,-1.138119758481423,-5.323938413738375,15.0,1.0
3.383,-0.6240940093994141,-0.6240940093994141,-0.39560508728027344,-0.9332046326338983,-1.1289149992005605,-5.369969260437551,15.0,1.0
3.384,-0.6248569488525391,-0.6248569488525391,-0.4395599365234375,-0.9343289424566118,-1.119699097984494,-5.322219065522147,15.0,1.0
3.3850000000000002,-0.6252384185791016,-0.6252384185791016,-0.5186805725097656,-0.9354440308298676,-1.1104721457901974,-5.244875757041922,15.0,1.0
3.386,-0.6256198883056641,-0.6256198883056641,-0.5274734497070312,-0.9365498867481925,-1.1012342336841812,-5.237710760615077,15.0,1.0
3.387,-0.6263828277587891,-0.6263828277587891,-0.5450553894042969,-0.9376464992972358,-1.0919854528409587,-5.2158851365133625,15.0,1.0
3.388,-0.6267642974853516,-0.6267642974853516,-0.5714282989501953,-0.9387338576538742,-1.082725894541852,-5.190840998119496,15.0,1.0
3.3890000000000002,-0.6275272369384766,-0.6275272369384766,-0.6417579650878906,-0.9398119510863197,-1.0734556501754469,-5.115968397305203,15.0,1.0
3.39,-0.6282901763916016,-0.6282901763916016,-0.6593399047851562,-0.9408807689542253,-1.0641748112355458,-5.093693794889746,15.0,1.0
3.391,-0.6286716461181641,-0.6286716461181641,-0.5626373291015625,-0.9419403007087905,-1.0548834693195772,-5.191275959077412,15.0,1.0
3.392,-0.6294345855712891,-0.6294345855712891,-0.5626373291015625,-0.9429905358928643,-1.0455817161296181,-5.186283641851684,15.0,1.0
3.3930000000000002,-0.6298160552978516,-0.6298160552978516,-0.4923076629638672,-0.94403146414105,-1.0362696434702343,-5.257193113154344,15.0,1.0
3.394,-0.6301975250244141,-0.6301975250244141,-0.4307689666748047,-0.945063075179805,-1.0269473432476275,-5.319161628903688,15.0,1.0
3.395,-0.6305789947509766,-0.6305789947509766,-0.3868141174316406,-0.946085358827545,-1.0176149074695218,-5.3633962511864075,15.0,1.0
3.396,-0.6309604644775391,-0.6309604644775391,-0.3692302703857422,-0.9470983049947438,-1.0082724282434015,-5.38110976561573,15.0,1.0
3.3970000000000002,-0.6313419342041016,-0.6313419342041016,-0.33406639099121094,-0.948101903684032,-0.9989199977752605,-5.416253148983007,15.0,1.0
3.398,-0.6317234039306641,-0.6317234039306641,-0.3164844512939453,-0.9490961449902946,-0.9895577083699436,-5.433664372970457,15.0,1.0
3.399,-0.6321048736572266,-0.6321048736572266,-0.34285736083984375,-0.9500810191007717,-0.9801856524295545,-5.406970473242888,15.0,1.0
3.4,-0.6321048736572266,-0.6321048736572266,-0.3164844512939453,-0.9510565162951534,-0.9708039224525464,-5.438594110727504,15.0,1.0
3.4010000000000002,-0.6324863433837891,-0.6324863433837891,-0.29010963439941406,-0.952022626945677,-0.961412611032415,-5.464347230061319,15.0,1.0
3.402,-0.6328678131103516,-0.6328678131103516,-0.3076915740966797,-0.9529793415172185,-0.9520118108582096,-5.445993162864534,15.0,1.0
3.403,-0.6332492828369141,-0.6332492828369141,-0.3692302703857422,-0.9539266505673932,-0.9426016147121459,-5.3835318602835915,15.0,1.0
3.404,-0.6336307525634766,-0.6336307525634766,-0.378021240234375,-0.9548645447466426,-0.9331821154684121,-5.3736677579815275,15.0,1.0
3.4050000000000002,-0.6340122222900391,-0.6340122222900391,-0.378021240234375,-0.9557930147983302,-0.9237534060938515,-5.372444053483844,15.0,1.0
3.406,-0.6343936920166016,-0.6343936920166016,-0.3604393005371094,-0.9567120515588305,-0.9143155796461429,-5.388651672242468,15.0,1.0
3.407,-0.6347751617431641,-0.6347751617431641,-0.3868141174316406,-0.9576216459576222,-0.9048687292727209,-5.360751875057953,15.0,1.0
3.408,-0.6351566314697266,-0.6351566314697266,-0.39560508728027344,-0.9585217890173758,-0.8954129482101507,-5.350285224144616,15.0,1.0
3.4090000000000003,-0.6355381011962891,-0.6355381011962891,-0.40439605712890625,-0.9594124718540428,-0.8859483297834458,-5.3396678325208455,15.0,1.0
3.41,-0.6359195709228516,-0.6359195709228516,-0.4483509063720703,-0.960293685676943,-0.8764749674045902,-5.293735782343891,15.0,1.0
3.411,-0.6363010406494141,-0.6363010406494141,-0.45714378356933594,-0.9611654217888517,-0.8669929545714012,-5.282814888093629,15.0,1.0
3.412,-0.6366825103759766,-0.6366825103759766,-0.3692302703857422,-0.9620276715860856,-0.8575023848679848,-5.368449532633878,15.0,1.0
3.4130000000000003,-0.6370639801025391,-0.6370639801025391,-0.3868141174316406,-0.9628804265585877,-0.8480033519619496,-5.348435931371039,15.0,1.0
3.414,-0.6374454498291016,-0.6374454498291016,-0.39560508728027344,-0.9637236782900098,-0.838495949605317,-5.3370642892386675,15.0,1.0
3.415,-0.6378269195556641,-0.6378269195556641,-0.35164833068847656,-0.9645574184577982,-0.8289802716320764,-5.378289424475612,15.0,1.0
3.416,-0.6382083892822266,-0.6382083892822266,-0.3076915740966797,-0.9653816388332739,-0.8194564119581855,-5.419363581127215,15.0,1.0
3.4170000000000003,-0.6385898590087891,-0.6385898590087891,-0.28131866455078125,-0.9661963312817147,-0.8099244645804902,-5.442702884123593,15.0,1.0
3.418,-0.6385898590087891,-0.6385898590087891,-0.27252769470214844,-0.967001487762435,-0.800384523575417,-5.454031260177958,15.0,1.0
3.419,-0.6389713287353516,-0.6389713287353516,-0.2549457550048828,-0.9677971003288653,-0.790836683098064,-5.468277501995888,15.0,1.0
3.42,-0.6393527984619141,-0.6393527984619141,-0.24615478515625,-0.968583161128631,-0.7812810373820298,-5.473581692226533,15.0,1.0
3.4210000000000003,-0.6393527984619141,-0.6393527984619141,-0.24615478515625,-0.9693596624036295,-0.7717176807374244,-5.4756658547069055,15.0,1.0
3.422,-0.6397342681884766,-0.6397342681884766,-0.21977996826171875,-0.970126596490106,-0.7621467075509258,-5.498251663813649,15.0,1.0
3.423,-0.6401157379150391,-0.6401157379150391,-0.2549457550048828,-0.9708839558187311,-0.752568212284018,-5.4591457258345155,15.0,1.0
3.424,-0.6401157379150391,-0.6401157379150391,-0.24615478515625,-0.971631732914674,-0.7429822894726499,-5.469567429310923,15.0,1.0
3.4250000000000003,-0.6404972076416016,-0.6404972076416016,-0.23736190795898438,-0.9723699203976766,-0.7333890337260982,-5.4741178171082385,15.0,1.0
3.426,-0.6404972076416016,-0.6404972076416016,-0.21977996826171875,-0.9730985109821265,-0.7237885397262289,-5.493028121572385,15.0,1.0
3.427,-0.6408786773681641,-0.6408786773681641,-0.20219802856445312,-0.9738174974771288,-0.7141809022253369,-5.506065175295355,15.0,1.0
3.428,-0.6412601470947266,-0.6412601470947266,-0.22857093811035156,-0.974526872786577,-0.7045662160473398,-5.474996163314745,15.0,1.0
3.4290000000000003,-0.6412601470947266,-0.6412601470947266,-0.2637367248535156,-0.9752266299092236,-0.6949445760851631,-5.440705093449103,15.0,1.0
3.43,-0.6416416168212891,-0.6416416168212891,-0.28131866455078125,-0.9759167619387475,-0.6853160773004561,-5.418124589511552,15.0,1.0
3.431,-0.6420230865478516,-0.6420230865478516,-0.2549457550048828,-0.9765972620638244,-0.6756808147228526,-5.439347692457561,15.0,1.0
3.432,-0.6420230865478516,-0.6420230865478516,-0.24615478515625,-0.9772681235681931,-0.6660388834486639,-5.448559653597537,15.0,1.0
3.4330000000000003,-0.6424045562744141,-0.6424045562744141,-0.24615478515625,-0.9779293398307218,-0.6563903786394008,-5.443107346827768,15.0,1.0
3.434,-0.6424045562744141,-0.6424045562744141,-0.21098899841308594,-0.9785809043254721,-0.6467353955220005,-5.4783916178747845,15.0,1.0
3.435,-0.6427860260009766,-0.6427860260009766,-0.21977996826171875,-0.9792228106217657,-0.6370740293874064,-5.463845830437526,15.0,1.0
3.436,-0.6431674957275391,-0.6431674957275391,-0.20219802856445312,-0.9798550523842467,-0.6274063755893735,-5.475521696875536,15.0,1.0
3.4370000000000003,-0.6431674957275391,-0.6431674957275391,-0.20219802856445312,-0.9804776233729446,-0.6177325295435026,-5.475186415660133,15.0,1.0
3.438,-0.6435489654541016,-0.6435489654541016,-0.20219802856445312,-0.981090517443334,-0.6080525867270694,-5.468977838001102,15.0,1.0
3.439,-0.6435489654541016,-0.6435489654541016,-0.1934070587158203,-0.9816937285463987,-0.5983666426773198,-5.477131030345957,15.0,1.0
3.44,-0.6439304351806641,-0.6439304351806641,-0.21098899841308594,-0.9822872507286885,-0.5886747929902185,-5.453038027797499,15.0,1.0
3.4410000000000003,-0.6439304351806641,-0.6439304351806641,-0.23736190795898438,-0.9828710781323793,-0.5789771333205067,-5.425724869637251,15.0,1.0
3.442,-0.6443119049072266,-0.6443119049072266,-0.21977996826171875,-0.9834452049953297,-0.5692737593803372,-5.436493292440166,15.0,1.0
3.443,-0.6443119049072266,-0.6443119049072266,-0.22857093811035156,-0.9840096256511398,-0.5595647669378536,-5.4264596399862,15.0,1.0
3.444,-0.6446933746337891,-0.6446933746337891,-0.21098899841308594,-0.9845643345292053,-0.5498502518170199,-5.436925651835178,15.0,1.0
3.4450000000000003,-0.6446933746337891,-0.6446933746337891,-0.16703224182128906,-0.9851093261547739,-0.5401303098961989,-5.479337340889682,15.0,1.0
3.446,-0.6450748443603516,-0.6450748443603516,-0.1318683624267578,-0.9856445951489979,-0.5304050371074709,-5.507082936510408,15.0,1.0
3.447,-0.6450748443603516,-0.6450748443603516,-0.11428642272949219,-0.9861701362289887,-0.5206745294350412,-5.522817484735107,15.0,1.0
3.448,-0.6450748443603516,-0.6450748443603516,-0.09670257568359375,-0.9866859442078679,-0.5109388829152408,-5.5384028049443925,15.0,1.0
3.4490000000000003,-0.6454563140869141,-0.6454563140869141,-0.14065933227539062,-0.9871920139948193,-0.5011981936348775,-5.486574359978065,15.0,1.0
3.45,-0.6454563140869141,-0.6454563140869141,-0.123077392578125,-0.9876883405951378,-0.49145255773066765,-5.501855562775898,15.0,1.0
3.451,-0.6454563140869141,-0.6454563140869141,-0.11428642272949219,-0.9881749191102805,-0.48170207138821297,-5.508194724009218,15.0,1.0
3.452,-0.6458377838134766,-0.6458377838134766,-0.10549545288085938,-0.9886517447379141,-0.4719468308405794,-5.508660791826283,15.0,1.0
3.4530000000000003,-0.6458377838134766,-0.6458377838134766,-0.11428642272949219,-0.9891188127719618,-0.4621869323684109,-5.497115944016197,15.0,1.0
3.454,-0.6458377838134766,-0.6458377838134766,-0.10549545288085938,-0.9895761186026509,-0.4524224722978829,-5.503002041254639,15.0,1.0
3.455,-0.6458377838134766,-0.6458377838134766,-0.07912063598632812,-0.9900236577165575,-0.44265354700013404,-5.5263210195600205,15.0,1.0
3.456,-0.6462192535400391,-0.6462192535400391,-0.08791160583496094,-0.9904614256966511,-0.43288025289058396,-5.508601229404803,15.0,1.0
3.457,-0.6462192535400391,-0.6462192535400391,-0.0615386962890625,-0.9908894182223386,-0.42310268642779647,-5.531616460373226,15.0,1.0
3.458,-0.6462192535400391,-0.6462192535400391,-0.07032966613769531,-0.9913076310695067,-0.4133209441121153,-5.519316940916434,15.0,1.0
3.459,-0.6462192535400391,-0.6462192535400391,-0.05274772644042969,-0.9917160601105629,-0.4035351224856072,-5.533239494603035,15.0,1.0
3.46,-0.6462192535400391,-0.6462192535400391,-0.026372909545898438,-0.9921147013144779,-0.39374531813035674,-5.555804125201041,15.0,1.0
3.461,-0.6462192535400391,-0.6462192535400391,-0.043956756591796875,-0.9925035507468235,-0.3839516276678978,-5.534259329177868,15.0,1.0
3.462,-0.6462192535400391,-0.6462192535400391,-0.03516578674316406,-0.9928826045698137,-0.3741541477578494,-5.538938626461305,15.0,1.0
3.463,-0.6462192535400391,-0.6462192535400391,-0.017581939697265625,-0.9932518590423394,-0.36435297509740394,-5.552260117934643,15.0,1.0
3.464,-0.6466007232666016,-0.6466007232666016,-0.008790969848632812,-0.9936113105200084,-0.35454820642013374,-5.550916045372603,15.0,1.0
3.465,-0.6466007232666016,-0.6466007232666016,-0.026372909545898438,-0.9939609554551796,-0.34473993849525186,-5.528770511778024,15.0,1.0
3.466,-0.6466007232666016,-0.6466007232666016,-0.008790969848632812,-0.994300790396999,-0.3349282681263617,-5.541638305233691,15.0,1.0
3.467,-0.6466007232666016,-0.6466007232666016,0.0,-0.9946308119914324,-0.3251132921505473,-5.545564623023011,15.0,1.0
3.468,-0.6466007232666016,-0.6466007232666016,-0.008790969848632812,-0.9949510169813001,-0.3152951074379189,-5.531758543309763,15.0,1.0
3.469,-0.6466007232666016,-0.6466007232666016,-0.008790969848632812,-0.9952614022063082,-0.30547381088996417,-5.526593025136931,15.0,1.0
3.47,-0.6466007232666016,-0.6466007232666016,0.008790969848632812,-0.99556196460308,-0.29564949943863894,-5.538859089334448,15.0,1.0
3.471,-0.6466007232666016,-0.6466007232666016,0.008790969848632812,-0.9958527012051857,-0.28582227004619654,-5.533392908973591,15.0,1.0
3.472,-0.6466007232666016,-0.6466007232666016,0.008790969848632812,-0.9961336091431724,-0.27599221970336885,-5.527776477700564,15.0,1.0
3.473,-0.6466007232666016,-0.6466007232666016,0.008790969848632812,-0.9964046856445924,-0.2661594454286842,-5.522009850947179,15.0,1.0
3.474,-0.6466007232666016,-0.6466007232666016,0.017581939697265625,-0.9966659280340299,-0.25632404426772837,-5.524884055476418,15.0,1.0
3.475,-0.6466007232666016,-0.6466007232666016,0.017581939697265625,-0.9969173337331279,-0.24648611329200776,-5.5188172099871675,15.0,1.0
3.476,-0.6462192535400391,-0.6462192535400391,0.017581939697265625,-0.9971589002606138,-0.23664574959786933,-5.518322390103757,15.0,1.0
3.477,-0.6462192535400391,-0.6462192535400391,0.017581939697265625,-0.9973906252323236,-0.2268030503057048,-5.511955565387238,15.0,1.0
3.478,-0.6462192535400391,-0.6462192535400391,0.03516578674316406,-0.9976125063612252,-0.21695811255887065,-5.523022691619827,15.0,1.0
3.479,-0.6462192535400391,-0.6462192535400391,0.026372909545898438,-0.9978245414574415,-0.2071110335231765,-5.507563261830112,15.0,1.0
3.48,-0.6462192535400391,-0.6462192535400391,0.03516578674316406,-0.9980267284282716,-0.19726191038517982,-5.509539820451831,15.0,1.0
3.481,-0.6462192535400391,-0.6462192535400391,0.043956756591796875,-0.9982190652782118,-0.187410840351788,-5.511364773016176,15.0,1.0
3.482,-0.6462192535400391,-0.6462192535400391,0.0615386962890625,-0.998401550108975,-0.1775579206488942,-5.521831065471996,15.0,1.0
3.483,-0.6462192535400391,-0.6462192535400391,0.0615386962890625,-0.9985741811195097,-0.16770324852120666,-5.514565858502328,15.0,1.0
3.484,-0.6462192535400391,-0.6462192535400391,0.0615386962890625,-0.9987369566060175,-0.15784692123014565,-5.507151163508884,15.0,1.0
3.485,-0.6458377838134766,-0.6458377838134766,0.07032966613769531,-0.9988898749619699,-0.14798903605361602,-5.514100069418712,15.0,1.0
3.486,-0.6458377838134766,-0.6458377838134766,0.07032966613769531,-0.9990329346781247,-0.13812969028504085,-5.506386619392458,15.0,1.0
3.487,-0.6458377838134766,-0.6458377838134766,0.07912063598632812,-0.9991661343425401,-0.12826898123228148,-5.507314875154562,15.0,1.0
3.488,-0.6458377838134766,-0.6458377838134766,0.07032966613769531,-0.9992894726405892,-0.11840700621644373,-5.490512004760829,15.0,1.0
3.489,-0.6458377838134766,-0.6458377838134766,0.07912063598632812,-0.9994029483549729,-0.10854386257119586,-5.491141966679969,15.0,1.0
3.49,-0.6454563140869141,-0.6454563140869141,0.08791160583496094,-0.9995065603657316,-0.0986796476417453,-5.497344947658969,15.0,1.0
3.491,-0.6454563140869141,-0.6454563140869141,0.07912063598632812,-0.9996003076502565,-0.08881445878421346,-5.480094998220679,15.0,1.0
3.492,-0.6454563140869141,-0.6454563140869141,0.07912063598632812,-0.9996841892832999,-0.0789483933637598,-5.471487157295876,15.0,1.0
3.493,-0.6454563140869141,-0.6454563140869141,0.09670257568359375,-0.999758204436984,-0.06908154875463879,-5.480312479689283,15.0,1.0
3.494,-0.6450748443603516,-0.6450748443603516,0.09670257568359375,-0.9998223523808091,-0.05921402233821027,-5.477129218328667,15.0,1.0
3.495,-0.6450748443603516,-0.6450748443603516,0.11428642272949219,-0.9998766324816606,-0.04934591150350798,-5.485659156052636,15.0,1.0
3.496,-0.6450748443603516,-0.6450748443603516,0.10549545288085938,-0.9999210442038161,-0.0394773136446247,-5.467665764177452,15.0,1.0
3.497,-0.6450748443603516,-0.6450748443603516,0.09670257568359375,-0.9999555871089498,-0.02960832616048492,-5.449522043073053,15.0,1.0
3.498,-0.6446933746337891,-0.6446933746337891,0.14065933227539062,-0.9999802608561371,-0.01973904645416269,-5.489701672064774,15.0,1.0
3.499,-0.6446933746337891,-0.6446933746337891,0.1758251190185547,-0.9999950652018582,-0.009869571931460541,-5.515220049471052,15.0,1.0
3.5,-0.6443119049072266,-0.6443119049072266,0.1758251190185547,-1.0,0.0,-5.511146545410156,15.0,1.0
3.501,-0.6443119049072266,-0.6443119049072266,0.1934070587158203,-0.9999950652018582,0.009869571931460541,-5.518784891203834,15.0,1.0
3.5020000000000002,-0.6439304351806641,-0.6439304351806641,0.16703224182128906,-0.9999802608561371,0.019739046454219533,-5.488040580499165,15.0,1.0
3.503,-0.6439304351806641,-0.6439304351806641,0.1934070587158203,-0.9999555871089498,0.02960832616048492,-5.504176011479622,15.0,1.0
3.504,-0.6439304351806641,-0.6439304351806641,0.14065933227539062,-0.9999210442038161,0.0394773136446247,-5.4410411539780466,15.0,1.0
3.505,-0.6435489654541016,-0.6435489654541016,0.15824127197265625,-0.9998766324816606,0.04934591150350798,-5.453810365882534,15.0,1.0
3.5060000000000002,-0.6435489654541016,-0.6435489654541016,0.14945030212402344,-0.999822352380809,0.059214022338267114,-5.434337083686367,15.0,1.0
3.507,-0.6431674957275391,-0.6431674957275391,0.14945030212402344,-0.999758204436984,0.0690815487545251,-5.429229384011173,15.0,1.0
3.508,-0.6431674957275391,-0.6431674957275391,0.15824127197265625,-0.9996841892832999,0.0789483933637598,-5.427043281945309,15.0,1.0
3.509,-0.6431674957275391,-0.6431674957275391,0.15824127197265625,-0.9996003076502565,0.08881445878421346,-5.415918992029205,15.0,1.0
3.5100000000000002,-0.6427860260009766,-0.6427860260009766,0.16703224182128906,-0.9995065603657315,0.09867964764185899,-5.419160609650754,15.0,1.0
3.511,-0.6427860260009766,-0.6427860260009766,0.15824127197265625,-0.9994029483549729,0.10854386257108217,-5.398951244711519,15.0,1.0
3.512,-0.6424045562744141,-0.6424045562744141,0.16703224182128906,-0.9992894726405893,0.11840700621638689,-5.401898981097531,15.0,1.0
3.513,-0.6424045562744141,-0.6424045562744141,0.14945030212402344,-0.9991661343425402,0.12826898123228148,-5.372604991913634,15.0,1.0
3.5140000000000002,-0.6424045562744141,-0.6424045562744141,0.14945030212402344,-0.9990329346781247,0.1381296902850977,-5.360746287894585,15.0,1.0
3.515,-0.6420230865478516,-0.6420230865478516,0.14065933227539062,-0.99888987496197,0.14798903605361602,-5.345672122433552,15.0,1.0
3.516,-0.6420230865478516,-0.6420230865478516,0.1318683624267578,-0.9987369566060175,0.15784692123014565,-5.324729492069101,15.0,1.0
3.517,-0.6416416168212891,-0.6416416168212891,0.14065933227539062,-0.9985741811195098,0.16770324852120666,-5.326944548227495,15.0,1.0
3.5180000000000002,-0.6416416168212891,-0.6416416168212891,0.15824127197265625,-0.998401550108975,0.17755792064900788,-5.332082350638938,15.0,1.0
3.519,-0.6416416168212891,-0.6416416168212891,0.14945030212402344,-0.9982190652782118,0.187410840351788,-5.310701188626076,15.0,1.0
3.52,-0.6412601470947266,-0.6412601470947266,0.16703224182128906,-0.9980267284282716,0.19726191038517982,-5.321269051439284,15.0,1.0
3.521,-0.6412601470947266,-0.6412601470947266,0.14945030212402344,-0.9978245414574415,0.20711103352311966,-5.290805184041628,15.0,1.0
3.5220000000000002,-0.6408786773681641,-0.6408786773681641,0.14065933227539062,-0.9976125063612251,0.21695811255898434,-5.274708654612322,15.0,1.0
3.523,-0.6408786773681641,-0.6408786773681641,0.1318683624267578,-0.9973906252323236,0.22680305030559111,-5.252744530083559,15.0,1.0
3.524,-0.6408786773681641,-0.6408786773681641,0.11428642272949219,-0.9971589002606139,0.23664574959781248,-5.2218440165184274,15.0,1.0
3.525,-0.6404972076416016,-0.6404972076416016,0.123077392578125,-0.996917333733128,0.24648611329200776,-5.222893170659013,15.0,1.0
3.5260000000000002,-0.6404972076416016,-0.6404972076416016,0.15824127197265625,-0.9966659280340299,0.2563240442677852,-5.244448033591295,15.0,1.0
3.527,-0.6404972076416016,-0.6404972076416016,0.15824127197265625,-0.9964046856445924,0.26615944542874104,-5.230693996588777,15.0,1.0
3.528,-0.6401157379150391,-0.6401157379150391,0.16703224182128906,-0.9961336091431725,0.275992219703312,-5.2313080905399785,15.0,1.0
3.529,-0.6401157379150391,-0.6401157379150391,0.1846160888671875,-0.9958527012051858,0.2858222700462534,-5.234848268173135,15.0,1.0
3.5300000000000002,-0.6397342681884766,-0.6397342681884766,0.16703224182128906,-0.9955619646030799,0.2956494994386958,-5.2087981886016435,15.0,1.0
3.531,-0.6397342681884766,-0.6397342681884766,0.16703224182128906,-0.9952614022063083,0.30547381088996417,-5.194465441198801,15.0,1.0
3.532,-0.6393527984619141,-0.6393527984619141,0.1758251190185547,-0.9949510169813001,0.3152951074379189,-5.194503289371426,15.0,1.0
3.533,-0.6393527984619141,-0.6393527984619141,0.1758251190185547,-0.9946308119914326,0.32511329215049045,-5.179882029810842,15.0,1.0
3.5340000000000003,-0.6389713287353516,-0.6389713287353516,0.1846160888671875,-0.9943007903969989,0.3349282681264185,-5.17962974566548,15.0,1.0
3.535,-0.6389713287353516,-0.6389713287353516,0.1758251190185547,-0.9939609554551797,0.3447399384953087,-5.1559295813206685,15.0,1.0
3.536,-0.6385898590087891,-0.6385898590087891,0.1934070587158203,-0.9936113105200084,0.35454820642013374,-5.164180624963977,15.0,1.0
3.537,-0.6385898590087891,-0.6385898590087891,0.1846160888671875,-0.9932518590423395,0.3643529750973471,-5.140193114273097,15.0,1.0
3.5380000000000003,-0.6385898590087891,-0.6385898590087891,0.1934070587158203,-0.9928826045698136,0.37415414775790623,-5.133644094373282,15.0,1.0
3.539,-0.6382083892822266,-0.6382083892822266,0.21098899841308594,-0.9925035507468236,0.38395162766784097,-5.141464792714201,15.0,1.0
3.54,-0.6378269195556641,-0.6378269195556641,0.21977996826171875,-0.992114701314478,0.39374531813035674,-5.140351376513571,15.0,1.0
3.541,-0.6378269195556641,-0.6378269195556641,0.27252769470214844,-0.991716060110563,0.4035351224856072,-5.1773296805400255,15.0,1.0
3.5420000000000003,-0.6374454498291016,-0.6374454498291016,0.2989006042480469,-0.9913076310695066,0.41332094411217213,-5.19351237874195,15.0,1.0
3.543,-0.6370639801025391,-0.6370639801025391,0.2989006042480469,-0.9908894182223387,0.4231026864277396,-5.183179489617301,15.0,1.0
3.544,-0.6366825103759766,-0.6366825103759766,0.3076915740966797,-0.9904614256966512,0.43288025289058396,-5.181495051016215,15.0,1.0
3.545,-0.6366825103759766,-0.6366825103759766,0.27252769470214844,-0.9900236577165576,0.4426535470000772,-5.129991357810788,15.0,1.0
3.5460000000000003,-0.6363010406494141,-0.6363010406494141,0.3164844512939453,-0.9895761186026508,0.4524224722978829,-5.163188148294614,15.0,1.0
3.547,-0.6359195709228516,-0.6359195709228516,0.33406639099121094,-0.9891188127719619,0.46218693236835406,-5.169868086359512,15.0,1.0
3.548,-0.6355381011962891,-0.6355381011962891,0.3164844512939453,-0.9886517447379142,0.4719468308406931,-5.141242273577629,15.0,1.0
3.549,-0.6351566314697266,-0.6351566314697266,0.3076915740966797,-0.9881749191102807,0.48170207138815613,-5.121263817316835,15.0,1.0
3.5500000000000003,-0.6347751617431641,-0.6347751617431641,0.2989006042480469,-0.9876883405951377,0.49145255773066765,-5.1011457292969835,15.0,1.0
3.551,-0.6347751617431641,-0.6347751617431641,0.28131866455078125,-0.9871920139948192,0.5011981936348775,-5.06637325469073,15.0,1.0
3.552,-0.6343936920166016,-0.6343936920166016,0.28131866455078125,-0.986685944207868,0.5109388829152408,-5.054763564504538,15.0,1.0
3.553,-0.6340122222900391,-0.6340122222900391,0.28131866455078125,-0.9861701362289889,0.5206745294349275,-5.043012844200101,15.0,1.0
3.5540000000000003,-0.6336307525634766,-0.6336307525634766,0.29010963439941406,-0.985644595148998,0.5304050371073572,-5.039912236074879,15.0,1.0
3.555,-0.6336307525634766,-0.6336307525634766,0.2549457550048828,-0.985109326154774,0.5401303098963126,-4.986994048978032,15.0,1.0
3.556,-0.6332492828369141,-0.6332492828369141,0.23736190795898438,-0.9845643345292056,0.5498502518170767,-4.95723743152628,15.0,1.0
3.557,-0.6328678131103516,-0.6328678131103516,0.24615478515625,-0.9840096256511399,0.5595647669378536,-4.9537172063302215,15.0,1.0
3.5580000000000003,-0.6328678131103516,-0.6328678131103516,0.23736190795898438,-0.9834452049953296,0.5692737593803372,-4.926749026853318,15.0,1.0
3.559,-0.6324863433837891,-0.6324863433837891,0.22857093811035156,-0.9828710781323792,0.5789771333205636,-4.90536482601864,15.0,1.0
3.56,-0.6324863433837891,-0.6324863433837891,0.21098899841308594,-0.9822872507286886,0.5886747929902754,-4.869327815596304,15.0,1.0
3.561,-0.6321048736572266,-0.6321048736572266,0.24615478515625,-0.9816937285463988,0.5983666426771492,-4.891620965816684,15.0,1.0
3.5620000000000003,-0.6317234039306641,-0.6317234039306641,0.2549457550048828,-0.9810905174433341,0.6080525867271831,-4.88739987096775,15.0,1.0
3.563,-0.6317234039306641,-0.6317234039306641,0.27252769470214844,-0.9804776233729444,0.6177325295436162,-4.886108456792737,15.0,1.0
3.564,-0.6313419342041016,-0.6313419342041016,0.2637367248535156,-0.979855052384247,0.6274063755893167,-4.86402712196638,15.0,1.0
3.565,-0.6309604644775391,-0.6309604644775391,0.2637367248535156,-0.979222810621766,0.6370740293874064,-4.850597887629513,15.0,1.0
3.5660000000000003,-0.6309604644775391,-0.6309604644775391,0.27252769470214844,-0.978580904325472,0.6467353955220574,-4.840098896899084,15.0,1.0
3.567,-0.6305789947509766,-0.6305789947509766,0.27252769470214844,-0.9779293398307217,0.6563903786394008,-4.826392492258925,15.0,1.0
3.568,-0.6301975250244141,-0.6301975250244141,0.27252769470214844,-0.9772681235681934,0.6660388834487208,-4.812547789410117,15.0,1.0
3.569,-0.6298160552978516,-0.6298160552978516,0.3076915740966797,-0.9765972620638245,0.6756808147229094,-4.8337288608633635,15.0,1.0
3.5700000000000003,-0.6298160552978516,-0.6298160552978516,0.33406639099121094,-0.9759167619387473,0.6853160773003992,-4.840260913304248,15.0,1.0
3.571,-0.6294345855712891,-0.6294345855712891,0.378021240234375,-0.9752266299092235,0.6949445760851063,-4.869957329218285,15.0,1.0
3.572,-0.6286716461181641,-0.6286716461181641,0.4307689666748047,-0.9745268727865772,0.7045662160473398,-4.9140311506536625,15.0,1.0
3.573,-0.6282901763916016,-0.6282901763916016,0.39560508728027344,-0.973817497477129,0.7141809022253369,-4.8643340013378475,15.0,1.0
3.5740000000000003,-0.6279087066650391,-0.6279087066650391,0.378021240234375,-0.9730985109821263,0.7237885397262289,-4.832079765264455,15.0,1.0
3.575,-0.6275272369384766,-0.6275272369384766,0.4395599365234375,-0.9723699203976764,0.733389033726155,-4.87881115468528,15.0,1.0
3.576,-0.6271457672119141,-0.6271457672119141,0.41318702697753906,-0.9716317329146742,0.742982289472593,-4.837494223046348,15.0,1.0
3.577,-0.6267642974853516,-0.6267642974853516,0.378021240234375,-0.9708839558187313,0.7525682122840749,-4.7872479029509964,15.0,1.0
3.5780000000000003,-0.6263828277587891,-0.6263828277587891,0.378021240234375,-0.9701265964901058,0.7621467075509827,-4.772031063653143,15.0,1.0
3.579,-0.6260013580322266,-0.6260013580322266,0.35164833068847656,-0.9693596624036293,0.7717176807374244,-4.730305215522092,15.0,1.0
3.58,-0.6256198883056641,-0.6256198883056641,0.35164833068847656,-0.9685831611286312,0.7812810373819161,-4.714816385651067,15.0,1.0
3.581,-0.6252384185791016,-0.6252384185791016,0.33406639099121094,-0.9677971003288656,0.790836683098064,-4.681609934139607,15.0,1.0
3.5820000000000003,-0.6252384185791016,-0.6252384185791016,0.33406639099121094,-0.9670014877624348,0.8003845235753033,-4.660127905165906,15.0,1.0
3.583,-0.6248569488525391,-0.6248569488525391,0.33406639099121094,-0.9661963312817149,0.8099244645804333,-4.644232662848415,15.0,1.0
3.584,-0.6244754791259766,-0.6244754791259766,0.3164844512939453,-0.9653816388332741,0.8194564119583561,-4.610620434945052,15.0,1.0
3.585,-0.6240940093994141,-0.6240940093994141,0.27252769470214844,-0.9645574184577984,0.8289802716320764,-4.550498558945837,15.0,1.0
3.586,-0.6237125396728516,-0.6237125396728516,0.3076915740966797,-0.96372367829001,0.838495949605317,-4.56936270374874,15.0,1.0
3.587,-0.6233310699462891,-0.6233310699462891,0.33406639099121094,-0.9628804265585875,0.8480033519620633,-4.579303388213624,15.0,1.0
3.588,-0.6233310699462891,-0.6233310699462891,0.35164833068847656,-0.9620276715860858,0.8575023848678711,-4.574594970417557,15.0,1.0
3.589,-0.6229496002197266,-0.6229496002197266,0.35164833068847656,-0.9611654217888519,0.8669929545714012,-4.557892699653955,15.0,1.0
3.59,-0.6225681304931641,-0.6225681304931641,0.35164833068847656,-0.9602936856769432,0.8764749674043628,-4.541056691040801,15.0,1.0
3.591,-0.6221866607666016,-0.6221866607666016,0.3692302703857422,-0.959412471854043,0.8859483297835027,-4.541669106913861,15.0,1.0
3.592,-0.6218051910400391,-0.6218051910400391,0.3868141174316406,-0.9585217890173761,0.8954129482103212,-4.542150138881374,15.0,1.0
3.593,-0.6214237213134766,-0.6214237213134766,0.4395599365234375,-0.9576216459576224,0.9048687292727209,-4.577660076912905,15.0,1.0
3.594,-0.6206607818603516,-0.6206607818603516,0.4923076629638672,-0.9567120515588308,0.9143155796461429,-4.618761128794913,15.0,1.0
3.595,-0.6202793121337891,-0.6202793121337891,0.5362644195556641,-0.95579301479833,0.9237534060938515,-4.645216553429927,15.0,1.0
3.596,-0.6198978424072266,-0.6198978424072266,0.47472572326660156,-0.9548645447466428,0.9331821154682984,-4.566044142889547,15.0,1.0
3.597,-0.6191349029541016,-0.6191349029541016,0.5626373291015625,-0.9539266505673936,0.942601614712089,-4.641911928588853,15.0,1.0
3.598,-0.6187534332275391,-0.6187534332275391,0.5274734497070312,-0.9529793415172189,0.9520118108582665,-4.588850263193962,15.0,1.0
3.599,-0.6183719635009766,-0.6183719635009766,0.4835166931152344,-0.9520226269456767,0.9614126110324719,-4.526864033753265,15.0,1.0
3.6,-0.6176090240478516,-0.6176090240478516,0.4395599365234375,-0.9510565162951538,0.9708039224525464,-4.470468397780424,15.0,1.0
3.601,-0.6172275543212891,-0.6172275543212891,0.4307689666748047,-0.9500810191007719,0.9801856524296113,-4.4433852859374365,15.0,1.0
3.602,-0.6168460845947266,-0.6168460845947266,0.4219779968261719,-0.9490961449902948,0.9895577083699436,-4.416171194389753,15.0,1.0
3.603,-0.6164646148681641,-0.6164646148681641,0.39560508728027344,-0.9481019036840318,0.9989199977753174,-4.371244421742972,15.0,1.0
3.604,-0.6160831451416016,-0.6160831451416016,0.39560508728027344,-0.9470983049947441,1.0082724282434015,-4.35256005683401,15.0,1.0
3.605,-0.6157016754150391,-0.6157016754150391,0.3164844512939453,-0.9460853588275452,1.0176149074695218,-4.254624795012015,15.0,1.0
3.606,-0.6153202056884766,-0.6153202056884766,0.3604393005371094,-0.9450630751798054,1.0269473432476275,-4.279634999659414,15.0,1.0
3.607,-0.6149387359619141,-0.6149387359619141,0.3868141174316406,-0.9440314641410498,1.0362696434702912,-4.286935396648385,15.0,1.0
3.608,-0.6145572662353516,-0.6145572662353516,0.3868141174316406,-0.9429905358928645,1.0455817161296181,-4.267731446164717,15.0,1.0
3.609,-0.6141757965087891,-0.6141757965087891,0.378021240234375,-0.9419403007087908,1.0548834693195204,-4.23960533391488,15.0,1.0
3.61,-0.6137943267822266,-0.6137943267822266,0.39560508728027344,-0.9408807689542257,1.0641748112355458,-4.2377269086247145,15.0,1.0
3.611,-0.6134128570556641,-0.6134128570556641,0.4307689666748047,-0.9398119510863193,1.0734556501755037,-4.2532997269591295,15.0,1.0
3.612,-0.6130313873291016,-0.6130313873291016,0.46593475341796875,-0.9387338576538744,1.0827258945417384,-4.268745913747823,15.0,1.0
3.613,-0.6122684478759766,-0.6122684478759766,0.5538463592529297,-0.9376464992972361,1.0919854528409019,-4.34253167773092,15.0,1.0
3.614,-0.6118869781494141,-0.6118869781494141,0.5802192687988281,-0.9365498867481928,1.1012342336842948,-4.348928664096215,15.0,1.0
3.615,-0.6111240386962891,-0.6111240386962891,0.5978031158447266,-0.9354440308298673,1.110472145790311,-4.352130852058089,15.0,1.0
3.616,-0.6107425689697266,-0.6107425689697266,0.6505489349365234,-0.934328942456612,1.1196990979844372,-4.384645439255368,15.0,1.0
3.617,-0.6099796295166016,-0.6099796295166016,0.5626373291015625,-0.9332046326338986,1.1289149992005605,-4.282097376660458,15.0,1.0
3.618,-0.6095981597900391,-0.6095981597900391,0.5362644195556641,-0.9320711124582111,1.1381197584811957,-4.235238951097048,15.0,1.0
3.619,-0.6088352203369141,-0.6088352203369141,0.5010986328125,-0.930928393116936,1.1473132849796457,-4.185182939533183,15.0,1.0
3.62,-0.6084537506103516,-0.6084537506103516,0.5010986328125,-0.9297764858882517,1.1564954879593188,-4.164444174021683,15.0,1.0
3.621,-0.6080722808837891,-0.6080722808837891,0.4923076629638672,-0.9286154021410177,1.1656662767951502,-4.134788205027146,15.0,1.0
3.622,-0.6076908111572266,-0.6076908111572266,0.41318702697753906,-0.9274451533346617,1.174825560975421,-4.034676598663645,15.0,1.0
3.623,-0.6073093414306641,-0.6073093414306641,0.4219779968261719,-0.9262657510190665,1.183973250101758,-4.022350890550451,15.0,1.0
3.624,-0.6065464019775391,-0.6065464019775391,0.46593475341796875,-0.9250772068344579,1.1931092538899861,-4.050787572381766,15.0,1.0
3.625,-0.6061649322509766,-0.6061649322509766,0.45714378356933594,-0.9238795325112867,1.202233482171664,-4.020629305302324,15.0,1.0
3.626,-0.6057834625244141,-0.6057834625244141,0.4923076629638672,-0.9226727398701149,1.2113458448939127,-4.034300978255467,15.0,1.0
3.6270000000000002,-0.6054019927978516,-0.6054019927978516,0.5098896026611328,-0.9214568408214986,1.2204462521220307,-4.030266070893807,15.0,1.0
3.628,-0.6046390533447266,-0.6046390533447266,0.5802192687988281,-0.9202318473658706,1.2295346140385846,-4.084576565077404,15.0,1.0
3.629,-0.6038761138916016,-0.6038761138916016,0.6945056915283203,-0.9189977715934217,1.2386108409446024,-4.18271971611102,15.0,1.0
3.63,-0.6031131744384766,-0.6031131744384766,0.6857147216796875,-0.9177546256839816,1.247674843261791,-4.157661647100472,15.0,1.0
3.6310000000000002,-0.6023502349853516,-0.6023502349853516,0.7648353576660156,-0.9165024219068977,1.2567265315319673,-4.22039162995724,15.0,1.0
3.632,-0.6019687652587891,-0.6019687652587891,0.6945056915283203,-0.9152411726209174,1.2657658164184227,-4.127825985541823,15.0,1.0
3.633,-0.6012058258056641,-0.6012058258056641,0.6417579650878906,-0.9139708902740611,1.2747926087074575,-4.058441323406388,15.0,1.0
3.634,-0.6004428863525391,-0.6004428863525391,0.5714282989501953,-0.9126915874035028,1.283806819307756,-3.971351995406895,15.0,1.0
3.6350000000000002,-0.6000614166259766,-0.6000614166259766,0.5802192687988281,-0.9114032766354453,1.2928083592533426,-3.9575388096875166,15.0,1.0
3.636,-0.5992984771728516,-0.5992984771728516,0.5538463592529297,-0.9101059706849959,1.3017971397026145,-3.9141616222324798,15.0,1.0
3.637,-0.5989170074462891,-0.5989170074462891,0.47472572326660156,-0.9087996823560404,1.3107730719394795,-3.8121927749733917,15.0,1.0
3.638,-0.5985355377197266,-0.5985355377197266,0.5274734497070312,-0.9074844245411172,1.3197360673752314,-3.84197068465266,15.0,1.0
3.6390000000000002,-0.5977725982666016,-0.5977725982666016,0.5362644195556641,-0.9061602102212895,1.3286860375488345,-3.8333925613271482,15.0,1.0
3.64,-0.5973911285400391,-0.5973911285400391,0.5362644195556641,-0.9048270524660192,1.3376228941276054,-3.8101803843177615,15.0,1.0
3.641,-0.5970096588134766,-0.5970096588134766,0.5802192687988281,-0.9034849644330346,1.3465465489080657,-3.8308023041841333,15.0,1.0
3.642,-0.5962467193603516,-0.5962467193603516,0.6769237518310547,-0.9021339593682035,1.3554569138181023,-3.9097754381307315,15.0,1.0
3.6430000000000002,-0.5954837799072266,-0.5954837799072266,0.7912082672119141,-0.9007740506053981,1.3643539009160577,-4.006208426768429,15.0,1.0
3.644,-0.5947208404541016,-0.5947208404541016,0.7560443878173828,-0.8994052515663711,1.3732374223912984,-3.953073132110127,15.0,1.0
3.645,-0.5939579010009766,-0.5939579010009766,0.8087921142578125,-0.8980275757606158,1.3821073905676258,-3.9877298450847745,15.0,1.0
3.646,-0.5931940078735352,-0.5931940078735352,0.7208786010742188,-0.8966410367852361,1.390963717902025,-3.881620316847708,15.0,1.0
3.6470000000000002,-0.5924310684204102,-0.5924310684204102,0.6593399047851562,-0.8952456483248112,1.3998063169861439,-3.801752286365028,15.0,1.0
3.648,-0.5916681289672852,-0.5916681289672852,0.6505489349365234,-0.8938414241512634,1.4086351005465758,-3.774513262149622,15.0,1.0
3.649,-0.5912866592407227,-0.5912866592407227,0.5978031158447266,-0.8924283781237184,1.4174499814476462,-3.697478917642017,15.0,1.0
3.65,-0.5905237197875977,-0.5905237197875977,0.5186805725097656,-0.8910065241883685,1.4262508726900478,-3.59967176583128,15.0,1.0
3.6510000000000002,-0.5901422500610352,-0.5901422500610352,0.5978031158447266,-0.8895758763783379,1.4350376874118638,-3.6542698231924042,15.0,1.0
3.652,-0.5893793106079102,-0.5893793106079102,0.5978031158447266,-0.8881364488135445,1.4438103388908416,-3.6353498500383994,15.0,1.0
3.653,-0.5889978408813477,-0.5889978408813477,0.6329669952392578,-0.8866882557005565,1.4525687405447343,-3.645754476982657,15.0,1.0
3.654,-0.5882349014282227,-0.5882349014282227,0.6945056915283203,-0.8852313113324554,1.4613128059311862,-3.688139034160625,15.0,1.0
3.6550000000000002,-0.5874719619750977,-0.5874719619750977,0.8263740539550781,-0.8837656300886937,1.4700424487507462,-3.8007366269082725,15.0,1.0
3.656,-0.5863275527954102,-0.5863275527954102,0.8439559936523438,-0.8822912264349536,1.4787575828449917,-3.8046535154005037,15.0,1.0
3.657,-0.5855646133422852,-0.5855646133422852,0.9230766296386719,-0.880808114923004,1.487458122198575,-3.8642710311508797,15.0,1.0
3.658,-0.5848016738891602,-0.5848016738891602,0.7736263275146484,-0.8793163101905568,1.496143980941099,-3.6952018910944986,15.0,1.0
3.6590000000000003,-0.5840387344360352,-0.5840387344360352,0.7032966613769531,-0.8778158269611215,1.5048150733464922,-3.6051379759067554,15.0,1.0
3.66,-0.5832757949829102,-0.5832757949829102,0.6769237518310547,-0.8763066800438635,1.5134713138345433,-3.558915713910811,15.0,1.0
3.661,-0.5828943252563477,-0.5828943252563477,0.624176025390625,-0.8747888843334527,1.5221126169717536,-3.4804817945754474,15.0,1.0
3.662,-0.5821313858032227,-0.5821313858032227,0.5538463592529297,-0.8732624548099203,1.5307388974716787,-3.3900734968817154,15.0,1.0
3.6630000000000003,-0.5813684463500977,-0.5813684463500977,0.624176025390625,-0.871727406538509,1.5393500701969742,-3.4402103580198204,15.0,1.0
3.664,-0.5809869766235352,-0.5809869766235352,0.6329669952392578,-0.8701837546695259,1.5479460501588278,-3.4229726157702913,15.0,1.0
3.665,-0.5802240371704102,-0.5802240371704102,0.6593399047851562,-0.8686315144381916,1.5565267525178683,-3.4289253112840106,15.0,1.0
3.666,-0.5794610977172852,-0.5794610977172852,0.7912082672119141,-0.8670707011644905,1.5650920925862692,-3.540260226333725,15.0,1.0
3.6670000000000003,-0.5786981582641602,-0.5786981582641602,0.9142856597900391,-0.8655013302530187,1.573641985827578,-3.6426912537953386,15.0,1.0
3.668,-0.5775537490844727,-0.5775537490844727,0.9406585693359375,-0.863923417192835,1.582176347857569,-3.654027243103805,15.0,1.0
3.669,-0.5767908096313477,-0.5767908096313477,0.9054946899414062,-0.8623369775573039,1.5906950944458345,-3.5979921143849154,15.0,1.0
3.67,-0.5760278701782227,-0.5760278701782227,0.8087921142578125,-0.8607420270039436,1.5991981415154441,-3.4803063251281827,15.0,1.0
3.6710000000000003,-0.5752649307250977,-0.5752649307250977,0.7560443878173828,-0.8591385812742725,1.6076854051454461,-3.406463740909558,15.0,1.0
3.672,-0.5745019912719727,-0.5745019912719727,0.7208786010742188,-0.8575266561936524,1.6161568015697299,-3.3500917733296856,15.0,1.0
3.673,-0.5737390518188477,-0.5737390518188477,0.6593399047851562,-0.8559062676711333,1.6246122471786748,-3.2672358953907663,15.0,1.0
3.674,-0.5729761123657227,-0.5729761123657227,0.7120876312255859,-0.8542774316992955,1.6330516585206283,-3.29855576270855,15.0,1.0
3.6750000000000003,-0.5722131729125977,-0.5722131729125977,0.7296695709228516,-0.8526401643540917,1.6414749523017917,-3.2945994902434705,15.0,1.0
3.676,-0.5714502334594727,-0.5714502334594727,0.8263740539550781,-0.8509944817946915,1.6498820453879262,-3.369655733595435,15.0,1.0
3.677,-0.5703058242797852,-0.5703058242797852,1.0197811126708984,-0.8493404002633163,1.6582728548038972,-3.5470268976199675,15.0,1.0
3.678,-0.5695428848266602,-0.5695428848266602,1.0109882354736328,-0.847677936085084,1.6666472977369153,-3.5163667066130753,15.0,1.0
3.6790000000000003,-0.5683984756469727,-0.5683984756469727,1.0197811126708984,-0.8460071056678421,1.675005291534319,-3.5089052714496214,15.0,1.0
3.68,-0.5676355361938477,-0.5676355361938477,0.8527469635009766,-0.8443279255020151,1.6833467537050524,-3.3197860494184352,15.0,1.0
3.681,-0.5668725967407227,-0.5668725967407227,0.7912082672119141,-0.8426404121604324,1.6916716019230194,-3.236053896584541,15.0,1.0
3.682,-0.5661096572875977,-0.5661096572875977,0.7296695709228516,-0.8409445822981694,1.6999797540254349,-3.1522136920559927,15.0,1.0
3.6830000000000003,-0.5653467178344727,-0.5653467178344727,0.6593399047851562,-0.8392404526523811,1.708271128013962,-3.059474799039821,15.0,1.0
3.684,-0.5645837783813477,-0.5645837783813477,0.7208786010742188,-0.8375280400421412,1.7165456420553369,-3.0984968839307854,15.0,1.0
3.685,-0.5638208389282227,-0.5638208389282227,0.7384624481201172,-0.8358073613682708,1.7248032144848366,-3.0934570702360027,15.0,1.0
3.686,-0.5630578994750977,-0.5630578994750977,0.8527469635009766,-0.8340784336131719,1.7330437638036074,-3.185011211768483,15.0,1.0
3.6870000000000003,-0.5619134902954102,-0.5619134902954102,1.0461540222167969,-0.8323412738406633,1.7412672086795737,-3.3613035667160194,15.0,1.0
3.688,-0.5611505508422852,-0.5611505508422852,1.0901107788085938,-0.8305958991958126,1.7494734679508497,-3.382317536160655,15.0,1.0
3.689,-0.5600061416625977,-0.5600061416625977,1.0285720825195312,-0.828842326904762,1.757662460625511,-3.303452400526486,15.0,1.0
3.69,-0.5588617324829102,-0.5588617324829102,0.9054946899414062,-0.8270805742745619,1.7658341058813676,-3.1629432109348157,15.0,1.0
3.6910000000000003,-0.5580987930297852,-0.5580987930297852,0.8439559936523438,-0.8253106586929988,1.7739883230669307,-3.0781456555336177,15.0,1.0
3.692,-0.5573358535766602,-0.5573358535766602,0.74725341796875,-0.8235325976284278,1.782125031704254,-2.9580795470410104,15.0,1.0
3.693,-0.5565729141235352,-0.5565729141235352,0.7912082672119141,-0.8217464086295907,1.7902441514876273,-2.97856653331512,15.0,1.0
3.694,-0.5558099746704102,-0.5558099746704102,0.7999992370605469,-0.8199521093254529,1.7983456022835185,-2.96378565460267,15.0,1.0
3.6950000000000003,-0.5550470352172852,-0.5550470352172852,0.8967037200927734,-0.8181497174250232,1.80642930413444,-3.0368146490744037,15.0,1.0
3.696,-0.5539026260375977,-0.5539026260375977,1.1164836883544922,-0.8163392507171837,1.814495177257129,-3.2385378812911543,15.0,1.0
3.697,-0.5527582168579102,-0.5527582168579102,1.1428565979003906,-0.8145207270705093,1.822543142045106,-3.246751109044271,15.0,1.0
3.698,-0.5516138076782227,-0.5516138076782227,1.0813179016113281,-0.812694164433094,1.8305731190675942,-3.1669501338668034,15.0,1.0
3.6990000000000003,-0.5508508682250977,-0.5508508682250977,0.9054946899414062,-0.8108595808323736,1.8385850290729877,-2.9670403499775584,15.0,1.0
3.7,-0.5497064590454102,-0.5497064590454102,0.8703289031982422,-0.8090169943749477,1.8465787929866906,-2.9134081401546146,15.0,1.0
3.701,-0.5489435195922852,-0.5489435195922852,0.7384624481201172,-0.8071664232464006,1.8545543319128228,-2.7572516710190267,15.0,1.0
3.702,-0.5481805801391602,-0.5481805801391602,0.8263740539550781,-0.8053078857111224,1.8625115671365506,-2.820772070397962,15.0,1.0
3.7030000000000003,-0.5474176406860352,-0.5474176406860352,0.8263740539550781,-0.8034414001121272,1.8704504201228929,-2.7962800252235653,15.0,1.0
3.704,-0.5466547012329102,-0.5466547012329102,0.9846153259277344,-0.8015669848708763,1.8783708125185967,-2.92992876797863,15.0,1.0
3.705,-0.5451288223266602,-0.5451288223266602,1.213186264038086,-0.7996846584870904,1.8862726661529337,-3.1452511402916055,15.0,1.0
3.706,-0.5439844131469727,-0.5439844131469727,1.3010997772216797,-0.7977944395385709,1.8941559030370172,-3.2140942700586357,15.0,1.0
3.7070000000000003,-0.5428400039672852,-0.5428400039672852,1.0901107788085938,-0.7958963466810158,1.9020204453674978,-2.983935474147056,15.0,1.0
3.708,-0.5420770645141602,-0.5420770645141602,0.9582424163818359,-0.7939903986478355,1.9098662155244597,-2.827076212862506,15.0,1.0
3.709,-0.5409326553344727,-0.5409326553344727,0.8527469635009766,-0.7920766142499673,1.9176931360725575,-2.7022132111608395,15.0,1.0
3.71,-0.5401697158813477,-0.5401697158813477,0.8615379333496094,-0.7901550123756907,1.9255011297637452,-2.6858162510010106,15.0,1.0
3.7110000000000003,-0.5394067764282227,-0.5394067764282227,0.8967037200927734,-0.7882256119904394,1.9332901195359682,-2.6956961339900563,15.0,1.0
3.712,-0.5382623672485352,-0.5382623672485352,1.0285720825195312,-0.7862884321366185,1.9410600285150394,-2.8079030273257417,15.0,1.0
3.713,-0.5371179580688477,-0.5371179580688477,1.292306900024414,-0.7843434919334097,1.9488107800149237,-3.0518791279779207,15.0,1.0
3.714,-0.5355920791625977,-0.5355920791625977,1.3274726867675781,-0.782390810576589,1.9565422975397269,-3.0729113604377214,15.0,1.0
3.715,-0.5344476699829102,-0.5344476699829102,1.1164836883544922,-0.7804304073383307,1.9642545047825593,-2.841970243903241,15.0,1.0
3.716,-0.5336847305297852,-0.5336847305297852,0.9670333862304688,-0.7784623015670235,1.9719473256258198,-2.6667496261632233,15.0,1.0
3.717,-0.5325403213500977,-0.5325403213500977,0.8879127502441406,-0.7764865126870787,1.9796206841448907,-2.5674849361539653,15.0,1.0
3.718,-0.5317773818969727,-0.5317773818969727,0.8967037200927734,-0.774503060198734,1.9872745046071714,-2.550314390012023,15.0,1.0
3.719,-0.5310134887695312,-0.5310134887695312,0.9230766296386719,-0.7725119636778648,1.9949087114724762,-2.5506450417911988,15.0,1.0
3.72,-0.5298690795898438,-0.5298690795898438,1.0637359619140625,-0.7705132427757886,2.002523229393603,-2.6708751803096322,15.0,1.0
3.721,-0.5283432006835938,-0.5283432006835938,1.3098907470703125,-0.7685069172190773,2.0101179832191747,-2.902228511883391,15.0,1.0
3.722,-0.5271987915039062,-0.5271987915039062,1.3538455963134766,-0.7664930068093506,2.0176928979925606,-2.9255659279025816,15.0,1.0
3.723,-0.5260543823242188,-0.5260543823242188,1.1428565979003906,-0.7644715314230925,2.025247898951193,-2.6938659354323047,15.0,1.0
3.724,-0.5249099731445312,-0.5249099731445312,1.0549449920654297,-0.7624425110114478,2.032782911530603,-2.5851501485385744,15.0,1.0
3.725,-0.5241470336914062,-0.5241470336914062,0.9406585693359375,-0.7604059656000309,2.040297861363115,-2.4442446866021927,15.0,1.0
3.726,-0.5230026245117188,-0.5230026245117188,0.9846153259277344,-0.758361915288722,2.047792674279549,-2.467212013303234,15.0,1.0
3.727,-0.5218582153320312,-0.5218582153320312,1.0461540222167969,-0.7563103802514722,2.055267276308598,-2.507669219699814,15.0,1.0
3.728,-0.5207138061523438,-0.5207138061523438,1.336263656616211,-0.7542513807361042,2.062721593679953,-2.776605681692665,15.0,1.0
3.729,-0.5191879272460938,-0.5191879272460938,1.415384292602539,-0.7521849370641119,2.070155552822257,-2.840183887050555,15.0,1.0
3.73,-0.5180435180664062,-0.5180435180664062,1.24835205078125,-0.7501110696304601,2.077569080364583,-2.6517962438774756,15.0,1.0
3.731,-0.5168991088867188,-0.5168991088867188,1.0725269317626953,-0.7480297989033833,2.084962103138878,-2.4545251788737854,15.0,1.0
3.732,-0.5161361694335938,-0.5161361694335938,0.9406585693359375,-0.7459411454241819,2.0923345481790534,-2.295398661015706,15.0,1.0
3.733,-0.5149917602539062,-0.5149917602539062,0.9758243560791016,-0.7438451298070249,2.0996863427215544,-2.3089385566543266,15.0,1.0
3.734,-0.5138473510742188,-0.5138473510742188,0.9934062957763672,-0.7417417727387392,2.1070174142077462,-2.304805206536428,15.0,1.0
3.735,-0.5127029418945312,-0.5127029418945312,1.2307701110839844,-0.7396310949786098,2.114327690282323,-2.520364717062839,15.0,1.0
3.736,-0.5111770629882812,-0.5111770629882812,1.4065933227539062,-0.7375131173581742,2.121617098796605,-2.6800170395056946,15.0,1.0
3.737,-0.5100326538085938,-0.5100326538085938,1.4065933227539062,-0.7353878607810163,2.1288855678070604,-2.658035859533183,15.0,1.0
3.738,-0.5088882446289062,-0.5088882446289062,1.2043952941894531,-0.7332553462225605,2.1361330255759867,-2.43376879251828,15.0,1.0
3.739,-0.5077438354492188,-0.5077438354492188,1.0725269317626953,-0.7311155947298648,2.143359400574411,-2.279743920397974,15.0,1.0
3.74,-0.5065994262695312,-0.5065994262695312,1.1076927185058594,-0.7289686274214111,2.150564621480896,-2.2926661143031613,15.0,1.0
3.741,-0.5054550170898438,-0.5054550170898438,1.1428565979003906,-0.7268144654869025,2.1577486171825626,-2.30549970667371,15.0,1.0
3.742,-0.5039291381835938,-0.5039291381835938,1.4241752624511719,-0.7246531301870465,2.1649113167766245,-2.570123825726338,15.0,1.0
3.743,-0.5024032592773438,-0.5024032592773438,1.5120887756347656,-0.7224846428533498,2.17205264956948,-2.6412568797053764,15.0,1.0
3.744,-0.5012588500976562,-0.5012588500976562,1.3186817169189453,-0.720309024887907,2.179172545080121,-2.425261793692586,15.0,1.0
3.745,-0.5001144409179688,-0.5001144409179688,1.1780223846435547,-0.718126297763189,2.186270933038031,-2.2619293042838278,15.0,1.0
3.746,-0.49897003173828125,-0.49897003173828125,1.0285720825195312,-0.7159364830218315,2.1933477433838107,-2.089721108388975,15.0,1.0
3.747,-0.49782562255859375,-0.49782562255859375,1.0901107788085938,-0.7137396022764219,2.200402906273098,-2.1284175683029174,15.0,1.0
3.748,-0.49668121337890625,-0.49668121337890625,1.2307701110839844,-0.7115356772092848,2.207436352074012,-2.2461507164656505,15.0,1.0
3.749,-0.49515533447265625,-0.49515533447265625,1.5120887756347656,-0.7093247295722734,2.214448011368404,-2.5101816907606196,15.0,1.0
3.75,-0.49324798583984375,-0.49324798583984375,1.538461685180664,-0.7071067811865485,2.2214378149557206,-2.5249058004255143,15.0,1.0
3.751,-0.49210357666015625,-0.49210357666015625,1.3010997772216797,-0.7048818539423625,2.228405693849311,-2.264368242605462,15.0,1.0
3.7520000000000002,-0.49095916748046875,-0.49095916748046875,1.1428565979003906,-0.7026499697988492,2.23535157927779,-2.0828670533983074,15.0,1.0
3.753,-0.48981475830078125,-0.48981475830078125,1.1516475677490234,-0.7004111507838064,2.2422754026883354,-2.068318052306066,15.0,1.0
3.754,-0.48867034912109375,-0.48867034912109375,1.2219772338867188,-0.698165418993473,2.24917709574612,-2.1152261862262867,15.0,1.0
3.755,-0.48714447021484375,-0.48714447021484375,1.5472526550292969,-0.6959127965923148,2.256056590334026,-2.422720960357336,15.0,1.0
3.7560000000000002,-0.48561859130859375,-0.48561859130859375,1.626373291015625,-0.6936533058128043,2.2629138185535567,-2.483980190025226,15.0,1.0
3.757,-0.48409271240234375,-0.48409271240234375,1.3274726867675781,-0.6913869689552071,2.2697487127277896,-2.167137822332739,15.0,1.0
3.758,-0.48294830322265625,-0.48294830322265625,1.1780223846435547,-0.6891138083873493,2.2765612053991617,-1.993943756714788,15.0,1.0
3.759,-0.48218536376953125,-0.48218536376953125,1.0725269317626953,-0.6868338465444093,2.283351229330094,-1.8589029440557714,15.0,1.0
3.7600000000000002,-0.48104095458984375,-0.48104095458984375,1.1428565979003906,-0.6845471059286885,2.290118717506175,-1.9053301504768871,15.0,1.0
3.761,-0.47951507568359375,-0.47951507568359375,1.4241752624511719,-0.6822536091093964,2.2968636031348524,-2.1683896607033586,15.0,1.0
3.762,-0.47760772705078125,-0.47760772705078125,1.6175823211669922,-0.6799533787224193,2.3035858196471395,-2.349181276594424,15.0,1.0
3.763,-0.47646331787109375,-0.47646331787109375,1.4769229888916016,-0.6776464374701026,2.3102853006970463,-2.1843844821796874,15.0,1.0
3.7640000000000002,-0.47493743896484375,-0.47493743896484375,1.2747249603271484,-0.6753328081210248,2.3169619801641375,-1.9636935175057268,15.0,1.0
3.765,-0.47379302978515625,-0.47379302978515625,1.1164836883544922,-0.6730125135097739,2.3236157921523386,-1.781160152071418,15.0,1.0
3.766,-0.47264862060546875,-0.47264862060546875,1.213186264038086,-0.6706855765367207,2.3302466709902774,-1.8534939320165873,15.0,1.0
3.767,-0.47112274169921875,-0.47112274169921875,1.4945049285888672,-0.6683520201677938,2.33685455123441,-2.1160895543830835,15.0,1.0
3.7680000000000002,-0.46959686279296875,-0.46959686279296875,1.7934074401855469,-0.6660118674342512,2.3434393676675427,-2.3961931421372413,15.0,1.0
3.769,-0.46807003021240234,-0.46807003021240234,1.5472526550292969,-0.6636651414324582,2.3500010552999697,-2.131178268030166,15.0,1.0
3.77,-0.46654415130615234,-0.46654415130615234,1.292306900024414,-0.6613118653236518,2.3565395493708934,-1.857283060916013,15.0,1.0
3.771,-0.46539974212646484,-0.46539974212646484,1.1076927185058594,-0.6589520623337171,2.3630547853472876,-1.647922736267355,15.0,1.0
3.7720000000000002,-0.46425533294677734,-0.46425533294677734,1.1692314147949219,-0.6565857557529566,2.369546698927593,-1.6846410579600182,15.0,1.0
3.773,-0.46272945404052734,-0.46272945404052734,1.4857139587402344,-0.6542129689358614,2.3760152260388736,-1.9819514561313722,15.0,1.0
3.774,-0.46120357513427734,-0.46120357513427734,1.8021984100341797,-0.6518337253008794,2.3824603028388083,-2.2791903596944016,15.0,1.0
3.775,-0.45929622650146484,-0.45929622650146484,1.582418441772461,-0.6494480483301843,2.388881865717451,-2.045813903485802,15.0,1.0
3.7760000000000002,-0.45815181732177734,-0.45815181732177734,1.3626365661621094,-0.6470559615694438,2.3952798512964364,-1.8009188785806698,15.0,1.0
3.777,-0.45700740814208984,-0.45700740814208984,1.2395610809326172,-0.644657488627591,2.4016541964300586,-1.6526580917850757,15.0,1.0
3.778,-0.45548152923583984,-0.45548152923583984,1.292306900024414,-0.6422526531765842,2.4080048382065797,-1.6858689209289999,15.0,1.0
3.779,-0.45395565032958984,-0.45395565032958984,1.6879119873046875,-0.6398414789511784,2.414331713946922,-2.0618677026815937,15.0,1.0
3.7800000000000002,-0.45204830169677734,-0.45204830169677734,1.8285713195800781,-0.6374239897486897,2.4206347612085324,-2.1885718791502318,15.0,1.0
3.781,-0.45052242279052734,-0.45052242279052734,1.4945049285888672,-0.6350002094287609,2.426913917782713,-1.8347578103796578,15.0,1.0
3.782,-0.44937801361083984,-0.44937801361083984,1.2395610809326172,-0.6325701619131249,2.433169121695869,-1.5542741837710237,15.0,1.0
3.783,-0.44823360443115234,-0.44823360443115234,1.2043952941894531,-0.6301338711853697,2.439400311212239,-1.4934989842904738,15.0,1.0
3.7840000000000003,-0.44670772552490234,-0.44670772552490234,1.336263656616211,-0.6276913612906998,2.4456074248323034,-1.6054107682708691,15.0,1.0
3.785,-0.44518184661865234,-0.44518184661865234,1.7582416534423828,-0.6252426563357046,2.4517904012940903,-2.007363397904077,15.0,1.0
3.786,-0.44327449798583984,-0.44327449798583984,1.8109893798828125,-0.6227877804881121,2.4579491795739727,-2.045739437842924,15.0,1.0
3.787,-0.44174861907958984,-0.44174861907958984,1.538461685180664,-0.6203267579765572,2.4640836988887145,-1.7530500697464602,15.0,1.0
3.7880000000000003,-0.44022274017333984,-0.44022274017333984,1.292306900024414,-0.6178596130903342,2.470193898692628,-1.4866660950867017,15.0,1.0
3.789,-0.43907833099365234,-0.43907833099365234,1.3010997772216797,-0.6153863701791715,2.4762797186789953,-1.4694406463254719,15.0,1.0
3.79,-0.43755245208740234,-0.43755245208740234,1.6703300476074219,-0.6129070536529767,2.482341098784559,-1.8183079723064783,15.0,1.0
3.791,-0.43564510345458984,-0.43564510345458984,1.8989009857177734,-0.6104216879816029,2.4883779791858274,-2.032171774437142,15.0,1.0
3.7920000000000003,-0.43373775482177734,-0.43373775482177734,1.6175823211669922,-0.6079302976946045,2.4943903003001537,-1.7360801639592456,15.0,1.0
3.793,-0.43259334564208984,-0.43259334564208984,1.3450546264648438,-0.6054329073810021,2.5003780027897164,-1.4372700497588111,15.0,1.0
3.794,-0.43106746673583984,-0.43106746673583984,1.2747249603271484,-0.6029295416890256,2.50634102755879,-1.3463150570661444,15.0,1.0
3.795,-0.42992305755615234,-0.42992305755615234,1.4857139587402344,-0.600420225325885,2.512279315753176,-1.5308921595330487,15.0,1.0
3.7960000000000003,-0.42801570892333984,-0.42801570892333984,1.9252738952636719,-0.5979049830575186,2.518192808764809,-1.9554201985115442,15.0,1.0
3.797,-0.42610836029052734,-0.42610836029052734,1.8021984100341797,-0.5953838397083548,2.524081448229879,-1.8172491530717134,15.0,1.0
3.798,-0.42458248138427734,-0.42458248138427734,1.4857139587402344,-0.5928568201610593,2.52994517603031,-1.4798838643616543,15.0,1.0
3.799,-0.42305660247802734,-0.42305660247802734,1.3802204132080078,-0.5903239493562947,2.535783934292624,-1.3534466820893947,15.0,1.0
3.8000000000000003,-0.42153072357177734,-0.42153072357177734,1.459341049194336,-0.5877852522924735,2.541597665391862,-1.411561314612916,15.0,1.0
3.801,-0.41962337493896484,-0.41962337493896484,1.9516487121582031,-0.5852407540255106,2.547386311948628,-1.8885230865077607,15.0,1.0
3.802,-0.41771602630615234,-0.41771602630615234,1.8637371063232422,-0.5826904796685768,2.553149816830455,-1.7852040899291537,15.0,1.0
3.803,-0.41619014739990234,-0.41619014739990234,1.5032958984375,-0.5801344543918502,2.5588881231545315,-1.4035723801621862,15.0,1.0
3.8040000000000003,-0.41504573822021484,-0.41504573822021484,1.3450546264648438,-0.5775727034222672,2.564601174285599,-1.21835793021003,15.0,1.0
3.805,-0.41351985931396484,-0.41351985931396484,1.3450546264648438,-0.5750052520432783,2.5702889138385103,-1.197046603566036,15.0,1.0
3.806,-0.41199398040771484,-0.41199398040771484,1.8285713195800781,-0.5724321255945908,2.5759512856775473,-1.6591922117056699,15.0,1.0
3.807,-0.41008663177490234,-0.41008663177490234,1.9516487121582031,-0.5698533494719238,2.5815882339167615,-1.7665612436967635,15.0,1.0
3.8080000000000003,-0.40817928314208984,-0.40817928314208984,1.6527481079101562,-0.5672689491267567,2.5871997029229306,-1.4518933947572292,15.0,1.0
3.809,-0.40665340423583984,-0.40665340423583984,1.415384292602539,-0.5646789500660775,2.5927856373131135,-1.1929818427429901,15.0,1.0
3.81,-0.40550804138183594,-0.40550804138183594,1.4241752624511719,-0.5620833778521311,2.5983459819552195,-1.1744593275503803,15.0,1.0
3.811,-0.40360069274902344,-0.40360069274902344,1.916482925415039,-0.5594822581021677,2.603880681971532,-1.6508257237406707,15.0,1.0
3.8120000000000003,-0.40131187438964844,-0.40131187438964844,2.0219783782958984,-0.5568756164881874,2.6093896827367757,-1.746044827037207,15.0,1.0
3.813,-0.39978599548339844,-0.39978599548339844,1.626373291015625,-0.5542634787366936,2.614872929879027,-1.3286626099360248,15.0,1.0
3.814,-0.39864158630371094,-0.39864158630371094,1.3626365661621094,-0.55164587062843,2.620330369281305,-1.0373704617515895,15.0,1.0
3.815,-0.39711570739746094,-0.39711570739746094,1.371429443359375,-0.5490228179981316,2.6257619470800933,-1.0242741552893415,15.0,1.0
3.8160000000000003,-0.39520835876464844,-0.39520835876464844,1.8549442291259766,-0.5463943467342691,2.6311676096692054,-1.4915664390010814,15.0,1.0
3.817,-0.39330101013183594,-0.39330101013183594,2.0571422576904297,-0.5437604827787926,2.636547303696773,-1.6774870436980072,15.0,1.0
3.818,-0.39139366149902344,-0.39139366149902344,1.7318687438964844,-0.5411212521268762,2.6419009760662675,-1.3358816272480087,15.0,1.0
3.819,-0.38986778259277344,-0.38986778259277344,1.4769229888916016,-0.5384766808266607,2.647228573939856,-1.0588278884600544,15.0,1.0
3.8200000000000003,-0.38834190368652344,-0.38834190368652344,1.5208797454833984,-0.5358267949789958,2.6525300447361246,-1.0806230701343589,15.0,1.0
3.821,-0.38643455505371094,-0.38643455505371094,2.004396438598633,-0.5331716207371879,2.657805336131389,-1.5476470877193984,15.0,1.0
3.822,-0.38452720642089844,-0.38452720642089844,1.9692306518554688,-0.5305111843067336,2.663054396060488,-1.495935924082508,15.0,1.0
3.823,-0.38300132751464844,-0.38300132751464844,1.6087913513183594,-0.5278455119450676,2.6682771727186605,-1.1131769450559856,15.0,1.0
3.8240000000000003,-0.38147544860839844,-0.38147544860839844,1.4329662322998047,-0.5251746299612956,2.673473614559043,-0.9149803380342192,15.0,1.0
3.825,-0.37994956970214844,-0.37994956970214844,1.538461685180664,-0.5224985647159489,2.6786436702932974,-0.9980529400943738,15.0,1.0
3.826,-0.37804222106933594,-0.37804222106933594,2.0307693481445312,-0.5198173426207097,2.683787288895985,-1.473608882519152,15.0,1.0
3.827,-0.37575340270996094,-0.37575340270996094,1.9868125915527344,-0.5171309901381576,2.6889044196018403,-1.4185719833738433,15.0,1.0
3.8280000000000003,-0.37422752380371094,-0.37422752380371094,1.661539077758789,-0.5144395337815054,2.693995011906395,-1.070724215519311,15.0,1.0
3.829,-0.37270164489746094,-0.37270164489746094,1.4945049285888672,-0.5117430001143441,2.6990590155669167,-0.8810662412751986,15.0,1.0
3.83,-0.37079429626464844,-0.37079429626464844,1.8285713195800781,-0.5090414157503722,2.7040963806055913,-1.1981817312603433,15.0,1.0
3.831,-0.36888694763183594,-0.36888694763183594,2.127471923828125,-0.5063348073531335,2.709107057305573,-1.4800827623420156,15.0,1.0
3.8320000000000003,-0.36697959899902344,-0.36697959899902344,1.8989009857177734,-0.5036232016357605,2.7140909962115813,-1.2344640290572473,15.0,1.0
3.833,-0.36545372009277344,-0.36545372009277344,1.5296707153320312,-0.5009066253607097,2.7190481481351014,-0.8424161462159745,15.0,1.0
3.834,-0.36392784118652344,-0.36392784118652344,1.5032958984375,-0.49818510533949084,2.7239784641513154,-0.7931763965806957,15.0,1.0
3.835,-0.36202049255371094,-0.36202049255371094,1.960439682006836,-0.4954586684324077,2.7288818955991303,-1.2331304245881571,15.0,1.0
3.8360000000000003,-0.35973167419433594,-0.35973167419433594,2.1450557708740234,-0.4927273415482919,2.733758394085015,-1.4062323870983477,15.0,1.0
3.837,-0.35782432556152344,-0.35782432556152344,1.8285713195800781,-0.4899911516442371,2.738607911479761,-1.0724657993410225,15.0,1.0
3.838,-0.35629844665527344,-0.35629844665527344,1.6175823211669922,-0.487250125725333,2.743430399919447,-0.8384271072984386,15.0,1.0
3.839,-0.35439109802246094,-0.35439109802246094,1.8637371063232422,-0.48450429084439883,2.748225811808652,-1.0672091868436586,15.0,1.0
3.84,-0.35210227966308594,-0.35210227966308594,2.206592559814453,-0.4817536741017163,2.75299409981875,-1.398369376575159,15.0,1.0
3.841,-0.35019493103027344,-0.35019493103027344,1.9868125915527344,-0.4789983026447607,2.7577352168883635,-1.1611279488816795,15.0,1.0
3.842,-0.34866905212402344,-0.34866905212402344,1.582418441772461,-0.47623820366793895,2.7624491162245874,-0.7335065987066063,15.0,1.0
3.843,-0.34714317321777344,-0.34714317321777344,1.5648345947265625,-0.4734734044123121,2.767135751303414,-0.6926523113412288,15.0,1.0
3.844,-0.34485435485839844,-0.34485435485839844,2.0659332275390625,-0.47070393216533274,2.7717950758688517,-1.1818818112742253,15.0,1.0
3.845,-0.34294605255126953,-0.34294605255126953,2.171428680419922,-0.46792981426057373,2.7764270439366214,-1.2697580621228635,15.0,1.0
3.846,-0.34103870391845703,-0.34103870391845703,1.8813190460205078,-0.46515107807745887,2.7810316097909435,-0.9619730486145919,15.0,1.0
3.847,-0.33913135528564453,-0.33913135528564453,1.6791210174560547,-0.4623677510409925,2.785608727985391,-0.742058225800883,15.0,1.0
3.848,-0.33722400665283203,-0.33722400665283203,1.9516487121582031,-0.4595798606214887,2.790158353346442,-0.9968281683416114,15.0,1.0
3.849,-0.33531665802001953,-0.33531665802001953,2.1978015899658203,-0.45678743433429897,2.7946804409708363,-1.2251827937091755,15.0,1.0
3.85,-0.33340930938720703,-0.33340930938720703,1.9076919555664062,-0.4539904997395464,2.7991749462273674,-0.9172348646241297,15.0,1.0
3.851,-0.33150196075439453,-0.33150196075439453,1.661539077758789,-0.45118908444184486,2.803641824756596,-0.6532041083139477,15.0,1.0
3.852,-0.32997608184814453,-0.32997608184814453,1.7582416534423828,-0.44838321609003384,2.808081032473865,-0.7262676345968575,15.0,1.0
3.853,-0.32768726348876953,-0.32768726348876953,2.1538467407226562,-0.44557292237689644,2.812492525565716,-1.1096390984788438,15.0,1.0
3.854,-0.32539844512939453,-0.32539844512939453,2.1010990142822266,-0.44275823103890183,2.816876260490716,-1.0446195424341203,15.0,1.0
3.855,-0.32349109649658203,-0.32349109649658203,1.7582416534423828,-0.43993916985591563,2.8212321939844287,-0.6837305598479582,15.0,1.0
3.856,-0.32196521759033203,-0.32196521759033203,1.7406597137451172,-0.4371157666509336,2.8255602830555517,-0.6423576665985891,15.0,1.0
3.857,-0.31967639923095703,-0.31967639923095703,2.171428680419922,-0.43428804928980386,2.8298604849873072,-1.060742946315317,15.0,1.0
3.858,-0.31776905059814453,-0.31776905059814453,2.1010990142822266,-0.4314560456809584,2.8341327573374713,-0.9722711831869635,15.0,1.0
3.859,-0.31586170196533203,-0.31586170196533203,1.8109893798828125,-0.42861978377512955,2.8383770579424947,-0.6639835490872805,15.0,1.0
3.86,-0.31433582305908203,-0.31433582305908203,1.6703300476074219,-0.42577929156507405,2.842593344912814,-0.4993887302844884,15.0,1.0
3.861,-0.31204700469970703,-0.31204700469970703,2.074726104736328,-0.42293459708530323,2.8467815766335036,-0.8912584138867676,15.0,1.0
3.862,-0.31013965606689453,-0.31013965606689453,2.2329673767089844,-0.4200857284118064,2.85094171176911,-1.0312167501135525,15.0,1.0
3.863,-0.30823230743408203,-0.30823230743408203,1.8813190460205078,-0.4172327136617656,2.8550737092612053,-0.6612514301745565,15.0,1.0
3.864,-0.30632495880126953,-0.30632495880126953,1.7582416534423828,-0.41437558099328464,2.8591775283285585,-0.5198234579940508,15.0,1.0
3.865,-0.30403614044189453,-0.30403614044189453,2.136262893676758,-0.4115143586051078,2.863253128467079,-0.8851830376578782,15.0,1.0
3.866,-0.30174732208251953,-0.30174732208251953,2.364835739135742,-0.4086490747363499,2.8673004694537383,-1.1010615594894597,15.0,1.0
3.867,-0.29983997344970703,-0.29983997344970703,1.837362289428711,-0.405779757666201,2.8713195113433585,-0.555139541332762,15.0,1.0
3.868,-0.29831409454345703,-0.29831409454345703,1.661539077758789,-0.40290643571366386,2.875310214467902,-0.3551139808439896,15.0,1.0
3.869,-0.29640674591064453,-0.29640674591064453,1.9868125915527344,-0.4000291372372645,2.8792725394413026,-0.6618759220107315,15.0,1.0
3.87,-0.29411792755126953,-0.29411792755126953,2.3999996185302734,-0.39714789063478056,2.883206447157022,-1.062242617625917,15.0,1.0
3.871,-0.29182910919189453,-0.29182910919189453,2.039560317993164,-0.3942627243429511,2.887111898789243,-0.68895264646977,15.0,1.0
3.872,-0.29030323028564453,-0.29030323028564453,1.714284896850586,-0.3913736668372027,2.8909888557919317,-0.33935258933202683,15.0,1.0
3.873,-0.28801441192626953,-0.28801441192626953,2.083517074584961,-0.38848074663136656,2.894837279902447,-0.6956748152589696,15.0,1.0
3.874,-0.28572559356689453,-0.28572559356689453,2.5142860412597656,-0.3855839922773972,2.8986571331383004,-1.1135048887790053,15.0,1.0
3.875,-0.28343677520751953,-0.28343677520751953,1.9692306518554688,-0.3826834323650906,2.9024483777978674,-0.5554821314211678,15.0,1.0
3.876,-0.28191089630126953,-0.28191089630126953,1.661539077758789,-0.3797790955218021,2.9062109764638535,-0.22335108960292427,15.0,1.0
3.8770000000000002,-0.2800025939941406,-0.2800025939941406,1.9956035614013672,-0.37687101041216226,2.9099448920006523,-0.5386849156710394,15.0,1.0
3.878,-0.2773323059082031,-0.2773323059082031,2.5230770111083984,-0.37395920573780017,2.9136500875559648,-1.0588304209963892,15.0,1.0
3.879,-0.2754249572753906,-0.2754249572753906,2.0571422576904297,-0.37104371023705096,2.917326526561368,-0.5740970255539668,15.0,1.0
3.88,-0.2735176086425781,-0.2735176086425781,1.7846145629882812,-0.3681245526846781,2.9209741727310927,-0.2827445508886879,15.0,1.0
3.8810000000000002,-0.2712287902832031,-0.2712287902832031,2.136262893676758,-0.3652017618915881,2.924592990065605,-0.6212644777369272,15.0,1.0
3.882,-0.2689399719238281,-0.2689399719238281,2.505495071411133,-0.3622753667045462,2.928182942848707,-0.9773430502731966,15.0,1.0
3.883,-0.2670326232910156,-0.2670326232910156,1.9868125915527344,-0.3593453960058913,2.9317439956476505,-0.43976018662821925,15.0,1.0
3.884,-0.2651252746582031,-0.2651252746582031,1.714284896850586,-0.35641187871325153,2.9352761133170873,-0.14830784435922473,15.0,1.0
3.8850000000000002,-0.2632179260253906,-0.2632179260253906,2.1098899841308594,-0.3534748437792565,2.9387792609961423,-0.5249644894427048,15.0,1.0
3.886,-0.2605476379394531,-0.2605476379394531,2.461538314819336,-0.3505343201912586,2.942253404110204,-0.8690851444862138,15.0,1.0
3.887,-0.2586402893066406,-0.2586402893066406,2.0307693481445312,-0.34759033697103675,2.945698508371123,-0.41932155473935007,15.0,1.0
3.888,-0.2567329406738281,-0.2567329406738281,1.8197803497314453,-0.34464292317451695,2.949114539776332,-0.18931554746544577,15.0,1.0
3.8890000000000002,-0.2544441223144531,-0.2544441223144531,2.259340286254883,-0.3416921078914834,2.952501464612311,-0.615558605298026,15.0,1.0
3.89,-0.2521553039550781,-0.2521553039550781,2.4351654052734375,-0.33873792024529165,2.9558592494514926,-0.7780454001751478,15.0,1.0
3.891,-0.2502479553222656,-0.2502479553222656,1.8989009857177734,-0.3357803893925811,2.959187861152486,-0.22269963562001927,15.0,1.0
3.892,-0.24834060668945312,-0.24834060668945312,1.7846145629882812,-0.3328195445229873,2.962487266864173,-0.08931136362712078,15.0,1.0
3.8930000000000002,-0.24605178833007812,-0.24605178833007812,2.2329673767089844,-0.32985541485885206,2.9657574340224357,-0.5242643406181577,15.0,1.0
3.894,-0.24376296997070312,-0.24376296997070312,2.4439563751220703,-0.3268880296549418,2.96899833035107,-0.7218339400345801,15.0,1.0
3.895,-0.24185562133789062,-0.24185562133789062,1.9340667724609375,-0.3239174181981506,2.9722099238657904,-0.19278380149904706,15.0,1.0
3.896,-0.23994827270507812,-0.23994827270507812,1.872528076171875,-0.3209436098072109,2.975392182869541,-0.11206594983432505,15.0,1.0
3.8970000000000002,-0.23765945434570312,-0.23765945434570312,2.4087905883789062,-0.31796663383241086,2.978545075952667,-0.6348532047268556,15.0,1.0
3.898,-0.23498916625976562,-0.23498916625976562,2.4351654052734375,-0.3149865196553049,2.981668571998199,-0.6534571342083275,15.0,1.0
3.899,-0.23308181762695312,-0.23308181762695312,1.872528076171875,-0.31200329668841514,2.9847626401788148,-0.07158762191499046,15.0,1.0
3.9,-0.23117446899414062,-0.23117446899414062,1.8461532592773438,-0.3090169943749479,2.9878272499574052,-0.025963890032047576,15.0,1.0
3.9010000000000002,-0.22888565063476562,-0.22888565063476562,2.373626708984375,-0.30602764218849965,2.990862371086223,-0.5398942112041625,15.0,1.0
3.902,-0.22659683227539062,-0.22659683227539062,2.3912086486816406,-0.30303526963277483,2.993867973611543,-0.5439172354308606,15.0,1.0
3.903,-0.22468948364257812,-0.22468948364257812,1.9516487121582031,-0.30003990624127724,2.996844027869656,-0.08506102326903364,15.0,1.0
3.904,-0.22278213500976562,-0.22278213500976562,2.0219783782958984,-0.29704158157703614,2.999790504486441,-0.13607957231851509,15.0,1.0
3.9050000000000002,-0.21973037719726562,-0.21973037719726562,2.6901092529296875,-0.29404032523230367,3.002707374381856,-0.802051099073402,15.0,1.0
3.906,-0.21782207489013672,-0.21782207489013672,2.2329673767089844,-0.2910361668282717,3.005594608767524,-0.3255841470134855,15.0,1.0
3.907,-0.21591472625732422,-0.21591472625732422,1.8461532592773438,-0.28802913601476926,3.00845217914798,0.08058277350896081,15.0,1.0
3.908,-0.21362590789794922,-0.21362590789794922,2.083517074584961,-0.2850192624699764,3.0112800573193397,-0.14313733584602883,15.0,1.0
3.9090000000000003,-0.21095561981201172,-0.21095561981201172,2.672527313232422,-0.2820065759001299,3.0140782153729333,-0.7242134391812614,15.0,1.0
3.91,-0.20904827117919922,-0.20904827117919922,2.1802196502685547,-0.2789911060392299,3.0168466256920112,-0.21251554747700352,15.0,1.0
3.911,-0.20714092254638672,-0.20714092254638672,1.9428577423095703,-0.27597288264874653,3.0195852609521694,0.04424811710720178,15.0,1.0
3.912,-0.20447063446044922,-0.20447063446044922,2.417581558227539,-0.2729519355173262,3.0222940941249874,-0.42250697995570663,15.0,1.0
3.9130000000000003,-0.20218181610107422,-0.20218181610107422,2.549449920654297,-0.2699282944604958,3.024973098475158,-0.5406739975704631,15.0,1.0
3.914,-0.20027446746826172,-0.20027446746826172,1.9252738952636719,-0.26690198932037523,3.027622247561851,0.10293552451647647,15.0,1.0
3.915,-0.19836711883544922,-0.19836711883544922,1.8901100158691406,-0.26387304996537275,3.030241515239453,0.15754253242145944,15.0,1.0
3.916,-0.19569683074951172,-0.19569683074951172,2.575824737548828,-0.260841506289897,3.0328308756559466,-0.5201639949986607,15.0,1.0
3.9170000000000003,-0.19340801239013672,-0.19340801239013672,2.4351654052734375,-0.25780738821406013,3.035390303256861,-0.36576573937542767,15.0,1.0
3.918,-0.19111919403076172,-0.19111919403076172,1.9340667724609375,-0.2547707256833826,3.0379197727815352,0.14908002553128452,15.0,1.0
3.919,-0.18921184539794922,-0.18921184539794922,2.127471923828125,-0.25173154866849773,3.040419259263828,-0.02484821362252454,15.0,1.0
3.92,-0.18654155731201172,-0.18654155731201172,2.7692298889160156,-0.2486898871648556,3.0428887380356997,-0.6585660986729741,15.0,1.0
3.9210000000000003,-0.18425273895263672,-0.18425273895263672,2.1538467407226562,-0.24564577119242562,3.0453281847239992,-0.029414039595490493,15.0,1.0
3.922,-0.18234539031982422,-0.18234539031982422,1.8461532592773438,-0.2425992307954069,3.0477375752523983,0.29777670884131424,15.0,1.0
3.923,-0.18005657196044922,-0.18005657196044922,2.206592559814453,-0.2395502960419215,3.0501168858415184,-0.04888153519501881,15.0,1.0
3.924,-0.17738628387451172,-0.17738628387451172,2.6461544036865234,-0.23649899702372454,3.0524660930076664,-0.48037900791704935,15.0,1.0
3.9250000000000003,-0.17547893524169922,-0.17547893524169922,2.083517074584961,-0.23344536385590545,3.054785173566515,0.10177166976846042,15.0,1.0
3.926,-0.17357158660888672,-0.17357158660888672,1.960439682006836,-0.23038942667659082,3.057074104629635,0.24436682160723733,15.0,1.0
3.927,-0.17090129852294922,-0.17090129852294922,2.5230770111083984,-0.22733121564664685,3.0593328636048653,-0.3101929043589976,15.0,1.0
3.928,-0.16861248016357422,-0.16861248016357422,2.4967041015625,-0.22427076094938178,3.0615614281999797,-0.27001688514963373,15.0,1.0
3.9290000000000003,-0.16670513153076172,-0.16670513153076172,1.9252738952636719,-0.2212080927902462,3.0637597764196443,0.32094146226370524,15.0,1.0
3.93,-0.16479778289794922,-0.16479778289794922,1.9252738952636719,-0.21814324139654181,3.0659278865661577,0.3404721138235969,15.0,1.0
3.931,-0.16212749481201172,-0.16212749481201172,2.6109886169433594,-0.21507623701711456,3.068065737243245,-0.33715401277665713,15.0,1.0
3.932,-0.15945720672607422,-0.15945720672607422,2.382417678833008,-0.21200710992205601,3.070173307351169,-0.1004929194215658,15.0,1.0
3.9330000000000003,-0.15754985809326172,-0.15754985809326172,2.039560317993164,-0.20893589040241153,3.0722505760869865,0.2618997734565752,15.0,1.0
3.934,-0.1552600860595703,-0.1552600860595703,2.329669952392578,-0.20586260876988136,3.074297522949763,-0.014410270097480637,15.0,1.0
3.935,-0.1525897979736328,-0.1525897979736328,2.663736343383789,-0.2027872953565127,3.076314127737305,-0.34038467638968206,15.0,1.0
3.936,-0.1506824493408203,-0.1506824493408203,2.083517074584961,-0.19970998051440741,3.078300370546529,0.2593703283577615,15.0,1.0
3.9370000000000003,-0.1483936309814453,-0.1483936309814453,1.9428577423095703,-0.1966306946154189,3.08025623177285,0.41384253495367596,15.0,1.0
3.938,-0.1461048126220703,-0.1461048126220703,2.4879112243652344,-0.19354946805086104,3.0821816921143608,-0.11739936368273451,15.0,1.0
3.939,-0.1434345245361328,-0.1434345245361328,2.540658950805664,-0.19046633123119086,3.084076732567965,-0.16205931866356982,15.0,1.0
3.94,-0.1415271759033203,-0.1415271759033203,2.0219783782958984,-0.1873813145857258,3.085941334428611,0.37615087589663043,15.0,1.0
3.9410000000000003,-0.1392383575439453,-0.1392383575439453,2.162637710571289,-0.18429444856233293,3.087775479293967,0.24929640344686355,15.0,1.0
3.942,-0.1365680694580078,-0.1365680694580078,2.830768585205078,-0.18120576362713717,3.089579149061734,-0.41075484868028433,15.0,1.0
3.943,-0.1342792510986328,-0.1342792510986328,2.2241764068603516,-0.17811529026421014,3.0913523259308135,0.20963533158680214,15.0,1.0
3.944,-0.1323719024658203,-0.1323719024658203,1.8989009857177734,-0.17502305897527623,3.0930949923997417,0.5544266590401296,15.0,1.0
3.9450000000000003,-0.1300830841064453,-0.1300830841064453,2.4087905883789062,-0.17192910027940994,3.0948071312705565,0.05832630029718078,15.0,1.0
3.946,-0.1274127960205078,-0.1274127960205078,2.6549453735351562,-0.16883344471273445,3.096488725645088,-0.17976637827346797,15.0,1.0
3.947,-0.1251239776611328,-0.1251239776611328,2.039560317993164,-0.16573612282812047,3.098139758925271,0.4493972634272918,15.0,1.0
3.948,-0.12321662902832031,-0.12321662902832031,2.118680953979492,-0.16263716519488458,3.0997602148170387,0.38977121833908246,15.0,1.0
3.9490000000000003,-0.12016487121582031,-0.12016487121582031,2.9098892211914062,-0.15953660239848572,3.101350077326714,-0.3991151116046734,15.0,1.0
3.95,-0.11787605285644531,-0.11787605285644531,2.4087905883789062,-0.15643446504023048,3.1029093307629836,0.11574255962729985,15.0,1.0
3.951,-0.11596870422363281,-0.11596870422363281,1.8901100158691406,-0.15333078373696044,3.1044379597370693,0.6538967511680143,15.0,1.0
3.952,-0.11367988586425781,-0.11367988586425781,2.25054931640625,-0.15022558912075704,3.105935949161079,0.3072010839073408,15.0,1.0
3.9530000000000003,-0.11100959777832031,-0.11100959777832031,2.8131866455078125,-0.14711891183863757,3.1074032842519017,-0.2474230721606696,15.0,1.0
3.954,-0.10872077941894531,-0.10872077941894531,2.162637710571289,-0.14401078255225253,3.108839950527525,0.41685219295662757,15.0,1.0
3.955,-0.10681343078613281,-0.10681343078613281,2.0219783782958984,-0.14090123193758322,3.1102459338071924,0.5769505382395378,15.0,1.0
3.956,-0.10414314270019531,-0.10414314270019531,2.707693099975586,-0.13779029068463883,3.111621220215355,-0.1007790995268838,15.0,1.0
3.9570000000000003,-0.10147285461425781,-0.10147285461425781,2.5318679809570312,-0.1346779894971518,3.1129657961781305,0.08302079197768963,15.0,1.0
3.958,-0.09956550598144531,-0.09956550598144531,1.9252738952636719,-0.1315643590922819,3.1142796484250397,0.7090229564988191,15.0,1.0
3.959,-0.09727668762207031,-0.09727668762207031,2.0923080444335938,-0.12844943020030242,3.1155627639892884,0.5556635808822131,15.0,1.0
3.96,-0.09460639953613281,-0.09460639953613281,2.8131866455078125,-0.125333233564304,3.1168151302061418,-0.15727402572423865,15.0,1.0
3.9610000000000003,-0.0923166275024414,-0.0923166275024414,2.338460922241211,-0.1222157999398894,3.1180367347167106,0.33108822591377973,15.0,1.0
3.962,-0.0904092788696289,-0.0904092788696289,1.9868125915527344,-0.1190971600948699,3.119227565464179,0.7020967555328298,15.0,1.0
3.963,-0.0877389907836914,-0.0877389907836914,2.5142860412597656,-0.11597734480896173,3.1203876106941806,0.18252625905536013,15.0,1.0
3.964,-0.0850687026977539,-0.0850687026977539,2.6989002227783203,-0.11285638487348224,3.1215168589583797,0.005801403544134498,15.0,1.0
3.9650000000000003,-0.0831613540649414,-0.0831613540649414,2.039560317993164,-0.10973431109104426,3.1226152991112244,0.6844606257265176,15.0,1.0
3.966,-0.0812540054321289,-0.0812540054321289,1.9516487121582031,-0.10661115427525909,3.1236829203115164,0.7916769755063604,15.0,1.0
3.967,-0.0785837173461914,-0.0785837173461914,2.75164794921875,-0.1034869452504219,3.124719712021779,-0.0004766557604283239,15.0,1.0
3.968,-0.0759134292602539,-0.0759134292602539,2.4791202545166016,-0.10036171485121623,3.125725664010872,0.2798811256298358,15.0,1.0
3.969,-0.0740060806274414,-0.0740060806274414,1.9516487121582031,-0.09723549392240086,3.1267007663506305,0.8266108547680356,15.0,1.0
3.97,-0.0717172622680664,-0.0717172622680664,2.3560447692871094,-0.09410831331851427,3.1276450094150547,0.4357344743712274,15.0,1.0
3.971,-0.0690469741821289,-0.0690469741821289,2.760438919067383,-0.09098020390357006,3.128558383885725,0.03912101899672482,15.0,1.0
3.972,-0.0667581558227539,-0.0667581558227539,2.127471923828125,-0.08785119655074351,3.1294408807483904,0.6855733460004214,15.0,1.0
3.973,-0.0648508071899414,-0.0648508071899414,1.9076919555664062,-0.08472132214207398,3.130292491292259,0.9245428114438643,15.0,1.0
3.974,-0.062180519104003906,-0.062180519104003906,2.628570556640625,-0.08159061156815829,3.1311132071136996,0.21139126351075876,15.0,1.0
3.975,-0.059510231018066406,-0.059510231018066406,2.5934066772460938,-0.07845909572784587,3.131903020112567,0.2542633722197813,15.0,1.0
3.976,-0.057602882385253906,-0.057602882385253906,2.039560317993164,-0.07532680552793385,3.132661922492325,0.8272427573589618,15.0,1.0
3.977,-0.055314064025878906,-0.055314064025878906,2.3120880126953125,-0.07219377188286191,3.133389906763796,0.5681062762137382,15.0,1.0
3.978,-0.052643775939941406,-0.052643775939941406,2.839559555053711,-0.06906002571440555,3.1340869657417016,0.04828366407102863,15.0,1.0
3.979,-0.050354957580566406,-0.050354957580566406,2.1978015899658203,-0.0659255979513778,3.134753092546365,0.7033918970183739,15.0,1.0
3.98,-0.048447608947753906,-0.048447608947753906,1.9076919555664062,-0.06279051952931351,3.135388280603731,1.0125526663139308,15.0,1.0
3.981,-0.045777320861816406,-0.045777320861816406,2.6109886169433594,-0.059654821390171024,3.1359925236438784,0.31684139877519973,15.0,1.0
3.982,-0.043107032775878906,-0.043107032775878906,2.6989002227783203,-0.05651853448202505,3.136565815704568,0.2364930673340555,15.0,1.0
3.983,-0.040818214416503906,-0.040818214416503906,2.118680953979492,-0.05338168975876119,3.137108151127631,0.8299750670142794,15.0,1.0
3.984,-0.038529396057128906,-0.038529396057128906,2.2681312561035156,-0.05024431817977047,3.137619524559053,0.6937644366159139,15.0,1.0
3.985,-0.035859107971191406,-0.035859107971191406,2.8043956756591797,-0.04710645070964377,3.1380999309526665,0.16499411421670135,15.0,1.0
3.986,-0.033570289611816406,-0.033570289611816406,2.259340286254883,-0.04396811831786444,3.1385493655666714,0.7232416487210681,15.0,1.0
3.987,-0.031662940979003906,-0.031662940979003906,1.960439682006836,-0.040829351978509724,3.138967823965338,1.0410319769659147,15.0,1.0
3.988,-0.02899169921875,-0.02899169921875,2.6021976470947266,-0.03769018266993446,3.139355302019016,0.4066804031565227,15.0,1.0
3.989,-0.0263214111328125,-0.0263214111328125,2.6901092529296875,-0.034550641374472384,3.1397117959025724,0.3261640893479867,15.0,1.0
3.99,-0.0240325927734375,-0.0240325927734375,2.083517074584961,-0.031410759078128604,3.1400373020989605,0.945847732943633,15.0,1.0
3.991,-0.022125244140625,-0.022125244140625,2.3208789825439453,-0.02827056677027376,3.1403318173955572,0.7272729954068805,15.0,1.0
3.992,-0.019073486328125,-0.019073486328125,2.795604705810547,-0.02513009544333818,3.1405953388842214,0.2541414963454768,15.0,1.0
3.993,-0.01678466796875,-0.01678466796875,2.259340286254883,-0.021989376092506008,3.1408278639649936,0.8034169558537707,15.0,1.0
3.994,-0.0148773193359375,-0.0148773193359375,1.9780216217041016,-0.018848439715407492,3.141029390342558,1.1034409629464064,15.0,1.0
3.995,-0.01220703125,-0.01220703125,2.619779586791992,-0.01570731731182019,3.1411999160279347,0.46891603830863965,15.0,1.0
3.996,-0.0095367431640625,-0.0095367431640625,2.6549453735351562,-0.012566039883352316,3.141339439337597,0.44095461501309335,15.0,1.0
3.997,-0.00762939453125,-0.00762939453125,2.1098899841308594,-0.009424638433145687,3.141447958896281,1.0046293162369861,15.0,1.0
3.998,-0.005340576171875,-0.005340576171875,2.373626708984375,-0.00628314396555905,3.141525473632563,0.7537602477429273,15.0,1.0
3.999,-0.002288818359375,-0.002288818359375,2.786813735961914,-0.0031415874858798576,3.141571982779626,0.3419667099201391,15.0,1.0
4.0,0.0,0.0,2.259340286254883,-4.898587196589413e-16,3.1415874858799038,0.8822471996250136,15.0,1.0
4.001,0.0019073486328125,0.0019073486328125,1.9868125915527344,0.0031415874858806542,3.141571982779626,1.173272974022914,15.0,1.0
4.002,0.00457763671875,0.00457763671875,2.7164840698242188,0.006283143965558071,3.141525473632373,0.4506240125102753,15.0,1.0
4.003,0.0072479248046875,0.0072479248046875,2.6549453735351562,0.009424638433144707,3.1414479588964714,0.5191532897881733,15.0,1.0
4.0040000000000004,0.0095367431640625,0.0095367431640625,2.162637710571289,0.012566039883353112,3.141339439337596,1.024141179555666,15.0,1.0
4.005,0.0118255615234375,0.0118255615234375,2.4087905883789062,0.015707317311819208,3.1411999160279365,0.7906356644747559,15.0,1.0
4.006,0.014495849609375,0.014495849609375,2.742856979370117,0.01884843971540829,3.141029390342366,0.4634612625627482,15.0,1.0
4.007,0.01678466796875,0.01678466796875,2.259340286254883,0.02198937609250325,3.1408278639648035,0.9595581995662195,15.0,1.0
4.008,0.0186920166015625,0.0186920166015625,2.1010990142822266,0.025130095443337202,3.140595338884605,1.136067507228999,15.0,1.0
4.009,0.0217437744140625,0.0217437744140625,2.6901092529296875,0.028270566770274556,3.1403318173955572,0.5481244498090505,15.0,1.0
4.01,0.0240325927734375,0.0240325927734375,2.5142860412597656,0.031410759078127626,3.1400373020987704,0.7364237554093567,15.0,1.0
4.011,0.0263214111328125,0.0263214111328125,2.2153854370117188,0.034550641374471405,3.139711795902766,1.047764812515931,15.0,1.0
4.0120000000000005,0.02899169921875,0.02899169921875,2.549449920654297,0.037690182669935256,3.1393553020190126,0.7203826331324945,15.0,1.0
4.013,0.031662940979003906,0.031662940979003906,2.6549453735351562,0.040829351978508746,3.1389678239653307,0.621518615422747,15.0,1.0
4.014,0.033570289611816406,0.033570289611816406,2.1538467407226562,0.04396811831786523,3.138549365566476,1.1406700554345521,15.0,1.0
4.015,0.035859107971191406,0.035859107971191406,2.241758346557617,0.047106450709641014,3.1380999309524817,1.0650517254716088,15.0,1.0
4.016,0.038529396057128906,0.038529396057128906,2.742856979370117,0.050244318179769494,3.137619524558552,0.5704863770280437,15.0,1.0
4.017,0.040818214416503906,0.040818214416503906,2.3208789825439453,0.05338168975876021,3.137108151127631,1.0046812987175302,15.0,1.0
4.018,0.043107032775878906,0.043107032775878906,2.162637710571289,0.05651853448202407,3.136565815705268,1.1751006307261562,15.0,1.0
4.019,0.045777320861816406,0.045777320861816406,2.8131866455078125,0.059654821390170046,3.1359925236440738,0.5309683860615659,15.0,1.0
4.0200000000000005,0.048447608947753906,0.048447608947753906,2.5230770111083984,0.0627905195293143,3.135388280603724,0.8274549282187316,15.0,1.0
4.021,0.050354957580566406,0.050354957580566406,1.9868125915527344,0.06592559795137681,3.1347530925463616,1.3815001065557833,15.0,1.0
4.022,0.052643775939941406,0.052643775939941406,2.3120880126953125,0.06906002571440634,3.13408696574151,1.0682426996631713,15.0,1.0
4.023,0.055695533752441406,0.055695533752441406,2.795604705810547,0.07219377188285916,3.133389906763618,0.5852587729093377,15.0,1.0
4.024,0.057602882385253906,0.057602882385253906,2.2241764068603516,0.07532680552793287,3.1326619224918204,1.1743443627716534,15.0,1.0
4.025,0.059891700744628906,0.059891700744628906,2.1098899841308594,0.0784590957278449,3.13190302011256,1.3005239607299406,15.0,1.0
4.026,0.0629434585571289,0.0629434585571289,2.9098892211914062,0.0815906115681573,3.131113207114403,0.5009312810884228,15.0,1.0
4.027,0.0652322769165039,0.0652322769165039,2.4263744354248047,0.08472132214207301,3.1302924912924652,0.996253734251197,15.0,1.0
4.0280000000000005,0.0671396255493164,0.0671396255493164,1.916482925415039,0.08785119655074432,3.1294408807483833,1.523631520354763,15.0,1.0
4.029,0.0694284439086914,0.0694284439086914,2.382417678833008,0.09098020390356909,3.128558383885725,1.0694171049758823,15.0,1.0
4.03,0.0720987319946289,0.0720987319946289,2.75164794921875,0.09410831331851506,3.127645009414856,0.7061407800543982,15.0,1.0
4.031,0.0743875503540039,0.0743875503540039,2.1978015899658203,0.09723549392239812,3.1267007663504387,1.2716183299105317,15.0,1.0
4.032,0.0766763687133789,0.0766763687133789,2.1010990142822266,0.10036171485121524,3.1257256640112487,1.3799068417965672,15.0,1.0
4.033,0.0793466567993164,0.0793466567993164,2.8043956756591797,0.1034869452504227,3.124719712021779,0.6824283631291937,15.0,1.0
4.034,0.0816354751586914,0.0816354751586914,2.364835739135742,0.10661115427525812,3.1236829203115235,1.133482367924282,15.0,1.0
4.035,0.0835428237915039,0.0835428237915039,1.9340667724609375,0.10973431109104505,3.122615299111416,1.5814208361435957,15.0,1.0
4.0360000000000005,0.0858316421508789,0.0858316421508789,2.2769222259521484,0.11285638487348303,3.121516858958188,1.2499657738451013,15.0,1.0
4.037,0.0885019302368164,0.0885019302368164,2.707693099975586,0.11597734480896076,3.1203876106941806,0.8248257293007599,15.0,1.0
4.038,0.0907907485961914,0.0907907485961914,2.1450557708740234,0.11909716009487069,3.119227565464179,1.3987679670703448,15.0,1.0
4.039,0.0930795669555664,0.0930795669555664,2.0923080444335938,0.12221579993988843,3.118036734716526,1.4627721850477626,15.0,1.0
4.04,0.09575080871582031,0.09575080871582031,2.7340660095214844,0.12533323356430304,3.116815130206355,0.8264854934121114,15.0,1.0
4.041,0.09803962707519531,0.09803962707519531,2.3912086486816406,0.12844943020030322,3.1155627639892884,1.1805011621842665,15.0,1.0
4.042,0.09994697570800781,0.09994697570800781,1.9428577423095703,0.13156435909228092,3.1142796484250397,1.6456826568795662,15.0,1.0
4.043,0.10223579406738281,0.10223579406738281,2.1802196502685547,0.1346779894971526,3.112965796178301,1.419379077356293,15.0,1.0
4.0440000000000005,0.10490608215332031,0.10490608215332031,2.7164840698242188,0.1377902906846396,3.111621220215156,0.8884002783607265,15.0,1.0
4.045,0.10719490051269531,0.10719490051269531,2.1890106201171875,0.14090123193758225,3.110245933807221,1.4268302850633374,15.0,1.0
4.046,0.10910224914550781,0.10910224914550781,1.9956035614013672,0.14401078255225333,3.1088399505275106,1.636864390227326,15.0,1.0
4.047,0.11177253723144531,0.11177253723144531,2.5934066772460938,0.1471189118386366,3.107403284251717,1.0441922261134926,15.0,1.0
4.048,0.11406135559082031,0.11406135559082031,2.5582408905029297,0.15022558912075606,3.105935949161264,1.0901585616073706,15.0,1.0
4.049,0.11635017395019531,0.11635017395019531,2.004396438598633,0.1533307837369612,3.104437959737055,1.6547506679399109,15.0,1.0
4.05,0.11825752258300781,0.11825752258300781,2.0571422576904297,0.1564344650402295,3.102909330762998,1.6184212099308937,15.0,1.0
4.051,0.12092781066894531,0.12092781066894531,2.7340660095214844,0.1595366023984865,3.1013500773268845,0.9464159437485178,15.0,1.0
4.0520000000000005,0.12321662902832031,0.12321662902832031,2.329669952392578,0.16263716519488536,3.0997602148168255,1.361398304922723,15.0,1.0
4.053,0.1255054473876953,0.1255054473876953,2.0219783782958984,0.1657361228281195,3.098139758924418,1.6796215122348825,15.0,1.0
4.054,0.1277942657470703,0.1277942657470703,2.505495071411133,0.16883344471273348,3.0964887256450737,1.2065813387188884,15.0,1.0
4.055,0.1304645538330078,0.1304645538330078,2.6549453735351562,0.17192910027940897,3.094807131271253,1.061829954432114,15.0,1.0
4.056,0.1323719024658203,0.1323719024658203,1.9956035614013672,0.1750230589752753,3.0930949923999407,1.7372587786403981,15.0,1.0
4.057,0.1346607208251953,0.1346607208251953,2.004396438598633,0.1781152902642109,3.091352325930785,1.7387744289173863,15.0,1.0
4.058,0.1373310089111328,0.1373310089111328,2.7252750396728516,0.1812057636271362,3.089579149061734,1.0224254301289333,15.0,1.0
4.059,0.1396198272705078,0.1396198272705078,2.3912086486816406,0.1842944485623337,3.087775479293299,1.3666861499890468,15.0,1.0
4.0600000000000005,0.1415271759033203,0.1415271759033203,2.039560317993164,0.18738131458572485,3.0859413344284405,1.7341930966713446,15.0,1.0
4.061,0.1441974639892578,0.1441974639892578,2.3999996185302734,0.19046633123118992,3.084076732567965,1.3781101226666732,15.0,1.0
4.062,0.1468677520751953,0.1468677520751953,2.707693099975586,0.1935494680508601,3.0821816921143466,1.0747143317737324,15.0,1.0
4.063,0.1487751007080078,0.1487751007080078,2.0307693481445312,0.19663069461541796,3.0802562317735322,1.7673207922401533,15.0,1.0
4.064,0.1506824493408203,0.1506824493408203,1.960439682006836,0.19970998051440647,3.078300370546728,1.8532736561436844,15.0,1.0
4.065,0.1533527374267578,0.1533527374267578,2.6549453735351562,0.20278729535651346,3.076314127737291,1.1628871231484694,15.0,1.0
4.066,0.1560230255126953,0.1560230255126953,2.505495071411133,0.20586260876988038,3.074297522949763,1.3163962003964063,15.0,1.0
4.067,0.15793132781982422,0.15793132781982422,1.9868125915527344,0.2089358904024123,3.0722505760863186,1.8505064232724056,15.0,1.0
4.0680000000000005,0.16022014617919922,0.16022014617919922,2.241758346557617,0.21200710992205507,3.0701733073509843,1.6052194169362048,15.0,1.0
4.069,0.16289043426513672,0.16289043426513672,2.8131866455078125,0.2150762370171136,3.0680657372440976,1.0376661330159382,15.0,1.0
4.07,0.16517925262451172,0.16517925262451172,2.1098899841308594,0.2181432413965426,3.0659278865661435,1.750497734015747,15.0,1.0
4.071,0.16708660125732422,0.16708660125732422,1.8549442291259766,0.22120809279024523,3.0637597764194737,2.0206379202873124,15.0,1.0
4.072,0.16937541961669922,0.16937541961669922,2.3472518920898438,0.22427076094938084,3.0615614282001786,1.5377396561005592,15.0,1.0
4.073,0.17166423797607422,0.17166423797607422,2.5318679809570312,0.22733121564664763,3.059332863604837,1.3624695477064068,15.0,1.0
4.074,0.17395305633544922,0.17395305633544922,2.004396438598633,0.23038942667658985,3.057074104629649,1.8992232211481257,15.0,1.0
4.075,0.17586040496826172,0.17586040496826172,2.0131874084472656,0.23344536385590622,3.0547851735667138,1.9053721484341157,15.0,1.0
4.0760000000000005,0.17853069305419922,0.17853069305419922,2.6021976470947266,0.23649899702372532,3.0524660930074816,1.3197930054556464,15.0,1.0
4.077,0.18081951141357422,0.18081951141357422,2.373626708984375,0.23955029604192055,3.0501168858415184,1.5574519462823382,15.0,1.0
4.078,0.18272686004638672,0.18272686004638672,1.8813190460205078,0.24259923079540766,3.047737575252384,2.0645040904671905,15.0,1.0
4.079,0.18463420867919922,0.18463420867919922,1.9428577423095703,0.24564577119242467,3.045328184723843,2.0176438801126544,15.0,1.0
4.08,0.18730449676513672,0.18730449676513672,2.5934066772460938,0.24868988716485466,3.0428887380358987,1.370262916785574,15.0,1.0
4.081,0.18959331512451172,0.18959331512451172,2.294506072998047,0.2517315486684985,3.040419259263828,1.677986689425583,15.0,1.0
4.082,0.19150066375732422,0.19150066375732422,1.9868125915527344,0.25477072568338166,3.0379197727806684,2.0001581101187957,15.0,1.0
4.083,0.19378948211669922,0.19378948211669922,2.2681312561035156,0.25780738821405913,3.0353903032570457,1.7275276386139287,15.0,1.0
4.0840000000000005,0.19645977020263672,0.19645977020263672,2.5934066772460938,0.2608415062898978,3.032830875656657,1.4051502397194793,15.0,1.0
4.085,0.19836711883544922,0.19836711883544922,2.0571422576904297,0.2638730499653718,3.030241515239453,1.9556882244978622,15.0,1.0
4.086,0.20027446746826172,0.20027446746826172,1.8549442291259766,0.266901989320376,3.027622247561851,2.1720908462175887,15.0,1.0
4.087,0.20256328582763672,0.20256328582763672,2.3560447692871094,0.2699282944604949,3.0249730984749874,1.6794034586807505,15.0,1.0
4.088,0.20523357391357422,0.20523357391357422,2.4967041015625,0.2729519355173253,3.0222940941252148,1.5413654166189805,15.0,1.0
4.089,0.20714092254638672,0.20714092254638672,1.9956035614013672,0.2759728826487473,3.019585260952141,2.0564611010861826,15.0,1.0
4.09,0.20904827117919922,0.20904827117919922,2.0307693481445312,0.27899110603922894,3.01684662569113,2.0352198004470448,15.0,1.0
4.091,0.21171855926513672,0.21171855926513672,2.663736343383789,0.28200657590012895,3.014078215373104,1.4046621215141983,15.0,1.0
4.0920000000000005,0.21400737762451172,0.21400737762451172,2.3208789825439453,0.28501926246997716,3.0112800573199934,1.7555793474580297,15.0,1.0
4.093,0.21591472625732422,0.21591472625732422,1.8813190460205078,0.2880291360147683,3.0084521791480086,2.2088492794891623,15.0,1.0
4.094,0.21820354461669922,0.21820354461669922,2.074726104736328,0.2910361668282725,3.005594608767524,2.0233578372047947,15.0,1.0
4.095,0.22087478637695312,0.22087478637695312,2.6901092529296875,0.2940403252323027,3.002707374381714,1.4100812042822706,15.0,1.0
4.096,0.22278213500976562,0.22278213500976562,2.136262893676758,0.2970415815770352,2.9997905044857873,1.9774193093180732,15.0,1.0
4.097,0.22468948364257812,0.22468948364257812,1.872528076171875,0.3000399062412763,2.996844027869656,2.254572290678254,15.0,1.0
4.098,0.22697830200195312,0.22697830200195312,2.329669952392578,0.3030352696327739,2.9938679736124243,1.8050525356821576,15.0,1.0
4.099,0.22964859008789062,0.22964859008789062,2.672527313232422,0.3060276421885004,2.9908623710859956,1.4640208393627208,15.0,1.0
4.1,0.23193740844726562,0.23193740844726562,1.960439682006836,0.30901699437494523,2.9878272499572347,2.183581356865593,15.0,1.0
4.101,0.23346328735351562,0.23346328735351562,1.7582416534423828,0.3120032966884142,2.9847626401792127,2.4046211267603086,15.0,1.0
4.102,0.23575210571289062,0.23575210571289062,2.2769222259521484,0.31498651965530566,2.9816685719981706,1.8932625551822477,15.0,1.0
4.103,0.23842239379882812,0.23842239379882812,2.5142860412597656,0.3179666338324099,2.978545075952468,1.6574226351964292,15.0,1.0
4.104,0.24032974243164062,0.24032974243164062,1.960439682006836,0.32094360980720993,2.9753921828688874,2.224160511495591,15.0,1.0
4.105,0.24223709106445312,0.24223709106445312,1.8461532592773438,0.3239174181981497,2.972209923865819,2.3512615715939233,15.0,1.0
4.106,0.24452590942382812,0.24452590942382812,2.3472518920898438,0.3268880296549409,2.9689983303518943,1.8571782417287421,15.0,1.0
4.107,0.24681472778320312,0.24681472778320312,2.4703292846679688,0.3298554148588528,2.9657574340222084,1.7410384554889844,15.0,1.0
4.108,0.24872207641601562,0.24872207641601562,1.8461532592773438,0.3328195445229847,2.962487266864059,2.377796029191251,15.0,1.0
4.109,0.2506294250488281,0.2506294250488281,1.7054939270019531,0.3357803893925802,2.959187861152884,2.5309583993072122,15.0,1.0
4.11,0.2525367736816406,0.2525367736816406,2.206592559814453,0.3387379202452924,2.955859249451464,2.042283888091788,15.0,1.0
4.111,0.2552070617675781,0.2552070617675781,2.4967041015625,0.3416921078914825,2.952501464612169,1.753073054908235,15.0,1.0
4.112,0.2571144104003906,0.2571144104003906,1.9516487121582031,0.34464292317451606,2.9491145397765024,2.310393519230181,15.0,1.0
4.113,0.2590217590332031,0.2590217590332031,1.7934074401855469,0.34759033697103753,2.9456985083710947,2.480819737253064,15.0,1.0
4.114,0.2613105773925781,0.2613105773925781,2.25054931640625,0.35053432019125763,2.942253404110204,2.0300602296841466,15.0,1.0
4.115,0.2635993957519531,0.2635993957519531,2.4351654052734375,0.35347484377925725,2.9387792609959718,1.8517455761320962,15.0,1.0
4.116,0.2655067443847656,0.2655067443847656,1.872528076171875,0.356411878713249,2.935276113316945,2.4263250520723205,15.0,1.0
4.117,0.2670326232910156,0.2670326232910156,1.7054939270019531,0.35934539600589044,2.9317439956479916,2.6109416593691606,15.0,1.0
4.118,0.2693214416503906,0.2693214416503906,2.1890106201171875,0.3622753667045469,2.9281829428486787,2.1334811985438353,15.0,1.0
4.119,0.2719917297363281,0.2719917297363281,2.4791202545166016,0.3652017618915872,2.9245929900654914,1.843623217877776,15.0,1.0
4.12,0.2738990783691406,0.2738990783691406,1.9780216217041016,0.36812455268467714,2.9209741727312633,2.3563346657602096,15.0,1.0
4.121,0.2754249572753906,0.2754249572753906,1.7934074401855469,0.3710437102370517,2.917326526561368,2.558200380800737,15.0,1.0
4.122,0.2777137756347656,0.2777137756347656,2.3120880126953125,0.3739592057377993,2.913650087555993,2.0452435264061855,15.0,1.0
4.123,0.2803840637207031,0.2803840637207031,2.4703292846679688,0.376871010412163,2.909944892000482,1.8869198077044107,15.0,1.0
4.124,0.28229236602783203,0.28229236602783203,1.8813190460205078,0.3797790955217996,2.9062109764637114,2.4871928728527175,15.0,1.0
4.125,0.28419971466064453,0.28419971466064453,1.714284896850586,0.3826834323650897,2.902448377797384,2.6654192465134763,15.0,1.0
4.126,0.28610706329345703,0.28610706329345703,2.2329673767089844,0.3855839922773963,2.8986571331383004,2.1578436911884054,15.0,1.0
4.127,0.28877735137939453,0.28877735137939453,2.4351654052734375,0.38848074663136567,2.8948372799031006,1.9552228034092303,15.0,1.0
4.128,0.29068470001220703,0.29068470001220703,1.9340667724609375,0.3913736668372018,2.8909888557921306,2.4672565857061146,15.0,1.0
4.1290000000000004,0.29221057891845703,0.29221057891845703,1.7758235931396484,0.39426272434295184,2.8871118987892146,2.6420704870169884,15.0,1.0
4.13,0.29449939727783203,0.29449939727783203,2.3120880126953125,0.3971478906347797,2.8832064471570504,2.1108458348159527,15.0,1.0
4.131,0.29716968536376953,0.29716968536376953,2.3999996185302734,0.40002913723726524,2.879272539441132,2.0221646990132944,15.0,1.0
4.132,0.29869556427001953,0.29869556427001953,1.837362289428711,0.40290643571366136,2.8753102144677882,2.6011109966937047,15.0,1.0
4.133,0.30060291290283203,0.30060291290283203,1.626373291015625,0.4057797576662001,2.871319511342847,2.8225988917777434,15.0,1.0
4.134,0.30251026153564453,0.30251026153564453,2.048351287841797,0.408649074736349,2.8673004694536814,2.411031379622451,15.0,1.0
4.135,0.30479907989501953,0.30479907989501953,2.4263744354248047,0.41151435860510693,2.8632531284677327,2.037607873694239,15.0,1.0
4.136,0.30708789825439453,0.30708789825439453,1.9780216217041016,0.41437558099328375,2.8591775283287575,2.490471147707994,15.0,1.0
4.1370000000000005,0.30861377716064453,0.30861377716064453,1.6967029571533203,0.41723271366176634,2.855073709261177,2.7876547996246837,15.0,1.0
4.138,0.31052112579345703,0.31052112579345703,2.0131874084472656,0.4200857284118055,2.850941711769167,2.4812233425971284,15.0,1.0
4.139,0.31319141387939453,0.31319141387939453,2.3472518920898438,0.42293459708530395,2.8467815766332762,2.1456774326320738,15.0,1.0
4.14,0.31509876251220703,0.31509876251220703,1.9428577423095703,0.42577929156507155,2.8425933449127,2.5599435383960976,15.0,1.0
4.141,0.31662464141845703,0.31662464141845703,1.6175823211669922,0.42861978377512866,2.838377057942836,2.900721872125918,15.0,1.0
4.142,0.31815052032470703,0.31815052032470703,1.7406597137451172,0.43145604568095913,2.834132757337443,2.793055923936107,15.0,1.0
4.143,0.32043933868408203,0.32043933868408203,2.2769222259521484,0.43428804928980297,2.8298604849871367,2.2606689181208024,15.0,1.0
4.144,0.32272815704345703,0.32272815704345703,2.1010990142822266,0.4371157666509327,2.8255602830557507,2.4402754128856596,15.0,1.0
4.1450000000000005,0.32425403594970703,0.32425403594970703,1.714284896850586,0.43993916985591636,2.8212321939844287,2.8422243057269827,15.0,1.0
4.146,0.32616138458251953,0.32616138458251953,1.6527481079101562,0.442758231038901,2.8168762604907442,2.91308084942631,15.0,1.0
4.147,0.32845020294189453,0.32845020294189453,2.206592559814453,0.44557292237689716,2.8124925255654603,2.362740757276047,15.0,1.0
4.148,0.33035755157470703,0.33035755157470703,2.162637710571289,0.44838321609003134,2.8080810324737513,2.415828289632327,15.0,1.0
4.149,0.33226490020751953,0.33226490020751953,1.74945068359375,0.45118908444184397,2.8036418247569657,2.838053904678082,15.0,1.0
4.15,0.33379077911376953,0.33379077911376953,1.5736255645751953,0.45399049973954714,2.799174946227339,3.0285451910388077,15.0,1.0
4.151,0.33569812774658203,0.33569812774658203,1.8989009857177734,0.4567874343342981,2.7946804409706942,2.7121190540686615,15.0,1.0
4.152,0.33798694610595703,0.33798694610595703,2.25054931640625,0.45957986062148787,2.7901583533466123,2.363502754673325,15.0,1.0
4.1530000000000005,0.33989429473876953,0.33989429473876953,1.9692306518554688,0.4623677510409932,2.785608727985334,2.6534799206632202,15.0,1.0
4.154,0.34142017364501953,0.34142017364501953,1.6791210174560547,0.465151078077458,2.7810316097901477,2.95787415882067,15.0,1.0
4.155,0.34332752227783203,0.34332752227783203,1.8549442291259766,0.46792981426057284,2.7764270439372183,2.790517194552354,15.0,1.0
4.156,0.34561729431152344,0.34561729431152344,2.2769222259521484,0.47070393216533185,2.771795075869562,2.37117241772454,15.0,1.0
4.157,0.34752464294433594,0.34752464294433594,2.039560317993164,0.4734734044123113,2.767135751302959,2.6168068553294255,15.0,1.0
4.158,0.34943199157714844,0.34943199157714844,1.6439552307128906,0.4762382036679396,2.762449116224559,3.020587066873536,15.0,1.0
4.159,0.35095787048339844,0.35095787048339844,1.582418441772461,0.47899830264475984,2.75773521688825,3.09592325753621,15.0,1.0
4.16,0.35286521911621094,0.35286521911621094,2.0923080444335938,0.48175367410171543,2.7529940998189204,2.5940128801678943,15.0,1.0
4.1610000000000005,0.35515403747558594,0.35515403747558594,2.1978015899658203,0.4845042908443995,2.7482258118086236,2.4906780223750067,15.0,1.0
4.162,0.35706138610839844,0.35706138610839844,1.8901100158691406,0.48725012572533216,2.7434303999187364,2.806151478303602,15.0,1.0
4.163,0.35896873474121094,0.35896873474121094,1.6703300476074219,0.48999115164423623,2.7386079114797326,3.0336141174176903,15.0,1.0
4.164,0.36087608337402344,0.36087608337402344,1.9340667724609375,0.49272734154829106,2.733758394085669,2.7774604942387455,15.0,1.0
4.165,0.36278343200683594,0.36278343200683594,2.1802196502685547,0.4954586684324069,2.728881895599301,2.53879079171431,15.0,1.0
4.166,0.36469078063964844,0.36469078063964844,1.8989009857177734,0.4981851053394915,2.7239784641512585,2.827492348931131,15.0,1.0
4.167,0.36659812927246094,0.36659812927246094,1.626373291015625,0.5009066253607088,2.7190481481351867,3.1073022984432805,15.0,1.0
4.168,0.36812400817871094,0.36812400817871094,1.661539077758789,0.5036232016357612,2.7140909962110413,3.085039820308007,15.0,1.0
4.1690000000000005,0.37003135681152344,0.37003135681152344,2.074726104736328,0.5063348073531327,2.709107057305289,2.6789327106931005,15.0,1.0
4.17,0.37232017517089844,0.37232017517089844,2.004396438598633,0.5090414157503713,2.704096380606387,2.7505185506998475,15.0,1.0
4.171,0.37384605407714844,0.37384605407714844,1.7846145629882812,0.5117430001143448,2.6990590155669167,2.982898643136581,15.0,1.0
4.172,0.37575340270996094,0.37575340270996094,1.6175823211669922,0.5144395337815046,2.6939950119062246,3.156704656812388,15.0,1.0
4.173,0.37727928161621094,0.37727928161621094,1.8901100158691406,0.5171309901381567,2.688904419601954,2.8965700315619993,15.0,1.0
4.174,0.37956809997558594,0.37956809997558594,2.0571422576904297,0.5198173426207103,2.683787288895985,2.7303836708824214,15.0,1.0
4.175,0.38147544860839844,0.38147544860839844,1.7934074401855469,0.522498564715948,2.6786436702932974,3.0005829717209944,15.0,1.0
4.176,0.38300132751464844,0.38300132751464844,1.538461685180664,0.5251746299612963,2.6734736145584748,3.267611466077528,15.0,1.0
4.1770000000000005,0.38452720642089844,0.38452720642089844,1.5648345947265625,0.5278455119450668,2.668277172718433,3.253217160854396,15.0,1.0
4.178,0.38643455505371094,0.38643455505371094,1.9252738952636719,0.5305111843067327,2.663054396061227,2.898929939592882,15.0,1.0
4.179,0.38834190368652344,0.38834190368652344,1.916482925415039,0.5331716207371887,2.657805336131389,2.9137681664763293,15.0,1.0
4.18,0.38986778259277344,0.38986778259277344,1.626373291015625,0.535826794978995,2.6525300447358973,3.215541939513596,15.0,1.0
4.181,0.39139366149902344,0.39139366149902344,1.5208797454833984,0.5384766808266599,2.6472285739400263,3.3325941183711745,15.0,1.0
4.182,0.39330101013183594,0.39330101013183594,1.7230777740478516,0.5411212521268769,2.6419009760662107,3.1361268319439732,15.0,1.0
4.183,0.39520835876464844,0.39520835876464844,2.1098899841308594,0.5437604827787919,2.636547303696773,2.7549391797780647,15.0,1.0
4.184,0.39711570739746094,0.39711570739746094,1.7934074401855469,0.5463943467342698,2.631167609669319,3.0769397595359047,15.0,1.0
4.1850000000000005,0.39864158630371094,0.39864158630371094,1.4769229888916016,0.5490228179981322,2.6257619470799796,3.4045574336046975,15.0,1.0
4.186,0.39978599548339844,0.39978599548339844,1.415384292602539,0.5516458706284292,2.620330369281305,3.4828442038542273,15.0,1.0
4.187,0.40169334411621094,0.40169334411621094,1.7230777740478516,0.5542634787366942,2.614872929879027,3.180347175138425,15.0,1.0
4.188,0.40360069274902344,0.40360069274902344,2.0571422576904297,0.5568756164881866,2.609389682736662,2.85137128113368,15.0,1.0
4.189,0.40550804138183594,0.40550804138183594,1.8197803497314453,0.5594822581021669,2.6038806819717024,3.0937135830452216,15.0,1.0
4.19,0.40703487396240234,0.40703487396240234,1.4945049285888672,0.5620833778521318,2.598345981955106,3.4295686117121806,15.0,1.0
4.191,0.40856075286865234,0.40856075286865234,1.4857139587402344,0.5646789500660766,2.5927856373123177,3.448844636533447,15.0,1.0
4.192,0.41046810150146484,0.41046810150146484,1.9076919555664062,0.5672689491267559,2.5871997029230442,3.031520461736003,15.0,1.0
4.1930000000000005,0.41275691986083984,0.41275691986083984,2.0923080444335938,0.5698533494719245,2.58158823391733,2.8457266336500053,15.0,1.0
4.194,0.41428279876708984,0.41428279876708984,1.6703300476074219,0.57243212559459,2.5759512856775473,3.277861140482628,15.0,1.0
4.195,0.41542720794677734,0.41542720794677734,1.3802204132080078,0.5750052520432789,2.5702889138385103,3.583739162078026,15.0,1.0
4.196,0.41695308685302734,0.41695308685302734,1.4065933227539062,0.5775727034222664,2.564601174285599,3.567302100070279,15.0,1.0
4.197,0.41886043548583984,0.41886043548583984,1.872528076171875,0.5801344543918494,2.558888123153963,3.1054703305722313,15.0,1.0
4.198,0.42076778411865234,0.42076778411865234,2.0571422576904297,0.582690479668576,2.5531498168303983,2.9248479923888238,15.0,1.0
4.199,0.42267513275146484,0.42267513275146484,1.6967029571533203,0.5852407540255098,2.547386311948628,3.289167673905982,15.0,1.0
4.2,0.42420101165771484,0.42420101165771484,1.4505500793457031,0.5877852522924727,2.5415976653919756,3.5448111955676405,15.0,1.0
4.2010000000000005,0.42572689056396484,0.42572689056396484,1.5208797454833984,0.5903239493562954,2.5357839342931356,3.4838600706946954,15.0,1.0
4.202,0.42763423919677734,0.42763423919677734,1.9428577423095703,0.5928568201610586,2.529945176030367,3.065426148185015,15.0,1.0
4.203,0.42954158782958984,0.42954158782958984,1.9516487121582031,0.5953838397083555,2.524081448229879,3.060066514253161,15.0,1.0
4.204,0.43106746673583984,0.43106746673583984,1.582418441772461,0.5979049830575178,2.518192808764695,3.438337111817404,15.0,1.0
4.205,0.43221187591552734,0.43221187591552734,1.3626365661621094,0.6004202253258842,2.5122793157526644,3.6727679907459083,15.0,1.0
4.206,0.43373775482177734,0.43373775482177734,1.4329662322998047,0.6029295416890248,2.506341027558733,3.61125159826764,15.0,1.0
4.207,0.43564510345458984,0.43564510345458984,1.8461532592773438,0.6054329073810013,2.5003780027905123,3.2010418024093403,15.0,1.0
4.208,0.43755245208740234,0.43755245208740234,1.916482925415039,0.6079302976946052,2.4943903003002674,3.1335750589932707,15.0,1.0
4.2090000000000005,0.43907833099365234,0.43907833099365234,1.582418441772461,0.6104216879816036,2.4883779791856,3.476109892232407,15.0,1.0
4.21,0.44060420989990234,0.44060420989990234,1.371429443359375,0.6129070536529759,2.482341098784673,3.6954543117214014,15.0,1.0
4.211,0.44213008880615234,0.44213008880615234,1.4505500793457031,0.6153863701791722,2.476279718679052,3.624573859928647,15.0,1.0
4.212,0.44365596771240234,0.44365596771240234,1.8109893798828125,0.6178596130903335,2.4701938986924574,3.272259199478613,15.0,1.0
4.213,0.44556331634521484,0.44556331634521484,1.8813190460205078,0.6203267579765565,2.4640836988887713,3.2042162773383875,15.0,1.0
4.214,0.44708919525146484,0.44708919525146484,1.5032958984375,0.6227877804881128,2.4579491795739727,3.5901320596861916,15.0,1.0
4.215,0.44861507415771484,0.44861507415771484,1.2835159301757812,0.6252426563357039,2.4517904012940903,3.817688203788144,15.0,1.0
4.216,0.44975948333740234,0.44975948333740234,1.3098907470703125,0.6276913612907004,2.4456074248323603,3.804694847061518,15.0,1.0
4.2170000000000005,0.45128536224365234,0.45128536224365234,1.5560436248779297,0.6301338711853702,2.4394003112120686,3.566084320459907,15.0,1.0
4.218,0.45319271087646484,0.45319271087646484,1.8549442291259766,0.6325701619131241,2.4331691216959257,3.268886658119838,15.0,1.0
4.219,0.45471858978271484,0.45471858978271484,1.6175823211669922,0.6350002094287615,2.426913917782713,3.51355589130642,15.0,1.0
4.22,0.45624446868896484,0.45624446868896484,1.371429443359375,0.6374239897486891,2.4206347612084187,3.766898133744907,15.0,1.0
4.221,0.45738887786865234,0.45738887786865234,1.3186817169189453,0.6398414789511776,2.4143317139470355,3.832439013265969,15.0,1.0
4.222,0.45891475677490234,0.45891475677490234,1.4417591094970703,0.6422526531765848,2.408004838206523,3.7163141747346886,15.0,1.0
4.223,0.46082210540771484,0.46082210540771484,1.8285713195800781,0.6446574886275902,2.4016541964301723,3.3306136251482243,15.0,1.0
4.224,0.46272945404052734,0.46272945404052734,1.7934074401855469,0.6470559615694444,2.395279851296266,3.3667700240444756,15.0,1.0
4.225,0.46387386322021484,0.46387386322021484,1.4417591094970703,0.6494480483301822,2.3888818657173942,3.7307355328698346,15.0,1.0
4.226,0.46539974212646484,0.46539974212646484,1.2571430206298828,0.6518337253008786,2.3824603028390925,3.9218270298254154,15.0,1.0
4.227,0.46654415130615234,0.46654415130615234,1.2747249603271484,0.654212968935862,2.3760152260389305,3.916322530157427,15.0,1.0
4.228,0.46807003021240234,0.46807003021240234,1.5560436248779297,0.656585755752956,2.369546698927479,3.641238957157854,15.0,1.0
4.229,0.46997833251953125,0.46997833251953125,1.74945068359375,0.6589520623337163,2.3630547853474013,3.448210048966427,15.0,1.0
4.23,0.47150421142578125,0.47150421142578125,1.5472526550292969,0.6613118653236524,2.3565395493708365,3.6564017028096067,15.0,1.0
4.231,0.47264862060546875,0.47264862060546875,1.3626365661621094,0.6636651414324576,2.3500010553000834,3.8526123015428064,15.0,1.0
4.232,0.47417449951171875,0.47417449951171875,1.2747249603271484,0.6660118674342519,2.343439367667372,3.946274926178221,15.0,1.0
4.233,0.47531890869140625,0.47531890869140625,1.3538455963134766,0.6683520201677918,2.336854551234353,3.87850562706666,15.0,1.0
4.234,0.47722625732421875,0.47722625732421875,1.6791210174560547,0.67068557653672,2.3302466709899363,3.5530154417214006,15.0,1.0
4.235,0.47875213623046875,0.47875213623046875,1.7582416534423828,0.6730125135097732,2.3236157921522818,3.4792797978994656,15.0,1.0
4.236,0.48027801513671875,0.48027801513671875,1.3802204132080078,0.6753328081210241,2.316961980164592,3.862563461721165,15.0,1.0
4.237,0.48142242431640625,0.48142242431640625,1.1780223846435547,0.6776464374701018,2.310285300697103,4.075623113358981,15.0,1.0
4.238,0.48256683349609375,0.48256683349609375,1.2043952941894531,0.6799533787224199,2.3035858196471963,4.059988703852635,15.0,1.0
4.239,0.48371124267578125,0.48371124267578125,1.3010997772216797,0.6822536091093957,2.2968636031348524,3.9738993224173895,15.0,1.0
4.24,0.48561859130859375,0.48561859130859375,1.6175823211669922,0.6845471059286891,2.2901187175059476,3.656464115640385,15.0,1.0
4.241,0.48714447021484375,0.48714447021484375,1.6879119873046875,0.6868338465444072,2.283351229330094,3.590779886968858,15.0,1.0
4.242,0.48867034912109375,0.48867034912109375,1.3802204132080078,0.6891138083873486,2.2765612053988207,3.9029926811846356,15.0,1.0
4.243,0.48981475830078125,0.48981475830078125,1.213186264038086,0.6913869689552063,2.269748712727676,4.080145608505966,15.0,1.0
4.244,0.49095916748046875,0.49095916748046875,1.24835205078125,0.6936533058128035,2.2629138185540683,4.054973842757839,15.0,1.0
4.245,0.49248504638671875,0.49248504638671875,1.371429443359375,0.695912796592314,2.2560565903342535,3.936043400058807,15.0,1.0
4.246,0.49401092529296875,0.49401092529296875,1.6791210174560547,0.6981654189934735,2.24917709574612,3.6323734837976365,15.0,1.0
4.247,0.49553680419921875,0.49553680419921875,1.6175823211669922,0.7004111507838058,2.242275402688392,3.6978082802902055,15.0,1.0
4.248,0.49706268310546875,0.49706268310546875,1.292306900024414,0.7026499697988497,2.2353515792776193,4.02685397965392,15.0,1.0
4.249,0.49820709228515625,0.49820709228515625,1.1076927185058594,0.7048818539423606,2.228405693849311,4.220834400201516,15.0,1.0
4.25,0.49935150146484375,0.49935150146484375,1.160440444946289,0.7071067811865478,2.221437814956005,4.177326565835276,15.0,1.0
4.251,0.5004959106445312,0.5004959106445312,1.2747249603271484,0.709324729572274,2.214448011368404,4.0721553349573965,15.0,1.0
4.252,0.5020217895507812,0.5020217895507812,1.6087913513183594,0.7115356772092841,2.2074363520738984,3.741353315633082,15.0,1.0
4.253,0.5039291381835938,0.5039291381835938,1.6351642608642578,0.7137396022764212,2.2004029062732684,3.7123956068014223,15.0,1.0
4.2540000000000004,0.5050735473632812,0.5050735473632812,1.3010997772216797,0.7159364830218321,2.1933477433838107,4.055192001040394,15.0,1.0
4.255,0.5062179565429688,0.5062179565429688,1.1164836883544922,0.7181262977631884,2.186270933038088,4.24841236298689,15.0,1.0
4.256,0.5073623657226562,0.5073623657226562,1.1428565979003906,0.7203090248879076,2.179172545080519,4.230515834658899,15.0,1.0
4.257,0.5085067749023438,0.5085067749023438,1.213186264038086,0.7224846428533491,2.172052649569366,4.168534404796361,15.0,1.0
4.258,0.5100326538085938,0.5100326538085938,1.5736255645751953,0.7246531301870458,2.1649113167762835,3.8105928978778687,15.0,1.0
4.259,0.5115585327148438,0.5115585327148438,1.6000003814697266,0.7268144654869031,2.1577486171825626,3.786587227293726,15.0,1.0
4.26,0.5130844116210938,0.5130844116210938,1.2747249603271484,0.7289686274214104,2.1505646214807825,4.114102898158384,15.0,1.0
4.261,0.5142288208007812,0.5142288208007812,1.1340656280517578,0.7311155947298641,2.1433594005745817,4.262595381459066,15.0,1.0
4.2620000000000005,0.5149917602539062,0.5149917602539062,1.0197811126708984,0.733255346222561,2.13613302557593,4.390305702434853,15.0,1.0
4.263,0.5161361694335938,0.5161361694335938,1.0637359619140625,0.7353878607810156,2.128885567806492,4.353924976103757,15.0,1.0
4.264,0.5172805786132812,0.5172805786132812,1.24835205078125,0.7375131173581735,2.1216170987969463,4.17675312918908,15.0,1.0
4.265,0.5188064575195312,0.5188064575195312,1.4857139587402344,0.7396310949786091,2.114327690282778,3.9409832934287117,15.0,1.0
4.266,0.5203323364257812,0.5203323364257812,1.4769229888916016,0.7417417727387385,2.107017414207462,3.9512359700102198,15.0,1.0
4.267,0.5214767456054688,0.5214767456054688,1.2219772338867188,0.7438451298070254,2.0996863427215544,4.213234871858186,15.0,1.0
4.268,0.5226211547851562,0.5226211547851562,1.0813179016113281,0.7459411454241812,2.092334548178826,4.360816506152872,15.0,1.0
4.269,0.5237655639648438,0.5237655639648438,1.0901107788085938,0.7480297989033826,2.0849621031390484,4.358814848408538,15.0,1.0
4.2700000000000005,0.5249099731445312,0.5249099731445312,1.1076927185058594,0.7501110696304607,2.077569080364583,4.347892809147665,15.0,1.0
4.271,0.5264358520507812,0.5264358520507812,1.3890113830566406,0.7521849370641113,2.0701555528217455,4.067380444965055,15.0,1.0
4.272,0.5279617309570312,0.5279617309570312,1.5032958984375,0.7542513807361035,2.0627215936797256,3.95377044192831,15.0,1.0
4.273,0.5291061401367188,0.5291061401367188,1.3186817169189453,0.7563103802514703,2.0552672763091664,4.144649161111495,15.0,1.0
4.274,0.5302505493164062,0.5302505493164062,1.1076927185058594,0.7583619152887213,2.04779267427989,4.361770445358757,15.0,1.0
4.275,0.5313959121704102,0.5313959121704102,0.9758243560791016,0.7604059656000315,2.040297861363058,4.499624306728276,15.0,1.0
4.276,0.5321588516235352,0.5321588516235352,0.9758243560791016,0.7624425110114471,2.0327829115304326,4.511213446270011,15.0,1.0
4.277,0.5333032608032227,0.5333032608032227,0.9758243560791016,0.7644715314230919,2.025247898950738,4.516947602169675,15.0,1.0
4.2780000000000005,0.5344476699829102,0.5344476699829102,1.1868133544921875,0.76649300680935,2.0176928979925606,4.31155959589697,15.0,1.0
4.279,0.5355920791625977,0.5355920791625977,1.336263656616211,0.7685069172190766,2.010117983219857,4.1675768974508305,15.0,1.0
4.28,0.5371179580688477,0.5371179580688477,1.3450546264648438,0.7705132427757891,2.0025232293934323,4.158397873532711,15.0,1.0
4.281,0.5382623672485352,0.5382623672485352,1.1164836883544922,0.7725119636778631,1.9949087114724193,4.392168969557847,15.0,1.0
4.282,0.5390253067016602,0.5390253067016602,1.037363052368164,0.7745030601987335,1.9872745046073987,4.482077754695335,15.0,1.0
4.283,0.5401697158813477,0.5401697158813477,0.9582424163818359,0.7764865126870792,1.9796206841448338,4.566130219848972,15.0,1.0
4.284,0.5409326553344727,0.5409326553344727,0.9846153259277344,0.7784623015670228,1.9719473256256492,4.5502766931861665,15.0,1.0
4.285,0.5420770645141602,0.5420770645141602,1.1164836883544922,0.7804304073383301,1.9642545047821613,4.423070958790219,15.0,1.0
4.2860000000000005,0.5436029434204102,0.5436029434204102,1.292306900024414,0.7823908105765884,1.95654229753967,4.24605340485793,15.0,1.0
4.287,0.5447473526000977,0.5447473526000977,1.3186817169189453,0.7843434919334091,1.9488107800154921,4.224071153096219,15.0,1.0
4.288,0.5458917617797852,0.5458917617797852,1.1164836883544922,0.7862884321366189,1.9410600285149826,4.430526395512997,15.0,1.0
4.289,0.5470361709594727,0.5470361709594727,1.0109882354736328,0.7882256119904388,1.9332901195358545,4.540143499526714,15.0,1.0
4.29,0.5477991104125977,0.5477991104125977,0.8791217803955078,0.7901550123756902,1.925501129763859,4.681717878814739,15.0,1.0
4.291,0.5489435195922852,0.5489435195922852,0.9230766296386719,0.7920766142499678,1.9176931360725007,4.641612926299068,15.0,1.0
4.292,0.5497064590454102,0.5497064590454102,0.9494514465332031,0.7939903986478348,1.909866215523948,4.624673863027115,15.0,1.0
4.293,0.5508508682250977,0.5508508682250977,1.125274658203125,0.7958963466810153,1.9020204453676683,4.4524279640033075,15.0,1.0
4.2940000000000005,0.5519952774047852,0.5519952774047852,1.2571430206298828,0.7977944395385714,1.8941559030373583,4.32400031441427,15.0,1.0
4.295,0.5535211563110352,0.5535211563110352,1.2835159301757812,0.7996846584870897,1.8862726661528768,4.2952092686179135,15.0,1.0
4.296,0.5542840957641602,0.5542840957641602,1.0637359619140625,0.8015669848708767,1.8783708125186536,4.52387818720534,15.0,1.0
4.297,0.5554285049438477,0.5554285049438477,0.9846153259277344,0.8034414001121266,1.870450420122836,4.606028521719286,15.0,1.0
4.298,0.5561914443969727,0.5561914443969727,0.8791217803955078,0.8053078857111219,1.8625115671366075,4.720136406453339,15.0,1.0
4.299,0.5573358535766602,0.5573358535766602,0.9318675994873047,0.8071664232464011,1.854554331912766,4.670145277471575,15.0,1.0
4.3,0.5580987930297852,0.5580987930297852,0.9670333862304688,0.8090169943749471,1.8465787929862358,4.643318426933197,15.0,1.0
4.301,0.5592432022094727,0.5592432022094727,1.1780223846435547,0.8108595808323731,1.8385850290731014,4.434808323773053,15.0,1.0
4.3020000000000005,0.5607690811157227,0.5607690811157227,1.24835205078125,0.8126941644330945,1.8305731190679921,4.36109731804732,15.0,1.0
4.303,0.5619134902954102,0.5619134902954102,1.213186264038086,0.8145207270705087,1.822543142045106,4.398465429633498,15.0,1.0
4.304,0.5626764297485352,0.5626764297485352,0.9758243560791016,0.8163392507171843,1.814495177257072,4.6436131357077075,15.0,1.0
4.305,0.5638208389282227,0.5638208389282227,0.9142856597900391,0.8181497174250225,1.8064293041343262,4.707076821796285,15.0,1.0
4.306,0.5645837783813477,0.5645837783813477,0.7736263275146484,0.8199521093254524,1.7983456022831774,4.8552442389301,15.0,1.0
4.307,0.5653467178344727,0.5653467178344727,0.8263740539550781,0.8217464086295901,1.7902441514875704,4.809865459459255,15.0,1.0
4.308,0.5661096572875977,0.5661096572875977,0.8351650238037109,0.8235325976284272,1.7821250317048225,4.8083041130135555,15.0,1.0
4.309,0.5672540664672852,0.5672540664672852,0.9582424163818359,0.8253106586929992,1.7739883230669875,4.686594790070863,15.0,1.0
4.3100000000000005,0.5683984756469727,0.5683984756469727,1.125274658203125,0.8270805742745624,1.765834105881254,4.520790927091975,15.0,1.0
4.311,0.5695428848266602,0.5695428848266602,1.160440444946289,0.8288423269047615,1.7576624606255677,4.486713646850799,15.0,1.0
4.312,0.5703058242797852,0.5703058242797852,1.002197265625,0.830595899195813,1.7494734679507928,4.65162732606621,15.0,1.0
4.313,0.5714502334594727,0.5714502334594727,0.8791217803955078,0.8323412738406627,1.7412672086794032,4.775511034001746,15.0,1.0
4.314,0.5722131729125977,0.5722131729125977,0.8351650238037109,0.8340784336131714,1.7330437638032095,4.8258576505081034,15.0,1.0
4.315,0.5729761123657227,0.5729761123657227,0.7208786010742188,0.8358073613682703,1.7248032144847798,4.946393348448775,15.0,1.0
4.316,0.5737390518188477,0.5737390518188477,0.7999992370605469,0.8375280400421407,1.7165456420558485,4.873381228344696,15.0,1.0
4.317,0.5745019912719727,0.5745019912719727,0.8175830841064453,0.8392404526523816,1.7082711280140188,4.861764964613707,15.0,1.0
4.3180000000000005,0.5756464004516602,0.5756464004516602,0.9494514465332031,0.8409445822981698,1.6999797540252644,4.730001035189706,15.0,1.0
4.319,0.5764093399047852,0.5764093399047852,1.125274658203125,0.8426404121604318,1.6916716019230762,4.559863027554652,15.0,1.0
4.32,0.5779352188110352,0.5779352188110352,1.160440444946289,0.8443279255020155,1.6833467537050524,4.518796909123469,15.0,1.0
4.321,0.5786981582641602,0.5786981582641602,1.0197811126708984,0.8460071056678417,1.6750052915342053,4.664858389918529,15.0,1.0
4.322,0.5794610977172852,0.5794610977172852,0.8439559936523438,0.8476779360850835,1.6666472977369722,4.845943879601603,15.0,1.0
4.323,0.5806055068969727,0.5806055068969727,0.8087921142578125,0.8493404002633167,1.6582728548038972,4.8805041410412455,15.0,1.0
4.324,0.5809869766235352,0.5809869766235352,0.6681327819824219,0.850994481794691,1.649882045387983,5.031861840972898,15.0,1.0
4.325,0.5817499160766602,0.5817499160766602,0.7296695709228516,0.8526401643540922,1.6414749523019054,4.975159105540534,15.0,1.0
4.3260000000000005,0.5825128555297852,0.5825128555297852,0.7032966613769531,0.8542774316992959,1.633051658520401,5.00622363968611,15.0,1.0
4.327,0.5832757949829102,0.5832757949829102,0.7912082672119141,0.8559062676711328,1.6246122471787316,4.922861070290157,15.0,1.0
4.328,0.5844202041625977,0.5844202041625977,0.9758243560791016,0.8575266561936529,1.6161568015697299,4.736929225956456,15.0,1.0
4.329,0.5851831436157227,0.5851831436157227,1.0461540222167969,0.859138581274272,1.6076854051453324,4.670862947806776,15.0,1.0
4.33,0.5863275527954102,0.5863275527954102,1.0989017486572266,0.8607420270039431,1.5991981415156147,4.616513505986382,15.0,1.0
4.331,0.5874719619750977,0.5874719619750977,0.9406585693359375,0.8623369775573042,1.5906950944458913,4.773011758843052,15.0,1.0
4.332,0.5882349014282227,0.5882349014282227,0.8263740539550781,0.8639234171928346,1.5821763478576827,4.891130030371784,15.0,1.0
4.333,0.5889978408813477,0.5889978408813477,0.7648353576660156,0.865501330253019,1.573641985827635,4.95635896873669,15.0,1.0
4.3340000000000005,0.5897607803344727,0.5897607803344727,0.6593399047851562,0.8670707011644909,1.5650920925861556,5.065401000251273,15.0,1.0
4.335,0.5905237197875977,0.5905237197875977,0.7120876312255859,0.8686315144381911,1.5565267525174704,5.016056041050786,15.0,1.0
4.336,0.5909051895141602,0.5909051895141602,0.6857147216796875,0.8701837546695255,1.5479460501588278,5.0514098058096195,15.0,1.0
4.337,0.5916681289672852,0.5916681289672852,0.7296695709228516,0.8717274065385086,1.5393500701973721,5.0105696628428715,15.0,1.0
4.338,0.5928125381469727,0.5928125381469727,0.9142856597900391,0.8732624548099197,1.5307388974717924,4.823201987625959,15.0,1.0
4.339,0.5935754776000977,0.5935754776000977,0.9230766296386719,0.8747888843334531,1.5221126169717536,4.817237088333414,15.0,1.0
4.34,0.5947208404541016,0.5947208404541016,0.9846153259277344,0.876306680043863,1.5134713138345433,4.752643581753231,15.0,1.0
4.341,0.5954837799072266,0.5954837799072266,0.8439559936523438,0.8778158269611218,1.504815073346549,4.895839785502634,15.0,1.0
4.3420000000000005,0.5962467193603516,0.5962467193603516,0.7384624481201172,0.8793163101905571,1.4961439809409853,5.0037253952739515,15.0,1.0
4.343,0.5970096588134766,0.5970096588134766,0.6857147216796875,0.8808081149230036,1.4874581221982908,5.058720242161509,15.0,1.0
4.344,0.5973911285400391,0.5973911285400391,0.5890102386474609,0.8822912264349532,1.478757582844878,5.163248812621129,15.0,1.0
4.345,0.5981540679931641,0.5981540679931641,0.5714282989501953,0.8837656300886932,1.470042448751144,5.182787581233886,15.0,1.0
4.346,0.5985355377197266,0.5985355377197266,0.5714282989501953,0.8852313113324549,1.4613128059312999,5.19032111117203,15.0,1.0
4.347,0.5992984771728516,0.5992984771728516,0.5538463592529297,0.8866882557005569,1.4525687405446206,5.20956905920727,15.0,1.0
4.348,0.5996799468994141,0.5996799468994141,0.6065940856933594,0.888136448813544,1.4438103388908985,5.164063781909489,15.0,1.0
4.349,0.6004428863525391,0.6004428863525391,0.6769237518310547,0.8895758763783382,1.4350376874115227,5.095108785967455,15.0,1.0
4.3500000000000005,0.6012058258056641,0.6012058258056641,0.8263740539550781,0.891006524188368,1.426250872689991,4.946887294475472,15.0,1.0
4.351,0.6019687652587891,0.6019687652587891,0.8087921142578125,0.892428378123718,1.417449981448101,4.965552060164223,15.0,1.0
4.352,0.6031131744384766,0.6031131744384766,0.8879127502441406,0.8938414241512638,1.4086351005464621,4.88164609599413,15.0,1.0
4.353,0.6038761138916016,0.6038761138916016,0.7999992370605469,0.8952456483248108,1.3998063169861439,4.9703500964237355,15.0,1.0
4.354,0.6042575836181641,0.6042575836181641,0.7032966613769531,0.8966410367852357,1.3909637179021956,5.073418854031316,15.0,1.0
4.355,0.6050205230712891,0.6050205230712891,0.6857147216796875,0.8980275757606161,1.382107390567569,5.091498459227787,15.0,1.0
4.356,0.6057834625244141,0.6057834625244141,0.5890102386474609,0.8994052515663706,1.3732374223913553,5.1885540193732425,15.0,1.0
4.357,0.6061649322509766,0.6061649322509766,0.5802192687988281,0.9007740506053984,1.3643539009158872,5.203271407433387,15.0,1.0
4.358,0.6069278717041016,0.6069278717041016,0.5626373291015625,0.9021339593682023,1.3554569138181591,5.220910899678108,15.0,1.0
4.359,0.6073093414306641,0.6073093414306641,0.5450553894042969,0.9034849644330343,1.3465465489081794,5.2441255045394355,15.0,1.0
4.36,0.6080722808837891,0.6080722808837891,0.5538463592529297,0.9048270524660196,1.3376228941275485,5.235098108608076,15.0,1.0
4.361,0.6084537506103516,0.6084537506103516,0.6153850555419922,0.9061602102212891,1.3286860375488914,5.1788978761709625,15.0,1.0
4.362,0.6092166900634766,0.6092166900634766,0.7296695709228516,0.9074844245411169,1.319736067375345,5.064082513617098,15.0,1.0
4.363,0.6099796295166016,0.6099796295166016,0.7208786010742188,0.9087996823560407,1.3107730719393658,5.072195263456734,15.0,1.0
4.364,0.6107425689697266,0.6107425689697266,0.7999992370605469,0.9101059706849954,1.3017971397026145,4.992248928371101,15.0,1.0
4.365,0.6115055084228516,0.6115055084228516,0.7648353576660156,0.9114032766354456,1.29280835925357,5.026439524776466,15.0,1.0
4.366,0.6122684478759766,0.6122684478759766,0.6593399047851562,0.9126915874035024,1.283806819307756,5.130814007435488,15.0,1.0
4.367,0.6130313873291016,0.6130313873291016,0.6153850555419922,0.9139708902740608,1.27479260870723,5.173500097339626,15.0,1.0
4.368,0.6134128570556641,0.6134128570556641,0.5802192687988281,0.9152411726209178,1.2657658164183658,5.212971281098343,15.0,1.0
4.369,0.6137943267822266,0.6137943267822266,0.5186805725097656,0.9165024219068973,1.2567265315318537,5.27866738589215,15.0,1.0
4.37,0.6145572662353516,0.6145572662353516,0.4483509063720703,0.9177546256839811,1.2476748432619047,5.347284328619278,15.0,1.0
4.371,0.6149387359619141,0.6149387359619141,0.4923076629638672,0.918997771593422,1.2386108409446024,5.307188712453354,15.0,1.0
4.372,0.6153202056884766,0.6153202056884766,0.4395599365234375,0.9202318473658702,1.2295346140383572,5.363649302675824,15.0,1.0
4.373,0.6157016754150391,0.6157016754150391,0.4483509063720703,0.9214568408214983,1.220446252122258,5.358422826847075,15.0,1.0
4.374,0.6160831451416016,0.6160831451416016,0.4483509063720703,0.9226727398701146,1.2113458448942538,5.361838859449878,15.0,1.0
4.375,0.6168460845947266,0.6168460845947266,0.5010986328125,0.9238795325112864,1.2022334821714367,5.306636568107335,15.0,1.0
4.376,0.6172275543212891,0.6172275543212891,0.5802192687988281,0.9250772068344583,1.1931092538899861,5.230634772788696,15.0,1.0
4.377,0.6179904937744141,0.6179904937744141,0.6417579650878906,0.9262657510190662,1.183973250101758,5.166344143683649,15.0,1.0
4.378,0.6183719635009766,0.6183719635009766,0.5978031158447266,0.9274451533346614,1.1748255609751936,5.21312029263574,15.0,1.0
4.3790000000000004,0.6191349029541016,0.6191349029541016,0.6769237518310547,0.9286154021410173,1.1656662767950365,5.130950012767719,15.0,1.0
4.38,0.6198978424072266,0.6198978424072266,0.6417579650878906,0.9297764858882513,1.156495487959262,5.1629171750867435,15.0,1.0
4.381,0.6202793121337891,0.6202793121337891,0.5714282989501953,0.9309283931169355,1.1473132849794183,5.2356212007764205,15.0,1.0
4.382,0.6210422515869141,0.6210422515869141,0.5274734497070312,0.9320711124582101,1.1381197584815936,5.276079221844002,15.0,1.0
4.383,0.6214237213134766,0.6214237213134766,0.4923076629638672,0.9332046326338983,1.1289149992007879,5.313321006043247,15.0,1.0
4.384,0.6218051910400391,0.6218051910400391,0.4835166931152344,0.9343289424566124,1.1196990979843804,5.324038676117746,15.0,1.0
4.385,0.6221866607666016,0.6221866607666016,0.41318702697753906,0.9354440308298669,1.1104721457902542,5.396145669761696,15.0,1.0
4.386,0.6225681304931641,0.6225681304931641,0.3868141174316406,0.9365498867481925,1.1012342336840675,5.4241464600778535,15.0,1.0
4.3870000000000005,0.6233310699462891,0.6233310699462891,0.40439605712890625,0.9376464992972358,1.091985452840845,5.402320835976139,15.0,1.0
4.388,0.6233310699462891,0.6233310699462891,0.378021240234375,0.9387338576538741,1.0827258945421363,5.435746469921536,15.0,1.0
4.389,0.6237125396728516,0.6237125396728516,0.3692302703857422,0.9398119510863197,1.07345565017539,5.445716550991669,15.0,1.0
4.39,0.6240940093994141,0.6240940093994141,0.3604393005371094,0.9408807689542248,1.0641748112355458,5.455536904020597,15.0,1.0
4.391,0.6244754791259766,0.6244754791259766,0.3868141174316406,0.9419403007087904,1.054883469319691,5.4300416756302585,15.0,1.0
4.392,0.6252384185791016,0.6252384185791016,0.4219779968261719,0.9429905358928649,1.0455817161295613,5.3898854790098385,15.0,1.0
4.393,0.6256198883056641,0.6256198883056641,0.46593475341796875,0.9440314641410494,1.0362696434702343,5.346508527583046,15.0,1.0
4.394,0.6260013580322266,0.6260013580322266,0.5098896026611328,0.945063075179805,1.0269473432476275,5.302983497800172,15.0,1.0
4.3950000000000005,0.6263828277587891,0.6263828277587891,0.4923076629638672,0.9460853588275454,1.017614907469408,5.320845210536886,15.0,1.0
4.396,0.6271457672119141,0.6271457672119141,0.5186805725097656,0.9470983049947438,1.0082724282434015,5.288879922476082,15.0,1.0
4.397,0.6275272369384766,0.6275272369384766,0.5626373291015625,0.948101903684032,0.9989199977751468,5.244902669856916,15.0,1.0
4.398,0.6282901763916016,0.6282901763916016,0.5186805725097656,0.9490961449902939,0.9895577083699436,5.282966664840563,15.0,1.0
4.399,0.6286716461181641,0.6286716461181641,0.4835166931152344,0.9500810191007716,0.980185652429725,5.3178095540536034,15.0,1.0
4.4,0.6290531158447266,0.6290531158447266,0.4395599365234375,0.951056516295154,0.9708039224524896,5.361294992685464,15.0,1.0
4.401,0.6294345855712891,0.6294345855712891,0.4219779968261719,0.9520226269456764,0.961412611032415,5.378255234822054,15.0,1.0
4.402,0.6298160552978516,0.6298160552978516,0.40439605712890625,0.9529793415172185,0.9520118108583802,5.395065047019978,15.0,1.0
4.4030000000000005,0.6301975250244141,0.6301975250244141,0.3868141174316406,0.9539266505673938,0.942601614712089,5.411724380425144,15.0,1.0
4.404,0.6305789947509766,0.6305789947509766,0.35164833068847656,0.9548645447466426,0.9331821154684121,5.445817034714926,15.0,1.0
4.405,0.6309604644775391,0.6309604644775391,0.3076915740966797,0.9557930147983302,0.9237534060937378,5.488550086808925,15.0,1.0
4.406,0.6313419342041016,0.6313419342041016,0.3252754211425781,0.95671205155883,0.9143155796461997,5.469591918824548,15.0,1.0
4.407,0.6317234039306641,0.6317234039306641,0.3076915740966797,0.9576216459576222,0.9048687292728346,5.485650785580527,15.0,1.0
4.408,0.6317234039306641,0.6317234039306641,0.2989006042480469,0.9585217890173763,0.8954129482102076,5.498488120262844,15.0,1.0
4.409,0.6321048736572266,0.6321048736572266,0.29010963439941406,0.9594124718540427,0.8859483297834458,5.5054526683362734,15.0,1.0
4.41,0.6324863433837891,0.6324863433837891,0.28131866455078125,0.9602936856769428,0.8764749674044197,5.512266437250945,15.0,1.0
4.4110000000000005,0.6328678131103516,0.6328678131103516,0.28131866455078125,0.9611654217888521,0.8669929545714581,5.510138420198185,15.0,1.0
4.412,0.6328678131103516,0.6328678131103516,0.29010963439941406,0.9620276715860856,0.8575023848679848,5.5047906276045815,15.0,1.0
4.413,0.6332492828369141,0.6332492828369141,0.3164844512939453,0.9628804265585877,0.848003351961836,5.475986056492996,15.0,1.0
4.414,0.6336307525634766,0.6336307525634766,0.33406639099121094,0.9637236782900093,0.838495949605317,5.455823444512097,15.0,1.0
4.415,0.6340122222900391,0.6340122222900391,0.35164833068847656,0.9645574184577981,0.8289802716320764,5.435509883459985,15.0,1.0
4.416,0.6343936920166016,0.6343936920166016,0.3604393005371094,0.9653816388332739,0.8194564119583561,5.423836313671331,15.0,1.0
4.417,0.6347751617431641,0.6347751617431641,0.34285736083984375,0.9661963312817147,0.8099244645806607,5.438384646819076,15.0,1.0
4.418,0.6351566314697266,0.6351566314697266,0.3076915740966797,0.9670014877624349,0.8003845235752465,5.470365793869192,15.0,1.0
4.4190000000000005,0.6355381011962891,0.6355381011962891,0.3604393005371094,0.9677971003288657,0.7908366830980071,5.414282369549547,15.0,1.0
4.42,0.6359195709228516,0.6359195709228516,0.3604393005371094,0.9685831611286309,0.7812810373820298,5.41079558993161,15.0,1.0
4.421,0.6359195709228516,0.6359195709228516,0.3692302703857422,0.9693596624036295,0.7717176807373676,5.404088782563294,15.0,1.0
4.422,0.6363010406494141,0.6363010406494141,0.3164844512939453,0.9701265964901056,0.7621467075509258,5.453045593867353,15.0,1.0
4.423,0.6366825103759766,0.6366825103759766,0.29010963439941406,0.9708839558187311,0.7525682122839612,5.475480259525865,15.0,1.0
4.424,0.6370639801025391,0.6370639801025391,0.2637367248535156,0.971631732914674,0.7429822894725362,5.497761856801044,15.0,1.0
4.425,0.6370639801025391,0.6370639801025391,0.2549457550048828,0.9723699203976761,0.7333890337263824,5.508032383148556,15.0,1.0
4.426,0.6374454498291016,0.6374454498291016,0.24615478515625,0.9730985109821265,0.7237885397263426,5.512429671865467,15.0,1.0
4.4270000000000005,0.6378269195556641,0.6378269195556641,0.23736190795898438,0.9738174974771292,0.7141809022252801,5.516677663088273,15.0,1.0
4.428,0.6378269195556641,0.6378269195556641,0.22857093811035156,0.974526872786577,0.7045662160473398,5.526494576400682,15.0,1.0
4.429,0.6382083892822266,0.6382083892822266,0.22857093811035156,0.9752266299092236,0.6949445760851063,5.52164724737971,15.0,1.0
4.43,0.6382083892822266,0.6382083892822266,0.21977996826171875,0.9759167619387472,0.6853160773005129,5.531161698886604,15.0,1.0
4.431,0.6385898590087891,0.6385898590087891,0.21098899841308594,0.9765972620638244,0.6756808147229094,5.534802862135352,15.0,1.0
4.432,0.6389713287353516,0.6389713287353516,0.21977996826171875,0.9772681235681935,0.6660388834486071,5.520710837679517,15.0,1.0
4.433,0.6389713287353516,0.6389713287353516,0.1758251190185547,0.9779293398307215,0.6563903786394008,5.564935426051395,15.0,1.0
4.434,0.6389713287353516,0.6389713287353516,0.15824127197265625,0.9785809043254721,0.6467353955220574,5.5826377574012085,15.0,1.0
4.4350000000000005,0.6393527984619141,0.6393527984619141,0.16703224182128906,0.9792228106217661,0.6370740293873496,5.568091969963841,15.0,1.0
4.436,0.6393527984619141,0.6393527984619141,0.1846160888671875,0.9798550523842467,0.6274063755893735,5.550324095557176,15.0,1.0
4.437,0.6397342681884766,0.6397342681884766,0.16703224182128906,0.9804776233729446,0.6177325295435594,5.561850615489291,15.0,1.0
4.438,0.6397342681884766,0.6397342681884766,0.16703224182128906,0.9810905174433339,0.6080525867271831,5.561364083728754,15.0,1.0
4.439,0.6401157379150391,0.6401157379150391,0.15824127197265625,0.9816937285463987,0.5983666426772629,5.5637952301750015,15.0,1.0
4.44,0.6401157379150391,0.6401157379150391,0.16703224182128906,0.9822872507286888,0.5886747929901617,5.554215243373619,15.0,1.0
4.441,0.6401157379150391,0.6401157379150391,0.14065933227539062,0.982871078132379,0.5789771333205636,5.579647904305271,15.0,1.0
4.442,0.6404972076416016,0.6404972076416016,0.1318683624267578,0.9834452049953297,0.5692737593803372,5.581625357259502,15.0,1.0
4.4430000000000005,0.6404972076416016,0.6404972076416016,0.1318683624267578,0.98400962565114,0.5595647669378536,5.580382674654173,15.0,1.0
4.444,0.6404972076416016,0.6404972076416016,0.1318683624267578,0.9845643345292053,0.5498502518170199,5.578988792704319,15.0,1.0
4.445,0.6408786773681641,0.6408786773681641,0.1318683624267578,0.9851093261547739,0.5401303098963126,5.571721679268702,15.0,1.0
4.446,0.6408786773681641,0.6408786773681641,0.123077392578125,0.9856445951489979,0.5304050371075846,5.578816411241967,15.0,1.0
4.447,0.6408786773681641,0.6408786773681641,0.1318683624267578,0.9861701362289887,0.5206745294349275,5.56817804992054,15.0,1.0
4.448,0.6412601470947266,0.6412601470947266,0.1318683624267578,0.9866859442078681,0.510938882915184,5.56045747718555,15.0,1.0
4.449,0.6412601470947266,0.6412601470947266,0.123077392578125,0.987192013994819,0.5011981936349343,5.567098804558197,15.0,1.0
4.45,0.6412601470947266,0.6412601470947266,0.11428642272949219,0.9876883405951378,0.49145255773066765,5.573589037507343,15.0,1.0
4.4510000000000005,0.6416416168212891,0.6416416168212891,0.09670257568359375,0.9881749191102808,0.4817020713880993,5.582999030039381,15.0,1.0
4.452,0.6416416168212891,0.6416416168212891,0.09670257568359375,0.988651744737914,0.47194683084063627,5.580396173906416,15.0,1.0
4.453,0.6416416168212891,0.6416416168212891,0.07912063598632812,0.9891188127719618,0.46218693236835406,5.5952242356421165,15.0,1.0
4.454,0.6416416168212891,0.6416416168212891,0.07032966613769531,0.9895761186026506,0.4524224722978829,5.60111033288061,15.0,1.0
4.455,0.6420230865478516,0.6420230865478516,0.0615386962890625,0.9900236577165574,0.4426535470001909,5.601123418241716,15.0,1.0
4.456,0.6420230865478516,0.6420230865478516,0.05274772644042969,0.9904614256966513,0.43288025289058396,5.6067076136821505,15.0,1.0
4.457,0.6420230865478516,0.6420230865478516,0.0615386962890625,0.9908894182223386,0.42310268642779647,5.594558965256039,15.0,1.0
4.458,0.6420230865478516,0.6420230865478516,0.03516578674316406,0.9913076310695066,0.4133209441120016,5.617423325193663,15.0,1.0
4.4590000000000005,0.6420230865478516,0.6420230865478516,0.03516578674316406,0.9917160601105629,0.4035351224856072,5.613763939183113,15.0,1.0
4.46,0.6420230865478516,0.6420230865478516,0.026372909545898438,0.9921147013144779,0.39374531813052727,5.618746630084024,15.0,1.0
4.461,0.6420230865478516,0.6420230865478516,0.03516578674316406,0.9925035507468237,0.3839516276677841,5.605992803909203,15.0,1.0
4.462,0.6420230865478516,0.6420230865478516,0.03516578674316406,0.9928826045698135,0.37415414775790623,5.601881131344171,15.0,1.0
4.463,0.6420230865478516,0.6420230865478516,0.026372909545898438,0.9932518590423394,0.36435297509740394,5.606411652968823,15.0,1.0
4.464,0.6420230865478516,0.6420230865478516,0.043956756591796875,0.9936113105200085,0.35454820642013374,5.584414809410691,15.0,1.0
4.465,0.6420230865478516,0.6420230865478516,0.017581939697265625,0.9939609554551796,0.3447399384953087,5.606226032407964,15.0,1.0
4.466,0.6424045562744141,0.6424045562744141,0.026372909545898438,0.9943007903969989,0.33492826812630483,5.58699887041918,15.0,1.0
4.4670000000000005,0.6424045562744141,0.6424045562744141,0.017581939697265625,0.9946308119914324,0.3251132921505473,5.5909251882085576,15.0,1.0
4.468,0.6424045562744141,0.6424045562744141,0.026372909545898438,0.9949510169813001,0.3152951074380326,5.577119108495424,15.0,1.0
4.469,0.6424045562744141,0.6424045562744141,0.008790969848632812,0.9952614022063083,0.3054738108899073,5.589535530019688,15.0,1.0
4.47,0.6424045562744141,0.6424045562744141,0.008790969848632812,0.9955619646030799,0.2956494994387526,5.5842196545201075,15.0,1.0
4.471,0.6424045562744141,0.6424045562744141,-0.008790969848632812,0.9958527012051857,0.2858222700462534,5.59633541385646,15.0,1.0
4.472,0.6424045562744141,0.6424045562744141,0.0,0.9961336091431726,0.275992219703312,5.58192801273469,15.0,1.0
4.473,0.6424045562744141,0.6424045562744141,-0.008790969848632812,0.9964046856445924,0.26615944542874104,5.5849523558300485,15.0,1.0
4.474,0.6424045562744141,0.6424045562744141,0.008790969848632812,0.9966659280340299,0.2563240442677852,5.561453650813389,15.0,1.0
4.4750000000000005,0.6424045562744141,0.6424045562744141,-0.008790969848632812,0.9969173337331281,0.24648611329189407,5.572968745021237,15.0,1.0
4.476,0.6424045562744141,0.6424045562744141,0.0,0.9971589002606138,0.23664574959792617,5.557960909390923,15.0,1.0
4.477,0.6424045562744141,0.6424045562744141,-0.017581939697265625,0.9973906252323237,0.22680305030559111,5.569176024371501,15.0,1.0
4.478,0.6424045562744141,0.6424045562744141,-0.026372909545898438,0.9976125063612251,0.21695811255898434,5.571450273407049,15.0,1.0
4.479,0.6424045562744141,0.6424045562744141,-0.017581939697265625,0.9978245414574415,0.20711103352323335,5.555992750965911,15.0,1.0
4.48,0.6420230865478516,0.6420230865478516,-0.008790969848632812,0.9980267284282717,0.19726191038512297,5.546107508440057,15.0,1.0
4.481,0.6420230865478516,0.6420230865478516,-0.026372909545898438,0.9982190652782118,0.18741084035173117,5.556723430853033,15.0,1.0
4.482,0.6420230865478516,0.6420230865478516,-0.043956756591796875,0.998401550108975,0.1775579206488942,5.567191630657543,15.0,1.0
4.483,0.6420230865478516,0.6420230865478516,-0.017581939697265625,0.9985741811195097,0.16770324852132035,5.533551606793457,15.0,1.0
4.484,0.6420230865478516,0.6420230865478516,-0.026372909545898438,0.9987369566060175,0.1578469212300888,5.534927881648476,15.0,1.0
4.485,0.6420230865478516,0.6420230865478516,-0.03516578674316406,0.99888987496197,0.14798903605355918,5.5361566490085,15.0,1.0
4.486,0.6420230865478516,0.6420230865478516,-0.043956756591796875,0.9990329346781247,0.13812969028515454,5.5372341688310485,15.0,1.0
4.487,0.6420230865478516,0.6420230865478516,-0.043956756591796875,0.9991661343425401,0.12826898123222463,5.529371454744349,15.0,1.0
4.488,0.6420230865478516,0.6420230865478516,-0.05274772644042969,0.9992894726405892,0.11840700621633005,5.530150524047825,15.0,1.0
4.489,0.6420230865478516,0.6420230865478516,-0.05274772644042969,0.9994029483549729,0.1085438625712527,5.521989516118502,15.0,1.0
4.49,0.6416416168212891,0.6416416168212891,-0.05274772644042969,0.9995065603657316,0.0986796476417453,5.519401527248813,15.0,1.0
4.491,0.6416416168212891,0.6416416168212891,-0.0615386962890625,0.9996003076502564,0.08881445878421346,5.519733517507786,15.0,1.0
4.492,0.6416416168212891,0.6416416168212891,-0.07032966613769531,0.9996841892832999,0.0789483933637598,5.519916646431618,15.0,1.0
4.493,0.6416416168212891,0.6416416168212891,-0.07032966613769531,0.999758204436984,0.06908154875446826,5.511160029127589,15.0,1.0
4.494,0.6416416168212891,0.6416416168212891,-0.07912063598632812,0.999822352380809,0.05921402233832396,5.511045691717451,15.0,1.0
4.495,0.6412601470947266,0.6412601470947266,-0.08791160583496094,0.9998766324816606,0.04934591150356482,5.516504798142536,15.0,1.0
4.496,0.6412601470947266,0.6412601470947266,-0.09670257568359375,0.9999210442038161,0.03947731364456786,5.516093345964505,15.0,1.0
4.497,0.6412601470947266,0.6412601470947266,-0.08791160583496094,0.9999555871089498,0.029608326160541765,5.497951532208852,15.0,1.0
4.498,0.6412601470947266,0.6412601470947266,-0.09670257568359375,0.9999802608561371,0.019739046454105846,5.4972433285588576,15.0,1.0
4.499,0.6408786773681641,0.6408786773681641,-0.09670257568359375,0.9999950652018582,0.009869571931517385,5.493317965120523,15.0,1.0
4.5,0.6408786773681641,0.6408786773681641,-0.08791160583496094,1.0,0.0,5.4747314453125,15.0,1.0
4.501,0.6408786773681641,0.6408786773681641,-0.08791160583496094,0.9999950652018582,-0.009869571931517385,5.464787851408856,15.0,1.0
4.502,0.6408786773681641,0.6408786773681641,-0.07912063598632812,0.9999802608561371,-0.019739046454105846,5.445905341851818,15.0,1.0
4.503,0.6408786773681641,0.6408786773681641,-0.09670257568359375,0.9999555871089498,-0.02960832616048492,5.453247895634895,15.0,1.0
4.5040000000000004,0.6404972076416016,0.6404972076416016,-0.08791160583496094,0.9999210442038161,-0.03947731364473839,5.439791840623441,15.0,1.0
4.505,0.6404972076416016,0.6404972076416016,-0.08791160583496094,0.9998766324816606,-0.04934591150350798,5.429257066932339,15.0,1.0
4.506,0.6404972076416016,0.6404972076416016,-0.09670257568359375,0.999822352380809,-0.05921402233832396,5.427365724433381,15.0,1.0
4.507,0.6404972076416016,0.6404972076416016,-0.09670257568359375,0.999758204436984,-0.06908154875446826,5.416535978859863,15.0,1.0
4.508,0.6401157379150391,0.6401157379150391,-0.09670257568359375,0.9996841892832999,-0.07894839336370296,5.4112809528438035,15.0,1.0
4.509,0.6401157379150391,0.6401157379150391,-0.123077392578125,0.9996003076502565,-0.08881445878421346,5.426531479822174,15.0,1.0
4.51,0.6401157379150391,0.6401157379150391,-0.123077392578125,0.9995065603657316,-0.09867964764180215,5.415260081696711,15.0,1.0
4.511,0.6397342681884766,0.6397342681884766,-0.123077392578125,0.9994029483549729,-0.10854386257113902,5.409563732504431,15.0,1.0
4.5120000000000005,0.6397342681884766,0.6397342681884766,-0.123077392578125,0.9992894726405892,-0.11840700621638689,5.397998453143428,15.0,1.0
4.513,0.6397342681884766,0.6397342681884766,-0.1318683624267578,0.9991661343425402,-0.12826898123222463,5.3950773735054876,15.0,1.0
4.514,0.6393527984619141,0.6393527984619141,-0.123077392578125,0.9990329346781247,-0.13812969028521138,5.380149745536073,15.0,1.0
4.515,0.6393527984619141,0.6393527984619141,-0.123077392578125,0.99888987496197,-0.14798903605355918,5.368144504025405,15.0,1.0
4.516,0.6393527984619141,0.6393527984619141,-0.1318683624267578,0.9987369566060175,-0.15784692123003197,5.364783813358277,15.0,1.0
4.517,0.6389713287353516,0.6389713287353516,-0.123077392578125,0.9985741811195098,-0.16770324852132035,5.349416929819178,15.0,1.0
4.518,0.6389713287353516,0.6389713287353516,-0.123077392578125,0.998401550108975,-0.17755792064895104,5.336972792533526,15.0,1.0
4.519,0.6389713287353516,0.6389713287353516,-0.123077392578125,0.9982190652782118,-0.18741084035167432,5.324382600369354,15.0,1.0
4.5200000000000005,0.6385898590087891,0.6385898590087891,-0.123077392578125,0.9980267284282716,-0.19726191038523666,5.317368523485126,15.0,1.0
4.521,0.6385898590087891,0.6385898590087891,-0.1318683624267578,0.9978245414574415,-0.20711103352311966,5.313277565633425,15.0,1.0
4.522,0.6385898590087891,0.6385898590087891,-0.14945030212402344,0.9976125063612252,-0.2169581125589275,5.3178318998516385,15.0,1.0
4.523,0.6382083892822266,0.6382083892822266,-0.14065933227539062,0.9973906252323238,-0.22680305030559111,5.301589821221258,15.0,1.0
4.524,0.6382083892822266,0.6382083892822266,-0.14945030212402344,0.9971589002606139,-0.23664574959781248,5.297062217202021,15.0,1.0
4.525,0.6378269195556641,0.6378269195556641,-0.14945030212402344,0.996917333733128,-0.24648611329212144,5.28932040149386,15.0,1.0
4.526,0.6378269195556641,0.6378269195556641,-0.1758251190185547,0.9966659280340299,-0.25632404426772837,5.302086201926313,15.0,1.0
4.527,0.6378269195556641,0.6378269195556641,-0.1758251190185547,0.9964046856445925,-0.2661594454286842,5.288332164923797,15.0,1.0
4.5280000000000005,0.6374454498291016,0.6374454498291016,-0.21098899841308594,0.9961336091431724,-0.27599221970348253,5.3153191684206655,15.0,1.0
4.529,0.6374454498291016,0.6374454498291016,-0.1934070587158203,0.9958527012051858,-0.28582227004619654,5.283693559310887,15.0,1.0
4.53,0.6370639801025391,0.6370639801025391,-0.21098899841308594,0.99556196460308,-0.2956494994387526,5.292809266482447,15.0,1.0
4.531,0.6366825103759766,0.6366825103759766,-0.21977996826171875,0.9952614022063084,-0.3054738108899073,5.2929895348267895,15.0,1.0
4.532,0.6366825103759766,0.6366825103759766,-0.22857093811035156,0.9949510169813002,-0.3152951074379189,5.287303429752287,15.0,1.0
4.533,0.6363010406494141,0.6363010406494141,-0.24615478515625,0.9946308119914323,-0.32511329215060414,5.29598806313592,15.0,1.0
4.534,0.6363010406494141,0.6363010406494141,-0.24615478515625,0.9943007903969991,-0.33492826812630483,5.281222763243721,15.0,1.0
4.535,0.6359195709228516,0.6359195709228516,-0.2637367248535156,0.9939609554551797,-0.3447399384953087,5.289617554343129,15.0,1.0
4.5360000000000005,0.6355381011962891,0.6355381011962891,-0.27252769470214844,0.9936113105200083,-0.3545482064201906,5.289077628137746,15.0,1.0
4.537,0.6351566314697266,0.6351566314697266,-0.2549457550048828,0.9932518590423395,-0.36435297509729025,5.262021193496786,15.0,1.0
4.538,0.6351566314697266,0.6351566314697266,-0.2637367248535156,0.9928826045698136,-0.37415414775790623,5.255472173596915,15.0,1.0
4.539,0.6347751617431641,0.6347751617431641,-0.22857093811035156,0.9925035507468238,-0.3839516276677841,5.2105451454974645,15.0,1.0
4.54,0.6343936920166016,0.6343936920166016,-0.23736190795898438,0.992114701314478,-0.3937453181304136,5.209431729296718,15.0,1.0
4.541,0.6343936920166016,0.6343936920166016,-0.2637367248535156,0.9917160601105628,-0.4035351224857209,5.220037123777213,15.0,1.0
4.542,0.6340122222900391,0.6340122222900391,-0.27252769470214844,0.9913076310695068,-0.41332094411205844,5.218637882282106,15.0,1.0
4.543,0.6336307525634766,0.6336307525634766,-0.2549457550048828,0.9908894182223387,-0.42310268642779647,5.190723053460018,15.0,1.0
4.5440000000000005,0.6336307525634766,0.6336307525634766,-0.24615478515625,0.990461425696651,-0.4328802528906408,5.165734629263225,15.0,1.0
4.545,0.6332492828369141,0.6332492828369141,-0.21977996826171875,0.9900236577165576,-0.4426535470000772,5.1287420444562954,15.0,1.0
4.546,0.6332492828369141,0.6332492828369141,-0.20219802856445312,0.9895761186026508,-0.45242247229793975,5.094678092752565,15.0,1.0
4.547,0.6328678131103516,0.6328678131103516,-0.1934070587158203,0.9891188127719619,-0.46218693236835406,5.074985121271621,15.0,1.0
4.548,0.6328678131103516,0.6328678131103516,-0.1934070587158203,0.9886517447379142,-0.4719468308405794,5.05821920228868,15.0,1.0
4.549,0.6324863433837891,0.6324863433837891,-0.1934070587158203,0.9881749191102804,-0.48170207138815613,5.047033623225035,15.0,1.0
4.55,0.6324863433837891,0.6324863433837891,-0.1758251190185547,0.987688340595138,-0.4914525577306108,5.012402519458178,15.0,1.0
4.551,0.6321048736572266,0.6321048736572266,-0.1846160888671875,0.9871920139948192,-0.5011981936349343,5.009725000296142,15.0,1.0
4.5520000000000005,0.6321048736572266,0.6321048736572266,-0.1934070587158203,0.9866859442078678,-0.5109388829152977,5.001184234060141,15.0,1.0
4.553,0.6317234039306641,0.6317234039306641,-0.20219802856445312,0.9861701362289889,-0.5206745294348138,4.9982244836045115,15.0,1.0
4.554,0.6317234039306641,0.6317234039306641,-0.22857093811035156,0.9856445951489982,-0.5304050371075846,5.006983769277778,15.0,1.0
4.555,0.6313419342041016,0.6313419342041016,-0.21977996826171875,0.985109326154774,-0.5401303098963126,4.9861605376254925,15.0,1.0
4.556,0.6309604644775391,0.6309604644775391,-0.21977996826171875,0.9845643345292056,-0.5498502518170199,4.973987767219696,15.0,1.0
4.557,0.6309604644775391,0.6309604644775391,-0.22857093811035156,0.9840096256511396,-0.5595647669379105,4.964743588776449,15.0,1.0
4.558,0.6305789947509766,0.6305789947509766,-0.20219802856445312,0.98344520499533,-0.5692737593802235,4.925917422849531,15.0,1.0
4.559,0.6305789947509766,0.6305789947509766,-0.21098899841308594,0.9828710781323792,-0.5789771333205067,4.9163931158136185,15.0,1.0
4.5600000000000005,0.6301975250244141,0.6301975250244141,-0.24615478515625,0.9822872507286886,-0.5886747929902754,4.938825877730093,15.0,1.0
4.561,0.6298160552978516,0.6298160552978516,-0.2549457550048828,0.9816937285463989,-0.5983666426773198,4.934744211055773,15.0,1.0
4.562,0.6298160552978516,0.6298160552978516,-0.27252769470214844,0.9810905174433341,-0.6080525867271831,4.933592040157203,15.0,1.0
4.563,0.6294345855712891,0.6294345855712891,-0.28131866455078125,0.9804776233729449,-0.6177325295435594,4.929231702032059,15.0,1.0
4.564,0.6290531158447266,0.6290531158447266,-0.2989006042480469,0.979855052384247,-0.6274063755893735,4.93352327675148,15.0,1.0
4.565,0.6286716461181641,0.6286716461181641,-0.3076915740966797,0.9792228106217656,-0.6370740293874633,4.92888501226324,15.0,1.0
4.566,0.6286716461181641,0.6286716461181641,-0.3164844512939453,0.9785809043254723,-0.6467353955220005,4.918387928881568,15.0,1.0
4.567,0.6282901763916016,0.6282901763916016,-0.3164844512939453,0.9779293398307217,-0.6563903786392302,4.904681524241518,15.0,1.0
4.5680000000000005,0.6279087066650391,0.6279087066650391,-0.35164833068847656,0.9772681235681934,-0.6660388834487208,4.92600070078707,15.0,1.0
4.569,0.6275272369384766,0.6275272369384766,-0.35164833068847656,0.9765972620638246,-0.6756808147230231,4.9120178928456735,15.0,1.0
4.57,0.6271457672119141,0.6271457672119141,-0.378021240234375,0.9759167619387474,-0.6853160773005129,4.924270083836363,15.0,1.0
4.571,0.6267642974853516,0.6267642974853516,-0.3692302703857422,0.9752266299092238,-0.6949445760851063,4.90122068065872,15.0,1.0
4.572,0.6263828277587891,0.6263828277587891,-0.3252754211425781,0.9745268727865772,-0.7045662160473398,4.842869880512061,15.0,1.0
4.573,0.6260013580322266,0.6260013580322266,-0.3692302703857422,0.9738174974771286,-0.7141809022253938,4.87229145983388,15.0,1.0
4.574,0.6256198883056641,0.6256198883056641,-0.378021240234375,0.9730985109821267,-0.7237885397261152,4.8664120406552,15.0,1.0
4.575,0.6252384185791016,0.6252384185791016,-0.3604393005371094,0.9723699203976764,-0.7333890337262687,4.834022794089464,15.0,1.0
4.5760000000000005,0.6248569488525391,0.6248569488525391,-0.33406639099121094,0.9716317329146738,-0.7429822894727067,4.792705862450525,15.0,1.0
4.577,0.6248569488525391,0.6248569488525391,-0.3076915740966797,0.9708839558187313,-0.752568212284018,4.7455284663055455,15.0,1.0
4.578,0.6244754791259766,0.6244754791259766,-0.28131866455078125,0.9701265964901058,-0.7621467075509258,4.703938717461794,15.0,1.0
4.579,0.6240940093994141,0.6240940093994141,-0.28131866455078125,0.9693596624036297,-0.7717176807373107,4.688585778876705,15.0,1.0
4.58,0.6237125396728516,0.6237125396728516,-0.27252769470214844,0.9685831611286312,-0.7812810373820298,4.664305979156813,15.0,1.0
4.581,0.6237125396728516,0.6237125396728516,-0.29010963439941406,0.9677971003288651,-0.7908366830981777,4.66054136114144,15.0,1.0
4.582,0.6233310699462891,0.6233310699462891,-0.3076915740966797,0.9670014877624352,-0.8003845235751328,4.662363317763739,15.0,1.0
4.583,0.6229496002197266,0.6229496002197266,-0.3252754211425781,0.9661963312817149,-0.8099244645804902,4.664051922491913,15.0,1.0
4.5840000000000005,0.6225681304931641,0.6225681304931641,-0.3252754211425781,0.9653816388332737,-0.8194564119584129,4.64802163428581,15.0,1.0
4.585,0.6221866607666016,0.6221866607666016,-0.2989006042480469,0.9645574184577984,-0.8289802716320764,4.605481697983923,15.0,1.0
4.586,0.6218051910400391,0.6218051910400391,-0.3252754211425781,0.9637236782900096,-0.8384959496053739,4.615556780286762,15.0,1.0
4.587,0.6214237213134766,0.6214237213134766,-0.3692302703857422,0.962880426558588,-0.848003351961836,4.6430774971005775,15.0,1.0
4.588,0.6210422515869141,0.6210422515869141,-0.3692302703857422,0.9620276715860859,-0.8575023848679848,4.626509185505335,15.0,1.0
4.589,0.6206607818603516,0.6206607818603516,-0.39560508728027344,0.9611654217888514,-0.8669929545715149,4.636181731636257,15.0,1.0
4.59,0.6202793121337891,0.6202793121337891,-0.40439605712890625,0.9602936856769432,-0.8764749674042491,4.628136692871969,15.0,1.0
4.591,0.6198978424072266,0.6198978424072266,-0.4219779968261719,0.959412471854043,-0.8859483297835027,4.628749108744915,15.0,1.0
4.5920000000000005,0.6195163726806641,0.6195163726806641,-0.46593475341796875,0.9585217890173756,-0.8954129482103781,4.655603050258264,15.0,1.0
4.593,0.6191349029541016,0.6191349029541016,-0.4923076629638672,0.9576216459576226,-0.904868729272664,4.664740078744018,15.0,1.0
4.594,0.6183719635009766,0.6183719635009766,-0.4835166931152344,0.9567120515588303,-0.9143155796461997,4.644302434336841,15.0,1.0
4.595,0.6179904937744141,0.6179904937744141,-0.41318702697753906,0.9557930147983306,-0.9237534060937946,4.556471436242492,15.0,1.0
4.596,0.6176090240478516,0.6176090240478516,-0.4307689666748047,0.9548645447466428,-0.9331821154681847,4.556419661688489,15.0,1.0
4.597,0.6172275543212891,0.6172275543212891,-0.4483509063720703,0.9539266505673936,-0.9426016147121459,4.556235735351492,15.0,1.0
4.598,0.6168460845947266,0.6168460845947266,-0.40439605712890625,0.9529793415172189,-0.9520118108584938,4.494383100107797,15.0,1.0
4.599,0.6164646148681641,0.6164646148681641,-0.3692302703857422,0.9520226269456767,-0.9614126110324719,4.44118784051596,15.0,1.0
4.6000000000000005,0.6160831451416016,0.6160831451416016,-0.33406639099121094,0.9510565162951532,-0.9708039224525464,4.387863035841939,15.0,1.0
4.601,0.6157016754150391,0.6157016754150391,-0.3252754211425781,0.9500810191007719,-0.9801856524294408,4.3607799239991305,15.0,1.0
4.602,0.6153202056884766,0.6153202056884766,-0.3252754211425781,0.9490961449902944,-0.9895577083699436,4.342356802299902,15.0,1.0
4.603,0.6153202056884766,0.6153202056884766,-0.33406639099121094,0.9481019036840324,-0.9989199977752037,4.326871863149345,15.0,1.0
4.604,0.6149387359619141,0.6149387359619141,-0.35164833068847656,0.9470983049947441,-1.008272428243231,4.325769437937696,15.0,1.0
4.605,0.6145572662353516,0.6145572662353516,-0.378021240234375,0.9460853588275453,-1.0176149074695786,4.333327721647702,15.0,1.0
4.606,0.6141757965087891,0.6141757965087891,-0.3692302703857422,0.9450630751798054,-1.026947343247798,4.305592107203188,15.0,1.0
4.607,0.6137943267822266,0.6137943267822266,-0.3604393005371094,0.9440314641410498,-1.036269643470348,4.277726717449109,15.0,1.0
4.6080000000000005,0.6134128570556641,0.6134128570556641,-0.4483509063720703,0.942990535892864,-1.045581716129675,4.346434372800394,15.0,1.0
4.609,0.6126499176025391,0.6126499176025391,-0.46593475341796875,0.9419403007087908,-1.0548834693194635,4.35040703069228,15.0,1.0
4.61,0.6122684478759766,0.6122684478759766,-0.4923076629638672,0.9408807689542251,-1.0641748112355458,4.35731766790205,15.0,1.0
4.611,0.6118869781494141,0.6118869781494141,-0.5186805725097656,0.93981195108632,-1.0734556501753332,4.364099516388022,15.0,1.0
4.612,0.6111240386962891,0.6111240386962891,-0.5714282989501953,0.9387338576538745,-1.082725894541852,4.402849688772125,15.0,1.0
4.613,0.6107425689697266,0.6107425689697266,-0.6153850555419922,0.9376464992972355,-1.0919854528410156,4.426958557613611,15.0,1.0
4.614,0.6099796295166016,0.6099796295166016,-0.6065940856933594,0.9365498867481928,-1.1012342336841812,4.403913710483048,15.0,1.0
4.615,0.6095981597900391,0.6095981597900391,-0.5538463592529297,0.9354440308298673,-1.1104721457902542,4.331062279060099,15.0,1.0
4.616,0.6088352203369141,0.6088352203369141,-0.5626373291015625,0.9343289424566127,-1.1196990979843235,4.325344062912718,15.0,1.0
4.617,0.6084537506103516,0.6084537506103516,-0.5186805725097656,0.9332046326338987,-1.128914999200731,4.261028803662242,15.0,1.0
4.618,0.6080722808837891,0.6080722808837891,-0.4483509063720703,0.9320711124582105,-1.1381197584815936,4.170213621506798,15.0,1.0
4.619,0.6073093414306641,0.6073093414306641,-0.4219779968261719,0.930928393116936,-1.1473132849794183,4.128950487140832,15.0,1.0
4.62,0.6069278717041016,0.6069278717041016,-0.41318702697753906,0.9297764858882518,-1.1564954879590346,4.099420751780758,15.0,1.0
4.621,0.6065464019775391,0.6065464019775391,-0.4395599365234375,0.9286154021410171,-1.165666276795207,4.104928662180401,15.0,1.0
4.622,0.6061649322509766,0.6061649322509766,-0.46593475341796875,0.9274451533346618,-1.1748255609753642,4.110312508697883,15.0,1.0
4.623,0.6057834625244141,0.6057834625244141,-0.4395599365234375,0.9262657510190666,-1.183973250101758,4.062821013841468,15.0,1.0
4.624,0.6054019927978516,0.6054019927978516,-0.47472572326660156,0.9250772068344587,-1.1931092538899861,4.0767446799257225,15.0,1.0
4.625,0.6046390533447266,0.6046390533447266,-0.5450553894042969,0.9238795325112868,-1.2022334821714367,4.131429094731264,15.0,1.0
4.626,0.6042575836181641,0.6042575836181641,-0.5802192687988281,0.922672739870115,-1.2113458448942538,4.1451007676838385,15.0,1.0
4.627,0.6034946441650391,0.6034946441650391,-0.624176025390625,0.9214568408214987,-1.220446252122258,4.1731627231152615,15.0,1.0
4.628,0.6027317047119141,0.6027317047119141,-0.6593399047851562,0.9202318473658706,-1.229534614038414,4.19230743055609,15.0,1.0
4.6290000000000004,0.6019687652587891,0.6019687652587891,-0.7560443878173828,0.918997771593421,-1.238610840944716,4.2728686418921455,15.0,1.0
4.63,0.6015872955322266,0.6015872955322266,-0.6593399047851562,0.9177546256839816,-1.2476748432617342,4.1541750137997475,15.0,1.0
4.631,0.6008243560791016,0.6008243560791016,-0.6769237518310547,0.9165024219068978,-1.2567265315318537,4.155368207716144,15.0,1.0
4.632,0.6000614166259766,0.6000614166259766,-0.6153850555419922,0.9152411726209182,-1.2657658164183658,4.077315579047751,15.0,1.0
4.633,0.5996799468994141,0.5996799468994141,-0.5274734497070312,0.9139708902740612,-1.27479260870723,3.967044991619508,15.0,1.0
4.634,0.5992984771728516,0.5992984771728516,-0.46593475341796875,0.9126915874035029,-1.283806819307756,3.8830245875699827,15.0,1.0
4.635,0.5985355377197266,0.5985355377197266,-0.45714378356933594,0.9114032766354461,-1.29280835925357,3.8573515080515586,15.0,1.0
4.636,0.5981540679931641,0.5981540679931641,-0.46593475341796875,0.9101059706849959,-1.301797139702785,3.843416154092661,15.0,1.0
4.6370000000000005,0.5977725982666016,0.5977725982666016,-0.5010986328125,0.9087996823560397,-1.3107730719394795,3.855731822214593,15.0,1.0
4.638,0.5973911285400391,0.5973911285400391,-0.45714378356933594,0.9074844245411173,-1.3197360673751746,3.7888071562103356,15.0,1.0
4.639,0.5966281890869141,0.5966281890869141,-0.5450553894042969,0.9061602102212896,-1.3286860375488914,3.8593496688710385,15.0,1.0
4.64,0.5962467193603516,0.5962467193603516,-0.5890102386474609,0.90482705246602,-1.3376228941275485,3.8800923411049393,15.0,1.0
4.641,0.5954837799072266,0.5954837799072266,-0.6417579650878906,0.9034849644330347,-1.3465465489081794,3.915229184066834,15.0,1.0
4.642,0.5947208404541016,0.5947208404541016,-0.7032966613769531,0.9021339593682027,-1.3554569138181591,3.9590365312703115,15.0,1.0
4.643,0.5939579010009766,0.5939579010009766,-0.8263740539550781,0.9007740506053988,-1.3643539009158303,4.064262397105582,15.0,1.0
4.644,0.5931940078735352,0.5931940078735352,-0.7912082672119141,0.8994052515663712,-1.373237422391412,4.0111395002130426,15.0,1.0
4.6450000000000005,0.5924310684204102,0.5924310684204102,-0.7912082672119141,0.8980275757606151,-1.3821073905677395,3.9930484867472487,15.0,1.0
4.646,0.5916681289672852,0.5916681289672852,-0.7208786010742188,0.8966410367852362,-1.390963717902025,3.9045085004414597,15.0,1.0
4.647,0.5909051895141602,0.5909051895141602,-0.6153850555419922,0.8952456483248112,-1.3998063169862007,3.7806856207155572,15.0,1.0
4.648,0.5905237197875977,0.5905237197875977,-0.5626373291015625,0.8938414241512642,-1.408635100546519,3.7037677940100417,15.0,1.0
4.649,0.5897607803344727,0.5897607803344727,-0.5802192687988281,0.8924283781237184,-1.41744998144776,3.7027832541897547,15.0,1.0
4.65,0.5893793106079102,0.5893793106079102,-0.5890102386474609,0.8910065241883677,-1.4262508726900478,3.6871675696642763,15.0,1.0
4.651,0.5886163711547852,0.5886163711547852,-0.5450553894042969,0.8895758763783387,-1.4350376874115796,3.6244102803460203,15.0,1.0
4.652,0.5882349014282227,0.5882349014282227,-0.6593399047851562,0.8881364488135446,-1.4438103388910122,3.714052776673973,15.0,1.0
4.6530000000000005,0.5874719619750977,0.5874719619750977,-0.7120876312255859,0.8866882557005558,-1.452568740544848,3.74776329656261,15.0,1.0
4.654,0.5867090225219727,0.5867090225219727,-0.7648353576660156,0.8852313113324555,-1.4613128059311293,3.781356883892128,15.0,1.0
4.655,0.5855646133422852,0.5855646133422852,-0.9054946899414062,0.8837656300886937,-1.470042448751144,3.9084674923863902,15.0,1.0
4.656,0.5848016738891602,0.5848016738891602,-0.8879127502441406,0.8822912264349537,-1.4787575828448212,3.871498455586223,15.0,1.0
4.657,0.5840387344360352,0.5840387344360352,-0.8791217803955078,0.8808081149230041,-1.4874581221984045,3.843204365501638,15.0,1.0
4.658,0.5832757949829102,0.5832757949829102,-0.7560443878173828,0.879316310190556,-1.496143980941099,3.7005081349909714,15.0,1.0
4.659,0.5825128555297852,0.5825128555297852,-0.6417579650878906,0.8778158269611224,-1.5048150733463785,3.56648746321157,15.0,1.0
4.66,0.5821313858032227,0.5821313858032227,-0.5890102386474609,0.8763066800438635,-1.5134713138347138,3.4881683384223594,15.0,1.0
4.6610000000000005,0.5813684463500977,0.5813684463500977,-0.5978031158447266,0.8747888843334519,-1.5221126169718104,3.4769970686232305,15.0,1.0
4.662,0.5806055068969727,0.5806055068969727,-0.5802192687988281,0.8732624548099203,-1.5307388974715082,3.4393345900215344,15.0,1.0
4.663,0.5802240371704102,0.5802240371704102,-0.6153850555419922,0.8717274065385091,-1.5393500701973721,3.448585525866104,15.0,1.0
4.664,0.5794610977172852,0.5794610977172852,-0.6857147216796875,0.870183754669526,-1.5479460501588278,3.498608525804473,15.0,1.0
4.665,0.5786981582641602,0.5786981582641602,-0.7560443878173828,0.8686315144381916,-1.556526752517641,3.5485179779102145,15.0,1.0
4.666,0.5779352188110352,0.5779352188110352,-0.8967037200927734,0.8670707011644897,-1.5650920925862692,3.668643862808322,15.0,1.0
4.667,0.5767908096313477,0.5767908096313477,-1.0197811126708984,0.8655013302530196,-1.5736419858274644,3.7767969361685125,15.0,1.0
4.668,0.5760278701782227,0.5760278701782227,-0.9582424163818359,0.8639234171928352,-1.5821763478572848,3.694499273743739,15.0,1.0
4.6690000000000005,0.5748834609985352,0.5748834609985352,-0.9142856597900391,0.8623369775573039,-1.5906950944459481,3.635393313725622,15.0,1.0
4.67,0.5741205215454102,0.5741205215454102,-0.7648353576660156,0.8607420270039436,-1.5991981415157852,3.4649597980282323,15.0,1.0
4.671,0.5733575820922852,0.5733575820922852,-0.6857147216796875,0.8591385812742726,-1.6076854051453893,3.364744304264109,15.0,1.0
4.672,0.5729761123657227,0.5729761123657227,-0.6945056915283203,0.8575266561936534,-1.6161568015697867,3.3466070473774954,15.0,1.0
4.673,0.5722131729125977,0.5722131729125977,-0.6417579650878906,0.8559062676711333,-1.6246122471788453,3.27254213928708,15.0,1.0
4.674,0.5714502334594727,0.5714502334594727,-0.74725341796875,0.8542774316992947,-1.6330516585205146,3.356609733045566,15.0,1.0
4.675,0.5706872940063477,0.5706872940063477,-0.7912082672119141,0.8526401643540927,-1.641474952301735,3.379026370126355,15.0,1.0
4.676,0.5695428848266602,0.5695428848266602,-0.9054946899414062,0.8509944817946915,-1.649882045387642,3.4773865990742348,15.0,1.0
4.6770000000000005,0.5687799453735352,0.5687799453735352,-1.0637359619140625,0.8493404002633164,-1.6582728548038972,3.6138699304568833,15.0,1.0
4.678,0.5676355361938477,0.5676355361938477,-1.0285720825195312,0.8476779360850841,-1.6666472977371996,3.5625607831508788,15.0,1.0
4.679,0.5664911270141602,0.5664911270141602,-0.9670333862304688,0.8460071056678422,-1.6750052915342053,3.4847677745014938,15.0,1.0
4.68,0.5657281875610352,0.5657281875610352,-0.7999992370605469,0.8443279255020162,-1.6833467537049955,3.295648552470267,15.0,1.0
4.681,0.5649652481079102,0.5649652481079102,-0.74725341796875,0.8426404121604325,-1.6916716019233036,3.220709276833282,15.0,1.0
4.682,0.5642023086547852,0.5642023086547852,-0.7560443878173828,0.8409445822981685,-1.6999797540254349,3.207198738442698,15.0,1.0
4.683,0.5638208389282227,0.5638208389282227,-0.6857147216796875,0.8392404526523821,-1.7082711280137346,3.1087377995283445,15.0,1.0
4.684,0.5626764297485352,0.5626764297485352,-0.8175830841064453,0.8375280400421413,-1.7165456420555074,3.2238115964550307,15.0,1.0
4.6850000000000005,0.5619134902954102,0.5619134902954102,-0.8879127502441406,0.8358073613682699,-1.7248032144848935,3.2715176018521444,15.0,1.0
4.686,0.5607690811157227,0.5607690811157227,-1.0461540222167969,0.8340784336131719,-1.7330437638034937,3.412750545875042,15.0,1.0
4.687,0.5596246719360352,0.5596246719360352,-1.125274658203125,0.8323412738406634,-1.7412672086793464,3.4747564780932017,15.0,1.0
4.688,0.5588617324829102,0.5588617324829102,-1.1164836883544922,0.8305958991958137,-1.7494734679508497,3.4430227210971953,15.0,1.0
4.689,0.5577173233032227,0.5577173233032227,-0.8879127502441406,0.828842326904762,-1.7576624606257383,3.197125343641493,15.0,1.0
4.69,0.5569543838500977,0.5569543838500977,-0.8087921142578125,0.827080574274561,-1.765834105881254,3.09485086474351,15.0,1.0
4.691,0.5561914443969727,0.5561914443969727,-0.8087921142578125,0.8253106586929999,-1.7739883230667601,3.0715920056314614,15.0,1.0
4.692,0.5554285049438477,0.5554285049438477,-0.7384624481201172,0.8235325976284279,-1.7821250317044814,2.9778988066843395,15.0,1.0
4.6930000000000005,0.5546655654907227,0.5546655654907227,-0.8703289031982422,0.8217464086295898,-1.7902441514876841,3.0862973987935653,15.0,1.0
4.694,0.5535211563110352,0.5535211563110352,-0.9142856597900391,0.819952109325453,-1.7983456022834616,3.1124043527228458,15.0,1.0
4.695,0.5527582168579102,0.5527582168579102,-1.0813179016113281,0.8181497174250232,-1.806429304134383,3.25576110598364,15.0,1.0
4.696,0.5516138076782227,0.5516138076782227,-1.1164836883544922,0.8163392507171848,-1.814495177257072,3.2728701566818525,15.0,1.0
4.697,0.5504693984985352,0.5504693984985352,-1.1164836883544922,0.8145207270705094,-1.8225431420447649,3.2547104748893405,15.0,1.0
4.698,0.5493249893188477,0.5493249893188477,-0.9054946899414062,0.8126941644330941,-1.8305731190681058,3.025459197586996,15.0,1.0
4.699,0.5485620498657227,0.5485620498657227,-0.7912082672119141,0.8108595808323736,-1.838585029073272,2.887086202638407,15.0,1.0
4.7,0.5477991104125977,0.5477991104125977,-0.8175830841064453,0.8090169943749478,-1.8465787929864064,2.8892725505552908,15.0,1.0
4.7010000000000005,0.5470361709594727,0.5470361709594727,-0.7736263275146484,0.8071664232463996,-1.8545543319128797,2.8210257799056735,15.0,1.0
4.702,0.5462732315063477,0.5462732315063477,-0.9054946899414062,0.8053078857111226,-1.8625115671363233,2.9285029358767063,15.0,1.0
4.703,0.5451288223266602,0.5451288223266602,-0.9670333862304688,0.8034414001121273,-1.870450420122836,2.9712716328896396,15.0,1.0
4.704,0.5439844131469727,0.5439844131469727,-1.1516475677490234,0.8015669848708774,-1.8783708125186536,3.137015331088941,15.0,1.0
4.705,0.5428400039672852,0.5428400039672852,-1.1868133544921875,0.7996846584870904,-1.8862726661525926,3.153210506136673,15.0,1.0
4.706,0.5416955947875977,0.5416955947875977,-1.1428565979003906,0.797794439538571,-1.8941559030375288,3.090183366127462,15.0,1.0
4.707,0.5409326553344727,0.5409326553344727,-0.9406585693359375,0.7958963466810159,-1.9020204453678389,2.863093494166248,15.0,1.0
4.708,0.5397882461547852,0.5397882461547852,-0.9142856597900391,0.7939903986478356,-1.9098662155241755,2.8174517316616203,15.0,1.0
4.7090000000000005,0.5390253067016602,0.5390253067016602,-0.8703289031982422,0.7920766142499663,-1.9176931360726144,2.7484053803502206,15.0,1.0
4.71,0.5378808975219727,0.5378808975219727,-1.0109882354736328,0.7901550123756909,-1.9255011297635747,2.869598828515831,15.0,1.0
4.711,0.5367364883422852,0.5367364883422852,-1.0813179016113281,0.7882256119904395,-1.9332901195359113,2.920364636797732,15.0,1.0
4.712,0.5355920791625977,0.5355920791625977,-1.2659339904785156,0.7862884321366196,-1.9410600285150394,3.085319256573805,15.0,1.0
4.713,0.5344476699829102,0.5344476699829102,-1.2835159301757812,0.7843434919334098,-1.948810780015151,3.083142479418125,15.0,1.0
4.714,0.5333032608032227,0.5333032608032227,-1.1340656280517578,0.782390810576588,-1.9565422975397269,2.913836577112511,15.0,1.0
4.715,0.5321588516235352,0.5321588516235352,-0.9230766296386719,0.7804304073383308,-1.9642545047823887,2.6828954605782176,15.0,1.0
4.716,0.5313959121704102,0.5313959121704102,-0.9230766296386719,0.7784623015670236,-1.9719473256259334,2.6571251449619395,15.0,1.0
4.7170000000000005,0.5306320190429688,0.5306320190429688,-0.8703289031982422,0.7764865126870777,-1.9796206841450044,2.5785256237148717,15.0,1.0
4.718,0.5294876098632812,0.5294876098632812,-1.0197811126708984,0.7745030601987342,-1.9872745046071145,2.7077383630955776,15.0,1.0
4.719,0.5283432006835938,0.5283432006835938,-1.160440444946289,0.7725119636778638,-1.9949087114724193,2.82806317838792,15.0,1.0
4.72,0.5268173217773438,0.5268173217773438,-1.3978023529052734,0.7705132427757898,-2.0025232293933755,3.0507179384885887,15.0,1.0
4.721,0.5256729125976562,0.5256729125976562,-1.336263656616211,0.7685069172190774,-2.010117983219459,2.968655742718069,15.0,1.0
4.722,0.5245285034179688,0.5245285034179688,-1.1076927185058594,0.7664930068093495,-2.0176928979926743,2.7194673713838964,15.0,1.0
4.723,0.5233840942382812,0.5233840942382812,-0.9846153259277344,0.7644715314230925,-2.0252478989510223,2.5756789847488815,15.0,1.0
4.724,0.5226211547851562,0.5226211547851562,-0.9494514465332031,0.7624425110114478,-2.0327829115307168,2.513988878396859,15.0,1.0
4.7250000000000005,0.5214767456054688,0.5214767456054688,-1.0197811126708984,0.7604059656000298,-2.040297861363115,2.5634215512261997,15.0,1.0
4.726,0.5203323364257812,0.5203323364257812,-1.0989017486572266,0.7583619152887221,-2.047792674279549,2.6215527573217905,15.0,1.0
4.727,0.5191879272460938,0.5191879272460938,-1.3274726867675781,0.7563103802514711,-2.0552672763091095,2.829042205539129,15.0,1.0
4.728,0.5176620483398438,0.5176620483398438,-1.3890113830566406,0.7542513807361043,-2.0627215936797256,2.8751297753208234,15.0,1.0
4.729,0.5165176391601562,0.5165176391601562,-1.2043952941894531,0.752184937064112,-2.070155552821859,2.6692492099269307,15.0,1.0
4.73,0.5153732299804688,0.5153732299804688,-0.9934062957763672,0.7501110696304591,-2.077569080364526,2.436904810161697,15.0,1.0
4.731,0.5146102905273438,0.5146102905273438,-0.9846153259277344,0.7480297989033834,-2.084962103138764,2.400945848429565,15.0,1.0
4.732,0.5134658813476562,0.5134658813476562,-0.9494514465332031,0.745941145424182,-2.0923345481791102,2.344245859501979,15.0,1.0
4.7330000000000005,0.5123214721679688,0.5123214721679688,-1.1076927185058594,0.7438451298070238,-2.099686342721668,2.4808612403700168,15.0,1.0
4.734,0.5111770629882812,0.5111770629882812,-1.3186817169189453,0.7417417727387393,-2.107017414207121,2.670134948968695,15.0,1.0
4.735,0.5096511840820312,0.5096511840820312,-1.5208797454833984,0.7396310949786099,-2.114327690282778,2.8562507186493002,15.0,1.0
4.736,0.5081253051757812,0.5081253051757812,-1.4065933227539062,0.7375131173581743,-2.1216170987969463,2.7257934066928553,15.0,1.0
4.737,0.5069808959960938,0.5069808959960938,-1.1076927185058594,0.7353878607810164,-2.1288855678067193,2.404911622472979,15.0,1.0
4.738,0.5062179565429688,0.5062179565429688,-1.0549449920654297,0.7332553462225594,-2.1361330255760436,2.324372811683246,15.0,1.0
4.739,0.5050735473632812,0.5050735473632812,-1.0813179016113281,0.7311155947298649,-2.1433594005742975,2.328589211535785,15.0,1.0
4.74,0.5039291381835938,0.5039291381835938,-1.213186264038086,0.7289686274214112,-2.1505646214807257,2.438213981124622,15.0,1.0
4.741,0.5024032592773438,0.5024032592773438,-1.5472526550292969,0.7268144654869039,-2.1577486171825626,2.755672130990136,15.0,1.0
4.742,0.5004959106445312,0.5004959106445312,-1.5472526550292969,0.7246531301870466,-2.1649113167762835,2.7446996313907435,15.0,1.0
4.743,0.49935150146484375,0.49935150146484375,-1.2571430206298828,0.7224846428533499,-2.172052649569366,2.432087491888109,15.0,1.0
4.744,0.49820709228515625,0.49820709228515625,-1.0813179016113281,0.7203090248879084,-2.1791725450805757,2.2336743455720343,15.0,1.0
4.745,0.49744415283203125,0.49744415283203125,-1.037363052368164,0.7181262977631891,-2.1862709330382586,2.161324293297274,15.0,1.0
4.746,0.49629974365234375,0.49629974365234375,-1.1956043243408203,0.7159364830218304,-2.1933477433838675,2.296807671499253,15.0,1.0
4.747,0.49477386474609375,0.49477386474609375,-1.3890113830566406,0.713739602276422,-2.200402906272984,2.4730945397385797,15.0,1.0
4.748,0.49324798583984375,0.49324798583984375,-1.6087913513183594,0.7115356772092849,-2.2074363520738984,2.6756703697860784,15.0,1.0
4.749,0.49172210693359375,0.49172210693359375,-1.4857139587402344,0.7093247295722748,-2.214448011368404,2.535305286952046,15.0,1.0
4.75,0.49057769775390625,0.49057769775390625,-1.1868133544921875,0.7071067811865486,-2.221437814955948,2.213311791025874,15.0,1.0
4.751,0.48943328857421875,0.48943328857421875,-1.125274658203125,0.7048818539423614,-2.228405693849311,2.128597444875953,15.0,1.0
4.752,0.48790740966796875,0.48790740966796875,-1.2307701110839844,0.7026499697988505,-2.2353515792776193,2.2165569337695916,15.0,1.0
4.753,0.48676300048828125,0.48676300048828125,-1.3626365661621094,0.7004111507838066,-2.2422754026886196,2.3250834179063693,15.0,1.0
4.7540000000000004,0.48523712158203125,0.48523712158203125,-1.6175823211669922,0.6981654189934717,-2.2491770957461767,2.5623296865924226,15.0,1.0
4.755,0.48371124267578125,0.48371124267578125,-1.5296707153320312,0.6959127965923148,-2.2560565903339125,2.4566374337461214,15.0,1.0
4.756,0.48256683349609375,0.48256683349609375,-1.1780223846435547,0.6936533058128043,-2.2629138185540683,2.081405650840144,15.0,1.0
4.757,0.48142242431640625,0.48142242431640625,-1.1340656280517578,0.6913869689552071,-2.269748712727676,2.013785084906095,15.0,1.0
4.758,0.48027801513671875,0.48027801513671875,-1.125274658203125,0.6891138083873494,-2.276561205398764,1.9812503515638205,15.0,1.0
4.759,0.47875213623046875,0.47875213623046875,-1.3274726867675781,0.686833846544408,-2.283351229330094,2.1653471121465735,15.0,1.0
4.76,0.47722625732421875,0.47722625732421875,-1.6703300476074219,0.6845471059286898,-2.2901187175060045,2.4900240591684835,15.0,1.0
4.761,0.47570037841796875,0.47570037841796875,-1.6175823211669922,0.6822536091093965,-2.2968636031350798,2.4190171784033283,15.0,1.0
4.7620000000000005,0.47417449951171875,0.47417449951171875,-1.3098907470703125,0.6799533787224181,-2.303585819647253,2.09298811558355,15.0,1.0
4.763,0.47303009033203125,0.47303009033203125,-1.2307701110839844,0.6776464374701026,-2.310285300696819,1.989730017458235,15.0,1.0
4.764,0.47188568115234375,0.47188568115234375,-1.2395610809326172,0.6753328081210249,-2.316961980164592,1.9743060052982426,15.0,1.0
4.765,0.47035980224609375,0.47035980224609375,-1.4065933227539062,0.673012513509774,-2.3236157921522818,2.1227681995568277,15.0,1.0
4.766,0.46883392333984375,0.46883392333984375,-1.6967029571533203,0.6706855765367208,-2.3302466709899363,2.3942310841165395,15.0,1.0
4.767,0.46692562103271484,0.46692562103271484,-1.6000003814697266,0.6683520201677926,-2.336854551234353,2.28454181726154,15.0,1.0
4.768,0.46578121185302734,0.46578121185302734,-1.2659339904785156,0.6660118674342527,-2.343439367667372,1.9259544565295235,15.0,1.0
4.769,0.46463680267333984,0.46463680267333984,-1.2307701110839844,0.6636651414324584,-2.350001055300254,1.866194137170508,15.0,1.0
4.7700000000000005,0.46349239349365234,0.46349239349365234,-1.24835205078125,0.6613118653236506,-2.3565395493709502,1.8591045788602738,15.0,1.0
4.771,0.46196651458740234,0.46196651458740234,-1.4857139587402344,0.6589520623337171,-2.363054785347174,2.077442389587781,15.0,1.0
4.772,0.46005916595458984,0.46005916595458984,-1.7582416534423828,0.6565857557529567,-2.3695466989273655,2.3365938014905208,15.0,1.0
4.773,0.45853328704833984,0.45853328704833984,-1.661539077758789,0.6542129689358629,-2.3760152260389305,2.2207190800327044,15.0,1.0
4.774,0.45700740814208984,0.45700740814208984,-1.292306900024414,0.6518337253008794,-2.3824603028390925,1.8322413545671643,15.0,1.0
4.775,0.45586299896240234,0.45586299896240234,-1.213186264038086,0.6494480483301831,-2.3888818657173942,1.7280801388374032,15.0,1.0
4.776,0.45433712005615234,0.45433712005615234,-1.371429443359375,0.6470559615694452,-2.395279851296209,1.866932214762559,15.0,1.0
4.777,0.45281124114990234,0.45281124114990234,-1.6000003814697266,0.6446574886275911,-2.4016541964297176,2.07603989720534,15.0,1.0
4.7780000000000005,0.45128536224365234,0.45128536224365234,-1.7670326232910156,0.6422526531765842,-2.4080048382066366,2.223537149078357,15.0,1.0
4.779,0.44975948333740234,0.44975948333740234,-1.459341049194336,0.6398414789511785,-2.4143317139473766,1.8962392694536017,15.0,1.0
4.78,0.44861507415771484,0.44861507415771484,-1.2571430206298828,0.6374239897486899,-2.4206347612084187,1.6686419932860894,15.0,1.0
4.781,0.44708919525146484,0.44708919525146484,-1.2307701110839844,0.6350002094287623,-2.426913917782656,1.622521405960791,15.0,1.0
4.782,0.44594478607177734,0.44594478607177734,-1.4505500793457031,0.632570161913125,-2.43316912169621,1.8167615952697078,15.0,1.0
4.783,0.44403743743896484,0.44403743743896484,-1.8197803497314453,0.6301338711853683,-2.4394003112121823,2.1718265447153158,15.0,1.0
4.784,0.44213008880615234,0.44213008880615234,-1.7670326232910156,0.6276913612907012,-2.4456074248319624,2.1048442857272867,15.0,1.0
4.785,0.44060420989990234,0.44060420989990234,-1.3890113830566406,0.6252426563357047,-2.4517904012936924,1.706797678299984,15.0,1.0
4.7860000000000005,0.43945980072021484,0.43945980072021484,-1.3186817169189453,0.6227877804881122,-2.4579491795740864,1.6106522338633198,15.0,1.0
4.787,0.43793392181396484,0.43793392181396484,-1.4769229888916016,0.6203267579765572,-2.4640836988891692,1.748731832441318,15.0,1.0
4.788,0.43602657318115234,0.43602657318115234,-1.74945068359375,0.6178596130903343,-2.4701938986924006,2.0067523835390793,15.0,1.0
4.789,0.43450069427490234,0.43450069427490234,-1.8637371063232422,0.6153863701791731,-2.4762797186789953,2.100742526208308,15.0,1.0
4.79,0.43297481536865234,0.43297481536865234,-1.4769229888916016,0.6129070536529768,-2.4823410987849,1.6935654643715683,15.0,1.0
4.791,0.43144893646240234,0.43144893646240234,-1.336263656616211,0.6104216879816016,-2.4883779791857137,1.5324769502184856,15.0,1.0
4.792,0.43030452728271484,0.43030452728271484,-1.371429443359375,0.607930297694606,-2.4943903002999264,1.5414256992378168,15.0,1.0
4.793,0.42839717864990234,0.42839717864990234,-1.6703300476074219,0.6054329073810022,-2.5003780027900575,1.825487975783862,15.0,1.0
4.7940000000000005,0.42648983001708984,0.42648983001708984,-1.960439682006836,0.6029295416890242,-2.5063410275588467,2.100694329527005,15.0,1.0
4.795,0.42496395111083984,0.42496395111083984,-1.6879119873046875,0.6004202253258851,-2.5122793157530054,1.8074767847773612,15.0,1.0
4.796,0.42343807220458984,0.42343807220458984,-1.3978023529052734,0.5979049830575187,-2.518192808764695,1.4966132069345113,15.0,1.0
4.797,0.42191219329833984,0.42191219329833984,-1.4329662322998047,0.5953838397083564,-2.524081448229879,1.5109594802201745,15.0,1.0
4.798,0.42038631439208984,0.42038631439208984,-1.7230777740478516,0.5928568201610595,-2.529945176030651,1.7801901845517447,15.0,1.0
4.799,0.41847896575927734,0.41847896575927734,-1.9692306518554688,0.5903239493562934,-2.5357839342932493,2.0111214715174603,15.0,1.0
4.8,0.41657161712646484,0.41657161712646484,-1.6791210174560547,0.5877852522924736,-2.5415976653916346,1.7057278795545514,15.0,1.0
4.801,0.41542720794677734,0.41542720794677734,-1.3450546264648438,0.5852407540255107,-2.5473863119481734,1.3448715056976703,15.0,1.0
4.8020000000000005,0.41390132904052734,0.41390132904052734,-1.3450546264648438,0.5826904796685755,-2.553149816830512,1.3237420690550534,15.0,1.0
4.803,0.41237545013427734,0.41237545013427734,-1.661539077758789,0.5801344543918503,-2.558888123154304,1.619036018468079,15.0,1.0
4.804,0.41008663177490234,0.41008663177490234,-2.048351287841797,0.5775727034222673,-2.564601174285599,1.9960411882666724,15.0,1.0
4.805,0.40856075286865234,0.40856075286865234,-1.8285713195800781,0.5750052520432798,-2.5702889138385103,1.7549498933609797,15.0,1.0
4.806,0.40703487396240234,0.40703487396240234,-1.4329662322998047,0.5724321255945909,-2.5759512856770925,1.3379737211055405,15.0,1.0
4.807,0.40550804138183594,0.40550804138183594,-1.459341049194336,0.5698533494719239,-2.58158823391733,1.3429324366283253,15.0,1.0
4.808,0.40360069274902344,0.40360069274902344,-1.7846145629882812,0.5672689491267568,-2.587199702923442,1.65243870573084,15.0,1.0
4.809,0.40169334411621094,0.40169334411621094,-2.048351287841797,0.5646789500660775,-2.5927856373126588,1.9003497397771363,15.0,1.0
4.8100000000000005,0.39978599548339844,0.39978599548339844,-1.7054939270019531,0.5620833778521298,-2.5983459819552195,1.541608680577704,15.0,1.0
4.811,0.39864158630371094,0.39864158630371094,-1.3890113830566406,0.5594822581021678,-2.6038806819713614,1.197740778062132,15.0,1.0
4.812,0.39711570739746094,0.39711570739746094,-1.4417591094970703,0.5568756164881875,-2.609389682736605,1.2287680631213638,15.0,1.0
4.813,0.39520835876464844,0.39520835876464844,-1.7934074401855469,0.5542634787366952,-2.6148729298789704,1.5643613098872784,15.0,1.0
4.814,0.39330101013183594,0.39330101013183594,-2.0747251510620117,0.5516458706284301,-2.6203303692809072,1.8295676892300166,15.0,1.0
4.815,0.39139366149902344,0.39139366149902344,-1.7582416534423828,0.5490228179981317,-2.6257619470799796,1.4969170538490268,15.0,1.0
4.816,0.38986778259277344,0.38986778259277344,-1.5120887756347656,0.5463943467342707,-2.631167609669774,1.2288196280874502,15.0,1.0
4.817,0.38834190368652344,0.38834190368652344,-1.6175823211669922,0.5437604827787927,-2.636547303697057,1.3123137038539747,15.0,1.0
4.8180000000000005,0.38643455505371094,0.38643455505371094,-1.8813190460205078,0.5411212521268748,-2.6419009760662675,1.559718526051698,15.0,1.0
4.819,0.38452720642089844,0.38452720642089844,-1.960439682006836,0.5384766808266608,-2.6472285739396852,1.6224532241535856,15.0,1.0
4.82,0.38300132751464844,0.38300132751464844,-1.5736255645751953,0.5358267949789959,-2.6525300447358973,1.21347753180451,15.0,1.0
4.821,0.38147544860839844,0.38147544860839844,-1.5208797454833984,0.5331716207371896,-2.6578053361313323,1.1385169912839337,15.0,1.0
4.822,0.37956809997558594,0.37956809997558594,-1.7054939270019531,0.5305111843067337,-2.6630543960608293,1.3065857959083407,15.0,1.0
4.823,0.37766075134277344,0.37766075134277344,-1.9780216217041016,0.5278455119450662,-2.6682771727186037,1.5625158580198901,15.0,1.0
4.824,0.37575340270996094,0.37575340270996094,-1.9252738952636719,0.5251746299612972,-2.6734736145588727,1.4931186894748425,15.0,1.0
4.825,0.37422752380371094,0.37422752380371094,-1.5648345947265625,0.522498564715949,-2.6786436702935816,1.110256538116552,15.0,1.0
4.8260000000000005,0.37270164489746094,0.37270164489746094,-1.6439552307128906,0.5198173426207082,-2.683787288895985,1.1669034076656146,15.0,1.0
4.827,0.37079429626464844,0.37079429626464844,-1.916482925415039,0.5171309901381577,-2.688904419601613,1.4226289139160646,15.0,1.0
4.828,0.36888694763183594,0.36888694763183594,-2.0043954849243164,0.5144395337815055,-2.69399501190631,1.4936892652630505,15.0,1.0
4.829,0.36697959899902344,0.36697959899902344,-1.74945068359375,0.5117430001143457,-2.6990590155668883,1.2218426847566954,15.0,1.0
4.83,0.36545372009277344,0.36545372009277344,-1.4945049285888672,0.5090414157503723,-2.704096380605847,0.9442239828470034,15.0,1.0
4.831,0.36392784118652344,0.36392784118652344,-1.6527481079101562,0.5063348073531322,-2.709107057305431,1.0797455431038565,15.0,1.0
4.832,0.36202049255371094,0.36202049255371094,-1.9692306518554688,0.5036232016357621,-2.7140909962114392,1.3791802918747975,15.0,1.0
4.833,0.35973167419433594,0.35973167419433594,-2.065934181213379,0.5009066253607098,-2.7190481481354425,1.464510300573545,15.0,1.0
4.8340000000000005,0.35820579528808594,0.35820579528808594,-1.6703300476074219,0.4981851053394894,-2.723978464151344,1.04604123422713,15.0,1.0
4.835,0.35629844665527344,0.35629844665527344,-1.661539077758789,0.4954586684324078,-2.7288818955989598,1.020060508816845,15.0,1.0
4.836,0.35439109802246094,0.35439109802246094,-1.9428577423095703,0.492727341548292,-2.7337583940856405,1.2841430011113957,15.0,1.0
4.837,0.35248374938964844,0.35248374938964844,-2.1802196502685547,0.48999115164423723,-2.7386079114797326,1.5042227726076538,15.0,1.0
4.838,0.35057640075683594,0.35057640075683594,-1.8549442291259766,0.4872501257253331,-2.743430399918992,1.1616197037344418,15.0,1.0
4.839,0.34905052185058594,0.34905052185058594,-1.5120887756347656,0.4845042908443974,-2.7482258118086804,0.7956694987332571,15.0,1.0
4.84,0.34714317321777344,0.34714317321777344,-1.6879119873046875,0.48175367410171643,-2.752994099818551,0.9540754007452814,15.0,1.0
4.841,0.34523582458496094,0.34523582458496094,-2.1098899841308594,0.4789983026447608,-2.7577352168885625,1.3585919381392948,15.0,1.0
4.8420000000000005,0.34294605255126953,0.34294605255126953,-2.25054931640625,0.47623820366793745,-2.762449116224616,1.4874824669316529,15.0,1.0
4.843,0.34103870391845703,0.34103870391845703,-1.714284896850586,0.4734734044123122,-2.7671357513025896,0.9336696529558242,15.0,1.0
4.844,0.33951282501220703,0.33951282501220703,-1.6879119873046875,0.47070393216533285,-2.7717950758695054,0.8839835187320695,15.0,1.0
4.845,0.33760547637939453,0.33760547637939453,-2.0923080444335938,0.46792981426057384,-2.7764270439372183,1.270746068714065,15.0,1.0
4.846,0.33493518829345703,0.33493518829345703,-2.259340286254883,0.465151078077459,-2.781031609790489,1.4315470232244232,15.0,1.0
4.847,0.33340930938720703,0.33340930938720703,-1.8109893798828125,0.462367751040991,-2.7856087279854194,0.9597572767041525,15.0,1.0
4.848,0.33188343048095703,0.33188343048095703,-1.626373291015625,0.4595798606214888,-2.7901583533462144,0.7516613897773872,15.0,1.0
4.849,0.32997608184814453,0.32997608184814453,-1.8901100158691406,0.4567874343342991,-2.794680440970211,0.9975998621912479,15.0,1.0
4.8500000000000005,0.32768726348876953,0.32768726348876953,-2.3384618759155273,0.4539904997395465,-2.799174946227396,1.4338354734497865,15.0,1.0
4.851,0.32539844512939453,0.32539844512939453,-2.039560317993164,0.45118908444184497,-2.8036418247573636,1.122778082922557,15.0,1.0
4.852,0.32387256622314453,0.32387256622314453,-1.6527481079101562,0.44838321609003234,-2.808081032473723,0.7123268234397506,15.0,1.0
4.853,0.32196521759033203,0.32196521759033203,-1.872528076171875,0.44557292237689816,-2.8124925255654887,0.9141511224048782,15.0,1.0
4.854,0.31967639923095703,0.31967639923095703,-2.259340286254883,0.44275823103890194,-2.816876260491057,1.2886915028829995,15.0,1.0
4.855,0.31738758087158203,0.31738758087158203,-2.118680953979492,0.43993916985591414,-2.821232193984457,1.1357225947600167,15.0,1.0
4.856,0.31586170196533203,0.31586170196533203,-1.5736255645751953,0.4371157666509337,-2.825560283055353,0.5668762518038677,15.0,1.0
4.857,0.31433582305908203,0.31433582305908203,-1.6967029571533203,0.43428804928980397,-2.8298604849866535,0.6661258656274958,15.0,1.0
4.8580000000000005,0.31204700469970703,0.31204700469970703,-2.118680953979492,0.4314560456809585,-2.8341327573374997,1.075683811360765,15.0,1.0
4.859,0.30975818634033203,0.30975818634033203,-2.329669952392578,0.42861978377512966,-2.8383770579432905,1.2742168559712521,15.0,1.0
4.86,0.30823230743408203,0.30823230743408203,-1.7670326232910156,0.42577929156507255,-2.8425933449127,0.6876440403431734,15.0,1.0
4.861,0.30632495880126953,0.30632495880126953,-1.6703300476074219,0.42293459708530495,-2.8467815766333047,0.5726930452346486,15.0,1.0
4.862,0.30441761016845703,0.30441761016845703,-2.0923080444335938,0.4200857284118065,-2.850941711769451,0.9763881063143851,15.0,1.0
4.863,0.30212879180908203,0.30212879180908203,-2.3384618759155273,0.4172327136617641,-2.8550737092612337,1.209946994444525,15.0,1.0
4.864,0.30022144317626953,0.30022144317626953,-1.8549442291259766,0.41437558099328475,-2.859177528328388,0.7080787680528169,15.0,1.0
4.865,0.29869556427001953,0.29869556427001953,-1.582418441772461,0.41151435860510793,-2.8632531284677043,0.4114472283310826,15.0,1.0
4.866,0.29678821563720703,0.29678821563720703,-1.8285713195800781,0.40864907473635004,-2.86730046945371,0.6391837366135134,15.0,1.0
4.867,0.29449939727783203,0.29449939727783203,-2.3912086486816406,0.4057797576662011,-2.8713195113428753,1.1890945431643014,15.0,1.0
4.868,0.29221057891845703,0.29221057891845703,-2.15384578704834,0.40290643571366236,-2.8753102144677882,0.9389734245086316,15.0,1.0
4.869,0.29030323028564453,0.29030323028564453,-1.6791210174560547,0.40002913723726624,-2.879272539441132,0.44573708228924835,15.0,1.0
4.87,0.28877735137939453,0.28877735137939453,-1.8813190460205078,0.3971478906347807,-2.8832064471573347,0.6236706876939653,15.0,1.0
4.871,0.28610706329345703,0.28610706329345703,-2.356043815612793,0.3942627243429496,-2.8871118987892714,1.0912668325659105,15.0,1.0
4.872,0.28419971466064453,0.28419971466064453,-2.2065935134887695,0.3913736668372028,-2.8909888557917895,0.9232139403453543,15.0,1.0
4.873,0.28229236602783203,0.28229236602783203,-1.6439552307128906,0.38848074663136667,-2.8948372799031006,0.3419436598628096,15.0,1.0
4.874,0.2807655334472656,0.2807655334472656,-1.8109893798828125,0.3855839922773973,-2.898657133138272,0.4846091291965158,15.0,1.0
4.875,0.2780952453613281,0.2780952453613281,-2.3912086486816406,0.3826834323650907,-2.902448377797384,1.0575830759406954,15.0,1.0
4.876,0.2758064270019531,0.2758064270019531,-2.382417678833008,0.3797790955218006,-2.9062109764637114,1.0357967301670088,15.0,1.0
4.877,0.2738990783691406,0.2738990783691406,-1.7670326232910156,0.376871010412164,-2.9099448920004534,0.4016667119359125,15.0,1.0
4.878,0.2719917297363281,0.2719917297363281,-1.9076919555664062,0.3739592057378003,-2.9136500875554816,0.523554008033007,15.0,1.0
4.8790000000000004,0.2697029113769531,0.2697029113769531,-2.452747344970703,0.37104371023705107,-2.9173265265613963,1.0555328013107759,15.0,1.0
4.88,0.2674140930175781,0.2674140930175781,-2.3208789825439453,0.3681245526846782,-2.920974172731718,0.9105617048187284,15.0,1.0
4.881,0.2655067443847656,0.2655067443847656,-1.714284896850586,0.3652017618915882,-2.9245929900654914,0.28511716938743326,15.0,1.0
4.882,0.2635993957519531,0.2635993957519531,-1.872528076171875,0.3622753667045479,-2.928182942848707,0.4244846976120895,15.0,1.0
4.883,0.2613105773925781,0.2613105773925781,-2.461538314819336,0.35934539600589144,-2.931743995647963,1.0003165983710725,15.0,1.0
4.884,0.2590217590332031,0.2590217590332031,-2.34725284576416,0.35641187871325003,-2.935276113316945,0.8728285276479186,15.0,1.0
4.885,0.2571144104003906,0.2571144104003906,-1.837362289428711,0.35347484377925825,-2.938779260996,0.3439895291157251,15.0,1.0
4.886,0.2552070617675781,0.2552070617675781,-1.9956035614013672,0.3505343201912587,-2.9422534041096924,0.48325903364688316,15.0,1.0
4.8870000000000005,0.2525367736816406,0.2525367736816406,-2.5494508743286133,0.34759033697103686,-2.945698508371123,1.0295558152984337,15.0,1.0
4.888,0.2502479553222656,0.2502479553222656,-2.2153844833374023,0.3446429231745171,-2.9491145397769856,0.682194461344189,15.0,1.0
4.889,0.24872207641601562,0.24872207641601562,-1.7406597137451172,0.3416921078914835,-2.9525014646121974,0.1827087212649383,15.0,1.0
4.89,0.24681472778320312,0.24681472778320312,-1.8989009857177734,0.3387379202452934,-2.9558592494514073,0.32188962319772063,15.0,1.0
4.891,0.24414443969726562,0.24414443969726562,-2.540658950805664,0.33578038939258126,-2.9591878611528557,0.9560103350825429,15.0,1.0
4.892,0.24185562133789062,0.24185562133789062,-2.2945051193237305,0.33281954452298573,-2.9624872668640876,0.6964767002360694,15.0,1.0
4.893,0.23994827270507812,0.23994827270507812,-1.8109893798828125,0.32985541485885383,-2.96575743402218,0.1938390781672683,15.0,1.0
4.894,0.23804092407226562,0.23804092407226562,-2.013186454772949,0.32688802965494196,-2.9689983303513827,0.37689470816171156,15.0,1.0
4.8950000000000005,0.23537063598632812,0.23537063598632812,-2.5494508743286133,0.32391741819814907,-2.972209923865819,0.9054426836401086,15.0,1.0
4.896,0.23346328735351562,0.23346328735351562,-2.15384578704834,0.320943609807211,-2.9753921828693706,0.4906584409843997,15.0,1.0
4.897,0.23155593872070312,0.23155593872070312,-1.6967029571533203,0.31796663383241097,-2.9785450759524963,0.014318307876441727,15.0,1.0
4.898,0.22964859008789062,0.22964859008789062,-1.9692306518554688,0.31498651965530666,-2.9816685719981706,0.26763102336853883,15.0,1.0
4.899,0.22697830200195312,0.22697830200195312,-2.637362480163574,0.31200329668841525,-2.9847626401792127,0.9279747602812936,15.0,1.0
4.9,0.22468948364257812,0.22468948364257812,-2.241758346557617,0.3090169943749463,-2.987827249957263,0.5188437575858764,15.0,1.0
4.901,0.22316360473632812,0.22316360473632812,-1.7846145629882812,0.3060276421885015,-2.9908623710859956,0.03671275368488591,15.0,1.0
4.902,0.22087478637695312,0.22087478637695312,-2.048351287841797,0.30303526963277494,-2.9938679736118843,0.2868905630672398,15.0,1.0
4.9030000000000005,0.21858501434326172,0.21858501434326172,-2.584615707397461,0.3000399062412757,-2.9968440278696846,0.8095950579979858,15.0,1.0
4.904,0.21629619598388672,0.21629619598388672,-2.057143211364746,0.29704158157703625,-2.9997905044862705,0.26853349077571864,15.0,1.0
4.905,0.21438884735107422,0.21438884735107422,-1.7846145629882812,0.2940403252323038,-3.002707374381714,-0.023320643174989497,15.0,1.0
4.906,0.21248149871826172,0.21248149871826172,-2.1010990142822266,0.29103616682827355,-3.0055946087674954,0.2738244271649086,15.0,1.0
4.907,0.20981121063232422,0.20981121063232422,-2.6813182830810547,0.28802913601476937,-3.008452179148378,0.846134984669354,15.0,1.0
4.908,0.20790386199951172,0.20790386199951172,-2.057143211364746,0.2850192624699748,-3.01128005732005,0.20259416110164175,15.0,1.0
4.909,0.20561504364013672,0.20561504364013672,-1.916482925415039,0.28200657590013,-3.014078215372706,0.04827769394223247,15.0,1.0
4.91,0.20332622528076172,0.20332622528076172,-2.3208789825439453,0.27899110603923,-3.0168466256914996,0.4390055682294698,15.0,1.0
4.9110000000000005,0.20103740692138672,0.20103740692138672,-2.567032814025879,0.275972882648745,-3.019585260952141,0.6714796889841117,15.0,1.0
4.912,0.19913005828857422,0.19913005828857422,-1.9340667724609375,0.2729519355173264,-3.022294094124817,0.01910083676740304,15.0,1.0
4.913,0.19722270965576172,0.19722270965576172,-1.9428577423095703,0.26992829446049593,-3.0249730984749874,0.008468415905596105,15.0,1.0
4.914,0.19455242156982422,0.19455242156982422,-2.5318679809570312,0.26690198932037706,-3.027622247561851,0.5894892496534729,15.0,1.0
4.915,0.19188213348388672,0.19188213348388672,-2.479121208190918,0.26387304996537286,-3.03024151523897,0.5287434401742401,15.0,1.0
4.916,0.18997478485107422,0.18997478485107422,-2.0043954849243164,0.2608415062898971,-3.032830875656657,0.03456543085000252,15.0,1.0
4.917,0.18768596649169922,0.18768596649169922,-2.25054931640625,0.25780738821406024,-3.035390303257529,0.26698033898413653,15.0,1.0
4.918,0.18501567840576172,0.18501567840576172,-2.7164831161499023,0.2547707256833827,-3.037919772781038,0.7248890525331795,15.0,1.0
4.9190000000000005,0.18310832977294922,0.18310832977294922,-2.0835161209106445,0.2517315486684961,-3.0404192592638424,0.07244514508000566,15.0,1.0
4.92,0.18120098114013672,0.18120098114013672,-1.8989009857177734,0.2486898871648557,-3.042888738035515,-0.13165416194695667,15.0,1.0
4.921,0.17853069305419922,0.17853069305419922,-2.373626708984375,0.24564577119242573,-3.045328184723843,0.3350246963339296,15.0,1.0
4.922,0.17586040496826172,0.17586040496826172,-2.742856979370117,0.24259923079540874,-3.0477375752523983,0.6962017915249241,15.0,1.0
4.923,0.17395305633544922,0.17395305633544922,-2.048351287841797,0.2395502960419216,-3.0501168858410352,-0.017807002402152605,15.0,1.0
4.924,0.17204570770263672,0.17204570770263672,-2.039560317993164,0.23649899702372465,-3.052466093007496,-0.04610643519801283,15.0,1.0
4.925,0.16937541961669922,0.16937541961669922,-2.5934066772460938,0.2334453638559073,-3.054785173567197,0.49967066726701814,15.0,1.0
4.926,0.16708660125732422,0.16708660125732422,-2.382417678833008,0.23038942667659093,-3.0570741046300043,0.27488595549200423,15.0,1.0
4.9270000000000005,0.16517925262451172,0.16517925262451172,-1.872528076171875,0.22733121564664524,-3.059332863604851,-0.25452534210097333,15.0,1.0
4.928,0.16289043426513672,0.16289043426513672,-2.1274728775024414,0.22427076094938192,-3.061561428199795,-0.013383650433675509,15.0,1.0
4.929,0.16022014617919922,0.16022014617919922,-2.8043956756591797,0.2212080927902463,-3.0637597764194737,0.6554550984054123,15.0,1.0
4.93,0.15793132781982422,0.15793132781982422,-2.1978025436401367,0.21814324139654367,-3.0659278865661435,0.035053360724785154,15.0,1.0
4.931,0.1560230255126953,0.1560230255126953,-1.9252738952636719,0.21507623701711467,-3.0680657372436144,-0.2569936694136521,15.0,1.0
4.932,0.1537342071533203,0.1537342071533203,-2.3999996185302734,0.2120071099220544,-3.0701733073509843,0.20391985271030055,15.0,1.0
4.933,0.1510639190673828,0.1510639190673828,-2.637362480163574,0.2089358904024134,-3.0722505760868017,0.43319147410223113,15.0,1.0
4.934,0.1491565704345703,0.1491565704345703,-1.9076919555664062,0.20586260876988147,-3.0742975229501326,-0.31601499235405905,15.0,1.0
4.9350000000000005,0.1472492218017578,0.1472492218017578,-1.9076919555664062,0.20278729535651108,-3.076314127737305,-0.33555106884959995,15.0,1.0
4.936,0.1445789337158203,0.1445789337158203,-2.5494508743286133,0.19970998051440755,-3.0783003705463585,0.29811620576106335,15.0,1.0
4.937,0.1422901153564453,0.1422901153564453,-2.4439563751220703,0.19663069461541902,-3.0802562317735322,0.1788088322331436,15.0,1.0
4.938,0.1403827667236328,0.1403827667236328,-1.9340667724609375,0.19354946805086118,-3.0821816921143323,-0.35061439974496933,15.0,1.0
4.939,0.1380939483642578,0.1380939483642578,-2.1802196502685547,0.190466331231191,-3.0840767325674676,-0.11827133929491507,15.0,1.0
4.94,0.1354236602783203,0.1354236602783203,-2.7164831161499023,0.18738131458572418,-3.0859413344284548,0.4099065963325057,15.0,1.0
4.941,0.1331348419189453,0.1331348419189453,-2.136263847351074,0.1842944485623348,-3.087775479293782,-0.18411753229186578,15.0,1.0
4.942,0.1312274932861328,0.1312274932861328,-1.9076919555664062,0.18120576362713728,-3.089579149062118,-0.43221313838064457,15.0,1.0
4.9430000000000005,0.1289386749267578,0.1289386749267578,-2.364834785461426,0.1781152902642085,-3.0913523259308135,0.01113168959237254,15.0,1.0
4.944,0.1262683868408203,0.1262683868408203,-2.769230842590332,0.17502305897527637,-3.093094992399557,0.4074559322076159,15.0,1.0
4.945,0.12397956848144531,0.12397956848144531,-2.0835161209106445,0.17192910027941005,-3.094807131271253,-0.2920480333911373,15.0,1.0
4.946,0.12207221984863281,0.12207221984863281,-2.15384578704834,0.16883344471273456,-3.0964887256450595,-0.24122456563519334,15.0,1.0
4.947,0.11940193176269531,0.11940193176269531,-2.6813182830810547,0.1657361228281206,-3.0981397589247734,0.2781913901376607,15.0,1.0
4.948,0.11673164367675781,0.11673164367675781,-2.356043815612793,0.16263716519488294,-3.099760214816868,-0.055133576432198184,15.0,1.0
4.949,0.11482429504394531,0.11482429504394531,-1.9516487121582031,0.15953660239848758,-3.101350077326501,-0.4790167548501637,15.0,1.0
4.95,0.11253547668457031,0.11253547668457031,-2.3912086486816406,0.1564344650402306,-3.102909330763353,-0.05321585674680829,15.0,1.0
4.9510000000000005,0.10948371887207031,0.10948371887207031,-2.883516311645508,0.1533307837369588,-3.1044379597370693,0.4367843248817658,15.0,1.0
4.952,0.10757637023925781,0.10757637023925781,-2.136263847351074,0.15022558912075717,-3.1059359491608944,-0.32993381858732973,15.0,1.0
4.953,0.10528755187988281,0.10528755187988281,-2.1274728775024414,0.14711891183863768,-3.107403284251731,-0.3524600073679668,15.0,1.0
4.954,0.10261726379394531,0.10261726379394531,-2.7076921463012695,0.1440107825522544,-3.1088399505274964,0.21975497714840964,15.0,1.0
4.955,0.10032844543457031,0.10032844543457031,-2.4175825119018555,0.14090123193758336,-3.110245933807576,-0.08407162436052484,15.0,1.0
4.956,0.09842109680175781,0.09842109680175781,-1.9692306518554688,0.1377902906846372,-3.1116212202151843,-0.5518526601165249,15.0,1.0
4.957,0.09575080871582031,0.09575080871582031,-2.373626708984375,0.13467798949715368,-3.1129657961779316,-0.15543137547355612,15.0,1.0
4.958,0.0930795669555664,0.0930795669555664,-2.8395605087280273,0.131564359092282,-3.114279648424528,0.30255274235423324,15.0,1.0
4.9590000000000005,0.0907907485961914,0.0907907485961914,-2.145054817199707,0.12844943020030256,-3.1155627639892742,-0.40562772272789993,15.0,1.0
4.96,0.0888833999633789,0.0888833999633789,-2.162637710571289,0.12533323356430415,-3.1168151302068523,-0.4074299156216846,15.0,1.0
4.961,0.0862131118774414,0.0862131118774414,-2.7252750396728516,0.12221579993988953,-3.118036734716526,0.14727862589304752,15.0,1.0
4.962,0.0835428237915039,0.0835428237915039,-2.3208789825439453,0.11909716009487178,-3.119227565464179,-0.26503353836971555,15.0,1.0
4.963,0.0816354751586914,0.0816354751586914,-1.916482925415039,0.11597734480896185,-3.12038761069455,-0.6887766405254543,15.0,1.0
4.964,0.0793466567993164,0.0793466567993164,-2.356043815612793,0.1128563848734806,-3.121516858958202,-0.26282712223294624,15.0,1.0
4.965,0.0766763687133789,0.0766763687133789,-2.8043956756591797,0.10973431109104614,-3.1226152991110254,0.17764951221316283,15.0,1.0
4.966,0.0743875503540039,0.0743875503540039,-2.1010990142822266,0.10661115427525922,-3.123682920311019,-0.5392298472099628,15.0,1.0
4.9670000000000005,0.0724802017211914,0.0724802017211914,-2.1274728775024414,0.10348694525042201,-3.1247197120217862,-0.5321456815808857,15.0,1.0
4.968,0.0698099136352539,0.0698099136352539,-2.7340660095214844,0.10036171485121634,-3.125725664011739,0.06661736374918181,15.0,1.0
4.969,0.0671396255493164,0.0671396255493164,-2.3912086486816406,0.09723549392239922,-3.1267007663504387,-0.2840540920725559,15.0,1.0
4.97,0.0656137466430664,0.0656137466430664,-1.8549442291259766,0.09410831331851616,-3.127645009414856,-0.8452822801571329,15.0,1.0
4.971,0.0633249282836914,0.0633249282836914,-2.25054931640625,0.09098020390357019,-3.1285583838860944,-0.46317993318166273,15.0,1.0
4.972,0.060273170471191406,0.060273170471191406,-2.8923072814941406,0.08785119655074188,-3.1294408807483833,0.17653679193901434,15.0,1.0
4.973,0.058365821838378906,0.058365821838378906,-2.1274728775024414,0.0847213221420741,-3.1302924912920744,-0.6074871092342051,15.0,1.0
4.974,0.056077003479003906,0.056077003479003906,-2.0747251510620117,0.0815906115681584,-3.1311132071138985,-0.6736839347145693,15.0,1.0
4.9750000000000005,0.053406715393066406,0.053406715393066406,-2.6549453735351562,0.07845909572784422,-3.13190302011256,-0.10117194155573644,15.0,1.0
4.976,0.051117897033691406,0.051117897033691406,-2.461538314819336,0.07532680552793397,-3.1326619224923107,-0.30798998025933627,15.0,1.0
4.977,0.049210548400878906,0.049210548400878906,-1.916482925415039,0.07219377188286027,-3.133389906763611,-0.8721586291188514,15.0,1.0
4.978,0.046921730041503906,0.046921730041503906,-2.171428680419922,0.06906002571440743,-3.134086965741517,-0.6305838502280421,15.0,1.0
4.979,0.044251441955566406,0.044251441955566406,-2.8307695388793945,0.06592559795137791,-3.1347530925467417,0.02112878626982534,15.0,1.0
4.98,0.041962623596191406,0.041962623596191406,-2.25054931640625,0.06279051952931186,-3.135388280603731,-0.5724205252006744,15.0,1.0
4.981,0.039673805236816406,0.039673805236816406,-2.15384578704834,0.05965482139017115,-3.135992523643683,-0.682431494295022,15.0,1.0
4.982,0.037003517150878906,0.037003517150878906,-2.584615707397461,0.05651853448202517,-3.1365658157047562,-0.2592248483401013,15.0,1.0
4.9830000000000005,0.034714698791503906,0.034714698791503906,-2.5054941177368164,0.05338168975875954,-3.137108151127638,-0.3516091688819871,15.0,1.0
4.984,0.032425880432128906,0.032425880432128906,-2.0219783782958984,0.05024431817977059,-3.137619524559053,-0.8483645800485293,15.0,1.0
4.985,0.0301361083984375,0.0301361083984375,-2.3384618759155273,0.04710645070964212,-3.138099930952478,-0.5450829203688816,15.0,1.0
4.986,0.0274658203125,0.0274658203125,-2.690110206604004,0.04396811831786633,-3.1385493655664796,-0.2009046888819807,15.0,1.0
4.987,0.025177001953125,0.025177001953125,-2.241758346557617,0.04082935197850984,-3.138967823964826,-0.6624242270264364,15.0,1.0
4.988,0.02288818359375,0.02288818359375,-2.2857141494750977,0.03769018266993458,-3.139355302019016,-0.6316111664011497,15.0,1.0
4.989,0.0202178955078125,0.0202178955078125,-2.690110206604004,0.03455064137447251,-3.1397117959032705,-0.2346104012993665,15.0,1.0
4.99,0.0179290771484375,0.0179290771484375,-2.4087915420532227,0.03141075907812873,-3.1400373020991523,-0.5290205311005612,15.0,1.0
4.9910000000000005,0.016021728515625,0.016021728515625,-2.048351287841797,0.028270566770272107,-3.1403318173955608,-0.9082479557340573,15.0,1.0
4.992,0.0133514404296875,0.0133514404296875,-2.4175825119018555,0.0251300954433383,-3.140595338884223,-0.5463330017776057,15.0,1.0
4.993,0.01068115234375,0.01068115234375,-2.75164794921875,0.021989376092504353,-3.1408278639648017,-0.21955655851473643,15.0,1.0
4.994,0.008392333984375,0.008392333984375,-2.171428680419922,0.018848439715409393,-3.141029390342365,-0.8127591239569274,15.0,1.0
4.995,0.006103515625,0.006103515625,-2.34725284576416,0.01570731731182031,-3.1411999160274284,-0.6498900449609636,15.0,1.0
4.996,0.0034332275390625,0.0034332275390625,-2.795604705810547,0.012566039883352437,-3.1413394393375986,-0.2087425483627027,15.0,1.0
4.997,0.0011444091796875,0.0011444091796875,-2.329669952392578,0.009424638433145808,-3.1414479588969773,-0.6875745677025245,15.0,1.0
4.998,-0.000762939453125,-0.000762939453125,-1.9868125915527344,0.006283143965559172,-3.141525473632372,-1.0490216307993752,15.0,1.0
4.999,-0.0034332275390625,-0.0034332275390625,-2.479121208190918,0.0031415874858817566,-3.141556479679157,-0.563813046114075,15.0,1.0
